2025-07-30 08:19:56.202 +05:30 [INF] User profile is available. Using 'C:\Users\Admin\AppData\Local\ASP.NET\DataProtection-Keys' as key repository and Windows DPAPI to encrypt keys at rest.
2025-07-30 08:19:56.929 +05:30 [INF] Now listening on: https://localhost:7165
2025-07-30 08:19:56.930 +05:30 [INF] Now listening on: http://localhost:5008
2025-07-30 08:19:57.780 +05:30 [INF] Application started. Press Ctrl+C to shut down.
2025-07-30 08:19:57.780 +05:30 [INF] Hosting environment: Development
2025-07-30 08:19:57.780 +05:30 [INF] Content root path: C:\Users\Admin\source\repos\AuthNet\AuthNet
2025-07-30 08:19:59.183 +05:30 [INF] Request starting HTTP/1.1 GET https://localhost:7165/api/Sales/DailyProfit - null null
2025-07-30 08:19:59.612 +05:30 [INF] Executing endpoint 'AuthNet.Controllers.SalesController.GetDailyProfit (AuthNet)'
2025-07-30 08:19:59.700 +05:30 [INF] Route matched with {action = "GetDailyProfit", controller = "Sales"}. Executing controller action with signature System.Threading.Tasks.Task`1[Microsoft.AspNetCore.Mvc.IActionResult] GetDailyProfit() on controller AuthNet.Controllers.SalesController (AuthNet).
2025-07-30 08:20:02.069 +05:30 [WRN] No store type was specified for the decimal property 'TotalAmount' on entity type 'Order'. This will cause values to be silently truncated if they do not fit in the default precision and scale. Explicitly specify the SQL server column type that can accommodate all the values in 'OnModelCreating' using 'HasColumnType', specify precision and scale using 'HasPrecision', or configure a value converter using 'HasConversion'.
2025-07-30 08:20:02.070 +05:30 [WRN] No store type was specified for the decimal property 'UnitPrice' on entity type 'OrderItem'. This will cause values to be silently truncated if they do not fit in the default precision and scale. Explicitly specify the SQL server column type that can accommodate all the values in 'OnModelCreating' using 'HasColumnType', specify precision and scale using 'HasPrecision', or configure a value converter using 'HasConversion'.
2025-07-30 08:20:02.071 +05:30 [WRN] No store type was specified for the decimal property 'CostPrice' on entity type 'Product'. This will cause values to be silently truncated if they do not fit in the default precision and scale. Explicitly specify the SQL server column type that can accommodate all the values in 'OnModelCreating' using 'HasColumnType', specify precision and scale using 'HasPrecision', or configure a value converter using 'HasConversion'.
2025-07-30 08:20:02.071 +05:30 [WRN] No store type was specified for the decimal property 'SellPrice' on entity type 'Product'. This will cause values to be silently truncated if they do not fit in the default precision and scale. Explicitly specify the SQL server column type that can accommodate all the values in 'OnModelCreating' using 'HasColumnType', specify precision and scale using 'HasPrecision', or configure a value converter using 'HasConversion'.
2025-07-30 08:20:02.071 +05:30 [WRN] No store type was specified for the decimal property 'TotalAmount' on entity type 'PurchaseOrder'. This will cause values to be silently truncated if they do not fit in the default precision and scale. Explicitly specify the SQL server column type that can accommodate all the values in 'OnModelCreating' using 'HasColumnType', specify precision and scale using 'HasPrecision', or configure a value converter using 'HasConversion'.
2025-07-30 08:20:02.074 +05:30 [WRN] No store type was specified for the decimal property 'UnitPrice' on entity type 'PurchaseOrderItems'. This will cause values to be silently truncated if they do not fit in the default precision and scale. Explicitly specify the SQL server column type that can accommodate all the values in 'OnModelCreating' using 'HasColumnType', specify precision and scale using 'HasPrecision', or configure a value converter using 'HasConversion'.
2025-07-30 08:20:02.074 +05:30 [WRN] No store type was specified for the decimal property 'AfterTaxAmount' on entity type 'Sale'. This will cause values to be silently truncated if they do not fit in the default precision and scale. Explicitly specify the SQL server column type that can accommodate all the values in 'OnModelCreating' using 'HasColumnType', specify precision and scale using 'HasPrecision', or configure a value converter using 'HasConversion'.
2025-07-30 08:20:02.075 +05:30 [WRN] No store type was specified for the decimal property 'DiscountedAmount' on entity type 'Sale'. This will cause values to be silently truncated if they do not fit in the default precision and scale. Explicitly specify the SQL server column type that can accommodate all the values in 'OnModelCreating' using 'HasColumnType', specify precision and scale using 'HasPrecision', or configure a value converter using 'HasConversion'.
2025-07-30 08:20:02.075 +05:30 [WRN] No store type was specified for the decimal property 'PrincipalAmount' on entity type 'Sale'. This will cause values to be silently truncated if they do not fit in the default precision and scale. Explicitly specify the SQL server column type that can accommodate all the values in 'OnModelCreating' using 'HasColumnType', specify precision and scale using 'HasPrecision', or configure a value converter using 'HasConversion'.
2025-07-30 08:20:02.075 +05:30 [WRN] No store type was specified for the decimal property 'TotalAmount' on entity type 'Sale'. This will cause values to be silently truncated if they do not fit in the default precision and scale. Explicitly specify the SQL server column type that can accommodate all the values in 'OnModelCreating' using 'HasColumnType', specify precision and scale using 'HasPrecision', or configure a value converter using 'HasConversion'.
2025-07-30 08:20:02.075 +05:30 [WRN] No store type was specified for the decimal property 'TotalPrice' on entity type 'SaleItem'. This will cause values to be silently truncated if they do not fit in the default precision and scale. Explicitly specify the SQL server column type that can accommodate all the values in 'OnModelCreating' using 'HasColumnType', specify precision and scale using 'HasPrecision', or configure a value converter using 'HasConversion'.
2025-07-30 08:20:02.075 +05:30 [WRN] No store type was specified for the decimal property 'UnitPrice' on entity type 'SaleItem'. This will cause values to be silently truncated if they do not fit in the default precision and scale. Explicitly specify the SQL server column type that can accommodate all the values in 'OnModelCreating' using 'HasColumnType', specify precision and scale using 'HasPrecision', or configure a value converter using 'HasConversion'.
2025-07-30 08:20:02.075 +05:30 [WRN] No store type was specified for the decimal property 'CGST' on entity type 'TaxSetting'. This will cause values to be silently truncated if they do not fit in the default precision and scale. Explicitly specify the SQL server column type that can accommodate all the values in 'OnModelCreating' using 'HasColumnType', specify precision and scale using 'HasPrecision', or configure a value converter using 'HasConversion'.
2025-07-30 08:20:02.075 +05:30 [WRN] No store type was specified for the decimal property 'IGST' on entity type 'TaxSetting'. This will cause values to be silently truncated if they do not fit in the default precision and scale. Explicitly specify the SQL server column type that can accommodate all the values in 'OnModelCreating' using 'HasColumnType', specify precision and scale using 'HasPrecision', or configure a value converter using 'HasConversion'.
2025-07-30 08:20:02.075 +05:30 [WRN] No store type was specified for the decimal property 'SGST' on entity type 'TaxSetting'. This will cause values to be silently truncated if they do not fit in the default precision and scale. Explicitly specify the SQL server column type that can accommodate all the values in 'OnModelCreating' using 'HasColumnType', specify precision and scale using 'HasPrecision', or configure a value converter using 'HasConversion'.
2025-07-30 08:20:02.720 +05:30 [INF] Request starting HTTP/2 GET https://localhost:7165/swagger/index.html - null null
2025-07-30 08:20:03.349 +05:30 [INF] Request finished HTTP/2 GET https://localhost:7165/swagger/index.html - 200 null text/html;charset=utf-8 630.992ms
2025-07-30 08:20:03.485 +05:30 [INF] Request starting HTTP/2 GET https://localhost:7165/_framework/aspnetcore-browser-refresh.js - null null
2025-07-30 08:20:03.630 +05:30 [INF] Request finished HTTP/2 GET https://localhost:7165/_framework/aspnetcore-browser-refresh.js - 200 16499 application/javascript; charset=utf-8 145.5192ms
2025-07-30 08:20:03.632 +05:30 [INF] Request starting HTTP/2 GET https://localhost:7165/_vs/browserLink - null null
2025-07-30 08:20:03.907 +05:30 [INF] Request finished HTTP/2 GET https://localhost:7165/_vs/browserLink - 200 null text/javascript; charset=UTF-8 275.0799ms
2025-07-30 08:20:04.028 +05:30 [INF] Request starting HTTP/2 GET https://localhost:7165/swagger/v1/swagger.json - null null
2025-07-30 08:20:04.152 +05:30 [INF] Request finished HTTP/2 GET https://localhost:7165/swagger/v1/swagger.json - 200 null application/json;charset=utf-8 123.606ms
2025-07-30 08:20:05.609 +05:30 [INF] Executed DbCommand (152ms) [Parameters=[@__date_Date_0='?' (DbType = DateTime2)], CommandType='"Text"', CommandTimeout='30']
SELECT [s].[Id], [s].[ProductId], [s].[ProductName], [s].[Quantity], [s].[SaleId], [s].[TotalPrice], [s].[UnitPrice], [s0].[Id], [s0].[AfterTaxAmount], [s0].[CreatedAt], [s0].[DiscountedAmount], [s0].[InvoiceDate], [s0].[InvoiceNo], [s0].[PrincipalAmount], [s0].[Template], [s0].[TotalAmount]
FROM [SaleItems] AS [s]
INNER JOIN [Sales] AS [s0] ON [s].[SaleId] = [s0].[Id]
WHERE CONVERT(date, [s0].[InvoiceDate]) = @__date_Date_0
2025-07-30 08:20:05.833 +05:30 [INF] Executed DbCommand (17ms) [Parameters=[@__productIds_0='?' (Size = 4000)], CommandType='"Text"', CommandTimeout='30']
SELECT [p].[ProductId], [p].[CategoryId], [p].[CostPrice], [p].[Description], [p].[Name], [p].[ProductCode], [p].[ProductKey], [p].[SellPrice], [p].[SupplierId]
FROM [Products] AS [p]
WHERE [p].[ProductId] IN (
    SELECT [p0].[value]
    FROM OPENJSON(@__productIds_0) WITH ([value] int '$') AS [p0]
)
2025-07-30 08:20:05.848 +05:30 [INF] Executing OkObjectResult, writing value of type 'AuthNet.Models.DTO.DailyProfitDto'.
2025-07-30 08:20:05.919 +05:30 [INF] Executed action AuthNet.Controllers.SalesController.GetDailyProfit (AuthNet) in 6212.0067ms
2025-07-30 08:20:05.920 +05:30 [INF] Executed endpoint 'AuthNet.Controllers.SalesController.GetDailyProfit (AuthNet)'
2025-07-30 08:20:05.939 +05:30 [INF] Request finished HTTP/1.1 GET https://localhost:7165/api/Sales/DailyProfit - 200 null application/json; charset=utf-8 6780.3558ms
2025-07-30 08:20:05.984 +05:30 [INF] Request starting HTTP/1.1 GET https://localhost:7165/api/Sales/CurrentMonthProfit - null null
2025-07-30 08:20:05.996 +05:30 [INF] Executing endpoint 'AuthNet.Controllers.SalesController.GetCurrentMonthProfit (AuthNet)'
2025-07-30 08:20:06.004 +05:30 [INF] Route matched with {action = "GetCurrentMonthProfit", controller = "Sales"}. Executing controller action with signature System.Threading.Tasks.Task`1[Microsoft.AspNetCore.Mvc.IActionResult] GetCurrentMonthProfit() on controller AuthNet.Controllers.SalesController (AuthNet).
2025-07-30 08:20:06.071 +05:30 [INF] Executed DbCommand (7ms) [Parameters=[@__currentYear_0='?' (DbType = Int32), @__currentMonth_1='?' (DbType = Int32)], CommandType='"Text"', CommandTimeout='30']
SELECT [s].[Id], [s].[ProductId], [s].[ProductName], [s].[Quantity], [s].[SaleId], [s].[TotalPrice], [s].[UnitPrice], [s0].[Id], [s0].[AfterTaxAmount], [s0].[CreatedAt], [s0].[DiscountedAmount], [s0].[InvoiceDate], [s0].[InvoiceNo], [s0].[PrincipalAmount], [s0].[Template], [s0].[TotalAmount]
FROM [SaleItems] AS [s]
INNER JOIN [Sales] AS [s0] ON [s].[SaleId] = [s0].[Id]
WHERE DATEPART(year, [s0].[InvoiceDate]) = @__currentYear_0 AND DATEPART(month, [s0].[InvoiceDate]) = @__currentMonth_1
2025-07-30 08:20:06.263 +05:30 [INF] Executed DbCommand (8ms) [Parameters=[@__productIds_0='?' (Size = 4000)], CommandType='"Text"', CommandTimeout='30']
SELECT [p].[ProductId], [p].[CategoryId], [p].[CostPrice], [p].[Description], [p].[Name], [p].[ProductCode], [p].[ProductKey], [p].[SellPrice], [p].[SupplierId]
FROM [Products] AS [p]
WHERE [p].[ProductId] IN (
    SELECT [p0].[value]
    FROM OPENJSON(@__productIds_0) WITH ([value] int '$') AS [p0]
)
2025-07-30 08:20:06.306 +05:30 [INF] Executing OkObjectResult, writing value of type 'AuthNet.Models.DTO.MonthlyProfitDto'.
2025-07-30 08:20:06.311 +05:30 [INF] Executed action AuthNet.Controllers.SalesController.GetCurrentMonthProfit (AuthNet) in 307.2978ms
2025-07-30 08:20:06.312 +05:30 [INF] Executed endpoint 'AuthNet.Controllers.SalesController.GetCurrentMonthProfit (AuthNet)'
2025-07-30 08:20:06.312 +05:30 [INF] Request finished HTTP/1.1 GET https://localhost:7165/api/Sales/CurrentMonthProfit - 200 null application/json; charset=utf-8 328.6689ms
2025-07-30 08:20:06.342 +05:30 [INF] Request starting HTTP/1.1 GET https://localhost:7165/api/Sales/CurrentYearProfit - null null
2025-07-30 08:20:06.346 +05:30 [INF] Executing endpoint 'AuthNet.Controllers.SalesController.GetCurrentYearProfit (AuthNet)'
2025-07-30 08:20:06.352 +05:30 [INF] Route matched with {action = "GetCurrentYearProfit", controller = "Sales"}. Executing controller action with signature System.Threading.Tasks.Task`1[Microsoft.AspNetCore.Mvc.IActionResult] GetCurrentYearProfit() on controller AuthNet.Controllers.SalesController (AuthNet).
2025-07-30 08:20:06.487 +05:30 [INF] Executed DbCommand (8ms) [Parameters=[@__currentYear_0='?' (DbType = Int32)], CommandType='"Text"', CommandTimeout='30']
SELECT [s].[Id], [s].[ProductId], [s].[ProductName], [s].[Quantity], [s].[SaleId], [s].[TotalPrice], [s].[UnitPrice], [s0].[Id], [s0].[AfterTaxAmount], [s0].[CreatedAt], [s0].[DiscountedAmount], [s0].[InvoiceDate], [s0].[InvoiceNo], [s0].[PrincipalAmount], [s0].[Template], [s0].[TotalAmount]
FROM [SaleItems] AS [s]
INNER JOIN [Sales] AS [s0] ON [s].[SaleId] = [s0].[Id]
WHERE DATEPART(year, [s0].[InvoiceDate]) = @__currentYear_0
2025-07-30 08:20:06.498 +05:30 [INF] Executed DbCommand (7ms) [Parameters=[@__productIds_0='?' (Size = 4000)], CommandType='"Text"', CommandTimeout='30']
SELECT [p].[ProductId], [p].[CategoryId], [p].[CostPrice], [p].[Description], [p].[Name], [p].[ProductCode], [p].[ProductKey], [p].[SellPrice], [p].[SupplierId]
FROM [Products] AS [p]
WHERE [p].[ProductId] IN (
    SELECT [p0].[value]
    FROM OPENJSON(@__productIds_0) WITH ([value] int '$') AS [p0]
)
2025-07-30 08:20:06.500 +05:30 [INF] Executing OkObjectResult, writing value of type 'AuthNet.Models.DTO.YearlyProfitDto'.
2025-07-30 08:20:06.502 +05:30 [INF] Executed action AuthNet.Controllers.SalesController.GetCurrentYearProfit (AuthNet) in 150.2107ms
2025-07-30 08:20:06.502 +05:30 [INF] Executed endpoint 'AuthNet.Controllers.SalesController.GetCurrentYearProfit (AuthNet)'
2025-07-30 08:20:06.503 +05:30 [INF] Request finished HTTP/1.1 GET https://localhost:7165/api/Sales/CurrentYearProfit - 200 null application/json; charset=utf-8 161.26ms
2025-07-30 08:20:06.525 +05:30 [INF] Request starting HTTP/1.1 GET https://localhost:7165/api/Products/count - null null
2025-07-30 08:20:06.527 +05:30 [INF] Executing endpoint 'AuthNet.Controllers.ProductsController.GetProductCount (AuthNet)'
2025-07-30 08:20:06.535 +05:30 [INF] Route matched with {action = "GetProductCount", controller = "Products"}. Executing controller action with signature System.Threading.Tasks.Task`1[Microsoft.AspNetCore.Mvc.IActionResult] GetProductCount() on controller AuthNet.Controllers.ProductsController (AuthNet).
2025-07-30 08:20:06.575 +05:30 [INF] Executed DbCommand (7ms) [Parameters=[], CommandType='"Text"', CommandTimeout='30']
SELECT COUNT(*)
FROM [Products] AS [p]
2025-07-30 08:20:06.581 +05:30 [INF] Executing OkObjectResult, writing value of type 'System.Int32'.
2025-07-30 08:20:06.585 +05:30 [INF] Executed action AuthNet.Controllers.ProductsController.GetProductCount (AuthNet) in 49.8436ms
2025-07-30 08:20:06.585 +05:30 [INF] Executed endpoint 'AuthNet.Controllers.ProductsController.GetProductCount (AuthNet)'
2025-07-30 08:20:06.586 +05:30 [INF] Request finished HTTP/1.1 GET https://localhost:7165/api/Products/count - 200 null application/json; charset=utf-8 61.1401ms
2025-07-30 08:20:06.598 +05:30 [INF] Request starting HTTP/1.1 GET https://localhost:7165/api/Suppliers/count - null null
2025-07-30 08:20:06.598 +05:30 [INF] Executing endpoint 'AuthNet.Controllers.SuppliersController.GetSupplierCount (AuthNet)'
2025-07-30 08:20:06.603 +05:30 [INF] Route matched with {action = "GetSupplierCount", controller = "Suppliers"}. Executing controller action with signature System.Threading.Tasks.Task`1[Microsoft.AspNetCore.Mvc.IActionResult] GetSupplierCount() on controller AuthNet.Controllers.SuppliersController (AuthNet).
2025-07-30 08:20:06.614 +05:30 [INF] Executed DbCommand (4ms) [Parameters=[], CommandType='"Text"', CommandTimeout='30']
SELECT COUNT(*)
FROM [Suppliers] AS [s]
2025-07-30 08:20:06.614 +05:30 [INF] Executing OkObjectResult, writing value of type 'System.Int32'.
2025-07-30 08:20:06.615 +05:30 [INF] Executed action AuthNet.Controllers.SuppliersController.GetSupplierCount (AuthNet) in 11.7853ms
2025-07-30 08:20:06.615 +05:30 [INF] Executed endpoint 'AuthNet.Controllers.SuppliersController.GetSupplierCount (AuthNet)'
2025-07-30 08:20:06.615 +05:30 [INF] Request finished HTTP/1.1 GET https://localhost:7165/api/Suppliers/count - 200 null application/json; charset=utf-8 17.7257ms
2025-07-30 08:20:06.633 +05:30 [INF] Request starting HTTP/1.1 GET https://localhost:7165/api/Categories/count - null null
2025-07-30 08:20:06.634 +05:30 [INF] Executing endpoint 'AuthNet.Controllers.CategoriesController.GetCategoryCount (AuthNet)'
2025-07-30 08:20:06.642 +05:30 [INF] Route matched with {action = "GetCategoryCount", controller = "Categories"}. Executing controller action with signature System.Threading.Tasks.Task`1[Microsoft.AspNetCore.Mvc.IActionResult] GetCategoryCount() on controller AuthNet.Controllers.CategoriesController (AuthNet).
2025-07-30 08:20:06.657 +05:30 [INF] Executed DbCommand (5ms) [Parameters=[], CommandType='"Text"', CommandTimeout='30']
SELECT COUNT(*)
FROM [Categories] AS [c]
2025-07-30 08:20:06.658 +05:30 [INF] Executing OkObjectResult, writing value of type 'System.Int32'.
2025-07-30 08:20:06.659 +05:30 [INF] Executed action AuthNet.Controllers.CategoriesController.GetCategoryCount (AuthNet) in 17.0152ms
2025-07-30 08:20:06.659 +05:30 [INF] Executed endpoint 'AuthNet.Controllers.CategoriesController.GetCategoryCount (AuthNet)'
2025-07-30 08:20:06.659 +05:30 [INF] Request finished HTTP/1.1 GET https://localhost:7165/api/Categories/count - 200 null application/json; charset=utf-8 26.1147ms
2025-07-30 08:20:06.675 +05:30 [INF] Request starting HTTP/1.1 GET https://localhost:7165/api/Orders/count - null null
2025-07-30 08:20:06.676 +05:30 [INF] Executing endpoint 'AuthNet.Controllers.OrdersController.GetOrderCount (AuthNet)'
2025-07-30 08:20:06.682 +05:30 [INF] Route matched with {action = "GetOrderCount", controller = "Orders"}. Executing controller action with signature System.Threading.Tasks.Task`1[Microsoft.AspNetCore.Mvc.IActionResult] GetOrderCount() on controller AuthNet.Controllers.OrdersController (AuthNet).
2025-07-30 08:20:06.698 +05:30 [INF] Executed DbCommand (5ms) [Parameters=[], CommandType='"Text"', CommandTimeout='30']
SELECT COUNT(*)
FROM [Orders] AS [o]
2025-07-30 08:20:06.700 +05:30 [INF] Executing OkObjectResult, writing value of type 'System.Int32'.
2025-07-30 08:20:06.700 +05:30 [INF] Executed action AuthNet.Controllers.OrdersController.GetOrderCount (AuthNet) in 17.3731ms
2025-07-30 08:20:06.700 +05:30 [INF] Executed endpoint 'AuthNet.Controllers.OrdersController.GetOrderCount (AuthNet)'
2025-07-30 08:20:06.701 +05:30 [INF] Request finished HTTP/1.1 GET https://localhost:7165/api/Orders/count - 200 null application/json; charset=utf-8 25.8599ms
2025-07-30 08:20:06.719 +05:30 [INF] Request starting HTTP/1.1 GET https://localhost:7165/api/Customers/count - null null
2025-07-30 08:20:06.720 +05:30 [INF] Executing endpoint 'AuthNet.Controllers.CustomersController.GetCustomerCount (AuthNet)'
2025-07-30 08:20:06.727 +05:30 [INF] Route matched with {action = "GetCustomerCount", controller = "Customers"}. Executing controller action with signature System.Threading.Tasks.Task`1[Microsoft.AspNetCore.Mvc.IActionResult] GetCustomerCount() on controller AuthNet.Controllers.CustomersController (AuthNet).
2025-07-30 08:20:06.742 +05:30 [INF] Executed DbCommand (5ms) [Parameters=[], CommandType='"Text"', CommandTimeout='30']
SELECT COUNT(*)
FROM [Customers] AS [c]
2025-07-30 08:20:06.743 +05:30 [INF] Executing OkObjectResult, writing value of type 'System.Int32'.
2025-07-30 08:20:06.744 +05:30 [INF] Executed action AuthNet.Controllers.CustomersController.GetCustomerCount (AuthNet) in 16.1914ms
2025-07-30 08:20:06.744 +05:30 [INF] Executed endpoint 'AuthNet.Controllers.CustomersController.GetCustomerCount (AuthNet)'
2025-07-30 08:20:06.744 +05:30 [INF] Request finished HTTP/1.1 GET https://localhost:7165/api/Customers/count - 200 null application/json; charset=utf-8 25.9499ms
2025-07-30 08:20:06.769 +05:30 [INF] Request starting HTTP/1.1 GET https://localhost:7165/api/Tasks - null null
2025-07-30 08:20:06.770 +05:30 [INF] Executing endpoint 'AuthNet.Controllers.TasksController.GetTasks (AuthNet)'
2025-07-30 08:20:06.775 +05:30 [INF] Route matched with {action = "GetTasks", controller = "Tasks"}. Executing controller action with signature Microsoft.AspNetCore.Mvc.IActionResult GetTasks() on controller AuthNet.Controllers.TasksController (AuthNet).
2025-07-30 08:20:06.804 +05:30 [INF] Executed DbCommand (5ms) [Parameters=[], CommandType='"Text"', CommandTimeout='30']
SELECT [t].[Id], [t].[Title], [t].[DueDate]
FROM [Tasks] AS [t]
2025-07-30 08:20:06.810 +05:30 [INF] Executing OkObjectResult, writing value of type 'System.Collections.Generic.List`1[[AuthNet.Models.DTO.TaskItemDto, AuthNet, Version=1.0.0.0, Culture=neutral, PublicKeyToken=null]]'.
2025-07-30 08:20:06.816 +05:30 [INF] Executed action AuthNet.Controllers.TasksController.GetTasks (AuthNet) in 41.3197ms
2025-07-30 08:20:06.817 +05:30 [INF] Executed endpoint 'AuthNet.Controllers.TasksController.GetTasks (AuthNet)'
2025-07-30 08:20:06.817 +05:30 [INF] Request finished HTTP/1.1 GET https://localhost:7165/api/Tasks - 200 null application/json; charset=utf-8 47.737ms
2025-07-30 08:20:06.835 +05:30 [INF] Request starting HTTP/1.1 GET https://localhost:7165/api/Settings/Get - null null
2025-07-30 08:20:06.836 +05:30 [INF] Executing endpoint 'AuthNet.Controllers.SettingsController.GetCompanyInfo (AuthNet)'
2025-07-30 08:20:06.842 +05:30 [INF] Route matched with {action = "GetCompanyInfo", controller = "Settings"}. Executing controller action with signature System.Threading.Tasks.Task`1[Microsoft.AspNetCore.Mvc.IActionResult] GetCompanyInfo() on controller AuthNet.Controllers.SettingsController (AuthNet).
2025-07-30 08:20:06.855 +05:30 [WRN] The query uses the 'First'/'FirstOrDefault' operator without 'OrderBy' and filter operators. This may lead to unpredictable results.
2025-07-30 08:20:06.871 +05:30 [INF] Executed DbCommand (5ms) [Parameters=[], CommandType='"Text"', CommandTimeout='30']
SELECT TOP(1) [c].[Id], [c].[Address], [c].[AlternateContactNumber], [c].[ContactNumber], [c].[Email], [c].[GSTIN], [c].[LogoFileExtension], [c].[LogoFilePath], [c].[LogoFileSizeInBytes], [c].[LogoName], [c].[Name], [c].[SignFileExtension], [c].[SignFilePath], [c].[SignFileSizeInBytes], [c].[SignName]
FROM [CompanyInfos] AS [c]
2025-07-30 08:20:06.938 +05:30 [INF] Executing OkObjectResult, writing value of type 'AuthNet.Models.DTO.CompanyInfoResponseDto'.
2025-07-30 08:20:06.943 +05:30 [INF] Executed action AuthNet.Controllers.SettingsController.GetCompanyInfo (AuthNet) in 100.0935ms
2025-07-30 08:20:06.943 +05:30 [INF] Executed endpoint 'AuthNet.Controllers.SettingsController.GetCompanyInfo (AuthNet)'
2025-07-30 08:20:06.943 +05:30 [INF] Request finished HTTP/1.1 GET https://localhost:7165/api/Settings/Get - 200 null application/json; charset=utf-8 108.7237ms
2025-07-30 08:20:07.809 +05:30 [INF] Request starting HTTP/2 GET https://localhost:7165/api/Products/CategoryWiseProductCount - null null
2025-07-30 08:20:07.810 +05:30 [INF] Request starting HTTP/2 GET https://localhost:7165/api/Sales/WeeklyProfit - null null
2025-07-30 08:20:07.813 +05:30 [INF] CORS policy execution successful.
2025-07-30 08:20:07.815 +05:30 [INF] Executing endpoint 'AuthNet.Controllers.SalesController.GetWeeklyProfit (AuthNet)'
2025-07-30 08:20:07.815 +05:30 [INF] CORS policy execution successful.
2025-07-30 08:20:07.815 +05:30 [INF] Executing endpoint 'AuthNet.Controllers.ProductsController.GetCategoryWiseProductCount (AuthNet)'
2025-07-30 08:20:07.821 +05:30 [INF] Route matched with {action = "GetWeeklyProfit", controller = "Sales"}. Executing controller action with signature System.Threading.Tasks.Task`1[Microsoft.AspNetCore.Mvc.IActionResult] GetWeeklyProfit() on controller AuthNet.Controllers.SalesController (AuthNet).
2025-07-30 08:20:07.822 +05:30 [INF] Route matched with {action = "GetCategoryWiseProductCount", controller = "Products"}. Executing controller action with signature System.Threading.Tasks.Task`1[Microsoft.AspNetCore.Mvc.IActionResult] GetCategoryWiseProductCount() on controller AuthNet.Controllers.ProductsController (AuthNet).
2025-07-30 08:20:07.857 +05:30 [INF] Executed DbCommand (11ms) [Parameters=[@__startDate_0='?' (DbType = DateTime2), @__endDate_1='?' (DbType = DateTime2)], CommandType='"Text"', CommandTimeout='30']
SELECT [s].[Id], [s].[ProductId], [s].[ProductName], [s].[Quantity], [s].[SaleId], [s].[TotalPrice], [s].[UnitPrice], [s0].[Id], [s0].[AfterTaxAmount], [s0].[CreatedAt], [s0].[DiscountedAmount], [s0].[InvoiceDate], [s0].[InvoiceNo], [s0].[PrincipalAmount], [s0].[Template], [s0].[TotalAmount]
FROM [SaleItems] AS [s]
INNER JOIN [Sales] AS [s0] ON [s].[SaleId] = [s0].[Id]
WHERE CONVERT(date, [s0].[InvoiceDate]) >= @__startDate_0 AND CONVERT(date, [s0].[InvoiceDate]) <= @__endDate_1
2025-07-30 08:20:07.870 +05:30 [INF] Executed DbCommand (10ms) [Parameters=[@__productIds_0='?' (Size = 4000)], CommandType='"Text"', CommandTimeout='30']
SELECT [p].[ProductId], [p].[CategoryId], [p].[CostPrice], [p].[Description], [p].[Name], [p].[ProductCode], [p].[ProductKey], [p].[SellPrice], [p].[SupplierId]
FROM [Products] AS [p]
WHERE [p].[ProductId] IN (
    SELECT [p0].[value]
    FROM OPENJSON(@__productIds_0) WITH ([value] int '$') AS [p0]
)
2025-07-30 08:20:07.895 +05:30 [INF] Executing OkObjectResult, writing value of type 'System.Collections.Generic.List`1[[AuthNet.Models.DTO.DailyProfitDto, AuthNet, Version=1.0.0.0, Culture=neutral, PublicKeyToken=null]]'.
2025-07-30 08:20:07.899 +05:30 [INF] Executed action AuthNet.Controllers.SalesController.GetWeeklyProfit (AuthNet) in 77.8044ms
2025-07-30 08:20:07.900 +05:30 [INF] Executed endpoint 'AuthNet.Controllers.SalesController.GetWeeklyProfit (AuthNet)'
2025-07-30 08:20:07.900 +05:30 [INF] Request finished HTTP/2 GET https://localhost:7165/api/Sales/WeeklyProfit - 200 null application/json; charset=utf-8 90.4237ms
2025-07-30 08:20:07.949 +05:30 [INF] Executed DbCommand (13ms) [Parameters=[], CommandType='"Text"', CommandTimeout='30']
SELECT [c].[Name] AS [CategoryName], COUNT(*) AS [ProductCount]
FROM [Products] AS [p]
LEFT JOIN [Categories] AS [c] ON [p].[CategoryId] = [c].[CategoryId]
WHERE [c].[CategoryId] IS NOT NULL
GROUP BY [c].[Name]
2025-07-30 08:20:07.951 +05:30 [INF] Executing OkObjectResult, writing value of type 'System.Collections.Generic.List`1[[AuthNet.Models.DTO.CategoryProductCountDto, AuthNet, Version=1.0.0.0, Culture=neutral, PublicKeyToken=null]]'.
2025-07-30 08:20:07.953 +05:30 [INF] Executed action AuthNet.Controllers.ProductsController.GetCategoryWiseProductCount (AuthNet) in 131.5075ms
2025-07-30 08:20:07.953 +05:30 [INF] Executed endpoint 'AuthNet.Controllers.ProductsController.GetCategoryWiseProductCount (AuthNet)'
2025-07-30 08:20:07.954 +05:30 [INF] Request finished HTTP/2 GET https://localhost:7165/api/Products/CategoryWiseProductCount - 200 null application/json; charset=utf-8 144.5265ms
2025-07-30 08:21:02.056 +05:30 [INF] Request starting HTTP/1.1 POST https://localhost:7165/api/Auth/login - application/json; charset=utf-8 null
2025-07-30 08:21:02.058 +05:30 [INF] Executing endpoint 'AuthNet.Controllers.AuthController.Login (AuthNet)'
2025-07-30 08:21:02.088 +05:30 [INF] Route matched with {action = "Login", controller = "Auth"}. Executing controller action with signature System.Threading.Tasks.Task`1[Microsoft.AspNetCore.Mvc.IActionResult] Login(AuthNet.Models.DTO.LoginDto) on controller AuthNet.Controllers.AuthController (AuthNet).
2025-07-30 08:21:02.419 +05:30 [INF] Executed DbCommand (6ms) [Parameters=[@__username_0='?' (Size = 100)], CommandType='"Text"', CommandTimeout='30']
SELECT TOP(1) [u].[UserId], [u].[CreatedAt], [u].[Email], [u].[Firstname], [u].[Lastname], [u].[PasswordHash], [u].[Role], [u].[Username]
FROM [Users] AS [u]
WHERE [u].[Username] = @__username_0
2025-07-30 08:21:03.456 +05:30 [INF] Executing OkObjectResult, writing value of type 'AuthNet.Models.DTO.ServiceResponse`1[[AuthNet.Models.DTO.LoginResponseDto, AuthNet, Version=1.0.0.0, Culture=neutral, PublicKeyToken=null]]'.
2025-07-30 08:21:03.463 +05:30 [INF] Executed action AuthNet.Controllers.AuthController.Login (AuthNet) in 1374.9239ms
2025-07-30 08:21:03.463 +05:30 [INF] Executed endpoint 'AuthNet.Controllers.AuthController.Login (AuthNet)'
2025-07-30 08:21:03.464 +05:30 [INF] Request finished HTTP/1.1 POST https://localhost:7165/api/Auth/login - 200 null application/json; charset=utf-8 1407.5917ms
2025-07-30 08:21:03.528 +05:30 [INF] Request starting HTTP/1.1 GET https://localhost:7165/api/Sales/DailyProfit - null null
2025-07-30 08:21:03.529 +05:30 [INF] Executing endpoint 'AuthNet.Controllers.SalesController.GetDailyProfit (AuthNet)'
2025-07-30 08:21:03.529 +05:30 [INF] Route matched with {action = "GetDailyProfit", controller = "Sales"}. Executing controller action with signature System.Threading.Tasks.Task`1[Microsoft.AspNetCore.Mvc.IActionResult] GetDailyProfit() on controller AuthNet.Controllers.SalesController (AuthNet).
2025-07-30 08:21:03.539 +05:30 [INF] Executed DbCommand (8ms) [Parameters=[@__date_Date_0='?' (DbType = DateTime2)], CommandType='"Text"', CommandTimeout='30']
SELECT [s].[Id], [s].[ProductId], [s].[ProductName], [s].[Quantity], [s].[SaleId], [s].[TotalPrice], [s].[UnitPrice], [s0].[Id], [s0].[AfterTaxAmount], [s0].[CreatedAt], [s0].[DiscountedAmount], [s0].[InvoiceDate], [s0].[InvoiceNo], [s0].[PrincipalAmount], [s0].[Template], [s0].[TotalAmount]
FROM [SaleItems] AS [s]
INNER JOIN [Sales] AS [s0] ON [s].[SaleId] = [s0].[Id]
WHERE CONVERT(date, [s0].[InvoiceDate]) = @__date_Date_0
2025-07-30 08:21:03.550 +05:30 [INF] Executed DbCommand (9ms) [Parameters=[@__productIds_0='?' (Size = 4000)], CommandType='"Text"', CommandTimeout='30']
SELECT [p].[ProductId], [p].[CategoryId], [p].[CostPrice], [p].[Description], [p].[Name], [p].[ProductCode], [p].[ProductKey], [p].[SellPrice], [p].[SupplierId]
FROM [Products] AS [p]
WHERE [p].[ProductId] IN (
    SELECT [p0].[value]
    FROM OPENJSON(@__productIds_0) WITH ([value] int '$') AS [p0]
)
2025-07-30 08:21:03.551 +05:30 [INF] Executing OkObjectResult, writing value of type 'AuthNet.Models.DTO.DailyProfitDto'.
2025-07-30 08:21:03.556 +05:30 [INF] Executed action AuthNet.Controllers.SalesController.GetDailyProfit (AuthNet) in 26.4826ms
2025-07-30 08:21:03.556 +05:30 [INF] Executed endpoint 'AuthNet.Controllers.SalesController.GetDailyProfit (AuthNet)'
2025-07-30 08:21:03.557 +05:30 [INF] Request finished HTTP/1.1 GET https://localhost:7165/api/Sales/DailyProfit - 200 null application/json; charset=utf-8 29.2988ms
2025-07-30 08:21:03.576 +05:30 [INF] Request starting HTTP/1.1 GET https://localhost:7165/api/Sales/CurrentMonthProfit - null null
2025-07-30 08:21:03.577 +05:30 [INF] Executing endpoint 'AuthNet.Controllers.SalesController.GetCurrentMonthProfit (AuthNet)'
2025-07-30 08:21:03.577 +05:30 [INF] Route matched with {action = "GetCurrentMonthProfit", controller = "Sales"}. Executing controller action with signature System.Threading.Tasks.Task`1[Microsoft.AspNetCore.Mvc.IActionResult] GetCurrentMonthProfit() on controller AuthNet.Controllers.SalesController (AuthNet).
2025-07-30 08:21:03.590 +05:30 [INF] Executed DbCommand (10ms) [Parameters=[@__currentYear_0='?' (DbType = Int32), @__currentMonth_1='?' (DbType = Int32)], CommandType='"Text"', CommandTimeout='30']
SELECT [s].[Id], [s].[ProductId], [s].[ProductName], [s].[Quantity], [s].[SaleId], [s].[TotalPrice], [s].[UnitPrice], [s0].[Id], [s0].[AfterTaxAmount], [s0].[CreatedAt], [s0].[DiscountedAmount], [s0].[InvoiceDate], [s0].[InvoiceNo], [s0].[PrincipalAmount], [s0].[Template], [s0].[TotalAmount]
FROM [SaleItems] AS [s]
INNER JOIN [Sales] AS [s0] ON [s].[SaleId] = [s0].[Id]
WHERE DATEPART(year, [s0].[InvoiceDate]) = @__currentYear_0 AND DATEPART(month, [s0].[InvoiceDate]) = @__currentMonth_1
2025-07-30 08:21:03.592 +05:30 [INF] Executed DbCommand (1ms) [Parameters=[@__productIds_0='?' (Size = 4000)], CommandType='"Text"', CommandTimeout='30']
SELECT [p].[ProductId], [p].[CategoryId], [p].[CostPrice], [p].[Description], [p].[Name], [p].[ProductCode], [p].[ProductKey], [p].[SellPrice], [p].[SupplierId]
FROM [Products] AS [p]
WHERE [p].[ProductId] IN (
    SELECT [p0].[value]
    FROM OPENJSON(@__productIds_0) WITH ([value] int '$') AS [p0]
)
2025-07-30 08:21:03.593 +05:30 [INF] Executing OkObjectResult, writing value of type 'AuthNet.Models.DTO.MonthlyProfitDto'.
2025-07-30 08:21:03.593 +05:30 [INF] Executed action AuthNet.Controllers.SalesController.GetCurrentMonthProfit (AuthNet) in 16.0159ms
2025-07-30 08:21:03.593 +05:30 [INF] Executed endpoint 'AuthNet.Controllers.SalesController.GetCurrentMonthProfit (AuthNet)'
2025-07-30 08:21:03.594 +05:30 [INF] Request finished HTTP/1.1 GET https://localhost:7165/api/Sales/CurrentMonthProfit - 200 null application/json; charset=utf-8 17.847ms
2025-07-30 08:21:03.623 +05:30 [INF] Request starting HTTP/1.1 GET https://localhost:7165/api/Sales/CurrentYearProfit - null null
2025-07-30 08:21:03.624 +05:30 [INF] Executing endpoint 'AuthNet.Controllers.SalesController.GetCurrentYearProfit (AuthNet)'
2025-07-30 08:21:03.624 +05:30 [INF] Route matched with {action = "GetCurrentYearProfit", controller = "Sales"}. Executing controller action with signature System.Threading.Tasks.Task`1[Microsoft.AspNetCore.Mvc.IActionResult] GetCurrentYearProfit() on controller AuthNet.Controllers.SalesController (AuthNet).
2025-07-30 08:21:03.631 +05:30 [INF] Executed DbCommand (6ms) [Parameters=[@__currentYear_0='?' (DbType = Int32)], CommandType='"Text"', CommandTimeout='30']
SELECT [s].[Id], [s].[ProductId], [s].[ProductName], [s].[Quantity], [s].[SaleId], [s].[TotalPrice], [s].[UnitPrice], [s0].[Id], [s0].[AfterTaxAmount], [s0].[CreatedAt], [s0].[DiscountedAmount], [s0].[InvoiceDate], [s0].[InvoiceNo], [s0].[PrincipalAmount], [s0].[Template], [s0].[TotalAmount]
FROM [SaleItems] AS [s]
INNER JOIN [Sales] AS [s0] ON [s].[SaleId] = [s0].[Id]
WHERE DATEPART(year, [s0].[InvoiceDate]) = @__currentYear_0
2025-07-30 08:21:03.638 +05:30 [INF] Executed DbCommand (3ms) [Parameters=[@__productIds_0='?' (Size = 4000)], CommandType='"Text"', CommandTimeout='30']
SELECT [p].[ProductId], [p].[CategoryId], [p].[CostPrice], [p].[Description], [p].[Name], [p].[ProductCode], [p].[ProductKey], [p].[SellPrice], [p].[SupplierId]
FROM [Products] AS [p]
WHERE [p].[ProductId] IN (
    SELECT [p0].[value]
    FROM OPENJSON(@__productIds_0) WITH ([value] int '$') AS [p0]
)
2025-07-30 08:21:03.639 +05:30 [INF] Executing OkObjectResult, writing value of type 'AuthNet.Models.DTO.YearlyProfitDto'.
2025-07-30 08:21:03.639 +05:30 [INF] Executed action AuthNet.Controllers.SalesController.GetCurrentYearProfit (AuthNet) in 15.5995ms
2025-07-30 08:21:03.639 +05:30 [INF] Executed endpoint 'AuthNet.Controllers.SalesController.GetCurrentYearProfit (AuthNet)'
2025-07-30 08:21:03.640 +05:30 [INF] Request finished HTTP/1.1 GET https://localhost:7165/api/Sales/CurrentYearProfit - 200 null application/json; charset=utf-8 17.1985ms
2025-07-30 08:21:03.687 +05:30 [INF] Request starting HTTP/1.1 GET https://localhost:7165/api/Products/count - null null
2025-07-30 08:21:03.688 +05:30 [INF] Executing endpoint 'AuthNet.Controllers.ProductsController.GetProductCount (AuthNet)'
2025-07-30 08:21:03.689 +05:30 [INF] Route matched with {action = "GetProductCount", controller = "Products"}. Executing controller action with signature System.Threading.Tasks.Task`1[Microsoft.AspNetCore.Mvc.IActionResult] GetProductCount() on controller AuthNet.Controllers.ProductsController (AuthNet).
2025-07-30 08:21:03.767 +05:30 [INF] Executed DbCommand (75ms) [Parameters=[], CommandType='"Text"', CommandTimeout='30']
SELECT COUNT(*)
FROM [Products] AS [p]
2025-07-30 08:21:03.770 +05:30 [INF] Executing OkObjectResult, writing value of type 'System.Int32'.
2025-07-30 08:21:03.770 +05:30 [INF] Executed action AuthNet.Controllers.ProductsController.GetProductCount (AuthNet) in 81.1778ms
2025-07-30 08:21:03.770 +05:30 [INF] Executed endpoint 'AuthNet.Controllers.ProductsController.GetProductCount (AuthNet)'
2025-07-30 08:21:03.772 +05:30 [INF] Request finished HTTP/1.1 GET https://localhost:7165/api/Products/count - 200 null application/json; charset=utf-8 83.961ms
2025-07-30 08:21:03.877 +05:30 [INF] Request starting HTTP/1.1 GET https://localhost:7165/api/Suppliers/count - null null
2025-07-30 08:21:03.878 +05:30 [INF] Executing endpoint 'AuthNet.Controllers.SuppliersController.GetSupplierCount (AuthNet)'
2025-07-30 08:21:03.878 +05:30 [INF] Route matched with {action = "GetSupplierCount", controller = "Suppliers"}. Executing controller action with signature System.Threading.Tasks.Task`1[Microsoft.AspNetCore.Mvc.IActionResult] GetSupplierCount() on controller AuthNet.Controllers.SuppliersController (AuthNet).
2025-07-30 08:21:03.884 +05:30 [INF] Executed DbCommand (5ms) [Parameters=[], CommandType='"Text"', CommandTimeout='30']
SELECT COUNT(*)
FROM [Suppliers] AS [s]
2025-07-30 08:21:03.887 +05:30 [INF] Executing OkObjectResult, writing value of type 'System.Int32'.
2025-07-30 08:21:03.887 +05:30 [INF] Executed action AuthNet.Controllers.SuppliersController.GetSupplierCount (AuthNet) in 9.194ms
2025-07-30 08:21:03.887 +05:30 [INF] Executed endpoint 'AuthNet.Controllers.SuppliersController.GetSupplierCount (AuthNet)'
2025-07-30 08:21:03.888 +05:30 [INF] Request finished HTTP/1.1 GET https://localhost:7165/api/Suppliers/count - 200 null application/json; charset=utf-8 10.493ms
2025-07-30 08:21:03.977 +05:30 [INF] Request starting HTTP/1.1 GET https://localhost:7165/api/Categories/count - null null
2025-07-30 08:21:03.977 +05:30 [INF] Executing endpoint 'AuthNet.Controllers.CategoriesController.GetCategoryCount (AuthNet)'
2025-07-30 08:21:03.978 +05:30 [INF] Route matched with {action = "GetCategoryCount", controller = "Categories"}. Executing controller action with signature System.Threading.Tasks.Task`1[Microsoft.AspNetCore.Mvc.IActionResult] GetCategoryCount() on controller AuthNet.Controllers.CategoriesController (AuthNet).
2025-07-30 08:21:04.033 +05:30 [INF] Executed DbCommand (53ms) [Parameters=[], CommandType='"Text"', CommandTimeout='30']
SELECT COUNT(*)
FROM [Categories] AS [c]
2025-07-30 08:21:04.034 +05:30 [INF] Executing OkObjectResult, writing value of type 'System.Int32'.
2025-07-30 08:21:04.034 +05:30 [INF] Executed action AuthNet.Controllers.CategoriesController.GetCategoryCount (AuthNet) in 56.6827ms
2025-07-30 08:21:04.035 +05:30 [INF] Executed endpoint 'AuthNet.Controllers.CategoriesController.GetCategoryCount (AuthNet)'
2025-07-30 08:21:04.036 +05:30 [INF] Request finished HTTP/1.1 GET https://localhost:7165/api/Categories/count - 200 null application/json; charset=utf-8 59.5959ms
2025-07-30 08:21:04.111 +05:30 [INF] Request starting HTTP/1.1 GET https://localhost:7165/api/Orders/count - null null
2025-07-30 08:21:04.111 +05:30 [INF] Executing endpoint 'AuthNet.Controllers.OrdersController.GetOrderCount (AuthNet)'
2025-07-30 08:21:04.111 +05:30 [INF] Route matched with {action = "GetOrderCount", controller = "Orders"}. Executing controller action with signature System.Threading.Tasks.Task`1[Microsoft.AspNetCore.Mvc.IActionResult] GetOrderCount() on controller AuthNet.Controllers.OrdersController (AuthNet).
2025-07-30 08:21:04.126 +05:30 [INF] Executed DbCommand (10ms) [Parameters=[], CommandType='"Text"', CommandTimeout='30']
SELECT COUNT(*)
FROM [Orders] AS [o]
2025-07-30 08:21:04.126 +05:30 [INF] Executing OkObjectResult, writing value of type 'System.Int32'.
2025-07-30 08:21:04.127 +05:30 [INF] Executed action AuthNet.Controllers.OrdersController.GetOrderCount (AuthNet) in 15.0584ms
2025-07-30 08:21:04.127 +05:30 [INF] Executed endpoint 'AuthNet.Controllers.OrdersController.GetOrderCount (AuthNet)'
2025-07-30 08:21:04.127 +05:30 [INF] Request finished HTTP/1.1 GET https://localhost:7165/api/Orders/count - 200 null application/json; charset=utf-8 16.7441ms
2025-07-30 08:21:04.149 +05:30 [INF] Request starting HTTP/1.1 GET https://localhost:7165/api/Customers/count - null null
2025-07-30 08:21:04.150 +05:30 [INF] Executing endpoint 'AuthNet.Controllers.CustomersController.GetCustomerCount (AuthNet)'
2025-07-30 08:21:04.150 +05:30 [INF] Route matched with {action = "GetCustomerCount", controller = "Customers"}. Executing controller action with signature System.Threading.Tasks.Task`1[Microsoft.AspNetCore.Mvc.IActionResult] GetCustomerCount() on controller AuthNet.Controllers.CustomersController (AuthNet).
2025-07-30 08:21:04.189 +05:30 [INF] Executed DbCommand (37ms) [Parameters=[], CommandType='"Text"', CommandTimeout='30']
SELECT COUNT(*)
FROM [Customers] AS [c]
2025-07-30 08:21:04.189 +05:30 [INF] Executing OkObjectResult, writing value of type 'System.Int32'.
2025-07-30 08:21:04.190 +05:30 [INF] Executed action AuthNet.Controllers.CustomersController.GetCustomerCount (AuthNet) in 39.518ms
2025-07-30 08:21:04.190 +05:30 [INF] Executed endpoint 'AuthNet.Controllers.CustomersController.GetCustomerCount (AuthNet)'
2025-07-30 08:21:04.190 +05:30 [INF] Request finished HTTP/1.1 GET https://localhost:7165/api/Customers/count - 200 null application/json; charset=utf-8 41.1762ms
2025-07-30 08:21:04.345 +05:30 [INF] Request starting HTTP/1.1 GET https://localhost:7165/api/Tasks - null null
2025-07-30 08:21:04.345 +05:30 [INF] Executing endpoint 'AuthNet.Controllers.TasksController.GetTasks (AuthNet)'
2025-07-30 08:21:04.345 +05:30 [INF] Route matched with {action = "GetTasks", controller = "Tasks"}. Executing controller action with signature Microsoft.AspNetCore.Mvc.IActionResult GetTasks() on controller AuthNet.Controllers.TasksController (AuthNet).
2025-07-30 08:21:04.352 +05:30 [INF] Executed DbCommand (3ms) [Parameters=[], CommandType='"Text"', CommandTimeout='30']
SELECT [t].[Id], [t].[Title], [t].[DueDate]
FROM [Tasks] AS [t]
2025-07-30 08:21:04.352 +05:30 [INF] Executing OkObjectResult, writing value of type 'System.Collections.Generic.List`1[[AuthNet.Models.DTO.TaskItemDto, AuthNet, Version=1.0.0.0, Culture=neutral, PublicKeyToken=null]]'.
2025-07-30 08:21:04.353 +05:30 [INF] Executed action AuthNet.Controllers.TasksController.GetTasks (AuthNet) in 7.3853ms
2025-07-30 08:21:04.353 +05:30 [INF] Executed endpoint 'AuthNet.Controllers.TasksController.GetTasks (AuthNet)'
2025-07-30 08:21:04.353 +05:30 [INF] Request finished HTTP/1.1 GET https://localhost:7165/api/Tasks - 200 null application/json; charset=utf-8 8.7972ms
2025-07-30 08:21:04.411 +05:30 [INF] Request starting HTTP/1.1 GET https://localhost:7165/api/Settings/Get - null null
2025-07-30 08:21:04.413 +05:30 [INF] Executing endpoint 'AuthNet.Controllers.SettingsController.GetCompanyInfo (AuthNet)'
2025-07-30 08:21:04.413 +05:30 [INF] Route matched with {action = "GetCompanyInfo", controller = "Settings"}. Executing controller action with signature System.Threading.Tasks.Task`1[Microsoft.AspNetCore.Mvc.IActionResult] GetCompanyInfo() on controller AuthNet.Controllers.SettingsController (AuthNet).
2025-07-30 08:21:04.421 +05:30 [INF] Executed DbCommand (6ms) [Parameters=[], CommandType='"Text"', CommandTimeout='30']
SELECT TOP(1) [c].[Id], [c].[Address], [c].[AlternateContactNumber], [c].[ContactNumber], [c].[Email], [c].[GSTIN], [c].[LogoFileExtension], [c].[LogoFilePath], [c].[LogoFileSizeInBytes], [c].[LogoName], [c].[Name], [c].[SignFileExtension], [c].[SignFilePath], [c].[SignFileSizeInBytes], [c].[SignName]
FROM [CompanyInfos] AS [c]
2025-07-30 08:21:04.422 +05:30 [INF] Executing OkObjectResult, writing value of type 'AuthNet.Models.DTO.CompanyInfoResponseDto'.
2025-07-30 08:21:04.423 +05:30 [INF] Executed action AuthNet.Controllers.SettingsController.GetCompanyInfo (AuthNet) in 9.52ms
2025-07-30 08:21:04.423 +05:30 [INF] Executed endpoint 'AuthNet.Controllers.SettingsController.GetCompanyInfo (AuthNet)'
2025-07-30 08:21:04.423 +05:30 [INF] Request finished HTTP/1.1 GET https://localhost:7165/api/Settings/Get - 200 null application/json; charset=utf-8 12.4866ms
2025-07-30 08:21:04.751 +05:30 [INF] Request starting HTTP/2 GET https://localhost:7165/api/Sales/WeeklyProfit - null null
2025-07-30 08:21:04.754 +05:30 [INF] CORS policy execution successful.
2025-07-30 08:21:04.754 +05:30 [INF] Executing endpoint 'AuthNet.Controllers.SalesController.GetWeeklyProfit (AuthNet)'
2025-07-30 08:21:04.755 +05:30 [INF] Route matched with {action = "GetWeeklyProfit", controller = "Sales"}. Executing controller action with signature System.Threading.Tasks.Task`1[Microsoft.AspNetCore.Mvc.IActionResult] GetWeeklyProfit() on controller AuthNet.Controllers.SalesController (AuthNet).
2025-07-30 08:21:04.809 +05:30 [INF] Request starting HTTP/2 GET https://localhost:7165/api/Products/CategoryWiseProductCount - null null
2025-07-30 08:21:04.809 +05:30 [INF] CORS policy execution successful.
2025-07-30 08:21:04.809 +05:30 [INF] Executing endpoint 'AuthNet.Controllers.ProductsController.GetCategoryWiseProductCount (AuthNet)'
2025-07-30 08:21:04.809 +05:30 [INF] Route matched with {action = "GetCategoryWiseProductCount", controller = "Products"}. Executing controller action with signature System.Threading.Tasks.Task`1[Microsoft.AspNetCore.Mvc.IActionResult] GetCategoryWiseProductCount() on controller AuthNet.Controllers.ProductsController (AuthNet).
2025-07-30 08:21:04.853 +05:30 [INF] Executed DbCommand (96ms) [Parameters=[@__startDate_0='?' (DbType = DateTime2), @__endDate_1='?' (DbType = DateTime2)], CommandType='"Text"', CommandTimeout='30']
SELECT [s].[Id], [s].[ProductId], [s].[ProductName], [s].[Quantity], [s].[SaleId], [s].[TotalPrice], [s].[UnitPrice], [s0].[Id], [s0].[AfterTaxAmount], [s0].[CreatedAt], [s0].[DiscountedAmount], [s0].[InvoiceDate], [s0].[InvoiceNo], [s0].[PrincipalAmount], [s0].[Template], [s0].[TotalAmount]
FROM [SaleItems] AS [s]
INNER JOIN [Sales] AS [s0] ON [s].[SaleId] = [s0].[Id]
WHERE CONVERT(date, [s0].[InvoiceDate]) >= @__startDate_0 AND CONVERT(date, [s0].[InvoiceDate]) <= @__endDate_1
2025-07-30 08:21:04.896 +05:30 [INF] Executed DbCommand (35ms) [Parameters=[@__productIds_0='?' (Size = 4000)], CommandType='"Text"', CommandTimeout='30']
SELECT [p].[ProductId], [p].[CategoryId], [p].[CostPrice], [p].[Description], [p].[Name], [p].[ProductCode], [p].[ProductKey], [p].[SellPrice], [p].[SupplierId]
FROM [Products] AS [p]
WHERE [p].[ProductId] IN (
    SELECT [p0].[value]
    FROM OPENJSON(@__productIds_0) WITH ([value] int '$') AS [p0]
)
2025-07-30 08:21:04.929 +05:30 [INF] Executing OkObjectResult, writing value of type 'System.Collections.Generic.List`1[[AuthNet.Models.DTO.DailyProfitDto, AuthNet, Version=1.0.0.0, Culture=neutral, PublicKeyToken=null]]'.
2025-07-30 08:21:04.929 +05:30 [INF] Executed action AuthNet.Controllers.SalesController.GetWeeklyProfit (AuthNet) in 174.8932ms
2025-07-30 08:21:04.930 +05:30 [INF] Executed endpoint 'AuthNet.Controllers.SalesController.GetWeeklyProfit (AuthNet)'
2025-07-30 08:21:04.930 +05:30 [INF] Request finished HTTP/2 GET https://localhost:7165/api/Sales/WeeklyProfit - 200 null application/json; charset=utf-8 178.9699ms
2025-07-30 08:21:04.956 +05:30 [INF] Executed DbCommand (27ms) [Parameters=[], CommandType='"Text"', CommandTimeout='30']
SELECT [c].[Name] AS [CategoryName], COUNT(*) AS [ProductCount]
FROM [Products] AS [p]
LEFT JOIN [Categories] AS [c] ON [p].[CategoryId] = [c].[CategoryId]
WHERE [c].[CategoryId] IS NOT NULL
GROUP BY [c].[Name]
2025-07-30 08:21:04.965 +05:30 [INF] Executing OkObjectResult, writing value of type 'System.Collections.Generic.List`1[[AuthNet.Models.DTO.CategoryProductCountDto, AuthNet, Version=1.0.0.0, Culture=neutral, PublicKeyToken=null]]'.
2025-07-30 08:21:04.966 +05:30 [INF] Executed action AuthNet.Controllers.ProductsController.GetCategoryWiseProductCount (AuthNet) in 156.4299ms
2025-07-30 08:21:04.966 +05:30 [INF] Executed endpoint 'AuthNet.Controllers.ProductsController.GetCategoryWiseProductCount (AuthNet)'
2025-07-30 08:21:04.967 +05:30 [INF] Request finished HTTP/2 GET https://localhost:7165/api/Products/CategoryWiseProductCount - 200 null application/json; charset=utf-8 157.9288ms
2025-07-30 08:21:22.242 +05:30 [INF] Request starting HTTP/1.1 GET https://localhost:7165/api/Sales/DailyProfit - null null
2025-07-30 08:21:22.243 +05:30 [INF] Executing endpoint 'AuthNet.Controllers.SalesController.GetDailyProfit (AuthNet)'
2025-07-30 08:21:22.244 +05:30 [INF] Route matched with {action = "GetDailyProfit", controller = "Sales"}. Executing controller action with signature System.Threading.Tasks.Task`1[Microsoft.AspNetCore.Mvc.IActionResult] GetDailyProfit() on controller AuthNet.Controllers.SalesController (AuthNet).
2025-07-30 08:21:22.261 +05:30 [INF] Executed DbCommand (12ms) [Parameters=[@__date_Date_0='?' (DbType = DateTime2)], CommandType='"Text"', CommandTimeout='30']
SELECT [s].[Id], [s].[ProductId], [s].[ProductName], [s].[Quantity], [s].[SaleId], [s].[TotalPrice], [s].[UnitPrice], [s0].[Id], [s0].[AfterTaxAmount], [s0].[CreatedAt], [s0].[DiscountedAmount], [s0].[InvoiceDate], [s0].[InvoiceNo], [s0].[PrincipalAmount], [s0].[Template], [s0].[TotalAmount]
FROM [SaleItems] AS [s]
INNER JOIN [Sales] AS [s0] ON [s].[SaleId] = [s0].[Id]
WHERE CONVERT(date, [s0].[InvoiceDate]) = @__date_Date_0
2025-07-30 08:21:22.267 +05:30 [INF] Executed DbCommand (6ms) [Parameters=[@__productIds_0='?' (Size = 4000)], CommandType='"Text"', CommandTimeout='30']
SELECT [p].[ProductId], [p].[CategoryId], [p].[CostPrice], [p].[Description], [p].[Name], [p].[ProductCode], [p].[ProductKey], [p].[SellPrice], [p].[SupplierId]
FROM [Products] AS [p]
WHERE [p].[ProductId] IN (
    SELECT [p0].[value]
    FROM OPENJSON(@__productIds_0) WITH ([value] int '$') AS [p0]
)
2025-07-30 08:21:22.268 +05:30 [INF] Executing OkObjectResult, writing value of type 'AuthNet.Models.DTO.DailyProfitDto'.
2025-07-30 08:21:22.269 +05:30 [INF] Executed action AuthNet.Controllers.SalesController.GetDailyProfit (AuthNet) in 24.5552ms
2025-07-30 08:21:22.270 +05:30 [INF] Executed endpoint 'AuthNet.Controllers.SalesController.GetDailyProfit (AuthNet)'
2025-07-30 08:21:22.271 +05:30 [INF] Request finished HTTP/1.1 GET https://localhost:7165/api/Sales/DailyProfit - 200 null application/json; charset=utf-8 29.1297ms
2025-07-30 08:21:22.299 +05:30 [INF] Request starting HTTP/1.1 GET https://localhost:7165/api/Sales/CurrentMonthProfit - null null
2025-07-30 08:21:22.300 +05:30 [INF] Executing endpoint 'AuthNet.Controllers.SalesController.GetCurrentMonthProfit (AuthNet)'
2025-07-30 08:21:22.300 +05:30 [INF] Route matched with {action = "GetCurrentMonthProfit", controller = "Sales"}. Executing controller action with signature System.Threading.Tasks.Task`1[Microsoft.AspNetCore.Mvc.IActionResult] GetCurrentMonthProfit() on controller AuthNet.Controllers.SalesController (AuthNet).
2025-07-30 08:21:22.312 +05:30 [INF] Executed DbCommand (8ms) [Parameters=[@__currentYear_0='?' (DbType = Int32), @__currentMonth_1='?' (DbType = Int32)], CommandType='"Text"', CommandTimeout='30']
SELECT [s].[Id], [s].[ProductId], [s].[ProductName], [s].[Quantity], [s].[SaleId], [s].[TotalPrice], [s].[UnitPrice], [s0].[Id], [s0].[AfterTaxAmount], [s0].[CreatedAt], [s0].[DiscountedAmount], [s0].[InvoiceDate], [s0].[InvoiceNo], [s0].[PrincipalAmount], [s0].[Template], [s0].[TotalAmount]
FROM [SaleItems] AS [s]
INNER JOIN [Sales] AS [s0] ON [s].[SaleId] = [s0].[Id]
WHERE DATEPART(year, [s0].[InvoiceDate]) = @__currentYear_0 AND DATEPART(month, [s0].[InvoiceDate]) = @__currentMonth_1
2025-07-30 08:21:22.322 +05:30 [INF] Executed DbCommand (8ms) [Parameters=[@__productIds_0='?' (Size = 4000)], CommandType='"Text"', CommandTimeout='30']
SELECT [p].[ProductId], [p].[CategoryId], [p].[CostPrice], [p].[Description], [p].[Name], [p].[ProductCode], [p].[ProductKey], [p].[SellPrice], [p].[SupplierId]
FROM [Products] AS [p]
WHERE [p].[ProductId] IN (
    SELECT [p0].[value]
    FROM OPENJSON(@__productIds_0) WITH ([value] int '$') AS [p0]
)
2025-07-30 08:21:22.322 +05:30 [INF] Executing OkObjectResult, writing value of type 'AuthNet.Models.DTO.MonthlyProfitDto'.
2025-07-30 08:21:22.322 +05:30 [INF] Executed action AuthNet.Controllers.SalesController.GetCurrentMonthProfit (AuthNet) in 22.5817ms
2025-07-30 08:21:22.323 +05:30 [INF] Executed endpoint 'AuthNet.Controllers.SalesController.GetCurrentMonthProfit (AuthNet)'
2025-07-30 08:21:22.323 +05:30 [INF] Request finished HTTP/1.1 GET https://localhost:7165/api/Sales/CurrentMonthProfit - 200 null application/json; charset=utf-8 23.6125ms
2025-07-30 08:21:22.336 +05:30 [INF] Request starting HTTP/1.1 GET https://localhost:7165/api/Sales/CurrentYearProfit - null null
2025-07-30 08:21:22.336 +05:30 [INF] Executing endpoint 'AuthNet.Controllers.SalesController.GetCurrentYearProfit (AuthNet)'
2025-07-30 08:21:22.336 +05:30 [INF] Route matched with {action = "GetCurrentYearProfit", controller = "Sales"}. Executing controller action with signature System.Threading.Tasks.Task`1[Microsoft.AspNetCore.Mvc.IActionResult] GetCurrentYearProfit() on controller AuthNet.Controllers.SalesController (AuthNet).
2025-07-30 08:21:22.343 +05:30 [INF] Executed DbCommand (6ms) [Parameters=[@__currentYear_0='?' (DbType = Int32)], CommandType='"Text"', CommandTimeout='30']
SELECT [s].[Id], [s].[ProductId], [s].[ProductName], [s].[Quantity], [s].[SaleId], [s].[TotalPrice], [s].[UnitPrice], [s0].[Id], [s0].[AfterTaxAmount], [s0].[CreatedAt], [s0].[DiscountedAmount], [s0].[InvoiceDate], [s0].[InvoiceNo], [s0].[PrincipalAmount], [s0].[Template], [s0].[TotalAmount]
FROM [SaleItems] AS [s]
INNER JOIN [Sales] AS [s0] ON [s].[SaleId] = [s0].[Id]
WHERE DATEPART(year, [s0].[InvoiceDate]) = @__currentYear_0
2025-07-30 08:21:22.345 +05:30 [INF] Executed DbCommand (1ms) [Parameters=[@__productIds_0='?' (Size = 4000)], CommandType='"Text"', CommandTimeout='30']
SELECT [p].[ProductId], [p].[CategoryId], [p].[CostPrice], [p].[Description], [p].[Name], [p].[ProductCode], [p].[ProductKey], [p].[SellPrice], [p].[SupplierId]
FROM [Products] AS [p]
WHERE [p].[ProductId] IN (
    SELECT [p0].[value]
    FROM OPENJSON(@__productIds_0) WITH ([value] int '$') AS [p0]
)
2025-07-30 08:21:22.345 +05:30 [INF] Executing OkObjectResult, writing value of type 'AuthNet.Models.DTO.YearlyProfitDto'.
2025-07-30 08:21:22.345 +05:30 [INF] Executed action AuthNet.Controllers.SalesController.GetCurrentYearProfit (AuthNet) in 9.0147ms
2025-07-30 08:21:22.346 +05:30 [INF] Executed endpoint 'AuthNet.Controllers.SalesController.GetCurrentYearProfit (AuthNet)'
2025-07-30 08:21:22.346 +05:30 [INF] Request finished HTTP/1.1 GET https://localhost:7165/api/Sales/CurrentYearProfit - 200 null application/json; charset=utf-8 10.1714ms
2025-07-30 08:21:22.363 +05:30 [INF] Request starting HTTP/1.1 GET https://localhost:7165/api/Products/count - null null
2025-07-30 08:21:22.363 +05:30 [INF] Executing endpoint 'AuthNet.Controllers.ProductsController.GetProductCount (AuthNet)'
2025-07-30 08:21:22.363 +05:30 [INF] Route matched with {action = "GetProductCount", controller = "Products"}. Executing controller action with signature System.Threading.Tasks.Task`1[Microsoft.AspNetCore.Mvc.IActionResult] GetProductCount() on controller AuthNet.Controllers.ProductsController (AuthNet).
2025-07-30 08:21:22.367 +05:30 [INF] Executed DbCommand (2ms) [Parameters=[], CommandType='"Text"', CommandTimeout='30']
SELECT COUNT(*)
FROM [Products] AS [p]
2025-07-30 08:21:22.367 +05:30 [INF] Executing OkObjectResult, writing value of type 'System.Int32'.
2025-07-30 08:21:22.368 +05:30 [INF] Executed action AuthNet.Controllers.ProductsController.GetProductCount (AuthNet) in 4.1814ms
2025-07-30 08:21:22.368 +05:30 [INF] Executed endpoint 'AuthNet.Controllers.ProductsController.GetProductCount (AuthNet)'
2025-07-30 08:21:22.368 +05:30 [INF] Request finished HTTP/1.1 GET https://localhost:7165/api/Products/count - 200 null application/json; charset=utf-8 5.6165ms
2025-07-30 08:21:22.381 +05:30 [INF] Request starting HTTP/1.1 GET https://localhost:7165/api/Suppliers/count - null null
2025-07-30 08:21:22.382 +05:30 [INF] Executing endpoint 'AuthNet.Controllers.SuppliersController.GetSupplierCount (AuthNet)'
2025-07-30 08:21:22.382 +05:30 [INF] Route matched with {action = "GetSupplierCount", controller = "Suppliers"}. Executing controller action with signature System.Threading.Tasks.Task`1[Microsoft.AspNetCore.Mvc.IActionResult] GetSupplierCount() on controller AuthNet.Controllers.SuppliersController (AuthNet).
2025-07-30 08:21:22.387 +05:30 [INF] Executed DbCommand (4ms) [Parameters=[], CommandType='"Text"', CommandTimeout='30']
SELECT COUNT(*)
FROM [Suppliers] AS [s]
2025-07-30 08:21:22.388 +05:30 [INF] Executing OkObjectResult, writing value of type 'System.Int32'.
2025-07-30 08:21:22.388 +05:30 [INF] Executed action AuthNet.Controllers.SuppliersController.GetSupplierCount (AuthNet) in 6.3717ms
2025-07-30 08:21:22.388 +05:30 [INF] Executed endpoint 'AuthNet.Controllers.SuppliersController.GetSupplierCount (AuthNet)'
2025-07-30 08:21:22.389 +05:30 [INF] Request finished HTTP/1.1 GET https://localhost:7165/api/Suppliers/count - 200 null application/json; charset=utf-8 7.471ms
2025-07-30 08:21:22.400 +05:30 [INF] Request starting HTTP/1.1 GET https://localhost:7165/api/Categories/count - null null
2025-07-30 08:21:22.402 +05:30 [INF] Executing endpoint 'AuthNet.Controllers.CategoriesController.GetCategoryCount (AuthNet)'
2025-07-30 08:21:22.403 +05:30 [INF] Route matched with {action = "GetCategoryCount", controller = "Categories"}. Executing controller action with signature System.Threading.Tasks.Task`1[Microsoft.AspNetCore.Mvc.IActionResult] GetCategoryCount() on controller AuthNet.Controllers.CategoriesController (AuthNet).
2025-07-30 08:21:22.407 +05:30 [INF] Executed DbCommand (3ms) [Parameters=[], CommandType='"Text"', CommandTimeout='30']
SELECT COUNT(*)
FROM [Categories] AS [c]
2025-07-30 08:21:22.408 +05:30 [INF] Executing OkObjectResult, writing value of type 'System.Int32'.
2025-07-30 08:21:22.408 +05:30 [INF] Executed action AuthNet.Controllers.CategoriesController.GetCategoryCount (AuthNet) in 5.1569ms
2025-07-30 08:21:22.408 +05:30 [INF] Executed endpoint 'AuthNet.Controllers.CategoriesController.GetCategoryCount (AuthNet)'
2025-07-30 08:21:22.408 +05:30 [INF] Request finished HTTP/1.1 GET https://localhost:7165/api/Categories/count - 200 null application/json; charset=utf-8 8.2176ms
2025-07-30 08:21:22.426 +05:30 [INF] Request starting HTTP/1.1 GET https://localhost:7165/api/Orders/count - null null
2025-07-30 08:21:22.427 +05:30 [INF] Executing endpoint 'AuthNet.Controllers.OrdersController.GetOrderCount (AuthNet)'
2025-07-30 08:21:22.427 +05:30 [INF] Route matched with {action = "GetOrderCount", controller = "Orders"}. Executing controller action with signature System.Threading.Tasks.Task`1[Microsoft.AspNetCore.Mvc.IActionResult] GetOrderCount() on controller AuthNet.Controllers.OrdersController (AuthNet).
2025-07-30 08:21:22.432 +05:30 [INF] Executed DbCommand (3ms) [Parameters=[], CommandType='"Text"', CommandTimeout='30']
SELECT COUNT(*)
FROM [Orders] AS [o]
2025-07-30 08:21:22.432 +05:30 [INF] Executing OkObjectResult, writing value of type 'System.Int32'.
2025-07-30 08:21:22.432 +05:30 [INF] Executed action AuthNet.Controllers.OrdersController.GetOrderCount (AuthNet) in 5.5708ms
2025-07-30 08:21:22.433 +05:30 [INF] Executed endpoint 'AuthNet.Controllers.OrdersController.GetOrderCount (AuthNet)'
2025-07-30 08:21:22.433 +05:30 [INF] Request finished HTTP/1.1 GET https://localhost:7165/api/Orders/count - 200 null application/json; charset=utf-8 6.9279ms
2025-07-30 08:21:22.449 +05:30 [INF] Request starting HTTP/1.1 GET https://localhost:7165/api/Customers/count - null null
2025-07-30 08:21:22.449 +05:30 [INF] Executing endpoint 'AuthNet.Controllers.CustomersController.GetCustomerCount (AuthNet)'
2025-07-30 08:21:22.449 +05:30 [INF] Route matched with {action = "GetCustomerCount", controller = "Customers"}. Executing controller action with signature System.Threading.Tasks.Task`1[Microsoft.AspNetCore.Mvc.IActionResult] GetCustomerCount() on controller AuthNet.Controllers.CustomersController (AuthNet).
2025-07-30 08:21:22.457 +05:30 [INF] Executed DbCommand (3ms) [Parameters=[], CommandType='"Text"', CommandTimeout='30']
SELECT COUNT(*)
FROM [Customers] AS [c]
2025-07-30 08:21:22.457 +05:30 [INF] Executing OkObjectResult, writing value of type 'System.Int32'.
2025-07-30 08:21:22.458 +05:30 [INF] Executed action AuthNet.Controllers.CustomersController.GetCustomerCount (AuthNet) in 8.3163ms
2025-07-30 08:21:22.458 +05:30 [INF] Executed endpoint 'AuthNet.Controllers.CustomersController.GetCustomerCount (AuthNet)'
2025-07-30 08:21:22.458 +05:30 [INF] Request finished HTTP/1.1 GET https://localhost:7165/api/Customers/count - 200 null application/json; charset=utf-8 9.5886ms
2025-07-30 08:21:22.472 +05:30 [INF] Request starting HTTP/1.1 GET https://localhost:7165/api/Tasks - null null
2025-07-30 08:21:22.473 +05:30 [INF] Executing endpoint 'AuthNet.Controllers.TasksController.GetTasks (AuthNet)'
2025-07-30 08:21:22.473 +05:30 [INF] Route matched with {action = "GetTasks", controller = "Tasks"}. Executing controller action with signature Microsoft.AspNetCore.Mvc.IActionResult GetTasks() on controller AuthNet.Controllers.TasksController (AuthNet).
2025-07-30 08:21:22.478 +05:30 [INF] Executed DbCommand (2ms) [Parameters=[], CommandType='"Text"', CommandTimeout='30']
SELECT [t].[Id], [t].[Title], [t].[DueDate]
FROM [Tasks] AS [t]
2025-07-30 08:21:22.478 +05:30 [INF] Executing OkObjectResult, writing value of type 'System.Collections.Generic.List`1[[AuthNet.Models.DTO.TaskItemDto, AuthNet, Version=1.0.0.0, Culture=neutral, PublicKeyToken=null]]'.
2025-07-30 08:21:22.478 +05:30 [INF] Executed action AuthNet.Controllers.TasksController.GetTasks (AuthNet) in 5.2247ms
2025-07-30 08:21:22.478 +05:30 [INF] Executed endpoint 'AuthNet.Controllers.TasksController.GetTasks (AuthNet)'
2025-07-30 08:21:22.479 +05:30 [INF] Request finished HTTP/1.1 GET https://localhost:7165/api/Tasks - 200 null application/json; charset=utf-8 6.3315ms
2025-07-30 08:21:22.525 +05:30 [INF] Request starting HTTP/1.1 GET https://localhost:7165/api/Settings/Get - null null
2025-07-30 08:21:22.526 +05:30 [INF] Executing endpoint 'AuthNet.Controllers.SettingsController.GetCompanyInfo (AuthNet)'
2025-07-30 08:21:22.526 +05:30 [INF] Route matched with {action = "GetCompanyInfo", controller = "Settings"}. Executing controller action with signature System.Threading.Tasks.Task`1[Microsoft.AspNetCore.Mvc.IActionResult] GetCompanyInfo() on controller AuthNet.Controllers.SettingsController (AuthNet).
2025-07-30 08:21:22.532 +05:30 [INF] Executed DbCommand (4ms) [Parameters=[], CommandType='"Text"', CommandTimeout='30']
SELECT TOP(1) [c].[Id], [c].[Address], [c].[AlternateContactNumber], [c].[ContactNumber], [c].[Email], [c].[GSTIN], [c].[LogoFileExtension], [c].[LogoFilePath], [c].[LogoFileSizeInBytes], [c].[LogoName], [c].[Name], [c].[SignFileExtension], [c].[SignFilePath], [c].[SignFileSizeInBytes], [c].[SignName]
FROM [CompanyInfos] AS [c]
2025-07-30 08:21:22.533 +05:30 [INF] Executing OkObjectResult, writing value of type 'AuthNet.Models.DTO.CompanyInfoResponseDto'.
2025-07-30 08:21:22.533 +05:30 [INF] Executed action AuthNet.Controllers.SettingsController.GetCompanyInfo (AuthNet) in 7.3961ms
2025-07-30 08:21:22.533 +05:30 [INF] Executed endpoint 'AuthNet.Controllers.SettingsController.GetCompanyInfo (AuthNet)'
2025-07-30 08:21:22.534 +05:30 [INF] Request finished HTTP/1.1 GET https://localhost:7165/api/Settings/Get - 200 null application/json; charset=utf-8 8.5669ms
2025-07-30 08:21:22.648 +05:30 [INF] Request starting HTTP/2 GET https://localhost:7165/api/Sales/WeeklyProfit - null null
2025-07-30 08:21:22.648 +05:30 [INF] Request starting HTTP/2 GET https://localhost:7165/api/Products/CategoryWiseProductCount - null null
2025-07-30 08:21:22.650 +05:30 [INF] CORS policy execution successful.
2025-07-30 08:21:22.650 +05:30 [INF] Executing endpoint 'AuthNet.Controllers.SalesController.GetWeeklyProfit (AuthNet)'
2025-07-30 08:21:22.650 +05:30 [INF] Route matched with {action = "GetWeeklyProfit", controller = "Sales"}. Executing controller action with signature System.Threading.Tasks.Task`1[Microsoft.AspNetCore.Mvc.IActionResult] GetWeeklyProfit() on controller AuthNet.Controllers.SalesController (AuthNet).
2025-07-30 08:21:22.652 +05:30 [INF] CORS policy execution successful.
2025-07-30 08:21:22.652 +05:30 [INF] Executing endpoint 'AuthNet.Controllers.ProductsController.GetCategoryWiseProductCount (AuthNet)'
2025-07-30 08:21:22.653 +05:30 [INF] Route matched with {action = "GetCategoryWiseProductCount", controller = "Products"}. Executing controller action with signature System.Threading.Tasks.Task`1[Microsoft.AspNetCore.Mvc.IActionResult] GetCategoryWiseProductCount() on controller AuthNet.Controllers.ProductsController (AuthNet).
2025-07-30 08:21:22.678 +05:30 [INF] Executed DbCommand (15ms) [Parameters=[], CommandType='"Text"', CommandTimeout='30']
SELECT [c].[Name] AS [CategoryName], COUNT(*) AS [ProductCount]
FROM [Products] AS [p]
LEFT JOIN [Categories] AS [c] ON [p].[CategoryId] = [c].[CategoryId]
WHERE [c].[CategoryId] IS NOT NULL
GROUP BY [c].[Name]
2025-07-30 08:21:22.679 +05:30 [INF] Executing OkObjectResult, writing value of type 'System.Collections.Generic.List`1[[AuthNet.Models.DTO.CategoryProductCountDto, AuthNet, Version=1.0.0.0, Culture=neutral, PublicKeyToken=null]]'.
2025-07-30 08:21:22.679 +05:30 [INF] Executed action AuthNet.Controllers.ProductsController.GetCategoryWiseProductCount (AuthNet) in 25.9409ms
2025-07-30 08:21:22.679 +05:30 [INF] Executed endpoint 'AuthNet.Controllers.ProductsController.GetCategoryWiseProductCount (AuthNet)'
2025-07-30 08:21:22.679 +05:30 [INF] Request finished HTTP/2 GET https://localhost:7165/api/Products/CategoryWiseProductCount - 200 null application/json; charset=utf-8 31.3364ms
2025-07-30 08:21:22.775 +05:30 [INF] Executed DbCommand (55ms) [Parameters=[@__startDate_0='?' (DbType = DateTime2), @__endDate_1='?' (DbType = DateTime2)], CommandType='"Text"', CommandTimeout='30']
SELECT [s].[Id], [s].[ProductId], [s].[ProductName], [s].[Quantity], [s].[SaleId], [s].[TotalPrice], [s].[UnitPrice], [s0].[Id], [s0].[AfterTaxAmount], [s0].[CreatedAt], [s0].[DiscountedAmount], [s0].[InvoiceDate], [s0].[InvoiceNo], [s0].[PrincipalAmount], [s0].[Template], [s0].[TotalAmount]
FROM [SaleItems] AS [s]
INNER JOIN [Sales] AS [s0] ON [s].[SaleId] = [s0].[Id]
WHERE CONVERT(date, [s0].[InvoiceDate]) >= @__startDate_0 AND CONVERT(date, [s0].[InvoiceDate]) <= @__endDate_1
2025-07-30 08:21:22.787 +05:30 [INF] Executed DbCommand (11ms) [Parameters=[@__productIds_0='?' (Size = 4000)], CommandType='"Text"', CommandTimeout='30']
SELECT [p].[ProductId], [p].[CategoryId], [p].[CostPrice], [p].[Description], [p].[Name], [p].[ProductCode], [p].[ProductKey], [p].[SellPrice], [p].[SupplierId]
FROM [Products] AS [p]
WHERE [p].[ProductId] IN (
    SELECT [p0].[value]
    FROM OPENJSON(@__productIds_0) WITH ([value] int '$') AS [p0]
)
2025-07-30 08:21:22.788 +05:30 [INF] Executing OkObjectResult, writing value of type 'System.Collections.Generic.List`1[[AuthNet.Models.DTO.DailyProfitDto, AuthNet, Version=1.0.0.0, Culture=neutral, PublicKeyToken=null]]'.
2025-07-30 08:21:22.789 +05:30 [INF] Executed action AuthNet.Controllers.SalesController.GetWeeklyProfit (AuthNet) in 138.8139ms
2025-07-30 08:21:22.789 +05:30 [INF] Executed endpoint 'AuthNet.Controllers.SalesController.GetWeeklyProfit (AuthNet)'
2025-07-30 08:21:22.790 +05:30 [INF] Request finished HTTP/2 GET https://localhost:7165/api/Sales/WeeklyProfit - 200 null application/json; charset=utf-8 141.8662ms
2025-07-30 08:22:30.255 +05:30 [INF] User profile is available. Using 'C:\Users\Admin\AppData\Local\ASP.NET\DataProtection-Keys' as key repository and Windows DPAPI to encrypt keys at rest.
2025-07-30 08:22:30.891 +05:30 [INF] Now listening on: https://localhost:7165
2025-07-30 08:22:30.893 +05:30 [INF] Now listening on: http://localhost:5008
2025-07-30 08:22:31.284 +05:30 [INF] Application started. Press Ctrl+C to shut down.
2025-07-30 08:22:31.285 +05:30 [INF] Hosting environment: Development
2025-07-30 08:22:31.285 +05:30 [INF] Content root path: C:\Users\Admin\Source\Repos\AuthNet\AuthNet
2025-07-30 08:22:32.304 +05:30 [INF] Request starting HTTP/2 GET https://localhost:7165/swagger/index.html - null null
2025-07-30 08:22:32.908 +05:30 [INF] Request finished HTTP/2 GET https://localhost:7165/swagger/index.html - 200 null text/html;charset=utf-8 629.3886ms
2025-07-30 08:22:32.919 +05:30 [INF] Request starting HTTP/2 GET https://localhost:7165/_framework/aspnetcore-browser-refresh.js - null null
2025-07-30 08:22:32.944 +05:30 [INF] Request starting HTTP/2 GET https://localhost:7165/_vs/browserLink - null null
2025-07-30 08:22:32.955 +05:30 [INF] Request finished HTTP/2 GET https://localhost:7165/_framework/aspnetcore-browser-refresh.js - 200 16499 application/javascript; charset=utf-8 35.8505ms
2025-07-30 08:22:33.072 +05:30 [INF] Request finished HTTP/2 GET https://localhost:7165/_vs/browserLink - 200 null text/javascript; charset=UTF-8 128.8652ms
2025-07-30 08:22:33.179 +05:30 [INF] Request starting HTTP/2 GET https://localhost:7165/swagger/v1/swagger.json - null null
2025-07-30 08:22:33.269 +05:30 [INF] Request starting HTTP/1.1 GET https://localhost:7165/api/Sales/DailyProfit - null null
2025-07-30 08:22:33.395 +05:30 [INF] Request finished HTTP/2 GET https://localhost:7165/swagger/v1/swagger.json - 200 null application/json;charset=utf-8 215.6214ms
2025-07-30 08:22:33.439 +05:30 [INF] Executing endpoint 'AuthNet.Controllers.SalesController.GetDailyProfit (AuthNet)'
2025-07-30 08:22:33.512 +05:30 [INF] Route matched with {action = "GetDailyProfit", controller = "Sales"}. Executing controller action with signature System.Threading.Tasks.Task`1[Microsoft.AspNetCore.Mvc.IActionResult] GetDailyProfit() on controller AuthNet.Controllers.SalesController (AuthNet).
2025-07-30 08:22:35.046 +05:30 [WRN] No store type was specified for the decimal property 'TotalAmount' on entity type 'Order'. This will cause values to be silently truncated if they do not fit in the default precision and scale. Explicitly specify the SQL server column type that can accommodate all the values in 'OnModelCreating' using 'HasColumnType', specify precision and scale using 'HasPrecision', or configure a value converter using 'HasConversion'.
2025-07-30 08:22:35.046 +05:30 [WRN] No store type was specified for the decimal property 'UnitPrice' on entity type 'OrderItem'. This will cause values to be silently truncated if they do not fit in the default precision and scale. Explicitly specify the SQL server column type that can accommodate all the values in 'OnModelCreating' using 'HasColumnType', specify precision and scale using 'HasPrecision', or configure a value converter using 'HasConversion'.
2025-07-30 08:22:35.046 +05:30 [WRN] No store type was specified for the decimal property 'CostPrice' on entity type 'Product'. This will cause values to be silently truncated if they do not fit in the default precision and scale. Explicitly specify the SQL server column type that can accommodate all the values in 'OnModelCreating' using 'HasColumnType', specify precision and scale using 'HasPrecision', or configure a value converter using 'HasConversion'.
2025-07-30 08:22:35.046 +05:30 [WRN] No store type was specified for the decimal property 'SellPrice' on entity type 'Product'. This will cause values to be silently truncated if they do not fit in the default precision and scale. Explicitly specify the SQL server column type that can accommodate all the values in 'OnModelCreating' using 'HasColumnType', specify precision and scale using 'HasPrecision', or configure a value converter using 'HasConversion'.
2025-07-30 08:22:35.047 +05:30 [WRN] No store type was specified for the decimal property 'TotalAmount' on entity type 'PurchaseOrder'. This will cause values to be silently truncated if they do not fit in the default precision and scale. Explicitly specify the SQL server column type that can accommodate all the values in 'OnModelCreating' using 'HasColumnType', specify precision and scale using 'HasPrecision', or configure a value converter using 'HasConversion'.
2025-07-30 08:22:35.047 +05:30 [WRN] No store type was specified for the decimal property 'UnitPrice' on entity type 'PurchaseOrderItems'. This will cause values to be silently truncated if they do not fit in the default precision and scale. Explicitly specify the SQL server column type that can accommodate all the values in 'OnModelCreating' using 'HasColumnType', specify precision and scale using 'HasPrecision', or configure a value converter using 'HasConversion'.
2025-07-30 08:22:35.047 +05:30 [WRN] No store type was specified for the decimal property 'AfterTaxAmount' on entity type 'Sale'. This will cause values to be silently truncated if they do not fit in the default precision and scale. Explicitly specify the SQL server column type that can accommodate all the values in 'OnModelCreating' using 'HasColumnType', specify precision and scale using 'HasPrecision', or configure a value converter using 'HasConversion'.
2025-07-30 08:22:35.047 +05:30 [WRN] No store type was specified for the decimal property 'DiscountedAmount' on entity type 'Sale'. This will cause values to be silently truncated if they do not fit in the default precision and scale. Explicitly specify the SQL server column type that can accommodate all the values in 'OnModelCreating' using 'HasColumnType', specify precision and scale using 'HasPrecision', or configure a value converter using 'HasConversion'.
2025-07-30 08:22:35.047 +05:30 [WRN] No store type was specified for the decimal property 'PrincipalAmount' on entity type 'Sale'. This will cause values to be silently truncated if they do not fit in the default precision and scale. Explicitly specify the SQL server column type that can accommodate all the values in 'OnModelCreating' using 'HasColumnType', specify precision and scale using 'HasPrecision', or configure a value converter using 'HasConversion'.
2025-07-30 08:22:35.047 +05:30 [WRN] No store type was specified for the decimal property 'TotalAmount' on entity type 'Sale'. This will cause values to be silently truncated if they do not fit in the default precision and scale. Explicitly specify the SQL server column type that can accommodate all the values in 'OnModelCreating' using 'HasColumnType', specify precision and scale using 'HasPrecision', or configure a value converter using 'HasConversion'.
2025-07-30 08:22:35.047 +05:30 [WRN] No store type was specified for the decimal property 'TotalPrice' on entity type 'SaleItem'. This will cause values to be silently truncated if they do not fit in the default precision and scale. Explicitly specify the SQL server column type that can accommodate all the values in 'OnModelCreating' using 'HasColumnType', specify precision and scale using 'HasPrecision', or configure a value converter using 'HasConversion'.
2025-07-30 08:22:35.047 +05:30 [WRN] No store type was specified for the decimal property 'UnitPrice' on entity type 'SaleItem'. This will cause values to be silently truncated if they do not fit in the default precision and scale. Explicitly specify the SQL server column type that can accommodate all the values in 'OnModelCreating' using 'HasColumnType', specify precision and scale using 'HasPrecision', or configure a value converter using 'HasConversion'.
2025-07-30 08:22:35.047 +05:30 [WRN] No store type was specified for the decimal property 'CGST' on entity type 'TaxSetting'. This will cause values to be silently truncated if they do not fit in the default precision and scale. Explicitly specify the SQL server column type that can accommodate all the values in 'OnModelCreating' using 'HasColumnType', specify precision and scale using 'HasPrecision', or configure a value converter using 'HasConversion'.
2025-07-30 08:22:35.047 +05:30 [WRN] No store type was specified for the decimal property 'IGST' on entity type 'TaxSetting'. This will cause values to be silently truncated if they do not fit in the default precision and scale. Explicitly specify the SQL server column type that can accommodate all the values in 'OnModelCreating' using 'HasColumnType', specify precision and scale using 'HasPrecision', or configure a value converter using 'HasConversion'.
2025-07-30 08:22:35.047 +05:30 [WRN] No store type was specified for the decimal property 'SGST' on entity type 'TaxSetting'. This will cause values to be silently truncated if they do not fit in the default precision and scale. Explicitly specify the SQL server column type that can accommodate all the values in 'OnModelCreating' using 'HasColumnType', specify precision and scale using 'HasPrecision', or configure a value converter using 'HasConversion'.
2025-07-30 08:22:36.354 +05:30 [INF] Executed DbCommand (98ms) [Parameters=[@__date_Date_0='?' (DbType = DateTime2)], CommandType='"Text"', CommandTimeout='30']
SELECT [s].[Id], [s].[ProductId], [s].[ProductName], [s].[Quantity], [s].[SaleId], [s].[TotalPrice], [s].[UnitPrice], [s0].[Id], [s0].[AfterTaxAmount], [s0].[CreatedAt], [s0].[DiscountedAmount], [s0].[InvoiceDate], [s0].[InvoiceNo], [s0].[PrincipalAmount], [s0].[Template], [s0].[TotalAmount]
FROM [SaleItems] AS [s]
INNER JOIN [Sales] AS [s0] ON [s].[SaleId] = [s0].[Id]
WHERE CONVERT(date, [s0].[InvoiceDate]) = @__date_Date_0
2025-07-30 08:22:36.528 +05:30 [INF] Executed DbCommand (16ms) [Parameters=[@__productIds_0='?' (Size = 4000)], CommandType='"Text"', CommandTimeout='30']
SELECT [p].[ProductId], [p].[CategoryId], [p].[CostPrice], [p].[Description], [p].[Name], [p].[ProductCode], [p].[ProductKey], [p].[SellPrice], [p].[SupplierId]
FROM [Products] AS [p]
WHERE [p].[ProductId] IN (
    SELECT [p0].[value]
    FROM OPENJSON(@__productIds_0) WITH ([value] int '$') AS [p0]
)
2025-07-30 08:22:36.539 +05:30 [INF] Executing OkObjectResult, writing value of type 'AuthNet.Models.DTO.DailyProfitDto'.
2025-07-30 08:22:36.574 +05:30 [INF] Executed action AuthNet.Controllers.SalesController.GetDailyProfit (AuthNet) in 3056.7856ms
2025-07-30 08:22:36.575 +05:30 [INF] Executed endpoint 'AuthNet.Controllers.SalesController.GetDailyProfit (AuthNet)'
2025-07-30 08:22:36.592 +05:30 [INF] Request finished HTTP/1.1 GET https://localhost:7165/api/Sales/DailyProfit - 200 null application/json; charset=utf-8 3329.3707ms
2025-07-30 08:22:36.617 +05:30 [INF] Request starting HTTP/1.1 GET https://localhost:7165/api/Sales/CurrentMonthProfit - null null
2025-07-30 08:22:36.624 +05:30 [INF] Executing endpoint 'AuthNet.Controllers.SalesController.GetCurrentMonthProfit (AuthNet)'
2025-07-30 08:22:36.628 +05:30 [INF] Route matched with {action = "GetCurrentMonthProfit", controller = "Sales"}. Executing controller action with signature System.Threading.Tasks.Task`1[Microsoft.AspNetCore.Mvc.IActionResult] GetCurrentMonthProfit() on controller AuthNet.Controllers.SalesController (AuthNet).
2025-07-30 08:22:36.701 +05:30 [INF] Executed DbCommand (9ms) [Parameters=[@__currentYear_0='?' (DbType = Int32), @__currentMonth_1='?' (DbType = Int32)], CommandType='"Text"', CommandTimeout='30']
SELECT [s].[Id], [s].[ProductId], [s].[ProductName], [s].[Quantity], [s].[SaleId], [s].[TotalPrice], [s].[UnitPrice], [s0].[Id], [s0].[AfterTaxAmount], [s0].[CreatedAt], [s0].[DiscountedAmount], [s0].[InvoiceDate], [s0].[InvoiceNo], [s0].[PrincipalAmount], [s0].[Template], [s0].[TotalAmount]
FROM [SaleItems] AS [s]
INNER JOIN [Sales] AS [s0] ON [s].[SaleId] = [s0].[Id]
WHERE DATEPART(year, [s0].[InvoiceDate]) = @__currentYear_0 AND DATEPART(month, [s0].[InvoiceDate]) = @__currentMonth_1
2025-07-30 08:22:36.867 +05:30 [INF] Executed DbCommand (7ms) [Parameters=[@__productIds_0='?' (Size = 4000)], CommandType='"Text"', CommandTimeout='30']
SELECT [p].[ProductId], [p].[CategoryId], [p].[CostPrice], [p].[Description], [p].[Name], [p].[ProductCode], [p].[ProductKey], [p].[SellPrice], [p].[SupplierId]
FROM [Products] AS [p]
WHERE [p].[ProductId] IN (
    SELECT [p0].[value]
    FROM OPENJSON(@__productIds_0) WITH ([value] int '$') AS [p0]
)
2025-07-30 08:22:36.898 +05:30 [INF] Executing OkObjectResult, writing value of type 'AuthNet.Models.DTO.MonthlyProfitDto'.
2025-07-30 08:22:36.901 +05:30 [INF] Executed action AuthNet.Controllers.SalesController.GetCurrentMonthProfit (AuthNet) in 272.2348ms
2025-07-30 08:22:36.901 +05:30 [INF] Executed endpoint 'AuthNet.Controllers.SalesController.GetCurrentMonthProfit (AuthNet)'
2025-07-30 08:22:36.902 +05:30 [INF] Request finished HTTP/1.1 GET https://localhost:7165/api/Sales/CurrentMonthProfit - 200 null application/json; charset=utf-8 284.509ms
2025-07-30 08:22:36.921 +05:30 [INF] Request starting HTTP/1.1 GET https://localhost:7165/api/Sales/CurrentYearProfit - null null
2025-07-30 08:22:36.926 +05:30 [INF] Executing endpoint 'AuthNet.Controllers.SalesController.GetCurrentYearProfit (AuthNet)'
2025-07-30 08:22:36.942 +05:30 [INF] Route matched with {action = "GetCurrentYearProfit", controller = "Sales"}. Executing controller action with signature System.Threading.Tasks.Task`1[Microsoft.AspNetCore.Mvc.IActionResult] GetCurrentYearProfit() on controller AuthNet.Controllers.SalesController (AuthNet).
2025-07-30 08:22:37.063 +05:30 [INF] Executed DbCommand (7ms) [Parameters=[@__currentYear_0='?' (DbType = Int32)], CommandType='"Text"', CommandTimeout='30']
SELECT [s].[Id], [s].[ProductId], [s].[ProductName], [s].[Quantity], [s].[SaleId], [s].[TotalPrice], [s].[UnitPrice], [s0].[Id], [s0].[AfterTaxAmount], [s0].[CreatedAt], [s0].[DiscountedAmount], [s0].[InvoiceDate], [s0].[InvoiceNo], [s0].[PrincipalAmount], [s0].[Template], [s0].[TotalAmount]
FROM [SaleItems] AS [s]
INNER JOIN [Sales] AS [s0] ON [s].[SaleId] = [s0].[Id]
WHERE DATEPART(year, [s0].[InvoiceDate]) = @__currentYear_0
2025-07-30 08:22:37.071 +05:30 [INF] Executed DbCommand (5ms) [Parameters=[@__productIds_0='?' (Size = 4000)], CommandType='"Text"', CommandTimeout='30']
SELECT [p].[ProductId], [p].[CategoryId], [p].[CostPrice], [p].[Description], [p].[Name], [p].[ProductCode], [p].[ProductKey], [p].[SellPrice], [p].[SupplierId]
FROM [Products] AS [p]
WHERE [p].[ProductId] IN (
    SELECT [p0].[value]
    FROM OPENJSON(@__productIds_0) WITH ([value] int '$') AS [p0]
)
2025-07-30 08:22:37.072 +05:30 [INF] Executing OkObjectResult, writing value of type 'AuthNet.Models.DTO.YearlyProfitDto'.
2025-07-30 08:22:37.073 +05:30 [INF] Executed action AuthNet.Controllers.SalesController.GetCurrentYearProfit (AuthNet) in 131.4433ms
2025-07-30 08:22:37.073 +05:30 [INF] Executed endpoint 'AuthNet.Controllers.SalesController.GetCurrentYearProfit (AuthNet)'
2025-07-30 08:22:37.074 +05:30 [INF] Request finished HTTP/1.1 GET https://localhost:7165/api/Sales/CurrentYearProfit - 200 null application/json; charset=utf-8 153.1043ms
2025-07-30 08:22:37.090 +05:30 [INF] Request starting HTTP/1.1 GET https://localhost:7165/api/Products/count - null null
2025-07-30 08:22:37.091 +05:30 [INF] Executing endpoint 'AuthNet.Controllers.ProductsController.GetProductCount (AuthNet)'
2025-07-30 08:22:37.094 +05:30 [INF] Route matched with {action = "GetProductCount", controller = "Products"}. Executing controller action with signature System.Threading.Tasks.Task`1[Microsoft.AspNetCore.Mvc.IActionResult] GetProductCount() on controller AuthNet.Controllers.ProductsController (AuthNet).
2025-07-30 08:22:37.113 +05:30 [INF] Executed DbCommand (3ms) [Parameters=[], CommandType='"Text"', CommandTimeout='30']
SELECT COUNT(*)
FROM [Products] AS [p]
2025-07-30 08:22:37.122 +05:30 [INF] Executing OkObjectResult, writing value of type 'System.Int32'.
2025-07-30 08:22:37.126 +05:30 [INF] Executed action AuthNet.Controllers.ProductsController.GetProductCount (AuthNet) in 31.5453ms
2025-07-30 08:22:37.126 +05:30 [INF] Executed endpoint 'AuthNet.Controllers.ProductsController.GetProductCount (AuthNet)'
2025-07-30 08:22:37.128 +05:30 [INF] Request finished HTTP/1.1 GET https://localhost:7165/api/Products/count - 200 null application/json; charset=utf-8 37.8134ms
2025-07-30 08:22:37.152 +05:30 [INF] Request starting HTTP/1.1 GET https://localhost:7165/api/Suppliers/count - null null
2025-07-30 08:22:37.152 +05:30 [INF] Executing endpoint 'AuthNet.Controllers.SuppliersController.GetSupplierCount (AuthNet)'
2025-07-30 08:22:37.156 +05:30 [INF] Route matched with {action = "GetSupplierCount", controller = "Suppliers"}. Executing controller action with signature System.Threading.Tasks.Task`1[Microsoft.AspNetCore.Mvc.IActionResult] GetSupplierCount() on controller AuthNet.Controllers.SuppliersController (AuthNet).
2025-07-30 08:22:37.166 +05:30 [INF] Executed DbCommand (5ms) [Parameters=[], CommandType='"Text"', CommandTimeout='30']
SELECT COUNT(*)
FROM [Suppliers] AS [s]
2025-07-30 08:22:37.168 +05:30 [INF] Executing OkObjectResult, writing value of type 'System.Int32'.
2025-07-30 08:22:37.168 +05:30 [INF] Executed action AuthNet.Controllers.SuppliersController.GetSupplierCount (AuthNet) in 11.5164ms
2025-07-30 08:22:37.168 +05:30 [INF] Executed endpoint 'AuthNet.Controllers.SuppliersController.GetSupplierCount (AuthNet)'
2025-07-30 08:22:37.169 +05:30 [INF] Request finished HTTP/1.1 GET https://localhost:7165/api/Suppliers/count - 200 null application/json; charset=utf-8 16.9498ms
2025-07-30 08:22:37.185 +05:30 [INF] Request starting HTTP/1.1 GET https://localhost:7165/api/Categories/count - null null
2025-07-30 08:22:37.185 +05:30 [INF] Executing endpoint 'AuthNet.Controllers.CategoriesController.GetCategoryCount (AuthNet)'
2025-07-30 08:22:37.192 +05:30 [INF] Route matched with {action = "GetCategoryCount", controller = "Categories"}. Executing controller action with signature System.Threading.Tasks.Task`1[Microsoft.AspNetCore.Mvc.IActionResult] GetCategoryCount() on controller AuthNet.Controllers.CategoriesController (AuthNet).
2025-07-30 08:22:37.207 +05:30 [INF] Executed DbCommand (3ms) [Parameters=[], CommandType='"Text"', CommandTimeout='30']
SELECT COUNT(*)
FROM [Categories] AS [c]
2025-07-30 08:22:37.207 +05:30 [INF] Executing OkObjectResult, writing value of type 'System.Int32'.
2025-07-30 08:22:37.208 +05:30 [INF] Executed action AuthNet.Controllers.CategoriesController.GetCategoryCount (AuthNet) in 15.5818ms
2025-07-30 08:22:37.208 +05:30 [INF] Executed endpoint 'AuthNet.Controllers.CategoriesController.GetCategoryCount (AuthNet)'
2025-07-30 08:22:37.208 +05:30 [INF] Request finished HTTP/1.1 GET https://localhost:7165/api/Categories/count - 200 null application/json; charset=utf-8 23.4371ms
2025-07-30 08:22:37.224 +05:30 [INF] Request starting HTTP/1.1 GET https://localhost:7165/api/Orders/count - null null
2025-07-30 08:22:37.224 +05:30 [INF] Executing endpoint 'AuthNet.Controllers.OrdersController.GetOrderCount (AuthNet)'
2025-07-30 08:22:37.231 +05:30 [INF] Route matched with {action = "GetOrderCount", controller = "Orders"}. Executing controller action with signature System.Threading.Tasks.Task`1[Microsoft.AspNetCore.Mvc.IActionResult] GetOrderCount() on controller AuthNet.Controllers.OrdersController (AuthNet).
2025-07-30 08:22:37.240 +05:30 [INF] Executed DbCommand (4ms) [Parameters=[], CommandType='"Text"', CommandTimeout='30']
SELECT COUNT(*)
FROM [Orders] AS [o]
2025-07-30 08:22:37.241 +05:30 [INF] Executing OkObjectResult, writing value of type 'System.Int32'.
2025-07-30 08:22:37.241 +05:30 [INF] Executed action AuthNet.Controllers.OrdersController.GetOrderCount (AuthNet) in 9.7292ms
2025-07-30 08:22:37.241 +05:30 [INF] Executed endpoint 'AuthNet.Controllers.OrdersController.GetOrderCount (AuthNet)'
2025-07-30 08:22:37.242 +05:30 [INF] Request finished HTTP/1.1 GET https://localhost:7165/api/Orders/count - 200 null application/json; charset=utf-8 18.219ms
2025-07-30 08:22:37.273 +05:30 [INF] Request starting HTTP/1.1 GET https://localhost:7165/api/Customers/count - null null
2025-07-30 08:22:37.274 +05:30 [INF] Executing endpoint 'AuthNet.Controllers.CustomersController.GetCustomerCount (AuthNet)'
2025-07-30 08:22:37.279 +05:30 [INF] Route matched with {action = "GetCustomerCount", controller = "Customers"}. Executing controller action with signature System.Threading.Tasks.Task`1[Microsoft.AspNetCore.Mvc.IActionResult] GetCustomerCount() on controller AuthNet.Controllers.CustomersController (AuthNet).
2025-07-30 08:22:37.289 +05:30 [INF] Executed DbCommand (4ms) [Parameters=[], CommandType='"Text"', CommandTimeout='30']
SELECT COUNT(*)
FROM [Customers] AS [c]
2025-07-30 08:22:37.290 +05:30 [INF] Executing OkObjectResult, writing value of type 'System.Int32'.
2025-07-30 08:22:37.290 +05:30 [INF] Executed action AuthNet.Controllers.CustomersController.GetCustomerCount (AuthNet) in 10.9969ms
2025-07-30 08:22:37.290 +05:30 [INF] Executed endpoint 'AuthNet.Controllers.CustomersController.GetCustomerCount (AuthNet)'
2025-07-30 08:22:37.291 +05:30 [INF] Request finished HTTP/1.1 GET https://localhost:7165/api/Customers/count - 200 null application/json; charset=utf-8 29.0681ms
2025-07-30 08:22:37.305 +05:30 [INF] Request starting HTTP/1.1 GET https://localhost:7165/api/Tasks - null null
2025-07-30 08:22:37.305 +05:30 [INF] Executing endpoint 'AuthNet.Controllers.TasksController.GetTasks (AuthNet)'
2025-07-30 08:22:37.307 +05:30 [INF] Route matched with {action = "GetTasks", controller = "Tasks"}. Executing controller action with signature Microsoft.AspNetCore.Mvc.IActionResult GetTasks() on controller AuthNet.Controllers.TasksController (AuthNet).
2025-07-30 08:22:37.339 +05:30 [INF] Executed DbCommand (5ms) [Parameters=[], CommandType='"Text"', CommandTimeout='30']
SELECT [t].[Id], [t].[Title], [t].[DueDate]
FROM [Tasks] AS [t]
2025-07-30 08:22:37.345 +05:30 [INF] Executing OkObjectResult, writing value of type 'System.Collections.Generic.List`1[[AuthNet.Models.DTO.TaskItemDto, AuthNet, Version=1.0.0.0, Culture=neutral, PublicKeyToken=null]]'.
2025-07-30 08:22:37.368 +05:30 [INF] Executed action AuthNet.Controllers.TasksController.GetTasks (AuthNet) in 60.3636ms
2025-07-30 08:22:37.369 +05:30 [INF] Executed endpoint 'AuthNet.Controllers.TasksController.GetTasks (AuthNet)'
2025-07-30 08:22:37.370 +05:30 [INF] Request finished HTTP/1.1 GET https://localhost:7165/api/Tasks - 200 null application/json; charset=utf-8 65.27ms
2025-07-30 08:22:37.403 +05:30 [INF] Request starting HTTP/1.1 GET https://localhost:7165/api/Settings/Get - null null
2025-07-30 08:22:37.404 +05:30 [INF] Executing endpoint 'AuthNet.Controllers.SettingsController.GetCompanyInfo (AuthNet)'
2025-07-30 08:22:37.409 +05:30 [INF] Route matched with {action = "GetCompanyInfo", controller = "Settings"}. Executing controller action with signature System.Threading.Tasks.Task`1[Microsoft.AspNetCore.Mvc.IActionResult] GetCompanyInfo() on controller AuthNet.Controllers.SettingsController (AuthNet).
2025-07-30 08:22:37.425 +05:30 [WRN] The query uses the 'First'/'FirstOrDefault' operator without 'OrderBy' and filter operators. This may lead to unpredictable results.
2025-07-30 08:22:37.440 +05:30 [INF] Executed DbCommand (6ms) [Parameters=[], CommandType='"Text"', CommandTimeout='30']
SELECT TOP(1) [c].[Id], [c].[Address], [c].[AlternateContactNumber], [c].[ContactNumber], [c].[Email], [c].[GSTIN], [c].[LogoFileExtension], [c].[LogoFilePath], [c].[LogoFileSizeInBytes], [c].[LogoName], [c].[Name], [c].[SignFileExtension], [c].[SignFilePath], [c].[SignFileSizeInBytes], [c].[SignName]
FROM [CompanyInfos] AS [c]
2025-07-30 08:22:37.492 +05:30 [INF] Executing OkObjectResult, writing value of type 'AuthNet.Models.DTO.CompanyInfoResponseDto'.
2025-07-30 08:22:37.495 +05:30 [INF] Executed action AuthNet.Controllers.SettingsController.GetCompanyInfo (AuthNet) in 85.3397ms
2025-07-30 08:22:37.495 +05:30 [INF] Executed endpoint 'AuthNet.Controllers.SettingsController.GetCompanyInfo (AuthNet)'
2025-07-30 08:22:37.496 +05:30 [INF] Request finished HTTP/1.1 GET https://localhost:7165/api/Settings/Get - 200 null application/json; charset=utf-8 92.6493ms
2025-07-30 08:22:38.275 +05:30 [INF] Request starting HTTP/2 GET https://localhost:7165/api/Sales/WeeklyProfit - null null
2025-07-30 08:22:38.275 +05:30 [INF] Request starting HTTP/2 GET https://localhost:7165/api/Products/CategoryWiseProductCount - null null
2025-07-30 08:22:38.278 +05:30 [INF] CORS policy execution successful.
2025-07-30 08:22:38.279 +05:30 [INF] CORS policy execution successful.
2025-07-30 08:22:38.280 +05:30 [INF] Executing endpoint 'AuthNet.Controllers.SalesController.GetWeeklyProfit (AuthNet)'
2025-07-30 08:22:38.280 +05:30 [INF] Executing endpoint 'AuthNet.Controllers.ProductsController.GetCategoryWiseProductCount (AuthNet)'
2025-07-30 08:22:38.286 +05:30 [INF] Route matched with {action = "GetWeeklyProfit", controller = "Sales"}. Executing controller action with signature System.Threading.Tasks.Task`1[Microsoft.AspNetCore.Mvc.IActionResult] GetWeeklyProfit() on controller AuthNet.Controllers.SalesController (AuthNet).
2025-07-30 08:22:38.286 +05:30 [INF] Route matched with {action = "GetCategoryWiseProductCount", controller = "Products"}. Executing controller action with signature System.Threading.Tasks.Task`1[Microsoft.AspNetCore.Mvc.IActionResult] GetCategoryWiseProductCount() on controller AuthNet.Controllers.ProductsController (AuthNet).
2025-07-30 08:22:38.321 +05:30 [INF] Executed DbCommand (12ms) [Parameters=[@__startDate_0='?' (DbType = DateTime2), @__endDate_1='?' (DbType = DateTime2)], CommandType='"Text"', CommandTimeout='30']
SELECT [s].[Id], [s].[ProductId], [s].[ProductName], [s].[Quantity], [s].[SaleId], [s].[TotalPrice], [s].[UnitPrice], [s0].[Id], [s0].[AfterTaxAmount], [s0].[CreatedAt], [s0].[DiscountedAmount], [s0].[InvoiceDate], [s0].[InvoiceNo], [s0].[PrincipalAmount], [s0].[Template], [s0].[TotalAmount]
FROM [SaleItems] AS [s]
INNER JOIN [Sales] AS [s0] ON [s].[SaleId] = [s0].[Id]
WHERE CONVERT(date, [s0].[InvoiceDate]) >= @__startDate_0 AND CONVERT(date, [s0].[InvoiceDate]) <= @__endDate_1
2025-07-30 08:22:38.336 +05:30 [INF] Executed DbCommand (11ms) [Parameters=[@__productIds_0='?' (Size = 4000)], CommandType='"Text"', CommandTimeout='30']
SELECT [p].[ProductId], [p].[CategoryId], [p].[CostPrice], [p].[Description], [p].[Name], [p].[ProductCode], [p].[ProductKey], [p].[SellPrice], [p].[SupplierId]
FROM [Products] AS [p]
WHERE [p].[ProductId] IN (
    SELECT [p0].[value]
    FROM OPENJSON(@__productIds_0) WITH ([value] int '$') AS [p0]
)
2025-07-30 08:22:38.354 +05:30 [INF] Executing OkObjectResult, writing value of type 'System.Collections.Generic.List`1[[AuthNet.Models.DTO.DailyProfitDto, AuthNet, Version=1.0.0.0, Culture=neutral, PublicKeyToken=null]]'.
2025-07-30 08:22:38.356 +05:30 [INF] Executed action AuthNet.Controllers.SalesController.GetWeeklyProfit (AuthNet) in 70.2852ms
2025-07-30 08:22:38.357 +05:30 [INF] Executed endpoint 'AuthNet.Controllers.SalesController.GetWeeklyProfit (AuthNet)'
2025-07-30 08:22:38.357 +05:30 [INF] Request finished HTTP/2 GET https://localhost:7165/api/Sales/WeeklyProfit - 200 null application/json; charset=utf-8 82.1373ms
2025-07-30 08:22:38.426 +05:30 [INF] Executed DbCommand (18ms) [Parameters=[], CommandType='"Text"', CommandTimeout='30']
SELECT [c].[Name] AS [CategoryName], COUNT(*) AS [ProductCount]
FROM [Products] AS [p]
LEFT JOIN [Categories] AS [c] ON [p].[CategoryId] = [c].[CategoryId]
WHERE [c].[CategoryId] IS NOT NULL
GROUP BY [c].[Name]
2025-07-30 08:22:38.427 +05:30 [INF] Executing OkObjectResult, writing value of type 'System.Collections.Generic.List`1[[AuthNet.Models.DTO.CategoryProductCountDto, AuthNet, Version=1.0.0.0, Culture=neutral, PublicKeyToken=null]]'.
2025-07-30 08:22:38.433 +05:30 [INF] Executed action AuthNet.Controllers.ProductsController.GetCategoryWiseProductCount (AuthNet) in 147.0842ms
2025-07-30 08:22:38.434 +05:30 [INF] Executed endpoint 'AuthNet.Controllers.ProductsController.GetCategoryWiseProductCount (AuthNet)'
2025-07-30 08:22:38.434 +05:30 [INF] Request finished HTTP/2 GET https://localhost:7165/api/Products/CategoryWiseProductCount - 200 null application/json; charset=utf-8 158.7373ms
2025-07-30 08:22:45.174 +05:30 [INF] Request starting HTTP/1.1 POST https://localhost:7165/api/Auth/login - application/json; charset=utf-8 null
2025-07-30 08:22:45.176 +05:30 [INF] Executing endpoint 'AuthNet.Controllers.AuthController.Login (AuthNet)'
2025-07-30 08:22:45.190 +05:30 [INF] Route matched with {action = "Login", controller = "Auth"}. Executing controller action with signature System.Threading.Tasks.Task`1[Microsoft.AspNetCore.Mvc.IActionResult] Login(AuthNet.Models.DTO.LoginDto) on controller AuthNet.Controllers.AuthController (AuthNet).
2025-07-30 08:22:45.273 +05:30 [INF] Executed DbCommand (5ms) [Parameters=[@__username_0='?' (Size = 100)], CommandType='"Text"', CommandTimeout='30']
SELECT TOP(1) [u].[UserId], [u].[CreatedAt], [u].[Email], [u].[Firstname], [u].[Lastname], [u].[PasswordHash], [u].[Role], [u].[Username]
FROM [Users] AS [u]
WHERE [u].[Username] = @__username_0
2025-07-30 08:22:45.956 +05:30 [INF] Executing OkObjectResult, writing value of type 'AuthNet.Models.DTO.ServiceResponse`1[[AuthNet.Models.DTO.LoginResponseDto, AuthNet, Version=1.0.0.0, Culture=neutral, PublicKeyToken=null]]'.
2025-07-30 08:22:45.960 +05:30 [INF] Executed action AuthNet.Controllers.AuthController.Login (AuthNet) in 769.9417ms
2025-07-30 08:22:45.960 +05:30 [INF] Executed endpoint 'AuthNet.Controllers.AuthController.Login (AuthNet)'
2025-07-30 08:22:45.961 +05:30 [INF] Request finished HTTP/1.1 POST https://localhost:7165/api/Auth/login - 200 null application/json; charset=utf-8 786.2162ms
2025-07-30 08:22:45.990 +05:30 [INF] Request starting HTTP/1.1 GET https://localhost:7165/api/Sales/DailyProfit - null null
2025-07-30 08:22:45.991 +05:30 [INF] Executing endpoint 'AuthNet.Controllers.SalesController.GetDailyProfit (AuthNet)'
2025-07-30 08:22:45.991 +05:30 [INF] Route matched with {action = "GetDailyProfit", controller = "Sales"}. Executing controller action with signature System.Threading.Tasks.Task`1[Microsoft.AspNetCore.Mvc.IActionResult] GetDailyProfit() on controller AuthNet.Controllers.SalesController (AuthNet).
2025-07-30 08:22:46.001 +05:30 [INF] Executed DbCommand (7ms) [Parameters=[@__date_Date_0='?' (DbType = DateTime2)], CommandType='"Text"', CommandTimeout='30']
SELECT [s].[Id], [s].[ProductId], [s].[ProductName], [s].[Quantity], [s].[SaleId], [s].[TotalPrice], [s].[UnitPrice], [s0].[Id], [s0].[AfterTaxAmount], [s0].[CreatedAt], [s0].[DiscountedAmount], [s0].[InvoiceDate], [s0].[InvoiceNo], [s0].[PrincipalAmount], [s0].[Template], [s0].[TotalAmount]
FROM [SaleItems] AS [s]
INNER JOIN [Sales] AS [s0] ON [s].[SaleId] = [s0].[Id]
WHERE CONVERT(date, [s0].[InvoiceDate]) = @__date_Date_0
2025-07-30 08:22:46.006 +05:30 [INF] Executed DbCommand (5ms) [Parameters=[@__productIds_0='?' (Size = 4000)], CommandType='"Text"', CommandTimeout='30']
SELECT [p].[ProductId], [p].[CategoryId], [p].[CostPrice], [p].[Description], [p].[Name], [p].[ProductCode], [p].[ProductKey], [p].[SellPrice], [p].[SupplierId]
FROM [Products] AS [p]
WHERE [p].[ProductId] IN (
    SELECT [p0].[value]
    FROM OPENJSON(@__productIds_0) WITH ([value] int '$') AS [p0]
)
2025-07-30 08:22:46.006 +05:30 [INF] Executing OkObjectResult, writing value of type 'AuthNet.Models.DTO.DailyProfitDto'.
2025-07-30 08:22:46.007 +05:30 [INF] Executed action AuthNet.Controllers.SalesController.GetDailyProfit (AuthNet) in 15.2461ms
2025-07-30 08:22:46.007 +05:30 [INF] Executed endpoint 'AuthNet.Controllers.SalesController.GetDailyProfit (AuthNet)'
2025-07-30 08:22:46.007 +05:30 [INF] Request finished HTTP/1.1 GET https://localhost:7165/api/Sales/DailyProfit - 200 null application/json; charset=utf-8 17.5015ms
2025-07-30 08:22:46.019 +05:30 [INF] Request starting HTTP/1.1 GET https://localhost:7165/api/Sales/CurrentMonthProfit - null null
2025-07-30 08:22:46.020 +05:30 [INF] Executing endpoint 'AuthNet.Controllers.SalesController.GetCurrentMonthProfit (AuthNet)'
2025-07-30 08:22:46.020 +05:30 [INF] Route matched with {action = "GetCurrentMonthProfit", controller = "Sales"}. Executing controller action with signature System.Threading.Tasks.Task`1[Microsoft.AspNetCore.Mvc.IActionResult] GetCurrentMonthProfit() on controller AuthNet.Controllers.SalesController (AuthNet).
2025-07-30 08:22:46.026 +05:30 [INF] Executed DbCommand (5ms) [Parameters=[@__currentYear_0='?' (DbType = Int32), @__currentMonth_1='?' (DbType = Int32)], CommandType='"Text"', CommandTimeout='30']
SELECT [s].[Id], [s].[ProductId], [s].[ProductName], [s].[Quantity], [s].[SaleId], [s].[TotalPrice], [s].[UnitPrice], [s0].[Id], [s0].[AfterTaxAmount], [s0].[CreatedAt], [s0].[DiscountedAmount], [s0].[InvoiceDate], [s0].[InvoiceNo], [s0].[PrincipalAmount], [s0].[Template], [s0].[TotalAmount]
FROM [SaleItems] AS [s]
INNER JOIN [Sales] AS [s0] ON [s].[SaleId] = [s0].[Id]
WHERE DATEPART(year, [s0].[InvoiceDate]) = @__currentYear_0 AND DATEPART(month, [s0].[InvoiceDate]) = @__currentMonth_1
2025-07-30 08:22:46.029 +05:30 [INF] Executed DbCommand (1ms) [Parameters=[@__productIds_0='?' (Size = 4000)], CommandType='"Text"', CommandTimeout='30']
SELECT [p].[ProductId], [p].[CategoryId], [p].[CostPrice], [p].[Description], [p].[Name], [p].[ProductCode], [p].[ProductKey], [p].[SellPrice], [p].[SupplierId]
FROM [Products] AS [p]
WHERE [p].[ProductId] IN (
    SELECT [p0].[value]
    FROM OPENJSON(@__productIds_0) WITH ([value] int '$') AS [p0]
)
2025-07-30 08:22:46.029 +05:30 [INF] Executing OkObjectResult, writing value of type 'AuthNet.Models.DTO.MonthlyProfitDto'.
2025-07-30 08:22:46.030 +05:30 [INF] Executed action AuthNet.Controllers.SalesController.GetCurrentMonthProfit (AuthNet) in 9.8495ms
2025-07-30 08:22:46.030 +05:30 [INF] Executed endpoint 'AuthNet.Controllers.SalesController.GetCurrentMonthProfit (AuthNet)'
2025-07-30 08:22:46.031 +05:30 [INF] Request finished HTTP/1.1 GET https://localhost:7165/api/Sales/CurrentMonthProfit - 200 null application/json; charset=utf-8 11.6267ms
2025-07-30 08:22:46.042 +05:30 [INF] Request starting HTTP/1.1 GET https://localhost:7165/api/Sales/CurrentYearProfit - null null
2025-07-30 08:22:46.043 +05:30 [INF] Executing endpoint 'AuthNet.Controllers.SalesController.GetCurrentYearProfit (AuthNet)'
2025-07-30 08:22:46.043 +05:30 [INF] Route matched with {action = "GetCurrentYearProfit", controller = "Sales"}. Executing controller action with signature System.Threading.Tasks.Task`1[Microsoft.AspNetCore.Mvc.IActionResult] GetCurrentYearProfit() on controller AuthNet.Controllers.SalesController (AuthNet).
2025-07-30 08:22:46.050 +05:30 [INF] Executed DbCommand (6ms) [Parameters=[@__currentYear_0='?' (DbType = Int32)], CommandType='"Text"', CommandTimeout='30']
SELECT [s].[Id], [s].[ProductId], [s].[ProductName], [s].[Quantity], [s].[SaleId], [s].[TotalPrice], [s].[UnitPrice], [s0].[Id], [s0].[AfterTaxAmount], [s0].[CreatedAt], [s0].[DiscountedAmount], [s0].[InvoiceDate], [s0].[InvoiceNo], [s0].[PrincipalAmount], [s0].[Template], [s0].[TotalAmount]
FROM [SaleItems] AS [s]
INNER JOIN [Sales] AS [s0] ON [s].[SaleId] = [s0].[Id]
WHERE DATEPART(year, [s0].[InvoiceDate]) = @__currentYear_0
2025-07-30 08:22:46.053 +05:30 [INF] Executed DbCommand (1ms) [Parameters=[@__productIds_0='?' (Size = 4000)], CommandType='"Text"', CommandTimeout='30']
SELECT [p].[ProductId], [p].[CategoryId], [p].[CostPrice], [p].[Description], [p].[Name], [p].[ProductCode], [p].[ProductKey], [p].[SellPrice], [p].[SupplierId]
FROM [Products] AS [p]
WHERE [p].[ProductId] IN (
    SELECT [p0].[value]
    FROM OPENJSON(@__productIds_0) WITH ([value] int '$') AS [p0]
)
2025-07-30 08:22:46.054 +05:30 [INF] Executing OkObjectResult, writing value of type 'AuthNet.Models.DTO.YearlyProfitDto'.
2025-07-30 08:22:46.054 +05:30 [INF] Executed action AuthNet.Controllers.SalesController.GetCurrentYearProfit (AuthNet) in 11.1467ms
2025-07-30 08:22:46.054 +05:30 [INF] Executed endpoint 'AuthNet.Controllers.SalesController.GetCurrentYearProfit (AuthNet)'
2025-07-30 08:22:46.055 +05:30 [INF] Request finished HTTP/1.1 GET https://localhost:7165/api/Sales/CurrentYearProfit - 200 null application/json; charset=utf-8 12.6058ms
2025-07-30 08:22:46.070 +05:30 [INF] Request starting HTTP/1.1 GET https://localhost:7165/api/Products/count - null null
2025-07-30 08:22:46.071 +05:30 [INF] Executing endpoint 'AuthNet.Controllers.ProductsController.GetProductCount (AuthNet)'
2025-07-30 08:22:46.071 +05:30 [INF] Route matched with {action = "GetProductCount", controller = "Products"}. Executing controller action with signature System.Threading.Tasks.Task`1[Microsoft.AspNetCore.Mvc.IActionResult] GetProductCount() on controller AuthNet.Controllers.ProductsController (AuthNet).
2025-07-30 08:22:46.076 +05:30 [INF] Executed DbCommand (3ms) [Parameters=[], CommandType='"Text"', CommandTimeout='30']
SELECT COUNT(*)
FROM [Products] AS [p]
2025-07-30 08:22:46.076 +05:30 [INF] Executing OkObjectResult, writing value of type 'System.Int32'.
2025-07-30 08:22:46.077 +05:30 [INF] Executed action AuthNet.Controllers.ProductsController.GetProductCount (AuthNet) in 5.679ms
2025-07-30 08:22:46.077 +05:30 [INF] Executed endpoint 'AuthNet.Controllers.ProductsController.GetProductCount (AuthNet)'
2025-07-30 08:22:46.078 +05:30 [INF] Request finished HTTP/1.1 GET https://localhost:7165/api/Products/count - 200 null application/json; charset=utf-8 7.9283ms
2025-07-30 08:22:46.090 +05:30 [INF] Request starting HTTP/1.1 GET https://localhost:7165/api/Suppliers/count - null null
2025-07-30 08:22:46.091 +05:30 [INF] Executing endpoint 'AuthNet.Controllers.SuppliersController.GetSupplierCount (AuthNet)'
2025-07-30 08:22:46.091 +05:30 [INF] Route matched with {action = "GetSupplierCount", controller = "Suppliers"}. Executing controller action with signature System.Threading.Tasks.Task`1[Microsoft.AspNetCore.Mvc.IActionResult] GetSupplierCount() on controller AuthNet.Controllers.SuppliersController (AuthNet).
2025-07-30 08:22:46.102 +05:30 [INF] Executed DbCommand (8ms) [Parameters=[], CommandType='"Text"', CommandTimeout='30']
SELECT COUNT(*)
FROM [Suppliers] AS [s]
2025-07-30 08:22:46.103 +05:30 [INF] Executing OkObjectResult, writing value of type 'System.Int32'.
2025-07-30 08:22:46.103 +05:30 [INF] Executed action AuthNet.Controllers.SuppliersController.GetSupplierCount (AuthNet) in 11.8606ms
2025-07-30 08:22:46.103 +05:30 [INF] Executed endpoint 'AuthNet.Controllers.SuppliersController.GetSupplierCount (AuthNet)'
2025-07-30 08:22:46.104 +05:30 [INF] Request finished HTTP/1.1 GET https://localhost:7165/api/Suppliers/count - 200 null application/json; charset=utf-8 13.6408ms
2025-07-30 08:22:46.142 +05:30 [INF] Request starting HTTP/1.1 GET https://localhost:7165/api/Categories/count - null null
2025-07-30 08:22:46.143 +05:30 [INF] Executing endpoint 'AuthNet.Controllers.CategoriesController.GetCategoryCount (AuthNet)'
2025-07-30 08:22:46.143 +05:30 [INF] Route matched with {action = "GetCategoryCount", controller = "Categories"}. Executing controller action with signature System.Threading.Tasks.Task`1[Microsoft.AspNetCore.Mvc.IActionResult] GetCategoryCount() on controller AuthNet.Controllers.CategoriesController (AuthNet).
2025-07-30 08:22:46.149 +05:30 [INF] Executed DbCommand (3ms) [Parameters=[], CommandType='"Text"', CommandTimeout='30']
SELECT COUNT(*)
FROM [Categories] AS [c]
2025-07-30 08:22:46.150 +05:30 [INF] Executing OkObjectResult, writing value of type 'System.Int32'.
2025-07-30 08:22:46.150 +05:30 [INF] Executed action AuthNet.Controllers.CategoriesController.GetCategoryCount (AuthNet) in 6.89ms
2025-07-30 08:22:46.150 +05:30 [INF] Executed endpoint 'AuthNet.Controllers.CategoriesController.GetCategoryCount (AuthNet)'
2025-07-30 08:22:46.151 +05:30 [INF] Request finished HTTP/1.1 GET https://localhost:7165/api/Categories/count - 200 null application/json; charset=utf-8 8.7395ms
2025-07-30 08:22:46.165 +05:30 [INF] Request starting HTTP/1.1 GET https://localhost:7165/api/Orders/count - null null
2025-07-30 08:22:46.166 +05:30 [INF] Executing endpoint 'AuthNet.Controllers.OrdersController.GetOrderCount (AuthNet)'
2025-07-30 08:22:46.166 +05:30 [INF] Route matched with {action = "GetOrderCount", controller = "Orders"}. Executing controller action with signature System.Threading.Tasks.Task`1[Microsoft.AspNetCore.Mvc.IActionResult] GetOrderCount() on controller AuthNet.Controllers.OrdersController (AuthNet).
2025-07-30 08:22:46.172 +05:30 [INF] Executed DbCommand (3ms) [Parameters=[], CommandType='"Text"', CommandTimeout='30']
SELECT COUNT(*)
FROM [Orders] AS [o]
2025-07-30 08:22:46.172 +05:30 [INF] Executing OkObjectResult, writing value of type 'System.Int32'.
2025-07-30 08:22:46.172 +05:30 [INF] Executed action AuthNet.Controllers.OrdersController.GetOrderCount (AuthNet) in 6.2047ms
2025-07-30 08:22:46.172 +05:30 [INF] Executed endpoint 'AuthNet.Controllers.OrdersController.GetOrderCount (AuthNet)'
2025-07-30 08:22:46.173 +05:30 [INF] Request finished HTTP/1.1 GET https://localhost:7165/api/Orders/count - 200 null application/json; charset=utf-8 8.6199ms
2025-07-30 08:22:46.188 +05:30 [INF] Request starting HTTP/1.1 GET https://localhost:7165/api/Customers/count - null null
2025-07-30 08:22:46.189 +05:30 [INF] Executing endpoint 'AuthNet.Controllers.CustomersController.GetCustomerCount (AuthNet)'
2025-07-30 08:22:46.189 +05:30 [INF] Route matched with {action = "GetCustomerCount", controller = "Customers"}. Executing controller action with signature System.Threading.Tasks.Task`1[Microsoft.AspNetCore.Mvc.IActionResult] GetCustomerCount() on controller AuthNet.Controllers.CustomersController (AuthNet).
2025-07-30 08:22:46.195 +05:30 [INF] Executed DbCommand (3ms) [Parameters=[], CommandType='"Text"', CommandTimeout='30']
SELECT COUNT(*)
FROM [Customers] AS [c]
2025-07-30 08:22:46.196 +05:30 [INF] Executing OkObjectResult, writing value of type 'System.Int32'.
2025-07-30 08:22:46.196 +05:30 [INF] Executed action AuthNet.Controllers.CustomersController.GetCustomerCount (AuthNet) in 6.7829ms
2025-07-30 08:22:46.196 +05:30 [INF] Executed endpoint 'AuthNet.Controllers.CustomersController.GetCustomerCount (AuthNet)'
2025-07-30 08:22:46.197 +05:30 [INF] Request finished HTTP/1.1 GET https://localhost:7165/api/Customers/count - 200 null application/json; charset=utf-8 9.1903ms
2025-07-30 08:22:46.216 +05:30 [INF] Request starting HTTP/1.1 GET https://localhost:7165/api/Tasks - null null
2025-07-30 08:22:46.217 +05:30 [INF] Executing endpoint 'AuthNet.Controllers.TasksController.GetTasks (AuthNet)'
2025-07-30 08:22:46.218 +05:30 [INF] Route matched with {action = "GetTasks", controller = "Tasks"}. Executing controller action with signature Microsoft.AspNetCore.Mvc.IActionResult GetTasks() on controller AuthNet.Controllers.TasksController (AuthNet).
2025-07-30 08:22:46.224 +05:30 [INF] Executed DbCommand (2ms) [Parameters=[], CommandType='"Text"', CommandTimeout='30']
SELECT [t].[Id], [t].[Title], [t].[DueDate]
FROM [Tasks] AS [t]
2025-07-30 08:22:46.225 +05:30 [INF] Executing OkObjectResult, writing value of type 'System.Collections.Generic.List`1[[AuthNet.Models.DTO.TaskItemDto, AuthNet, Version=1.0.0.0, Culture=neutral, PublicKeyToken=null]]'.
2025-07-30 08:22:46.225 +05:30 [INF] Executed action AuthNet.Controllers.TasksController.GetTasks (AuthNet) in 7.4943ms
2025-07-30 08:22:46.225 +05:30 [INF] Executed endpoint 'AuthNet.Controllers.TasksController.GetTasks (AuthNet)'
2025-07-30 08:22:46.225 +05:30 [INF] Request finished HTTP/1.1 GET https://localhost:7165/api/Tasks - 200 null application/json; charset=utf-8 9.1633ms
2025-07-30 08:22:46.245 +05:30 [INF] Request starting HTTP/1.1 GET https://localhost:7165/api/Settings/Get - null null
2025-07-30 08:22:46.250 +05:30 [INF] Executing endpoint 'AuthNet.Controllers.SettingsController.GetCompanyInfo (AuthNet)'
2025-07-30 08:22:46.250 +05:30 [INF] Route matched with {action = "GetCompanyInfo", controller = "Settings"}. Executing controller action with signature System.Threading.Tasks.Task`1[Microsoft.AspNetCore.Mvc.IActionResult] GetCompanyInfo() on controller AuthNet.Controllers.SettingsController (AuthNet).
2025-07-30 08:22:46.255 +05:30 [INF] Executed DbCommand (3ms) [Parameters=[], CommandType='"Text"', CommandTimeout='30']
SELECT TOP(1) [c].[Id], [c].[Address], [c].[AlternateContactNumber], [c].[ContactNumber], [c].[Email], [c].[GSTIN], [c].[LogoFileExtension], [c].[LogoFilePath], [c].[LogoFileSizeInBytes], [c].[LogoName], [c].[Name], [c].[SignFileExtension], [c].[SignFilePath], [c].[SignFileSizeInBytes], [c].[SignName]
FROM [CompanyInfos] AS [c]
2025-07-30 08:22:46.256 +05:30 [INF] Executing OkObjectResult, writing value of type 'AuthNet.Models.DTO.CompanyInfoResponseDto'.
2025-07-30 08:22:46.256 +05:30 [INF] Executed action AuthNet.Controllers.SettingsController.GetCompanyInfo (AuthNet) in 6.0781ms
2025-07-30 08:22:46.256 +05:30 [INF] Executed endpoint 'AuthNet.Controllers.SettingsController.GetCompanyInfo (AuthNet)'
2025-07-30 08:22:46.257 +05:30 [INF] Request finished HTTP/1.1 GET https://localhost:7165/api/Settings/Get - 200 null application/json; charset=utf-8 11.5136ms
2025-07-30 08:22:46.470 +05:30 [INF] Request starting HTTP/2 GET https://localhost:7165/api/Sales/WeeklyProfit - null null
2025-07-30 08:22:46.470 +05:30 [INF] CORS policy execution successful.
2025-07-30 08:22:46.470 +05:30 [INF] Request starting HTTP/2 GET https://localhost:7165/api/Products/CategoryWiseProductCount - null null
2025-07-30 08:22:46.470 +05:30 [INF] Executing endpoint 'AuthNet.Controllers.SalesController.GetWeeklyProfit (AuthNet)'
2025-07-30 08:22:46.471 +05:30 [INF] Route matched with {action = "GetWeeklyProfit", controller = "Sales"}. Executing controller action with signature System.Threading.Tasks.Task`1[Microsoft.AspNetCore.Mvc.IActionResult] GetWeeklyProfit() on controller AuthNet.Controllers.SalesController (AuthNet).
2025-07-30 08:22:46.471 +05:30 [INF] CORS policy execution successful.
2025-07-30 08:22:46.471 +05:30 [INF] Executing endpoint 'AuthNet.Controllers.ProductsController.GetCategoryWiseProductCount (AuthNet)'
2025-07-30 08:22:46.471 +05:30 [INF] Route matched with {action = "GetCategoryWiseProductCount", controller = "Products"}. Executing controller action with signature System.Threading.Tasks.Task`1[Microsoft.AspNetCore.Mvc.IActionResult] GetCategoryWiseProductCount() on controller AuthNet.Controllers.ProductsController (AuthNet).
2025-07-30 08:22:46.484 +05:30 [INF] Executed DbCommand (11ms) [Parameters=[@__startDate_0='?' (DbType = DateTime2), @__endDate_1='?' (DbType = DateTime2)], CommandType='"Text"', CommandTimeout='30']
SELECT [s].[Id], [s].[ProductId], [s].[ProductName], [s].[Quantity], [s].[SaleId], [s].[TotalPrice], [s].[UnitPrice], [s0].[Id], [s0].[AfterTaxAmount], [s0].[CreatedAt], [s0].[DiscountedAmount], [s0].[InvoiceDate], [s0].[InvoiceNo], [s0].[PrincipalAmount], [s0].[Template], [s0].[TotalAmount]
FROM [SaleItems] AS [s]
INNER JOIN [Sales] AS [s0] ON [s].[SaleId] = [s0].[Id]
WHERE CONVERT(date, [s0].[InvoiceDate]) >= @__startDate_0 AND CONVERT(date, [s0].[InvoiceDate]) <= @__endDate_1
2025-07-30 08:22:46.506 +05:30 [INF] Executed DbCommand (12ms) [Parameters=[@__productIds_0='?' (Size = 4000)], CommandType='"Text"', CommandTimeout='30']
SELECT [p].[ProductId], [p].[CategoryId], [p].[CostPrice], [p].[Description], [p].[Name], [p].[ProductCode], [p].[ProductKey], [p].[SellPrice], [p].[SupplierId]
FROM [Products] AS [p]
WHERE [p].[ProductId] IN (
    SELECT [p0].[value]
    FROM OPENJSON(@__productIds_0) WITH ([value] int '$') AS [p0]
)
2025-07-30 08:22:46.510 +05:30 [INF] Executing OkObjectResult, writing value of type 'System.Collections.Generic.List`1[[AuthNet.Models.DTO.DailyProfitDto, AuthNet, Version=1.0.0.0, Culture=neutral, PublicKeyToken=null]]'.
2025-07-30 08:22:46.510 +05:30 [INF] Executed action AuthNet.Controllers.SalesController.GetWeeklyProfit (AuthNet) in 39.518ms
2025-07-30 08:22:46.510 +05:30 [INF] Executed endpoint 'AuthNet.Controllers.SalesController.GetWeeklyProfit (AuthNet)'
2025-07-30 08:22:46.511 +05:30 [INF] Request finished HTTP/2 GET https://localhost:7165/api/Sales/WeeklyProfit - 200 null application/json; charset=utf-8 41.6927ms
2025-07-30 08:22:46.545 +05:30 [INF] Executed DbCommand (20ms) [Parameters=[], CommandType='"Text"', CommandTimeout='30']
SELECT [c].[Name] AS [CategoryName], COUNT(*) AS [ProductCount]
FROM [Products] AS [p]
LEFT JOIN [Categories] AS [c] ON [p].[CategoryId] = [c].[CategoryId]
WHERE [c].[CategoryId] IS NOT NULL
GROUP BY [c].[Name]
2025-07-30 08:22:46.546 +05:30 [INF] Executing OkObjectResult, writing value of type 'System.Collections.Generic.List`1[[AuthNet.Models.DTO.CategoryProductCountDto, AuthNet, Version=1.0.0.0, Culture=neutral, PublicKeyToken=null]]'.
2025-07-30 08:22:46.546 +05:30 [INF] Executed action AuthNet.Controllers.ProductsController.GetCategoryWiseProductCount (AuthNet) in 75.1481ms
2025-07-30 08:22:46.546 +05:30 [INF] Executed endpoint 'AuthNet.Controllers.ProductsController.GetCategoryWiseProductCount (AuthNet)'
2025-07-30 08:22:46.550 +05:30 [INF] Request finished HTTP/2 GET https://localhost:7165/api/Products/CategoryWiseProductCount - 200 null application/json; charset=utf-8 79.1218ms
2025-07-30 08:23:41.819 +05:30 [INF] Request starting HTTP/2 GET https://localhost:7165/swagger/index.html - null null
2025-07-30 08:23:41.848 +05:30 [INF] Request finished HTTP/2 GET https://localhost:7165/swagger/index.html - 200 null text/html;charset=utf-8 34.5683ms
2025-07-30 08:23:41.881 +05:30 [INF] Request starting HTTP/2 GET https://localhost:7165/_vs/browserLink - null null
2025-07-30 08:23:41.885 +05:30 [INF] Request starting HTTP/2 GET https://localhost:7165/_framework/aspnetcore-browser-refresh.js - null null
2025-07-30 08:23:41.888 +05:30 [INF] Request finished HTTP/2 GET https://localhost:7165/_framework/aspnetcore-browser-refresh.js - 200 16499 application/javascript; charset=utf-8 2.5769ms
2025-07-30 08:23:41.944 +05:30 [INF] Request finished HTTP/2 GET https://localhost:7165/_vs/browserLink - 200 null text/javascript; charset=UTF-8 63.5795ms
2025-07-30 08:23:42.037 +05:30 [INF] Request starting HTTP/2 GET https://localhost:7165/swagger/v1/swagger.json - null null
2025-07-30 08:23:42.107 +05:30 [INF] Request finished HTTP/2 GET https://localhost:7165/swagger/v1/swagger.json - 200 null application/json;charset=utf-8 70.5278ms
2025-07-30 08:23:52.910 +05:30 [INF] Request starting HTTP/1.1 GET https://localhost:7165/api/Settings/Get - null null
2025-07-30 08:23:52.914 +05:30 [INF] Executing endpoint 'AuthNet.Controllers.SettingsController.GetCompanyInfo (AuthNet)'
2025-07-30 08:23:52.920 +05:30 [INF] Route matched with {action = "GetCompanyInfo", controller = "Settings"}. Executing controller action with signature System.Threading.Tasks.Task`1[Microsoft.AspNetCore.Mvc.IActionResult] GetCompanyInfo() on controller AuthNet.Controllers.SettingsController (AuthNet).
2025-07-30 08:23:52.927 +05:30 [INF] Executed DbCommand (4ms) [Parameters=[], CommandType='"Text"', CommandTimeout='30']
SELECT TOP(1) [c].[Id], [c].[Address], [c].[AlternateContactNumber], [c].[ContactNumber], [c].[Email], [c].[GSTIN], [c].[LogoFileExtension], [c].[LogoFilePath], [c].[LogoFileSizeInBytes], [c].[LogoName], [c].[Name], [c].[SignFileExtension], [c].[SignFilePath], [c].[SignFileSizeInBytes], [c].[SignName]
FROM [CompanyInfos] AS [c]
2025-07-30 08:23:52.930 +05:30 [INF] Executing OkObjectResult, writing value of type 'AuthNet.Models.DTO.CompanyInfoResponseDto'.
2025-07-30 08:23:52.932 +05:30 [INF] Executed action AuthNet.Controllers.SettingsController.GetCompanyInfo (AuthNet) in 12.4533ms
2025-07-30 08:23:52.932 +05:30 [INF] Executed endpoint 'AuthNet.Controllers.SettingsController.GetCompanyInfo (AuthNet)'
2025-07-30 08:23:52.933 +05:30 [INF] Request finished HTTP/1.1 GET https://localhost:7165/api/Settings/Get - 200 null application/json; charset=utf-8 23.3483ms
2025-07-30 08:23:57.856 +05:30 [INF] Request starting HTTP/1.1 GET https://localhost:7165/api/Inventory - null null
2025-07-30 08:23:57.861 +05:30 [INF] Executing endpoint 'AuthNet.Controllers.InventoryController.GetAll (AuthNet)'
2025-07-30 08:23:57.867 +05:30 [INF] Route matched with {action = "GetAll", controller = "Inventory"}. Executing controller action with signature System.Threading.Tasks.Task`1[Microsoft.AspNetCore.Mvc.IActionResult] GetAll() on controller AuthNet.Controllers.InventoryController (AuthNet).
2025-07-30 08:23:58.030 +05:30 [INF] Executed DbCommand (110ms) [Parameters=[], CommandType='"Text"', CommandTimeout='30']
SELECT [i].[InventoryId], [i].[LastUpdated], [i].[ProductId], [i].[QuantityInStock], [i].[ReorderLevel]
FROM [Inventories] AS [i]
2025-07-30 08:23:58.039 +05:30 [INF] Executing OkObjectResult, writing value of type 'System.Collections.Generic.List`1[[AuthNet.Models.Domain.Inventory, AuthNet, Version=1.0.0.0, Culture=neutral, PublicKeyToken=null]]'.
2025-07-30 08:23:58.050 +05:30 [INF] Executed action AuthNet.Controllers.InventoryController.GetAll (AuthNet) in 182.4721ms
2025-07-30 08:23:58.050 +05:30 [INF] Executed endpoint 'AuthNet.Controllers.InventoryController.GetAll (AuthNet)'
2025-07-30 08:23:58.050 +05:30 [INF] Request finished HTTP/1.1 GET https://localhost:7165/api/Inventory - 200 null application/json; charset=utf-8 193.9544ms
2025-07-30 08:23:58.068 +05:30 [INF] Request starting HTTP/1.1 GET https://localhost:7165/api/Products - null null
2025-07-30 08:23:58.068 +05:30 [INF] Executing endpoint 'AuthNet.Controllers.ProductsController.GetAll (AuthNet)'
2025-07-30 08:23:58.072 +05:30 [INF] Route matched with {action = "GetAll", controller = "Products"}. Executing controller action with signature System.Threading.Tasks.Task`1[Microsoft.AspNetCore.Mvc.IActionResult] GetAll() on controller AuthNet.Controllers.ProductsController (AuthNet).
2025-07-30 08:23:58.082 +05:30 [INF] Executed DbCommand (3ms) [Parameters=[], CommandType='"Text"', CommandTimeout='30']
SELECT [p].[ProductId], [p].[CategoryId], [p].[CostPrice], [p].[Description], [p].[Name], [p].[ProductCode], [p].[ProductKey], [p].[SellPrice], [p].[SupplierId]
FROM [Products] AS [p]
2025-07-30 08:23:58.083 +05:30 [INF] Executing OkObjectResult, writing value of type 'System.Collections.Generic.List`1[[AuthNet.Models.Domain.Product, AuthNet, Version=1.0.0.0, Culture=neutral, PublicKeyToken=null]]'.
2025-07-30 08:23:58.086 +05:30 [INF] Executed action AuthNet.Controllers.ProductsController.GetAll (AuthNet) in 14.4996ms
2025-07-30 08:23:58.086 +05:30 [INF] Executed endpoint 'AuthNet.Controllers.ProductsController.GetAll (AuthNet)'
2025-07-30 08:23:58.087 +05:30 [INF] Request finished HTTP/1.1 GET https://localhost:7165/api/Products - 200 null application/json; charset=utf-8 19.3886ms
2025-07-30 08:24:03.136 +05:30 [INF] Request starting HTTP/1.1 GET https://localhost:7165/api/Tasks - null null
2025-07-30 08:24:03.136 +05:30 [INF] Executing endpoint 'AuthNet.Controllers.TasksController.GetTasks (AuthNet)'
2025-07-30 08:24:03.138 +05:30 [INF] Route matched with {action = "GetTasks", controller = "Tasks"}. Executing controller action with signature Microsoft.AspNetCore.Mvc.IActionResult GetTasks() on controller AuthNet.Controllers.TasksController (AuthNet).
2025-07-30 08:24:03.142 +05:30 [INF] Executed DbCommand (2ms) [Parameters=[], CommandType='"Text"', CommandTimeout='30']
SELECT [t].[Id], [t].[Title], [t].[DueDate]
FROM [Tasks] AS [t]
2025-07-30 08:24:03.142 +05:30 [INF] Executing OkObjectResult, writing value of type 'System.Collections.Generic.List`1[[AuthNet.Models.DTO.TaskItemDto, AuthNet, Version=1.0.0.0, Culture=neutral, PublicKeyToken=null]]'.
2025-07-30 08:24:03.145 +05:30 [INF] Executed action AuthNet.Controllers.TasksController.GetTasks (AuthNet) in 7.0314ms
2025-07-30 08:24:03.145 +05:30 [INF] Executed endpoint 'AuthNet.Controllers.TasksController.GetTasks (AuthNet)'
2025-07-30 08:24:03.145 +05:30 [INF] Request finished HTTP/1.1 GET https://localhost:7165/api/Tasks - 200 null application/json; charset=utf-8 9.673ms
2025-07-30 08:24:16.232 +05:30 [INF] Request starting HTTP/1.1 GET https://localhost:7165/api/Sales/DailyProfit - null null
2025-07-30 08:24:16.232 +05:30 [INF] Executing endpoint 'AuthNet.Controllers.SalesController.GetDailyProfit (AuthNet)'
2025-07-30 08:24:16.236 +05:30 [INF] Route matched with {action = "GetDailyProfit", controller = "Sales"}. Executing controller action with signature System.Threading.Tasks.Task`1[Microsoft.AspNetCore.Mvc.IActionResult] GetDailyProfit() on controller AuthNet.Controllers.SalesController (AuthNet).
2025-07-30 08:24:16.243 +05:30 [INF] Executed DbCommand (6ms) [Parameters=[@__date_Date_0='?' (DbType = DateTime2)], CommandType='"Text"', CommandTimeout='30']
SELECT [s].[Id], [s].[ProductId], [s].[ProductName], [s].[Quantity], [s].[SaleId], [s].[TotalPrice], [s].[UnitPrice], [s0].[Id], [s0].[AfterTaxAmount], [s0].[CreatedAt], [s0].[DiscountedAmount], [s0].[InvoiceDate], [s0].[InvoiceNo], [s0].[PrincipalAmount], [s0].[Template], [s0].[TotalAmount]
FROM [SaleItems] AS [s]
INNER JOIN [Sales] AS [s0] ON [s].[SaleId] = [s0].[Id]
WHERE CONVERT(date, [s0].[InvoiceDate]) = @__date_Date_0
2025-07-30 08:24:16.249 +05:30 [INF] Executed DbCommand (5ms) [Parameters=[@__productIds_0='?' (Size = 4000)], CommandType='"Text"', CommandTimeout='30']
SELECT [p].[ProductId], [p].[CategoryId], [p].[CostPrice], [p].[Description], [p].[Name], [p].[ProductCode], [p].[ProductKey], [p].[SellPrice], [p].[SupplierId]
FROM [Products] AS [p]
WHERE [p].[ProductId] IN (
    SELECT [p0].[value]
    FROM OPENJSON(@__productIds_0) WITH ([value] int '$') AS [p0]
)
2025-07-30 08:24:16.250 +05:30 [INF] Executing OkObjectResult, writing value of type 'AuthNet.Models.DTO.DailyProfitDto'.
2025-07-30 08:24:16.250 +05:30 [INF] Executed action AuthNet.Controllers.SalesController.GetDailyProfit (AuthNet) in 14.345ms
2025-07-30 08:24:16.251 +05:30 [INF] Executed endpoint 'AuthNet.Controllers.SalesController.GetDailyProfit (AuthNet)'
2025-07-30 08:24:16.251 +05:30 [INF] Request finished HTTP/1.1 GET https://localhost:7165/api/Sales/DailyProfit - 200 null application/json; charset=utf-8 19.34ms
2025-07-30 08:24:16.267 +05:30 [INF] Request starting HTTP/1.1 GET https://localhost:7165/api/Sales/CurrentMonthProfit - null null
2025-07-30 08:24:16.276 +05:30 [INF] Executing endpoint 'AuthNet.Controllers.SalesController.GetCurrentMonthProfit (AuthNet)'
2025-07-30 08:24:16.280 +05:30 [INF] Route matched with {action = "GetCurrentMonthProfit", controller = "Sales"}. Executing controller action with signature System.Threading.Tasks.Task`1[Microsoft.AspNetCore.Mvc.IActionResult] GetCurrentMonthProfit() on controller AuthNet.Controllers.SalesController (AuthNet).
2025-07-30 08:24:16.286 +05:30 [INF] Executed DbCommand (5ms) [Parameters=[@__currentYear_0='?' (DbType = Int32), @__currentMonth_1='?' (DbType = Int32)], CommandType='"Text"', CommandTimeout='30']
SELECT [s].[Id], [s].[ProductId], [s].[ProductName], [s].[Quantity], [s].[SaleId], [s].[TotalPrice], [s].[UnitPrice], [s0].[Id], [s0].[AfterTaxAmount], [s0].[CreatedAt], [s0].[DiscountedAmount], [s0].[InvoiceDate], [s0].[InvoiceNo], [s0].[PrincipalAmount], [s0].[Template], [s0].[TotalAmount]
FROM [SaleItems] AS [s]
INNER JOIN [Sales] AS [s0] ON [s].[SaleId] = [s0].[Id]
WHERE DATEPART(year, [s0].[InvoiceDate]) = @__currentYear_0 AND DATEPART(month, [s0].[InvoiceDate]) = @__currentMonth_1
2025-07-30 08:24:16.289 +05:30 [INF] Executed DbCommand (1ms) [Parameters=[@__productIds_0='?' (Size = 4000)], CommandType='"Text"', CommandTimeout='30']
SELECT [p].[ProductId], [p].[CategoryId], [p].[CostPrice], [p].[Description], [p].[Name], [p].[ProductCode], [p].[ProductKey], [p].[SellPrice], [p].[SupplierId]
FROM [Products] AS [p]
WHERE [p].[ProductId] IN (
    SELECT [p0].[value]
    FROM OPENJSON(@__productIds_0) WITH ([value] int '$') AS [p0]
)
2025-07-30 08:24:16.289 +05:30 [INF] Executing OkObjectResult, writing value of type 'AuthNet.Models.DTO.MonthlyProfitDto'.
2025-07-30 08:24:16.290 +05:30 [INF] Executed action AuthNet.Controllers.SalesController.GetCurrentMonthProfit (AuthNet) in 9.7648ms
2025-07-30 08:24:16.290 +05:30 [INF] Executed endpoint 'AuthNet.Controllers.SalesController.GetCurrentMonthProfit (AuthNet)'
2025-07-30 08:24:16.290 +05:30 [INF] Request finished HTTP/1.1 GET https://localhost:7165/api/Sales/CurrentMonthProfit - 200 null application/json; charset=utf-8 23.1337ms
2025-07-30 08:24:16.306 +05:30 [INF] Request starting HTTP/1.1 GET https://localhost:7165/api/Sales/CurrentYearProfit - null null
2025-07-30 08:24:16.307 +05:30 [INF] Executing endpoint 'AuthNet.Controllers.SalesController.GetCurrentYearProfit (AuthNet)'
2025-07-30 08:24:16.318 +05:30 [INF] Route matched with {action = "GetCurrentYearProfit", controller = "Sales"}. Executing controller action with signature System.Threading.Tasks.Task`1[Microsoft.AspNetCore.Mvc.IActionResult] GetCurrentYearProfit() on controller AuthNet.Controllers.SalesController (AuthNet).
2025-07-30 08:24:16.329 +05:30 [INF] Executed DbCommand (9ms) [Parameters=[@__currentYear_0='?' (DbType = Int32)], CommandType='"Text"', CommandTimeout='30']
SELECT [s].[Id], [s].[ProductId], [s].[ProductName], [s].[Quantity], [s].[SaleId], [s].[TotalPrice], [s].[UnitPrice], [s0].[Id], [s0].[AfterTaxAmount], [s0].[CreatedAt], [s0].[DiscountedAmount], [s0].[InvoiceDate], [s0].[InvoiceNo], [s0].[PrincipalAmount], [s0].[Template], [s0].[TotalAmount]
FROM [SaleItems] AS [s]
INNER JOIN [Sales] AS [s0] ON [s].[SaleId] = [s0].[Id]
WHERE DATEPART(year, [s0].[InvoiceDate]) = @__currentYear_0
2025-07-30 08:24:16.332 +05:30 [INF] Executed DbCommand (1ms) [Parameters=[@__productIds_0='?' (Size = 4000)], CommandType='"Text"', CommandTimeout='30']
SELECT [p].[ProductId], [p].[CategoryId], [p].[CostPrice], [p].[Description], [p].[Name], [p].[ProductCode], [p].[ProductKey], [p].[SellPrice], [p].[SupplierId]
FROM [Products] AS [p]
WHERE [p].[ProductId] IN (
    SELECT [p0].[value]
    FROM OPENJSON(@__productIds_0) WITH ([value] int '$') AS [p0]
)
2025-07-30 08:24:16.333 +05:30 [INF] Executing OkObjectResult, writing value of type 'AuthNet.Models.DTO.YearlyProfitDto'.
2025-07-30 08:24:16.333 +05:30 [INF] Executed action AuthNet.Controllers.SalesController.GetCurrentYearProfit (AuthNet) in 15.3663ms
2025-07-30 08:24:16.333 +05:30 [INF] Executed endpoint 'AuthNet.Controllers.SalesController.GetCurrentYearProfit (AuthNet)'
2025-07-30 08:24:16.334 +05:30 [INF] Request finished HTTP/1.1 GET https://localhost:7165/api/Sales/CurrentYearProfit - 200 null application/json; charset=utf-8 27.5141ms
2025-07-30 08:24:16.349 +05:30 [INF] Request starting HTTP/1.1 GET https://localhost:7165/api/Products/count - null null
2025-07-30 08:24:16.350 +05:30 [INF] Executing endpoint 'AuthNet.Controllers.ProductsController.GetProductCount (AuthNet)'
2025-07-30 08:24:16.353 +05:30 [INF] Route matched with {action = "GetProductCount", controller = "Products"}. Executing controller action with signature System.Threading.Tasks.Task`1[Microsoft.AspNetCore.Mvc.IActionResult] GetProductCount() on controller AuthNet.Controllers.ProductsController (AuthNet).
2025-07-30 08:24:16.357 +05:30 [INF] Executed DbCommand (3ms) [Parameters=[], CommandType='"Text"', CommandTimeout='30']
SELECT COUNT(*)
FROM [Products] AS [p]
2025-07-30 08:24:16.357 +05:30 [INF] Executing OkObjectResult, writing value of type 'System.Int32'.
2025-07-30 08:24:16.358 +05:30 [INF] Executed action AuthNet.Controllers.ProductsController.GetProductCount (AuthNet) in 4.4117ms
2025-07-30 08:24:16.358 +05:30 [INF] Executed endpoint 'AuthNet.Controllers.ProductsController.GetProductCount (AuthNet)'
2025-07-30 08:24:16.358 +05:30 [INF] Request finished HTTP/1.1 GET https://localhost:7165/api/Products/count - 200 null application/json; charset=utf-8 8.9089ms
2025-07-30 08:24:16.370 +05:30 [INF] Request starting HTTP/1.1 GET https://localhost:7165/api/Suppliers/count - null null
2025-07-30 08:24:16.371 +05:30 [INF] Executing endpoint 'AuthNet.Controllers.SuppliersController.GetSupplierCount (AuthNet)'
2025-07-30 08:24:16.374 +05:30 [INF] Route matched with {action = "GetSupplierCount", controller = "Suppliers"}. Executing controller action with signature System.Threading.Tasks.Task`1[Microsoft.AspNetCore.Mvc.IActionResult] GetSupplierCount() on controller AuthNet.Controllers.SuppliersController (AuthNet).
2025-07-30 08:24:16.381 +05:30 [INF] Executed DbCommand (6ms) [Parameters=[], CommandType='"Text"', CommandTimeout='30']
SELECT COUNT(*)
FROM [Suppliers] AS [s]
2025-07-30 08:24:16.382 +05:30 [INF] Executing OkObjectResult, writing value of type 'System.Int32'.
2025-07-30 08:24:16.382 +05:30 [INF] Executed action AuthNet.Controllers.SuppliersController.GetSupplierCount (AuthNet) in 8.8926ms
2025-07-30 08:24:16.383 +05:30 [INF] Executed endpoint 'AuthNet.Controllers.SuppliersController.GetSupplierCount (AuthNet)'
2025-07-30 08:24:16.383 +05:30 [INF] Request finished HTTP/1.1 GET https://localhost:7165/api/Suppliers/count - 200 null application/json; charset=utf-8 13.1595ms
2025-07-30 08:24:16.398 +05:30 [INF] Request starting HTTP/1.1 GET https://localhost:7165/api/Categories/count - null null
2025-07-30 08:24:16.398 +05:30 [INF] Executing endpoint 'AuthNet.Controllers.CategoriesController.GetCategoryCount (AuthNet)'
2025-07-30 08:24:16.402 +05:30 [INF] Route matched with {action = "GetCategoryCount", controller = "Categories"}. Executing controller action with signature System.Threading.Tasks.Task`1[Microsoft.AspNetCore.Mvc.IActionResult] GetCategoryCount() on controller AuthNet.Controllers.CategoriesController (AuthNet).
2025-07-30 08:24:16.408 +05:30 [INF] Executed DbCommand (3ms) [Parameters=[], CommandType='"Text"', CommandTimeout='30']
SELECT COUNT(*)
FROM [Categories] AS [c]
2025-07-30 08:24:16.408 +05:30 [INF] Executing OkObjectResult, writing value of type 'System.Int32'.
2025-07-30 08:24:16.408 +05:30 [INF] Executed action AuthNet.Controllers.CategoriesController.GetCategoryCount (AuthNet) in 6.1289ms
2025-07-30 08:24:16.408 +05:30 [INF] Executed endpoint 'AuthNet.Controllers.CategoriesController.GetCategoryCount (AuthNet)'
2025-07-30 08:24:16.409 +05:30 [INF] Request finished HTTP/1.1 GET https://localhost:7165/api/Categories/count - 200 null application/json; charset=utf-8 11.1063ms
2025-07-30 08:24:16.432 +05:30 [INF] Request starting HTTP/1.1 GET https://localhost:7165/api/Orders/count - null null
2025-07-30 08:24:16.433 +05:30 [INF] Executing endpoint 'AuthNet.Controllers.OrdersController.GetOrderCount (AuthNet)'
2025-07-30 08:24:16.438 +05:30 [INF] Route matched with {action = "GetOrderCount", controller = "Orders"}. Executing controller action with signature System.Threading.Tasks.Task`1[Microsoft.AspNetCore.Mvc.IActionResult] GetOrderCount() on controller AuthNet.Controllers.OrdersController (AuthNet).
2025-07-30 08:24:16.447 +05:30 [INF] Executed DbCommand (6ms) [Parameters=[], CommandType='"Text"', CommandTimeout='30']
SELECT COUNT(*)
FROM [Orders] AS [o]
2025-07-30 08:24:16.447 +05:30 [INF] Executing OkObjectResult, writing value of type 'System.Int32'.
2025-07-30 08:24:16.447 +05:30 [INF] Executed action AuthNet.Controllers.OrdersController.GetOrderCount (AuthNet) in 9.1893ms
2025-07-30 08:24:16.447 +05:30 [INF] Executed endpoint 'AuthNet.Controllers.OrdersController.GetOrderCount (AuthNet)'
2025-07-30 08:24:16.448 +05:30 [INF] Request finished HTTP/1.1 GET https://localhost:7165/api/Orders/count - 200 null application/json; charset=utf-8 15.6105ms
2025-07-30 08:24:16.464 +05:30 [INF] Request starting HTTP/1.1 GET https://localhost:7165/api/Customers/count - null null
2025-07-30 08:24:16.465 +05:30 [INF] Executing endpoint 'AuthNet.Controllers.CustomersController.GetCustomerCount (AuthNet)'
2025-07-30 08:24:16.468 +05:30 [INF] Route matched with {action = "GetCustomerCount", controller = "Customers"}. Executing controller action with signature System.Threading.Tasks.Task`1[Microsoft.AspNetCore.Mvc.IActionResult] GetCustomerCount() on controller AuthNet.Controllers.CustomersController (AuthNet).
2025-07-30 08:24:16.473 +05:30 [INF] Executed DbCommand (3ms) [Parameters=[], CommandType='"Text"', CommandTimeout='30']
SELECT COUNT(*)
FROM [Customers] AS [c]
2025-07-30 08:24:16.474 +05:30 [INF] Executing OkObjectResult, writing value of type 'System.Int32'.
2025-07-30 08:24:16.474 +05:30 [INF] Executed action AuthNet.Controllers.CustomersController.GetCustomerCount (AuthNet) in 5.585ms
2025-07-30 08:24:16.474 +05:30 [INF] Executed endpoint 'AuthNet.Controllers.CustomersController.GetCustomerCount (AuthNet)'
2025-07-30 08:24:16.475 +05:30 [INF] Request finished HTTP/1.1 GET https://localhost:7165/api/Customers/count - 200 null application/json; charset=utf-8 10.2105ms
2025-07-30 08:24:16.490 +05:30 [INF] Request starting HTTP/1.1 GET https://localhost:7165/api/Tasks - null null
2025-07-30 08:24:16.491 +05:30 [INF] Executing endpoint 'AuthNet.Controllers.TasksController.GetTasks (AuthNet)'
2025-07-30 08:24:16.491 +05:30 [INF] Route matched with {action = "GetTasks", controller = "Tasks"}. Executing controller action with signature Microsoft.AspNetCore.Mvc.IActionResult GetTasks() on controller AuthNet.Controllers.TasksController (AuthNet).
2025-07-30 08:24:16.495 +05:30 [INF] Executed DbCommand (3ms) [Parameters=[], CommandType='"Text"', CommandTimeout='30']
SELECT [t].[Id], [t].[Title], [t].[DueDate]
FROM [Tasks] AS [t]
2025-07-30 08:24:16.495 +05:30 [INF] Executing OkObjectResult, writing value of type 'System.Collections.Generic.List`1[[AuthNet.Models.DTO.TaskItemDto, AuthNet, Version=1.0.0.0, Culture=neutral, PublicKeyToken=null]]'.
2025-07-30 08:24:16.495 +05:30 [INF] Executed action AuthNet.Controllers.TasksController.GetTasks (AuthNet) in 3.9804ms
2025-07-30 08:24:16.495 +05:30 [INF] Executed endpoint 'AuthNet.Controllers.TasksController.GetTasks (AuthNet)'
2025-07-30 08:24:16.495 +05:30 [INF] Request finished HTTP/1.1 GET https://localhost:7165/api/Tasks - 200 null application/json; charset=utf-8 5.1231ms
2025-07-30 08:24:16.548 +05:30 [INF] Request starting HTTP/1.1 GET https://localhost:7165/api/Settings/Get - null null
2025-07-30 08:24:16.550 +05:30 [INF] Executing endpoint 'AuthNet.Controllers.SettingsController.GetCompanyInfo (AuthNet)'
2025-07-30 08:24:16.550 +05:30 [INF] Route matched with {action = "GetCompanyInfo", controller = "Settings"}. Executing controller action with signature System.Threading.Tasks.Task`1[Microsoft.AspNetCore.Mvc.IActionResult] GetCompanyInfo() on controller AuthNet.Controllers.SettingsController (AuthNet).
2025-07-30 08:24:16.554 +05:30 [INF] Executed DbCommand (3ms) [Parameters=[], CommandType='"Text"', CommandTimeout='30']
SELECT TOP(1) [c].[Id], [c].[Address], [c].[AlternateContactNumber], [c].[ContactNumber], [c].[Email], [c].[GSTIN], [c].[LogoFileExtension], [c].[LogoFilePath], [c].[LogoFileSizeInBytes], [c].[LogoName], [c].[Name], [c].[SignFileExtension], [c].[SignFilePath], [c].[SignFileSizeInBytes], [c].[SignName]
FROM [CompanyInfos] AS [c]
2025-07-30 08:24:16.554 +05:30 [INF] Executing OkObjectResult, writing value of type 'AuthNet.Models.DTO.CompanyInfoResponseDto'.
2025-07-30 08:24:16.555 +05:30 [INF] Executed action AuthNet.Controllers.SettingsController.GetCompanyInfo (AuthNet) in 4.4658ms
2025-07-30 08:24:16.555 +05:30 [INF] Executed endpoint 'AuthNet.Controllers.SettingsController.GetCompanyInfo (AuthNet)'
2025-07-30 08:24:16.555 +05:30 [INF] Request finished HTTP/1.1 GET https://localhost:7165/api/Settings/Get - 200 null application/json; charset=utf-8 6.9657ms
2025-07-30 08:24:16.698 +05:30 [INF] Request starting HTTP/2 GET https://localhost:7165/api/Sales/WeeklyProfit - null null
2025-07-30 08:24:16.698 +05:30 [INF] CORS policy execution successful.
2025-07-30 08:24:16.699 +05:30 [INF] Executing endpoint 'AuthNet.Controllers.SalesController.GetWeeklyProfit (AuthNet)'
2025-07-30 08:24:16.703 +05:30 [INF] Request starting HTTP/2 GET https://localhost:7165/api/Products/CategoryWiseProductCount - null null
2025-07-30 08:24:16.704 +05:30 [INF] Route matched with {action = "GetWeeklyProfit", controller = "Sales"}. Executing controller action with signature System.Threading.Tasks.Task`1[Microsoft.AspNetCore.Mvc.IActionResult] GetWeeklyProfit() on controller AuthNet.Controllers.SalesController (AuthNet).
2025-07-30 08:24:16.704 +05:30 [INF] CORS policy execution successful.
2025-07-30 08:24:16.705 +05:30 [INF] Executing endpoint 'AuthNet.Controllers.ProductsController.GetCategoryWiseProductCount (AuthNet)'
2025-07-30 08:24:16.740 +05:30 [INF] Executed DbCommand (33ms) [Parameters=[@__startDate_0='?' (DbType = DateTime2), @__endDate_1='?' (DbType = DateTime2)], CommandType='"Text"', CommandTimeout='30']
SELECT [s].[Id], [s].[ProductId], [s].[ProductName], [s].[Quantity], [s].[SaleId], [s].[TotalPrice], [s].[UnitPrice], [s0].[Id], [s0].[AfterTaxAmount], [s0].[CreatedAt], [s0].[DiscountedAmount], [s0].[InvoiceDate], [s0].[InvoiceNo], [s0].[PrincipalAmount], [s0].[Template], [s0].[TotalAmount]
FROM [SaleItems] AS [s]
INNER JOIN [Sales] AS [s0] ON [s].[SaleId] = [s0].[Id]
WHERE CONVERT(date, [s0].[InvoiceDate]) >= @__startDate_0 AND CONVERT(date, [s0].[InvoiceDate]) <= @__endDate_1
2025-07-30 08:24:16.756 +05:30 [INF] Route matched with {action = "GetCategoryWiseProductCount", controller = "Products"}. Executing controller action with signature System.Threading.Tasks.Task`1[Microsoft.AspNetCore.Mvc.IActionResult] GetCategoryWiseProductCount() on controller AuthNet.Controllers.ProductsController (AuthNet).
2025-07-30 08:24:16.791 +05:30 [INF] Executed DbCommand (50ms) [Parameters=[@__productIds_0='?' (Size = 4000)], CommandType='"Text"', CommandTimeout='30']
SELECT [p].[ProductId], [p].[CategoryId], [p].[CostPrice], [p].[Description], [p].[Name], [p].[ProductCode], [p].[ProductKey], [p].[SellPrice], [p].[SupplierId]
FROM [Products] AS [p]
WHERE [p].[ProductId] IN (
    SELECT [p0].[value]
    FROM OPENJSON(@__productIds_0) WITH ([value] int '$') AS [p0]
)
2025-07-30 08:24:16.791 +05:30 [INF] Executing OkObjectResult, writing value of type 'System.Collections.Generic.List`1[[AuthNet.Models.DTO.DailyProfitDto, AuthNet, Version=1.0.0.0, Culture=neutral, PublicKeyToken=null]]'.
2025-07-30 08:24:16.792 +05:30 [INF] Executed action AuthNet.Controllers.SalesController.GetWeeklyProfit (AuthNet) in 87.4258ms
2025-07-30 08:24:16.792 +05:30 [INF] Executed endpoint 'AuthNet.Controllers.SalesController.GetWeeklyProfit (AuthNet)'
2025-07-30 08:24:16.792 +05:30 [INF] Request finished HTTP/2 GET https://localhost:7165/api/Sales/WeeklyProfit - 200 null application/json; charset=utf-8 94.1889ms
2025-07-30 08:24:16.794 +05:30 [INF] Executed DbCommand (36ms) [Parameters=[], CommandType='"Text"', CommandTimeout='30']
SELECT [c].[Name] AS [CategoryName], COUNT(*) AS [ProductCount]
FROM [Products] AS [p]
LEFT JOIN [Categories] AS [c] ON [p].[CategoryId] = [c].[CategoryId]
WHERE [c].[CategoryId] IS NOT NULL
GROUP BY [c].[Name]
2025-07-30 08:24:16.795 +05:30 [INF] Executing OkObjectResult, writing value of type 'System.Collections.Generic.List`1[[AuthNet.Models.DTO.CategoryProductCountDto, AuthNet, Version=1.0.0.0, Culture=neutral, PublicKeyToken=null]]'.
2025-07-30 08:24:16.797 +05:30 [INF] Executed action AuthNet.Controllers.ProductsController.GetCategoryWiseProductCount (AuthNet) in 40.7275ms
2025-07-30 08:24:16.797 +05:30 [INF] Executed endpoint 'AuthNet.Controllers.ProductsController.GetCategoryWiseProductCount (AuthNet)'
2025-07-30 08:24:16.798 +05:30 [INF] Request finished HTTP/2 GET https://localhost:7165/api/Products/CategoryWiseProductCount - 200 null application/json; charset=utf-8 94.5362ms
2025-07-30 08:24:47.650 +05:30 [INF] Request starting HTTP/2 GET https://localhost:7165/swagger/index.html - null null
2025-07-30 08:24:47.789 +05:30 [INF] Request finished HTTP/2 GET https://localhost:7165/swagger/index.html - 200 null text/html;charset=utf-8 139.4856ms
2025-07-30 08:24:47.903 +05:30 [INF] Request starting HTTP/2 GET https://localhost:7165/_framework/aspnetcore-browser-refresh.js - null null
2025-07-30 08:24:47.934 +05:30 [INF] Request starting HTTP/2 GET https://localhost:7165/_vs/browserLink - null null
2025-07-30 08:24:47.934 +05:30 [INF] Request finished HTTP/2 GET https://localhost:7165/_framework/aspnetcore-browser-refresh.js - 200 16499 application/javascript; charset=utf-8 31.0222ms
2025-07-30 08:24:48.046 +05:30 [INF] Request finished HTTP/2 GET https://localhost:7165/_vs/browserLink - 200 null text/javascript; charset=UTF-8 111.3445ms
2025-07-30 08:24:48.090 +05:30 [INF] Request starting HTTP/1.1 GET https://localhost:7165/api/Sales/DailyProfit - null null
2025-07-30 08:24:48.094 +05:30 [INF] Executing endpoint 'AuthNet.Controllers.SalesController.GetDailyProfit (AuthNet)'
2025-07-30 08:24:48.099 +05:30 [INF] Route matched with {action = "GetDailyProfit", controller = "Sales"}. Executing controller action with signature System.Threading.Tasks.Task`1[Microsoft.AspNetCore.Mvc.IActionResult] GetDailyProfit() on controller AuthNet.Controllers.SalesController (AuthNet).
2025-07-30 08:24:48.111 +05:30 [INF] Executed DbCommand (10ms) [Parameters=[@__date_Date_0='?' (DbType = DateTime2)], CommandType='"Text"', CommandTimeout='30']
SELECT [s].[Id], [s].[ProductId], [s].[ProductName], [s].[Quantity], [s].[SaleId], [s].[TotalPrice], [s].[UnitPrice], [s0].[Id], [s0].[AfterTaxAmount], [s0].[CreatedAt], [s0].[DiscountedAmount], [s0].[InvoiceDate], [s0].[InvoiceNo], [s0].[PrincipalAmount], [s0].[Template], [s0].[TotalAmount]
FROM [SaleItems] AS [s]
INNER JOIN [Sales] AS [s0] ON [s].[SaleId] = [s0].[Id]
WHERE CONVERT(date, [s0].[InvoiceDate]) = @__date_Date_0
2025-07-30 08:24:48.120 +05:30 [INF] Executed DbCommand (8ms) [Parameters=[@__productIds_0='?' (Size = 4000)], CommandType='"Text"', CommandTimeout='30']
SELECT [p].[ProductId], [p].[CategoryId], [p].[CostPrice], [p].[Description], [p].[Name], [p].[ProductCode], [p].[ProductKey], [p].[SellPrice], [p].[SupplierId]
FROM [Products] AS [p]
WHERE [p].[ProductId] IN (
    SELECT [p0].[value]
    FROM OPENJSON(@__productIds_0) WITH ([value] int '$') AS [p0]
)
2025-07-30 08:24:48.120 +05:30 [INF] Executing OkObjectResult, writing value of type 'AuthNet.Models.DTO.DailyProfitDto'.
2025-07-30 08:24:48.122 +05:30 [INF] Executed action AuthNet.Controllers.SalesController.GetDailyProfit (AuthNet) in 23.2074ms
2025-07-30 08:24:48.122 +05:30 [INF] Executed endpoint 'AuthNet.Controllers.SalesController.GetDailyProfit (AuthNet)'
2025-07-30 08:24:48.123 +05:30 [INF] Request finished HTTP/1.1 GET https://localhost:7165/api/Sales/DailyProfit - 200 null application/json; charset=utf-8 32.2396ms
2025-07-30 08:24:48.181 +05:30 [INF] Request starting HTTP/1.1 GET https://localhost:7165/api/Sales/CurrentMonthProfit - null null
2025-07-30 08:24:48.188 +05:30 [INF] Executing endpoint 'AuthNet.Controllers.SalesController.GetCurrentMonthProfit (AuthNet)'
2025-07-30 08:24:48.195 +05:30 [INF] Route matched with {action = "GetCurrentMonthProfit", controller = "Sales"}. Executing controller action with signature System.Threading.Tasks.Task`1[Microsoft.AspNetCore.Mvc.IActionResult] GetCurrentMonthProfit() on controller AuthNet.Controllers.SalesController (AuthNet).
2025-07-30 08:24:48.215 +05:30 [INF] Executed DbCommand (19ms) [Parameters=[@__currentYear_0='?' (DbType = Int32), @__currentMonth_1='?' (DbType = Int32)], CommandType='"Text"', CommandTimeout='30']
SELECT [s].[Id], [s].[ProductId], [s].[ProductName], [s].[Quantity], [s].[SaleId], [s].[TotalPrice], [s].[UnitPrice], [s0].[Id], [s0].[AfterTaxAmount], [s0].[CreatedAt], [s0].[DiscountedAmount], [s0].[InvoiceDate], [s0].[InvoiceNo], [s0].[PrincipalAmount], [s0].[Template], [s0].[TotalAmount]
FROM [SaleItems] AS [s]
INNER JOIN [Sales] AS [s0] ON [s].[SaleId] = [s0].[Id]
WHERE DATEPART(year, [s0].[InvoiceDate]) = @__currentYear_0 AND DATEPART(month, [s0].[InvoiceDate]) = @__currentMonth_1
2025-07-30 08:24:48.239 +05:30 [INF] Executed DbCommand (22ms) [Parameters=[@__productIds_0='?' (Size = 4000)], CommandType='"Text"', CommandTimeout='30']
SELECT [p].[ProductId], [p].[CategoryId], [p].[CostPrice], [p].[Description], [p].[Name], [p].[ProductCode], [p].[ProductKey], [p].[SellPrice], [p].[SupplierId]
FROM [Products] AS [p]
WHERE [p].[ProductId] IN (
    SELECT [p0].[value]
    FROM OPENJSON(@__productIds_0) WITH ([value] int '$') AS [p0]
)
2025-07-30 08:24:48.239 +05:30 [INF] Executing OkObjectResult, writing value of type 'AuthNet.Models.DTO.MonthlyProfitDto'.
2025-07-30 08:24:48.241 +05:30 [INF] Executed action AuthNet.Controllers.SalesController.GetCurrentMonthProfit (AuthNet) in 45.9563ms
2025-07-30 08:24:48.241 +05:30 [INF] Executed endpoint 'AuthNet.Controllers.SalesController.GetCurrentMonthProfit (AuthNet)'
2025-07-30 08:24:48.243 +05:30 [INF] Request finished HTTP/1.1 GET https://localhost:7165/api/Sales/CurrentMonthProfit - 200 null application/json; charset=utf-8 61.5764ms
2025-07-30 08:24:48.283 +05:30 [INF] Request starting HTTP/1.1 GET https://localhost:7165/api/Sales/CurrentYearProfit - null null
2025-07-30 08:24:48.283 +05:30 [INF] Executing endpoint 'AuthNet.Controllers.SalesController.GetCurrentYearProfit (AuthNet)'
2025-07-30 08:24:48.287 +05:30 [INF] Route matched with {action = "GetCurrentYearProfit", controller = "Sales"}. Executing controller action with signature System.Threading.Tasks.Task`1[Microsoft.AspNetCore.Mvc.IActionResult] GetCurrentYearProfit() on controller AuthNet.Controllers.SalesController (AuthNet).
2025-07-30 08:24:48.301 +05:30 [INF] Executed DbCommand (12ms) [Parameters=[@__currentYear_0='?' (DbType = Int32)], CommandType='"Text"', CommandTimeout='30']
SELECT [s].[Id], [s].[ProductId], [s].[ProductName], [s].[Quantity], [s].[SaleId], [s].[TotalPrice], [s].[UnitPrice], [s0].[Id], [s0].[AfterTaxAmount], [s0].[CreatedAt], [s0].[DiscountedAmount], [s0].[InvoiceDate], [s0].[InvoiceNo], [s0].[PrincipalAmount], [s0].[Template], [s0].[TotalAmount]
FROM [SaleItems] AS [s]
INNER JOIN [Sales] AS [s0] ON [s].[SaleId] = [s0].[Id]
WHERE DATEPART(year, [s0].[InvoiceDate]) = @__currentYear_0
2025-07-30 08:24:48.311 +05:30 [INF] Executed DbCommand (8ms) [Parameters=[@__productIds_0='?' (Size = 4000)], CommandType='"Text"', CommandTimeout='30']
SELECT [p].[ProductId], [p].[CategoryId], [p].[CostPrice], [p].[Description], [p].[Name], [p].[ProductCode], [p].[ProductKey], [p].[SellPrice], [p].[SupplierId]
FROM [Products] AS [p]
WHERE [p].[ProductId] IN (
    SELECT [p0].[value]
    FROM OPENJSON(@__productIds_0) WITH ([value] int '$') AS [p0]
)
2025-07-30 08:24:48.311 +05:30 [INF] Executing OkObjectResult, writing value of type 'AuthNet.Models.DTO.YearlyProfitDto'.
2025-07-30 08:24:48.312 +05:30 [INF] Executed action AuthNet.Controllers.SalesController.GetCurrentYearProfit (AuthNet) in 24.6815ms
2025-07-30 08:24:48.312 +05:30 [INF] Executed endpoint 'AuthNet.Controllers.SalesController.GetCurrentYearProfit (AuthNet)'
2025-07-30 08:24:48.312 +05:30 [INF] Request finished HTTP/1.1 GET https://localhost:7165/api/Sales/CurrentYearProfit - 200 null application/json; charset=utf-8 29.6326ms
2025-07-30 08:24:48.329 +05:30 [INF] Request starting HTTP/1.1 GET https://localhost:7165/api/Products/count - null null
2025-07-30 08:24:48.330 +05:30 [INF] Executing endpoint 'AuthNet.Controllers.ProductsController.GetProductCount (AuthNet)'
2025-07-30 08:24:48.336 +05:30 [INF] Route matched with {action = "GetProductCount", controller = "Products"}. Executing controller action with signature System.Threading.Tasks.Task`1[Microsoft.AspNetCore.Mvc.IActionResult] GetProductCount() on controller AuthNet.Controllers.ProductsController (AuthNet).
2025-07-30 08:24:48.379 +05:30 [INF] Executed DbCommand (42ms) [Parameters=[], CommandType='"Text"', CommandTimeout='30']
SELECT COUNT(*)
FROM [Products] AS [p]
2025-07-30 08:24:48.379 +05:30 [INF] Executing OkObjectResult, writing value of type 'System.Int32'.
2025-07-30 08:24:48.379 +05:30 [INF] Executed action AuthNet.Controllers.ProductsController.GetProductCount (AuthNet) in 43.6736ms
2025-07-30 08:24:48.379 +05:30 [INF] Executed endpoint 'AuthNet.Controllers.ProductsController.GetProductCount (AuthNet)'
2025-07-30 08:24:48.380 +05:30 [INF] Request finished HTTP/1.1 GET https://localhost:7165/api/Products/count - 200 null application/json; charset=utf-8 50.2965ms
2025-07-30 08:24:48.397 +05:30 [INF] Request starting HTTP/1.1 GET https://localhost:7165/api/Suppliers/count - null null
2025-07-30 08:24:48.397 +05:30 [INF] Executing endpoint 'AuthNet.Controllers.SuppliersController.GetSupplierCount (AuthNet)'
2025-07-30 08:24:48.402 +05:30 [INF] Route matched with {action = "GetSupplierCount", controller = "Suppliers"}. Executing controller action with signature System.Threading.Tasks.Task`1[Microsoft.AspNetCore.Mvc.IActionResult] GetSupplierCount() on controller AuthNet.Controllers.SuppliersController (AuthNet).
2025-07-30 08:24:48.413 +05:30 [INF] Executed DbCommand (10ms) [Parameters=[], CommandType='"Text"', CommandTimeout='30']
SELECT COUNT(*)
FROM [Suppliers] AS [s]
2025-07-30 08:24:48.413 +05:30 [INF] Executing OkObjectResult, writing value of type 'System.Int32'.
2025-07-30 08:24:48.413 +05:30 [INF] Executed action AuthNet.Controllers.SuppliersController.GetSupplierCount (AuthNet) in 11.7529ms
2025-07-30 08:24:48.414 +05:30 [INF] Executed endpoint 'AuthNet.Controllers.SuppliersController.GetSupplierCount (AuthNet)'
2025-07-30 08:24:48.414 +05:30 [INF] Request finished HTTP/1.1 GET https://localhost:7165/api/Suppliers/count - 200 null application/json; charset=utf-8 16.9422ms
2025-07-30 08:24:48.452 +05:30 [INF] Request starting HTTP/1.1 GET https://localhost:7165/api/Categories/count - null null
2025-07-30 08:24:48.452 +05:30 [INF] Executing endpoint 'AuthNet.Controllers.CategoriesController.GetCategoryCount (AuthNet)'
2025-07-30 08:24:48.456 +05:30 [INF] Route matched with {action = "GetCategoryCount", controller = "Categories"}. Executing controller action with signature System.Threading.Tasks.Task`1[Microsoft.AspNetCore.Mvc.IActionResult] GetCategoryCount() on controller AuthNet.Controllers.CategoriesController (AuthNet).
2025-07-30 08:24:48.487 +05:30 [INF] Executed DbCommand (30ms) [Parameters=[], CommandType='"Text"', CommandTimeout='30']
SELECT COUNT(*)
FROM [Categories] AS [c]
2025-07-30 08:24:48.488 +05:30 [INF] Executing OkObjectResult, writing value of type 'System.Int32'.
2025-07-30 08:24:48.488 +05:30 [INF] Executed action AuthNet.Controllers.CategoriesController.GetCategoryCount (AuthNet) in 31.5974ms
2025-07-30 08:24:48.488 +05:30 [INF] Executed endpoint 'AuthNet.Controllers.CategoriesController.GetCategoryCount (AuthNet)'
2025-07-30 08:24:48.488 +05:30 [INF] Request finished HTTP/1.1 GET https://localhost:7165/api/Categories/count - 200 null application/json; charset=utf-8 36.2317ms
2025-07-30 08:24:48.528 +05:30 [INF] Request starting HTTP/1.1 GET https://localhost:7165/api/Orders/count - null null
2025-07-30 08:24:48.528 +05:30 [INF] Executing endpoint 'AuthNet.Controllers.OrdersController.GetOrderCount (AuthNet)'
2025-07-30 08:24:48.532 +05:30 [INF] Route matched with {action = "GetOrderCount", controller = "Orders"}. Executing controller action with signature System.Threading.Tasks.Task`1[Microsoft.AspNetCore.Mvc.IActionResult] GetOrderCount() on controller AuthNet.Controllers.OrdersController (AuthNet).
2025-07-30 08:24:48.539 +05:30 [INF] Executed DbCommand (6ms) [Parameters=[], CommandType='"Text"', CommandTimeout='30']
SELECT COUNT(*)
FROM [Orders] AS [o]
2025-07-30 08:24:48.540 +05:30 [INF] Executing OkObjectResult, writing value of type 'System.Int32'.
2025-07-30 08:24:48.540 +05:30 [INF] Executed action AuthNet.Controllers.OrdersController.GetOrderCount (AuthNet) in 7.584ms
2025-07-30 08:24:48.540 +05:30 [INF] Executed endpoint 'AuthNet.Controllers.OrdersController.GetOrderCount (AuthNet)'
2025-07-30 08:24:48.540 +05:30 [INF] Request finished HTTP/1.1 GET https://localhost:7165/api/Orders/count - 200 null application/json; charset=utf-8 12.3931ms
2025-07-30 08:24:48.569 +05:30 [INF] Request starting HTTP/1.1 GET https://localhost:7165/api/Customers/count - null null
2025-07-30 08:24:48.570 +05:30 [INF] Executing endpoint 'AuthNet.Controllers.CustomersController.GetCustomerCount (AuthNet)'
2025-07-30 08:24:48.580 +05:30 [INF] Route matched with {action = "GetCustomerCount", controller = "Customers"}. Executing controller action with signature System.Threading.Tasks.Task`1[Microsoft.AspNetCore.Mvc.IActionResult] GetCustomerCount() on controller AuthNet.Controllers.CustomersController (AuthNet).
2025-07-30 08:24:48.584 +05:30 [INF] Executed DbCommand (3ms) [Parameters=[], CommandType='"Text"', CommandTimeout='30']
SELECT COUNT(*)
FROM [Customers] AS [c]
2025-07-30 08:24:48.584 +05:30 [INF] Executing OkObjectResult, writing value of type 'System.Int32'.
2025-07-30 08:24:48.584 +05:30 [INF] Executed action AuthNet.Controllers.CustomersController.GetCustomerCount (AuthNet) in 4.2387ms
2025-07-30 08:24:48.584 +05:30 [INF] Executed endpoint 'AuthNet.Controllers.CustomersController.GetCustomerCount (AuthNet)'
2025-07-30 08:24:48.585 +05:30 [INF] Request finished HTTP/1.1 GET https://localhost:7165/api/Customers/count - 200 null application/json; charset=utf-8 15.458ms
2025-07-30 08:24:48.618 +05:30 [INF] Request starting HTTP/1.1 GET https://localhost:7165/api/Tasks - null null
2025-07-30 08:24:48.619 +05:30 [INF] Executing endpoint 'AuthNet.Controllers.TasksController.GetTasks (AuthNet)'
2025-07-30 08:24:48.620 +05:30 [INF] Route matched with {action = "GetTasks", controller = "Tasks"}. Executing controller action with signature Microsoft.AspNetCore.Mvc.IActionResult GetTasks() on controller AuthNet.Controllers.TasksController (AuthNet).
2025-07-30 08:24:48.623 +05:30 [INF] Executed DbCommand (2ms) [Parameters=[], CommandType='"Text"', CommandTimeout='30']
SELECT [t].[Id], [t].[Title], [t].[DueDate]
FROM [Tasks] AS [t]
2025-07-30 08:24:48.623 +05:30 [INF] Executing OkObjectResult, writing value of type 'System.Collections.Generic.List`1[[AuthNet.Models.DTO.TaskItemDto, AuthNet, Version=1.0.0.0, Culture=neutral, PublicKeyToken=null]]'.
2025-07-30 08:24:48.625 +05:30 [INF] Executed action AuthNet.Controllers.TasksController.GetTasks (AuthNet) in 5.0768ms
2025-07-30 08:24:48.625 +05:30 [INF] Executed endpoint 'AuthNet.Controllers.TasksController.GetTasks (AuthNet)'
2025-07-30 08:24:48.625 +05:30 [INF] Request finished HTTP/1.1 GET https://localhost:7165/api/Tasks - 200 null application/json; charset=utf-8 6.9725ms
2025-07-30 08:24:48.654 +05:30 [INF] Request starting HTTP/1.1 GET https://localhost:7165/api/Settings/Get - null null
2025-07-30 08:24:48.654 +05:30 [INF] Executing endpoint 'AuthNet.Controllers.SettingsController.GetCompanyInfo (AuthNet)'
2025-07-30 08:24:48.660 +05:30 [INF] Route matched with {action = "GetCompanyInfo", controller = "Settings"}. Executing controller action with signature System.Threading.Tasks.Task`1[Microsoft.AspNetCore.Mvc.IActionResult] GetCompanyInfo() on controller AuthNet.Controllers.SettingsController (AuthNet).
2025-07-30 08:24:48.665 +05:30 [INF] Executed DbCommand (5ms) [Parameters=[], CommandType='"Text"', CommandTimeout='30']
SELECT TOP(1) [c].[Id], [c].[Address], [c].[AlternateContactNumber], [c].[ContactNumber], [c].[Email], [c].[GSTIN], [c].[LogoFileExtension], [c].[LogoFilePath], [c].[LogoFileSizeInBytes], [c].[LogoName], [c].[Name], [c].[SignFileExtension], [c].[SignFilePath], [c].[SignFileSizeInBytes], [c].[SignName]
FROM [CompanyInfos] AS [c]
2025-07-30 08:24:48.666 +05:30 [INF] Executing OkObjectResult, writing value of type 'AuthNet.Models.DTO.CompanyInfoResponseDto'.
2025-07-30 08:24:48.668 +05:30 [INF] Executed action AuthNet.Controllers.SettingsController.GetCompanyInfo (AuthNet) in 8.0644ms
2025-07-30 08:24:48.668 +05:30 [INF] Executed endpoint 'AuthNet.Controllers.SettingsController.GetCompanyInfo (AuthNet)'
2025-07-30 08:24:48.668 +05:30 [INF] Request finished HTTP/1.1 GET https://localhost:7165/api/Settings/Get - 200 null application/json; charset=utf-8 14.4618ms
2025-07-30 08:24:48.749 +05:30 [INF] Request starting HTTP/2 GET https://localhost:7165/swagger/v1/swagger.json - null null
2025-07-30 08:24:48.851 +05:30 [INF] Request finished HTTP/2 GET https://localhost:7165/swagger/v1/swagger.json - 200 null application/json;charset=utf-8 101.9381ms
2025-07-30 08:24:48.919 +05:30 [INF] Request starting HTTP/2 GET https://localhost:7165/api/Sales/WeeklyProfit - null null
2025-07-30 08:24:48.919 +05:30 [INF] CORS policy execution successful.
2025-07-30 08:24:48.920 +05:30 [INF] Executing endpoint 'AuthNet.Controllers.SalesController.GetWeeklyProfit (AuthNet)'
2025-07-30 08:24:48.924 +05:30 [INF] Route matched with {action = "GetWeeklyProfit", controller = "Sales"}. Executing controller action with signature System.Threading.Tasks.Task`1[Microsoft.AspNetCore.Mvc.IActionResult] GetWeeklyProfit() on controller AuthNet.Controllers.SalesController (AuthNet).
2025-07-30 08:24:48.926 +05:30 [INF] Request starting HTTP/2 GET https://localhost:7165/api/Products/CategoryWiseProductCount - null null
2025-07-30 08:24:48.938 +05:30 [INF] CORS policy execution successful.
2025-07-30 08:24:48.939 +05:30 [INF] Executing endpoint 'AuthNet.Controllers.ProductsController.GetCategoryWiseProductCount (AuthNet)'
2025-07-30 08:24:48.944 +05:30 [INF] Route matched with {action = "GetCategoryWiseProductCount", controller = "Products"}. Executing controller action with signature System.Threading.Tasks.Task`1[Microsoft.AspNetCore.Mvc.IActionResult] GetCategoryWiseProductCount() on controller AuthNet.Controllers.ProductsController (AuthNet).
2025-07-30 08:24:48.986 +05:30 [INF] Executed DbCommand (60ms) [Parameters=[@__startDate_0='?' (DbType = DateTime2), @__endDate_1='?' (DbType = DateTime2)], CommandType='"Text"', CommandTimeout='30']
SELECT [s].[Id], [s].[ProductId], [s].[ProductName], [s].[Quantity], [s].[SaleId], [s].[TotalPrice], [s].[UnitPrice], [s0].[Id], [s0].[AfterTaxAmount], [s0].[CreatedAt], [s0].[DiscountedAmount], [s0].[InvoiceDate], [s0].[InvoiceNo], [s0].[PrincipalAmount], [s0].[Template], [s0].[TotalAmount]
FROM [SaleItems] AS [s]
INNER JOIN [Sales] AS [s0] ON [s].[SaleId] = [s0].[Id]
WHERE CONVERT(date, [s0].[InvoiceDate]) >= @__startDate_0 AND CONVERT(date, [s0].[InvoiceDate]) <= @__endDate_1
2025-07-30 08:24:49.002 +05:30 [INF] Executed DbCommand (56ms) [Parameters=[], CommandType='"Text"', CommandTimeout='30']
SELECT [c].[Name] AS [CategoryName], COUNT(*) AS [ProductCount]
FROM [Products] AS [p]
LEFT JOIN [Categories] AS [c] ON [p].[CategoryId] = [c].[CategoryId]
WHERE [c].[CategoryId] IS NOT NULL
GROUP BY [c].[Name]
2025-07-30 08:24:49.002 +05:30 [INF] Executing OkObjectResult, writing value of type 'System.Collections.Generic.List`1[[AuthNet.Models.DTO.CategoryProductCountDto, AuthNet, Version=1.0.0.0, Culture=neutral, PublicKeyToken=null]]'.
2025-07-30 08:24:49.003 +05:30 [INF] Executed action AuthNet.Controllers.ProductsController.GetCategoryWiseProductCount (AuthNet) in 58.777ms
2025-07-30 08:24:49.003 +05:30 [INF] Executed endpoint 'AuthNet.Controllers.ProductsController.GetCategoryWiseProductCount (AuthNet)'
2025-07-30 08:24:49.004 +05:30 [INF] Request finished HTTP/2 GET https://localhost:7165/api/Products/CategoryWiseProductCount - 200 null application/json; charset=utf-8 77.4321ms
2025-07-30 08:24:49.004 +05:30 [INF] Executed DbCommand (17ms) [Parameters=[@__productIds_0='?' (Size = 4000)], CommandType='"Text"', CommandTimeout='30']
SELECT [p].[ProductId], [p].[CategoryId], [p].[CostPrice], [p].[Description], [p].[Name], [p].[ProductCode], [p].[ProductKey], [p].[SellPrice], [p].[SupplierId]
FROM [Products] AS [p]
WHERE [p].[ProductId] IN (
    SELECT [p0].[value]
    FROM OPENJSON(@__productIds_0) WITH ([value] int '$') AS [p0]
)
2025-07-30 08:24:49.004 +05:30 [INF] Executing OkObjectResult, writing value of type 'System.Collections.Generic.List`1[[AuthNet.Models.DTO.DailyProfitDto, AuthNet, Version=1.0.0.0, Culture=neutral, PublicKeyToken=null]]'.
2025-07-30 08:24:49.005 +05:30 [INF] Executed action AuthNet.Controllers.SalesController.GetWeeklyProfit (AuthNet) in 80.7221ms
2025-07-30 08:24:49.005 +05:30 [INF] Executed endpoint 'AuthNet.Controllers.SalesController.GetWeeklyProfit (AuthNet)'
2025-07-30 08:24:49.005 +05:30 [INF] Request finished HTTP/2 GET https://localhost:7165/api/Sales/WeeklyProfit - 200 null application/json; charset=utf-8 86.0497ms
2025-07-30 08:25:35.927 +05:30 [INF] Request starting HTTP/2 GET https://localhost:7165/swagger/index.html - null null
2025-07-30 08:25:35.934 +05:30 [INF] Request finished HTTP/2 GET https://localhost:7165/swagger/index.html - 200 null text/html;charset=utf-8 6.6721ms
2025-07-30 08:25:35.955 +05:30 [INF] Request starting HTTP/2 GET https://localhost:7165/_framework/aspnetcore-browser-refresh.js - null null
2025-07-30 08:25:35.959 +05:30 [INF] Request finished HTTP/2 GET https://localhost:7165/_framework/aspnetcore-browser-refresh.js - 200 16499 application/javascript; charset=utf-8 3.982ms
2025-07-30 08:25:35.962 +05:30 [INF] Request starting HTTP/2 GET https://localhost:7165/_vs/browserLink - null null
2025-07-30 08:25:36.000 +05:30 [INF] Request finished HTTP/2 GET https://localhost:7165/_vs/browserLink - 200 null text/javascript; charset=UTF-8 38.4545ms
2025-07-30 08:25:36.366 +05:30 [INF] Request starting HTTP/2 GET https://localhost:7165/swagger/v1/swagger.json - null null
2025-07-30 08:25:36.431 +05:30 [INF] Request finished HTTP/2 GET https://localhost:7165/swagger/v1/swagger.json - 200 null application/json;charset=utf-8 66.0939ms
2025-07-30 08:26:55.386 +05:30 [INF] Request starting HTTP/2 GET https://localhost:7165/swagger/index.html - null null
2025-07-30 08:26:55.398 +05:30 [INF] Request finished HTTP/2 GET https://localhost:7165/swagger/index.html - 200 null text/html;charset=utf-8 11.2598ms
2025-07-30 08:26:55.433 +05:30 [INF] Request starting HTTP/2 GET https://localhost:7165/_framework/aspnetcore-browser-refresh.js - null null
2025-07-30 08:26:55.434 +05:30 [INF] Request starting HTTP/2 GET https://localhost:7165/_vs/browserLink - null null
2025-07-30 08:26:55.438 +05:30 [INF] Request finished HTTP/2 GET https://localhost:7165/_framework/aspnetcore-browser-refresh.js - 200 16499 application/javascript; charset=utf-8 5.2506ms
2025-07-30 08:26:55.457 +05:30 [INF] Request finished HTTP/2 GET https://localhost:7165/_vs/browserLink - 200 null text/javascript; charset=UTF-8 23.9421ms
2025-07-30 08:26:56.077 +05:30 [INF] Request starting HTTP/2 GET https://localhost:7165/swagger/v1/swagger.json - null null
2025-07-30 08:26:56.114 +05:30 [INF] Request finished HTTP/2 GET https://localhost:7165/swagger/v1/swagger.json - 200 null application/json;charset=utf-8 36.9752ms
2025-07-30 08:27:01.306 +05:30 [INF] Request starting HTTP/1.1 GET https://localhost:7165/api/Sales/DailyProfit - null null
2025-07-30 08:27:01.307 +05:30 [INF] Executing endpoint 'AuthNet.Controllers.SalesController.GetDailyProfit (AuthNet)'
2025-07-30 08:27:01.310 +05:30 [INF] Route matched with {action = "GetDailyProfit", controller = "Sales"}. Executing controller action with signature System.Threading.Tasks.Task`1[Microsoft.AspNetCore.Mvc.IActionResult] GetDailyProfit() on controller AuthNet.Controllers.SalesController (AuthNet).
2025-07-30 08:27:01.318 +05:30 [INF] Executed DbCommand (6ms) [Parameters=[@__date_Date_0='?' (DbType = DateTime2)], CommandType='"Text"', CommandTimeout='30']
SELECT [s].[Id], [s].[ProductId], [s].[ProductName], [s].[Quantity], [s].[SaleId], [s].[TotalPrice], [s].[UnitPrice], [s0].[Id], [s0].[AfterTaxAmount], [s0].[CreatedAt], [s0].[DiscountedAmount], [s0].[InvoiceDate], [s0].[InvoiceNo], [s0].[PrincipalAmount], [s0].[Template], [s0].[TotalAmount]
FROM [SaleItems] AS [s]
INNER JOIN [Sales] AS [s0] ON [s].[SaleId] = [s0].[Id]
WHERE CONVERT(date, [s0].[InvoiceDate]) = @__date_Date_0
2025-07-30 08:27:01.326 +05:30 [INF] Executed DbCommand (5ms) [Parameters=[@__productIds_0='?' (Size = 4000)], CommandType='"Text"', CommandTimeout='30']
SELECT [p].[ProductId], [p].[CategoryId], [p].[CostPrice], [p].[Description], [p].[Name], [p].[ProductCode], [p].[ProductKey], [p].[SellPrice], [p].[SupplierId]
FROM [Products] AS [p]
WHERE [p].[ProductId] IN (
    SELECT [p0].[value]
    FROM OPENJSON(@__productIds_0) WITH ([value] int '$') AS [p0]
)
2025-07-30 08:27:01.326 +05:30 [INF] Executing OkObjectResult, writing value of type 'AuthNet.Models.DTO.DailyProfitDto'.
2025-07-30 08:27:01.327 +05:30 [INF] Executed action AuthNet.Controllers.SalesController.GetDailyProfit (AuthNet) in 16.7983ms
2025-07-30 08:27:01.327 +05:30 [INF] Executed endpoint 'AuthNet.Controllers.SalesController.GetDailyProfit (AuthNet)'
2025-07-30 08:27:01.327 +05:30 [INF] Request finished HTTP/1.1 GET https://localhost:7165/api/Sales/DailyProfit - 200 null application/json; charset=utf-8 20.7681ms
2025-07-30 08:27:01.342 +05:30 [INF] Request starting HTTP/1.1 GET https://localhost:7165/api/Sales/CurrentMonthProfit - null null
2025-07-30 08:27:01.347 +05:30 [INF] Executing endpoint 'AuthNet.Controllers.SalesController.GetCurrentMonthProfit (AuthNet)'
2025-07-30 08:27:01.350 +05:30 [INF] Route matched with {action = "GetCurrentMonthProfit", controller = "Sales"}. Executing controller action with signature System.Threading.Tasks.Task`1[Microsoft.AspNetCore.Mvc.IActionResult] GetCurrentMonthProfit() on controller AuthNet.Controllers.SalesController (AuthNet).
2025-07-30 08:27:01.357 +05:30 [INF] Executed DbCommand (7ms) [Parameters=[@__currentYear_0='?' (DbType = Int32), @__currentMonth_1='?' (DbType = Int32)], CommandType='"Text"', CommandTimeout='30']
SELECT [s].[Id], [s].[ProductId], [s].[ProductName], [s].[Quantity], [s].[SaleId], [s].[TotalPrice], [s].[UnitPrice], [s0].[Id], [s0].[AfterTaxAmount], [s0].[CreatedAt], [s0].[DiscountedAmount], [s0].[InvoiceDate], [s0].[InvoiceNo], [s0].[PrincipalAmount], [s0].[Template], [s0].[TotalAmount]
FROM [SaleItems] AS [s]
INNER JOIN [Sales] AS [s0] ON [s].[SaleId] = [s0].[Id]
WHERE DATEPART(year, [s0].[InvoiceDate]) = @__currentYear_0 AND DATEPART(month, [s0].[InvoiceDate]) = @__currentMonth_1
2025-07-30 08:27:01.359 +05:30 [INF] Executed DbCommand (1ms) [Parameters=[@__productIds_0='?' (Size = 4000)], CommandType='"Text"', CommandTimeout='30']
SELECT [p].[ProductId], [p].[CategoryId], [p].[CostPrice], [p].[Description], [p].[Name], [p].[ProductCode], [p].[ProductKey], [p].[SellPrice], [p].[SupplierId]
FROM [Products] AS [p]
WHERE [p].[ProductId] IN (
    SELECT [p0].[value]
    FROM OPENJSON(@__productIds_0) WITH ([value] int '$') AS [p0]
)
2025-07-30 08:27:01.359 +05:30 [INF] Executing OkObjectResult, writing value of type 'AuthNet.Models.DTO.MonthlyProfitDto'.
2025-07-30 08:27:01.360 +05:30 [INF] Executed action AuthNet.Controllers.SalesController.GetCurrentMonthProfit (AuthNet) in 10.3291ms
2025-07-30 08:27:01.360 +05:30 [INF] Executed endpoint 'AuthNet.Controllers.SalesController.GetCurrentMonthProfit (AuthNet)'
2025-07-30 08:27:01.360 +05:30 [INF] Request finished HTTP/1.1 GET https://localhost:7165/api/Sales/CurrentMonthProfit - 200 null application/json; charset=utf-8 18.0178ms
2025-07-30 08:27:01.375 +05:30 [INF] Request starting HTTP/1.1 GET https://localhost:7165/api/Sales/CurrentYearProfit - null null
2025-07-30 08:27:01.376 +05:30 [INF] Executing endpoint 'AuthNet.Controllers.SalesController.GetCurrentYearProfit (AuthNet)'
2025-07-30 08:27:01.388 +05:30 [INF] Route matched with {action = "GetCurrentYearProfit", controller = "Sales"}. Executing controller action with signature System.Threading.Tasks.Task`1[Microsoft.AspNetCore.Mvc.IActionResult] GetCurrentYearProfit() on controller AuthNet.Controllers.SalesController (AuthNet).
2025-07-30 08:27:01.398 +05:30 [INF] Executed DbCommand (9ms) [Parameters=[@__currentYear_0='?' (DbType = Int32)], CommandType='"Text"', CommandTimeout='30']
SELECT [s].[Id], [s].[ProductId], [s].[ProductName], [s].[Quantity], [s].[SaleId], [s].[TotalPrice], [s].[UnitPrice], [s0].[Id], [s0].[AfterTaxAmount], [s0].[CreatedAt], [s0].[DiscountedAmount], [s0].[InvoiceDate], [s0].[InvoiceNo], [s0].[PrincipalAmount], [s0].[Template], [s0].[TotalAmount]
FROM [SaleItems] AS [s]
INNER JOIN [Sales] AS [s0] ON [s].[SaleId] = [s0].[Id]
WHERE DATEPART(year, [s0].[InvoiceDate]) = @__currentYear_0
2025-07-30 08:27:01.400 +05:30 [INF] Executed DbCommand (1ms) [Parameters=[@__productIds_0='?' (Size = 4000)], CommandType='"Text"', CommandTimeout='30']
SELECT [p].[ProductId], [p].[CategoryId], [p].[CostPrice], [p].[Description], [p].[Name], [p].[ProductCode], [p].[ProductKey], [p].[SellPrice], [p].[SupplierId]
FROM [Products] AS [p]
WHERE [p].[ProductId] IN (
    SELECT [p0].[value]
    FROM OPENJSON(@__productIds_0) WITH ([value] int '$') AS [p0]
)
2025-07-30 08:27:01.401 +05:30 [INF] Executing OkObjectResult, writing value of type 'AuthNet.Models.DTO.YearlyProfitDto'.
2025-07-30 08:27:01.403 +05:30 [INF] Executed action AuthNet.Controllers.SalesController.GetCurrentYearProfit (AuthNet) in 14.6431ms
2025-07-30 08:27:01.403 +05:30 [INF] Executed endpoint 'AuthNet.Controllers.SalesController.GetCurrentYearProfit (AuthNet)'
2025-07-30 08:27:01.404 +05:30 [INF] Request finished HTTP/1.1 GET https://localhost:7165/api/Sales/CurrentYearProfit - 200 null application/json; charset=utf-8 29.3746ms
2025-07-30 08:27:01.421 +05:30 [INF] Request starting HTTP/1.1 GET https://localhost:7165/api/Products/count - null null
2025-07-30 08:27:01.421 +05:30 [INF] Executing endpoint 'AuthNet.Controllers.ProductsController.GetProductCount (AuthNet)'
2025-07-30 08:27:01.424 +05:30 [INF] Route matched with {action = "GetProductCount", controller = "Products"}. Executing controller action with signature System.Threading.Tasks.Task`1[Microsoft.AspNetCore.Mvc.IActionResult] GetProductCount() on controller AuthNet.Controllers.ProductsController (AuthNet).
2025-07-30 08:27:01.428 +05:30 [INF] Executed DbCommand (3ms) [Parameters=[], CommandType='"Text"', CommandTimeout='30']
SELECT COUNT(*)
FROM [Products] AS [p]
2025-07-30 08:27:01.428 +05:30 [INF] Executing OkObjectResult, writing value of type 'System.Int32'.
2025-07-30 08:27:01.428 +05:30 [INF] Executed action AuthNet.Controllers.ProductsController.GetProductCount (AuthNet) in 3.988ms
2025-07-30 08:27:01.428 +05:30 [INF] Executed endpoint 'AuthNet.Controllers.ProductsController.GetProductCount (AuthNet)'
2025-07-30 08:27:01.429 +05:30 [INF] Request finished HTTP/1.1 GET https://localhost:7165/api/Products/count - 200 null application/json; charset=utf-8 7.7977ms
2025-07-30 08:27:01.440 +05:30 [INF] Request starting HTTP/1.1 GET https://localhost:7165/api/Suppliers/count - null null
2025-07-30 08:27:01.440 +05:30 [INF] Executing endpoint 'AuthNet.Controllers.SuppliersController.GetSupplierCount (AuthNet)'
2025-07-30 08:27:01.443 +05:30 [INF] Route matched with {action = "GetSupplierCount", controller = "Suppliers"}. Executing controller action with signature System.Threading.Tasks.Task`1[Microsoft.AspNetCore.Mvc.IActionResult] GetSupplierCount() on controller AuthNet.Controllers.SuppliersController (AuthNet).
2025-07-30 08:27:01.447 +05:30 [INF] Executed DbCommand (3ms) [Parameters=[], CommandType='"Text"', CommandTimeout='30']
SELECT COUNT(*)
FROM [Suppliers] AS [s]
2025-07-30 08:27:01.447 +05:30 [INF] Executing OkObjectResult, writing value of type 'System.Int32'.
2025-07-30 08:27:01.447 +05:30 [INF] Executed action AuthNet.Controllers.SuppliersController.GetSupplierCount (AuthNet) in 4.0926ms
2025-07-30 08:27:01.447 +05:30 [INF] Executed endpoint 'AuthNet.Controllers.SuppliersController.GetSupplierCount (AuthNet)'
2025-07-30 08:27:01.447 +05:30 [INF] Request finished HTTP/1.1 GET https://localhost:7165/api/Suppliers/count - 200 null application/json; charset=utf-8 7.6578ms
2025-07-30 08:27:01.460 +05:30 [INF] Request starting HTTP/1.1 GET https://localhost:7165/api/Categories/count - null null
2025-07-30 08:27:01.460 +05:30 [INF] Executing endpoint 'AuthNet.Controllers.CategoriesController.GetCategoryCount (AuthNet)'
2025-07-30 08:27:01.463 +05:30 [INF] Route matched with {action = "GetCategoryCount", controller = "Categories"}. Executing controller action with signature System.Threading.Tasks.Task`1[Microsoft.AspNetCore.Mvc.IActionResult] GetCategoryCount() on controller AuthNet.Controllers.CategoriesController (AuthNet).
2025-07-30 08:27:01.467 +05:30 [INF] Executed DbCommand (3ms) [Parameters=[], CommandType='"Text"', CommandTimeout='30']
SELECT COUNT(*)
FROM [Categories] AS [c]
2025-07-30 08:27:01.467 +05:30 [INF] Executing OkObjectResult, writing value of type 'System.Int32'.
2025-07-30 08:27:01.468 +05:30 [INF] Executed action AuthNet.Controllers.CategoriesController.GetCategoryCount (AuthNet) in 4.3043ms
2025-07-30 08:27:01.468 +05:30 [INF] Executed endpoint 'AuthNet.Controllers.CategoriesController.GetCategoryCount (AuthNet)'
2025-07-30 08:27:01.468 +05:30 [INF] Request finished HTTP/1.1 GET https://localhost:7165/api/Categories/count - 200 null application/json; charset=utf-8 8.6494ms
2025-07-30 08:27:01.484 +05:30 [INF] Request starting HTTP/1.1 GET https://localhost:7165/api/Orders/count - null null
2025-07-30 08:27:01.484 +05:30 [INF] Executing endpoint 'AuthNet.Controllers.OrdersController.GetOrderCount (AuthNet)'
2025-07-30 08:27:01.489 +05:30 [INF] Route matched with {action = "GetOrderCount", controller = "Orders"}. Executing controller action with signature System.Threading.Tasks.Task`1[Microsoft.AspNetCore.Mvc.IActionResult] GetOrderCount() on controller AuthNet.Controllers.OrdersController (AuthNet).
2025-07-30 08:27:01.493 +05:30 [INF] Executed DbCommand (2ms) [Parameters=[], CommandType='"Text"', CommandTimeout='30']
SELECT COUNT(*)
FROM [Orders] AS [o]
2025-07-30 08:27:01.493 +05:30 [INF] Executing OkObjectResult, writing value of type 'System.Int32'.
2025-07-30 08:27:01.493 +05:30 [INF] Executed action AuthNet.Controllers.OrdersController.GetOrderCount (AuthNet) in 3.9901ms
2025-07-30 08:27:01.494 +05:30 [INF] Executed endpoint 'AuthNet.Controllers.OrdersController.GetOrderCount (AuthNet)'
2025-07-30 08:27:01.494 +05:30 [INF] Request finished HTTP/1.1 GET https://localhost:7165/api/Orders/count - 200 null application/json; charset=utf-8 9.8416ms
2025-07-30 08:27:01.507 +05:30 [INF] Request starting HTTP/1.1 GET https://localhost:7165/api/Customers/count - null null
2025-07-30 08:27:01.507 +05:30 [INF] Executing endpoint 'AuthNet.Controllers.CustomersController.GetCustomerCount (AuthNet)'
2025-07-30 08:27:01.511 +05:30 [INF] Route matched with {action = "GetCustomerCount", controller = "Customers"}. Executing controller action with signature System.Threading.Tasks.Task`1[Microsoft.AspNetCore.Mvc.IActionResult] GetCustomerCount() on controller AuthNet.Controllers.CustomersController (AuthNet).
2025-07-30 08:27:01.515 +05:30 [INF] Executed DbCommand (3ms) [Parameters=[], CommandType='"Text"', CommandTimeout='30']
SELECT COUNT(*)
FROM [Customers] AS [c]
2025-07-30 08:27:01.515 +05:30 [INF] Executing OkObjectResult, writing value of type 'System.Int32'.
2025-07-30 08:27:01.515 +05:30 [INF] Executed action AuthNet.Controllers.CustomersController.GetCustomerCount (AuthNet) in 4.0088ms
2025-07-30 08:27:01.515 +05:30 [INF] Executed endpoint 'AuthNet.Controllers.CustomersController.GetCustomerCount (AuthNet)'
2025-07-30 08:27:01.515 +05:30 [INF] Request finished HTTP/1.1 GET https://localhost:7165/api/Customers/count - 200 null application/json; charset=utf-8 8.3478ms
2025-07-30 08:27:01.529 +05:30 [INF] Request starting HTTP/1.1 GET https://localhost:7165/api/Tasks - null null
2025-07-30 08:27:01.529 +05:30 [INF] Executing endpoint 'AuthNet.Controllers.TasksController.GetTasks (AuthNet)'
2025-07-30 08:27:01.530 +05:30 [INF] Route matched with {action = "GetTasks", controller = "Tasks"}. Executing controller action with signature Microsoft.AspNetCore.Mvc.IActionResult GetTasks() on controller AuthNet.Controllers.TasksController (AuthNet).
2025-07-30 08:27:01.533 +05:30 [INF] Executed DbCommand (2ms) [Parameters=[], CommandType='"Text"', CommandTimeout='30']
SELECT [t].[Id], [t].[Title], [t].[DueDate]
FROM [Tasks] AS [t]
2025-07-30 08:27:01.533 +05:30 [INF] Executing OkObjectResult, writing value of type 'System.Collections.Generic.List`1[[AuthNet.Models.DTO.TaskItemDto, AuthNet, Version=1.0.0.0, Culture=neutral, PublicKeyToken=null]]'.
2025-07-30 08:27:01.534 +05:30 [INF] Executed action AuthNet.Controllers.TasksController.GetTasks (AuthNet) in 3.6966ms
2025-07-30 08:27:01.534 +05:30 [INF] Executed endpoint 'AuthNet.Controllers.TasksController.GetTasks (AuthNet)'
2025-07-30 08:27:01.534 +05:30 [INF] Request finished HTTP/1.1 GET https://localhost:7165/api/Tasks - 200 null application/json; charset=utf-8 5.5817ms
2025-07-30 08:27:01.553 +05:30 [INF] Request starting HTTP/1.1 GET https://localhost:7165/api/Settings/Get - null null
2025-07-30 08:27:01.554 +05:30 [INF] Executing endpoint 'AuthNet.Controllers.SettingsController.GetCompanyInfo (AuthNet)'
2025-07-30 08:27:01.558 +05:30 [INF] Route matched with {action = "GetCompanyInfo", controller = "Settings"}. Executing controller action with signature System.Threading.Tasks.Task`1[Microsoft.AspNetCore.Mvc.IActionResult] GetCompanyInfo() on controller AuthNet.Controllers.SettingsController (AuthNet).
2025-07-30 08:27:01.562 +05:30 [INF] Executed DbCommand (3ms) [Parameters=[], CommandType='"Text"', CommandTimeout='30']
SELECT TOP(1) [c].[Id], [c].[Address], [c].[AlternateContactNumber], [c].[ContactNumber], [c].[Email], [c].[GSTIN], [c].[LogoFileExtension], [c].[LogoFilePath], [c].[LogoFileSizeInBytes], [c].[LogoName], [c].[Name], [c].[SignFileExtension], [c].[SignFilePath], [c].[SignFileSizeInBytes], [c].[SignName]
FROM [CompanyInfos] AS [c]
2025-07-30 08:27:01.563 +05:30 [INF] Executing OkObjectResult, writing value of type 'AuthNet.Models.DTO.CompanyInfoResponseDto'.
2025-07-30 08:27:01.564 +05:30 [INF] Executed action AuthNet.Controllers.SettingsController.GetCompanyInfo (AuthNet) in 6.0634ms
2025-07-30 08:27:01.564 +05:30 [INF] Executed endpoint 'AuthNet.Controllers.SettingsController.GetCompanyInfo (AuthNet)'
2025-07-30 08:27:01.564 +05:30 [INF] Request finished HTTP/1.1 GET https://localhost:7165/api/Settings/Get - 200 null application/json; charset=utf-8 11.2629ms
2025-07-30 08:27:01.677 +05:30 [INF] Request starting HTTP/2 GET https://localhost:7165/api/Products/CategoryWiseProductCount - null null
2025-07-30 08:27:01.678 +05:30 [INF] Request starting HTTP/2 GET https://localhost:7165/api/Sales/WeeklyProfit - null null
2025-07-30 08:27:01.678 +05:30 [INF] CORS policy execution successful.
2025-07-30 08:27:01.679 +05:30 [INF] Executing endpoint 'AuthNet.Controllers.SalesController.GetWeeklyProfit (AuthNet)'
2025-07-30 08:27:01.679 +05:30 [INF] CORS policy execution successful.
2025-07-30 08:27:01.680 +05:30 [INF] Executing endpoint 'AuthNet.Controllers.ProductsController.GetCategoryWiseProductCount (AuthNet)'
2025-07-30 08:27:01.684 +05:30 [INF] Route matched with {action = "GetWeeklyProfit", controller = "Sales"}. Executing controller action with signature System.Threading.Tasks.Task`1[Microsoft.AspNetCore.Mvc.IActionResult] GetWeeklyProfit() on controller AuthNet.Controllers.SalesController (AuthNet).
2025-07-30 08:27:01.684 +05:30 [INF] Route matched with {action = "GetCategoryWiseProductCount", controller = "Products"}. Executing controller action with signature System.Threading.Tasks.Task`1[Microsoft.AspNetCore.Mvc.IActionResult] GetCategoryWiseProductCount() on controller AuthNet.Controllers.ProductsController (AuthNet).
2025-07-30 08:27:01.725 +05:30 [INF] Executed DbCommand (39ms) [Parameters=[], CommandType='"Text"', CommandTimeout='30']
SELECT [c].[Name] AS [CategoryName], COUNT(*) AS [ProductCount]
FROM [Products] AS [p]
LEFT JOIN [Categories] AS [c] ON [p].[CategoryId] = [c].[CategoryId]
WHERE [c].[CategoryId] IS NOT NULL
GROUP BY [c].[Name]
2025-07-30 08:27:01.725 +05:30 [INF] Executing OkObjectResult, writing value of type 'System.Collections.Generic.List`1[[AuthNet.Models.DTO.CategoryProductCountDto, AuthNet, Version=1.0.0.0, Culture=neutral, PublicKeyToken=null]]'.
2025-07-30 08:27:01.726 +05:30 [INF] Executed action AuthNet.Controllers.ProductsController.GetCategoryWiseProductCount (AuthNet) in 42.0436ms
2025-07-30 08:27:01.726 +05:30 [INF] Executed endpoint 'AuthNet.Controllers.ProductsController.GetCategoryWiseProductCount (AuthNet)'
2025-07-30 08:27:01.727 +05:30 [INF] Request finished HTTP/2 GET https://localhost:7165/api/Products/CategoryWiseProductCount - 200 null application/json; charset=utf-8 49.2351ms
2025-07-30 08:27:01.734 +05:30 [INF] Executed DbCommand (48ms) [Parameters=[@__startDate_0='?' (DbType = DateTime2), @__endDate_1='?' (DbType = DateTime2)], CommandType='"Text"', CommandTimeout='30']
SELECT [s].[Id], [s].[ProductId], [s].[ProductName], [s].[Quantity], [s].[SaleId], [s].[TotalPrice], [s].[UnitPrice], [s0].[Id], [s0].[AfterTaxAmount], [s0].[CreatedAt], [s0].[DiscountedAmount], [s0].[InvoiceDate], [s0].[InvoiceNo], [s0].[PrincipalAmount], [s0].[Template], [s0].[TotalAmount]
FROM [SaleItems] AS [s]
INNER JOIN [Sales] AS [s0] ON [s].[SaleId] = [s0].[Id]
WHERE CONVERT(date, [s0].[InvoiceDate]) >= @__startDate_0 AND CONVERT(date, [s0].[InvoiceDate]) <= @__endDate_1
2025-07-30 08:27:01.746 +05:30 [INF] Executed DbCommand (8ms) [Parameters=[@__productIds_0='?' (Size = 4000)], CommandType='"Text"', CommandTimeout='30']
SELECT [p].[ProductId], [p].[CategoryId], [p].[CostPrice], [p].[Description], [p].[Name], [p].[ProductCode], [p].[ProductKey], [p].[SellPrice], [p].[SupplierId]
FROM [Products] AS [p]
WHERE [p].[ProductId] IN (
    SELECT [p0].[value]
    FROM OPENJSON(@__productIds_0) WITH ([value] int '$') AS [p0]
)
2025-07-30 08:27:01.746 +05:30 [INF] Executing OkObjectResult, writing value of type 'System.Collections.Generic.List`1[[AuthNet.Models.DTO.DailyProfitDto, AuthNet, Version=1.0.0.0, Culture=neutral, PublicKeyToken=null]]'.
2025-07-30 08:27:01.756 +05:30 [INF] Executed action AuthNet.Controllers.SalesController.GetWeeklyProfit (AuthNet) in 71.9093ms
2025-07-30 08:27:01.757 +05:30 [INF] Executed endpoint 'AuthNet.Controllers.SalesController.GetWeeklyProfit (AuthNet)'
2025-07-30 08:27:01.758 +05:30 [INF] Request finished HTTP/2 GET https://localhost:7165/api/Sales/WeeklyProfit - 200 null application/json; charset=utf-8 80.0382ms
2025-07-30 08:27:14.516 +05:30 [INF] Request starting HTTP/1.1 GET https://localhost:7165/api/Categories - null null
2025-07-30 08:27:14.516 +05:30 [INF] Executing endpoint 'AuthNet.Controllers.CategoriesController.GetAll (AuthNet)'
2025-07-30 08:27:14.523 +05:30 [INF] Route matched with {action = "GetAll", controller = "Categories"}. Executing controller action with signature System.Threading.Tasks.Task`1[Microsoft.AspNetCore.Mvc.IActionResult] GetAll() on controller AuthNet.Controllers.CategoriesController (AuthNet).
2025-07-30 08:27:14.533 +05:30 [INF] Executed DbCommand (4ms) [Parameters=[], CommandType='"Text"', CommandTimeout='30']
SELECT [c].[CategoryId], [c].[Description], [c].[Name]
FROM [Categories] AS [c]
2025-07-30 08:27:14.554 +05:30 [INF] Executing OkObjectResult, writing value of type 'System.Collections.Generic.List`1[[AuthNet.Models.Domain.Category, AuthNet, Version=1.0.0.0, Culture=neutral, PublicKeyToken=null]]'.
2025-07-30 08:27:14.559 +05:30 [INF] Executed action AuthNet.Controllers.CategoriesController.GetAll (AuthNet) in 36.4569ms
2025-07-30 08:27:14.559 +05:30 [INF] Executed endpoint 'AuthNet.Controllers.CategoriesController.GetAll (AuthNet)'
2025-07-30 08:27:14.560 +05:30 [INF] Request finished HTTP/1.1 GET https://localhost:7165/api/Categories - 200 null application/json; charset=utf-8 43.7151ms
2025-07-30 08:27:18.158 +05:30 [INF] Request starting HTTP/1.1 GET https://localhost:7165/api/Products - null null
2025-07-30 08:27:18.158 +05:30 [INF] Executing endpoint 'AuthNet.Controllers.ProductsController.GetAll (AuthNet)'
2025-07-30 08:27:18.162 +05:30 [INF] Route matched with {action = "GetAll", controller = "Products"}. Executing controller action with signature System.Threading.Tasks.Task`1[Microsoft.AspNetCore.Mvc.IActionResult] GetAll() on controller AuthNet.Controllers.ProductsController (AuthNet).
2025-07-30 08:27:18.166 +05:30 [INF] Executed DbCommand (4ms) [Parameters=[], CommandType='"Text"', CommandTimeout='30']
SELECT [p].[ProductId], [p].[CategoryId], [p].[CostPrice], [p].[Description], [p].[Name], [p].[ProductCode], [p].[ProductKey], [p].[SellPrice], [p].[SupplierId]
FROM [Products] AS [p]
2025-07-30 08:27:18.167 +05:30 [INF] Executing OkObjectResult, writing value of type 'System.Collections.Generic.List`1[[AuthNet.Models.Domain.Product, AuthNet, Version=1.0.0.0, Culture=neutral, PublicKeyToken=null]]'.
2025-07-30 08:27:18.172 +05:30 [INF] Executed action AuthNet.Controllers.ProductsController.GetAll (AuthNet) in 9.6345ms
2025-07-30 08:27:18.172 +05:30 [INF] Executed endpoint 'AuthNet.Controllers.ProductsController.GetAll (AuthNet)'
2025-07-30 08:27:18.172 +05:30 [INF] Request finished HTTP/1.1 GET https://localhost:7165/api/Products - 200 null application/json; charset=utf-8 13.7422ms
2025-07-30 08:27:18.187 +05:30 [INF] Request starting HTTP/1.1 GET https://localhost:7165/api/categories - null null
2025-07-30 08:27:18.187 +05:30 [INF] Executing endpoint 'AuthNet.Controllers.CategoriesController.GetAll (AuthNet)'
2025-07-30 08:27:18.187 +05:30 [INF] Route matched with {action = "GetAll", controller = "Categories"}. Executing controller action with signature System.Threading.Tasks.Task`1[Microsoft.AspNetCore.Mvc.IActionResult] GetAll() on controller AuthNet.Controllers.CategoriesController (AuthNet).
2025-07-30 08:27:18.193 +05:30 [INF] Executed DbCommand (4ms) [Parameters=[], CommandType='"Text"', CommandTimeout='30']
SELECT [c].[CategoryId], [c].[Description], [c].[Name]
FROM [Categories] AS [c]
2025-07-30 08:27:18.193 +05:30 [INF] Executing OkObjectResult, writing value of type 'System.Collections.Generic.List`1[[AuthNet.Models.Domain.Category, AuthNet, Version=1.0.0.0, Culture=neutral, PublicKeyToken=null]]'.
2025-07-30 08:27:18.193 +05:30 [INF] Executed action AuthNet.Controllers.CategoriesController.GetAll (AuthNet) in 5.7138ms
2025-07-30 08:27:18.193 +05:30 [INF] Executed endpoint 'AuthNet.Controllers.CategoriesController.GetAll (AuthNet)'
2025-07-30 08:27:18.193 +05:30 [INF] Request finished HTTP/1.1 GET https://localhost:7165/api/categories - 200 null application/json; charset=utf-8 6.5444ms
2025-07-30 08:27:18.211 +05:30 [INF] Request starting HTTP/1.1 GET https://localhost:7165/api/suppliers - null null
2025-07-30 08:27:18.211 +05:30 [INF] Executing endpoint 'AuthNet.Controllers.SuppliersController.GetAll (AuthNet)'
2025-07-30 08:27:18.214 +05:30 [INF] Route matched with {action = "GetAll", controller = "Suppliers"}. Executing controller action with signature System.Threading.Tasks.Task`1[Microsoft.AspNetCore.Mvc.IActionResult] GetAll() on controller AuthNet.Controllers.SuppliersController (AuthNet).
2025-07-30 08:27:18.228 +05:30 [INF] Executed DbCommand (3ms) [Parameters=[], CommandType='"Text"', CommandTimeout='30']
SELECT [s].[SupplierId], [s].[CompanyName], [s].[ContactName], [s].[Phone], [s].[Address]
FROM [Suppliers] AS [s]
2025-07-30 08:27:18.230 +05:30 [INF] Executing OkObjectResult, writing value of type 'System.Collections.Generic.List`1[[AuthNet.Models.DTO.SupplierViewModel, AuthNet, Version=1.0.0.0, Culture=neutral, PublicKeyToken=null]]'.
2025-07-30 08:27:18.232 +05:30 [INF] Executed action AuthNet.Controllers.SuppliersController.GetAll (AuthNet) in 17.9381ms
2025-07-30 08:27:18.232 +05:30 [INF] Executed endpoint 'AuthNet.Controllers.SuppliersController.GetAll (AuthNet)'
2025-07-30 08:27:18.234 +05:30 [INF] Request finished HTTP/1.1 GET https://localhost:7165/api/suppliers - 200 null application/json; charset=utf-8 22.5016ms
2025-07-30 08:27:22.427 +05:30 [INF] Request starting HTTP/1.1 GET https://localhost:7165/api/categories - null null
2025-07-30 08:27:22.427 +05:30 [INF] Executing endpoint 'AuthNet.Controllers.CategoriesController.GetAll (AuthNet)'
2025-07-30 08:27:22.427 +05:30 [INF] Route matched with {action = "GetAll", controller = "Categories"}. Executing controller action with signature System.Threading.Tasks.Task`1[Microsoft.AspNetCore.Mvc.IActionResult] GetAll() on controller AuthNet.Controllers.CategoriesController (AuthNet).
2025-07-30 08:27:22.431 +05:30 [INF] Executed DbCommand (3ms) [Parameters=[], CommandType='"Text"', CommandTimeout='30']
SELECT [c].[CategoryId], [c].[Description], [c].[Name]
FROM [Categories] AS [c]
2025-07-30 08:27:22.432 +05:30 [INF] Executing OkObjectResult, writing value of type 'System.Collections.Generic.List`1[[AuthNet.Models.Domain.Category, AuthNet, Version=1.0.0.0, Culture=neutral, PublicKeyToken=null]]'.
2025-07-30 08:27:22.432 +05:30 [INF] Executed action AuthNet.Controllers.CategoriesController.GetAll (AuthNet) in 4.9349ms
2025-07-30 08:27:22.432 +05:30 [INF] Executed endpoint 'AuthNet.Controllers.CategoriesController.GetAll (AuthNet)'
2025-07-30 08:27:22.432 +05:30 [INF] Request finished HTTP/1.1 GET https://localhost:7165/api/categories - 200 null application/json; charset=utf-8 5.7098ms
2025-07-30 08:27:22.454 +05:30 [INF] Request starting HTTP/1.1 GET https://localhost:7165/api/suppliers - null null
2025-07-30 08:27:22.454 +05:30 [INF] Executing endpoint 'AuthNet.Controllers.SuppliersController.GetAll (AuthNet)'
2025-07-30 08:27:22.454 +05:30 [INF] Route matched with {action = "GetAll", controller = "Suppliers"}. Executing controller action with signature System.Threading.Tasks.Task`1[Microsoft.AspNetCore.Mvc.IActionResult] GetAll() on controller AuthNet.Controllers.SuppliersController (AuthNet).
2025-07-30 08:27:22.458 +05:30 [INF] Executed DbCommand (3ms) [Parameters=[], CommandType='"Text"', CommandTimeout='30']
SELECT [s].[SupplierId], [s].[CompanyName], [s].[ContactName], [s].[Phone], [s].[Address]
FROM [Suppliers] AS [s]
2025-07-30 08:27:22.459 +05:30 [INF] Executing OkObjectResult, writing value of type 'System.Collections.Generic.List`1[[AuthNet.Models.DTO.SupplierViewModel, AuthNet, Version=1.0.0.0, Culture=neutral, PublicKeyToken=null]]'.
2025-07-30 08:27:22.459 +05:30 [INF] Executed action AuthNet.Controllers.SuppliersController.GetAll (AuthNet) in 5.0933ms
2025-07-30 08:27:22.459 +05:30 [INF] Executed endpoint 'AuthNet.Controllers.SuppliersController.GetAll (AuthNet)'
2025-07-30 08:27:22.460 +05:30 [INF] Request finished HTTP/1.1 GET https://localhost:7165/api/suppliers - 200 null application/json; charset=utf-8 6.1714ms
2025-07-30 08:28:06.863 +05:30 [INF] Request starting HTTP/1.1 POST https://localhost:7165/api/Products - application/json; charset=utf-8 null
2025-07-30 08:28:06.864 +05:30 [INF] Executing endpoint 'AuthNet.Controllers.ProductsController.Create (AuthNet)'
2025-07-30 08:28:06.869 +05:30 [INF] Route matched with {action = "Create", controller = "Products"}. Executing controller action with signature System.Threading.Tasks.Task`1[Microsoft.AspNetCore.Mvc.IActionResult] Create(AuthNet.Models.Domain.Product) on controller AuthNet.Controllers.ProductsController (AuthNet).
2025-07-30 08:28:06.914 +05:30 [INF] Executed DbCommand (4ms) [Parameters=[@__product_ProductKey_0='?' (DbType = Int32)], CommandType='"Text"', CommandTimeout='30']
SELECT CASE
    WHEN EXISTS (
        SELECT 1
        FROM [Products] AS [p]
        WHERE [p].[ProductKey] = @__product_ProductKey_0) THEN CAST(1 AS bit)
    ELSE CAST(0 AS bit)
END
2025-07-30 08:28:07.129 +05:30 [INF] Executed DbCommand (17ms) [Parameters=[@p0='?' (DbType = Int32), @p1='?' (Precision = 18) (Scale = 2) (DbType = Decimal), @p2='?' (Size = 4000), @p3='?' (Size = 100), @p4='?' (Size = 4000), @p5='?' (DbType = Int32), @p6='?' (Precision = 18) (Scale = 2) (DbType = Decimal), @p7='?' (DbType = Int32)], CommandType='"Text"', CommandTimeout='30']
SET IMPLICIT_TRANSACTIONS OFF;
SET NOCOUNT ON;
INSERT INTO [Products] ([CategoryId], [CostPrice], [Description], [Name], [ProductCode], [ProductKey], [SellPrice], [SupplierId])
OUTPUT INSERTED.[ProductId]
VALUES (@p0, @p1, @p2, @p3, @p4, @p5, @p6, @p7);
2025-07-30 08:28:07.159 +05:30 [INF] Executing CreatedAtActionResult, writing value of type 'AuthNet.Models.Domain.Product'.
2025-07-30 08:28:07.179 +05:30 [INF] Executed action AuthNet.Controllers.ProductsController.Create (AuthNet) in 309.0873ms
2025-07-30 08:28:07.179 +05:30 [INF] Executed endpoint 'AuthNet.Controllers.ProductsController.Create (AuthNet)'
2025-07-30 08:28:07.179 +05:30 [INF] Request finished HTTP/1.1 POST https://localhost:7165/api/Products - 201 null application/json; charset=utf-8 315.5245ms
2025-07-30 08:28:07.203 +05:30 [INF] Request starting HTTP/1.1 GET https://localhost:7165/api/Products - null null
2025-07-30 08:28:07.204 +05:30 [INF] Executing endpoint 'AuthNet.Controllers.ProductsController.GetAll (AuthNet)'
2025-07-30 08:28:07.204 +05:30 [INF] Route matched with {action = "GetAll", controller = "Products"}. Executing controller action with signature System.Threading.Tasks.Task`1[Microsoft.AspNetCore.Mvc.IActionResult] GetAll() on controller AuthNet.Controllers.ProductsController (AuthNet).
2025-07-30 08:28:07.208 +05:30 [INF] Executed DbCommand (3ms) [Parameters=[], CommandType='"Text"', CommandTimeout='30']
SELECT [p].[ProductId], [p].[CategoryId], [p].[CostPrice], [p].[Description], [p].[Name], [p].[ProductCode], [p].[ProductKey], [p].[SellPrice], [p].[SupplierId]
FROM [Products] AS [p]
2025-07-30 08:28:07.208 +05:30 [INF] Executing OkObjectResult, writing value of type 'System.Collections.Generic.List`1[[AuthNet.Models.Domain.Product, AuthNet, Version=1.0.0.0, Culture=neutral, PublicKeyToken=null]]'.
2025-07-30 08:28:07.209 +05:30 [INF] Executed action AuthNet.Controllers.ProductsController.GetAll (AuthNet) in 4.5679ms
2025-07-30 08:28:07.209 +05:30 [INF] Executed endpoint 'AuthNet.Controllers.ProductsController.GetAll (AuthNet)'
2025-07-30 08:28:07.209 +05:30 [INF] Request finished HTTP/1.1 GET https://localhost:7165/api/Products - 200 null application/json; charset=utf-8 5.5388ms
2025-07-30 08:28:07.225 +05:30 [INF] Request starting HTTP/1.1 GET https://localhost:7165/api/categories - null null
2025-07-30 08:28:07.226 +05:30 [INF] Executing endpoint 'AuthNet.Controllers.CategoriesController.GetAll (AuthNet)'
2025-07-30 08:28:07.226 +05:30 [INF] Route matched with {action = "GetAll", controller = "Categories"}. Executing controller action with signature System.Threading.Tasks.Task`1[Microsoft.AspNetCore.Mvc.IActionResult] GetAll() on controller AuthNet.Controllers.CategoriesController (AuthNet).
2025-07-30 08:28:07.230 +05:30 [INF] Executed DbCommand (3ms) [Parameters=[], CommandType='"Text"', CommandTimeout='30']
SELECT [c].[CategoryId], [c].[Description], [c].[Name]
FROM [Categories] AS [c]
2025-07-30 08:28:07.230 +05:30 [INF] Executing OkObjectResult, writing value of type 'System.Collections.Generic.List`1[[AuthNet.Models.Domain.Category, AuthNet, Version=1.0.0.0, Culture=neutral, PublicKeyToken=null]]'.
2025-07-30 08:28:07.230 +05:30 [INF] Executed action AuthNet.Controllers.CategoriesController.GetAll (AuthNet) in 4.2752ms
2025-07-30 08:28:07.230 +05:30 [INF] Executed endpoint 'AuthNet.Controllers.CategoriesController.GetAll (AuthNet)'
2025-07-30 08:28:07.231 +05:30 [INF] Request finished HTTP/1.1 GET https://localhost:7165/api/categories - 200 null application/json; charset=utf-8 5.0883ms
2025-07-30 08:28:07.247 +05:30 [INF] Request starting HTTP/1.1 GET https://localhost:7165/api/suppliers - null null
2025-07-30 08:28:07.247 +05:30 [INF] Executing endpoint 'AuthNet.Controllers.SuppliersController.GetAll (AuthNet)'
2025-07-30 08:28:07.248 +05:30 [INF] Route matched with {action = "GetAll", controller = "Suppliers"}. Executing controller action with signature System.Threading.Tasks.Task`1[Microsoft.AspNetCore.Mvc.IActionResult] GetAll() on controller AuthNet.Controllers.SuppliersController (AuthNet).
2025-07-30 08:28:07.252 +05:30 [INF] Executed DbCommand (3ms) [Parameters=[], CommandType='"Text"', CommandTimeout='30']
SELECT [s].[SupplierId], [s].[CompanyName], [s].[ContactName], [s].[Phone], [s].[Address]
FROM [Suppliers] AS [s]
2025-07-30 08:28:07.252 +05:30 [INF] Executing OkObjectResult, writing value of type 'System.Collections.Generic.List`1[[AuthNet.Models.DTO.SupplierViewModel, AuthNet, Version=1.0.0.0, Culture=neutral, PublicKeyToken=null]]'.
2025-07-30 08:28:07.252 +05:30 [INF] Executed action AuthNet.Controllers.SuppliersController.GetAll (AuthNet) in 4.6349ms
2025-07-30 08:28:07.252 +05:30 [INF] Executed endpoint 'AuthNet.Controllers.SuppliersController.GetAll (AuthNet)'
2025-07-30 08:28:07.253 +05:30 [INF] Request finished HTTP/1.1 GET https://localhost:7165/api/suppliers - 200 null application/json; charset=utf-8 5.6092ms
2025-07-30 08:28:09.228 +05:30 [INF] Request starting HTTP/1.1 GET https://localhost:7165/api/Sales/DailyProfit - null null
2025-07-30 08:28:09.228 +05:30 [INF] Executing endpoint 'AuthNet.Controllers.SalesController.GetDailyProfit (AuthNet)'
2025-07-30 08:28:09.228 +05:30 [INF] Route matched with {action = "GetDailyProfit", controller = "Sales"}. Executing controller action with signature System.Threading.Tasks.Task`1[Microsoft.AspNetCore.Mvc.IActionResult] GetDailyProfit() on controller AuthNet.Controllers.SalesController (AuthNet).
2025-07-30 08:28:09.240 +05:30 [INF] Executed DbCommand (10ms) [Parameters=[@__date_Date_0='?' (DbType = DateTime2)], CommandType='"Text"', CommandTimeout='30']
SELECT [s].[Id], [s].[ProductId], [s].[ProductName], [s].[Quantity], [s].[SaleId], [s].[TotalPrice], [s].[UnitPrice], [s0].[Id], [s0].[AfterTaxAmount], [s0].[CreatedAt], [s0].[DiscountedAmount], [s0].[InvoiceDate], [s0].[InvoiceNo], [s0].[PrincipalAmount], [s0].[Template], [s0].[TotalAmount]
FROM [SaleItems] AS [s]
INNER JOIN [Sales] AS [s0] ON [s].[SaleId] = [s0].[Id]
WHERE CONVERT(date, [s0].[InvoiceDate]) = @__date_Date_0
2025-07-30 08:28:09.245 +05:30 [INF] Executed DbCommand (5ms) [Parameters=[@__productIds_0='?' (Size = 4000)], CommandType='"Text"', CommandTimeout='30']
SELECT [p].[ProductId], [p].[CategoryId], [p].[CostPrice], [p].[Description], [p].[Name], [p].[ProductCode], [p].[ProductKey], [p].[SellPrice], [p].[SupplierId]
FROM [Products] AS [p]
WHERE [p].[ProductId] IN (
    SELECT [p0].[value]
    FROM OPENJSON(@__productIds_0) WITH ([value] int '$') AS [p0]
)
2025-07-30 08:28:09.246 +05:30 [INF] Executing OkObjectResult, writing value of type 'AuthNet.Models.DTO.DailyProfitDto'.
2025-07-30 08:28:09.246 +05:30 [INF] Executed action AuthNet.Controllers.SalesController.GetDailyProfit (AuthNet) in 17.3106ms
2025-07-30 08:28:09.246 +05:30 [INF] Executed endpoint 'AuthNet.Controllers.SalesController.GetDailyProfit (AuthNet)'
2025-07-30 08:28:09.246 +05:30 [INF] Request finished HTTP/1.1 GET https://localhost:7165/api/Sales/DailyProfit - 200 null application/json; charset=utf-8 17.98ms
2025-07-30 08:28:09.260 +05:30 [INF] Request starting HTTP/1.1 GET https://localhost:7165/api/Sales/CurrentMonthProfit - null null
2025-07-30 08:28:09.261 +05:30 [INF] Executing endpoint 'AuthNet.Controllers.SalesController.GetCurrentMonthProfit (AuthNet)'
2025-07-30 08:28:09.261 +05:30 [INF] Route matched with {action = "GetCurrentMonthProfit", controller = "Sales"}. Executing controller action with signature System.Threading.Tasks.Task`1[Microsoft.AspNetCore.Mvc.IActionResult] GetCurrentMonthProfit() on controller AuthNet.Controllers.SalesController (AuthNet).
2025-07-30 08:28:09.271 +05:30 [INF] Executed DbCommand (9ms) [Parameters=[@__currentYear_0='?' (DbType = Int32), @__currentMonth_1='?' (DbType = Int32)], CommandType='"Text"', CommandTimeout='30']
SELECT [s].[Id], [s].[ProductId], [s].[ProductName], [s].[Quantity], [s].[SaleId], [s].[TotalPrice], [s].[UnitPrice], [s0].[Id], [s0].[AfterTaxAmount], [s0].[CreatedAt], [s0].[DiscountedAmount], [s0].[InvoiceDate], [s0].[InvoiceNo], [s0].[PrincipalAmount], [s0].[Template], [s0].[TotalAmount]
FROM [SaleItems] AS [s]
INNER JOIN [Sales] AS [s0] ON [s].[SaleId] = [s0].[Id]
WHERE DATEPART(year, [s0].[InvoiceDate]) = @__currentYear_0 AND DATEPART(month, [s0].[InvoiceDate]) = @__currentMonth_1
2025-07-30 08:28:09.272 +05:30 [INF] Executed DbCommand (1ms) [Parameters=[@__productIds_0='?' (Size = 4000)], CommandType='"Text"', CommandTimeout='30']
SELECT [p].[ProductId], [p].[CategoryId], [p].[CostPrice], [p].[Description], [p].[Name], [p].[ProductCode], [p].[ProductKey], [p].[SellPrice], [p].[SupplierId]
FROM [Products] AS [p]
WHERE [p].[ProductId] IN (
    SELECT [p0].[value]
    FROM OPENJSON(@__productIds_0) WITH ([value] int '$') AS [p0]
)
2025-07-30 08:28:09.273 +05:30 [INF] Executing OkObjectResult, writing value of type 'AuthNet.Models.DTO.MonthlyProfitDto'.
2025-07-30 08:28:09.273 +05:30 [INF] Executed action AuthNet.Controllers.SalesController.GetCurrentMonthProfit (AuthNet) in 11.9342ms
2025-07-30 08:28:09.273 +05:30 [INF] Executed endpoint 'AuthNet.Controllers.SalesController.GetCurrentMonthProfit (AuthNet)'
2025-07-30 08:28:09.273 +05:30 [INF] Request finished HTTP/1.1 GET https://localhost:7165/api/Sales/CurrentMonthProfit - 200 null application/json; charset=utf-8 12.7246ms
2025-07-30 08:28:09.287 +05:30 [INF] Request starting HTTP/1.1 GET https://localhost:7165/api/Sales/CurrentYearProfit - null null
2025-07-30 08:28:09.287 +05:30 [INF] Executing endpoint 'AuthNet.Controllers.SalesController.GetCurrentYearProfit (AuthNet)'
2025-07-30 08:28:09.287 +05:30 [INF] Route matched with {action = "GetCurrentYearProfit", controller = "Sales"}. Executing controller action with signature System.Threading.Tasks.Task`1[Microsoft.AspNetCore.Mvc.IActionResult] GetCurrentYearProfit() on controller AuthNet.Controllers.SalesController (AuthNet).
2025-07-30 08:28:09.309 +05:30 [INF] Executed DbCommand (20ms) [Parameters=[@__currentYear_0='?' (DbType = Int32)], CommandType='"Text"', CommandTimeout='30']
SELECT [s].[Id], [s].[ProductId], [s].[ProductName], [s].[Quantity], [s].[SaleId], [s].[TotalPrice], [s].[UnitPrice], [s0].[Id], [s0].[AfterTaxAmount], [s0].[CreatedAt], [s0].[DiscountedAmount], [s0].[InvoiceDate], [s0].[InvoiceNo], [s0].[PrincipalAmount], [s0].[Template], [s0].[TotalAmount]
FROM [SaleItems] AS [s]
INNER JOIN [Sales] AS [s0] ON [s].[SaleId] = [s0].[Id]
WHERE DATEPART(year, [s0].[InvoiceDate]) = @__currentYear_0
2025-07-30 08:28:09.311 +05:30 [INF] Executed DbCommand (1ms) [Parameters=[@__productIds_0='?' (Size = 4000)], CommandType='"Text"', CommandTimeout='30']
SELECT [p].[ProductId], [p].[CategoryId], [p].[CostPrice], [p].[Description], [p].[Name], [p].[ProductCode], [p].[ProductKey], [p].[SellPrice], [p].[SupplierId]
FROM [Products] AS [p]
WHERE [p].[ProductId] IN (
    SELECT [p0].[value]
    FROM OPENJSON(@__productIds_0) WITH ([value] int '$') AS [p0]
)
2025-07-30 08:28:09.311 +05:30 [INF] Executing OkObjectResult, writing value of type 'AuthNet.Models.DTO.YearlyProfitDto'.
2025-07-30 08:28:09.311 +05:30 [INF] Executed action AuthNet.Controllers.SalesController.GetCurrentYearProfit (AuthNet) in 23.884ms
2025-07-30 08:28:09.311 +05:30 [INF] Executed endpoint 'AuthNet.Controllers.SalesController.GetCurrentYearProfit (AuthNet)'
2025-07-30 08:28:09.312 +05:30 [INF] Request finished HTTP/1.1 GET https://localhost:7165/api/Sales/CurrentYearProfit - 200 null application/json; charset=utf-8 24.4813ms
2025-07-30 08:28:09.330 +05:30 [INF] Request starting HTTP/1.1 GET https://localhost:7165/api/Products/count - null null
2025-07-30 08:28:09.330 +05:30 [INF] Executing endpoint 'AuthNet.Controllers.ProductsController.GetProductCount (AuthNet)'
2025-07-30 08:28:09.330 +05:30 [INF] Route matched with {action = "GetProductCount", controller = "Products"}. Executing controller action with signature System.Threading.Tasks.Task`1[Microsoft.AspNetCore.Mvc.IActionResult] GetProductCount() on controller AuthNet.Controllers.ProductsController (AuthNet).
2025-07-30 08:28:09.336 +05:30 [INF] Executed DbCommand (5ms) [Parameters=[], CommandType='"Text"', CommandTimeout='30']
SELECT COUNT(*)
FROM [Products] AS [p]
2025-07-30 08:28:09.337 +05:30 [INF] Executing OkObjectResult, writing value of type 'System.Int32'.
2025-07-30 08:28:09.337 +05:30 [INF] Executed action AuthNet.Controllers.ProductsController.GetProductCount (AuthNet) in 7.1794ms
2025-07-30 08:28:09.338 +05:30 [INF] Executed endpoint 'AuthNet.Controllers.ProductsController.GetProductCount (AuthNet)'
2025-07-30 08:28:09.342 +05:30 [INF] Request finished HTTP/1.1 GET https://localhost:7165/api/Products/count - 200 null application/json; charset=utf-8 12.6278ms
2025-07-30 08:28:09.355 +05:30 [INF] Request starting HTTP/1.1 GET https://localhost:7165/api/Suppliers/count - null null
2025-07-30 08:28:09.355 +05:30 [INF] Executing endpoint 'AuthNet.Controllers.SuppliersController.GetSupplierCount (AuthNet)'
2025-07-30 08:28:09.355 +05:30 [INF] Route matched with {action = "GetSupplierCount", controller = "Suppliers"}. Executing controller action with signature System.Threading.Tasks.Task`1[Microsoft.AspNetCore.Mvc.IActionResult] GetSupplierCount() on controller AuthNet.Controllers.SuppliersController (AuthNet).
2025-07-30 08:28:09.359 +05:30 [INF] Executed DbCommand (3ms) [Parameters=[], CommandType='"Text"', CommandTimeout='30']
SELECT COUNT(*)
FROM [Suppliers] AS [s]
2025-07-30 08:28:09.359 +05:30 [INF] Executing OkObjectResult, writing value of type 'System.Int32'.
2025-07-30 08:28:09.359 +05:30 [INF] Executed action AuthNet.Controllers.SuppliersController.GetSupplierCount (AuthNet) in 3.8539ms
2025-07-30 08:28:09.359 +05:30 [INF] Executed endpoint 'AuthNet.Controllers.SuppliersController.GetSupplierCount (AuthNet)'
2025-07-30 08:28:09.360 +05:30 [INF] Request finished HTTP/1.1 GET https://localhost:7165/api/Suppliers/count - 200 null application/json; charset=utf-8 4.832ms
2025-07-30 08:28:09.375 +05:30 [INF] Request starting HTTP/1.1 GET https://localhost:7165/api/Categories/count - null null
2025-07-30 08:28:09.375 +05:30 [INF] Executing endpoint 'AuthNet.Controllers.CategoriesController.GetCategoryCount (AuthNet)'
2025-07-30 08:28:09.375 +05:30 [INF] Route matched with {action = "GetCategoryCount", controller = "Categories"}. Executing controller action with signature System.Threading.Tasks.Task`1[Microsoft.AspNetCore.Mvc.IActionResult] GetCategoryCount() on controller AuthNet.Controllers.CategoriesController (AuthNet).
2025-07-30 08:28:09.386 +05:30 [INF] Executed DbCommand (9ms) [Parameters=[], CommandType='"Text"', CommandTimeout='30']
SELECT COUNT(*)
FROM [Categories] AS [c]
2025-07-30 08:28:09.386 +05:30 [INF] Executing OkObjectResult, writing value of type 'System.Int32'.
2025-07-30 08:28:09.386 +05:30 [INF] Executed action AuthNet.Controllers.CategoriesController.GetCategoryCount (AuthNet) in 10.5941ms
2025-07-30 08:28:09.386 +05:30 [INF] Executed endpoint 'AuthNet.Controllers.CategoriesController.GetCategoryCount (AuthNet)'
2025-07-30 08:28:09.386 +05:30 [INF] Request finished HTTP/1.1 GET https://localhost:7165/api/Categories/count - 200 null application/json; charset=utf-8 11.5487ms
2025-07-30 08:28:09.402 +05:30 [INF] Request starting HTTP/1.1 GET https://localhost:7165/api/Orders/count - null null
2025-07-30 08:28:09.402 +05:30 [INF] Executing endpoint 'AuthNet.Controllers.OrdersController.GetOrderCount (AuthNet)'
2025-07-30 08:28:09.403 +05:30 [INF] Route matched with {action = "GetOrderCount", controller = "Orders"}. Executing controller action with signature System.Threading.Tasks.Task`1[Microsoft.AspNetCore.Mvc.IActionResult] GetOrderCount() on controller AuthNet.Controllers.OrdersController (AuthNet).
2025-07-30 08:28:09.406 +05:30 [INF] Executed DbCommand (3ms) [Parameters=[], CommandType='"Text"', CommandTimeout='30']
SELECT COUNT(*)
FROM [Orders] AS [o]
2025-07-30 08:28:09.406 +05:30 [INF] Executing OkObjectResult, writing value of type 'System.Int32'.
2025-07-30 08:28:09.406 +05:30 [INF] Executed action AuthNet.Controllers.OrdersController.GetOrderCount (AuthNet) in 3.7685ms
2025-07-30 08:28:09.407 +05:30 [INF] Executed endpoint 'AuthNet.Controllers.OrdersController.GetOrderCount (AuthNet)'
2025-07-30 08:28:09.407 +05:30 [INF] Request finished HTTP/1.1 GET https://localhost:7165/api/Orders/count - 200 null application/json; charset=utf-8 4.7448ms
2025-07-30 08:28:09.425 +05:30 [INF] Request starting HTTP/1.1 GET https://localhost:7165/api/Customers/count - null null
2025-07-30 08:28:09.425 +05:30 [INF] Executing endpoint 'AuthNet.Controllers.CustomersController.GetCustomerCount (AuthNet)'
2025-07-30 08:28:09.426 +05:30 [INF] Route matched with {action = "GetCustomerCount", controller = "Customers"}. Executing controller action with signature System.Threading.Tasks.Task`1[Microsoft.AspNetCore.Mvc.IActionResult] GetCustomerCount() on controller AuthNet.Controllers.CustomersController (AuthNet).
2025-07-30 08:28:09.430 +05:30 [INF] Executed DbCommand (4ms) [Parameters=[], CommandType='"Text"', CommandTimeout='30']
SELECT COUNT(*)
FROM [Customers] AS [c]
2025-07-30 08:28:09.431 +05:30 [INF] Executing OkObjectResult, writing value of type 'System.Int32'.
2025-07-30 08:28:09.431 +05:30 [INF] Executed action AuthNet.Controllers.CustomersController.GetCustomerCount (AuthNet) in 5.2901ms
2025-07-30 08:28:09.431 +05:30 [INF] Executed endpoint 'AuthNet.Controllers.CustomersController.GetCustomerCount (AuthNet)'
2025-07-30 08:28:09.431 +05:30 [INF] Request finished HTTP/1.1 GET https://localhost:7165/api/Customers/count - 200 null application/json; charset=utf-8 6.282ms
2025-07-30 08:28:09.455 +05:30 [INF] Request starting HTTP/1.1 GET https://localhost:7165/api/Tasks - null null
2025-07-30 08:28:09.456 +05:30 [INF] Executing endpoint 'AuthNet.Controllers.TasksController.GetTasks (AuthNet)'
2025-07-30 08:28:09.456 +05:30 [INF] Route matched with {action = "GetTasks", controller = "Tasks"}. Executing controller action with signature Microsoft.AspNetCore.Mvc.IActionResult GetTasks() on controller AuthNet.Controllers.TasksController (AuthNet).
2025-07-30 08:28:09.460 +05:30 [INF] Executed DbCommand (3ms) [Parameters=[], CommandType='"Text"', CommandTimeout='30']
SELECT [t].[Id], [t].[Title], [t].[DueDate]
FROM [Tasks] AS [t]
2025-07-30 08:28:09.460 +05:30 [INF] Executing OkObjectResult, writing value of type 'System.Collections.Generic.List`1[[AuthNet.Models.DTO.TaskItemDto, AuthNet, Version=1.0.0.0, Culture=neutral, PublicKeyToken=null]]'.
2025-07-30 08:28:09.460 +05:30 [INF] Executed action AuthNet.Controllers.TasksController.GetTasks (AuthNet) in 4.1589ms
2025-07-30 08:28:09.460 +05:30 [INF] Executed endpoint 'AuthNet.Controllers.TasksController.GetTasks (AuthNet)'
2025-07-30 08:28:09.460 +05:30 [INF] Request finished HTTP/1.1 GET https://localhost:7165/api/Tasks - 200 null application/json; charset=utf-8 4.6355ms
2025-07-30 08:28:09.477 +05:30 [INF] Request starting HTTP/1.1 GET https://localhost:7165/api/Settings/Get - null null
2025-07-30 08:28:09.479 +05:30 [INF] Executing endpoint 'AuthNet.Controllers.SettingsController.GetCompanyInfo (AuthNet)'
2025-07-30 08:28:09.479 +05:30 [INF] Route matched with {action = "GetCompanyInfo", controller = "Settings"}. Executing controller action with signature System.Threading.Tasks.Task`1[Microsoft.AspNetCore.Mvc.IActionResult] GetCompanyInfo() on controller AuthNet.Controllers.SettingsController (AuthNet).
2025-07-30 08:28:09.485 +05:30 [INF] Executed DbCommand (5ms) [Parameters=[], CommandType='"Text"', CommandTimeout='30']
SELECT TOP(1) [c].[Id], [c].[Address], [c].[AlternateContactNumber], [c].[ContactNumber], [c].[Email], [c].[GSTIN], [c].[LogoFileExtension], [c].[LogoFilePath], [c].[LogoFileSizeInBytes], [c].[LogoName], [c].[Name], [c].[SignFileExtension], [c].[SignFilePath], [c].[SignFileSizeInBytes], [c].[SignName]
FROM [CompanyInfos] AS [c]
2025-07-30 08:28:09.485 +05:30 [INF] Executing OkObjectResult, writing value of type 'AuthNet.Models.DTO.CompanyInfoResponseDto'.
2025-07-30 08:28:09.485 +05:30 [INF] Executed action AuthNet.Controllers.SettingsController.GetCompanyInfo (AuthNet) in 6.1482ms
2025-07-30 08:28:09.485 +05:30 [INF] Executed endpoint 'AuthNet.Controllers.SettingsController.GetCompanyInfo (AuthNet)'
2025-07-30 08:28:09.485 +05:30 [INF] Request finished HTTP/1.1 GET https://localhost:7165/api/Settings/Get - 200 null application/json; charset=utf-8 8.3853ms
2025-07-30 08:28:09.693 +05:30 [INF] Request starting HTTP/2 GET https://localhost:7165/api/Sales/WeeklyProfit - null null
2025-07-30 08:28:09.693 +05:30 [INF] Request starting HTTP/2 GET https://localhost:7165/api/Products/CategoryWiseProductCount - null null
2025-07-30 08:28:09.694 +05:30 [INF] CORS policy execution successful.
2025-07-30 08:28:09.694 +05:30 [INF] Executing endpoint 'AuthNet.Controllers.ProductsController.GetCategoryWiseProductCount (AuthNet)'
2025-07-30 08:28:09.694 +05:30 [INF] CORS policy execution successful.
2025-07-30 08:28:09.694 +05:30 [INF] Route matched with {action = "GetCategoryWiseProductCount", controller = "Products"}. Executing controller action with signature System.Threading.Tasks.Task`1[Microsoft.AspNetCore.Mvc.IActionResult] GetCategoryWiseProductCount() on controller AuthNet.Controllers.ProductsController (AuthNet).
2025-07-30 08:28:09.694 +05:30 [INF] Executing endpoint 'AuthNet.Controllers.SalesController.GetWeeklyProfit (AuthNet)'
2025-07-30 08:28:09.695 +05:30 [INF] Route matched with {action = "GetWeeklyProfit", controller = "Sales"}. Executing controller action with signature System.Threading.Tasks.Task`1[Microsoft.AspNetCore.Mvc.IActionResult] GetWeeklyProfit() on controller AuthNet.Controllers.SalesController (AuthNet).
2025-07-30 08:28:09.861 +05:30 [INF] Executed DbCommand (166ms) [Parameters=[], CommandType='"Text"', CommandTimeout='30']
SELECT [c].[Name] AS [CategoryName], COUNT(*) AS [ProductCount]
FROM [Products] AS [p]
LEFT JOIN [Categories] AS [c] ON [p].[CategoryId] = [c].[CategoryId]
WHERE [c].[CategoryId] IS NOT NULL
GROUP BY [c].[Name]
2025-07-30 08:28:09.862 +05:30 [INF] Executing OkObjectResult, writing value of type 'System.Collections.Generic.List`1[[AuthNet.Models.DTO.CategoryProductCountDto, AuthNet, Version=1.0.0.0, Culture=neutral, PublicKeyToken=null]]'.
2025-07-30 08:28:09.862 +05:30 [INF] Executed action AuthNet.Controllers.ProductsController.GetCategoryWiseProductCount (AuthNet) in 167.3779ms
2025-07-30 08:28:09.862 +05:30 [INF] Executed endpoint 'AuthNet.Controllers.ProductsController.GetCategoryWiseProductCount (AuthNet)'
2025-07-30 08:28:09.862 +05:30 [INF] Request finished HTTP/2 GET https://localhost:7165/api/Products/CategoryWiseProductCount - 200 null application/json; charset=utf-8 168.7899ms
2025-07-30 08:28:09.862 +05:30 [INF] Executed DbCommand (167ms) [Parameters=[@__startDate_0='?' (DbType = DateTime2), @__endDate_1='?' (DbType = DateTime2)], CommandType='"Text"', CommandTimeout='30']
SELECT [s].[Id], [s].[ProductId], [s].[ProductName], [s].[Quantity], [s].[SaleId], [s].[TotalPrice], [s].[UnitPrice], [s0].[Id], [s0].[AfterTaxAmount], [s0].[CreatedAt], [s0].[DiscountedAmount], [s0].[InvoiceDate], [s0].[InvoiceNo], [s0].[PrincipalAmount], [s0].[Template], [s0].[TotalAmount]
FROM [SaleItems] AS [s]
INNER JOIN [Sales] AS [s0] ON [s].[SaleId] = [s0].[Id]
WHERE CONVERT(date, [s0].[InvoiceDate]) >= @__startDate_0 AND CONVERT(date, [s0].[InvoiceDate]) <= @__endDate_1
2025-07-30 08:28:09.885 +05:30 [INF] Executed DbCommand (22ms) [Parameters=[@__productIds_0='?' (Size = 4000)], CommandType='"Text"', CommandTimeout='30']
SELECT [p].[ProductId], [p].[CategoryId], [p].[CostPrice], [p].[Description], [p].[Name], [p].[ProductCode], [p].[ProductKey], [p].[SellPrice], [p].[SupplierId]
FROM [Products] AS [p]
WHERE [p].[ProductId] IN (
    SELECT [p0].[value]
    FROM OPENJSON(@__productIds_0) WITH ([value] int '$') AS [p0]
)
2025-07-30 08:28:09.886 +05:30 [INF] Executing OkObjectResult, writing value of type 'System.Collections.Generic.List`1[[AuthNet.Models.DTO.DailyProfitDto, AuthNet, Version=1.0.0.0, Culture=neutral, PublicKeyToken=null]]'.
2025-07-30 08:28:09.886 +05:30 [INF] Executed action AuthNet.Controllers.SalesController.GetWeeklyProfit (AuthNet) in 191.6442ms
2025-07-30 08:28:09.886 +05:30 [INF] Executed endpoint 'AuthNet.Controllers.SalesController.GetWeeklyProfit (AuthNet)'
2025-07-30 08:28:09.886 +05:30 [INF] Request finished HTTP/2 GET https://localhost:7165/api/Sales/WeeklyProfit - 200 null application/json; charset=utf-8 193.2731ms
2025-07-30 08:28:19.860 +05:30 [INF] Request starting HTTP/1.1 GET https://localhost:7165/api/Products - null null
2025-07-30 08:28:19.860 +05:30 [INF] Executing endpoint 'AuthNet.Controllers.ProductsController.GetAll (AuthNet)'
2025-07-30 08:28:19.860 +05:30 [INF] Route matched with {action = "GetAll", controller = "Products"}. Executing controller action with signature System.Threading.Tasks.Task`1[Microsoft.AspNetCore.Mvc.IActionResult] GetAll() on controller AuthNet.Controllers.ProductsController (AuthNet).
2025-07-30 08:28:19.868 +05:30 [INF] Executed DbCommand (7ms) [Parameters=[], CommandType='"Text"', CommandTimeout='30']
SELECT [p].[ProductId], [p].[CategoryId], [p].[CostPrice], [p].[Description], [p].[Name], [p].[ProductCode], [p].[ProductKey], [p].[SellPrice], [p].[SupplierId]
FROM [Products] AS [p]
2025-07-30 08:28:19.868 +05:30 [INF] Executing OkObjectResult, writing value of type 'System.Collections.Generic.List`1[[AuthNet.Models.Domain.Product, AuthNet, Version=1.0.0.0, Culture=neutral, PublicKeyToken=null]]'.
2025-07-30 08:28:19.869 +05:30 [INF] Executed action AuthNet.Controllers.ProductsController.GetAll (AuthNet) in 8.2245ms
2025-07-30 08:28:19.869 +05:30 [INF] Executed endpoint 'AuthNet.Controllers.ProductsController.GetAll (AuthNet)'
2025-07-30 08:28:19.869 +05:30 [INF] Request finished HTTP/1.1 GET https://localhost:7165/api/Products - 200 null application/json; charset=utf-8 8.9701ms
2025-07-30 08:28:19.888 +05:30 [INF] Request starting HTTP/1.1 GET https://localhost:7165/api/InvoiceTemplates - null null
2025-07-30 08:28:19.890 +05:30 [INF] Executing endpoint 'AuthNet.Controllers.InvoiceTemplatesController.GetAll (AuthNet)'
2025-07-30 08:28:19.894 +05:30 [INF] Route matched with {action = "GetAll", controller = "InvoiceTemplates"}. Executing controller action with signature System.Threading.Tasks.Task`1[Microsoft.AspNetCore.Mvc.IActionResult] GetAll() on controller AuthNet.Controllers.InvoiceTemplatesController (AuthNet).
2025-07-30 08:28:19.906 +05:30 [INF] Executed DbCommand (3ms) [Parameters=[], CommandType='"Text"', CommandTimeout='30']
SELECT [i].[Id], [i].[Layout], [i].[Notes], [i].[TermsAndConditions]
FROM [InvoiceTemplates] AS [i]
2025-07-30 08:28:19.914 +05:30 [INF] Executing OkObjectResult, writing value of type 'System.Collections.Generic.List`1[[AuthNet.Models.Domain.InvoiceTemplate, AuthNet, Version=1.0.0.0, Culture=neutral, PublicKeyToken=null]]'.
2025-07-30 08:28:19.918 +05:30 [INF] Executed action AuthNet.Controllers.InvoiceTemplatesController.GetAll (AuthNet) in 23.2199ms
2025-07-30 08:28:19.918 +05:30 [INF] Executed endpoint 'AuthNet.Controllers.InvoiceTemplatesController.GetAll (AuthNet)'
2025-07-30 08:28:19.918 +05:30 [INF] Request finished HTTP/1.1 GET https://localhost:7165/api/InvoiceTemplates - 200 null application/json; charset=utf-8 29.4425ms
2025-07-30 08:28:19.937 +05:30 [INF] Request starting HTTP/1.1 GET https://localhost:7165/api/categories - null null
2025-07-30 08:28:19.937 +05:30 [INF] Executing endpoint 'AuthNet.Controllers.CategoriesController.GetAll (AuthNet)'
2025-07-30 08:28:19.937 +05:30 [INF] Route matched with {action = "GetAll", controller = "Categories"}. Executing controller action with signature System.Threading.Tasks.Task`1[Microsoft.AspNetCore.Mvc.IActionResult] GetAll() on controller AuthNet.Controllers.CategoriesController (AuthNet).
2025-07-30 08:28:19.940 +05:30 [INF] Executed DbCommand (2ms) [Parameters=[], CommandType='"Text"', CommandTimeout='30']
SELECT [c].[CategoryId], [c].[Description], [c].[Name]
FROM [Categories] AS [c]
2025-07-30 08:28:19.941 +05:30 [INF] Executing OkObjectResult, writing value of type 'System.Collections.Generic.List`1[[AuthNet.Models.Domain.Category, AuthNet, Version=1.0.0.0, Culture=neutral, PublicKeyToken=null]]'.
2025-07-30 08:28:19.941 +05:30 [INF] Executed action AuthNet.Controllers.CategoriesController.GetAll (AuthNet) in 3.8426ms
2025-07-30 08:28:19.941 +05:30 [INF] Executed endpoint 'AuthNet.Controllers.CategoriesController.GetAll (AuthNet)'
2025-07-30 08:28:19.942 +05:30 [INF] Request finished HTTP/1.1 GET https://localhost:7165/api/categories - 200 null application/json; charset=utf-8 4.6526ms
2025-07-30 08:28:19.962 +05:30 [INF] Request starting HTTP/1.1 GET https://localhost:7165/api/Settings/Get - null null
2025-07-30 08:28:19.963 +05:30 [INF] Executing endpoint 'AuthNet.Controllers.SettingsController.GetCompanyInfo (AuthNet)'
2025-07-30 08:28:19.963 +05:30 [INF] Route matched with {action = "GetCompanyInfo", controller = "Settings"}. Executing controller action with signature System.Threading.Tasks.Task`1[Microsoft.AspNetCore.Mvc.IActionResult] GetCompanyInfo() on controller AuthNet.Controllers.SettingsController (AuthNet).
2025-07-30 08:28:19.968 +05:30 [INF] Executed DbCommand (4ms) [Parameters=[], CommandType='"Text"', CommandTimeout='30']
SELECT TOP(1) [c].[Id], [c].[Address], [c].[AlternateContactNumber], [c].[ContactNumber], [c].[Email], [c].[GSTIN], [c].[LogoFileExtension], [c].[LogoFilePath], [c].[LogoFileSizeInBytes], [c].[LogoName], [c].[Name], [c].[SignFileExtension], [c].[SignFilePath], [c].[SignFileSizeInBytes], [c].[SignName]
FROM [CompanyInfos] AS [c]
2025-07-30 08:28:19.968 +05:30 [INF] Executing OkObjectResult, writing value of type 'AuthNet.Models.DTO.CompanyInfoResponseDto'.
2025-07-30 08:28:19.968 +05:30 [INF] Executed action AuthNet.Controllers.SettingsController.GetCompanyInfo (AuthNet) in 5.495ms
2025-07-30 08:28:19.968 +05:30 [INF] Executed endpoint 'AuthNet.Controllers.SettingsController.GetCompanyInfo (AuthNet)'
2025-07-30 08:28:19.969 +05:30 [INF] Request finished HTTP/1.1 GET https://localhost:7165/api/Settings/Get - 200 null application/json; charset=utf-8 6.4375ms
2025-07-30 08:28:19.988 +05:30 [INF] Request starting HTTP/1.1 GET https://localhost:7165/api/TaxSettings - null null
2025-07-30 08:28:19.988 +05:30 [INF] Executing endpoint 'AuthNet.Controllers.TaxSettingsController.GetAll (AuthNet)'
2025-07-30 08:28:19.991 +05:30 [INF] Route matched with {action = "GetAll", controller = "TaxSettings"}. Executing controller action with signature System.Threading.Tasks.Task`1[Microsoft.AspNetCore.Mvc.IActionResult] GetAll() on controller AuthNet.Controllers.TaxSettingsController (AuthNet).
2025-07-30 08:28:19.994 +05:30 [WRN] The query uses the 'First'/'FirstOrDefault' operator without 'OrderBy' and filter operators. This may lead to unpredictable results.
2025-07-30 08:28:20.004 +05:30 [INF] Executed DbCommand (4ms) [Parameters=[], CommandType='"Text"', CommandTimeout='30']
SELECT TOP(1) [t].[Id], [t].[CGST], [t].[IGST], [t].[SGST]
FROM [TaxSettings] AS [t]
2025-07-30 08:28:20.013 +05:30 [INF] Executing OkObjectResult, writing value of type 'AuthNet.Models.DTO.TaxSettingResponseDto'.
2025-07-30 08:28:20.017 +05:30 [INF] Executed action AuthNet.Controllers.TaxSettingsController.GetAll (AuthNet) in 25.5844ms
2025-07-30 08:28:20.017 +05:30 [INF] Executed endpoint 'AuthNet.Controllers.TaxSettingsController.GetAll (AuthNet)'
2025-07-30 08:28:20.017 +05:30 [INF] Request finished HTTP/1.1 GET https://localhost:7165/api/TaxSettings - 200 null application/json; charset=utf-8 29.2987ms
2025-07-30 08:29:12.844 +05:30 [INF] Request starting HTTP/1.1 GET https://localhost:7165/api/Products - null null
2025-07-30 08:29:12.844 +05:30 [INF] Executing endpoint 'AuthNet.Controllers.ProductsController.GetAll (AuthNet)'
2025-07-30 08:29:12.844 +05:30 [INF] Route matched with {action = "GetAll", controller = "Products"}. Executing controller action with signature System.Threading.Tasks.Task`1[Microsoft.AspNetCore.Mvc.IActionResult] GetAll() on controller AuthNet.Controllers.ProductsController (AuthNet).
2025-07-30 08:29:12.850 +05:30 [INF] Executed DbCommand (6ms) [Parameters=[], CommandType='"Text"', CommandTimeout='30']
SELECT [p].[ProductId], [p].[CategoryId], [p].[CostPrice], [p].[Description], [p].[Name], [p].[ProductCode], [p].[ProductKey], [p].[SellPrice], [p].[SupplierId]
FROM [Products] AS [p]
2025-07-30 08:29:12.851 +05:30 [INF] Executing OkObjectResult, writing value of type 'System.Collections.Generic.List`1[[AuthNet.Models.Domain.Product, AuthNet, Version=1.0.0.0, Culture=neutral, PublicKeyToken=null]]'.
2025-07-30 08:29:12.851 +05:30 [INF] Executed action AuthNet.Controllers.ProductsController.GetAll (AuthNet) in 6.6156ms
2025-07-30 08:29:12.851 +05:30 [INF] Executed endpoint 'AuthNet.Controllers.ProductsController.GetAll (AuthNet)'
2025-07-30 08:29:12.851 +05:30 [INF] Request finished HTTP/1.1 GET https://localhost:7165/api/Products - 200 null application/json; charset=utf-8 7.227ms
2025-07-30 08:29:12.864 +05:30 [INF] Request starting HTTP/1.1 GET https://localhost:7165/api/InvoiceTemplates - null null
2025-07-30 08:29:12.865 +05:30 [INF] Executing endpoint 'AuthNet.Controllers.InvoiceTemplatesController.GetAll (AuthNet)'
2025-07-30 08:29:12.865 +05:30 [INF] Route matched with {action = "GetAll", controller = "InvoiceTemplates"}. Executing controller action with signature System.Threading.Tasks.Task`1[Microsoft.AspNetCore.Mvc.IActionResult] GetAll() on controller AuthNet.Controllers.InvoiceTemplatesController (AuthNet).
2025-07-30 08:29:12.869 +05:30 [INF] Executed DbCommand (3ms) [Parameters=[], CommandType='"Text"', CommandTimeout='30']
SELECT [i].[Id], [i].[Layout], [i].[Notes], [i].[TermsAndConditions]
FROM [InvoiceTemplates] AS [i]
2025-07-30 08:29:12.869 +05:30 [INF] Executing OkObjectResult, writing value of type 'System.Collections.Generic.List`1[[AuthNet.Models.Domain.InvoiceTemplate, AuthNet, Version=1.0.0.0, Culture=neutral, PublicKeyToken=null]]'.
2025-07-30 08:29:12.870 +05:30 [INF] Executed action AuthNet.Controllers.InvoiceTemplatesController.GetAll (AuthNet) in 4.7587ms
2025-07-30 08:29:12.870 +05:30 [INF] Executed endpoint 'AuthNet.Controllers.InvoiceTemplatesController.GetAll (AuthNet)'
2025-07-30 08:29:12.870 +05:30 [INF] Request finished HTTP/1.1 GET https://localhost:7165/api/InvoiceTemplates - 200 null application/json; charset=utf-8 5.8604ms
2025-07-30 08:29:12.889 +05:30 [INF] Request starting HTTP/1.1 GET https://localhost:7165/api/categories - null null
2025-07-30 08:29:12.890 +05:30 [INF] Executing endpoint 'AuthNet.Controllers.CategoriesController.GetAll (AuthNet)'
2025-07-30 08:29:12.890 +05:30 [INF] Route matched with {action = "GetAll", controller = "Categories"}. Executing controller action with signature System.Threading.Tasks.Task`1[Microsoft.AspNetCore.Mvc.IActionResult] GetAll() on controller AuthNet.Controllers.CategoriesController (AuthNet).
2025-07-30 08:29:12.899 +05:30 [INF] Executed DbCommand (4ms) [Parameters=[], CommandType='"Text"', CommandTimeout='30']
SELECT [c].[CategoryId], [c].[Description], [c].[Name]
FROM [Categories] AS [c]
2025-07-30 08:29:12.900 +05:30 [INF] Executing OkObjectResult, writing value of type 'System.Collections.Generic.List`1[[AuthNet.Models.Domain.Category, AuthNet, Version=1.0.0.0, Culture=neutral, PublicKeyToken=null]]'.
2025-07-30 08:29:12.900 +05:30 [INF] Executed action AuthNet.Controllers.CategoriesController.GetAll (AuthNet) in 10.3003ms
2025-07-30 08:29:12.900 +05:30 [INF] Executed endpoint 'AuthNet.Controllers.CategoriesController.GetAll (AuthNet)'
2025-07-30 08:29:12.901 +05:30 [INF] Request finished HTTP/1.1 GET https://localhost:7165/api/categories - 200 null application/json; charset=utf-8 11.4568ms
2025-07-30 08:29:12.936 +05:30 [INF] Request starting HTTP/1.1 GET https://localhost:7165/api/Settings/Get - null null
2025-07-30 08:29:12.937 +05:30 [INF] Executing endpoint 'AuthNet.Controllers.SettingsController.GetCompanyInfo (AuthNet)'
2025-07-30 08:29:12.937 +05:30 [INF] Route matched with {action = "GetCompanyInfo", controller = "Settings"}. Executing controller action with signature System.Threading.Tasks.Task`1[Microsoft.AspNetCore.Mvc.IActionResult] GetCompanyInfo() on controller AuthNet.Controllers.SettingsController (AuthNet).
2025-07-30 08:29:12.944 +05:30 [INF] Executed DbCommand (5ms) [Parameters=[], CommandType='"Text"', CommandTimeout='30']
SELECT TOP(1) [c].[Id], [c].[Address], [c].[AlternateContactNumber], [c].[ContactNumber], [c].[Email], [c].[GSTIN], [c].[LogoFileExtension], [c].[LogoFilePath], [c].[LogoFileSizeInBytes], [c].[LogoName], [c].[Name], [c].[SignFileExtension], [c].[SignFilePath], [c].[SignFileSizeInBytes], [c].[SignName]
FROM [CompanyInfos] AS [c]
2025-07-30 08:29:12.945 +05:30 [INF] Executing OkObjectResult, writing value of type 'AuthNet.Models.DTO.CompanyInfoResponseDto'.
2025-07-30 08:29:12.945 +05:30 [INF] Executed action AuthNet.Controllers.SettingsController.GetCompanyInfo (AuthNet) in 8.0332ms
2025-07-30 08:29:12.945 +05:30 [INF] Executed endpoint 'AuthNet.Controllers.SettingsController.GetCompanyInfo (AuthNet)'
2025-07-30 08:29:12.954 +05:30 [INF] Request finished HTTP/1.1 GET https://localhost:7165/api/Settings/Get - 200 null application/json; charset=utf-8 17.9947ms
2025-07-30 08:29:12.976 +05:30 [INF] Request starting HTTP/1.1 GET https://localhost:7165/api/TaxSettings - null null
2025-07-30 08:29:12.976 +05:30 [INF] Executing endpoint 'AuthNet.Controllers.TaxSettingsController.GetAll (AuthNet)'
2025-07-30 08:29:12.976 +05:30 [INF] Route matched with {action = "GetAll", controller = "TaxSettings"}. Executing controller action with signature System.Threading.Tasks.Task`1[Microsoft.AspNetCore.Mvc.IActionResult] GetAll() on controller AuthNet.Controllers.TaxSettingsController (AuthNet).
2025-07-30 08:29:12.988 +05:30 [INF] Executed DbCommand (10ms) [Parameters=[], CommandType='"Text"', CommandTimeout='30']
SELECT TOP(1) [t].[Id], [t].[CGST], [t].[IGST], [t].[SGST]
FROM [TaxSettings] AS [t]
2025-07-30 08:29:12.988 +05:30 [INF] Executing OkObjectResult, writing value of type 'AuthNet.Models.DTO.TaxSettingResponseDto'.
2025-07-30 08:29:12.988 +05:30 [INF] Executed action AuthNet.Controllers.TaxSettingsController.GetAll (AuthNet) in 11.7361ms
2025-07-30 08:29:12.988 +05:30 [INF] Executed endpoint 'AuthNet.Controllers.TaxSettingsController.GetAll (AuthNet)'
2025-07-30 08:29:12.988 +05:30 [INF] Request finished HTTP/1.1 GET https://localhost:7165/api/TaxSettings - 200 null application/json; charset=utf-8 12.4138ms
2025-07-30 08:29:54.677 +05:30 [INF] User profile is available. Using 'C:\Users\Admin\AppData\Local\ASP.NET\DataProtection-Keys' as key repository and Windows DPAPI to encrypt keys at rest.
2025-07-30 08:29:55.107 +05:30 [INF] Now listening on: https://localhost:7165
2025-07-30 08:29:55.107 +05:30 [INF] Now listening on: http://localhost:5008
2025-07-30 08:29:55.343 +05:30 [INF] Application started. Press Ctrl+C to shut down.
2025-07-30 08:29:55.344 +05:30 [INF] Hosting environment: Development
2025-07-30 08:29:55.344 +05:30 [INF] Content root path: C:\Users\Admin\Source\Repos\AuthNet\AuthNet
2025-07-30 08:29:56.755 +05:30 [INF] Request starting HTTP/2 GET https://localhost:7165/swagger/index.html - null null
2025-07-30 08:29:57.322 +05:30 [INF] Request finished HTTP/2 GET https://localhost:7165/swagger/index.html - 200 null text/html;charset=utf-8 582.769ms
2025-07-30 08:29:57.367 +05:30 [INF] Request starting HTTP/2 GET https://localhost:7165/_framework/aspnetcore-browser-refresh.js - null null
2025-07-30 08:29:57.367 +05:30 [INF] Request starting HTTP/2 GET https://localhost:7165/_vs/browserLink - null null
2025-07-30 08:29:57.406 +05:30 [INF] Request finished HTTP/2 GET https://localhost:7165/_framework/aspnetcore-browser-refresh.js - 200 16499 application/javascript; charset=utf-8 39.8545ms
2025-07-30 08:29:57.436 +05:30 [INF] Request starting HTTP/1.1 GET https://localhost:7165/api/Sales/DailyProfit - null null
2025-07-30 08:29:57.582 +05:30 [INF] Request finished HTTP/2 GET https://localhost:7165/_vs/browserLink - 200 null text/javascript; charset=UTF-8 215.6566ms
2025-07-30 08:29:57.588 +05:30 [INF] Executing endpoint 'AuthNet.Controllers.SalesController.GetDailyProfit (AuthNet)'
2025-07-30 08:29:57.649 +05:30 [INF] Route matched with {action = "GetDailyProfit", controller = "Sales"}. Executing controller action with signature System.Threading.Tasks.Task`1[Microsoft.AspNetCore.Mvc.IActionResult] GetDailyProfit() on controller AuthNet.Controllers.SalesController (AuthNet).
2025-07-30 08:29:57.801 +05:30 [INF] Request starting HTTP/2 GET https://localhost:7165/swagger/v1/swagger.json - null null
2025-07-30 08:29:57.987 +05:30 [INF] Request finished HTTP/2 GET https://localhost:7165/swagger/v1/swagger.json - 200 null application/json;charset=utf-8 186.5685ms
2025-07-30 08:29:59.288 +05:30 [WRN] No store type was specified for the decimal property 'TotalAmount' on entity type 'Order'. This will cause values to be silently truncated if they do not fit in the default precision and scale. Explicitly specify the SQL server column type that can accommodate all the values in 'OnModelCreating' using 'HasColumnType', specify precision and scale using 'HasPrecision', or configure a value converter using 'HasConversion'.
2025-07-30 08:29:59.289 +05:30 [WRN] No store type was specified for the decimal property 'UnitPrice' on entity type 'OrderItem'. This will cause values to be silently truncated if they do not fit in the default precision and scale. Explicitly specify the SQL server column type that can accommodate all the values in 'OnModelCreating' using 'HasColumnType', specify precision and scale using 'HasPrecision', or configure a value converter using 'HasConversion'.
2025-07-30 08:29:59.289 +05:30 [WRN] No store type was specified for the decimal property 'CostPrice' on entity type 'Product'. This will cause values to be silently truncated if they do not fit in the default precision and scale. Explicitly specify the SQL server column type that can accommodate all the values in 'OnModelCreating' using 'HasColumnType', specify precision and scale using 'HasPrecision', or configure a value converter using 'HasConversion'.
2025-07-30 08:29:59.289 +05:30 [WRN] No store type was specified for the decimal property 'SellPrice' on entity type 'Product'. This will cause values to be silently truncated if they do not fit in the default precision and scale. Explicitly specify the SQL server column type that can accommodate all the values in 'OnModelCreating' using 'HasColumnType', specify precision and scale using 'HasPrecision', or configure a value converter using 'HasConversion'.
2025-07-30 08:29:59.289 +05:30 [WRN] No store type was specified for the decimal property 'TotalAmount' on entity type 'PurchaseOrder'. This will cause values to be silently truncated if they do not fit in the default precision and scale. Explicitly specify the SQL server column type that can accommodate all the values in 'OnModelCreating' using 'HasColumnType', specify precision and scale using 'HasPrecision', or configure a value converter using 'HasConversion'.
2025-07-30 08:29:59.289 +05:30 [WRN] No store type was specified for the decimal property 'UnitPrice' on entity type 'PurchaseOrderItems'. This will cause values to be silently truncated if they do not fit in the default precision and scale. Explicitly specify the SQL server column type that can accommodate all the values in 'OnModelCreating' using 'HasColumnType', specify precision and scale using 'HasPrecision', or configure a value converter using 'HasConversion'.
2025-07-30 08:29:59.289 +05:30 [WRN] No store type was specified for the decimal property 'AfterTaxAmount' on entity type 'Sale'. This will cause values to be silently truncated if they do not fit in the default precision and scale. Explicitly specify the SQL server column type that can accommodate all the values in 'OnModelCreating' using 'HasColumnType', specify precision and scale using 'HasPrecision', or configure a value converter using 'HasConversion'.
2025-07-30 08:29:59.289 +05:30 [WRN] No store type was specified for the decimal property 'DiscountedAmount' on entity type 'Sale'. This will cause values to be silently truncated if they do not fit in the default precision and scale. Explicitly specify the SQL server column type that can accommodate all the values in 'OnModelCreating' using 'HasColumnType', specify precision and scale using 'HasPrecision', or configure a value converter using 'HasConversion'.
2025-07-30 08:29:59.289 +05:30 [WRN] No store type was specified for the decimal property 'PrincipalAmount' on entity type 'Sale'. This will cause values to be silently truncated if they do not fit in the default precision and scale. Explicitly specify the SQL server column type that can accommodate all the values in 'OnModelCreating' using 'HasColumnType', specify precision and scale using 'HasPrecision', or configure a value converter using 'HasConversion'.
2025-07-30 08:29:59.289 +05:30 [WRN] No store type was specified for the decimal property 'TotalAmount' on entity type 'Sale'. This will cause values to be silently truncated if they do not fit in the default precision and scale. Explicitly specify the SQL server column type that can accommodate all the values in 'OnModelCreating' using 'HasColumnType', specify precision and scale using 'HasPrecision', or configure a value converter using 'HasConversion'.
2025-07-30 08:29:59.289 +05:30 [WRN] No store type was specified for the decimal property 'TotalPrice' on entity type 'SaleItem'. This will cause values to be silently truncated if they do not fit in the default precision and scale. Explicitly specify the SQL server column type that can accommodate all the values in 'OnModelCreating' using 'HasColumnType', specify precision and scale using 'HasPrecision', or configure a value converter using 'HasConversion'.
2025-07-30 08:29:59.289 +05:30 [WRN] No store type was specified for the decimal property 'UnitPrice' on entity type 'SaleItem'. This will cause values to be silently truncated if they do not fit in the default precision and scale. Explicitly specify the SQL server column type that can accommodate all the values in 'OnModelCreating' using 'HasColumnType', specify precision and scale using 'HasPrecision', or configure a value converter using 'HasConversion'.
2025-07-30 08:29:59.289 +05:30 [WRN] No store type was specified for the decimal property 'CGST' on entity type 'TaxSetting'. This will cause values to be silently truncated if they do not fit in the default precision and scale. Explicitly specify the SQL server column type that can accommodate all the values in 'OnModelCreating' using 'HasColumnType', specify precision and scale using 'HasPrecision', or configure a value converter using 'HasConversion'.
2025-07-30 08:29:59.289 +05:30 [WRN] No store type was specified for the decimal property 'IGST' on entity type 'TaxSetting'. This will cause values to be silently truncated if they do not fit in the default precision and scale. Explicitly specify the SQL server column type that can accommodate all the values in 'OnModelCreating' using 'HasColumnType', specify precision and scale using 'HasPrecision', or configure a value converter using 'HasConversion'.
2025-07-30 08:29:59.289 +05:30 [WRN] No store type was specified for the decimal property 'SGST' on entity type 'TaxSetting'. This will cause values to be silently truncated if they do not fit in the default precision and scale. Explicitly specify the SQL server column type that can accommodate all the values in 'OnModelCreating' using 'HasColumnType', specify precision and scale using 'HasPrecision', or configure a value converter using 'HasConversion'.
2025-07-30 08:30:00.754 +05:30 [INF] Executed DbCommand (86ms) [Parameters=[@__date_Date_0='?' (DbType = DateTime2)], CommandType='"Text"', CommandTimeout='30']
SELECT [s].[Id], [s].[ProductId], [s].[ProductName], [s].[Quantity], [s].[SaleId], [s].[TotalPrice], [s].[UnitPrice], [s0].[Id], [s0].[AfterTaxAmount], [s0].[CreatedAt], [s0].[DiscountedAmount], [s0].[InvoiceDate], [s0].[InvoiceNo], [s0].[PrincipalAmount], [s0].[Template], [s0].[TotalAmount]
FROM [SaleItems] AS [s]
INNER JOIN [Sales] AS [s0] ON [s].[SaleId] = [s0].[Id]
WHERE CONVERT(date, [s0].[InvoiceDate]) = @__date_Date_0
2025-07-30 08:30:00.877 +05:30 [INF] Executed DbCommand (17ms) [Parameters=[@__productIds_0='?' (Size = 4000)], CommandType='"Text"', CommandTimeout='30']
SELECT [p].[ProductId], [p].[CategoryId], [p].[CostPrice], [p].[Description], [p].[Name], [p].[ProductCode], [p].[ProductKey], [p].[SellPrice], [p].[SupplierId]
FROM [Products] AS [p]
WHERE [p].[ProductId] IN (
    SELECT [p0].[value]
    FROM OPENJSON(@__productIds_0) WITH ([value] int '$') AS [p0]
)
2025-07-30 08:30:00.884 +05:30 [INF] Executing OkObjectResult, writing value of type 'AuthNet.Models.DTO.DailyProfitDto'.
2025-07-30 08:30:00.921 +05:30 [INF] Executed action AuthNet.Controllers.SalesController.GetDailyProfit (AuthNet) in 3267.5545ms
2025-07-30 08:30:00.922 +05:30 [INF] Executed endpoint 'AuthNet.Controllers.SalesController.GetDailyProfit (AuthNet)'
2025-07-30 08:30:00.936 +05:30 [INF] Request finished HTTP/1.1 GET https://localhost:7165/api/Sales/DailyProfit - 200 null application/json; charset=utf-8 3501.736ms
2025-07-30 08:30:00.980 +05:30 [INF] Request starting HTTP/1.1 GET https://localhost:7165/api/Sales/CurrentMonthProfit - null null
2025-07-30 08:30:00.994 +05:30 [INF] Executing endpoint 'AuthNet.Controllers.SalesController.GetCurrentMonthProfit (AuthNet)'
2025-07-30 08:30:00.999 +05:30 [INF] Route matched with {action = "GetCurrentMonthProfit", controller = "Sales"}. Executing controller action with signature System.Threading.Tasks.Task`1[Microsoft.AspNetCore.Mvc.IActionResult] GetCurrentMonthProfit() on controller AuthNet.Controllers.SalesController (AuthNet).
2025-07-30 08:30:01.048 +05:30 [INF] Executed DbCommand (10ms) [Parameters=[@__currentYear_0='?' (DbType = Int32), @__currentMonth_1='?' (DbType = Int32)], CommandType='"Text"', CommandTimeout='30']
SELECT [s].[Id], [s].[ProductId], [s].[ProductName], [s].[Quantity], [s].[SaleId], [s].[TotalPrice], [s].[UnitPrice], [s0].[Id], [s0].[AfterTaxAmount], [s0].[CreatedAt], [s0].[DiscountedAmount], [s0].[InvoiceDate], [s0].[InvoiceNo], [s0].[PrincipalAmount], [s0].[Template], [s0].[TotalAmount]
FROM [SaleItems] AS [s]
INNER JOIN [Sales] AS [s0] ON [s].[SaleId] = [s0].[Id]
WHERE DATEPART(year, [s0].[InvoiceDate]) = @__currentYear_0 AND DATEPART(month, [s0].[InvoiceDate]) = @__currentMonth_1
2025-07-30 08:30:01.208 +05:30 [INF] Executed DbCommand (8ms) [Parameters=[@__productIds_0='?' (Size = 4000)], CommandType='"Text"', CommandTimeout='30']
SELECT [p].[ProductId], [p].[CategoryId], [p].[CostPrice], [p].[Description], [p].[Name], [p].[ProductCode], [p].[ProductKey], [p].[SellPrice], [p].[SupplierId]
FROM [Products] AS [p]
WHERE [p].[ProductId] IN (
    SELECT [p0].[value]
    FROM OPENJSON(@__productIds_0) WITH ([value] int '$') AS [p0]
)
2025-07-30 08:30:01.246 +05:30 [INF] Executing OkObjectResult, writing value of type 'AuthNet.Models.DTO.MonthlyProfitDto'.
2025-07-30 08:30:01.249 +05:30 [INF] Executed action AuthNet.Controllers.SalesController.GetCurrentMonthProfit (AuthNet) in 249.3746ms
2025-07-30 08:30:01.249 +05:30 [INF] Executed endpoint 'AuthNet.Controllers.SalesController.GetCurrentMonthProfit (AuthNet)'
2025-07-30 08:30:01.250 +05:30 [INF] Request finished HTTP/1.1 GET https://localhost:7165/api/Sales/CurrentMonthProfit - 200 null application/json; charset=utf-8 270.2543ms
2025-07-30 08:30:01.270 +05:30 [INF] Request starting HTTP/1.1 GET https://localhost:7165/api/Sales/CurrentYearProfit - null null
2025-07-30 08:30:01.273 +05:30 [INF] Executing endpoint 'AuthNet.Controllers.SalesController.GetCurrentYearProfit (AuthNet)'
2025-07-30 08:30:01.280 +05:30 [INF] Route matched with {action = "GetCurrentYearProfit", controller = "Sales"}. Executing controller action with signature System.Threading.Tasks.Task`1[Microsoft.AspNetCore.Mvc.IActionResult] GetCurrentYearProfit() on controller AuthNet.Controllers.SalesController (AuthNet).
2025-07-30 08:30:01.404 +05:30 [INF] Executed DbCommand (8ms) [Parameters=[@__currentYear_0='?' (DbType = Int32)], CommandType='"Text"', CommandTimeout='30']
SELECT [s].[Id], [s].[ProductId], [s].[ProductName], [s].[Quantity], [s].[SaleId], [s].[TotalPrice], [s].[UnitPrice], [s0].[Id], [s0].[AfterTaxAmount], [s0].[CreatedAt], [s0].[DiscountedAmount], [s0].[InvoiceDate], [s0].[InvoiceNo], [s0].[PrincipalAmount], [s0].[Template], [s0].[TotalAmount]
FROM [SaleItems] AS [s]
INNER JOIN [Sales] AS [s0] ON [s].[SaleId] = [s0].[Id]
WHERE DATEPART(year, [s0].[InvoiceDate]) = @__currentYear_0
2025-07-30 08:30:01.411 +05:30 [INF] Executed DbCommand (5ms) [Parameters=[@__productIds_0='?' (Size = 4000)], CommandType='"Text"', CommandTimeout='30']
SELECT [p].[ProductId], [p].[CategoryId], [p].[CostPrice], [p].[Description], [p].[Name], [p].[ProductCode], [p].[ProductKey], [p].[SellPrice], [p].[SupplierId]
FROM [Products] AS [p]
WHERE [p].[ProductId] IN (
    SELECT [p0].[value]
    FROM OPENJSON(@__productIds_0) WITH ([value] int '$') AS [p0]
)
2025-07-30 08:30:01.412 +05:30 [INF] Executing OkObjectResult, writing value of type 'AuthNet.Models.DTO.YearlyProfitDto'.
2025-07-30 08:30:01.413 +05:30 [INF] Executed action AuthNet.Controllers.SalesController.GetCurrentYearProfit (AuthNet) in 132.6706ms
2025-07-30 08:30:01.413 +05:30 [INF] Executed endpoint 'AuthNet.Controllers.SalesController.GetCurrentYearProfit (AuthNet)'
2025-07-30 08:30:01.414 +05:30 [INF] Request finished HTTP/1.1 GET https://localhost:7165/api/Sales/CurrentYearProfit - 200 null application/json; charset=utf-8 143.6255ms
2025-07-30 08:30:01.428 +05:30 [INF] Request starting HTTP/1.1 GET https://localhost:7165/api/Products/count - null null
2025-07-30 08:30:01.429 +05:30 [INF] Executing endpoint 'AuthNet.Controllers.ProductsController.GetProductCount (AuthNet)'
2025-07-30 08:30:01.434 +05:30 [INF] Route matched with {action = "GetProductCount", controller = "Products"}. Executing controller action with signature System.Threading.Tasks.Task`1[Microsoft.AspNetCore.Mvc.IActionResult] GetProductCount() on controller AuthNet.Controllers.ProductsController (AuthNet).
2025-07-30 08:30:01.462 +05:30 [INF] Executed DbCommand (9ms) [Parameters=[], CommandType='"Text"', CommandTimeout='30']
SELECT COUNT(*)
FROM [Products] AS [p]
2025-07-30 08:30:01.468 +05:30 [INF] Executing OkObjectResult, writing value of type 'System.Int32'.
2025-07-30 08:30:01.473 +05:30 [INF] Executed action AuthNet.Controllers.ProductsController.GetProductCount (AuthNet) in 39.4174ms
2025-07-30 08:30:01.473 +05:30 [INF] Executed endpoint 'AuthNet.Controllers.ProductsController.GetProductCount (AuthNet)'
2025-07-30 08:30:01.474 +05:30 [INF] Request finished HTTP/1.1 GET https://localhost:7165/api/Products/count - 200 null application/json; charset=utf-8 46.0058ms
2025-07-30 08:30:01.492 +05:30 [INF] Request starting HTTP/1.1 GET https://localhost:7165/api/Suppliers/count - null null
2025-07-30 08:30:01.493 +05:30 [INF] Executing endpoint 'AuthNet.Controllers.SuppliersController.GetSupplierCount (AuthNet)'
2025-07-30 08:30:01.502 +05:30 [INF] Route matched with {action = "GetSupplierCount", controller = "Suppliers"}. Executing controller action with signature System.Threading.Tasks.Task`1[Microsoft.AspNetCore.Mvc.IActionResult] GetSupplierCount() on controller AuthNet.Controllers.SuppliersController (AuthNet).
2025-07-30 08:30:01.516 +05:30 [INF] Executed DbCommand (8ms) [Parameters=[], CommandType='"Text"', CommandTimeout='30']
SELECT COUNT(*)
FROM [Suppliers] AS [s]
2025-07-30 08:30:01.516 +05:30 [INF] Executing OkObjectResult, writing value of type 'System.Int32'.
2025-07-30 08:30:01.517 +05:30 [INF] Executed action AuthNet.Controllers.SuppliersController.GetSupplierCount (AuthNet) in 14.5481ms
2025-07-30 08:30:01.517 +05:30 [INF] Executed endpoint 'AuthNet.Controllers.SuppliersController.GetSupplierCount (AuthNet)'
2025-07-30 08:30:01.517 +05:30 [INF] Request finished HTTP/1.1 GET https://localhost:7165/api/Suppliers/count - 200 null application/json; charset=utf-8 25.8108ms
2025-07-30 08:30:01.533 +05:30 [INF] Request starting HTTP/1.1 GET https://localhost:7165/api/Categories/count - null null
2025-07-30 08:30:01.533 +05:30 [INF] Executing endpoint 'AuthNet.Controllers.CategoriesController.GetCategoryCount (AuthNet)'
2025-07-30 08:30:01.540 +05:30 [INF] Route matched with {action = "GetCategoryCount", controller = "Categories"}. Executing controller action with signature System.Threading.Tasks.Task`1[Microsoft.AspNetCore.Mvc.IActionResult] GetCategoryCount() on controller AuthNet.Controllers.CategoriesController (AuthNet).
2025-07-30 08:30:01.552 +05:30 [INF] Executed DbCommand (4ms) [Parameters=[], CommandType='"Text"', CommandTimeout='30']
SELECT COUNT(*)
FROM [Categories] AS [c]
2025-07-30 08:30:01.553 +05:30 [INF] Executing OkObjectResult, writing value of type 'System.Int32'.
2025-07-30 08:30:01.553 +05:30 [INF] Executed action AuthNet.Controllers.CategoriesController.GetCategoryCount (AuthNet) in 12.3991ms
2025-07-30 08:30:01.553 +05:30 [INF] Executed endpoint 'AuthNet.Controllers.CategoriesController.GetCategoryCount (AuthNet)'
2025-07-30 08:30:01.554 +05:30 [INF] Request finished HTTP/1.1 GET https://localhost:7165/api/Categories/count - 200 null application/json; charset=utf-8 21.0382ms
2025-07-30 08:30:01.569 +05:30 [INF] Request starting HTTP/1.1 GET https://localhost:7165/api/Orders/count - null null
2025-07-30 08:30:01.569 +05:30 [INF] Executing endpoint 'AuthNet.Controllers.OrdersController.GetOrderCount (AuthNet)'
2025-07-30 08:30:01.573 +05:30 [INF] Route matched with {action = "GetOrderCount", controller = "Orders"}. Executing controller action with signature System.Threading.Tasks.Task`1[Microsoft.AspNetCore.Mvc.IActionResult] GetOrderCount() on controller AuthNet.Controllers.OrdersController (AuthNet).
2025-07-30 08:30:01.591 +05:30 [INF] Executed DbCommand (5ms) [Parameters=[], CommandType='"Text"', CommandTimeout='30']
SELECT COUNT(*)
FROM [Orders] AS [o]
2025-07-30 08:30:01.592 +05:30 [INF] Executing OkObjectResult, writing value of type 'System.Int32'.
2025-07-30 08:30:01.592 +05:30 [INF] Executed action AuthNet.Controllers.OrdersController.GetOrderCount (AuthNet) in 18.9936ms
2025-07-30 08:30:01.593 +05:30 [INF] Executed endpoint 'AuthNet.Controllers.OrdersController.GetOrderCount (AuthNet)'
2025-07-30 08:30:01.594 +05:30 [INF] Request finished HTTP/1.1 GET https://localhost:7165/api/Orders/count - 200 null application/json; charset=utf-8 25.0533ms
2025-07-30 08:30:01.609 +05:30 [INF] Request starting HTTP/1.1 GET https://localhost:7165/api/Customers/count - null null
2025-07-30 08:30:01.609 +05:30 [INF] Executing endpoint 'AuthNet.Controllers.CustomersController.GetCustomerCount (AuthNet)'
2025-07-30 08:30:01.618 +05:30 [INF] Route matched with {action = "GetCustomerCount", controller = "Customers"}. Executing controller action with signature System.Threading.Tasks.Task`1[Microsoft.AspNetCore.Mvc.IActionResult] GetCustomerCount() on controller AuthNet.Controllers.CustomersController (AuthNet).
2025-07-30 08:30:01.627 +05:30 [INF] Executed DbCommand (4ms) [Parameters=[], CommandType='"Text"', CommandTimeout='30']
SELECT COUNT(*)
FROM [Customers] AS [c]
2025-07-30 08:30:01.630 +05:30 [INF] Executing OkObjectResult, writing value of type 'System.Int32'.
2025-07-30 08:30:01.630 +05:30 [INF] Executed action AuthNet.Controllers.CustomersController.GetCustomerCount (AuthNet) in 11.8014ms
2025-07-30 08:30:01.630 +05:30 [INF] Executed endpoint 'AuthNet.Controllers.CustomersController.GetCustomerCount (AuthNet)'
2025-07-30 08:30:01.631 +05:30 [INF] Request finished HTTP/1.1 GET https://localhost:7165/api/Customers/count - 200 null application/json; charset=utf-8 22.215ms
2025-07-30 08:30:01.646 +05:30 [INF] Request starting HTTP/1.1 GET https://localhost:7165/api/Tasks - null null
2025-07-30 08:30:01.648 +05:30 [INF] Executing endpoint 'AuthNet.Controllers.TasksController.GetTasks (AuthNet)'
2025-07-30 08:30:01.649 +05:30 [INF] Route matched with {action = "GetTasks", controller = "Tasks"}. Executing controller action with signature Microsoft.AspNetCore.Mvc.IActionResult GetTasks() on controller AuthNet.Controllers.TasksController (AuthNet).
2025-07-30 08:30:01.669 +05:30 [INF] Executed DbCommand (4ms) [Parameters=[], CommandType='"Text"', CommandTimeout='30']
SELECT [t].[Id], [t].[Title], [t].[DueDate]
FROM [Tasks] AS [t]
2025-07-30 08:30:01.673 +05:30 [INF] Executing OkObjectResult, writing value of type 'System.Collections.Generic.List`1[[AuthNet.Models.DTO.TaskItemDto, AuthNet, Version=1.0.0.0, Culture=neutral, PublicKeyToken=null]]'.
2025-07-30 08:30:01.680 +05:30 [INF] Executed action AuthNet.Controllers.TasksController.GetTasks (AuthNet) in 30.3792ms
2025-07-30 08:30:01.680 +05:30 [INF] Executed endpoint 'AuthNet.Controllers.TasksController.GetTasks (AuthNet)'
2025-07-30 08:30:01.680 +05:30 [INF] Request finished HTTP/1.1 GET https://localhost:7165/api/Tasks - 200 null application/json; charset=utf-8 33.5584ms
2025-07-30 08:30:01.702 +05:30 [INF] Request starting HTTP/1.1 GET https://localhost:7165/api/Settings/Get - null null
2025-07-30 08:30:01.703 +05:30 [INF] Executing endpoint 'AuthNet.Controllers.SettingsController.GetCompanyInfo (AuthNet)'
2025-07-30 08:30:01.713 +05:30 [INF] Route matched with {action = "GetCompanyInfo", controller = "Settings"}. Executing controller action with signature System.Threading.Tasks.Task`1[Microsoft.AspNetCore.Mvc.IActionResult] GetCompanyInfo() on controller AuthNet.Controllers.SettingsController (AuthNet).
2025-07-30 08:30:01.725 +05:30 [WRN] The query uses the 'First'/'FirstOrDefault' operator without 'OrderBy' and filter operators. This may lead to unpredictable results.
2025-07-30 08:30:01.744 +05:30 [INF] Executed DbCommand (6ms) [Parameters=[], CommandType='"Text"', CommandTimeout='30']
SELECT TOP(1) [c].[Id], [c].[Address], [c].[AlternateContactNumber], [c].[ContactNumber], [c].[Email], [c].[GSTIN], [c].[LogoFileExtension], [c].[LogoFilePath], [c].[LogoFileSizeInBytes], [c].[LogoName], [c].[Name], [c].[SignFileExtension], [c].[SignFilePath], [c].[SignFileSizeInBytes], [c].[SignName]
FROM [CompanyInfos] AS [c]
2025-07-30 08:30:01.801 +05:30 [INF] Executing OkObjectResult, writing value of type 'AuthNet.Models.DTO.CompanyInfoResponseDto'.
2025-07-30 08:30:01.805 +05:30 [INF] Executed action AuthNet.Controllers.SettingsController.GetCompanyInfo (AuthNet) in 92.0456ms
2025-07-30 08:30:01.805 +05:30 [INF] Executed endpoint 'AuthNet.Controllers.SettingsController.GetCompanyInfo (AuthNet)'
2025-07-30 08:30:01.806 +05:30 [INF] Request finished HTTP/1.1 GET https://localhost:7165/api/Settings/Get - 200 null application/json; charset=utf-8 104.0045ms
2025-07-30 08:30:02.642 +05:30 [INF] Request starting HTTP/2 GET https://localhost:7165/api/Sales/WeeklyProfit - null null
2025-07-30 08:30:02.642 +05:30 [INF] Request starting HTTP/2 GET https://localhost:7165/api/Products/CategoryWiseProductCount - null null
2025-07-30 08:30:02.645 +05:30 [INF] CORS policy execution successful.
2025-07-30 08:30:02.645 +05:30 [INF] CORS policy execution successful.
2025-07-30 08:30:02.647 +05:30 [INF] Executing endpoint 'AuthNet.Controllers.ProductsController.GetCategoryWiseProductCount (AuthNet)'
2025-07-30 08:30:02.647 +05:30 [INF] Executing endpoint 'AuthNet.Controllers.SalesController.GetWeeklyProfit (AuthNet)'
2025-07-30 08:30:02.652 +05:30 [INF] Route matched with {action = "GetCategoryWiseProductCount", controller = "Products"}. Executing controller action with signature System.Threading.Tasks.Task`1[Microsoft.AspNetCore.Mvc.IActionResult] GetCategoryWiseProductCount() on controller AuthNet.Controllers.ProductsController (AuthNet).
2025-07-30 08:30:02.652 +05:30 [INF] Route matched with {action = "GetWeeklyProfit", controller = "Sales"}. Executing controller action with signature System.Threading.Tasks.Task`1[Microsoft.AspNetCore.Mvc.IActionResult] GetWeeklyProfit() on controller AuthNet.Controllers.SalesController (AuthNet).
2025-07-30 08:30:02.697 +05:30 [INF] Executed DbCommand (23ms) [Parameters=[@__startDate_0='?' (DbType = DateTime2), @__endDate_1='?' (DbType = DateTime2)], CommandType='"Text"', CommandTimeout='30']
SELECT [s].[Id], [s].[ProductId], [s].[ProductName], [s].[Quantity], [s].[SaleId], [s].[TotalPrice], [s].[UnitPrice], [s0].[Id], [s0].[AfterTaxAmount], [s0].[CreatedAt], [s0].[DiscountedAmount], [s0].[InvoiceDate], [s0].[InvoiceNo], [s0].[PrincipalAmount], [s0].[Template], [s0].[TotalAmount]
FROM [SaleItems] AS [s]
INNER JOIN [Sales] AS [s0] ON [s].[SaleId] = [s0].[Id]
WHERE CONVERT(date, [s0].[InvoiceDate]) >= @__startDate_0 AND CONVERT(date, [s0].[InvoiceDate]) <= @__endDate_1
2025-07-30 08:30:02.709 +05:30 [INF] Executed DbCommand (9ms) [Parameters=[@__productIds_0='?' (Size = 4000)], CommandType='"Text"', CommandTimeout='30']
SELECT [p].[ProductId], [p].[CategoryId], [p].[CostPrice], [p].[Description], [p].[Name], [p].[ProductCode], [p].[ProductKey], [p].[SellPrice], [p].[SupplierId]
FROM [Products] AS [p]
WHERE [p].[ProductId] IN (
    SELECT [p0].[value]
    FROM OPENJSON(@__productIds_0) WITH ([value] int '$') AS [p0]
)
2025-07-30 08:30:02.726 +05:30 [INF] Executing OkObjectResult, writing value of type 'System.Collections.Generic.List`1[[AuthNet.Models.DTO.DailyProfitDto, AuthNet, Version=1.0.0.0, Culture=neutral, PublicKeyToken=null]]'.
2025-07-30 08:30:02.729 +05:30 [INF] Executed action AuthNet.Controllers.SalesController.GetWeeklyProfit (AuthNet) in 76.9143ms
2025-07-30 08:30:02.730 +05:30 [INF] Executed endpoint 'AuthNet.Controllers.SalesController.GetWeeklyProfit (AuthNet)'
2025-07-30 08:30:02.730 +05:30 [INF] Request finished HTTP/2 GET https://localhost:7165/api/Sales/WeeklyProfit - 200 null application/json; charset=utf-8 89.2194ms
2025-07-30 08:30:02.787 +05:30 [INF] Executed DbCommand (12ms) [Parameters=[], CommandType='"Text"', CommandTimeout='30']
SELECT [c].[Name] AS [CategoryName], COUNT(*) AS [ProductCount]
FROM [Products] AS [p]
LEFT JOIN [Categories] AS [c] ON [p].[CategoryId] = [c].[CategoryId]
WHERE [c].[CategoryId] IS NOT NULL
GROUP BY [c].[Name]
2025-07-30 08:30:02.789 +05:30 [INF] Executing OkObjectResult, writing value of type 'System.Collections.Generic.List`1[[AuthNet.Models.DTO.CategoryProductCountDto, AuthNet, Version=1.0.0.0, Culture=neutral, PublicKeyToken=null]]'.
2025-07-30 08:30:02.792 +05:30 [INF] Executed action AuthNet.Controllers.ProductsController.GetCategoryWiseProductCount (AuthNet) in 139.5361ms
2025-07-30 08:30:02.792 +05:30 [INF] Executed endpoint 'AuthNet.Controllers.ProductsController.GetCategoryWiseProductCount (AuthNet)'
2025-07-30 08:30:02.796 +05:30 [INF] Request finished HTTP/2 GET https://localhost:7165/api/Products/CategoryWiseProductCount - 200 null application/json; charset=utf-8 154.7866ms
2025-07-30 08:30:08.125 +05:30 [INF] Request starting HTTP/1.1 POST https://localhost:7165/api/Auth/login - application/json; charset=utf-8 null
2025-07-30 08:30:08.130 +05:30 [INF] Executing endpoint 'AuthNet.Controllers.AuthController.Login (AuthNet)'
2025-07-30 08:30:08.153 +05:30 [INF] Route matched with {action = "Login", controller = "Auth"}. Executing controller action with signature System.Threading.Tasks.Task`1[Microsoft.AspNetCore.Mvc.IActionResult] Login(AuthNet.Models.DTO.LoginDto) on controller AuthNet.Controllers.AuthController (AuthNet).
2025-07-30 08:30:08.248 +05:30 [INF] Executed DbCommand (5ms) [Parameters=[@__username_0='?' (Size = 100)], CommandType='"Text"', CommandTimeout='30']
SELECT TOP(1) [u].[UserId], [u].[CreatedAt], [u].[Email], [u].[Firstname], [u].[Lastname], [u].[PasswordHash], [u].[Role], [u].[Username]
FROM [Users] AS [u]
WHERE [u].[Username] = @__username_0
2025-07-30 08:30:08.907 +05:30 [INF] Executing OkObjectResult, writing value of type 'AuthNet.Models.DTO.ServiceResponse`1[[AuthNet.Models.DTO.LoginResponseDto, AuthNet, Version=1.0.0.0, Culture=neutral, PublicKeyToken=null]]'.
2025-07-30 08:30:08.913 +05:30 [INF] Executed action AuthNet.Controllers.AuthController.Login (AuthNet) in 759.3477ms
2025-07-30 08:30:08.913 +05:30 [INF] Executed endpoint 'AuthNet.Controllers.AuthController.Login (AuthNet)'
2025-07-30 08:30:08.913 +05:30 [INF] Request finished HTTP/1.1 POST https://localhost:7165/api/Auth/login - 200 null application/json; charset=utf-8 788.3564ms
2025-07-30 08:30:08.950 +05:30 [INF] Request starting HTTP/1.1 GET https://localhost:7165/api/Sales/DailyProfit - null null
2025-07-30 08:30:08.951 +05:30 [INF] Executing endpoint 'AuthNet.Controllers.SalesController.GetDailyProfit (AuthNet)'
2025-07-30 08:30:08.952 +05:30 [INF] Route matched with {action = "GetDailyProfit", controller = "Sales"}. Executing controller action with signature System.Threading.Tasks.Task`1[Microsoft.AspNetCore.Mvc.IActionResult] GetDailyProfit() on controller AuthNet.Controllers.SalesController (AuthNet).
2025-07-30 08:30:08.967 +05:30 [INF] Executed DbCommand (12ms) [Parameters=[@__date_Date_0='?' (DbType = DateTime2)], CommandType='"Text"', CommandTimeout='30']
SELECT [s].[Id], [s].[ProductId], [s].[ProductName], [s].[Quantity], [s].[SaleId], [s].[TotalPrice], [s].[UnitPrice], [s0].[Id], [s0].[AfterTaxAmount], [s0].[CreatedAt], [s0].[DiscountedAmount], [s0].[InvoiceDate], [s0].[InvoiceNo], [s0].[PrincipalAmount], [s0].[Template], [s0].[TotalAmount]
FROM [SaleItems] AS [s]
INNER JOIN [Sales] AS [s0] ON [s].[SaleId] = [s0].[Id]
WHERE CONVERT(date, [s0].[InvoiceDate]) = @__date_Date_0
2025-07-30 08:30:08.973 +05:30 [INF] Executed DbCommand (6ms) [Parameters=[@__productIds_0='?' (Size = 4000)], CommandType='"Text"', CommandTimeout='30']
SELECT [p].[ProductId], [p].[CategoryId], [p].[CostPrice], [p].[Description], [p].[Name], [p].[ProductCode], [p].[ProductKey], [p].[SellPrice], [p].[SupplierId]
FROM [Products] AS [p]
WHERE [p].[ProductId] IN (
    SELECT [p0].[value]
    FROM OPENJSON(@__productIds_0) WITH ([value] int '$') AS [p0]
)
2025-07-30 08:30:08.974 +05:30 [INF] Executing OkObjectResult, writing value of type 'AuthNet.Models.DTO.DailyProfitDto'.
2025-07-30 08:30:08.974 +05:30 [INF] Executed action AuthNet.Controllers.SalesController.GetDailyProfit (AuthNet) in 22.2069ms
2025-07-30 08:30:08.974 +05:30 [INF] Executed endpoint 'AuthNet.Controllers.SalesController.GetDailyProfit (AuthNet)'
2025-07-30 08:30:08.975 +05:30 [INF] Request finished HTTP/1.1 GET https://localhost:7165/api/Sales/DailyProfit - 200 null application/json; charset=utf-8 24.4815ms
2025-07-30 08:30:08.994 +05:30 [INF] Request starting HTTP/1.1 GET https://localhost:7165/api/Sales/CurrentMonthProfit - null null
2025-07-30 08:30:08.995 +05:30 [INF] Executing endpoint 'AuthNet.Controllers.SalesController.GetCurrentMonthProfit (AuthNet)'
2025-07-30 08:30:08.995 +05:30 [INF] Route matched with {action = "GetCurrentMonthProfit", controller = "Sales"}. Executing controller action with signature System.Threading.Tasks.Task`1[Microsoft.AspNetCore.Mvc.IActionResult] GetCurrentMonthProfit() on controller AuthNet.Controllers.SalesController (AuthNet).
2025-07-30 08:30:09.006 +05:30 [INF] Executed DbCommand (9ms) [Parameters=[@__currentYear_0='?' (DbType = Int32), @__currentMonth_1='?' (DbType = Int32)], CommandType='"Text"', CommandTimeout='30']
SELECT [s].[Id], [s].[ProductId], [s].[ProductName], [s].[Quantity], [s].[SaleId], [s].[TotalPrice], [s].[UnitPrice], [s0].[Id], [s0].[AfterTaxAmount], [s0].[CreatedAt], [s0].[DiscountedAmount], [s0].[InvoiceDate], [s0].[InvoiceNo], [s0].[PrincipalAmount], [s0].[Template], [s0].[TotalAmount]
FROM [SaleItems] AS [s]
INNER JOIN [Sales] AS [s0] ON [s].[SaleId] = [s0].[Id]
WHERE DATEPART(year, [s0].[InvoiceDate]) = @__currentYear_0 AND DATEPART(month, [s0].[InvoiceDate]) = @__currentMonth_1
2025-07-30 08:30:09.015 +05:30 [INF] Executed DbCommand (7ms) [Parameters=[@__productIds_0='?' (Size = 4000)], CommandType='"Text"', CommandTimeout='30']
SELECT [p].[ProductId], [p].[CategoryId], [p].[CostPrice], [p].[Description], [p].[Name], [p].[ProductCode], [p].[ProductKey], [p].[SellPrice], [p].[SupplierId]
FROM [Products] AS [p]
WHERE [p].[ProductId] IN (
    SELECT [p0].[value]
    FROM OPENJSON(@__productIds_0) WITH ([value] int '$') AS [p0]
)
2025-07-30 08:30:09.016 +05:30 [INF] Executing OkObjectResult, writing value of type 'AuthNet.Models.DTO.MonthlyProfitDto'.
2025-07-30 08:30:09.016 +05:30 [INF] Executed action AuthNet.Controllers.SalesController.GetCurrentMonthProfit (AuthNet) in 20.9242ms
2025-07-30 08:30:09.016 +05:30 [INF] Executed endpoint 'AuthNet.Controllers.SalesController.GetCurrentMonthProfit (AuthNet)'
2025-07-30 08:30:09.017 +05:30 [INF] Request finished HTTP/1.1 GET https://localhost:7165/api/Sales/CurrentMonthProfit - 200 null application/json; charset=utf-8 22.8428ms
2025-07-30 08:30:09.049 +05:30 [INF] Request starting HTTP/1.1 GET https://localhost:7165/api/Sales/CurrentYearProfit - null null
2025-07-30 08:30:09.053 +05:30 [INF] Executing endpoint 'AuthNet.Controllers.SalesController.GetCurrentYearProfit (AuthNet)'
2025-07-30 08:30:09.054 +05:30 [INF] Route matched with {action = "GetCurrentYearProfit", controller = "Sales"}. Executing controller action with signature System.Threading.Tasks.Task`1[Microsoft.AspNetCore.Mvc.IActionResult] GetCurrentYearProfit() on controller AuthNet.Controllers.SalesController (AuthNet).
2025-07-30 08:30:09.081 +05:30 [INF] Executed DbCommand (23ms) [Parameters=[@__currentYear_0='?' (DbType = Int32)], CommandType='"Text"', CommandTimeout='30']
SELECT [s].[Id], [s].[ProductId], [s].[ProductName], [s].[Quantity], [s].[SaleId], [s].[TotalPrice], [s].[UnitPrice], [s0].[Id], [s0].[AfterTaxAmount], [s0].[CreatedAt], [s0].[DiscountedAmount], [s0].[InvoiceDate], [s0].[InvoiceNo], [s0].[PrincipalAmount], [s0].[Template], [s0].[TotalAmount]
FROM [SaleItems] AS [s]
INNER JOIN [Sales] AS [s0] ON [s].[SaleId] = [s0].[Id]
WHERE DATEPART(year, [s0].[InvoiceDate]) = @__currentYear_0
2025-07-30 08:30:09.088 +05:30 [INF] Executed DbCommand (5ms) [Parameters=[@__productIds_0='?' (Size = 4000)], CommandType='"Text"', CommandTimeout='30']
SELECT [p].[ProductId], [p].[CategoryId], [p].[CostPrice], [p].[Description], [p].[Name], [p].[ProductCode], [p].[ProductKey], [p].[SellPrice], [p].[SupplierId]
FROM [Products] AS [p]
WHERE [p].[ProductId] IN (
    SELECT [p0].[value]
    FROM OPENJSON(@__productIds_0) WITH ([value] int '$') AS [p0]
)
2025-07-30 08:30:09.089 +05:30 [INF] Executing OkObjectResult, writing value of type 'AuthNet.Models.DTO.YearlyProfitDto'.
2025-07-30 08:30:09.089 +05:30 [INF] Executed action AuthNet.Controllers.SalesController.GetCurrentYearProfit (AuthNet) in 33.4846ms
2025-07-30 08:30:09.089 +05:30 [INF] Executed endpoint 'AuthNet.Controllers.SalesController.GetCurrentYearProfit (AuthNet)'
2025-07-30 08:30:09.090 +05:30 [INF] Request finished HTTP/1.1 GET https://localhost:7165/api/Sales/CurrentYearProfit - 200 null application/json; charset=utf-8 40.5001ms
2025-07-30 08:30:09.104 +05:30 [INF] Request starting HTTP/1.1 GET https://localhost:7165/api/Products/count - null null
2025-07-30 08:30:09.105 +05:30 [INF] Executing endpoint 'AuthNet.Controllers.ProductsController.GetProductCount (AuthNet)'
2025-07-30 08:30:09.105 +05:30 [INF] Route matched with {action = "GetProductCount", controller = "Products"}. Executing controller action with signature System.Threading.Tasks.Task`1[Microsoft.AspNetCore.Mvc.IActionResult] GetProductCount() on controller AuthNet.Controllers.ProductsController (AuthNet).
2025-07-30 08:30:09.111 +05:30 [INF] Executed DbCommand (4ms) [Parameters=[], CommandType='"Text"', CommandTimeout='30']
SELECT COUNT(*)
FROM [Products] AS [p]
2025-07-30 08:30:09.112 +05:30 [INF] Executing OkObjectResult, writing value of type 'System.Int32'.
2025-07-30 08:30:09.112 +05:30 [INF] Executed action AuthNet.Controllers.ProductsController.GetProductCount (AuthNet) in 7.1177ms
2025-07-30 08:30:09.112 +05:30 [INF] Executed endpoint 'AuthNet.Controllers.ProductsController.GetProductCount (AuthNet)'
2025-07-30 08:30:09.113 +05:30 [INF] Request finished HTTP/1.1 GET https://localhost:7165/api/Products/count - 200 null application/json; charset=utf-8 8.8767ms
2025-07-30 08:30:09.126 +05:30 [INF] Request starting HTTP/1.1 GET https://localhost:7165/api/Suppliers/count - null null
2025-07-30 08:30:09.127 +05:30 [INF] Executing endpoint 'AuthNet.Controllers.SuppliersController.GetSupplierCount (AuthNet)'
2025-07-30 08:30:09.127 +05:30 [INF] Route matched with {action = "GetSupplierCount", controller = "Suppliers"}. Executing controller action with signature System.Threading.Tasks.Task`1[Microsoft.AspNetCore.Mvc.IActionResult] GetSupplierCount() on controller AuthNet.Controllers.SuppliersController (AuthNet).
2025-07-30 08:30:09.132 +05:30 [INF] Executed DbCommand (3ms) [Parameters=[], CommandType='"Text"', CommandTimeout='30']
SELECT COUNT(*)
FROM [Suppliers] AS [s]
2025-07-30 08:30:09.133 +05:30 [INF] Executing OkObjectResult, writing value of type 'System.Int32'.
2025-07-30 08:30:09.133 +05:30 [INF] Executed action AuthNet.Controllers.SuppliersController.GetSupplierCount (AuthNet) in 5.5707ms
2025-07-30 08:30:09.133 +05:30 [INF] Executed endpoint 'AuthNet.Controllers.SuppliersController.GetSupplierCount (AuthNet)'
2025-07-30 08:30:09.134 +05:30 [INF] Request finished HTTP/1.1 GET https://localhost:7165/api/Suppliers/count - 200 null application/json; charset=utf-8 8.0106ms
2025-07-30 08:30:09.147 +05:30 [INF] Request starting HTTP/1.1 GET https://localhost:7165/api/Categories/count - null null
2025-07-30 08:30:09.148 +05:30 [INF] Executing endpoint 'AuthNet.Controllers.CategoriesController.GetCategoryCount (AuthNet)'
2025-07-30 08:30:09.148 +05:30 [INF] Route matched with {action = "GetCategoryCount", controller = "Categories"}. Executing controller action with signature System.Threading.Tasks.Task`1[Microsoft.AspNetCore.Mvc.IActionResult] GetCategoryCount() on controller AuthNet.Controllers.CategoriesController (AuthNet).
2025-07-30 08:30:09.159 +05:30 [INF] Executed DbCommand (9ms) [Parameters=[], CommandType='"Text"', CommandTimeout='30']
SELECT COUNT(*)
FROM [Categories] AS [c]
2025-07-30 08:30:09.159 +05:30 [INF] Executing OkObjectResult, writing value of type 'System.Int32'.
2025-07-30 08:30:09.161 +05:30 [INF] Executed action AuthNet.Controllers.CategoriesController.GetCategoryCount (AuthNet) in 12.7911ms
2025-07-30 08:30:09.161 +05:30 [INF] Executed endpoint 'AuthNet.Controllers.CategoriesController.GetCategoryCount (AuthNet)'
2025-07-30 08:30:09.162 +05:30 [INF] Request finished HTTP/1.1 GET https://localhost:7165/api/Categories/count - 200 null application/json; charset=utf-8 14.5649ms
2025-07-30 08:30:09.175 +05:30 [INF] Request starting HTTP/1.1 GET https://localhost:7165/api/Orders/count - null null
2025-07-30 08:30:09.177 +05:30 [INF] Executing endpoint 'AuthNet.Controllers.OrdersController.GetOrderCount (AuthNet)'
2025-07-30 08:30:09.179 +05:30 [INF] Route matched with {action = "GetOrderCount", controller = "Orders"}. Executing controller action with signature System.Threading.Tasks.Task`1[Microsoft.AspNetCore.Mvc.IActionResult] GetOrderCount() on controller AuthNet.Controllers.OrdersController (AuthNet).
2025-07-30 08:30:09.188 +05:30 [INF] Executed DbCommand (7ms) [Parameters=[], CommandType='"Text"', CommandTimeout='30']
SELECT COUNT(*)
FROM [Orders] AS [o]
2025-07-30 08:30:09.189 +05:30 [INF] Executing OkObjectResult, writing value of type 'System.Int32'.
2025-07-30 08:30:09.189 +05:30 [INF] Executed action AuthNet.Controllers.OrdersController.GetOrderCount (AuthNet) in 10.1226ms
2025-07-30 08:30:09.189 +05:30 [INF] Executed endpoint 'AuthNet.Controllers.OrdersController.GetOrderCount (AuthNet)'
2025-07-30 08:30:09.190 +05:30 [INF] Request finished HTTP/1.1 GET https://localhost:7165/api/Orders/count - 200 null application/json; charset=utf-8 14.6913ms
2025-07-30 08:30:09.208 +05:30 [INF] Request starting HTTP/1.1 GET https://localhost:7165/api/Customers/count - null null
2025-07-30 08:30:09.208 +05:30 [INF] Executing endpoint 'AuthNet.Controllers.CustomersController.GetCustomerCount (AuthNet)'
2025-07-30 08:30:09.209 +05:30 [INF] Route matched with {action = "GetCustomerCount", controller = "Customers"}. Executing controller action with signature System.Threading.Tasks.Task`1[Microsoft.AspNetCore.Mvc.IActionResult] GetCustomerCount() on controller AuthNet.Controllers.CustomersController (AuthNet).
2025-07-30 08:30:09.218 +05:30 [INF] Executed DbCommand (6ms) [Parameters=[], CommandType='"Text"', CommandTimeout='30']
SELECT COUNT(*)
FROM [Customers] AS [c]
2025-07-30 08:30:09.219 +05:30 [INF] Executing OkObjectResult, writing value of type 'System.Int32'.
2025-07-30 08:30:09.219 +05:30 [INF] Executed action AuthNet.Controllers.CustomersController.GetCustomerCount (AuthNet) in 10.2574ms
2025-07-30 08:30:09.219 +05:30 [INF] Executed endpoint 'AuthNet.Controllers.CustomersController.GetCustomerCount (AuthNet)'
2025-07-30 08:30:09.220 +05:30 [INF] Request finished HTTP/1.1 GET https://localhost:7165/api/Customers/count - 200 null application/json; charset=utf-8 12.2273ms
2025-07-30 08:30:09.238 +05:30 [INF] Request starting HTTP/1.1 GET https://localhost:7165/api/Tasks - null null
2025-07-30 08:30:09.239 +05:30 [INF] Executing endpoint 'AuthNet.Controllers.TasksController.GetTasks (AuthNet)'
2025-07-30 08:30:09.239 +05:30 [INF] Route matched with {action = "GetTasks", controller = "Tasks"}. Executing controller action with signature Microsoft.AspNetCore.Mvc.IActionResult GetTasks() on controller AuthNet.Controllers.TasksController (AuthNet).
2025-07-30 08:30:09.250 +05:30 [INF] Executed DbCommand (4ms) [Parameters=[], CommandType='"Text"', CommandTimeout='30']
SELECT [t].[Id], [t].[Title], [t].[DueDate]
FROM [Tasks] AS [t]
2025-07-30 08:30:09.251 +05:30 [INF] Executing OkObjectResult, writing value of type 'System.Collections.Generic.List`1[[AuthNet.Models.DTO.TaskItemDto, AuthNet, Version=1.0.0.0, Culture=neutral, PublicKeyToken=null]]'.
2025-07-30 08:30:09.251 +05:30 [INF] Executed action AuthNet.Controllers.TasksController.GetTasks (AuthNet) in 12.0881ms
2025-07-30 08:30:09.252 +05:30 [INF] Executed endpoint 'AuthNet.Controllers.TasksController.GetTasks (AuthNet)'
2025-07-30 08:30:09.252 +05:30 [INF] Request finished HTTP/1.1 GET https://localhost:7165/api/Tasks - 200 null application/json; charset=utf-8 13.9291ms
2025-07-30 08:30:09.319 +05:30 [INF] Request starting HTTP/1.1 GET https://localhost:7165/api/Settings/Get - null null
2025-07-30 08:30:09.322 +05:30 [INF] Executing endpoint 'AuthNet.Controllers.SettingsController.GetCompanyInfo (AuthNet)'
2025-07-30 08:30:09.322 +05:30 [INF] Route matched with {action = "GetCompanyInfo", controller = "Settings"}. Executing controller action with signature System.Threading.Tasks.Task`1[Microsoft.AspNetCore.Mvc.IActionResult] GetCompanyInfo() on controller AuthNet.Controllers.SettingsController (AuthNet).
2025-07-30 08:30:09.338 +05:30 [INF] Executed DbCommand (12ms) [Parameters=[], CommandType='"Text"', CommandTimeout='30']
SELECT TOP(1) [c].[Id], [c].[Address], [c].[AlternateContactNumber], [c].[ContactNumber], [c].[Email], [c].[GSTIN], [c].[LogoFileExtension], [c].[LogoFilePath], [c].[LogoFileSizeInBytes], [c].[LogoName], [c].[Name], [c].[SignFileExtension], [c].[SignFilePath], [c].[SignFileSizeInBytes], [c].[SignName]
FROM [CompanyInfos] AS [c]
2025-07-30 08:30:09.338 +05:30 [INF] Executing OkObjectResult, writing value of type 'AuthNet.Models.DTO.CompanyInfoResponseDto'.
2025-07-30 08:30:09.339 +05:30 [INF] Executed action AuthNet.Controllers.SettingsController.GetCompanyInfo (AuthNet) in 16.158ms
2025-07-30 08:30:09.339 +05:30 [INF] Executed endpoint 'AuthNet.Controllers.SettingsController.GetCompanyInfo (AuthNet)'
2025-07-30 08:30:09.339 +05:30 [INF] Request finished HTTP/1.1 GET https://localhost:7165/api/Settings/Get - 200 null application/json; charset=utf-8 19.9539ms
2025-07-30 08:30:09.671 +05:30 [INF] Request starting HTTP/2 GET https://localhost:7165/api/Sales/WeeklyProfit - null null
2025-07-30 08:30:09.671 +05:30 [INF] Request starting HTTP/2 GET https://localhost:7165/api/Products/CategoryWiseProductCount - null null
2025-07-30 08:30:09.671 +05:30 [INF] CORS policy execution successful.
2025-07-30 08:30:09.672 +05:30 [INF] Executing endpoint 'AuthNet.Controllers.SalesController.GetWeeklyProfit (AuthNet)'
2025-07-30 08:30:09.672 +05:30 [INF] Route matched with {action = "GetWeeklyProfit", controller = "Sales"}. Executing controller action with signature System.Threading.Tasks.Task`1[Microsoft.AspNetCore.Mvc.IActionResult] GetWeeklyProfit() on controller AuthNet.Controllers.SalesController (AuthNet).
2025-07-30 08:30:09.679 +05:30 [INF] CORS policy execution successful.
2025-07-30 08:30:09.679 +05:30 [INF] Executing endpoint 'AuthNet.Controllers.ProductsController.GetCategoryWiseProductCount (AuthNet)'
2025-07-30 08:30:09.679 +05:30 [INF] Route matched with {action = "GetCategoryWiseProductCount", controller = "Products"}. Executing controller action with signature System.Threading.Tasks.Task`1[Microsoft.AspNetCore.Mvc.IActionResult] GetCategoryWiseProductCount() on controller AuthNet.Controllers.ProductsController (AuthNet).
2025-07-30 08:30:09.692 +05:30 [INF] Executed DbCommand (14ms) [Parameters=[@__startDate_0='?' (DbType = DateTime2), @__endDate_1='?' (DbType = DateTime2)], CommandType='"Text"', CommandTimeout='30']
SELECT [s].[Id], [s].[ProductId], [s].[ProductName], [s].[Quantity], [s].[SaleId], [s].[TotalPrice], [s].[UnitPrice], [s0].[Id], [s0].[AfterTaxAmount], [s0].[CreatedAt], [s0].[DiscountedAmount], [s0].[InvoiceDate], [s0].[InvoiceNo], [s0].[PrincipalAmount], [s0].[Template], [s0].[TotalAmount]
FROM [SaleItems] AS [s]
INNER JOIN [Sales] AS [s0] ON [s].[SaleId] = [s0].[Id]
WHERE CONVERT(date, [s0].[InvoiceDate]) >= @__startDate_0 AND CONVERT(date, [s0].[InvoiceDate]) <= @__endDate_1
2025-07-30 08:30:09.714 +05:30 [INF] Executed DbCommand (13ms) [Parameters=[@__productIds_0='?' (Size = 4000)], CommandType='"Text"', CommandTimeout='30']
SELECT [p].[ProductId], [p].[CategoryId], [p].[CostPrice], [p].[Description], [p].[Name], [p].[ProductCode], [p].[ProductKey], [p].[SellPrice], [p].[SupplierId]
FROM [Products] AS [p]
WHERE [p].[ProductId] IN (
    SELECT [p0].[value]
    FROM OPENJSON(@__productIds_0) WITH ([value] int '$') AS [p0]
)
2025-07-30 08:30:09.715 +05:30 [INF] Executing OkObjectResult, writing value of type 'System.Collections.Generic.List`1[[AuthNet.Models.DTO.DailyProfitDto, AuthNet, Version=1.0.0.0, Culture=neutral, PublicKeyToken=null]]'.
2025-07-30 08:30:09.715 +05:30 [INF] Executed action AuthNet.Controllers.SalesController.GetWeeklyProfit (AuthNet) in 43.633ms
2025-07-30 08:30:09.716 +05:30 [INF] Executed endpoint 'AuthNet.Controllers.SalesController.GetWeeklyProfit (AuthNet)'
2025-07-30 08:30:09.716 +05:30 [INF] Request finished HTTP/2 GET https://localhost:7165/api/Sales/WeeklyProfit - 200 null application/json; charset=utf-8 45.3456ms
2025-07-30 08:30:09.742 +05:30 [INF] Executed DbCommand (20ms) [Parameters=[], CommandType='"Text"', CommandTimeout='30']
SELECT [c].[Name] AS [CategoryName], COUNT(*) AS [ProductCount]
FROM [Products] AS [p]
LEFT JOIN [Categories] AS [c] ON [p].[CategoryId] = [c].[CategoryId]
WHERE [c].[CategoryId] IS NOT NULL
GROUP BY [c].[Name]
2025-07-30 08:30:09.743 +05:30 [INF] Executing OkObjectResult, writing value of type 'System.Collections.Generic.List`1[[AuthNet.Models.DTO.CategoryProductCountDto, AuthNet, Version=1.0.0.0, Culture=neutral, PublicKeyToken=null]]'.
2025-07-30 08:30:09.744 +05:30 [INF] Executed action AuthNet.Controllers.ProductsController.GetCategoryWiseProductCount (AuthNet) in 65.4645ms
2025-07-30 08:30:09.745 +05:30 [INF] Executed endpoint 'AuthNet.Controllers.ProductsController.GetCategoryWiseProductCount (AuthNet)'
2025-07-30 08:30:09.745 +05:30 [INF] Request finished HTTP/2 GET https://localhost:7165/api/Products/CategoryWiseProductCount - 200 null application/json; charset=utf-8 74.1931ms
2025-07-30 08:30:13.584 +05:30 [INF] Request starting HTTP/1.1 GET https://localhost:7165/api/Products - null null
2025-07-30 08:30:13.585 +05:30 [INF] Executing endpoint 'AuthNet.Controllers.ProductsController.GetAll (AuthNet)'
2025-07-30 08:30:13.590 +05:30 [INF] Route matched with {action = "GetAll", controller = "Products"}. Executing controller action with signature System.Threading.Tasks.Task`1[Microsoft.AspNetCore.Mvc.IActionResult] GetAll() on controller AuthNet.Controllers.ProductsController (AuthNet).
2025-07-30 08:30:13.607 +05:30 [INF] Executed DbCommand (4ms) [Parameters=[], CommandType='"Text"', CommandTimeout='30']
SELECT [p].[ProductId], [p].[CategoryId], [p].[CostPrice], [p].[Description], [p].[Name], [p].[ProductCode], [p].[ProductKey], [p].[SellPrice], [p].[SupplierId]
FROM [Products] AS [p]
2025-07-30 08:30:13.608 +05:30 [INF] Executing OkObjectResult, writing value of type 'System.Collections.Generic.List`1[[AuthNet.Models.Domain.Product, AuthNet, Version=1.0.0.0, Culture=neutral, PublicKeyToken=null]]'.
2025-07-30 08:30:13.623 +05:30 [INF] Executed action AuthNet.Controllers.ProductsController.GetAll (AuthNet) in 32.479ms
2025-07-30 08:30:13.623 +05:30 [INF] Executed endpoint 'AuthNet.Controllers.ProductsController.GetAll (AuthNet)'
2025-07-30 08:30:13.623 +05:30 [INF] Request finished HTTP/1.1 GET https://localhost:7165/api/Products - 200 null application/json; charset=utf-8 39.3607ms
2025-07-30 08:30:13.643 +05:30 [INF] Request starting HTTP/1.1 GET https://localhost:7165/api/InvoiceTemplates - null null
2025-07-30 08:30:13.644 +05:30 [INF] Executing endpoint 'AuthNet.Controllers.InvoiceTemplatesController.GetAll (AuthNet)'
2025-07-30 08:30:13.650 +05:30 [INF] Route matched with {action = "GetAll", controller = "InvoiceTemplates"}. Executing controller action with signature System.Threading.Tasks.Task`1[Microsoft.AspNetCore.Mvc.IActionResult] GetAll() on controller AuthNet.Controllers.InvoiceTemplatesController (AuthNet).
2025-07-30 08:30:13.665 +05:30 [INF] Executed DbCommand (4ms) [Parameters=[], CommandType='"Text"', CommandTimeout='30']
SELECT [i].[Id], [i].[Layout], [i].[Notes], [i].[TermsAndConditions]
FROM [InvoiceTemplates] AS [i]
2025-07-30 08:30:13.674 +05:30 [INF] Executing OkObjectResult, writing value of type 'System.Collections.Generic.List`1[[AuthNet.Models.Domain.InvoiceTemplate, AuthNet, Version=1.0.0.0, Culture=neutral, PublicKeyToken=null]]'.
2025-07-30 08:30:13.678 +05:30 [INF] Executed action AuthNet.Controllers.InvoiceTemplatesController.GetAll (AuthNet) in 28.0937ms
2025-07-30 08:30:13.678 +05:30 [INF] Executed endpoint 'AuthNet.Controllers.InvoiceTemplatesController.GetAll (AuthNet)'
2025-07-30 08:30:13.679 +05:30 [INF] Request finished HTTP/1.1 GET https://localhost:7165/api/InvoiceTemplates - 200 null application/json; charset=utf-8 36.2547ms
2025-07-30 08:30:13.696 +05:30 [INF] Request starting HTTP/1.1 GET https://localhost:7165/api/categories - null null
2025-07-30 08:30:13.697 +05:30 [INF] Executing endpoint 'AuthNet.Controllers.CategoriesController.GetAll (AuthNet)'
2025-07-30 08:30:13.700 +05:30 [INF] Route matched with {action = "GetAll", controller = "Categories"}. Executing controller action with signature System.Threading.Tasks.Task`1[Microsoft.AspNetCore.Mvc.IActionResult] GetAll() on controller AuthNet.Controllers.CategoriesController (AuthNet).
2025-07-30 08:30:13.710 +05:30 [INF] Executed DbCommand (4ms) [Parameters=[], CommandType='"Text"', CommandTimeout='30']
SELECT [c].[CategoryId], [c].[Description], [c].[Name]
FROM [Categories] AS [c]
2025-07-30 08:30:13.717 +05:30 [INF] Executing OkObjectResult, writing value of type 'System.Collections.Generic.List`1[[AuthNet.Models.Domain.Category, AuthNet, Version=1.0.0.0, Culture=neutral, PublicKeyToken=null]]'.
2025-07-30 08:30:13.718 +05:30 [INF] Executed action AuthNet.Controllers.CategoriesController.GetAll (AuthNet) in 18.3622ms
2025-07-30 08:30:13.718 +05:30 [INF] Executed endpoint 'AuthNet.Controllers.CategoriesController.GetAll (AuthNet)'
2025-07-30 08:30:13.719 +05:30 [INF] Request finished HTTP/1.1 GET https://localhost:7165/api/categories - 200 null application/json; charset=utf-8 22.4594ms
2025-07-30 08:30:13.739 +05:30 [INF] Request starting HTTP/1.1 GET https://localhost:7165/api/Settings/Get - null null
2025-07-30 08:30:13.739 +05:30 [INF] Executing endpoint 'AuthNet.Controllers.SettingsController.GetCompanyInfo (AuthNet)'
2025-07-30 08:30:13.740 +05:30 [INF] Route matched with {action = "GetCompanyInfo", controller = "Settings"}. Executing controller action with signature System.Threading.Tasks.Task`1[Microsoft.AspNetCore.Mvc.IActionResult] GetCompanyInfo() on controller AuthNet.Controllers.SettingsController (AuthNet).
2025-07-30 08:30:13.747 +05:30 [INF] Executed DbCommand (5ms) [Parameters=[], CommandType='"Text"', CommandTimeout='30']
SELECT TOP(1) [c].[Id], [c].[Address], [c].[AlternateContactNumber], [c].[ContactNumber], [c].[Email], [c].[GSTIN], [c].[LogoFileExtension], [c].[LogoFilePath], [c].[LogoFileSizeInBytes], [c].[LogoName], [c].[Name], [c].[SignFileExtension], [c].[SignFilePath], [c].[SignFileSizeInBytes], [c].[SignName]
FROM [CompanyInfos] AS [c]
2025-07-30 08:30:13.748 +05:30 [INF] Executing OkObjectResult, writing value of type 'AuthNet.Models.DTO.CompanyInfoResponseDto'.
2025-07-30 08:30:13.748 +05:30 [INF] Executed action AuthNet.Controllers.SettingsController.GetCompanyInfo (AuthNet) in 8.3732ms
2025-07-30 08:30:13.748 +05:30 [INF] Executed endpoint 'AuthNet.Controllers.SettingsController.GetCompanyInfo (AuthNet)'
2025-07-30 08:30:13.749 +05:30 [INF] Request finished HTTP/1.1 GET https://localhost:7165/api/Settings/Get - 200 null application/json; charset=utf-8 9.7042ms
2025-07-30 08:30:13.767 +05:30 [INF] Request starting HTTP/1.1 GET https://localhost:7165/api/TaxSettings - null null
2025-07-30 08:30:13.768 +05:30 [INF] Executing endpoint 'AuthNet.Controllers.TaxSettingsController.GetAll (AuthNet)'
2025-07-30 08:30:13.778 +05:30 [INF] Route matched with {action = "GetAll", controller = "TaxSettings"}. Executing controller action with signature System.Threading.Tasks.Task`1[Microsoft.AspNetCore.Mvc.IActionResult] GetAll() on controller AuthNet.Controllers.TaxSettingsController (AuthNet).
2025-07-30 08:30:13.782 +05:30 [WRN] The query uses the 'First'/'FirstOrDefault' operator without 'OrderBy' and filter operators. This may lead to unpredictable results.
2025-07-30 08:30:13.795 +05:30 [INF] Executed DbCommand (8ms) [Parameters=[], CommandType='"Text"', CommandTimeout='30']
SELECT TOP(1) [t].[Id], [t].[CGST], [t].[IGST], [t].[SGST]
FROM [TaxSettings] AS [t]
2025-07-30 08:30:13.805 +05:30 [INF] Executing OkObjectResult, writing value of type 'AuthNet.Models.DTO.TaxSettingResponseDto'.
2025-07-30 08:30:13.807 +05:30 [INF] Executed action AuthNet.Controllers.TaxSettingsController.GetAll (AuthNet) in 28.7258ms
2025-07-30 08:30:13.807 +05:30 [INF] Executed endpoint 'AuthNet.Controllers.TaxSettingsController.GetAll (AuthNet)'
2025-07-30 08:30:13.807 +05:30 [INF] Request finished HTTP/1.1 GET https://localhost:7165/api/TaxSettings - 200 null application/json; charset=utf-8 39.9048ms
2025-07-30 08:31:16.036 +05:30 [INF] User profile is available. Using 'C:\Users\Admin\AppData\Local\ASP.NET\DataProtection-Keys' as key repository and Windows DPAPI to encrypt keys at rest.
2025-07-30 08:31:16.732 +05:30 [INF] Now listening on: https://localhost:7165
2025-07-30 08:31:16.733 +05:30 [INF] Now listening on: http://localhost:5008
2025-07-30 08:31:17.103 +05:30 [INF] Application started. Press Ctrl+C to shut down.
2025-07-30 08:31:17.103 +05:30 [INF] Hosting environment: Development
2025-07-30 08:31:17.104 +05:30 [INF] Content root path: C:\Users\Admin\Source\Repos\AuthNet\AuthNet
2025-07-30 08:31:18.680 +05:30 [INF] Request starting HTTP/2 GET https://localhost:7165/swagger/index.html - null null
2025-07-30 08:31:19.754 +05:30 [INF] Request finished HTTP/2 GET https://localhost:7165/swagger/index.html - 200 null text/html;charset=utf-8 1102.6326ms
2025-07-30 08:31:19.854 +05:30 [INF] Request starting HTTP/2 GET https://localhost:7165/_framework/aspnetcore-browser-refresh.js - null null
2025-07-30 08:31:19.935 +05:30 [INF] Request starting HTTP/2 GET https://localhost:7165/_vs/browserLink - null null
2025-07-30 08:31:19.972 +05:30 [INF] Request finished HTTP/2 GET https://localhost:7165/_framework/aspnetcore-browser-refresh.js - 200 16499 application/javascript; charset=utf-8 118.8175ms
2025-07-30 08:31:20.039 +05:30 [INF] Request starting HTTP/1.1 GET https://localhost:7165/api/Sales/DailyProfit - null null
2025-07-30 08:31:20.149 +05:30 [INF] Request finished HTTP/2 GET https://localhost:7165/_vs/browserLink - 200 null text/javascript; charset=UTF-8 214.2219ms
2025-07-30 08:31:20.271 +05:30 [INF] Executing endpoint 'AuthNet.Controllers.SalesController.GetDailyProfit (AuthNet)'
2025-07-30 08:31:20.353 +05:30 [INF] Request starting HTTP/2 GET https://localhost:7165/swagger/v1/swagger.json - null null
2025-07-30 08:31:20.392 +05:30 [INF] Route matched with {action = "GetDailyProfit", controller = "Sales"}. Executing controller action with signature System.Threading.Tasks.Task`1[Microsoft.AspNetCore.Mvc.IActionResult] GetDailyProfit() on controller AuthNet.Controllers.SalesController (AuthNet).
2025-07-30 08:31:20.456 +05:30 [INF] Request finished HTTP/2 GET https://localhost:7165/swagger/v1/swagger.json - 200 null application/json;charset=utf-8 102.9401ms
2025-07-30 08:31:22.703 +05:30 [WRN] No store type was specified for the decimal property 'TotalAmount' on entity type 'Order'. This will cause values to be silently truncated if they do not fit in the default precision and scale. Explicitly specify the SQL server column type that can accommodate all the values in 'OnModelCreating' using 'HasColumnType', specify precision and scale using 'HasPrecision', or configure a value converter using 'HasConversion'.
2025-07-30 08:31:22.703 +05:30 [WRN] No store type was specified for the decimal property 'UnitPrice' on entity type 'OrderItem'. This will cause values to be silently truncated if they do not fit in the default precision and scale. Explicitly specify the SQL server column type that can accommodate all the values in 'OnModelCreating' using 'HasColumnType', specify precision and scale using 'HasPrecision', or configure a value converter using 'HasConversion'.
2025-07-30 08:31:22.703 +05:30 [WRN] No store type was specified for the decimal property 'CostPrice' on entity type 'Product'. This will cause values to be silently truncated if they do not fit in the default precision and scale. Explicitly specify the SQL server column type that can accommodate all the values in 'OnModelCreating' using 'HasColumnType', specify precision and scale using 'HasPrecision', or configure a value converter using 'HasConversion'.
2025-07-30 08:31:22.703 +05:30 [WRN] No store type was specified for the decimal property 'SellPrice' on entity type 'Product'. This will cause values to be silently truncated if they do not fit in the default precision and scale. Explicitly specify the SQL server column type that can accommodate all the values in 'OnModelCreating' using 'HasColumnType', specify precision and scale using 'HasPrecision', or configure a value converter using 'HasConversion'.
2025-07-30 08:31:22.703 +05:30 [WRN] No store type was specified for the decimal property 'TotalAmount' on entity type 'PurchaseOrder'. This will cause values to be silently truncated if they do not fit in the default precision and scale. Explicitly specify the SQL server column type that can accommodate all the values in 'OnModelCreating' using 'HasColumnType', specify precision and scale using 'HasPrecision', or configure a value converter using 'HasConversion'.
2025-07-30 08:31:22.704 +05:30 [WRN] No store type was specified for the decimal property 'UnitPrice' on entity type 'PurchaseOrderItems'. This will cause values to be silently truncated if they do not fit in the default precision and scale. Explicitly specify the SQL server column type that can accommodate all the values in 'OnModelCreating' using 'HasColumnType', specify precision and scale using 'HasPrecision', or configure a value converter using 'HasConversion'.
2025-07-30 08:31:22.704 +05:30 [WRN] No store type was specified for the decimal property 'AfterTaxAmount' on entity type 'Sale'. This will cause values to be silently truncated if they do not fit in the default precision and scale. Explicitly specify the SQL server column type that can accommodate all the values in 'OnModelCreating' using 'HasColumnType', specify precision and scale using 'HasPrecision', or configure a value converter using 'HasConversion'.
2025-07-30 08:31:22.704 +05:30 [WRN] No store type was specified for the decimal property 'DiscountedAmount' on entity type 'Sale'. This will cause values to be silently truncated if they do not fit in the default precision and scale. Explicitly specify the SQL server column type that can accommodate all the values in 'OnModelCreating' using 'HasColumnType', specify precision and scale using 'HasPrecision', or configure a value converter using 'HasConversion'.
2025-07-30 08:31:22.704 +05:30 [WRN] No store type was specified for the decimal property 'PrincipalAmount' on entity type 'Sale'. This will cause values to be silently truncated if they do not fit in the default precision and scale. Explicitly specify the SQL server column type that can accommodate all the values in 'OnModelCreating' using 'HasColumnType', specify precision and scale using 'HasPrecision', or configure a value converter using 'HasConversion'.
2025-07-30 08:31:22.704 +05:30 [WRN] No store type was specified for the decimal property 'TotalAmount' on entity type 'Sale'. This will cause values to be silently truncated if they do not fit in the default precision and scale. Explicitly specify the SQL server column type that can accommodate all the values in 'OnModelCreating' using 'HasColumnType', specify precision and scale using 'HasPrecision', or configure a value converter using 'HasConversion'.
2025-07-30 08:31:22.704 +05:30 [WRN] No store type was specified for the decimal property 'TotalPrice' on entity type 'SaleItem'. This will cause values to be silently truncated if they do not fit in the default precision and scale. Explicitly specify the SQL server column type that can accommodate all the values in 'OnModelCreating' using 'HasColumnType', specify precision and scale using 'HasPrecision', or configure a value converter using 'HasConversion'.
2025-07-30 08:31:22.704 +05:30 [WRN] No store type was specified for the decimal property 'UnitPrice' on entity type 'SaleItem'. This will cause values to be silently truncated if they do not fit in the default precision and scale. Explicitly specify the SQL server column type that can accommodate all the values in 'OnModelCreating' using 'HasColumnType', specify precision and scale using 'HasPrecision', or configure a value converter using 'HasConversion'.
2025-07-30 08:31:22.704 +05:30 [WRN] No store type was specified for the decimal property 'CGST' on entity type 'TaxSetting'. This will cause values to be silently truncated if they do not fit in the default precision and scale. Explicitly specify the SQL server column type that can accommodate all the values in 'OnModelCreating' using 'HasColumnType', specify precision and scale using 'HasPrecision', or configure a value converter using 'HasConversion'.
2025-07-30 08:31:22.704 +05:30 [WRN] No store type was specified for the decimal property 'IGST' on entity type 'TaxSetting'. This will cause values to be silently truncated if they do not fit in the default precision and scale. Explicitly specify the SQL server column type that can accommodate all the values in 'OnModelCreating' using 'HasColumnType', specify precision and scale using 'HasPrecision', or configure a value converter using 'HasConversion'.
2025-07-30 08:31:22.704 +05:30 [WRN] No store type was specified for the decimal property 'SGST' on entity type 'TaxSetting'. This will cause values to be silently truncated if they do not fit in the default precision and scale. Explicitly specify the SQL server column type that can accommodate all the values in 'OnModelCreating' using 'HasColumnType', specify precision and scale using 'HasPrecision', or configure a value converter using 'HasConversion'.
2025-07-30 08:31:24.337 +05:30 [INF] Executed DbCommand (111ms) [Parameters=[@__date_Date_0='?' (DbType = DateTime2)], CommandType='"Text"', CommandTimeout='30']
SELECT [s].[Id], [s].[ProductId], [s].[ProductName], [s].[Quantity], [s].[SaleId], [s].[TotalPrice], [s].[UnitPrice], [s0].[Id], [s0].[AfterTaxAmount], [s0].[CreatedAt], [s0].[DiscountedAmount], [s0].[InvoiceDate], [s0].[InvoiceNo], [s0].[PrincipalAmount], [s0].[Template], [s0].[TotalAmount]
FROM [SaleItems] AS [s]
INNER JOIN [Sales] AS [s0] ON [s].[SaleId] = [s0].[Id]
WHERE CONVERT(date, [s0].[InvoiceDate]) = @__date_Date_0
2025-07-30 08:31:24.528 +05:30 [INF] Executed DbCommand (22ms) [Parameters=[@__productIds_0='?' (Size = 4000)], CommandType='"Text"', CommandTimeout='30']
SELECT [p].[ProductId], [p].[CategoryId], [p].[CostPrice], [p].[Description], [p].[Name], [p].[ProductCode], [p].[ProductKey], [p].[SellPrice], [p].[SupplierId]
FROM [Products] AS [p]
WHERE [p].[ProductId] IN (
    SELECT [p0].[value]
    FROM OPENJSON(@__productIds_0) WITH ([value] int '$') AS [p0]
)
2025-07-30 08:31:24.543 +05:30 [INF] Executing OkObjectResult, writing value of type 'AuthNet.Models.DTO.DailyProfitDto'.
2025-07-30 08:31:24.596 +05:30 [INF] Executed action AuthNet.Controllers.SalesController.GetDailyProfit (AuthNet) in 4193.8318ms
2025-07-30 08:31:24.597 +05:30 [INF] Executed endpoint 'AuthNet.Controllers.SalesController.GetDailyProfit (AuthNet)'
2025-07-30 08:31:24.615 +05:30 [INF] Request finished HTTP/1.1 GET https://localhost:7165/api/Sales/DailyProfit - 200 null application/json; charset=utf-8 4578.5637ms
2025-07-30 08:31:24.686 +05:30 [INF] Request starting HTTP/1.1 GET https://localhost:7165/api/Sales/CurrentMonthProfit - null null
2025-07-30 08:31:24.694 +05:30 [INF] Executing endpoint 'AuthNet.Controllers.SalesController.GetCurrentMonthProfit (AuthNet)'
2025-07-30 08:31:24.699 +05:30 [INF] Route matched with {action = "GetCurrentMonthProfit", controller = "Sales"}. Executing controller action with signature System.Threading.Tasks.Task`1[Microsoft.AspNetCore.Mvc.IActionResult] GetCurrentMonthProfit() on controller AuthNet.Controllers.SalesController (AuthNet).
2025-07-30 08:31:24.758 +05:30 [INF] Executed DbCommand (9ms) [Parameters=[@__currentYear_0='?' (DbType = Int32), @__currentMonth_1='?' (DbType = Int32)], CommandType='"Text"', CommandTimeout='30']
SELECT [s].[Id], [s].[ProductId], [s].[ProductName], [s].[Quantity], [s].[SaleId], [s].[TotalPrice], [s].[UnitPrice], [s0].[Id], [s0].[AfterTaxAmount], [s0].[CreatedAt], [s0].[DiscountedAmount], [s0].[InvoiceDate], [s0].[InvoiceNo], [s0].[PrincipalAmount], [s0].[Template], [s0].[TotalAmount]
FROM [SaleItems] AS [s]
INNER JOIN [Sales] AS [s0] ON [s].[SaleId] = [s0].[Id]
WHERE DATEPART(year, [s0].[InvoiceDate]) = @__currentYear_0 AND DATEPART(month, [s0].[InvoiceDate]) = @__currentMonth_1
2025-07-30 08:31:24.951 +05:30 [INF] Executed DbCommand (7ms) [Parameters=[@__productIds_0='?' (Size = 4000)], CommandType='"Text"', CommandTimeout='30']
SELECT [p].[ProductId], [p].[CategoryId], [p].[CostPrice], [p].[Description], [p].[Name], [p].[ProductCode], [p].[ProductKey], [p].[SellPrice], [p].[SupplierId]
FROM [Products] AS [p]
WHERE [p].[ProductId] IN (
    SELECT [p0].[value]
    FROM OPENJSON(@__productIds_0) WITH ([value] int '$') AS [p0]
)
2025-07-30 08:31:25.009 +05:30 [INF] Executing OkObjectResult, writing value of type 'AuthNet.Models.DTO.MonthlyProfitDto'.
2025-07-30 08:31:25.013 +05:30 [INF] Executed action AuthNet.Controllers.SalesController.GetCurrentMonthProfit (AuthNet) in 313.7025ms
2025-07-30 08:31:25.013 +05:30 [INF] Executed endpoint 'AuthNet.Controllers.SalesController.GetCurrentMonthProfit (AuthNet)'
2025-07-30 08:31:25.014 +05:30 [INF] Request finished HTTP/1.1 GET https://localhost:7165/api/Sales/CurrentMonthProfit - 200 null application/json; charset=utf-8 328.0794ms
2025-07-30 08:31:25.047 +05:30 [INF] Request starting HTTP/1.1 GET https://localhost:7165/api/Sales/CurrentYearProfit - null null
2025-07-30 08:31:25.051 +05:30 [INF] Executing endpoint 'AuthNet.Controllers.SalesController.GetCurrentYearProfit (AuthNet)'
2025-07-30 08:31:25.061 +05:30 [INF] Route matched with {action = "GetCurrentYearProfit", controller = "Sales"}. Executing controller action with signature System.Threading.Tasks.Task`1[Microsoft.AspNetCore.Mvc.IActionResult] GetCurrentYearProfit() on controller AuthNet.Controllers.SalesController (AuthNet).
2025-07-30 08:31:25.283 +05:30 [INF] Executed DbCommand (16ms) [Parameters=[@__currentYear_0='?' (DbType = Int32)], CommandType='"Text"', CommandTimeout='30']
SELECT [s].[Id], [s].[ProductId], [s].[ProductName], [s].[Quantity], [s].[SaleId], [s].[TotalPrice], [s].[UnitPrice], [s0].[Id], [s0].[AfterTaxAmount], [s0].[CreatedAt], [s0].[DiscountedAmount], [s0].[InvoiceDate], [s0].[InvoiceNo], [s0].[PrincipalAmount], [s0].[Template], [s0].[TotalAmount]
FROM [SaleItems] AS [s]
INNER JOIN [Sales] AS [s0] ON [s].[SaleId] = [s0].[Id]
WHERE DATEPART(year, [s0].[InvoiceDate]) = @__currentYear_0
2025-07-30 08:31:25.298 +05:30 [INF] Executed DbCommand (10ms) [Parameters=[@__productIds_0='?' (Size = 4000)], CommandType='"Text"', CommandTimeout='30']
SELECT [p].[ProductId], [p].[CategoryId], [p].[CostPrice], [p].[Description], [p].[Name], [p].[ProductCode], [p].[ProductKey], [p].[SellPrice], [p].[SupplierId]
FROM [Products] AS [p]
WHERE [p].[ProductId] IN (
    SELECT [p0].[value]
    FROM OPENJSON(@__productIds_0) WITH ([value] int '$') AS [p0]
)
2025-07-30 08:31:25.300 +05:30 [INF] Executing OkObjectResult, writing value of type 'AuthNet.Models.DTO.YearlyProfitDto'.
2025-07-30 08:31:25.303 +05:30 [INF] Executed action AuthNet.Controllers.SalesController.GetCurrentYearProfit (AuthNet) in 241.1183ms
2025-07-30 08:31:25.303 +05:30 [INF] Executed endpoint 'AuthNet.Controllers.SalesController.GetCurrentYearProfit (AuthNet)'
2025-07-30 08:31:25.303 +05:30 [INF] Request finished HTTP/1.1 GET https://localhost:7165/api/Sales/CurrentYearProfit - 200 null application/json; charset=utf-8 257.0049ms
2025-07-30 08:31:25.379 +05:30 [INF] Request starting HTTP/1.1 GET https://localhost:7165/api/Products/count - null null
2025-07-30 08:31:25.380 +05:30 [INF] Executing endpoint 'AuthNet.Controllers.ProductsController.GetProductCount (AuthNet)'
2025-07-30 08:31:25.388 +05:30 [INF] Route matched with {action = "GetProductCount", controller = "Products"}. Executing controller action with signature System.Threading.Tasks.Task`1[Microsoft.AspNetCore.Mvc.IActionResult] GetProductCount() on controller AuthNet.Controllers.ProductsController (AuthNet).
2025-07-30 08:31:25.425 +05:30 [INF] Executed DbCommand (6ms) [Parameters=[], CommandType='"Text"', CommandTimeout='30']
SELECT COUNT(*)
FROM [Products] AS [p]
2025-07-30 08:31:25.433 +05:30 [INF] Executing OkObjectResult, writing value of type 'System.Int32'.
2025-07-30 08:31:25.439 +05:30 [INF] Executed action AuthNet.Controllers.ProductsController.GetProductCount (AuthNet) in 50.2858ms
2025-07-30 08:31:25.439 +05:30 [INF] Executed endpoint 'AuthNet.Controllers.ProductsController.GetProductCount (AuthNet)'
2025-07-30 08:31:25.440 +05:30 [INF] Request finished HTTP/1.1 GET https://localhost:7165/api/Products/count - 200 null application/json; charset=utf-8 61.5572ms
2025-07-30 08:31:25.464 +05:30 [INF] Request starting HTTP/1.1 GET https://localhost:7165/api/Suppliers/count - null null
2025-07-30 08:31:25.465 +05:30 [INF] Executing endpoint 'AuthNet.Controllers.SuppliersController.GetSupplierCount (AuthNet)'
2025-07-30 08:31:25.469 +05:30 [INF] Route matched with {action = "GetSupplierCount", controller = "Suppliers"}. Executing controller action with signature System.Threading.Tasks.Task`1[Microsoft.AspNetCore.Mvc.IActionResult] GetSupplierCount() on controller AuthNet.Controllers.SuppliersController (AuthNet).
2025-07-30 08:31:25.482 +05:30 [INF] Executed DbCommand (5ms) [Parameters=[], CommandType='"Text"', CommandTimeout='30']
SELECT COUNT(*)
FROM [Suppliers] AS [s]
2025-07-30 08:31:25.482 +05:30 [INF] Executing OkObjectResult, writing value of type 'System.Int32'.
2025-07-30 08:31:25.482 +05:30 [INF] Executed action AuthNet.Controllers.SuppliersController.GetSupplierCount (AuthNet) in 13.8298ms
2025-07-30 08:31:25.483 +05:30 [INF] Executed endpoint 'AuthNet.Controllers.SuppliersController.GetSupplierCount (AuthNet)'
2025-07-30 08:31:25.483 +05:30 [INF] Request finished HTTP/1.1 GET https://localhost:7165/api/Suppliers/count - 200 null application/json; charset=utf-8 19.2726ms
2025-07-30 08:31:25.496 +05:30 [INF] Request starting HTTP/1.1 GET https://localhost:7165/api/Categories/count - null null
2025-07-30 08:31:25.496 +05:30 [INF] Executing endpoint 'AuthNet.Controllers.CategoriesController.GetCategoryCount (AuthNet)'
2025-07-30 08:31:25.500 +05:30 [INF] Route matched with {action = "GetCategoryCount", controller = "Categories"}. Executing controller action with signature System.Threading.Tasks.Task`1[Microsoft.AspNetCore.Mvc.IActionResult] GetCategoryCount() on controller AuthNet.Controllers.CategoriesController (AuthNet).
2025-07-30 08:31:25.511 +05:30 [INF] Executed DbCommand (5ms) [Parameters=[], CommandType='"Text"', CommandTimeout='30']
SELECT COUNT(*)
FROM [Categories] AS [c]
2025-07-30 08:31:25.512 +05:30 [INF] Executing OkObjectResult, writing value of type 'System.Int32'.
2025-07-30 08:31:25.513 +05:30 [INF] Executed action AuthNet.Controllers.CategoriesController.GetCategoryCount (AuthNet) in 12.2603ms
2025-07-30 08:31:25.513 +05:30 [INF] Executed endpoint 'AuthNet.Controllers.CategoriesController.GetCategoryCount (AuthNet)'
2025-07-30 08:31:25.514 +05:30 [INF] Request finished HTTP/1.1 GET https://localhost:7165/api/Categories/count - 200 null application/json; charset=utf-8 17.8829ms
2025-07-30 08:31:25.534 +05:30 [INF] Request starting HTTP/1.1 GET https://localhost:7165/api/Orders/count - null null
2025-07-30 08:31:25.535 +05:30 [INF] Executing endpoint 'AuthNet.Controllers.OrdersController.GetOrderCount (AuthNet)'
2025-07-30 08:31:25.541 +05:30 [INF] Route matched with {action = "GetOrderCount", controller = "Orders"}. Executing controller action with signature System.Threading.Tasks.Task`1[Microsoft.AspNetCore.Mvc.IActionResult] GetOrderCount() on controller AuthNet.Controllers.OrdersController (AuthNet).
2025-07-30 08:31:25.568 +05:30 [INF] Executed DbCommand (13ms) [Parameters=[], CommandType='"Text"', CommandTimeout='30']
SELECT COUNT(*)
FROM [Orders] AS [o]
2025-07-30 08:31:25.568 +05:30 [INF] Executing OkObjectResult, writing value of type 'System.Int32'.
2025-07-30 08:31:25.569 +05:30 [INF] Executed action AuthNet.Controllers.OrdersController.GetOrderCount (AuthNet) in 27.1161ms
2025-07-30 08:31:25.569 +05:30 [INF] Executed endpoint 'AuthNet.Controllers.OrdersController.GetOrderCount (AuthNet)'
2025-07-30 08:31:25.570 +05:30 [INF] Request finished HTTP/1.1 GET https://localhost:7165/api/Orders/count - 200 null application/json; charset=utf-8 35.5467ms
2025-07-30 08:31:25.586 +05:30 [INF] Request starting HTTP/1.1 GET https://localhost:7165/api/Customers/count - null null
2025-07-30 08:31:25.586 +05:30 [INF] Executing endpoint 'AuthNet.Controllers.CustomersController.GetCustomerCount (AuthNet)'
2025-07-30 08:31:25.596 +05:30 [INF] Route matched with {action = "GetCustomerCount", controller = "Customers"}. Executing controller action with signature System.Threading.Tasks.Task`1[Microsoft.AspNetCore.Mvc.IActionResult] GetCustomerCount() on controller AuthNet.Controllers.CustomersController (AuthNet).
2025-07-30 08:31:25.611 +05:30 [INF] Executed DbCommand (5ms) [Parameters=[], CommandType='"Text"', CommandTimeout='30']
SELECT COUNT(*)
FROM [Customers] AS [c]
2025-07-30 08:31:25.612 +05:30 [INF] Executing OkObjectResult, writing value of type 'System.Int32'.
2025-07-30 08:31:25.612 +05:30 [INF] Executed action AuthNet.Controllers.CustomersController.GetCustomerCount (AuthNet) in 16.1415ms
2025-07-30 08:31:25.612 +05:30 [INF] Executed endpoint 'AuthNet.Controllers.CustomersController.GetCustomerCount (AuthNet)'
2025-07-30 08:31:25.613 +05:30 [INF] Request finished HTTP/1.1 GET https://localhost:7165/api/Customers/count - 200 null application/json; charset=utf-8 27.5652ms
2025-07-30 08:31:25.628 +05:30 [INF] Request starting HTTP/1.1 GET https://localhost:7165/api/Tasks - null null
2025-07-30 08:31:25.629 +05:30 [INF] Executing endpoint 'AuthNet.Controllers.TasksController.GetTasks (AuthNet)'
2025-07-30 08:31:25.631 +05:30 [INF] Route matched with {action = "GetTasks", controller = "Tasks"}. Executing controller action with signature Microsoft.AspNetCore.Mvc.IActionResult GetTasks() on controller AuthNet.Controllers.TasksController (AuthNet).
2025-07-30 08:31:25.668 +05:30 [INF] Executed DbCommand (4ms) [Parameters=[], CommandType='"Text"', CommandTimeout='30']
SELECT [t].[Id], [t].[Title], [t].[DueDate]
FROM [Tasks] AS [t]
2025-07-30 08:31:25.673 +05:30 [INF] Executing OkObjectResult, writing value of type 'System.Collections.Generic.List`1[[AuthNet.Models.DTO.TaskItemDto, AuthNet, Version=1.0.0.0, Culture=neutral, PublicKeyToken=null]]'.
2025-07-30 08:31:25.680 +05:30 [INF] Executed action AuthNet.Controllers.TasksController.GetTasks (AuthNet) in 48.9167ms
2025-07-30 08:31:25.681 +05:30 [INF] Executed endpoint 'AuthNet.Controllers.TasksController.GetTasks (AuthNet)'
2025-07-30 08:31:25.681 +05:30 [INF] Request finished HTTP/1.1 GET https://localhost:7165/api/Tasks - 200 null application/json; charset=utf-8 53.2427ms
2025-07-30 08:31:25.718 +05:30 [INF] Request starting HTTP/1.1 GET https://localhost:7165/api/Settings/Get - null null
2025-07-30 08:31:25.719 +05:30 [INF] Executing endpoint 'AuthNet.Controllers.SettingsController.GetCompanyInfo (AuthNet)'
2025-07-30 08:31:25.727 +05:30 [INF] Route matched with {action = "GetCompanyInfo", controller = "Settings"}. Executing controller action with signature System.Threading.Tasks.Task`1[Microsoft.AspNetCore.Mvc.IActionResult] GetCompanyInfo() on controller AuthNet.Controllers.SettingsController (AuthNet).
2025-07-30 08:31:25.736 +05:30 [WRN] The query uses the 'First'/'FirstOrDefault' operator without 'OrderBy' and filter operators. This may lead to unpredictable results.
2025-07-30 08:31:25.749 +05:30 [INF] Executed DbCommand (5ms) [Parameters=[], CommandType='"Text"', CommandTimeout='30']
SELECT TOP(1) [c].[Id], [c].[Address], [c].[AlternateContactNumber], [c].[ContactNumber], [c].[Email], [c].[GSTIN], [c].[LogoFileExtension], [c].[LogoFilePath], [c].[LogoFileSizeInBytes], [c].[LogoName], [c].[Name], [c].[SignFileExtension], [c].[SignFilePath], [c].[SignFileSizeInBytes], [c].[SignName]
FROM [CompanyInfos] AS [c]
2025-07-30 08:31:25.812 +05:30 [INF] Executing OkObjectResult, writing value of type 'AuthNet.Models.DTO.CompanyInfoResponseDto'.
2025-07-30 08:31:25.815 +05:30 [INF] Executed action AuthNet.Controllers.SettingsController.GetCompanyInfo (AuthNet) in 87.3661ms
2025-07-30 08:31:25.815 +05:30 [INF] Executed endpoint 'AuthNet.Controllers.SettingsController.GetCompanyInfo (AuthNet)'
2025-07-30 08:31:25.815 +05:30 [INF] Request finished HTTP/1.1 GET https://localhost:7165/api/Settings/Get - 200 null application/json; charset=utf-8 97.2876ms
2025-07-30 08:31:26.601 +05:30 [INF] Request starting HTTP/2 GET https://localhost:7165/api/Products/CategoryWiseProductCount - null null
2025-07-30 08:31:26.605 +05:30 [INF] CORS policy execution successful.
2025-07-30 08:31:26.609 +05:30 [INF] Executing endpoint 'AuthNet.Controllers.ProductsController.GetCategoryWiseProductCount (AuthNet)'
2025-07-30 08:31:26.615 +05:30 [INF] Route matched with {action = "GetCategoryWiseProductCount", controller = "Products"}. Executing controller action with signature System.Threading.Tasks.Task`1[Microsoft.AspNetCore.Mvc.IActionResult] GetCategoryWiseProductCount() on controller AuthNet.Controllers.ProductsController (AuthNet).
2025-07-30 08:31:26.600 +05:30 [INF] Request starting HTTP/2 GET https://localhost:7165/api/Sales/WeeklyProfit - null null
2025-07-30 08:31:26.620 +05:30 [INF] CORS policy execution successful.
2025-07-30 08:31:26.621 +05:30 [INF] Executing endpoint 'AuthNet.Controllers.SalesController.GetWeeklyProfit (AuthNet)'
2025-07-30 08:31:26.631 +05:30 [INF] Route matched with {action = "GetWeeklyProfit", controller = "Sales"}. Executing controller action with signature System.Threading.Tasks.Task`1[Microsoft.AspNetCore.Mvc.IActionResult] GetWeeklyProfit() on controller AuthNet.Controllers.SalesController (AuthNet).
2025-07-30 08:31:26.709 +05:30 [INF] Executed DbCommand (53ms) [Parameters=[@__startDate_0='?' (DbType = DateTime2), @__endDate_1='?' (DbType = DateTime2)], CommandType='"Text"', CommandTimeout='30']
SELECT [s].[Id], [s].[ProductId], [s].[ProductName], [s].[Quantity], [s].[SaleId], [s].[TotalPrice], [s].[UnitPrice], [s0].[Id], [s0].[AfterTaxAmount], [s0].[CreatedAt], [s0].[DiscountedAmount], [s0].[InvoiceDate], [s0].[InvoiceNo], [s0].[PrincipalAmount], [s0].[Template], [s0].[TotalAmount]
FROM [SaleItems] AS [s]
INNER JOIN [Sales] AS [s0] ON [s].[SaleId] = [s0].[Id]
WHERE CONVERT(date, [s0].[InvoiceDate]) >= @__startDate_0 AND CONVERT(date, [s0].[InvoiceDate]) <= @__endDate_1
2025-07-30 08:31:26.719 +05:30 [INF] Executed DbCommand (7ms) [Parameters=[@__productIds_0='?' (Size = 4000)], CommandType='"Text"', CommandTimeout='30']
SELECT [p].[ProductId], [p].[CategoryId], [p].[CostPrice], [p].[Description], [p].[Name], [p].[ProductCode], [p].[ProductKey], [p].[SellPrice], [p].[SupplierId]
FROM [Products] AS [p]
WHERE [p].[ProductId] IN (
    SELECT [p0].[value]
    FROM OPENJSON(@__productIds_0) WITH ([value] int '$') AS [p0]
)
2025-07-30 08:31:26.738 +05:30 [INF] Executing OkObjectResult, writing value of type 'System.Collections.Generic.List`1[[AuthNet.Models.DTO.DailyProfitDto, AuthNet, Version=1.0.0.0, Culture=neutral, PublicKeyToken=null]]'.
2025-07-30 08:31:26.742 +05:30 [INF] Executed action AuthNet.Controllers.SalesController.GetWeeklyProfit (AuthNet) in 111.6522ms
2025-07-30 08:31:26.743 +05:30 [INF] Executed endpoint 'AuthNet.Controllers.SalesController.GetWeeklyProfit (AuthNet)'
2025-07-30 08:31:26.743 +05:30 [INF] Request finished HTTP/2 GET https://localhost:7165/api/Sales/WeeklyProfit - 200 null application/json; charset=utf-8 143.3581ms
2025-07-30 08:31:26.770 +05:30 [INF] Executed DbCommand (10ms) [Parameters=[], CommandType='"Text"', CommandTimeout='30']
SELECT [c].[Name] AS [CategoryName], COUNT(*) AS [ProductCount]
FROM [Products] AS [p]
LEFT JOIN [Categories] AS [c] ON [p].[CategoryId] = [c].[CategoryId]
WHERE [c].[CategoryId] IS NOT NULL
GROUP BY [c].[Name]
2025-07-30 08:31:26.772 +05:30 [INF] Executing OkObjectResult, writing value of type 'System.Collections.Generic.List`1[[AuthNet.Models.DTO.CategoryProductCountDto, AuthNet, Version=1.0.0.0, Culture=neutral, PublicKeyToken=null]]'.
2025-07-30 08:31:26.776 +05:30 [INF] Executed action AuthNet.Controllers.ProductsController.GetCategoryWiseProductCount (AuthNet) in 160.6272ms
2025-07-30 08:31:26.776 +05:30 [INF] Executed endpoint 'AuthNet.Controllers.ProductsController.GetCategoryWiseProductCount (AuthNet)'
2025-07-30 08:31:26.777 +05:30 [INF] Request finished HTTP/2 GET https://localhost:7165/api/Products/CategoryWiseProductCount - 200 null application/json; charset=utf-8 175.9937ms
2025-07-30 08:31:31.045 +05:30 [INF] Request starting HTTP/1.1 POST https://localhost:7165/api/Auth/login - application/json; charset=utf-8 null
2025-07-30 08:31:31.047 +05:30 [INF] Executing endpoint 'AuthNet.Controllers.AuthController.Login (AuthNet)'
2025-07-30 08:31:31.061 +05:30 [INF] Route matched with {action = "Login", controller = "Auth"}. Executing controller action with signature System.Threading.Tasks.Task`1[Microsoft.AspNetCore.Mvc.IActionResult] Login(AuthNet.Models.DTO.LoginDto) on controller AuthNet.Controllers.AuthController (AuthNet).
2025-07-30 08:31:31.168 +05:30 [INF] Executed DbCommand (15ms) [Parameters=[@__username_0='?' (Size = 100)], CommandType='"Text"', CommandTimeout='30']
SELECT TOP(1) [u].[UserId], [u].[CreatedAt], [u].[Email], [u].[Firstname], [u].[Lastname], [u].[PasswordHash], [u].[Role], [u].[Username]
FROM [Users] AS [u]
WHERE [u].[Username] = @__username_0
2025-07-30 08:31:31.956 +05:30 [INF] Executing OkObjectResult, writing value of type 'AuthNet.Models.DTO.ServiceResponse`1[[AuthNet.Models.DTO.LoginResponseDto, AuthNet, Version=1.0.0.0, Culture=neutral, PublicKeyToken=null]]'.
2025-07-30 08:31:31.963 +05:30 [INF] Executed action AuthNet.Controllers.AuthController.Login (AuthNet) in 902.0364ms
2025-07-30 08:31:31.963 +05:30 [INF] Executed endpoint 'AuthNet.Controllers.AuthController.Login (AuthNet)'
2025-07-30 08:31:31.964 +05:30 [INF] Request finished HTTP/1.1 POST https://localhost:7165/api/Auth/login - 200 null application/json; charset=utf-8 919.2578ms
2025-07-30 08:31:32.011 +05:30 [INF] Request starting HTTP/1.1 GET https://localhost:7165/api/Sales/DailyProfit - null null
2025-07-30 08:31:32.011 +05:30 [INF] Executing endpoint 'AuthNet.Controllers.SalesController.GetDailyProfit (AuthNet)'
2025-07-30 08:31:32.012 +05:30 [INF] Route matched with {action = "GetDailyProfit", controller = "Sales"}. Executing controller action with signature System.Threading.Tasks.Task`1[Microsoft.AspNetCore.Mvc.IActionResult] GetDailyProfit() on controller AuthNet.Controllers.SalesController (AuthNet).
2025-07-30 08:31:32.030 +05:30 [INF] Executed DbCommand (14ms) [Parameters=[@__date_Date_0='?' (DbType = DateTime2)], CommandType='"Text"', CommandTimeout='30']
SELECT [s].[Id], [s].[ProductId], [s].[ProductName], [s].[Quantity], [s].[SaleId], [s].[TotalPrice], [s].[UnitPrice], [s0].[Id], [s0].[AfterTaxAmount], [s0].[CreatedAt], [s0].[DiscountedAmount], [s0].[InvoiceDate], [s0].[InvoiceNo], [s0].[PrincipalAmount], [s0].[Template], [s0].[TotalAmount]
FROM [SaleItems] AS [s]
INNER JOIN [Sales] AS [s0] ON [s].[SaleId] = [s0].[Id]
WHERE CONVERT(date, [s0].[InvoiceDate]) = @__date_Date_0
2025-07-30 08:31:32.062 +05:30 [INF] Executed DbCommand (31ms) [Parameters=[@__productIds_0='?' (Size = 4000)], CommandType='"Text"', CommandTimeout='30']
SELECT [p].[ProductId], [p].[CategoryId], [p].[CostPrice], [p].[Description], [p].[Name], [p].[ProductCode], [p].[ProductKey], [p].[SellPrice], [p].[SupplierId]
FROM [Products] AS [p]
WHERE [p].[ProductId] IN (
    SELECT [p0].[value]
    FROM OPENJSON(@__productIds_0) WITH ([value] int '$') AS [p0]
)
2025-07-30 08:31:32.063 +05:30 [INF] Executing OkObjectResult, writing value of type 'AuthNet.Models.DTO.DailyProfitDto'.
2025-07-30 08:31:32.063 +05:30 [INF] Executed action AuthNet.Controllers.SalesController.GetDailyProfit (AuthNet) in 51.1368ms
2025-07-30 08:31:32.063 +05:30 [INF] Executed endpoint 'AuthNet.Controllers.SalesController.GetDailyProfit (AuthNet)'
2025-07-30 08:31:32.064 +05:30 [INF] Request finished HTTP/1.1 GET https://localhost:7165/api/Sales/DailyProfit - 200 null application/json; charset=utf-8 53.0217ms
2025-07-30 08:31:32.082 +05:30 [INF] Request starting HTTP/1.1 GET https://localhost:7165/api/Sales/CurrentMonthProfit - null null
2025-07-30 08:31:32.083 +05:30 [INF] Executing endpoint 'AuthNet.Controllers.SalesController.GetCurrentMonthProfit (AuthNet)'
2025-07-30 08:31:32.083 +05:30 [INF] Route matched with {action = "GetCurrentMonthProfit", controller = "Sales"}. Executing controller action with signature System.Threading.Tasks.Task`1[Microsoft.AspNetCore.Mvc.IActionResult] GetCurrentMonthProfit() on controller AuthNet.Controllers.SalesController (AuthNet).
2025-07-30 08:31:32.097 +05:30 [INF] Executed DbCommand (11ms) [Parameters=[@__currentYear_0='?' (DbType = Int32), @__currentMonth_1='?' (DbType = Int32)], CommandType='"Text"', CommandTimeout='30']
SELECT [s].[Id], [s].[ProductId], [s].[ProductName], [s].[Quantity], [s].[SaleId], [s].[TotalPrice], [s].[UnitPrice], [s0].[Id], [s0].[AfterTaxAmount], [s0].[CreatedAt], [s0].[DiscountedAmount], [s0].[InvoiceDate], [s0].[InvoiceNo], [s0].[PrincipalAmount], [s0].[Template], [s0].[TotalAmount]
FROM [SaleItems] AS [s]
INNER JOIN [Sales] AS [s0] ON [s].[SaleId] = [s0].[Id]
WHERE DATEPART(year, [s0].[InvoiceDate]) = @__currentYear_0 AND DATEPART(month, [s0].[InvoiceDate]) = @__currentMonth_1
2025-07-30 08:31:32.107 +05:30 [INF] Executed DbCommand (7ms) [Parameters=[@__productIds_0='?' (Size = 4000)], CommandType='"Text"', CommandTimeout='30']
SELECT [p].[ProductId], [p].[CategoryId], [p].[CostPrice], [p].[Description], [p].[Name], [p].[ProductCode], [p].[ProductKey], [p].[SellPrice], [p].[SupplierId]
FROM [Products] AS [p]
WHERE [p].[ProductId] IN (
    SELECT [p0].[value]
    FROM OPENJSON(@__productIds_0) WITH ([value] int '$') AS [p0]
)
2025-07-30 08:31:32.108 +05:30 [INF] Executing OkObjectResult, writing value of type 'AuthNet.Models.DTO.MonthlyProfitDto'.
2025-07-30 08:31:32.108 +05:30 [INF] Executed action AuthNet.Controllers.SalesController.GetCurrentMonthProfit (AuthNet) in 24.4889ms
2025-07-30 08:31:32.108 +05:30 [INF] Executed endpoint 'AuthNet.Controllers.SalesController.GetCurrentMonthProfit (AuthNet)'
2025-07-30 08:31:32.109 +05:30 [INF] Request finished HTTP/1.1 GET https://localhost:7165/api/Sales/CurrentMonthProfit - 200 null application/json; charset=utf-8 26.3632ms
2025-07-30 08:31:32.122 +05:30 [INF] Request starting HTTP/1.1 GET https://localhost:7165/api/Sales/CurrentYearProfit - null null
2025-07-30 08:31:32.123 +05:30 [INF] Executing endpoint 'AuthNet.Controllers.SalesController.GetCurrentYearProfit (AuthNet)'
2025-07-30 08:31:32.123 +05:30 [INF] Route matched with {action = "GetCurrentYearProfit", controller = "Sales"}. Executing controller action with signature System.Threading.Tasks.Task`1[Microsoft.AspNetCore.Mvc.IActionResult] GetCurrentYearProfit() on controller AuthNet.Controllers.SalesController (AuthNet).
2025-07-30 08:31:32.130 +05:30 [INF] Executed DbCommand (5ms) [Parameters=[@__currentYear_0='?' (DbType = Int32)], CommandType='"Text"', CommandTimeout='30']
SELECT [s].[Id], [s].[ProductId], [s].[ProductName], [s].[Quantity], [s].[SaleId], [s].[TotalPrice], [s].[UnitPrice], [s0].[Id], [s0].[AfterTaxAmount], [s0].[CreatedAt], [s0].[DiscountedAmount], [s0].[InvoiceDate], [s0].[InvoiceNo], [s0].[PrincipalAmount], [s0].[Template], [s0].[TotalAmount]
FROM [SaleItems] AS [s]
INNER JOIN [Sales] AS [s0] ON [s].[SaleId] = [s0].[Id]
WHERE DATEPART(year, [s0].[InvoiceDate]) = @__currentYear_0
2025-07-30 08:31:32.132 +05:30 [INF] Executed DbCommand (1ms) [Parameters=[@__productIds_0='?' (Size = 4000)], CommandType='"Text"', CommandTimeout='30']
SELECT [p].[ProductId], [p].[CategoryId], [p].[CostPrice], [p].[Description], [p].[Name], [p].[ProductCode], [p].[ProductKey], [p].[SellPrice], [p].[SupplierId]
FROM [Products] AS [p]
WHERE [p].[ProductId] IN (
    SELECT [p0].[value]
    FROM OPENJSON(@__productIds_0) WITH ([value] int '$') AS [p0]
)
2025-07-30 08:31:32.133 +05:30 [INF] Executing OkObjectResult, writing value of type 'AuthNet.Models.DTO.YearlyProfitDto'.
2025-07-30 08:31:32.133 +05:30 [INF] Executed action AuthNet.Controllers.SalesController.GetCurrentYearProfit (AuthNet) in 9.794ms
2025-07-30 08:31:32.133 +05:30 [INF] Executed endpoint 'AuthNet.Controllers.SalesController.GetCurrentYearProfit (AuthNet)'
2025-07-30 08:31:32.134 +05:30 [INF] Request finished HTTP/1.1 GET https://localhost:7165/api/Sales/CurrentYearProfit - 200 null application/json; charset=utf-8 12.1618ms
2025-07-30 08:31:32.149 +05:30 [INF] Request starting HTTP/1.1 GET https://localhost:7165/api/Products/count - null null
2025-07-30 08:31:32.149 +05:30 [INF] Executing endpoint 'AuthNet.Controllers.ProductsController.GetProductCount (AuthNet)'
2025-07-30 08:31:32.149 +05:30 [INF] Route matched with {action = "GetProductCount", controller = "Products"}. Executing controller action with signature System.Threading.Tasks.Task`1[Microsoft.AspNetCore.Mvc.IActionResult] GetProductCount() on controller AuthNet.Controllers.ProductsController (AuthNet).
2025-07-30 08:31:32.159 +05:30 [INF] Executed DbCommand (7ms) [Parameters=[], CommandType='"Text"', CommandTimeout='30']
SELECT COUNT(*)
FROM [Products] AS [p]
2025-07-30 08:31:32.160 +05:30 [INF] Executing OkObjectResult, writing value of type 'System.Int32'.
2025-07-30 08:31:32.160 +05:30 [INF] Executed action AuthNet.Controllers.ProductsController.GetProductCount (AuthNet) in 10.7854ms
2025-07-30 08:31:32.161 +05:30 [INF] Executed endpoint 'AuthNet.Controllers.ProductsController.GetProductCount (AuthNet)'
2025-07-30 08:31:32.161 +05:30 [INF] Request finished HTTP/1.1 GET https://localhost:7165/api/Products/count - 200 null application/json; charset=utf-8 12.8026ms
2025-07-30 08:31:32.179 +05:30 [INF] Request starting HTTP/1.1 GET https://localhost:7165/api/Suppliers/count - null null
2025-07-30 08:31:32.180 +05:30 [INF] Executing endpoint 'AuthNet.Controllers.SuppliersController.GetSupplierCount (AuthNet)'
2025-07-30 08:31:32.180 +05:30 [INF] Route matched with {action = "GetSupplierCount", controller = "Suppliers"}. Executing controller action with signature System.Threading.Tasks.Task`1[Microsoft.AspNetCore.Mvc.IActionResult] GetSupplierCount() on controller AuthNet.Controllers.SuppliersController (AuthNet).
2025-07-30 08:31:32.184 +05:30 [INF] Executed DbCommand (3ms) [Parameters=[], CommandType='"Text"', CommandTimeout='30']
SELECT COUNT(*)
FROM [Suppliers] AS [s]
2025-07-30 08:31:32.185 +05:30 [INF] Executing OkObjectResult, writing value of type 'System.Int32'.
2025-07-30 08:31:32.185 +05:30 [INF] Executed action AuthNet.Controllers.SuppliersController.GetSupplierCount (AuthNet) in 5.4039ms
2025-07-30 08:31:32.185 +05:30 [INF] Executed endpoint 'AuthNet.Controllers.SuppliersController.GetSupplierCount (AuthNet)'
2025-07-30 08:31:32.186 +05:30 [INF] Request finished HTTP/1.1 GET https://localhost:7165/api/Suppliers/count - 200 null application/json; charset=utf-8 7.6271ms
2025-07-30 08:31:32.208 +05:30 [INF] Request starting HTTP/1.1 GET https://localhost:7165/api/Categories/count - null null
2025-07-30 08:31:32.210 +05:30 [INF] Executing endpoint 'AuthNet.Controllers.CategoriesController.GetCategoryCount (AuthNet)'
2025-07-30 08:31:32.210 +05:30 [INF] Route matched with {action = "GetCategoryCount", controller = "Categories"}. Executing controller action with signature System.Threading.Tasks.Task`1[Microsoft.AspNetCore.Mvc.IActionResult] GetCategoryCount() on controller AuthNet.Controllers.CategoriesController (AuthNet).
2025-07-30 08:31:32.315 +05:30 [INF] Executed DbCommand (102ms) [Parameters=[], CommandType='"Text"', CommandTimeout='30']
SELECT COUNT(*)
FROM [Categories] AS [c]
2025-07-30 08:31:32.315 +05:30 [INF] Executing OkObjectResult, writing value of type 'System.Int32'.
2025-07-30 08:31:32.316 +05:30 [INF] Executed action AuthNet.Controllers.CategoriesController.GetCategoryCount (AuthNet) in 105.8341ms
2025-07-30 08:31:32.316 +05:30 [INF] Executed endpoint 'AuthNet.Controllers.CategoriesController.GetCategoryCount (AuthNet)'
2025-07-30 08:31:32.316 +05:30 [INF] Request finished HTTP/1.1 GET https://localhost:7165/api/Categories/count - 200 null application/json; charset=utf-8 107.9424ms
2025-07-30 08:31:32.352 +05:30 [INF] Request starting HTTP/1.1 GET https://localhost:7165/api/Orders/count - null null
2025-07-30 08:31:32.353 +05:30 [INF] Executing endpoint 'AuthNet.Controllers.OrdersController.GetOrderCount (AuthNet)'
2025-07-30 08:31:32.358 +05:30 [INF] Route matched with {action = "GetOrderCount", controller = "Orders"}. Executing controller action with signature System.Threading.Tasks.Task`1[Microsoft.AspNetCore.Mvc.IActionResult] GetOrderCount() on controller AuthNet.Controllers.OrdersController (AuthNet).
2025-07-30 08:31:32.363 +05:30 [INF] Executed DbCommand (3ms) [Parameters=[], CommandType='"Text"', CommandTimeout='30']
SELECT COUNT(*)
FROM [Orders] AS [o]
2025-07-30 08:31:32.363 +05:30 [INF] Executing OkObjectResult, writing value of type 'System.Int32'.
2025-07-30 08:31:32.364 +05:30 [INF] Executed action AuthNet.Controllers.OrdersController.GetOrderCount (AuthNet) in 5.9536ms
2025-07-30 08:31:32.364 +05:30 [INF] Executed endpoint 'AuthNet.Controllers.OrdersController.GetOrderCount (AuthNet)'
2025-07-30 08:31:32.364 +05:30 [INF] Request finished HTTP/1.1 GET https://localhost:7165/api/Orders/count - 200 null application/json; charset=utf-8 12.3938ms
2025-07-30 08:31:32.377 +05:30 [INF] Request starting HTTP/1.1 GET https://localhost:7165/api/Customers/count - null null
2025-07-30 08:31:32.378 +05:30 [INF] Executing endpoint 'AuthNet.Controllers.CustomersController.GetCustomerCount (AuthNet)'
2025-07-30 08:31:32.378 +05:30 [INF] Route matched with {action = "GetCustomerCount", controller = "Customers"}. Executing controller action with signature System.Threading.Tasks.Task`1[Microsoft.AspNetCore.Mvc.IActionResult] GetCustomerCount() on controller AuthNet.Controllers.CustomersController (AuthNet).
2025-07-30 08:31:32.382 +05:30 [INF] Executed DbCommand (3ms) [Parameters=[], CommandType='"Text"', CommandTimeout='30']
SELECT COUNT(*)
FROM [Customers] AS [c]
2025-07-30 08:31:32.383 +05:30 [INF] Executing OkObjectResult, writing value of type 'System.Int32'.
2025-07-30 08:31:32.383 +05:30 [INF] Executed action AuthNet.Controllers.CustomersController.GetCustomerCount (AuthNet) in 4.8572ms
2025-07-30 08:31:32.383 +05:30 [INF] Executed endpoint 'AuthNet.Controllers.CustomersController.GetCustomerCount (AuthNet)'
2025-07-30 08:31:32.384 +05:30 [INF] Request finished HTTP/1.1 GET https://localhost:7165/api/Customers/count - 200 null application/json; charset=utf-8 6.4924ms
2025-07-30 08:31:32.400 +05:30 [INF] Request starting HTTP/1.1 GET https://localhost:7165/api/Tasks - null null
2025-07-30 08:31:32.401 +05:30 [INF] Executing endpoint 'AuthNet.Controllers.TasksController.GetTasks (AuthNet)'
2025-07-30 08:31:32.401 +05:30 [INF] Route matched with {action = "GetTasks", controller = "Tasks"}. Executing controller action with signature Microsoft.AspNetCore.Mvc.IActionResult GetTasks() on controller AuthNet.Controllers.TasksController (AuthNet).
2025-07-30 08:31:32.407 +05:30 [INF] Executed DbCommand (2ms) [Parameters=[], CommandType='"Text"', CommandTimeout='30']
SELECT [t].[Id], [t].[Title], [t].[DueDate]
FROM [Tasks] AS [t]
2025-07-30 08:31:32.408 +05:30 [INF] Executing OkObjectResult, writing value of type 'System.Collections.Generic.List`1[[AuthNet.Models.DTO.TaskItemDto, AuthNet, Version=1.0.0.0, Culture=neutral, PublicKeyToken=null]]'.
2025-07-30 08:31:32.408 +05:30 [INF] Executed action AuthNet.Controllers.TasksController.GetTasks (AuthNet) in 6.9394ms
2025-07-30 08:31:32.408 +05:30 [INF] Executed endpoint 'AuthNet.Controllers.TasksController.GetTasks (AuthNet)'
2025-07-30 08:31:32.409 +05:30 [INF] Request finished HTTP/1.1 GET https://localhost:7165/api/Tasks - 200 null application/json; charset=utf-8 8.5945ms
2025-07-30 08:31:32.421 +05:30 [INF] Request starting HTTP/1.1 GET https://localhost:7165/api/Settings/Get - null null
2025-07-30 08:31:32.425 +05:30 [INF] Executing endpoint 'AuthNet.Controllers.SettingsController.GetCompanyInfo (AuthNet)'
2025-07-30 08:31:32.425 +05:30 [INF] Route matched with {action = "GetCompanyInfo", controller = "Settings"}. Executing controller action with signature System.Threading.Tasks.Task`1[Microsoft.AspNetCore.Mvc.IActionResult] GetCompanyInfo() on controller AuthNet.Controllers.SettingsController (AuthNet).
2025-07-30 08:31:32.431 +05:30 [INF] Executed DbCommand (3ms) [Parameters=[], CommandType='"Text"', CommandTimeout='30']
SELECT TOP(1) [c].[Id], [c].[Address], [c].[AlternateContactNumber], [c].[ContactNumber], [c].[Email], [c].[GSTIN], [c].[LogoFileExtension], [c].[LogoFilePath], [c].[LogoFileSizeInBytes], [c].[LogoName], [c].[Name], [c].[SignFileExtension], [c].[SignFilePath], [c].[SignFileSizeInBytes], [c].[SignName]
FROM [CompanyInfos] AS [c]
2025-07-30 08:31:32.432 +05:30 [INF] Executing OkObjectResult, writing value of type 'AuthNet.Models.DTO.CompanyInfoResponseDto'.
2025-07-30 08:31:32.432 +05:30 [INF] Executed action AuthNet.Controllers.SettingsController.GetCompanyInfo (AuthNet) in 6.4717ms
2025-07-30 08:31:32.432 +05:30 [INF] Executed endpoint 'AuthNet.Controllers.SettingsController.GetCompanyInfo (AuthNet)'
2025-07-30 08:31:32.432 +05:30 [INF] Request finished HTTP/1.1 GET https://localhost:7165/api/Settings/Get - 200 null application/json; charset=utf-8 11.3464ms
2025-07-30 08:31:32.724 +05:30 [INF] Request starting HTTP/2 GET https://localhost:7165/api/Sales/WeeklyProfit - null null
2025-07-30 08:31:32.725 +05:30 [INF] CORS policy execution successful.
2025-07-30 08:31:32.725 +05:30 [INF] Executing endpoint 'AuthNet.Controllers.SalesController.GetWeeklyProfit (AuthNet)'
2025-07-30 08:31:32.725 +05:30 [INF] Route matched with {action = "GetWeeklyProfit", controller = "Sales"}. Executing controller action with signature System.Threading.Tasks.Task`1[Microsoft.AspNetCore.Mvc.IActionResult] GetWeeklyProfit() on controller AuthNet.Controllers.SalesController (AuthNet).
2025-07-30 08:31:32.730 +05:30 [INF] Request starting HTTP/2 GET https://localhost:7165/api/Products/CategoryWiseProductCount - null null
2025-07-30 08:31:32.730 +05:30 [INF] CORS policy execution successful.
2025-07-30 08:31:32.730 +05:30 [INF] Executing endpoint 'AuthNet.Controllers.ProductsController.GetCategoryWiseProductCount (AuthNet)'
2025-07-30 08:31:32.730 +05:30 [INF] Route matched with {action = "GetCategoryWiseProductCount", controller = "Products"}. Executing controller action with signature System.Threading.Tasks.Task`1[Microsoft.AspNetCore.Mvc.IActionResult] GetCategoryWiseProductCount() on controller AuthNet.Controllers.ProductsController (AuthNet).
2025-07-30 08:31:32.742 +05:30 [INF] Executed DbCommand (15ms) [Parameters=[@__startDate_0='?' (DbType = DateTime2), @__endDate_1='?' (DbType = DateTime2)], CommandType='"Text"', CommandTimeout='30']
SELECT [s].[Id], [s].[ProductId], [s].[ProductName], [s].[Quantity], [s].[SaleId], [s].[TotalPrice], [s].[UnitPrice], [s0].[Id], [s0].[AfterTaxAmount], [s0].[CreatedAt], [s0].[DiscountedAmount], [s0].[InvoiceDate], [s0].[InvoiceNo], [s0].[PrincipalAmount], [s0].[Template], [s0].[TotalAmount]
FROM [SaleItems] AS [s]
INNER JOIN [Sales] AS [s0] ON [s].[SaleId] = [s0].[Id]
WHERE CONVERT(date, [s0].[InvoiceDate]) >= @__startDate_0 AND CONVERT(date, [s0].[InvoiceDate]) <= @__endDate_1
2025-07-30 08:31:32.763 +05:30 [INF] Executed DbCommand (19ms) [Parameters=[@__productIds_0='?' (Size = 4000)], CommandType='"Text"', CommandTimeout='30']
SELECT [p].[ProductId], [p].[CategoryId], [p].[CostPrice], [p].[Description], [p].[Name], [p].[ProductCode], [p].[ProductKey], [p].[SellPrice], [p].[SupplierId]
FROM [Products] AS [p]
WHERE [p].[ProductId] IN (
    SELECT [p0].[value]
    FROM OPENJSON(@__productIds_0) WITH ([value] int '$') AS [p0]
)
2025-07-30 08:31:32.764 +05:30 [INF] Executing OkObjectResult, writing value of type 'System.Collections.Generic.List`1[[AuthNet.Models.DTO.DailyProfitDto, AuthNet, Version=1.0.0.0, Culture=neutral, PublicKeyToken=null]]'.
2025-07-30 08:31:32.765 +05:30 [INF] Executed action AuthNet.Controllers.SalesController.GetWeeklyProfit (AuthNet) in 39.8209ms
2025-07-30 08:31:32.765 +05:30 [INF] Executed endpoint 'AuthNet.Controllers.SalesController.GetWeeklyProfit (AuthNet)'
2025-07-30 08:31:32.766 +05:30 [INF] Request finished HTTP/2 GET https://localhost:7165/api/Sales/WeeklyProfit - 200 null application/json; charset=utf-8 41.5552ms
2025-07-30 08:31:32.841 +05:30 [INF] Executed DbCommand (39ms) [Parameters=[], CommandType='"Text"', CommandTimeout='30']
SELECT [c].[Name] AS [CategoryName], COUNT(*) AS [ProductCount]
FROM [Products] AS [p]
LEFT JOIN [Categories] AS [c] ON [p].[CategoryId] = [c].[CategoryId]
WHERE [c].[CategoryId] IS NOT NULL
GROUP BY [c].[Name]
2025-07-30 08:31:32.841 +05:30 [INF] Executing OkObjectResult, writing value of type 'System.Collections.Generic.List`1[[AuthNet.Models.DTO.CategoryProductCountDto, AuthNet, Version=1.0.0.0, Culture=neutral, PublicKeyToken=null]]'.
2025-07-30 08:31:32.842 +05:30 [INF] Executed action AuthNet.Controllers.ProductsController.GetCategoryWiseProductCount (AuthNet) in 111.1589ms
2025-07-30 08:31:32.842 +05:30 [INF] Executed endpoint 'AuthNet.Controllers.ProductsController.GetCategoryWiseProductCount (AuthNet)'
2025-07-30 08:31:32.842 +05:30 [INF] Request finished HTTP/2 GET https://localhost:7165/api/Products/CategoryWiseProductCount - 200 null application/json; charset=utf-8 112.3446ms
2025-07-30 08:31:34.689 +05:30 [INF] Request starting HTTP/1.1 GET https://localhost:7165/api/Products - null null
2025-07-30 08:31:34.692 +05:30 [INF] Executing endpoint 'AuthNet.Controllers.ProductsController.GetAll (AuthNet)'
2025-07-30 08:31:34.697 +05:30 [INF] Route matched with {action = "GetAll", controller = "Products"}. Executing controller action with signature System.Threading.Tasks.Task`1[Microsoft.AspNetCore.Mvc.IActionResult] GetAll() on controller AuthNet.Controllers.ProductsController (AuthNet).
2025-07-30 08:31:34.710 +05:30 [INF] Executed DbCommand (6ms) [Parameters=[], CommandType='"Text"', CommandTimeout='30']
SELECT [p].[ProductId], [p].[CategoryId], [p].[CostPrice], [p].[Description], [p].[Name], [p].[ProductCode], [p].[ProductKey], [p].[SellPrice], [p].[SupplierId]
FROM [Products] AS [p]
2025-07-30 08:31:34.710 +05:30 [INF] Executing OkObjectResult, writing value of type 'System.Collections.Generic.List`1[[AuthNet.Models.Domain.Product, AuthNet, Version=1.0.0.0, Culture=neutral, PublicKeyToken=null]]'.
2025-07-30 08:31:34.720 +05:30 [INF] Executed action AuthNet.Controllers.ProductsController.GetAll (AuthNet) in 22.1397ms
2025-07-30 08:31:34.720 +05:30 [INF] Executed endpoint 'AuthNet.Controllers.ProductsController.GetAll (AuthNet)'
2025-07-30 08:31:34.720 +05:30 [INF] Request finished HTTP/1.1 GET https://localhost:7165/api/Products - 200 null application/json; charset=utf-8 31.4956ms
2025-07-30 08:31:34.743 +05:30 [INF] Request starting HTTP/1.1 GET https://localhost:7165/api/InvoiceTemplates - null null
2025-07-30 08:31:34.743 +05:30 [INF] Executing endpoint 'AuthNet.Controllers.InvoiceTemplatesController.GetAll (AuthNet)'
2025-07-30 08:31:34.748 +05:30 [INF] Route matched with {action = "GetAll", controller = "InvoiceTemplates"}. Executing controller action with signature System.Threading.Tasks.Task`1[Microsoft.AspNetCore.Mvc.IActionResult] GetAll() on controller AuthNet.Controllers.InvoiceTemplatesController (AuthNet).
2025-07-30 08:31:34.763 +05:30 [INF] Executed DbCommand (3ms) [Parameters=[], CommandType='"Text"', CommandTimeout='30']
SELECT [i].[Id], [i].[Layout], [i].[Notes], [i].[TermsAndConditions]
FROM [InvoiceTemplates] AS [i]
2025-07-30 08:31:34.776 +05:30 [INF] Executing OkObjectResult, writing value of type 'System.Collections.Generic.List`1[[AuthNet.Models.Domain.InvoiceTemplate, AuthNet, Version=1.0.0.0, Culture=neutral, PublicKeyToken=null]]'.
2025-07-30 08:31:34.778 +05:30 [INF] Executed action AuthNet.Controllers.InvoiceTemplatesController.GetAll (AuthNet) in 30.4229ms
2025-07-30 08:31:34.778 +05:30 [INF] Executed endpoint 'AuthNet.Controllers.InvoiceTemplatesController.GetAll (AuthNet)'
2025-07-30 08:31:34.779 +05:30 [INF] Request finished HTTP/1.1 GET https://localhost:7165/api/InvoiceTemplates - 200 null application/json; charset=utf-8 35.7641ms
2025-07-30 08:31:34.801 +05:30 [INF] Request starting HTTP/1.1 GET https://localhost:7165/api/categories - null null
2025-07-30 08:31:34.803 +05:30 [INF] Executing endpoint 'AuthNet.Controllers.CategoriesController.GetAll (AuthNet)'
2025-07-30 08:31:34.808 +05:30 [INF] Route matched with {action = "GetAll", controller = "Categories"}. Executing controller action with signature System.Threading.Tasks.Task`1[Microsoft.AspNetCore.Mvc.IActionResult] GetAll() on controller AuthNet.Controllers.CategoriesController (AuthNet).
2025-07-30 08:31:34.821 +05:30 [INF] Executed DbCommand (2ms) [Parameters=[], CommandType='"Text"', CommandTimeout='30']
SELECT [c].[CategoryId], [c].[Description], [c].[Name]
FROM [Categories] AS [c]
2025-07-30 08:31:34.833 +05:30 [INF] Executing OkObjectResult, writing value of type 'System.Collections.Generic.List`1[[AuthNet.Models.Domain.Category, AuthNet, Version=1.0.0.0, Culture=neutral, PublicKeyToken=null]]'.
2025-07-30 08:31:34.835 +05:30 [INF] Executed action AuthNet.Controllers.CategoriesController.GetAll (AuthNet) in 26.63ms
2025-07-30 08:31:34.835 +05:30 [INF] Executed endpoint 'AuthNet.Controllers.CategoriesController.GetAll (AuthNet)'
2025-07-30 08:31:34.835 +05:30 [INF] Request finished HTTP/1.1 GET https://localhost:7165/api/categories - 200 null application/json; charset=utf-8 33.8993ms
2025-07-30 08:31:34.877 +05:30 [INF] Request starting HTTP/1.1 GET https://localhost:7165/api/Settings/Get - null null
2025-07-30 08:31:34.877 +05:30 [INF] Executing endpoint 'AuthNet.Controllers.SettingsController.GetCompanyInfo (AuthNet)'
2025-07-30 08:31:34.877 +05:30 [INF] Route matched with {action = "GetCompanyInfo", controller = "Settings"}. Executing controller action with signature System.Threading.Tasks.Task`1[Microsoft.AspNetCore.Mvc.IActionResult] GetCompanyInfo() on controller AuthNet.Controllers.SettingsController (AuthNet).
2025-07-30 08:31:34.933 +05:30 [INF] Executed DbCommand (52ms) [Parameters=[], CommandType='"Text"', CommandTimeout='30']
SELECT TOP(1) [c].[Id], [c].[Address], [c].[AlternateContactNumber], [c].[ContactNumber], [c].[Email], [c].[GSTIN], [c].[LogoFileExtension], [c].[LogoFilePath], [c].[LogoFileSizeInBytes], [c].[LogoName], [c].[Name], [c].[SignFileExtension], [c].[SignFilePath], [c].[SignFileSizeInBytes], [c].[SignName]
FROM [CompanyInfos] AS [c]
2025-07-30 08:31:34.933 +05:30 [INF] Executing OkObjectResult, writing value of type 'AuthNet.Models.DTO.CompanyInfoResponseDto'.
2025-07-30 08:31:34.933 +05:30 [INF] Executed action AuthNet.Controllers.SettingsController.GetCompanyInfo (AuthNet) in 55.9445ms
2025-07-30 08:31:34.933 +05:30 [INF] Executed endpoint 'AuthNet.Controllers.SettingsController.GetCompanyInfo (AuthNet)'
2025-07-30 08:31:34.934 +05:30 [INF] Request finished HTTP/1.1 GET https://localhost:7165/api/Settings/Get - 200 null application/json; charset=utf-8 57.0655ms
2025-07-30 08:31:35.008 +05:30 [INF] Request starting HTTP/1.1 GET https://localhost:7165/api/TaxSettings - null null
2025-07-30 08:31:35.009 +05:30 [INF] Executing endpoint 'AuthNet.Controllers.TaxSettingsController.GetAll (AuthNet)'
2025-07-30 08:31:35.014 +05:30 [INF] Route matched with {action = "GetAll", controller = "TaxSettings"}. Executing controller action with signature System.Threading.Tasks.Task`1[Microsoft.AspNetCore.Mvc.IActionResult] GetAll() on controller AuthNet.Controllers.TaxSettingsController (AuthNet).
2025-07-30 08:31:35.019 +05:30 [WRN] The query uses the 'First'/'FirstOrDefault' operator without 'OrderBy' and filter operators. This may lead to unpredictable results.
2025-07-30 08:31:35.034 +05:30 [INF] Executed DbCommand (8ms) [Parameters=[], CommandType='"Text"', CommandTimeout='30']
SELECT TOP(1) [t].[Id], [t].[CGST], [t].[IGST], [t].[SGST]
FROM [TaxSettings] AS [t]
2025-07-30 08:31:35.049 +05:30 [INF] Executing OkObjectResult, writing value of type 'AuthNet.Models.DTO.TaxSettingResponseDto'.
2025-07-30 08:31:35.051 +05:30 [INF] Executed action AuthNet.Controllers.TaxSettingsController.GetAll (AuthNet) in 37.3433ms
2025-07-30 08:31:35.052 +05:30 [INF] Executed endpoint 'AuthNet.Controllers.TaxSettingsController.GetAll (AuthNet)'
2025-07-30 08:31:35.052 +05:30 [INF] Request finished HTTP/1.1 GET https://localhost:7165/api/TaxSettings - 200 null application/json; charset=utf-8 44.1143ms
2025-07-30 08:32:57.804 +05:30 [INF] User profile is available. Using 'C:\Users\Admin\AppData\Local\ASP.NET\DataProtection-Keys' as key repository and Windows DPAPI to encrypt keys at rest.
2025-07-30 08:32:58.329 +05:30 [INF] Now listening on: https://localhost:7165
2025-07-30 08:32:58.330 +05:30 [INF] Now listening on: http://localhost:5008
2025-07-30 08:32:58.470 +05:30 [INF] Application started. Press Ctrl+C to shut down.
2025-07-30 08:32:58.470 +05:30 [INF] Hosting environment: Development
2025-07-30 08:32:58.470 +05:30 [INF] Content root path: C:\Users\Admin\Source\Repos\AuthNet\AuthNet
2025-07-30 08:32:59.971 +05:30 [INF] Request starting HTTP/2 GET https://localhost:7165/swagger/index.html - null null
2025-07-30 08:33:00.528 +05:30 [INF] Request finished HTTP/2 GET https://localhost:7165/swagger/index.html - 200 null text/html;charset=utf-8 575.7077ms
2025-07-30 08:33:00.539 +05:30 [INF] Request starting HTTP/2 GET https://localhost:7165/_framework/aspnetcore-browser-refresh.js - null null
2025-07-30 08:33:00.549 +05:30 [INF] Request starting HTTP/2 GET https://localhost:7165/_vs/browserLink - null null
2025-07-30 08:33:00.551 +05:30 [INF] Request finished HTTP/2 GET https://localhost:7165/_framework/aspnetcore-browser-refresh.js - 200 16499 application/javascript; charset=utf-8 11.5282ms
2025-07-30 08:33:00.653 +05:30 [INF] Request starting HTTP/1.1 GET https://localhost:7165/api/Sales/DailyProfit - null null
2025-07-30 08:33:00.659 +05:30 [INF] Request finished HTTP/2 GET https://localhost:7165/_vs/browserLink - 200 null text/javascript; charset=UTF-8 110.3905ms
2025-07-30 08:33:00.805 +05:30 [INF] Executing endpoint 'AuthNet.Controllers.SalesController.GetDailyProfit (AuthNet)'
2025-07-30 08:33:00.834 +05:30 [INF] Request starting HTTP/2 GET https://localhost:7165/swagger/v1/swagger.json - null null
2025-07-30 08:33:00.861 +05:30 [INF] Route matched with {action = "GetDailyProfit", controller = "Sales"}. Executing controller action with signature System.Threading.Tasks.Task`1[Microsoft.AspNetCore.Mvc.IActionResult] GetDailyProfit() on controller AuthNet.Controllers.SalesController (AuthNet).
2025-07-30 08:33:00.954 +05:30 [INF] Request finished HTTP/2 GET https://localhost:7165/swagger/v1/swagger.json - 200 null application/json;charset=utf-8 120.5739ms
2025-07-30 08:33:02.683 +05:30 [WRN] No store type was specified for the decimal property 'TotalAmount' on entity type 'Order'. This will cause values to be silently truncated if they do not fit in the default precision and scale. Explicitly specify the SQL server column type that can accommodate all the values in 'OnModelCreating' using 'HasColumnType', specify precision and scale using 'HasPrecision', or configure a value converter using 'HasConversion'.
2025-07-30 08:33:02.684 +05:30 [WRN] No store type was specified for the decimal property 'UnitPrice' on entity type 'OrderItem'. This will cause values to be silently truncated if they do not fit in the default precision and scale. Explicitly specify the SQL server column type that can accommodate all the values in 'OnModelCreating' using 'HasColumnType', specify precision and scale using 'HasPrecision', or configure a value converter using 'HasConversion'.
2025-07-30 08:33:02.684 +05:30 [WRN] No store type was specified for the decimal property 'CostPrice' on entity type 'Product'. This will cause values to be silently truncated if they do not fit in the default precision and scale. Explicitly specify the SQL server column type that can accommodate all the values in 'OnModelCreating' using 'HasColumnType', specify precision and scale using 'HasPrecision', or configure a value converter using 'HasConversion'.
2025-07-30 08:33:02.684 +05:30 [WRN] No store type was specified for the decimal property 'SellPrice' on entity type 'Product'. This will cause values to be silently truncated if they do not fit in the default precision and scale. Explicitly specify the SQL server column type that can accommodate all the values in 'OnModelCreating' using 'HasColumnType', specify precision and scale using 'HasPrecision', or configure a value converter using 'HasConversion'.
2025-07-30 08:33:02.684 +05:30 [WRN] No store type was specified for the decimal property 'TotalAmount' on entity type 'PurchaseOrder'. This will cause values to be silently truncated if they do not fit in the default precision and scale. Explicitly specify the SQL server column type that can accommodate all the values in 'OnModelCreating' using 'HasColumnType', specify precision and scale using 'HasPrecision', or configure a value converter using 'HasConversion'.
2025-07-30 08:33:02.684 +05:30 [WRN] No store type was specified for the decimal property 'UnitPrice' on entity type 'PurchaseOrderItems'. This will cause values to be silently truncated if they do not fit in the default precision and scale. Explicitly specify the SQL server column type that can accommodate all the values in 'OnModelCreating' using 'HasColumnType', specify precision and scale using 'HasPrecision', or configure a value converter using 'HasConversion'.
2025-07-30 08:33:02.684 +05:30 [WRN] No store type was specified for the decimal property 'AfterTaxAmount' on entity type 'Sale'. This will cause values to be silently truncated if they do not fit in the default precision and scale. Explicitly specify the SQL server column type that can accommodate all the values in 'OnModelCreating' using 'HasColumnType', specify precision and scale using 'HasPrecision', or configure a value converter using 'HasConversion'.
2025-07-30 08:33:02.684 +05:30 [WRN] No store type was specified for the decimal property 'DiscountedAmount' on entity type 'Sale'. This will cause values to be silently truncated if they do not fit in the default precision and scale. Explicitly specify the SQL server column type that can accommodate all the values in 'OnModelCreating' using 'HasColumnType', specify precision and scale using 'HasPrecision', or configure a value converter using 'HasConversion'.
2025-07-30 08:33:02.684 +05:30 [WRN] No store type was specified for the decimal property 'PrincipalAmount' on entity type 'Sale'. This will cause values to be silently truncated if they do not fit in the default precision and scale. Explicitly specify the SQL server column type that can accommodate all the values in 'OnModelCreating' using 'HasColumnType', specify precision and scale using 'HasPrecision', or configure a value converter using 'HasConversion'.
2025-07-30 08:33:02.684 +05:30 [WRN] No store type was specified for the decimal property 'TotalAmount' on entity type 'Sale'. This will cause values to be silently truncated if they do not fit in the default precision and scale. Explicitly specify the SQL server column type that can accommodate all the values in 'OnModelCreating' using 'HasColumnType', specify precision and scale using 'HasPrecision', or configure a value converter using 'HasConversion'.
2025-07-30 08:33:02.685 +05:30 [WRN] No store type was specified for the decimal property 'TotalPrice' on entity type 'SaleItem'. This will cause values to be silently truncated if they do not fit in the default precision and scale. Explicitly specify the SQL server column type that can accommodate all the values in 'OnModelCreating' using 'HasColumnType', specify precision and scale using 'HasPrecision', or configure a value converter using 'HasConversion'.
2025-07-30 08:33:02.685 +05:30 [WRN] No store type was specified for the decimal property 'UnitPrice' on entity type 'SaleItem'. This will cause values to be silently truncated if they do not fit in the default precision and scale. Explicitly specify the SQL server column type that can accommodate all the values in 'OnModelCreating' using 'HasColumnType', specify precision and scale using 'HasPrecision', or configure a value converter using 'HasConversion'.
2025-07-30 08:33:02.690 +05:30 [WRN] No store type was specified for the decimal property 'CGST' on entity type 'TaxSetting'. This will cause values to be silently truncated if they do not fit in the default precision and scale. Explicitly specify the SQL server column type that can accommodate all the values in 'OnModelCreating' using 'HasColumnType', specify precision and scale using 'HasPrecision', or configure a value converter using 'HasConversion'.
2025-07-30 08:33:02.691 +05:30 [WRN] No store type was specified for the decimal property 'IGST' on entity type 'TaxSetting'. This will cause values to be silently truncated if they do not fit in the default precision and scale. Explicitly specify the SQL server column type that can accommodate all the values in 'OnModelCreating' using 'HasColumnType', specify precision and scale using 'HasPrecision', or configure a value converter using 'HasConversion'.
2025-07-30 08:33:02.691 +05:30 [WRN] No store type was specified for the decimal property 'SGST' on entity type 'TaxSetting'. This will cause values to be silently truncated if they do not fit in the default precision and scale. Explicitly specify the SQL server column type that can accommodate all the values in 'OnModelCreating' using 'HasColumnType', specify precision and scale using 'HasPrecision', or configure a value converter using 'HasConversion'.
2025-07-30 08:33:04.029 +05:30 [INF] Executed DbCommand (80ms) [Parameters=[@__date_Date_0='?' (DbType = DateTime2)], CommandType='"Text"', CommandTimeout='30']
SELECT [s].[Id], [s].[ProductId], [s].[ProductName], [s].[Quantity], [s].[SaleId], [s].[TotalPrice], [s].[UnitPrice], [s0].[Id], [s0].[AfterTaxAmount], [s0].[CreatedAt], [s0].[DiscountedAmount], [s0].[InvoiceDate], [s0].[InvoiceNo], [s0].[PrincipalAmount], [s0].[Template], [s0].[TotalAmount]
FROM [SaleItems] AS [s]
INNER JOIN [Sales] AS [s0] ON [s].[SaleId] = [s0].[Id]
WHERE CONVERT(date, [s0].[InvoiceDate]) = @__date_Date_0
2025-07-30 08:33:04.191 +05:30 [INF] Executed DbCommand (16ms) [Parameters=[@__productIds_0='?' (Size = 4000)], CommandType='"Text"', CommandTimeout='30']
SELECT [p].[ProductId], [p].[CategoryId], [p].[CostPrice], [p].[Description], [p].[Name], [p].[ProductCode], [p].[ProductKey], [p].[SellPrice], [p].[SupplierId]
FROM [Products] AS [p]
WHERE [p].[ProductId] IN (
    SELECT [p0].[value]
    FROM OPENJSON(@__productIds_0) WITH ([value] int '$') AS [p0]
)
2025-07-30 08:33:04.201 +05:30 [INF] Executing OkObjectResult, writing value of type 'AuthNet.Models.DTO.DailyProfitDto'.
2025-07-30 08:33:04.245 +05:30 [INF] Executed action AuthNet.Controllers.SalesController.GetDailyProfit (AuthNet) in 3378.9823ms
2025-07-30 08:33:04.245 +05:30 [INF] Executed endpoint 'AuthNet.Controllers.SalesController.GetDailyProfit (AuthNet)'
2025-07-30 08:33:04.259 +05:30 [INF] Request finished HTTP/1.1 GET https://localhost:7165/api/Sales/DailyProfit - 200 null application/json; charset=utf-8 3609.6408ms
2025-07-30 08:33:04.293 +05:30 [INF] Request starting HTTP/1.1 GET https://localhost:7165/api/Sales/CurrentMonthProfit - null null
2025-07-30 08:33:04.307 +05:30 [INF] Executing endpoint 'AuthNet.Controllers.SalesController.GetCurrentMonthProfit (AuthNet)'
2025-07-30 08:33:04.316 +05:30 [INF] Route matched with {action = "GetCurrentMonthProfit", controller = "Sales"}. Executing controller action with signature System.Threading.Tasks.Task`1[Microsoft.AspNetCore.Mvc.IActionResult] GetCurrentMonthProfit() on controller AuthNet.Controllers.SalesController (AuthNet).
2025-07-30 08:33:04.400 +05:30 [INF] Executed DbCommand (8ms) [Parameters=[@__currentYear_0='?' (DbType = Int32), @__currentMonth_1='?' (DbType = Int32)], CommandType='"Text"', CommandTimeout='30']
SELECT [s].[Id], [s].[ProductId], [s].[ProductName], [s].[Quantity], [s].[SaleId], [s].[TotalPrice], [s].[UnitPrice], [s0].[Id], [s0].[AfterTaxAmount], [s0].[CreatedAt], [s0].[DiscountedAmount], [s0].[InvoiceDate], [s0].[InvoiceNo], [s0].[PrincipalAmount], [s0].[Template], [s0].[TotalAmount]
FROM [SaleItems] AS [s]
INNER JOIN [Sales] AS [s0] ON [s].[SaleId] = [s0].[Id]
WHERE DATEPART(year, [s0].[InvoiceDate]) = @__currentYear_0 AND DATEPART(month, [s0].[InvoiceDate]) = @__currentMonth_1
2025-07-30 08:33:04.530 +05:30 [INF] Executed DbCommand (7ms) [Parameters=[@__productIds_0='?' (Size = 4000)], CommandType='"Text"', CommandTimeout='30']
SELECT [p].[ProductId], [p].[CategoryId], [p].[CostPrice], [p].[Description], [p].[Name], [p].[ProductCode], [p].[ProductKey], [p].[SellPrice], [p].[SupplierId]
FROM [Products] AS [p]
WHERE [p].[ProductId] IN (
    SELECT [p0].[value]
    FROM OPENJSON(@__productIds_0) WITH ([value] int '$') AS [p0]
)
2025-07-30 08:33:04.590 +05:30 [INF] Executing OkObjectResult, writing value of type 'AuthNet.Models.DTO.MonthlyProfitDto'.
2025-07-30 08:33:04.592 +05:30 [INF] Executed action AuthNet.Controllers.SalesController.GetCurrentMonthProfit (AuthNet) in 276.4825ms
2025-07-30 08:33:04.593 +05:30 [INF] Executed endpoint 'AuthNet.Controllers.SalesController.GetCurrentMonthProfit (AuthNet)'
2025-07-30 08:33:04.594 +05:30 [INF] Request finished HTTP/1.1 GET https://localhost:7165/api/Sales/CurrentMonthProfit - 200 null application/json; charset=utf-8 300.1598ms
2025-07-30 08:33:04.614 +05:30 [INF] Request starting HTTP/1.1 GET https://localhost:7165/api/Sales/CurrentYearProfit - null null
2025-07-30 08:33:04.617 +05:30 [INF] Executing endpoint 'AuthNet.Controllers.SalesController.GetCurrentYearProfit (AuthNet)'
2025-07-30 08:33:04.627 +05:30 [INF] Route matched with {action = "GetCurrentYearProfit", controller = "Sales"}. Executing controller action with signature System.Threading.Tasks.Task`1[Microsoft.AspNetCore.Mvc.IActionResult] GetCurrentYearProfit() on controller AuthNet.Controllers.SalesController (AuthNet).
2025-07-30 08:33:04.731 +05:30 [INF] Executed DbCommand (6ms) [Parameters=[@__currentYear_0='?' (DbType = Int32)], CommandType='"Text"', CommandTimeout='30']
SELECT [s].[Id], [s].[ProductId], [s].[ProductName], [s].[Quantity], [s].[SaleId], [s].[TotalPrice], [s].[UnitPrice], [s0].[Id], [s0].[AfterTaxAmount], [s0].[CreatedAt], [s0].[DiscountedAmount], [s0].[InvoiceDate], [s0].[InvoiceNo], [s0].[PrincipalAmount], [s0].[Template], [s0].[TotalAmount]
FROM [SaleItems] AS [s]
INNER JOIN [Sales] AS [s0] ON [s].[SaleId] = [s0].[Id]
WHERE DATEPART(year, [s0].[InvoiceDate]) = @__currentYear_0
2025-07-30 08:33:04.739 +05:30 [INF] Executed DbCommand (6ms) [Parameters=[@__productIds_0='?' (Size = 4000)], CommandType='"Text"', CommandTimeout='30']
SELECT [p].[ProductId], [p].[CategoryId], [p].[CostPrice], [p].[Description], [p].[Name], [p].[ProductCode], [p].[ProductKey], [p].[SellPrice], [p].[SupplierId]
FROM [Products] AS [p]
WHERE [p].[ProductId] IN (
    SELECT [p0].[value]
    FROM OPENJSON(@__productIds_0) WITH ([value] int '$') AS [p0]
)
2025-07-30 08:33:04.740 +05:30 [INF] Executing OkObjectResult, writing value of type 'AuthNet.Models.DTO.YearlyProfitDto'.
2025-07-30 08:33:04.741 +05:30 [INF] Executed action AuthNet.Controllers.SalesController.GetCurrentYearProfit (AuthNet) in 113.6078ms
2025-07-30 08:33:04.741 +05:30 [INF] Executed endpoint 'AuthNet.Controllers.SalesController.GetCurrentYearProfit (AuthNet)'
2025-07-30 08:33:04.742 +05:30 [INF] Request finished HTTP/1.1 GET https://localhost:7165/api/Sales/CurrentYearProfit - 200 null application/json; charset=utf-8 128.333ms
2025-07-30 08:33:04.762 +05:30 [INF] Request starting HTTP/1.1 GET https://localhost:7165/api/Products/count - null null
2025-07-30 08:33:04.763 +05:30 [INF] Executing endpoint 'AuthNet.Controllers.ProductsController.GetProductCount (AuthNet)'
2025-07-30 08:33:04.772 +05:30 [INF] Route matched with {action = "GetProductCount", controller = "Products"}. Executing controller action with signature System.Threading.Tasks.Task`1[Microsoft.AspNetCore.Mvc.IActionResult] GetProductCount() on controller AuthNet.Controllers.ProductsController (AuthNet).
2025-07-30 08:33:04.824 +05:30 [INF] Executed DbCommand (12ms) [Parameters=[], CommandType='"Text"', CommandTimeout='30']
SELECT COUNT(*)
FROM [Products] AS [p]
2025-07-30 08:33:04.829 +05:30 [INF] Executing OkObjectResult, writing value of type 'System.Int32'.
2025-07-30 08:33:04.833 +05:30 [INF] Executed action AuthNet.Controllers.ProductsController.GetProductCount (AuthNet) in 58.2764ms
2025-07-30 08:33:04.833 +05:30 [INF] Executed endpoint 'AuthNet.Controllers.ProductsController.GetProductCount (AuthNet)'
2025-07-30 08:33:04.834 +05:30 [INF] Request finished HTTP/1.1 GET https://localhost:7165/api/Products/count - 200 null application/json; charset=utf-8 72.4681ms
2025-07-30 08:33:04.856 +05:30 [INF] Request starting HTTP/1.1 GET https://localhost:7165/api/Suppliers/count - null null
2025-07-30 08:33:04.857 +05:30 [INF] Executing endpoint 'AuthNet.Controllers.SuppliersController.GetSupplierCount (AuthNet)'
2025-07-30 08:33:04.863 +05:30 [INF] Route matched with {action = "GetSupplierCount", controller = "Suppliers"}. Executing controller action with signature System.Threading.Tasks.Task`1[Microsoft.AspNetCore.Mvc.IActionResult] GetSupplierCount() on controller AuthNet.Controllers.SuppliersController (AuthNet).
2025-07-30 08:33:04.876 +05:30 [INF] Executed DbCommand (6ms) [Parameters=[], CommandType='"Text"', CommandTimeout='30']
SELECT COUNT(*)
FROM [Suppliers] AS [s]
2025-07-30 08:33:04.877 +05:30 [INF] Executing OkObjectResult, writing value of type 'System.Int32'.
2025-07-30 08:33:04.877 +05:30 [INF] Executed action AuthNet.Controllers.SuppliersController.GetSupplierCount (AuthNet) in 14.4556ms
2025-07-30 08:33:04.877 +05:30 [INF] Executed endpoint 'AuthNet.Controllers.SuppliersController.GetSupplierCount (AuthNet)'
2025-07-30 08:33:04.878 +05:30 [INF] Request finished HTTP/1.1 GET https://localhost:7165/api/Suppliers/count - 200 null application/json; charset=utf-8 21.3552ms
2025-07-30 08:33:04.896 +05:30 [INF] Request starting HTTP/1.1 GET https://localhost:7165/api/Categories/count - null null
2025-07-30 08:33:04.897 +05:30 [INF] Executing endpoint 'AuthNet.Controllers.CategoriesController.GetCategoryCount (AuthNet)'
2025-07-30 08:33:04.907 +05:30 [INF] Route matched with {action = "GetCategoryCount", controller = "Categories"}. Executing controller action with signature System.Threading.Tasks.Task`1[Microsoft.AspNetCore.Mvc.IActionResult] GetCategoryCount() on controller AuthNet.Controllers.CategoriesController (AuthNet).
2025-07-30 08:33:04.919 +05:30 [INF] Executed DbCommand (4ms) [Parameters=[], CommandType='"Text"', CommandTimeout='30']
SELECT COUNT(*)
FROM [Categories] AS [c]
2025-07-30 08:33:04.920 +05:30 [INF] Executing OkObjectResult, writing value of type 'System.Int32'.
2025-07-30 08:33:04.920 +05:30 [INF] Executed action AuthNet.Controllers.CategoriesController.GetCategoryCount (AuthNet) in 13.7146ms
2025-07-30 08:33:04.921 +05:30 [INF] Executed endpoint 'AuthNet.Controllers.CategoriesController.GetCategoryCount (AuthNet)'
2025-07-30 08:33:04.921 +05:30 [INF] Request finished HTTP/1.1 GET https://localhost:7165/api/Categories/count - 200 null application/json; charset=utf-8 24.8801ms
2025-07-30 08:33:04.933 +05:30 [INF] Request starting HTTP/1.1 GET https://localhost:7165/api/Orders/count - null null
2025-07-30 08:33:04.934 +05:30 [INF] Executing endpoint 'AuthNet.Controllers.OrdersController.GetOrderCount (AuthNet)'
2025-07-30 08:33:04.940 +05:30 [INF] Route matched with {action = "GetOrderCount", controller = "Orders"}. Executing controller action with signature System.Threading.Tasks.Task`1[Microsoft.AspNetCore.Mvc.IActionResult] GetOrderCount() on controller AuthNet.Controllers.OrdersController (AuthNet).
2025-07-30 08:33:04.952 +05:30 [INF] Executed DbCommand (4ms) [Parameters=[], CommandType='"Text"', CommandTimeout='30']
SELECT COUNT(*)
FROM [Orders] AS [o]
2025-07-30 08:33:04.954 +05:30 [INF] Executing OkObjectResult, writing value of type 'System.Int32'.
2025-07-30 08:33:04.955 +05:30 [INF] Executed action AuthNet.Controllers.OrdersController.GetOrderCount (AuthNet) in 14.6664ms
2025-07-30 08:33:04.956 +05:30 [INF] Executed endpoint 'AuthNet.Controllers.OrdersController.GetOrderCount (AuthNet)'
2025-07-30 08:33:04.956 +05:30 [INF] Request finished HTTP/1.1 GET https://localhost:7165/api/Orders/count - 200 null application/json; charset=utf-8 23.2786ms
2025-07-30 08:33:04.972 +05:30 [INF] Request starting HTTP/1.1 GET https://localhost:7165/api/Customers/count - null null
2025-07-30 08:33:04.973 +05:30 [INF] Executing endpoint 'AuthNet.Controllers.CustomersController.GetCustomerCount (AuthNet)'
2025-07-30 08:33:04.982 +05:30 [INF] Route matched with {action = "GetCustomerCount", controller = "Customers"}. Executing controller action with signature System.Threading.Tasks.Task`1[Microsoft.AspNetCore.Mvc.IActionResult] GetCustomerCount() on controller AuthNet.Controllers.CustomersController (AuthNet).
2025-07-30 08:33:05.000 +05:30 [INF] Executed DbCommand (6ms) [Parameters=[], CommandType='"Text"', CommandTimeout='30']
SELECT COUNT(*)
FROM [Customers] AS [c]
2025-07-30 08:33:05.000 +05:30 [INF] Executing OkObjectResult, writing value of type 'System.Int32'.
2025-07-30 08:33:05.000 +05:30 [INF] Executed action AuthNet.Controllers.CustomersController.GetCustomerCount (AuthNet) in 17.8514ms
2025-07-30 08:33:05.000 +05:30 [INF] Executed endpoint 'AuthNet.Controllers.CustomersController.GetCustomerCount (AuthNet)'
2025-07-30 08:33:05.001 +05:30 [INF] Request finished HTTP/1.1 GET https://localhost:7165/api/Customers/count - 200 null application/json; charset=utf-8 28.8665ms
2025-07-30 08:33:05.016 +05:30 [INF] Request starting HTTP/1.1 GET https://localhost:7165/api/Tasks - null null
2025-07-30 08:33:05.017 +05:30 [INF] Executing endpoint 'AuthNet.Controllers.TasksController.GetTasks (AuthNet)'
2025-07-30 08:33:05.022 +05:30 [INF] Route matched with {action = "GetTasks", controller = "Tasks"}. Executing controller action with signature Microsoft.AspNetCore.Mvc.IActionResult GetTasks() on controller AuthNet.Controllers.TasksController (AuthNet).
2025-07-30 08:33:05.057 +05:30 [INF] Executed DbCommand (5ms) [Parameters=[], CommandType='"Text"', CommandTimeout='30']
SELECT [t].[Id], [t].[Title], [t].[DueDate]
FROM [Tasks] AS [t]
2025-07-30 08:33:05.062 +05:30 [INF] Executing OkObjectResult, writing value of type 'System.Collections.Generic.List`1[[AuthNet.Models.DTO.TaskItemDto, AuthNet, Version=1.0.0.0, Culture=neutral, PublicKeyToken=null]]'.
2025-07-30 08:33:05.069 +05:30 [INF] Executed action AuthNet.Controllers.TasksController.GetTasks (AuthNet) in 47.0784ms
2025-07-30 08:33:05.069 +05:30 [INF] Executed endpoint 'AuthNet.Controllers.TasksController.GetTasks (AuthNet)'
2025-07-30 08:33:05.070 +05:30 [INF] Request finished HTTP/1.1 GET https://localhost:7165/api/Tasks - 200 null application/json; charset=utf-8 53.7259ms
2025-07-30 08:33:05.095 +05:30 [INF] Request starting HTTP/1.1 GET https://localhost:7165/api/Settings/Get - null null
2025-07-30 08:33:05.096 +05:30 [INF] Executing endpoint 'AuthNet.Controllers.SettingsController.GetCompanyInfo (AuthNet)'
2025-07-30 08:33:05.100 +05:30 [INF] Route matched with {action = "GetCompanyInfo", controller = "Settings"}. Executing controller action with signature System.Threading.Tasks.Task`1[Microsoft.AspNetCore.Mvc.IActionResult] GetCompanyInfo() on controller AuthNet.Controllers.SettingsController (AuthNet).
2025-07-30 08:33:05.111 +05:30 [WRN] The query uses the 'First'/'FirstOrDefault' operator without 'OrderBy' and filter operators. This may lead to unpredictable results.
2025-07-30 08:33:05.126 +05:30 [INF] Executed DbCommand (6ms) [Parameters=[], CommandType='"Text"', CommandTimeout='30']
SELECT TOP(1) [c].[Id], [c].[Address], [c].[AlternateContactNumber], [c].[ContactNumber], [c].[Email], [c].[GSTIN], [c].[LogoFileExtension], [c].[LogoFilePath], [c].[LogoFileSizeInBytes], [c].[LogoName], [c].[Name], [c].[SignFileExtension], [c].[SignFilePath], [c].[SignFileSizeInBytes], [c].[SignName]
FROM [CompanyInfos] AS [c]
2025-07-30 08:33:05.174 +05:30 [INF] Executing OkObjectResult, writing value of type 'AuthNet.Models.DTO.CompanyInfoResponseDto'.
2025-07-30 08:33:05.177 +05:30 [INF] Executed action AuthNet.Controllers.SettingsController.GetCompanyInfo (AuthNet) in 76.6157ms
2025-07-30 08:33:05.177 +05:30 [INF] Executed endpoint 'AuthNet.Controllers.SettingsController.GetCompanyInfo (AuthNet)'
2025-07-30 08:33:05.177 +05:30 [INF] Request finished HTTP/1.1 GET https://localhost:7165/api/Settings/Get - 200 null application/json; charset=utf-8 82.9316ms
2025-07-30 08:33:05.970 +05:30 [INF] Request starting HTTP/2 GET https://localhost:7165/api/Products/CategoryWiseProductCount - null null
2025-07-30 08:33:05.970 +05:30 [INF] Request starting HTTP/2 GET https://localhost:7165/api/Sales/WeeklyProfit - null null
2025-07-30 08:33:05.974 +05:30 [INF] CORS policy execution successful.
2025-07-30 08:33:05.974 +05:30 [INF] CORS policy execution successful.
2025-07-30 08:33:05.975 +05:30 [INF] Executing endpoint 'AuthNet.Controllers.SalesController.GetWeeklyProfit (AuthNet)'
2025-07-30 08:33:05.975 +05:30 [INF] Executing endpoint 'AuthNet.Controllers.ProductsController.GetCategoryWiseProductCount (AuthNet)'
2025-07-30 08:33:05.981 +05:30 [INF] Route matched with {action = "GetCategoryWiseProductCount", controller = "Products"}. Executing controller action with signature System.Threading.Tasks.Task`1[Microsoft.AspNetCore.Mvc.IActionResult] GetCategoryWiseProductCount() on controller AuthNet.Controllers.ProductsController (AuthNet).
2025-07-30 08:33:05.981 +05:30 [INF] Route matched with {action = "GetWeeklyProfit", controller = "Sales"}. Executing controller action with signature System.Threading.Tasks.Task`1[Microsoft.AspNetCore.Mvc.IActionResult] GetWeeklyProfit() on controller AuthNet.Controllers.SalesController (AuthNet).
2025-07-30 08:33:06.012 +05:30 [INF] Executed DbCommand (9ms) [Parameters=[@__startDate_0='?' (DbType = DateTime2), @__endDate_1='?' (DbType = DateTime2)], CommandType='"Text"', CommandTimeout='30']
SELECT [s].[Id], [s].[ProductId], [s].[ProductName], [s].[Quantity], [s].[SaleId], [s].[TotalPrice], [s].[UnitPrice], [s0].[Id], [s0].[AfterTaxAmount], [s0].[CreatedAt], [s0].[DiscountedAmount], [s0].[InvoiceDate], [s0].[InvoiceNo], [s0].[PrincipalAmount], [s0].[Template], [s0].[TotalAmount]
FROM [SaleItems] AS [s]
INNER JOIN [Sales] AS [s0] ON [s].[SaleId] = [s0].[Id]
WHERE CONVERT(date, [s0].[InvoiceDate]) >= @__startDate_0 AND CONVERT(date, [s0].[InvoiceDate]) <= @__endDate_1
2025-07-30 08:33:06.029 +05:30 [INF] Executed DbCommand (13ms) [Parameters=[@__productIds_0='?' (Size = 4000)], CommandType='"Text"', CommandTimeout='30']
SELECT [p].[ProductId], [p].[CategoryId], [p].[CostPrice], [p].[Description], [p].[Name], [p].[ProductCode], [p].[ProductKey], [p].[SellPrice], [p].[SupplierId]
FROM [Products] AS [p]
WHERE [p].[ProductId] IN (
    SELECT [p0].[value]
    FROM OPENJSON(@__productIds_0) WITH ([value] int '$') AS [p0]
)
2025-07-30 08:33:06.048 +05:30 [INF] Executing OkObjectResult, writing value of type 'System.Collections.Generic.List`1[[AuthNet.Models.DTO.DailyProfitDto, AuthNet, Version=1.0.0.0, Culture=neutral, PublicKeyToken=null]]'.
2025-07-30 08:33:06.050 +05:30 [INF] Executed action AuthNet.Controllers.SalesController.GetWeeklyProfit (AuthNet) in 68.6604ms
2025-07-30 08:33:06.050 +05:30 [INF] Executed endpoint 'AuthNet.Controllers.SalesController.GetWeeklyProfit (AuthNet)'
2025-07-30 08:33:06.051 +05:30 [INF] Request finished HTTP/2 GET https://localhost:7165/api/Sales/WeeklyProfit - 200 null application/json; charset=utf-8 81.2056ms
2025-07-30 08:33:06.148 +05:30 [INF] Executed DbCommand (52ms) [Parameters=[], CommandType='"Text"', CommandTimeout='30']
SELECT [c].[Name] AS [CategoryName], COUNT(*) AS [ProductCount]
FROM [Products] AS [p]
LEFT JOIN [Categories] AS [c] ON [p].[CategoryId] = [c].[CategoryId]
WHERE [c].[CategoryId] IS NOT NULL
GROUP BY [c].[Name]
2025-07-30 08:33:06.150 +05:30 [INF] Executing OkObjectResult, writing value of type 'System.Collections.Generic.List`1[[AuthNet.Models.DTO.CategoryProductCountDto, AuthNet, Version=1.0.0.0, Culture=neutral, PublicKeyToken=null]]'.
2025-07-30 08:33:06.154 +05:30 [INF] Executed action AuthNet.Controllers.ProductsController.GetCategoryWiseProductCount (AuthNet) in 172.8117ms
2025-07-30 08:33:06.155 +05:30 [INF] Executed endpoint 'AuthNet.Controllers.ProductsController.GetCategoryWiseProductCount (AuthNet)'
2025-07-30 08:33:06.155 +05:30 [INF] Request finished HTTP/2 GET https://localhost:7165/api/Products/CategoryWiseProductCount - 200 null application/json; charset=utf-8 185.3155ms
2025-07-30 08:33:10.134 +05:30 [INF] Request starting HTTP/1.1 POST https://localhost:7165/api/Auth/login - application/json; charset=utf-8 null
2025-07-30 08:33:10.138 +05:30 [INF] Executing endpoint 'AuthNet.Controllers.AuthController.Login (AuthNet)'
2025-07-30 08:33:10.148 +05:30 [INF] Route matched with {action = "Login", controller = "Auth"}. Executing controller action with signature System.Threading.Tasks.Task`1[Microsoft.AspNetCore.Mvc.IActionResult] Login(AuthNet.Models.DTO.LoginDto) on controller AuthNet.Controllers.AuthController (AuthNet).
2025-07-30 08:33:10.240 +05:30 [INF] Executed DbCommand (8ms) [Parameters=[@__username_0='?' (Size = 100)], CommandType='"Text"', CommandTimeout='30']
SELECT TOP(1) [u].[UserId], [u].[CreatedAt], [u].[Email], [u].[Firstname], [u].[Lastname], [u].[PasswordHash], [u].[Role], [u].[Username]
FROM [Users] AS [u]
WHERE [u].[Username] = @__username_0
2025-07-30 08:33:10.897 +05:30 [INF] Executing OkObjectResult, writing value of type 'AuthNet.Models.DTO.ServiceResponse`1[[AuthNet.Models.DTO.LoginResponseDto, AuthNet, Version=1.0.0.0, Culture=neutral, PublicKeyToken=null]]'.
2025-07-30 08:33:10.900 +05:30 [INF] Executed action AuthNet.Controllers.AuthController.Login (AuthNet) in 752.5302ms
2025-07-30 08:33:10.900 +05:30 [INF] Executed endpoint 'AuthNet.Controllers.AuthController.Login (AuthNet)'
2025-07-30 08:33:10.901 +05:30 [INF] Request finished HTTP/1.1 POST https://localhost:7165/api/Auth/login - 200 null application/json; charset=utf-8 767.5567ms
2025-07-30 08:33:10.924 +05:30 [INF] Request starting HTTP/1.1 GET https://localhost:7165/api/Sales/DailyProfit - null null
2025-07-30 08:33:10.925 +05:30 [INF] Executing endpoint 'AuthNet.Controllers.SalesController.GetDailyProfit (AuthNet)'
2025-07-30 08:33:10.925 +05:30 [INF] Route matched with {action = "GetDailyProfit", controller = "Sales"}. Executing controller action with signature System.Threading.Tasks.Task`1[Microsoft.AspNetCore.Mvc.IActionResult] GetDailyProfit() on controller AuthNet.Controllers.SalesController (AuthNet).
2025-07-30 08:33:10.934 +05:30 [INF] Executed DbCommand (6ms) [Parameters=[@__date_Date_0='?' (DbType = DateTime2)], CommandType='"Text"', CommandTimeout='30']
SELECT [s].[Id], [s].[ProductId], [s].[ProductName], [s].[Quantity], [s].[SaleId], [s].[TotalPrice], [s].[UnitPrice], [s0].[Id], [s0].[AfterTaxAmount], [s0].[CreatedAt], [s0].[DiscountedAmount], [s0].[InvoiceDate], [s0].[InvoiceNo], [s0].[PrincipalAmount], [s0].[Template], [s0].[TotalAmount]
FROM [SaleItems] AS [s]
INNER JOIN [Sales] AS [s0] ON [s].[SaleId] = [s0].[Id]
WHERE CONVERT(date, [s0].[InvoiceDate]) = @__date_Date_0
2025-07-30 08:33:10.942 +05:30 [INF] Executed DbCommand (7ms) [Parameters=[@__productIds_0='?' (Size = 4000)], CommandType='"Text"', CommandTimeout='30']
SELECT [p].[ProductId], [p].[CategoryId], [p].[CostPrice], [p].[Description], [p].[Name], [p].[ProductCode], [p].[ProductKey], [p].[SellPrice], [p].[SupplierId]
FROM [Products] AS [p]
WHERE [p].[ProductId] IN (
    SELECT [p0].[value]
    FROM OPENJSON(@__productIds_0) WITH ([value] int '$') AS [p0]
)
2025-07-30 08:33:10.942 +05:30 [INF] Executing OkObjectResult, writing value of type 'AuthNet.Models.DTO.DailyProfitDto'.
2025-07-30 08:33:10.943 +05:30 [INF] Executed action AuthNet.Controllers.SalesController.GetDailyProfit (AuthNet) in 17.3236ms
2025-07-30 08:33:10.943 +05:30 [INF] Executed endpoint 'AuthNet.Controllers.SalesController.GetDailyProfit (AuthNet)'
2025-07-30 08:33:10.943 +05:30 [INF] Request finished HTTP/1.1 GET https://localhost:7165/api/Sales/DailyProfit - 200 null application/json; charset=utf-8 19.1128ms
2025-07-30 08:33:10.958 +05:30 [INF] Request starting HTTP/1.1 GET https://localhost:7165/api/Sales/CurrentMonthProfit - null null
2025-07-30 08:33:10.959 +05:30 [INF] Executing endpoint 'AuthNet.Controllers.SalesController.GetCurrentMonthProfit (AuthNet)'
2025-07-30 08:33:10.959 +05:30 [INF] Route matched with {action = "GetCurrentMonthProfit", controller = "Sales"}. Executing controller action with signature System.Threading.Tasks.Task`1[Microsoft.AspNetCore.Mvc.IActionResult] GetCurrentMonthProfit() on controller AuthNet.Controllers.SalesController (AuthNet).
2025-07-30 08:33:10.967 +05:30 [INF] Executed DbCommand (6ms) [Parameters=[@__currentYear_0='?' (DbType = Int32), @__currentMonth_1='?' (DbType = Int32)], CommandType='"Text"', CommandTimeout='30']
SELECT [s].[Id], [s].[ProductId], [s].[ProductName], [s].[Quantity], [s].[SaleId], [s].[TotalPrice], [s].[UnitPrice], [s0].[Id], [s0].[AfterTaxAmount], [s0].[CreatedAt], [s0].[DiscountedAmount], [s0].[InvoiceDate], [s0].[InvoiceNo], [s0].[PrincipalAmount], [s0].[Template], [s0].[TotalAmount]
FROM [SaleItems] AS [s]
INNER JOIN [Sales] AS [s0] ON [s].[SaleId] = [s0].[Id]
WHERE DATEPART(year, [s0].[InvoiceDate]) = @__currentYear_0 AND DATEPART(month, [s0].[InvoiceDate]) = @__currentMonth_1
2025-07-30 08:33:10.977 +05:30 [INF] Executed DbCommand (7ms) [Parameters=[@__productIds_0='?' (Size = 4000)], CommandType='"Text"', CommandTimeout='30']
SELECT [p].[ProductId], [p].[CategoryId], [p].[CostPrice], [p].[Description], [p].[Name], [p].[ProductCode], [p].[ProductKey], [p].[SellPrice], [p].[SupplierId]
FROM [Products] AS [p]
WHERE [p].[ProductId] IN (
    SELECT [p0].[value]
    FROM OPENJSON(@__productIds_0) WITH ([value] int '$') AS [p0]
)
2025-07-30 08:33:10.979 +05:30 [INF] Executing OkObjectResult, writing value of type 'AuthNet.Models.DTO.MonthlyProfitDto'.
2025-07-30 08:33:10.979 +05:30 [INF] Executed action AuthNet.Controllers.SalesController.GetCurrentMonthProfit (AuthNet) in 20.0419ms
2025-07-30 08:33:10.979 +05:30 [INF] Executed endpoint 'AuthNet.Controllers.SalesController.GetCurrentMonthProfit (AuthNet)'
2025-07-30 08:33:10.980 +05:30 [INF] Request finished HTTP/1.1 GET https://localhost:7165/api/Sales/CurrentMonthProfit - 200 null application/json; charset=utf-8 21.7077ms
2025-07-30 08:33:11.000 +05:30 [INF] Request starting HTTP/1.1 GET https://localhost:7165/api/Sales/CurrentYearProfit - null null
2025-07-30 08:33:11.001 +05:30 [INF] Executing endpoint 'AuthNet.Controllers.SalesController.GetCurrentYearProfit (AuthNet)'
2025-07-30 08:33:11.001 +05:30 [INF] Route matched with {action = "GetCurrentYearProfit", controller = "Sales"}. Executing controller action with signature System.Threading.Tasks.Task`1[Microsoft.AspNetCore.Mvc.IActionResult] GetCurrentYearProfit() on controller AuthNet.Controllers.SalesController (AuthNet).
2025-07-30 08:33:11.010 +05:30 [INF] Executed DbCommand (6ms) [Parameters=[@__currentYear_0='?' (DbType = Int32)], CommandType='"Text"', CommandTimeout='30']
SELECT [s].[Id], [s].[ProductId], [s].[ProductName], [s].[Quantity], [s].[SaleId], [s].[TotalPrice], [s].[UnitPrice], [s0].[Id], [s0].[AfterTaxAmount], [s0].[CreatedAt], [s0].[DiscountedAmount], [s0].[InvoiceDate], [s0].[InvoiceNo], [s0].[PrincipalAmount], [s0].[Template], [s0].[TotalAmount]
FROM [SaleItems] AS [s]
INNER JOIN [Sales] AS [s0] ON [s].[SaleId] = [s0].[Id]
WHERE DATEPART(year, [s0].[InvoiceDate]) = @__currentYear_0
2025-07-30 08:33:11.019 +05:30 [INF] Executed DbCommand (7ms) [Parameters=[@__productIds_0='?' (Size = 4000)], CommandType='"Text"', CommandTimeout='30']
SELECT [p].[ProductId], [p].[CategoryId], [p].[CostPrice], [p].[Description], [p].[Name], [p].[ProductCode], [p].[ProductKey], [p].[SellPrice], [p].[SupplierId]
FROM [Products] AS [p]
WHERE [p].[ProductId] IN (
    SELECT [p0].[value]
    FROM OPENJSON(@__productIds_0) WITH ([value] int '$') AS [p0]
)
2025-07-30 08:33:11.020 +05:30 [INF] Executing OkObjectResult, writing value of type 'AuthNet.Models.DTO.YearlyProfitDto'.
2025-07-30 08:33:11.021 +05:30 [INF] Executed action AuthNet.Controllers.SalesController.GetCurrentYearProfit (AuthNet) in 19.2409ms
2025-07-30 08:33:11.021 +05:30 [INF] Executed endpoint 'AuthNet.Controllers.SalesController.GetCurrentYearProfit (AuthNet)'
2025-07-30 08:33:11.021 +05:30 [INF] Request finished HTTP/1.1 GET https://localhost:7165/api/Sales/CurrentYearProfit - 200 null application/json; charset=utf-8 21.5923ms
2025-07-30 08:33:11.037 +05:30 [INF] Request starting HTTP/1.1 GET https://localhost:7165/api/Products/count - null null
2025-07-30 08:33:11.037 +05:30 [INF] Executing endpoint 'AuthNet.Controllers.ProductsController.GetProductCount (AuthNet)'
2025-07-30 08:33:11.038 +05:30 [INF] Route matched with {action = "GetProductCount", controller = "Products"}. Executing controller action with signature System.Threading.Tasks.Task`1[Microsoft.AspNetCore.Mvc.IActionResult] GetProductCount() on controller AuthNet.Controllers.ProductsController (AuthNet).
2025-07-30 08:33:11.046 +05:30 [INF] Executed DbCommand (5ms) [Parameters=[], CommandType='"Text"', CommandTimeout='30']
SELECT COUNT(*)
FROM [Products] AS [p]
2025-07-30 08:33:11.048 +05:30 [INF] Executing OkObjectResult, writing value of type 'System.Int32'.
2025-07-30 08:33:11.048 +05:30 [INF] Executed action AuthNet.Controllers.ProductsController.GetProductCount (AuthNet) in 10.3868ms
2025-07-30 08:33:11.048 +05:30 [INF] Executed endpoint 'AuthNet.Controllers.ProductsController.GetProductCount (AuthNet)'
2025-07-30 08:33:11.049 +05:30 [INF] Request finished HTTP/1.1 GET https://localhost:7165/api/Products/count - 200 null application/json; charset=utf-8 12.5413ms
2025-07-30 08:33:11.074 +05:30 [INF] Request starting HTTP/1.1 GET https://localhost:7165/api/Suppliers/count - null null
2025-07-30 08:33:11.075 +05:30 [INF] Executing endpoint 'AuthNet.Controllers.SuppliersController.GetSupplierCount (AuthNet)'
2025-07-30 08:33:11.075 +05:30 [INF] Route matched with {action = "GetSupplierCount", controller = "Suppliers"}. Executing controller action with signature System.Threading.Tasks.Task`1[Microsoft.AspNetCore.Mvc.IActionResult] GetSupplierCount() on controller AuthNet.Controllers.SuppliersController (AuthNet).
2025-07-30 08:33:11.080 +05:30 [INF] Executed DbCommand (3ms) [Parameters=[], CommandType='"Text"', CommandTimeout='30']
SELECT COUNT(*)
FROM [Suppliers] AS [s]
2025-07-30 08:33:11.080 +05:30 [INF] Executing OkObjectResult, writing value of type 'System.Int32'.
2025-07-30 08:33:11.081 +05:30 [INF] Executed action AuthNet.Controllers.SuppliersController.GetSupplierCount (AuthNet) in 5.5696ms
2025-07-30 08:33:11.081 +05:30 [INF] Executed endpoint 'AuthNet.Controllers.SuppliersController.GetSupplierCount (AuthNet)'
2025-07-30 08:33:11.082 +05:30 [INF] Request finished HTTP/1.1 GET https://localhost:7165/api/Suppliers/count - 200 null application/json; charset=utf-8 7.4212ms
2025-07-30 08:33:11.099 +05:30 [INF] Request starting HTTP/1.1 GET https://localhost:7165/api/Categories/count - null null
2025-07-30 08:33:11.100 +05:30 [INF] Executing endpoint 'AuthNet.Controllers.CategoriesController.GetCategoryCount (AuthNet)'
2025-07-30 08:33:11.100 +05:30 [INF] Route matched with {action = "GetCategoryCount", controller = "Categories"}. Executing controller action with signature System.Threading.Tasks.Task`1[Microsoft.AspNetCore.Mvc.IActionResult] GetCategoryCount() on controller AuthNet.Controllers.CategoriesController (AuthNet).
2025-07-30 08:33:11.105 +05:30 [INF] Executed DbCommand (3ms) [Parameters=[], CommandType='"Text"', CommandTimeout='30']
SELECT COUNT(*)
FROM [Categories] AS [c]
2025-07-30 08:33:11.106 +05:30 [INF] Executing OkObjectResult, writing value of type 'System.Int32'.
2025-07-30 08:33:11.106 +05:30 [INF] Executed action AuthNet.Controllers.CategoriesController.GetCategoryCount (AuthNet) in 6.2325ms
2025-07-30 08:33:11.106 +05:30 [INF] Executed endpoint 'AuthNet.Controllers.CategoriesController.GetCategoryCount (AuthNet)'
2025-07-30 08:33:11.107 +05:30 [INF] Request finished HTTP/1.1 GET https://localhost:7165/api/Categories/count - 200 null application/json; charset=utf-8 7.6423ms
2025-07-30 08:33:11.117 +05:30 [INF] Request starting HTTP/1.1 GET https://localhost:7165/api/Orders/count - null null
2025-07-30 08:33:11.118 +05:30 [INF] Executing endpoint 'AuthNet.Controllers.OrdersController.GetOrderCount (AuthNet)'
2025-07-30 08:33:11.118 +05:30 [INF] Route matched with {action = "GetOrderCount", controller = "Orders"}. Executing controller action with signature System.Threading.Tasks.Task`1[Microsoft.AspNetCore.Mvc.IActionResult] GetOrderCount() on controller AuthNet.Controllers.OrdersController (AuthNet).
2025-07-30 08:33:11.123 +05:30 [INF] Executed DbCommand (3ms) [Parameters=[], CommandType='"Text"', CommandTimeout='30']
SELECT COUNT(*)
FROM [Orders] AS [o]
2025-07-30 08:33:11.123 +05:30 [INF] Executing OkObjectResult, writing value of type 'System.Int32'.
2025-07-30 08:33:11.124 +05:30 [INF] Executed action AuthNet.Controllers.OrdersController.GetOrderCount (AuthNet) in 5.1742ms
2025-07-30 08:33:11.124 +05:30 [INF] Executed endpoint 'AuthNet.Controllers.OrdersController.GetOrderCount (AuthNet)'
2025-07-30 08:33:11.124 +05:30 [INF] Request finished HTTP/1.1 GET https://localhost:7165/api/Orders/count - 200 null application/json; charset=utf-8 7.0305ms
2025-07-30 08:33:11.136 +05:30 [INF] Request starting HTTP/1.1 GET https://localhost:7165/api/Customers/count - null null
2025-07-30 08:33:11.139 +05:30 [INF] Executing endpoint 'AuthNet.Controllers.CustomersController.GetCustomerCount (AuthNet)'
2025-07-30 08:33:11.139 +05:30 [INF] Route matched with {action = "GetCustomerCount", controller = "Customers"}. Executing controller action with signature System.Threading.Tasks.Task`1[Microsoft.AspNetCore.Mvc.IActionResult] GetCustomerCount() on controller AuthNet.Controllers.CustomersController (AuthNet).
2025-07-30 08:33:11.144 +05:30 [INF] Executed DbCommand (3ms) [Parameters=[], CommandType='"Text"', CommandTimeout='30']
SELECT COUNT(*)
FROM [Customers] AS [c]
2025-07-30 08:33:11.144 +05:30 [INF] Executing OkObjectResult, writing value of type 'System.Int32'.
2025-07-30 08:33:11.145 +05:30 [INF] Executed action AuthNet.Controllers.CustomersController.GetCustomerCount (AuthNet) in 5.3325ms
2025-07-30 08:33:11.145 +05:30 [INF] Executed endpoint 'AuthNet.Controllers.CustomersController.GetCustomerCount (AuthNet)'
2025-07-30 08:33:11.145 +05:30 [INF] Request finished HTTP/1.1 GET https://localhost:7165/api/Customers/count - 200 null application/json; charset=utf-8 9.5369ms
2025-07-30 08:33:11.161 +05:30 [INF] Request starting HTTP/1.1 GET https://localhost:7165/api/Tasks - null null
2025-07-30 08:33:11.162 +05:30 [INF] Executing endpoint 'AuthNet.Controllers.TasksController.GetTasks (AuthNet)'
2025-07-30 08:33:11.162 +05:30 [INF] Route matched with {action = "GetTasks", controller = "Tasks"}. Executing controller action with signature Microsoft.AspNetCore.Mvc.IActionResult GetTasks() on controller AuthNet.Controllers.TasksController (AuthNet).
2025-07-30 08:33:11.166 +05:30 [INF] Executed DbCommand (1ms) [Parameters=[], CommandType='"Text"', CommandTimeout='30']
SELECT [t].[Id], [t].[Title], [t].[DueDate]
FROM [Tasks] AS [t]
2025-07-30 08:33:11.167 +05:30 [INF] Executing OkObjectResult, writing value of type 'System.Collections.Generic.List`1[[AuthNet.Models.DTO.TaskItemDto, AuthNet, Version=1.0.0.0, Culture=neutral, PublicKeyToken=null]]'.
2025-07-30 08:33:11.167 +05:30 [INF] Executed action AuthNet.Controllers.TasksController.GetTasks (AuthNet) in 4.6026ms
2025-07-30 08:33:11.167 +05:30 [INF] Executed endpoint 'AuthNet.Controllers.TasksController.GetTasks (AuthNet)'
2025-07-30 08:33:11.168 +05:30 [INF] Request finished HTTP/1.1 GET https://localhost:7165/api/Tasks - 200 null application/json; charset=utf-8 6.9402ms
2025-07-30 08:33:11.181 +05:30 [INF] Request starting HTTP/1.1 GET https://localhost:7165/api/Settings/Get - null null
2025-07-30 08:33:11.182 +05:30 [INF] Executing endpoint 'AuthNet.Controllers.SettingsController.GetCompanyInfo (AuthNet)'
2025-07-30 08:33:11.183 +05:30 [INF] Route matched with {action = "GetCompanyInfo", controller = "Settings"}. Executing controller action with signature System.Threading.Tasks.Task`1[Microsoft.AspNetCore.Mvc.IActionResult] GetCompanyInfo() on controller AuthNet.Controllers.SettingsController (AuthNet).
2025-07-30 08:33:11.188 +05:30 [INF] Executed DbCommand (4ms) [Parameters=[], CommandType='"Text"', CommandTimeout='30']
SELECT TOP(1) [c].[Id], [c].[Address], [c].[AlternateContactNumber], [c].[ContactNumber], [c].[Email], [c].[GSTIN], [c].[LogoFileExtension], [c].[LogoFilePath], [c].[LogoFileSizeInBytes], [c].[LogoName], [c].[Name], [c].[SignFileExtension], [c].[SignFilePath], [c].[SignFileSizeInBytes], [c].[SignName]
FROM [CompanyInfos] AS [c]
2025-07-30 08:33:11.189 +05:30 [INF] Executing OkObjectResult, writing value of type 'AuthNet.Models.DTO.CompanyInfoResponseDto'.
2025-07-30 08:33:11.189 +05:30 [INF] Executed action AuthNet.Controllers.SettingsController.GetCompanyInfo (AuthNet) in 6.797ms
2025-07-30 08:33:11.190 +05:30 [INF] Executed endpoint 'AuthNet.Controllers.SettingsController.GetCompanyInfo (AuthNet)'
2025-07-30 08:33:11.190 +05:30 [INF] Request finished HTTP/1.1 GET https://localhost:7165/api/Settings/Get - 200 null application/json; charset=utf-8 9.6068ms
2025-07-30 08:33:11.408 +05:30 [INF] Request starting HTTP/2 GET https://localhost:7165/api/Sales/WeeklyProfit - null null
2025-07-30 08:33:11.409 +05:30 [INF] CORS policy execution successful.
2025-07-30 08:33:11.409 +05:30 [INF] Executing endpoint 'AuthNet.Controllers.SalesController.GetWeeklyProfit (AuthNet)'
2025-07-30 08:33:11.409 +05:30 [INF] Route matched with {action = "GetWeeklyProfit", controller = "Sales"}. Executing controller action with signature System.Threading.Tasks.Task`1[Microsoft.AspNetCore.Mvc.IActionResult] GetWeeklyProfit() on controller AuthNet.Controllers.SalesController (AuthNet).
2025-07-30 08:33:11.423 +05:30 [INF] Request starting HTTP/2 GET https://localhost:7165/api/Products/CategoryWiseProductCount - null null
2025-07-30 08:33:11.423 +05:30 [INF] CORS policy execution successful.
2025-07-30 08:33:11.424 +05:30 [INF] Executing endpoint 'AuthNet.Controllers.ProductsController.GetCategoryWiseProductCount (AuthNet)'
2025-07-30 08:33:11.424 +05:30 [INF] Route matched with {action = "GetCategoryWiseProductCount", controller = "Products"}. Executing controller action with signature System.Threading.Tasks.Task`1[Microsoft.AspNetCore.Mvc.IActionResult] GetCategoryWiseProductCount() on controller AuthNet.Controllers.ProductsController (AuthNet).
2025-07-30 08:33:11.437 +05:30 [INF] Executed DbCommand (17ms) [Parameters=[@__startDate_0='?' (DbType = DateTime2), @__endDate_1='?' (DbType = DateTime2)], CommandType='"Text"', CommandTimeout='30']
SELECT [s].[Id], [s].[ProductId], [s].[ProductName], [s].[Quantity], [s].[SaleId], [s].[TotalPrice], [s].[UnitPrice], [s0].[Id], [s0].[AfterTaxAmount], [s0].[CreatedAt], [s0].[DiscountedAmount], [s0].[InvoiceDate], [s0].[InvoiceNo], [s0].[PrincipalAmount], [s0].[Template], [s0].[TotalAmount]
FROM [SaleItems] AS [s]
INNER JOIN [Sales] AS [s0] ON [s].[SaleId] = [s0].[Id]
WHERE CONVERT(date, [s0].[InvoiceDate]) >= @__startDate_0 AND CONVERT(date, [s0].[InvoiceDate]) <= @__endDate_1
2025-07-30 08:33:11.450 +05:30 [INF] Executed DbCommand (9ms) [Parameters=[@__productIds_0='?' (Size = 4000)], CommandType='"Text"', CommandTimeout='30']
SELECT [p].[ProductId], [p].[CategoryId], [p].[CostPrice], [p].[Description], [p].[Name], [p].[ProductCode], [p].[ProductKey], [p].[SellPrice], [p].[SupplierId]
FROM [Products] AS [p]
WHERE [p].[ProductId] IN (
    SELECT [p0].[value]
    FROM OPENJSON(@__productIds_0) WITH ([value] int '$') AS [p0]
)
2025-07-30 08:33:11.455 +05:30 [INF] Executing OkObjectResult, writing value of type 'System.Collections.Generic.List`1[[AuthNet.Models.DTO.DailyProfitDto, AuthNet, Version=1.0.0.0, Culture=neutral, PublicKeyToken=null]]'.
2025-07-30 08:33:11.456 +05:30 [INF] Executed action AuthNet.Controllers.SalesController.GetWeeklyProfit (AuthNet) in 46.4258ms
2025-07-30 08:33:11.456 +05:30 [INF] Executed endpoint 'AuthNet.Controllers.SalesController.GetWeeklyProfit (AuthNet)'
2025-07-30 08:33:11.456 +05:30 [INF] Request finished HTTP/2 GET https://localhost:7165/api/Sales/WeeklyProfit - 200 null application/json; charset=utf-8 48.2666ms
2025-07-30 08:33:11.607 +05:30 [INF] Executed DbCommand (34ms) [Parameters=[], CommandType='"Text"', CommandTimeout='30']
SELECT [c].[Name] AS [CategoryName], COUNT(*) AS [ProductCount]
FROM [Products] AS [p]
LEFT JOIN [Categories] AS [c] ON [p].[CategoryId] = [c].[CategoryId]
WHERE [c].[CategoryId] IS NOT NULL
GROUP BY [c].[Name]
2025-07-30 08:33:11.608 +05:30 [INF] Executing OkObjectResult, writing value of type 'System.Collections.Generic.List`1[[AuthNet.Models.DTO.CategoryProductCountDto, AuthNet, Version=1.0.0.0, Culture=neutral, PublicKeyToken=null]]'.
2025-07-30 08:33:11.608 +05:30 [INF] Executed action AuthNet.Controllers.ProductsController.GetCategoryWiseProductCount (AuthNet) in 183.8701ms
2025-07-30 08:33:11.608 +05:30 [INF] Executed endpoint 'AuthNet.Controllers.ProductsController.GetCategoryWiseProductCount (AuthNet)'
2025-07-30 08:33:11.608 +05:30 [INF] Request finished HTTP/2 GET https://localhost:7165/api/Products/CategoryWiseProductCount - 200 null application/json; charset=utf-8 185.6615ms
2025-07-30 08:33:14.039 +05:30 [INF] Request starting HTTP/1.1 GET https://localhost:7165/api/Products - null null
2025-07-30 08:33:14.041 +05:30 [INF] Executing endpoint 'AuthNet.Controllers.ProductsController.GetAll (AuthNet)'
2025-07-30 08:33:14.045 +05:30 [INF] Route matched with {action = "GetAll", controller = "Products"}. Executing controller action with signature System.Threading.Tasks.Task`1[Microsoft.AspNetCore.Mvc.IActionResult] GetAll() on controller AuthNet.Controllers.ProductsController (AuthNet).
2025-07-30 08:33:14.058 +05:30 [INF] Executed DbCommand (6ms) [Parameters=[], CommandType='"Text"', CommandTimeout='30']
SELECT [p].[ProductId], [p].[CategoryId], [p].[CostPrice], [p].[Description], [p].[Name], [p].[ProductCode], [p].[ProductKey], [p].[SellPrice], [p].[SupplierId]
FROM [Products] AS [p]
2025-07-30 08:33:14.060 +05:30 [INF] Executing OkObjectResult, writing value of type 'System.Collections.Generic.List`1[[AuthNet.Models.Domain.Product, AuthNet, Version=1.0.0.0, Culture=neutral, PublicKeyToken=null]]'.
2025-07-30 08:33:14.074 +05:30 [INF] Executed action AuthNet.Controllers.ProductsController.GetAll (AuthNet) in 29.6496ms
2025-07-30 08:33:14.074 +05:30 [INF] Executed endpoint 'AuthNet.Controllers.ProductsController.GetAll (AuthNet)'
2025-07-30 08:33:14.075 +05:30 [INF] Request finished HTTP/1.1 GET https://localhost:7165/api/Products - 200 null application/json; charset=utf-8 35.9007ms
2025-07-30 08:33:14.094 +05:30 [INF] Request starting HTTP/1.1 GET https://localhost:7165/api/InvoiceTemplates - null null
2025-07-30 08:33:14.095 +05:30 [INF] Executing endpoint 'AuthNet.Controllers.InvoiceTemplatesController.GetAll (AuthNet)'
2025-07-30 08:33:14.098 +05:30 [INF] Route matched with {action = "GetAll", controller = "InvoiceTemplates"}. Executing controller action with signature System.Threading.Tasks.Task`1[Microsoft.AspNetCore.Mvc.IActionResult] GetAll() on controller AuthNet.Controllers.InvoiceTemplatesController (AuthNet).
2025-07-30 08:33:14.126 +05:30 [INF] Executed DbCommand (15ms) [Parameters=[], CommandType='"Text"', CommandTimeout='30']
SELECT [i].[Id], [i].[Layout], [i].[Notes], [i].[TermsAndConditions]
FROM [InvoiceTemplates] AS [i]
2025-07-30 08:33:14.138 +05:30 [INF] Executing OkObjectResult, writing value of type 'System.Collections.Generic.List`1[[AuthNet.Models.Domain.InvoiceTemplate, AuthNet, Version=1.0.0.0, Culture=neutral, PublicKeyToken=null]]'.
2025-07-30 08:33:14.140 +05:30 [INF] Executed action AuthNet.Controllers.InvoiceTemplatesController.GetAll (AuthNet) in 41.9054ms
2025-07-30 08:33:14.140 +05:30 [INF] Executed endpoint 'AuthNet.Controllers.InvoiceTemplatesController.GetAll (AuthNet)'
2025-07-30 08:33:14.140 +05:30 [INF] Request finished HTTP/1.1 GET https://localhost:7165/api/InvoiceTemplates - 200 null application/json; charset=utf-8 46.313ms
2025-07-30 08:33:14.156 +05:30 [INF] Request starting HTTP/1.1 GET https://localhost:7165/api/categories - null null
2025-07-30 08:33:14.157 +05:30 [INF] Executing endpoint 'AuthNet.Controllers.CategoriesController.GetAll (AuthNet)'
2025-07-30 08:33:14.160 +05:30 [INF] Route matched with {action = "GetAll", controller = "Categories"}. Executing controller action with signature System.Threading.Tasks.Task`1[Microsoft.AspNetCore.Mvc.IActionResult] GetAll() on controller AuthNet.Controllers.CategoriesController (AuthNet).
2025-07-30 08:33:14.171 +05:30 [INF] Executed DbCommand (4ms) [Parameters=[], CommandType='"Text"', CommandTimeout='30']
SELECT [c].[CategoryId], [c].[Description], [c].[Name]
FROM [Categories] AS [c]
2025-07-30 08:33:14.177 +05:30 [INF] Executing OkObjectResult, writing value of type 'System.Collections.Generic.List`1[[AuthNet.Models.Domain.Category, AuthNet, Version=1.0.0.0, Culture=neutral, PublicKeyToken=null]]'.
2025-07-30 08:33:14.178 +05:30 [INF] Executed action AuthNet.Controllers.CategoriesController.GetAll (AuthNet) in 18.4598ms
2025-07-30 08:33:14.178 +05:30 [INF] Executed endpoint 'AuthNet.Controllers.CategoriesController.GetAll (AuthNet)'
2025-07-30 08:33:14.179 +05:30 [INF] Request finished HTTP/1.1 GET https://localhost:7165/api/categories - 200 null application/json; charset=utf-8 22.5725ms
2025-07-30 08:33:14.199 +05:30 [INF] Request starting HTTP/1.1 GET https://localhost:7165/api/Settings/Get - null null
2025-07-30 08:33:14.199 +05:30 [INF] Executing endpoint 'AuthNet.Controllers.SettingsController.GetCompanyInfo (AuthNet)'
2025-07-30 08:33:14.200 +05:30 [INF] Route matched with {action = "GetCompanyInfo", controller = "Settings"}. Executing controller action with signature System.Threading.Tasks.Task`1[Microsoft.AspNetCore.Mvc.IActionResult] GetCompanyInfo() on controller AuthNet.Controllers.SettingsController (AuthNet).
2025-07-30 08:33:14.206 +05:30 [INF] Executed DbCommand (3ms) [Parameters=[], CommandType='"Text"', CommandTimeout='30']
SELECT TOP(1) [c].[Id], [c].[Address], [c].[AlternateContactNumber], [c].[ContactNumber], [c].[Email], [c].[GSTIN], [c].[LogoFileExtension], [c].[LogoFilePath], [c].[LogoFileSizeInBytes], [c].[LogoName], [c].[Name], [c].[SignFileExtension], [c].[SignFilePath], [c].[SignFileSizeInBytes], [c].[SignName]
FROM [CompanyInfos] AS [c]
2025-07-30 08:33:14.206 +05:30 [INF] Executing OkObjectResult, writing value of type 'AuthNet.Models.DTO.CompanyInfoResponseDto'.
2025-07-30 08:33:14.207 +05:30 [INF] Executed action AuthNet.Controllers.SettingsController.GetCompanyInfo (AuthNet) in 7.054ms
2025-07-30 08:33:14.207 +05:30 [INF] Executed endpoint 'AuthNet.Controllers.SettingsController.GetCompanyInfo (AuthNet)'
2025-07-30 08:33:14.207 +05:30 [INF] Request finished HTTP/1.1 GET https://localhost:7165/api/Settings/Get - 200 null application/json; charset=utf-8 8.9393ms
2025-07-30 08:33:14.225 +05:30 [INF] Request starting HTTP/1.1 GET https://localhost:7165/api/TaxSettings - null null
2025-07-30 08:33:14.226 +05:30 [INF] Executing endpoint 'AuthNet.Controllers.TaxSettingsController.GetAll (AuthNet)'
2025-07-30 08:33:14.230 +05:30 [INF] Route matched with {action = "GetAll", controller = "TaxSettings"}. Executing controller action with signature System.Threading.Tasks.Task`1[Microsoft.AspNetCore.Mvc.IActionResult] GetAll() on controller AuthNet.Controllers.TaxSettingsController (AuthNet).
2025-07-30 08:33:14.234 +05:30 [WRN] The query uses the 'First'/'FirstOrDefault' operator without 'OrderBy' and filter operators. This may lead to unpredictable results.
2025-07-30 08:33:14.249 +05:30 [INF] Executed DbCommand (8ms) [Parameters=[], CommandType='"Text"', CommandTimeout='30']
SELECT TOP(1) [t].[Id], [t].[CGST], [t].[IGST], [t].[SGST]
FROM [TaxSettings] AS [t]
2025-07-30 08:33:14.263 +05:30 [INF] Executing OkObjectResult, writing value of type 'AuthNet.Models.DTO.TaxSettingResponseDto'.
2025-07-30 08:33:14.265 +05:30 [INF] Executed action AuthNet.Controllers.TaxSettingsController.GetAll (AuthNet) in 35.8618ms
2025-07-30 08:33:14.266 +05:30 [INF] Executed endpoint 'AuthNet.Controllers.TaxSettingsController.GetAll (AuthNet)'
2025-07-30 08:33:14.266 +05:30 [INF] Request finished HTTP/1.1 GET https://localhost:7165/api/TaxSettings - 200 null application/json; charset=utf-8 40.7861ms
2025-07-30 08:35:25.960 +05:30 [INF] Request starting HTTP/1.1 GET https://localhost:7165/api/Products - null null
2025-07-30 08:35:25.961 +05:30 [INF] Executing endpoint 'AuthNet.Controllers.ProductsController.GetAll (AuthNet)'
2025-07-30 08:35:25.961 +05:30 [INF] Route matched with {action = "GetAll", controller = "Products"}. Executing controller action with signature System.Threading.Tasks.Task`1[Microsoft.AspNetCore.Mvc.IActionResult] GetAll() on controller AuthNet.Controllers.ProductsController (AuthNet).
2025-07-30 08:35:25.970 +05:30 [INF] Executed DbCommand (5ms) [Parameters=[], CommandType='"Text"', CommandTimeout='30']
SELECT [p].[ProductId], [p].[CategoryId], [p].[CostPrice], [p].[Description], [p].[Name], [p].[ProductCode], [p].[ProductKey], [p].[SellPrice], [p].[SupplierId]
FROM [Products] AS [p]
2025-07-30 08:35:25.971 +05:30 [INF] Executing OkObjectResult, writing value of type 'System.Collections.Generic.List`1[[AuthNet.Models.Domain.Product, AuthNet, Version=1.0.0.0, Culture=neutral, PublicKeyToken=null]]'.
2025-07-30 08:35:25.971 +05:30 [INF] Executed action AuthNet.Controllers.ProductsController.GetAll (AuthNet) in 10.2251ms
2025-07-30 08:35:25.971 +05:30 [INF] Executed endpoint 'AuthNet.Controllers.ProductsController.GetAll (AuthNet)'
2025-07-30 08:35:25.972 +05:30 [INF] Request finished HTTP/1.1 GET https://localhost:7165/api/Products - 200 null application/json; charset=utf-8 12.1184ms
2025-07-30 08:35:26.000 +05:30 [INF] Request starting HTTP/1.1 GET https://localhost:7165/api/InvoiceTemplates - null null
2025-07-30 08:35:26.001 +05:30 [INF] Executing endpoint 'AuthNet.Controllers.InvoiceTemplatesController.GetAll (AuthNet)'
2025-07-30 08:35:26.001 +05:30 [INF] Route matched with {action = "GetAll", controller = "InvoiceTemplates"}. Executing controller action with signature System.Threading.Tasks.Task`1[Microsoft.AspNetCore.Mvc.IActionResult] GetAll() on controller AuthNet.Controllers.InvoiceTemplatesController (AuthNet).
2025-07-30 08:35:26.016 +05:30 [INF] Executed DbCommand (12ms) [Parameters=[], CommandType='"Text"', CommandTimeout='30']
SELECT [i].[Id], [i].[Layout], [i].[Notes], [i].[TermsAndConditions]
FROM [InvoiceTemplates] AS [i]
2025-07-30 08:35:26.017 +05:30 [INF] Executing OkObjectResult, writing value of type 'System.Collections.Generic.List`1[[AuthNet.Models.Domain.InvoiceTemplate, AuthNet, Version=1.0.0.0, Culture=neutral, PublicKeyToken=null]]'.
2025-07-30 08:35:26.017 +05:30 [INF] Executed action AuthNet.Controllers.InvoiceTemplatesController.GetAll (AuthNet) in 16.6566ms
2025-07-30 08:35:26.018 +05:30 [INF] Executed endpoint 'AuthNet.Controllers.InvoiceTemplatesController.GetAll (AuthNet)'
2025-07-30 08:35:26.018 +05:30 [INF] Request finished HTTP/1.1 GET https://localhost:7165/api/InvoiceTemplates - 200 null application/json; charset=utf-8 18.0056ms
2025-07-30 08:35:26.032 +05:30 [INF] Request starting HTTP/1.1 GET https://localhost:7165/api/categories - null null
2025-07-30 08:35:26.032 +05:30 [INF] Executing endpoint 'AuthNet.Controllers.CategoriesController.GetAll (AuthNet)'
2025-07-30 08:35:26.032 +05:30 [INF] Route matched with {action = "GetAll", controller = "Categories"}. Executing controller action with signature System.Threading.Tasks.Task`1[Microsoft.AspNetCore.Mvc.IActionResult] GetAll() on controller AuthNet.Controllers.CategoriesController (AuthNet).
2025-07-30 08:35:26.036 +05:30 [INF] Executed DbCommand (3ms) [Parameters=[], CommandType='"Text"', CommandTimeout='30']
SELECT [c].[CategoryId], [c].[Description], [c].[Name]
FROM [Categories] AS [c]
2025-07-30 08:35:26.036 +05:30 [INF] Executing OkObjectResult, writing value of type 'System.Collections.Generic.List`1[[AuthNet.Models.Domain.Category, AuthNet, Version=1.0.0.0, Culture=neutral, PublicKeyToken=null]]'.
2025-07-30 08:35:26.037 +05:30 [INF] Executed action AuthNet.Controllers.CategoriesController.GetAll (AuthNet) in 4.215ms
2025-07-30 08:35:26.037 +05:30 [INF] Executed endpoint 'AuthNet.Controllers.CategoriesController.GetAll (AuthNet)'
2025-07-30 08:35:26.037 +05:30 [INF] Request finished HTTP/1.1 GET https://localhost:7165/api/categories - 200 null application/json; charset=utf-8 5.3324ms
2025-07-30 08:35:26.051 +05:30 [INF] Request starting HTTP/1.1 GET https://localhost:7165/api/Settings/Get - null null
2025-07-30 08:35:26.051 +05:30 [INF] Executing endpoint 'AuthNet.Controllers.SettingsController.GetCompanyInfo (AuthNet)'
2025-07-30 08:35:26.051 +05:30 [INF] Route matched with {action = "GetCompanyInfo", controller = "Settings"}. Executing controller action with signature System.Threading.Tasks.Task`1[Microsoft.AspNetCore.Mvc.IActionResult] GetCompanyInfo() on controller AuthNet.Controllers.SettingsController (AuthNet).
2025-07-30 08:35:26.055 +05:30 [INF] Executed DbCommand (3ms) [Parameters=[], CommandType='"Text"', CommandTimeout='30']
SELECT TOP(1) [c].[Id], [c].[Address], [c].[AlternateContactNumber], [c].[ContactNumber], [c].[Email], [c].[GSTIN], [c].[LogoFileExtension], [c].[LogoFilePath], [c].[LogoFileSizeInBytes], [c].[LogoName], [c].[Name], [c].[SignFileExtension], [c].[SignFilePath], [c].[SignFileSizeInBytes], [c].[SignName]
FROM [CompanyInfos] AS [c]
2025-07-30 08:35:26.055 +05:30 [INF] Executing OkObjectResult, writing value of type 'AuthNet.Models.DTO.CompanyInfoResponseDto'.
2025-07-30 08:35:26.055 +05:30 [INF] Executed action AuthNet.Controllers.SettingsController.GetCompanyInfo (AuthNet) in 4.1575ms
2025-07-30 08:35:26.056 +05:30 [INF] Executed endpoint 'AuthNet.Controllers.SettingsController.GetCompanyInfo (AuthNet)'
2025-07-30 08:35:26.056 +05:30 [INF] Request finished HTTP/1.1 GET https://localhost:7165/api/Settings/Get - 200 null application/json; charset=utf-8 5.4463ms
2025-07-30 08:35:26.070 +05:30 [INF] Request starting HTTP/1.1 GET https://localhost:7165/api/TaxSettings - null null
2025-07-30 08:35:26.070 +05:30 [INF] Executing endpoint 'AuthNet.Controllers.TaxSettingsController.GetAll (AuthNet)'
2025-07-30 08:35:26.070 +05:30 [INF] Route matched with {action = "GetAll", controller = "TaxSettings"}. Executing controller action with signature System.Threading.Tasks.Task`1[Microsoft.AspNetCore.Mvc.IActionResult] GetAll() on controller AuthNet.Controllers.TaxSettingsController (AuthNet).
2025-07-30 08:35:26.075 +05:30 [INF] Executed DbCommand (3ms) [Parameters=[], CommandType='"Text"', CommandTimeout='30']
SELECT TOP(1) [t].[Id], [t].[CGST], [t].[IGST], [t].[SGST]
FROM [TaxSettings] AS [t]
2025-07-30 08:35:26.075 +05:30 [INF] Executing OkObjectResult, writing value of type 'AuthNet.Models.DTO.TaxSettingResponseDto'.
2025-07-30 08:35:26.076 +05:30 [INF] Executed action AuthNet.Controllers.TaxSettingsController.GetAll (AuthNet) in 5.2397ms
2025-07-30 08:35:26.076 +05:30 [INF] Executed endpoint 'AuthNet.Controllers.TaxSettingsController.GetAll (AuthNet)'
2025-07-30 08:35:26.076 +05:30 [INF] Request finished HTTP/1.1 GET https://localhost:7165/api/TaxSettings - 200 null application/json; charset=utf-8 6.8717ms
2025-07-30 08:37:14.860 +05:30 [INF] User profile is available. Using 'C:\Users\Admin\AppData\Local\ASP.NET\DataProtection-Keys' as key repository and Windows DPAPI to encrypt keys at rest.
2025-07-30 08:37:15.586 +05:30 [INF] Now listening on: https://localhost:7165
2025-07-30 08:37:15.587 +05:30 [INF] Now listening on: http://localhost:5008
2025-07-30 08:37:15.929 +05:30 [INF] Application started. Press Ctrl+C to shut down.
2025-07-30 08:37:15.929 +05:30 [INF] Hosting environment: Development
2025-07-30 08:37:15.929 +05:30 [INF] Content root path: C:\Users\Admin\Source\Repos\AuthNet\AuthNet
2025-07-30 08:37:16.962 +05:30 [INF] Request starting HTTP/2 GET https://localhost:7165/swagger/index.html - null null
2025-07-30 08:37:17.813 +05:30 [INF] Request finished HTTP/2 GET https://localhost:7165/swagger/index.html - 200 null text/html;charset=utf-8 864.8971ms
2025-07-30 08:37:17.852 +05:30 [INF] Request starting HTTP/2 GET https://localhost:7165/_framework/aspnetcore-browser-refresh.js - null null
2025-07-30 08:37:17.869 +05:30 [INF] Request finished HTTP/2 GET https://localhost:7165/_framework/aspnetcore-browser-refresh.js - 200 16499 application/javascript; charset=utf-8 17.4077ms
2025-07-30 08:37:17.886 +05:30 [INF] Request starting HTTP/2 GET https://localhost:7165/_vs/browserLink - null null
2025-07-30 08:37:18.036 +05:30 [INF] Request finished HTTP/2 GET https://localhost:7165/_vs/browserLink - 200 null text/javascript; charset=UTF-8 150.3692ms
2025-07-30 08:37:18.039 +05:30 [INF] Request starting HTTP/1.1 GET https://localhost:7165/api/Sales/DailyProfit - null null
2025-07-30 08:37:18.216 +05:30 [INF] Request starting HTTP/2 GET https://localhost:7165/swagger/v1/swagger.json - null null
2025-07-30 08:37:18.316 +05:30 [INF] Executing endpoint 'AuthNet.Controllers.SalesController.GetDailyProfit (AuthNet)'
2025-07-30 08:37:18.354 +05:30 [INF] Request finished HTTP/2 GET https://localhost:7165/swagger/v1/swagger.json - 200 null application/json;charset=utf-8 137.7476ms
2025-07-30 08:37:18.369 +05:30 [INF] Route matched with {action = "GetDailyProfit", controller = "Sales"}. Executing controller action with signature System.Threading.Tasks.Task`1[Microsoft.AspNetCore.Mvc.IActionResult] GetDailyProfit() on controller AuthNet.Controllers.SalesController (AuthNet).
2025-07-30 08:37:20.030 +05:30 [WRN] No store type was specified for the decimal property 'TotalAmount' on entity type 'Order'. This will cause values to be silently truncated if they do not fit in the default precision and scale. Explicitly specify the SQL server column type that can accommodate all the values in 'OnModelCreating' using 'HasColumnType', specify precision and scale using 'HasPrecision', or configure a value converter using 'HasConversion'.
2025-07-30 08:37:20.030 +05:30 [WRN] No store type was specified for the decimal property 'UnitPrice' on entity type 'OrderItem'. This will cause values to be silently truncated if they do not fit in the default precision and scale. Explicitly specify the SQL server column type that can accommodate all the values in 'OnModelCreating' using 'HasColumnType', specify precision and scale using 'HasPrecision', or configure a value converter using 'HasConversion'.
2025-07-30 08:37:20.030 +05:30 [WRN] No store type was specified for the decimal property 'CostPrice' on entity type 'Product'. This will cause values to be silently truncated if they do not fit in the default precision and scale. Explicitly specify the SQL server column type that can accommodate all the values in 'OnModelCreating' using 'HasColumnType', specify precision and scale using 'HasPrecision', or configure a value converter using 'HasConversion'.
2025-07-30 08:37:20.030 +05:30 [WRN] No store type was specified for the decimal property 'SellPrice' on entity type 'Product'. This will cause values to be silently truncated if they do not fit in the default precision and scale. Explicitly specify the SQL server column type that can accommodate all the values in 'OnModelCreating' using 'HasColumnType', specify precision and scale using 'HasPrecision', or configure a value converter using 'HasConversion'.
2025-07-30 08:37:20.030 +05:30 [WRN] No store type was specified for the decimal property 'TotalAmount' on entity type 'PurchaseOrder'. This will cause values to be silently truncated if they do not fit in the default precision and scale. Explicitly specify the SQL server column type that can accommodate all the values in 'OnModelCreating' using 'HasColumnType', specify precision and scale using 'HasPrecision', or configure a value converter using 'HasConversion'.
2025-07-30 08:37:20.030 +05:30 [WRN] No store type was specified for the decimal property 'UnitPrice' on entity type 'PurchaseOrderItems'. This will cause values to be silently truncated if they do not fit in the default precision and scale. Explicitly specify the SQL server column type that can accommodate all the values in 'OnModelCreating' using 'HasColumnType', specify precision and scale using 'HasPrecision', or configure a value converter using 'HasConversion'.
2025-07-30 08:37:20.030 +05:30 [WRN] No store type was specified for the decimal property 'AfterTaxAmount' on entity type 'Sale'. This will cause values to be silently truncated if they do not fit in the default precision and scale. Explicitly specify the SQL server column type that can accommodate all the values in 'OnModelCreating' using 'HasColumnType', specify precision and scale using 'HasPrecision', or configure a value converter using 'HasConversion'.
2025-07-30 08:37:20.030 +05:30 [WRN] No store type was specified for the decimal property 'DiscountedAmount' on entity type 'Sale'. This will cause values to be silently truncated if they do not fit in the default precision and scale. Explicitly specify the SQL server column type that can accommodate all the values in 'OnModelCreating' using 'HasColumnType', specify precision and scale using 'HasPrecision', or configure a value converter using 'HasConversion'.
2025-07-30 08:37:20.030 +05:30 [WRN] No store type was specified for the decimal property 'PrincipalAmount' on entity type 'Sale'. This will cause values to be silently truncated if they do not fit in the default precision and scale. Explicitly specify the SQL server column type that can accommodate all the values in 'OnModelCreating' using 'HasColumnType', specify precision and scale using 'HasPrecision', or configure a value converter using 'HasConversion'.
2025-07-30 08:37:20.030 +05:30 [WRN] No store type was specified for the decimal property 'TotalAmount' on entity type 'Sale'. This will cause values to be silently truncated if they do not fit in the default precision and scale. Explicitly specify the SQL server column type that can accommodate all the values in 'OnModelCreating' using 'HasColumnType', specify precision and scale using 'HasPrecision', or configure a value converter using 'HasConversion'.
2025-07-30 08:37:20.030 +05:30 [WRN] No store type was specified for the decimal property 'TotalPrice' on entity type 'SaleItem'. This will cause values to be silently truncated if they do not fit in the default precision and scale. Explicitly specify the SQL server column type that can accommodate all the values in 'OnModelCreating' using 'HasColumnType', specify precision and scale using 'HasPrecision', or configure a value converter using 'HasConversion'.
2025-07-30 08:37:20.030 +05:30 [WRN] No store type was specified for the decimal property 'UnitPrice' on entity type 'SaleItem'. This will cause values to be silently truncated if they do not fit in the default precision and scale. Explicitly specify the SQL server column type that can accommodate all the values in 'OnModelCreating' using 'HasColumnType', specify precision and scale using 'HasPrecision', or configure a value converter using 'HasConversion'.
2025-07-30 08:37:20.030 +05:30 [WRN] No store type was specified for the decimal property 'CGST' on entity type 'TaxSetting'. This will cause values to be silently truncated if they do not fit in the default precision and scale. Explicitly specify the SQL server column type that can accommodate all the values in 'OnModelCreating' using 'HasColumnType', specify precision and scale using 'HasPrecision', or configure a value converter using 'HasConversion'.
2025-07-30 08:37:20.030 +05:30 [WRN] No store type was specified for the decimal property 'IGST' on entity type 'TaxSetting'. This will cause values to be silently truncated if they do not fit in the default precision and scale. Explicitly specify the SQL server column type that can accommodate all the values in 'OnModelCreating' using 'HasColumnType', specify precision and scale using 'HasPrecision', or configure a value converter using 'HasConversion'.
2025-07-30 08:37:20.031 +05:30 [WRN] No store type was specified for the decimal property 'SGST' on entity type 'TaxSetting'. This will cause values to be silently truncated if they do not fit in the default precision and scale. Explicitly specify the SQL server column type that can accommodate all the values in 'OnModelCreating' using 'HasColumnType', specify precision and scale using 'HasPrecision', or configure a value converter using 'HasConversion'.
2025-07-30 08:37:21.309 +05:30 [INF] Executed DbCommand (85ms) [Parameters=[@__date_Date_0='?' (DbType = DateTime2)], CommandType='"Text"', CommandTimeout='30']
SELECT [s].[Id], [s].[ProductId], [s].[ProductName], [s].[Quantity], [s].[SaleId], [s].[TotalPrice], [s].[UnitPrice], [s0].[Id], [s0].[AfterTaxAmount], [s0].[CreatedAt], [s0].[DiscountedAmount], [s0].[InvoiceDate], [s0].[InvoiceNo], [s0].[PrincipalAmount], [s0].[Template], [s0].[TotalAmount]
FROM [SaleItems] AS [s]
INNER JOIN [Sales] AS [s0] ON [s].[SaleId] = [s0].[Id]
WHERE CONVERT(date, [s0].[InvoiceDate]) = @__date_Date_0
2025-07-30 08:37:21.474 +05:30 [INF] Executed DbCommand (10ms) [Parameters=[@__productIds_0='?' (Size = 4000)], CommandType='"Text"', CommandTimeout='30']
SELECT [p].[ProductId], [p].[CategoryId], [p].[CostPrice], [p].[Description], [p].[Name], [p].[ProductCode], [p].[ProductKey], [p].[SellPrice], [p].[SupplierId]
FROM [Products] AS [p]
WHERE [p].[ProductId] IN (
    SELECT [p0].[value]
    FROM OPENJSON(@__productIds_0) WITH ([value] int '$') AS [p0]
)
2025-07-30 08:37:21.482 +05:30 [INF] Executing OkObjectResult, writing value of type 'AuthNet.Models.DTO.DailyProfitDto'.
2025-07-30 08:37:21.521 +05:30 [INF] Executed action AuthNet.Controllers.SalesController.GetDailyProfit (AuthNet) in 3147.098ms
2025-07-30 08:37:21.521 +05:30 [INF] Executed endpoint 'AuthNet.Controllers.SalesController.GetDailyProfit (AuthNet)'
2025-07-30 08:37:21.533 +05:30 [INF] Request finished HTTP/1.1 GET https://localhost:7165/api/Sales/DailyProfit - 200 null application/json; charset=utf-8 3497.1649ms
2025-07-30 08:37:21.562 +05:30 [INF] Request starting HTTP/1.1 GET https://localhost:7165/api/Sales/CurrentMonthProfit - null null
2025-07-30 08:37:21.572 +05:30 [INF] Executing endpoint 'AuthNet.Controllers.SalesController.GetCurrentMonthProfit (AuthNet)'
2025-07-30 08:37:21.586 +05:30 [INF] Route matched with {action = "GetCurrentMonthProfit", controller = "Sales"}. Executing controller action with signature System.Threading.Tasks.Task`1[Microsoft.AspNetCore.Mvc.IActionResult] GetCurrentMonthProfit() on controller AuthNet.Controllers.SalesController (AuthNet).
2025-07-30 08:37:21.646 +05:30 [INF] Executed DbCommand (11ms) [Parameters=[@__currentYear_0='?' (DbType = Int32), @__currentMonth_1='?' (DbType = Int32)], CommandType='"Text"', CommandTimeout='30']
SELECT [s].[Id], [s].[ProductId], [s].[ProductName], [s].[Quantity], [s].[SaleId], [s].[TotalPrice], [s].[UnitPrice], [s0].[Id], [s0].[AfterTaxAmount], [s0].[CreatedAt], [s0].[DiscountedAmount], [s0].[InvoiceDate], [s0].[InvoiceNo], [s0].[PrincipalAmount], [s0].[Template], [s0].[TotalAmount]
FROM [SaleItems] AS [s]
INNER JOIN [Sales] AS [s0] ON [s].[SaleId] = [s0].[Id]
WHERE DATEPART(year, [s0].[InvoiceDate]) = @__currentYear_0 AND DATEPART(month, [s0].[InvoiceDate]) = @__currentMonth_1
2025-07-30 08:37:21.797 +05:30 [INF] Executed DbCommand (12ms) [Parameters=[@__productIds_0='?' (Size = 4000)], CommandType='"Text"', CommandTimeout='30']
SELECT [p].[ProductId], [p].[CategoryId], [p].[CostPrice], [p].[Description], [p].[Name], [p].[ProductCode], [p].[ProductKey], [p].[SellPrice], [p].[SupplierId]
FROM [Products] AS [p]
WHERE [p].[ProductId] IN (
    SELECT [p0].[value]
    FROM OPENJSON(@__productIds_0) WITH ([value] int '$') AS [p0]
)
2025-07-30 08:37:21.824 +05:30 [INF] Executing OkObjectResult, writing value of type 'AuthNet.Models.DTO.MonthlyProfitDto'.
2025-07-30 08:37:21.827 +05:30 [INF] Executed action AuthNet.Controllers.SalesController.GetCurrentMonthProfit (AuthNet) in 240.5323ms
2025-07-30 08:37:21.827 +05:30 [INF] Executed endpoint 'AuthNet.Controllers.SalesController.GetCurrentMonthProfit (AuthNet)'
2025-07-30 08:37:21.828 +05:30 [INF] Request finished HTTP/1.1 GET https://localhost:7165/api/Sales/CurrentMonthProfit - 200 null application/json; charset=utf-8 265.6318ms
2025-07-30 08:37:21.844 +05:30 [INF] Request starting HTTP/1.1 GET https://localhost:7165/api/Sales/CurrentYearProfit - null null
2025-07-30 08:37:21.849 +05:30 [INF] Executing endpoint 'AuthNet.Controllers.SalesController.GetCurrentYearProfit (AuthNet)'
2025-07-30 08:37:21.856 +05:30 [INF] Route matched with {action = "GetCurrentYearProfit", controller = "Sales"}. Executing controller action with signature System.Threading.Tasks.Task`1[Microsoft.AspNetCore.Mvc.IActionResult] GetCurrentYearProfit() on controller AuthNet.Controllers.SalesController (AuthNet).
2025-07-30 08:37:22.002 +05:30 [INF] Executed DbCommand (13ms) [Parameters=[@__currentYear_0='?' (DbType = Int32)], CommandType='"Text"', CommandTimeout='30']
SELECT [s].[Id], [s].[ProductId], [s].[ProductName], [s].[Quantity], [s].[SaleId], [s].[TotalPrice], [s].[UnitPrice], [s0].[Id], [s0].[AfterTaxAmount], [s0].[CreatedAt], [s0].[DiscountedAmount], [s0].[InvoiceDate], [s0].[InvoiceNo], [s0].[PrincipalAmount], [s0].[Template], [s0].[TotalAmount]
FROM [SaleItems] AS [s]
INNER JOIN [Sales] AS [s0] ON [s].[SaleId] = [s0].[Id]
WHERE DATEPART(year, [s0].[InvoiceDate]) = @__currentYear_0
2025-07-30 08:37:22.024 +05:30 [INF] Executed DbCommand (17ms) [Parameters=[@__productIds_0='?' (Size = 4000)], CommandType='"Text"', CommandTimeout='30']
SELECT [p].[ProductId], [p].[CategoryId], [p].[CostPrice], [p].[Description], [p].[Name], [p].[ProductCode], [p].[ProductKey], [p].[SellPrice], [p].[SupplierId]
FROM [Products] AS [p]
WHERE [p].[ProductId] IN (
    SELECT [p0].[value]
    FROM OPENJSON(@__productIds_0) WITH ([value] int '$') AS [p0]
)
2025-07-30 08:37:22.025 +05:30 [INF] Executing OkObjectResult, writing value of type 'AuthNet.Models.DTO.YearlyProfitDto'.
2025-07-30 08:37:22.026 +05:30 [INF] Executed action AuthNet.Controllers.SalesController.GetCurrentYearProfit (AuthNet) in 170.5748ms
2025-07-30 08:37:22.026 +05:30 [INF] Executed endpoint 'AuthNet.Controllers.SalesController.GetCurrentYearProfit (AuthNet)'
2025-07-30 08:37:22.027 +05:30 [INF] Request finished HTTP/1.1 GET https://localhost:7165/api/Sales/CurrentYearProfit - 200 null application/json; charset=utf-8 182.6227ms
2025-07-30 08:37:22.040 +05:30 [INF] Request starting HTTP/1.1 GET https://localhost:7165/api/Products/count - null null
2025-07-30 08:37:22.041 +05:30 [INF] Executing endpoint 'AuthNet.Controllers.ProductsController.GetProductCount (AuthNet)'
2025-07-30 08:37:22.045 +05:30 [INF] Route matched with {action = "GetProductCount", controller = "Products"}. Executing controller action with signature System.Threading.Tasks.Task`1[Microsoft.AspNetCore.Mvc.IActionResult] GetProductCount() on controller AuthNet.Controllers.ProductsController (AuthNet).
2025-07-30 08:37:22.071 +05:30 [INF] Executed DbCommand (8ms) [Parameters=[], CommandType='"Text"', CommandTimeout='30']
SELECT COUNT(*)
FROM [Products] AS [p]
2025-07-30 08:37:22.074 +05:30 [INF] Executing OkObjectResult, writing value of type 'System.Int32'.
2025-07-30 08:37:22.078 +05:30 [INF] Executed action AuthNet.Controllers.ProductsController.GetProductCount (AuthNet) in 32.4176ms
2025-07-30 08:37:22.078 +05:30 [INF] Executed endpoint 'AuthNet.Controllers.ProductsController.GetProductCount (AuthNet)'
2025-07-30 08:37:22.079 +05:30 [INF] Request finished HTTP/1.1 GET https://localhost:7165/api/Products/count - 200 null application/json; charset=utf-8 38.8216ms
2025-07-30 08:37:22.090 +05:30 [INF] Request starting HTTP/1.1 GET https://localhost:7165/api/Suppliers/count - null null
2025-07-30 08:37:22.091 +05:30 [INF] Executing endpoint 'AuthNet.Controllers.SuppliersController.GetSupplierCount (AuthNet)'
2025-07-30 08:37:22.096 +05:30 [INF] Route matched with {action = "GetSupplierCount", controller = "Suppliers"}. Executing controller action with signature System.Threading.Tasks.Task`1[Microsoft.AspNetCore.Mvc.IActionResult] GetSupplierCount() on controller AuthNet.Controllers.SuppliersController (AuthNet).
2025-07-30 08:37:22.110 +05:30 [INF] Executed DbCommand (5ms) [Parameters=[], CommandType='"Text"', CommandTimeout='30']
SELECT COUNT(*)
FROM [Suppliers] AS [s]
2025-07-30 08:37:22.111 +05:30 [INF] Executing OkObjectResult, writing value of type 'System.Int32'.
2025-07-30 08:37:22.111 +05:30 [INF] Executed action AuthNet.Controllers.SuppliersController.GetSupplierCount (AuthNet) in 14.9755ms
2025-07-30 08:37:22.112 +05:30 [INF] Executed endpoint 'AuthNet.Controllers.SuppliersController.GetSupplierCount (AuthNet)'
2025-07-30 08:37:22.112 +05:30 [INF] Request finished HTTP/1.1 GET https://localhost:7165/api/Suppliers/count - 200 null application/json; charset=utf-8 21.6954ms
2025-07-30 08:37:22.131 +05:30 [INF] Request starting HTTP/1.1 GET https://localhost:7165/api/Categories/count - null null
2025-07-30 08:37:22.131 +05:30 [INF] Executing endpoint 'AuthNet.Controllers.CategoriesController.GetCategoryCount (AuthNet)'
2025-07-30 08:37:22.135 +05:30 [INF] Route matched with {action = "GetCategoryCount", controller = "Categories"}. Executing controller action with signature System.Threading.Tasks.Task`1[Microsoft.AspNetCore.Mvc.IActionResult] GetCategoryCount() on controller AuthNet.Controllers.CategoriesController (AuthNet).
2025-07-30 08:37:22.146 +05:30 [INF] Executed DbCommand (4ms) [Parameters=[], CommandType='"Text"', CommandTimeout='30']
SELECT COUNT(*)
FROM [Categories] AS [c]
2025-07-30 08:37:22.147 +05:30 [INF] Executing OkObjectResult, writing value of type 'System.Int32'.
2025-07-30 08:37:22.147 +05:30 [INF] Executed action AuthNet.Controllers.CategoriesController.GetCategoryCount (AuthNet) in 11.7952ms
2025-07-30 08:37:22.147 +05:30 [INF] Executed endpoint 'AuthNet.Controllers.CategoriesController.GetCategoryCount (AuthNet)'
2025-07-30 08:37:22.148 +05:30 [INF] Request finished HTTP/1.1 GET https://localhost:7165/api/Categories/count - 200 null application/json; charset=utf-8 17.2289ms
2025-07-30 08:37:22.166 +05:30 [INF] Request starting HTTP/1.1 GET https://localhost:7165/api/Orders/count - null null
2025-07-30 08:37:22.167 +05:30 [INF] Executing endpoint 'AuthNet.Controllers.OrdersController.GetOrderCount (AuthNet)'
2025-07-30 08:37:22.173 +05:30 [INF] Route matched with {action = "GetOrderCount", controller = "Orders"}. Executing controller action with signature System.Threading.Tasks.Task`1[Microsoft.AspNetCore.Mvc.IActionResult] GetOrderCount() on controller AuthNet.Controllers.OrdersController (AuthNet).
2025-07-30 08:37:22.185 +05:30 [INF] Executed DbCommand (5ms) [Parameters=[], CommandType='"Text"', CommandTimeout='30']
SELECT COUNT(*)
FROM [Orders] AS [o]
2025-07-30 08:37:22.185 +05:30 [INF] Executing OkObjectResult, writing value of type 'System.Int32'.
2025-07-30 08:37:22.186 +05:30 [INF] Executed action AuthNet.Controllers.OrdersController.GetOrderCount (AuthNet) in 12.2209ms
2025-07-30 08:37:22.186 +05:30 [INF] Executed endpoint 'AuthNet.Controllers.OrdersController.GetOrderCount (AuthNet)'
2025-07-30 08:37:22.186 +05:30 [INF] Request finished HTTP/1.1 GET https://localhost:7165/api/Orders/count - 200 null application/json; charset=utf-8 20.8361ms
2025-07-30 08:37:22.202 +05:30 [INF] Request starting HTTP/1.1 GET https://localhost:7165/api/Customers/count - null null
2025-07-30 08:37:22.203 +05:30 [INF] Executing endpoint 'AuthNet.Controllers.CustomersController.GetCustomerCount (AuthNet)'
2025-07-30 08:37:22.208 +05:30 [INF] Route matched with {action = "GetCustomerCount", controller = "Customers"}. Executing controller action with signature System.Threading.Tasks.Task`1[Microsoft.AspNetCore.Mvc.IActionResult] GetCustomerCount() on controller AuthNet.Controllers.CustomersController (AuthNet).
2025-07-30 08:37:22.234 +05:30 [INF] Executed DbCommand (10ms) [Parameters=[], CommandType='"Text"', CommandTimeout='30']
SELECT COUNT(*)
FROM [Customers] AS [c]
2025-07-30 08:37:22.235 +05:30 [INF] Executing OkObjectResult, writing value of type 'System.Int32'.
2025-07-30 08:37:22.237 +05:30 [INF] Executed action AuthNet.Controllers.CustomersController.GetCustomerCount (AuthNet) in 28.4123ms
2025-07-30 08:37:22.237 +05:30 [INF] Executed endpoint 'AuthNet.Controllers.CustomersController.GetCustomerCount (AuthNet)'
2025-07-30 08:37:22.237 +05:30 [INF] Request finished HTTP/1.1 GET https://localhost:7165/api/Customers/count - 200 null application/json; charset=utf-8 35.2638ms
2025-07-30 08:37:22.262 +05:30 [INF] Request starting HTTP/1.1 GET https://localhost:7165/api/Tasks - null null
2025-07-30 08:37:22.263 +05:30 [INF] Executing endpoint 'AuthNet.Controllers.TasksController.GetTasks (AuthNet)'
2025-07-30 08:37:22.266 +05:30 [INF] Route matched with {action = "GetTasks", controller = "Tasks"}. Executing controller action with signature Microsoft.AspNetCore.Mvc.IActionResult GetTasks() on controller AuthNet.Controllers.TasksController (AuthNet).
2025-07-30 08:37:22.296 +05:30 [INF] Executed DbCommand (5ms) [Parameters=[], CommandType='"Text"', CommandTimeout='30']
SELECT [t].[Id], [t].[Title], [t].[DueDate]
FROM [Tasks] AS [t]
2025-07-30 08:37:22.302 +05:30 [INF] Executing OkObjectResult, writing value of type 'System.Collections.Generic.List`1[[AuthNet.Models.DTO.TaskItemDto, AuthNet, Version=1.0.0.0, Culture=neutral, PublicKeyToken=null]]'.
2025-07-30 08:37:22.310 +05:30 [INF] Executed action AuthNet.Controllers.TasksController.GetTasks (AuthNet) in 43.5789ms
2025-07-30 08:37:22.310 +05:30 [INF] Executed endpoint 'AuthNet.Controllers.TasksController.GetTasks (AuthNet)'
2025-07-30 08:37:22.310 +05:30 [INF] Request finished HTTP/1.1 GET https://localhost:7165/api/Tasks - 200 null application/json; charset=utf-8 48.5321ms
2025-07-30 08:37:22.326 +05:30 [INF] Request starting HTTP/1.1 GET https://localhost:7165/api/Settings/Get - null null
2025-07-30 08:37:22.326 +05:30 [INF] Executing endpoint 'AuthNet.Controllers.SettingsController.GetCompanyInfo (AuthNet)'
2025-07-30 08:37:22.330 +05:30 [INF] Route matched with {action = "GetCompanyInfo", controller = "Settings"}. Executing controller action with signature System.Threading.Tasks.Task`1[Microsoft.AspNetCore.Mvc.IActionResult] GetCompanyInfo() on controller AuthNet.Controllers.SettingsController (AuthNet).
2025-07-30 08:37:22.337 +05:30 [WRN] The query uses the 'First'/'FirstOrDefault' operator without 'OrderBy' and filter operators. This may lead to unpredictable results.
2025-07-30 08:37:22.349 +05:30 [INF] Executed DbCommand (4ms) [Parameters=[], CommandType='"Text"', CommandTimeout='30']
SELECT TOP(1) [c].[Id], [c].[Address], [c].[AlternateContactNumber], [c].[ContactNumber], [c].[Email], [c].[GSTIN], [c].[LogoFileExtension], [c].[LogoFilePath], [c].[LogoFileSizeInBytes], [c].[LogoName], [c].[Name], [c].[SignFileExtension], [c].[SignFilePath], [c].[SignFileSizeInBytes], [c].[SignName]
FROM [CompanyInfos] AS [c]
2025-07-30 08:37:22.400 +05:30 [INF] Executing OkObjectResult, writing value of type 'AuthNet.Models.DTO.CompanyInfoResponseDto'.
2025-07-30 08:37:22.404 +05:30 [INF] Executed action AuthNet.Controllers.SettingsController.GetCompanyInfo (AuthNet) in 74.2868ms
2025-07-30 08:37:22.404 +05:30 [INF] Executed endpoint 'AuthNet.Controllers.SettingsController.GetCompanyInfo (AuthNet)'
2025-07-30 08:37:22.405 +05:30 [INF] Request finished HTTP/1.1 GET https://localhost:7165/api/Settings/Get - 200 null application/json; charset=utf-8 79.4986ms
2025-07-30 08:37:23.098 +05:30 [INF] Request starting HTTP/2 GET https://localhost:7165/api/Sales/WeeklyProfit - null null
2025-07-30 08:37:23.098 +05:30 [INF] Request starting HTTP/2 GET https://localhost:7165/api/Products/CategoryWiseProductCount - null null
2025-07-30 08:37:23.101 +05:30 [INF] CORS policy execution successful.
2025-07-30 08:37:23.101 +05:30 [INF] CORS policy execution successful.
2025-07-30 08:37:23.102 +05:30 [INF] Executing endpoint 'AuthNet.Controllers.ProductsController.GetCategoryWiseProductCount (AuthNet)'
2025-07-30 08:37:23.102 +05:30 [INF] Executing endpoint 'AuthNet.Controllers.SalesController.GetWeeklyProfit (AuthNet)'
2025-07-30 08:37:23.106 +05:30 [INF] Route matched with {action = "GetWeeklyProfit", controller = "Sales"}. Executing controller action with signature System.Threading.Tasks.Task`1[Microsoft.AspNetCore.Mvc.IActionResult] GetWeeklyProfit() on controller AuthNet.Controllers.SalesController (AuthNet).
2025-07-30 08:37:23.108 +05:30 [INF] Route matched with {action = "GetCategoryWiseProductCount", controller = "Products"}. Executing controller action with signature System.Threading.Tasks.Task`1[Microsoft.AspNetCore.Mvc.IActionResult] GetCategoryWiseProductCount() on controller AuthNet.Controllers.ProductsController (AuthNet).
2025-07-30 08:37:23.137 +05:30 [INF] Executed DbCommand (15ms) [Parameters=[@__startDate_0='?' (DbType = DateTime2), @__endDate_1='?' (DbType = DateTime2)], CommandType='"Text"', CommandTimeout='30']
SELECT [s].[Id], [s].[ProductId], [s].[ProductName], [s].[Quantity], [s].[SaleId], [s].[TotalPrice], [s].[UnitPrice], [s0].[Id], [s0].[AfterTaxAmount], [s0].[CreatedAt], [s0].[DiscountedAmount], [s0].[InvoiceDate], [s0].[InvoiceNo], [s0].[PrincipalAmount], [s0].[Template], [s0].[TotalAmount]
FROM [SaleItems] AS [s]
INNER JOIN [Sales] AS [s0] ON [s].[SaleId] = [s0].[Id]
WHERE CONVERT(date, [s0].[InvoiceDate]) >= @__startDate_0 AND CONVERT(date, [s0].[InvoiceDate]) <= @__endDate_1
2025-07-30 08:37:23.160 +05:30 [INF] Executed DbCommand (16ms) [Parameters=[@__productIds_0='?' (Size = 4000)], CommandType='"Text"', CommandTimeout='30']
SELECT [p].[ProductId], [p].[CategoryId], [p].[CostPrice], [p].[Description], [p].[Name], [p].[ProductCode], [p].[ProductKey], [p].[SellPrice], [p].[SupplierId]
FROM [Products] AS [p]
WHERE [p].[ProductId] IN (
    SELECT [p0].[value]
    FROM OPENJSON(@__productIds_0) WITH ([value] int '$') AS [p0]
)
2025-07-30 08:37:23.175 +05:30 [INF] Executing OkObjectResult, writing value of type 'System.Collections.Generic.List`1[[AuthNet.Models.DTO.DailyProfitDto, AuthNet, Version=1.0.0.0, Culture=neutral, PublicKeyToken=null]]'.
2025-07-30 08:37:23.177 +05:30 [INF] Executed action AuthNet.Controllers.SalesController.GetWeeklyProfit (AuthNet) in 70.6252ms
2025-07-30 08:37:23.177 +05:30 [INF] Executed endpoint 'AuthNet.Controllers.SalesController.GetWeeklyProfit (AuthNet)'
2025-07-30 08:37:23.178 +05:30 [INF] Request finished HTTP/2 GET https://localhost:7165/api/Sales/WeeklyProfit - 200 null application/json; charset=utf-8 80.3588ms
2025-07-30 08:37:23.225 +05:30 [INF] Executed DbCommand (17ms) [Parameters=[], CommandType='"Text"', CommandTimeout='30']
SELECT [c].[Name] AS [CategoryName], COUNT(*) AS [ProductCount]
FROM [Products] AS [p]
LEFT JOIN [Categories] AS [c] ON [p].[CategoryId] = [c].[CategoryId]
WHERE [c].[CategoryId] IS NOT NULL
GROUP BY [c].[Name]
2025-07-30 08:37:23.227 +05:30 [INF] Executing OkObjectResult, writing value of type 'System.Collections.Generic.List`1[[AuthNet.Models.DTO.CategoryProductCountDto, AuthNet, Version=1.0.0.0, Culture=neutral, PublicKeyToken=null]]'.
2025-07-30 08:37:23.231 +05:30 [INF] Executed action AuthNet.Controllers.ProductsController.GetCategoryWiseProductCount (AuthNet) in 122.7017ms
2025-07-30 08:37:23.231 +05:30 [INF] Executed endpoint 'AuthNet.Controllers.ProductsController.GetCategoryWiseProductCount (AuthNet)'
2025-07-30 08:37:23.231 +05:30 [INF] Request finished HTTP/2 GET https://localhost:7165/api/Products/CategoryWiseProductCount - 200 null application/json; charset=utf-8 134.081ms
2025-07-30 08:37:27.347 +05:30 [INF] Request starting HTTP/1.1 POST https://localhost:7165/api/Auth/login - application/json; charset=utf-8 null
2025-07-30 08:37:27.349 +05:30 [INF] Executing endpoint 'AuthNet.Controllers.AuthController.Login (AuthNet)'
2025-07-30 08:37:27.360 +05:30 [INF] Route matched with {action = "Login", controller = "Auth"}. Executing controller action with signature System.Threading.Tasks.Task`1[Microsoft.AspNetCore.Mvc.IActionResult] Login(AuthNet.Models.DTO.LoginDto) on controller AuthNet.Controllers.AuthController (AuthNet).
2025-07-30 08:37:27.445 +05:30 [INF] Executed DbCommand (7ms) [Parameters=[@__username_0='?' (Size = 100)], CommandType='"Text"', CommandTimeout='30']
SELECT TOP(1) [u].[UserId], [u].[CreatedAt], [u].[Email], [u].[Firstname], [u].[Lastname], [u].[PasswordHash], [u].[Role], [u].[Username]
FROM [Users] AS [u]
WHERE [u].[Username] = @__username_0
2025-07-30 08:37:28.099 +05:30 [INF] Executing OkObjectResult, writing value of type 'AuthNet.Models.DTO.ServiceResponse`1[[AuthNet.Models.DTO.LoginResponseDto, AuthNet, Version=1.0.0.0, Culture=neutral, PublicKeyToken=null]]'.
2025-07-30 08:37:28.103 +05:30 [INF] Executed action AuthNet.Controllers.AuthController.Login (AuthNet) in 742.3176ms
2025-07-30 08:37:28.103 +05:30 [INF] Executed endpoint 'AuthNet.Controllers.AuthController.Login (AuthNet)'
2025-07-30 08:37:28.103 +05:30 [INF] Request finished HTTP/1.1 POST https://localhost:7165/api/Auth/login - 200 null application/json; charset=utf-8 756.6284ms
2025-07-30 08:37:28.139 +05:30 [INF] Request starting HTTP/1.1 GET https://localhost:7165/api/Sales/DailyProfit - null null
2025-07-30 08:37:28.140 +05:30 [INF] Executing endpoint 'AuthNet.Controllers.SalesController.GetDailyProfit (AuthNet)'
2025-07-30 08:37:28.141 +05:30 [INF] Route matched with {action = "GetDailyProfit", controller = "Sales"}. Executing controller action with signature System.Threading.Tasks.Task`1[Microsoft.AspNetCore.Mvc.IActionResult] GetDailyProfit() on controller AuthNet.Controllers.SalesController (AuthNet).
2025-07-30 08:37:28.152 +05:30 [INF] Executed DbCommand (8ms) [Parameters=[@__date_Date_0='?' (DbType = DateTime2)], CommandType='"Text"', CommandTimeout='30']
SELECT [s].[Id], [s].[ProductId], [s].[ProductName], [s].[Quantity], [s].[SaleId], [s].[TotalPrice], [s].[UnitPrice], [s0].[Id], [s0].[AfterTaxAmount], [s0].[CreatedAt], [s0].[DiscountedAmount], [s0].[InvoiceDate], [s0].[InvoiceNo], [s0].[PrincipalAmount], [s0].[Template], [s0].[TotalAmount]
FROM [SaleItems] AS [s]
INNER JOIN [Sales] AS [s0] ON [s].[SaleId] = [s0].[Id]
WHERE CONVERT(date, [s0].[InvoiceDate]) = @__date_Date_0
2025-07-30 08:37:28.164 +05:30 [INF] Executed DbCommand (11ms) [Parameters=[@__productIds_0='?' (Size = 4000)], CommandType='"Text"', CommandTimeout='30']
SELECT [p].[ProductId], [p].[CategoryId], [p].[CostPrice], [p].[Description], [p].[Name], [p].[ProductCode], [p].[ProductKey], [p].[SellPrice], [p].[SupplierId]
FROM [Products] AS [p]
WHERE [p].[ProductId] IN (
    SELECT [p0].[value]
    FROM OPENJSON(@__productIds_0) WITH ([value] int '$') AS [p0]
)
2025-07-30 08:37:28.165 +05:30 [INF] Executing OkObjectResult, writing value of type 'AuthNet.Models.DTO.DailyProfitDto'.
2025-07-30 08:37:28.165 +05:30 [INF] Executed action AuthNet.Controllers.SalesController.GetDailyProfit (AuthNet) in 24.3892ms
2025-07-30 08:37:28.165 +05:30 [INF] Executed endpoint 'AuthNet.Controllers.SalesController.GetDailyProfit (AuthNet)'
2025-07-30 08:37:28.166 +05:30 [INF] Request finished HTTP/1.1 GET https://localhost:7165/api/Sales/DailyProfit - 200 null application/json; charset=utf-8 26.7593ms
2025-07-30 08:37:28.177 +05:30 [INF] Request starting HTTP/1.1 GET https://localhost:7165/api/Sales/CurrentMonthProfit - null null
2025-07-30 08:37:28.178 +05:30 [INF] Executing endpoint 'AuthNet.Controllers.SalesController.GetCurrentMonthProfit (AuthNet)'
2025-07-30 08:37:28.178 +05:30 [INF] Route matched with {action = "GetCurrentMonthProfit", controller = "Sales"}. Executing controller action with signature System.Threading.Tasks.Task`1[Microsoft.AspNetCore.Mvc.IActionResult] GetCurrentMonthProfit() on controller AuthNet.Controllers.SalesController (AuthNet).
2025-07-30 08:37:28.185 +05:30 [INF] Executed DbCommand (5ms) [Parameters=[@__currentYear_0='?' (DbType = Int32), @__currentMonth_1='?' (DbType = Int32)], CommandType='"Text"', CommandTimeout='30']
SELECT [s].[Id], [s].[ProductId], [s].[ProductName], [s].[Quantity], [s].[SaleId], [s].[TotalPrice], [s].[UnitPrice], [s0].[Id], [s0].[AfterTaxAmount], [s0].[CreatedAt], [s0].[DiscountedAmount], [s0].[InvoiceDate], [s0].[InvoiceNo], [s0].[PrincipalAmount], [s0].[Template], [s0].[TotalAmount]
FROM [SaleItems] AS [s]
INNER JOIN [Sales] AS [s0] ON [s].[SaleId] = [s0].[Id]
WHERE DATEPART(year, [s0].[InvoiceDate]) = @__currentYear_0 AND DATEPART(month, [s0].[InvoiceDate]) = @__currentMonth_1
2025-07-30 08:37:28.188 +05:30 [INF] Executed DbCommand (1ms) [Parameters=[@__productIds_0='?' (Size = 4000)], CommandType='"Text"', CommandTimeout='30']
SELECT [p].[ProductId], [p].[CategoryId], [p].[CostPrice], [p].[Description], [p].[Name], [p].[ProductCode], [p].[ProductKey], [p].[SellPrice], [p].[SupplierId]
FROM [Products] AS [p]
WHERE [p].[ProductId] IN (
    SELECT [p0].[value]
    FROM OPENJSON(@__productIds_0) WITH ([value] int '$') AS [p0]
)
2025-07-30 08:37:28.188 +05:30 [INF] Executing OkObjectResult, writing value of type 'AuthNet.Models.DTO.MonthlyProfitDto'.
2025-07-30 08:37:28.189 +05:30 [INF] Executed action AuthNet.Controllers.SalesController.GetCurrentMonthProfit (AuthNet) in 10.2947ms
2025-07-30 08:37:28.189 +05:30 [INF] Executed endpoint 'AuthNet.Controllers.SalesController.GetCurrentMonthProfit (AuthNet)'
2025-07-30 08:37:28.190 +05:30 [INF] Request finished HTTP/1.1 GET https://localhost:7165/api/Sales/CurrentMonthProfit - 200 null application/json; charset=utf-8 12.2411ms
2025-07-30 08:37:28.200 +05:30 [INF] Request starting HTTP/1.1 GET https://localhost:7165/api/Sales/CurrentYearProfit - null null
2025-07-30 08:37:28.201 +05:30 [INF] Executing endpoint 'AuthNet.Controllers.SalesController.GetCurrentYearProfit (AuthNet)'
2025-07-30 08:37:28.201 +05:30 [INF] Route matched with {action = "GetCurrentYearProfit", controller = "Sales"}. Executing controller action with signature System.Threading.Tasks.Task`1[Microsoft.AspNetCore.Mvc.IActionResult] GetCurrentYearProfit() on controller AuthNet.Controllers.SalesController (AuthNet).
2025-07-30 08:37:28.208 +05:30 [INF] Executed DbCommand (6ms) [Parameters=[@__currentYear_0='?' (DbType = Int32)], CommandType='"Text"', CommandTimeout='30']
SELECT [s].[Id], [s].[ProductId], [s].[ProductName], [s].[Quantity], [s].[SaleId], [s].[TotalPrice], [s].[UnitPrice], [s0].[Id], [s0].[AfterTaxAmount], [s0].[CreatedAt], [s0].[DiscountedAmount], [s0].[InvoiceDate], [s0].[InvoiceNo], [s0].[PrincipalAmount], [s0].[Template], [s0].[TotalAmount]
FROM [SaleItems] AS [s]
INNER JOIN [Sales] AS [s0] ON [s].[SaleId] = [s0].[Id]
WHERE DATEPART(year, [s0].[InvoiceDate]) = @__currentYear_0
2025-07-30 08:37:28.211 +05:30 [INF] Executed DbCommand (1ms) [Parameters=[@__productIds_0='?' (Size = 4000)], CommandType='"Text"', CommandTimeout='30']
SELECT [p].[ProductId], [p].[CategoryId], [p].[CostPrice], [p].[Description], [p].[Name], [p].[ProductCode], [p].[ProductKey], [p].[SellPrice], [p].[SupplierId]
FROM [Products] AS [p]
WHERE [p].[ProductId] IN (
    SELECT [p0].[value]
    FROM OPENJSON(@__productIds_0) WITH ([value] int '$') AS [p0]
)
2025-07-30 08:37:28.211 +05:30 [INF] Executing OkObjectResult, writing value of type 'AuthNet.Models.DTO.YearlyProfitDto'.
2025-07-30 08:37:28.211 +05:30 [INF] Executed action AuthNet.Controllers.SalesController.GetCurrentYearProfit (AuthNet) in 10.2898ms
2025-07-30 08:37:28.212 +05:30 [INF] Executed endpoint 'AuthNet.Controllers.SalesController.GetCurrentYearProfit (AuthNet)'
2025-07-30 08:37:28.212 +05:30 [INF] Request finished HTTP/1.1 GET https://localhost:7165/api/Sales/CurrentYearProfit - 200 null application/json; charset=utf-8 11.8644ms
2025-07-30 08:37:28.226 +05:30 [INF] Request starting HTTP/1.1 GET https://localhost:7165/api/Products/count - null null
2025-07-30 08:37:28.227 +05:30 [INF] Executing endpoint 'AuthNet.Controllers.ProductsController.GetProductCount (AuthNet)'
2025-07-30 08:37:28.227 +05:30 [INF] Route matched with {action = "GetProductCount", controller = "Products"}. Executing controller action with signature System.Threading.Tasks.Task`1[Microsoft.AspNetCore.Mvc.IActionResult] GetProductCount() on controller AuthNet.Controllers.ProductsController (AuthNet).
2025-07-30 08:37:28.231 +05:30 [INF] Executed DbCommand (3ms) [Parameters=[], CommandType='"Text"', CommandTimeout='30']
SELECT COUNT(*)
FROM [Products] AS [p]
2025-07-30 08:37:28.232 +05:30 [INF] Executing OkObjectResult, writing value of type 'System.Int32'.
2025-07-30 08:37:28.232 +05:30 [INF] Executed action AuthNet.Controllers.ProductsController.GetProductCount (AuthNet) in 5.3925ms
2025-07-30 08:37:28.232 +05:30 [INF] Executed endpoint 'AuthNet.Controllers.ProductsController.GetProductCount (AuthNet)'
2025-07-30 08:37:28.233 +05:30 [INF] Request finished HTTP/1.1 GET https://localhost:7165/api/Products/count - 200 null application/json; charset=utf-8 6.7623ms
2025-07-30 08:37:28.247 +05:30 [INF] Request starting HTTP/1.1 GET https://localhost:7165/api/Suppliers/count - null null
2025-07-30 08:37:28.248 +05:30 [INF] Executing endpoint 'AuthNet.Controllers.SuppliersController.GetSupplierCount (AuthNet)'
2025-07-30 08:37:28.248 +05:30 [INF] Route matched with {action = "GetSupplierCount", controller = "Suppliers"}. Executing controller action with signature System.Threading.Tasks.Task`1[Microsoft.AspNetCore.Mvc.IActionResult] GetSupplierCount() on controller AuthNet.Controllers.SuppliersController (AuthNet).
2025-07-30 08:37:28.254 +05:30 [INF] Executed DbCommand (4ms) [Parameters=[], CommandType='"Text"', CommandTimeout='30']
SELECT COUNT(*)
FROM [Suppliers] AS [s]
2025-07-30 08:37:28.255 +05:30 [INF] Executing OkObjectResult, writing value of type 'System.Int32'.
2025-07-30 08:37:28.257 +05:30 [INF] Executed action AuthNet.Controllers.SuppliersController.GetSupplierCount (AuthNet) in 8.6217ms
2025-07-30 08:37:28.257 +05:30 [INF] Executed endpoint 'AuthNet.Controllers.SuppliersController.GetSupplierCount (AuthNet)'
2025-07-30 08:37:28.258 +05:30 [INF] Request finished HTTP/1.1 GET https://localhost:7165/api/Suppliers/count - 200 null application/json; charset=utf-8 10.8064ms
2025-07-30 08:37:28.276 +05:30 [INF] Request starting HTTP/1.1 GET https://localhost:7165/api/Categories/count - null null
2025-07-30 08:37:28.277 +05:30 [INF] Executing endpoint 'AuthNet.Controllers.CategoriesController.GetCategoryCount (AuthNet)'
2025-07-30 08:37:28.277 +05:30 [INF] Route matched with {action = "GetCategoryCount", controller = "Categories"}. Executing controller action with signature System.Threading.Tasks.Task`1[Microsoft.AspNetCore.Mvc.IActionResult] GetCategoryCount() on controller AuthNet.Controllers.CategoriesController (AuthNet).
2025-07-30 08:37:28.287 +05:30 [INF] Executed DbCommand (6ms) [Parameters=[], CommandType='"Text"', CommandTimeout='30']
SELECT COUNT(*)
FROM [Categories] AS [c]
2025-07-30 08:37:28.298 +05:30 [INF] Executing OkObjectResult, writing value of type 'System.Int32'.
2025-07-30 08:37:28.298 +05:30 [INF] Executed action AuthNet.Controllers.CategoriesController.GetCategoryCount (AuthNet) in 21.2841ms
2025-07-30 08:37:28.299 +05:30 [INF] Executed endpoint 'AuthNet.Controllers.CategoriesController.GetCategoryCount (AuthNet)'
2025-07-30 08:37:28.299 +05:30 [INF] Request finished HTTP/1.1 GET https://localhost:7165/api/Categories/count - 200 null application/json; charset=utf-8 23.0449ms
2025-07-30 08:37:28.314 +05:30 [INF] Request starting HTTP/1.1 GET https://localhost:7165/api/Orders/count - null null
2025-07-30 08:37:28.314 +05:30 [INF] Executing endpoint 'AuthNet.Controllers.OrdersController.GetOrderCount (AuthNet)'
2025-07-30 08:37:28.315 +05:30 [INF] Route matched with {action = "GetOrderCount", controller = "Orders"}. Executing controller action with signature System.Threading.Tasks.Task`1[Microsoft.AspNetCore.Mvc.IActionResult] GetOrderCount() on controller AuthNet.Controllers.OrdersController (AuthNet).
2025-07-30 08:37:28.320 +05:30 [INF] Executed DbCommand (3ms) [Parameters=[], CommandType='"Text"', CommandTimeout='30']
SELECT COUNT(*)
FROM [Orders] AS [o]
2025-07-30 08:37:28.321 +05:30 [INF] Executing OkObjectResult, writing value of type 'System.Int32'.
2025-07-30 08:37:28.321 +05:30 [INF] Executed action AuthNet.Controllers.OrdersController.GetOrderCount (AuthNet) in 6.6709ms
2025-07-30 08:37:28.321 +05:30 [INF] Executed endpoint 'AuthNet.Controllers.OrdersController.GetOrderCount (AuthNet)'
2025-07-30 08:37:28.322 +05:30 [INF] Request finished HTTP/1.1 GET https://localhost:7165/api/Orders/count - 200 null application/json; charset=utf-8 8.424ms
2025-07-30 08:37:28.338 +05:30 [INF] Request starting HTTP/1.1 GET https://localhost:7165/api/Customers/count - null null
2025-07-30 08:37:28.342 +05:30 [INF] Executing endpoint 'AuthNet.Controllers.CustomersController.GetCustomerCount (AuthNet)'
2025-07-30 08:37:28.342 +05:30 [INF] Route matched with {action = "GetCustomerCount", controller = "Customers"}. Executing controller action with signature System.Threading.Tasks.Task`1[Microsoft.AspNetCore.Mvc.IActionResult] GetCustomerCount() on controller AuthNet.Controllers.CustomersController (AuthNet).
2025-07-30 08:37:28.351 +05:30 [INF] Executed DbCommand (6ms) [Parameters=[], CommandType='"Text"', CommandTimeout='30']
SELECT COUNT(*)
FROM [Customers] AS [c]
2025-07-30 08:37:28.351 +05:30 [INF] Executing OkObjectResult, writing value of type 'System.Int32'.
2025-07-30 08:37:28.352 +05:30 [INF] Executed action AuthNet.Controllers.CustomersController.GetCustomerCount (AuthNet) in 9.4523ms
2025-07-30 08:37:28.352 +05:30 [INF] Executed endpoint 'AuthNet.Controllers.CustomersController.GetCustomerCount (AuthNet)'
2025-07-30 08:37:28.352 +05:30 [INF] Request finished HTTP/1.1 GET https://localhost:7165/api/Customers/count - 200 null application/json; charset=utf-8 14.1302ms
2025-07-30 08:37:28.369 +05:30 [INF] Request starting HTTP/1.1 GET https://localhost:7165/api/Tasks - null null
2025-07-30 08:37:28.370 +05:30 [INF] Executing endpoint 'AuthNet.Controllers.TasksController.GetTasks (AuthNet)'
2025-07-30 08:37:28.370 +05:30 [INF] Route matched with {action = "GetTasks", controller = "Tasks"}. Executing controller action with signature Microsoft.AspNetCore.Mvc.IActionResult GetTasks() on controller AuthNet.Controllers.TasksController (AuthNet).
2025-07-30 08:37:28.377 +05:30 [INF] Executed DbCommand (2ms) [Parameters=[], CommandType='"Text"', CommandTimeout='30']
SELECT [t].[Id], [t].[Title], [t].[DueDate]
FROM [Tasks] AS [t]
2025-07-30 08:37:28.378 +05:30 [INF] Executing OkObjectResult, writing value of type 'System.Collections.Generic.List`1[[AuthNet.Models.DTO.TaskItemDto, AuthNet, Version=1.0.0.0, Culture=neutral, PublicKeyToken=null]]'.
2025-07-30 08:37:28.378 +05:30 [INF] Executed action AuthNet.Controllers.TasksController.GetTasks (AuthNet) in 7.9732ms
2025-07-30 08:37:28.378 +05:30 [INF] Executed endpoint 'AuthNet.Controllers.TasksController.GetTasks (AuthNet)'
2025-07-30 08:37:28.378 +05:30 [INF] Request finished HTTP/1.1 GET https://localhost:7165/api/Tasks - 200 null application/json; charset=utf-8 9.5718ms
2025-07-30 08:37:28.404 +05:30 [INF] Request starting HTTP/1.1 GET https://localhost:7165/api/Settings/Get - null null
2025-07-30 08:37:28.408 +05:30 [INF] Executing endpoint 'AuthNet.Controllers.SettingsController.GetCompanyInfo (AuthNet)'
2025-07-30 08:37:28.408 +05:30 [INF] Route matched with {action = "GetCompanyInfo", controller = "Settings"}. Executing controller action with signature System.Threading.Tasks.Task`1[Microsoft.AspNetCore.Mvc.IActionResult] GetCompanyInfo() on controller AuthNet.Controllers.SettingsController (AuthNet).
2025-07-30 08:37:28.415 +05:30 [INF] Executed DbCommand (4ms) [Parameters=[], CommandType='"Text"', CommandTimeout='30']
SELECT TOP(1) [c].[Id], [c].[Address], [c].[AlternateContactNumber], [c].[ContactNumber], [c].[Email], [c].[GSTIN], [c].[LogoFileExtension], [c].[LogoFilePath], [c].[LogoFileSizeInBytes], [c].[LogoName], [c].[Name], [c].[SignFileExtension], [c].[SignFilePath], [c].[SignFileSizeInBytes], [c].[SignName]
FROM [CompanyInfos] AS [c]
2025-07-30 08:37:28.416 +05:30 [INF] Executing OkObjectResult, writing value of type 'AuthNet.Models.DTO.CompanyInfoResponseDto'.
2025-07-30 08:37:28.416 +05:30 [INF] Executed action AuthNet.Controllers.SettingsController.GetCompanyInfo (AuthNet) in 7.6025ms
2025-07-30 08:37:28.416 +05:30 [INF] Executed endpoint 'AuthNet.Controllers.SettingsController.GetCompanyInfo (AuthNet)'
2025-07-30 08:37:28.417 +05:30 [INF] Request finished HTTP/1.1 GET https://localhost:7165/api/Settings/Get - 200 null application/json; charset=utf-8 13.052ms
2025-07-30 08:37:28.622 +05:30 [INF] Request starting HTTP/2 GET https://localhost:7165/api/Sales/WeeklyProfit - null null
2025-07-30 08:37:28.622 +05:30 [INF] Request starting HTTP/2 GET https://localhost:7165/api/Products/CategoryWiseProductCount - null null
2025-07-30 08:37:28.624 +05:30 [INF] CORS policy execution successful.
2025-07-30 08:37:28.624 +05:30 [INF] CORS policy execution successful.
2025-07-30 08:37:28.624 +05:30 [INF] Executing endpoint 'AuthNet.Controllers.SalesController.GetWeeklyProfit (AuthNet)'
2025-07-30 08:37:28.625 +05:30 [INF] Executing endpoint 'AuthNet.Controllers.ProductsController.GetCategoryWiseProductCount (AuthNet)'
2025-07-30 08:37:28.625 +05:30 [INF] Route matched with {action = "GetWeeklyProfit", controller = "Sales"}. Executing controller action with signature System.Threading.Tasks.Task`1[Microsoft.AspNetCore.Mvc.IActionResult] GetWeeklyProfit() on controller AuthNet.Controllers.SalesController (AuthNet).
2025-07-30 08:37:28.625 +05:30 [INF] Route matched with {action = "GetCategoryWiseProductCount", controller = "Products"}. Executing controller action with signature System.Threading.Tasks.Task`1[Microsoft.AspNetCore.Mvc.IActionResult] GetCategoryWiseProductCount() on controller AuthNet.Controllers.ProductsController (AuthNet).
2025-07-30 08:37:28.644 +05:30 [INF] Executed DbCommand (17ms) [Parameters=[@__startDate_0='?' (DbType = DateTime2), @__endDate_1='?' (DbType = DateTime2)], CommandType='"Text"', CommandTimeout='30']
SELECT [s].[Id], [s].[ProductId], [s].[ProductName], [s].[Quantity], [s].[SaleId], [s].[TotalPrice], [s].[UnitPrice], [s0].[Id], [s0].[AfterTaxAmount], [s0].[CreatedAt], [s0].[DiscountedAmount], [s0].[InvoiceDate], [s0].[InvoiceNo], [s0].[PrincipalAmount], [s0].[Template], [s0].[TotalAmount]
FROM [SaleItems] AS [s]
INNER JOIN [Sales] AS [s0] ON [s].[SaleId] = [s0].[Id]
WHERE CONVERT(date, [s0].[InvoiceDate]) >= @__startDate_0 AND CONVERT(date, [s0].[InvoiceDate]) <= @__endDate_1
2025-07-30 08:37:28.679 +05:30 [INF] Executed DbCommand (14ms) [Parameters=[@__productIds_0='?' (Size = 4000)], CommandType='"Text"', CommandTimeout='30']
SELECT [p].[ProductId], [p].[CategoryId], [p].[CostPrice], [p].[Description], [p].[Name], [p].[ProductCode], [p].[ProductKey], [p].[SellPrice], [p].[SupplierId]
FROM [Products] AS [p]
WHERE [p].[ProductId] IN (
    SELECT [p0].[value]
    FROM OPENJSON(@__productIds_0) WITH ([value] int '$') AS [p0]
)
2025-07-30 08:37:28.680 +05:30 [INF] Executing OkObjectResult, writing value of type 'System.Collections.Generic.List`1[[AuthNet.Models.DTO.DailyProfitDto, AuthNet, Version=1.0.0.0, Culture=neutral, PublicKeyToken=null]]'.
2025-07-30 08:37:28.680 +05:30 [INF] Executed action AuthNet.Controllers.SalesController.GetWeeklyProfit (AuthNet) in 55.8523ms
2025-07-30 08:37:28.681 +05:30 [INF] Executed endpoint 'AuthNet.Controllers.SalesController.GetWeeklyProfit (AuthNet)'
2025-07-30 08:37:28.681 +05:30 [INF] Request finished HTTP/2 GET https://localhost:7165/api/Sales/WeeklyProfit - 200 null application/json; charset=utf-8 59.4789ms
2025-07-30 08:37:28.732 +05:30 [INF] Executed DbCommand (20ms) [Parameters=[], CommandType='"Text"', CommandTimeout='30']
SELECT [c].[Name] AS [CategoryName], COUNT(*) AS [ProductCount]
FROM [Products] AS [p]
LEFT JOIN [Categories] AS [c] ON [p].[CategoryId] = [c].[CategoryId]
WHERE [c].[CategoryId] IS NOT NULL
GROUP BY [c].[Name]
2025-07-30 08:37:28.733 +05:30 [INF] Executing OkObjectResult, writing value of type 'System.Collections.Generic.List`1[[AuthNet.Models.DTO.CategoryProductCountDto, AuthNet, Version=1.0.0.0, Culture=neutral, PublicKeyToken=null]]'.
2025-07-30 08:37:28.734 +05:30 [INF] Executed action AuthNet.Controllers.ProductsController.GetCategoryWiseProductCount (AuthNet) in 108.8435ms
2025-07-30 08:37:28.734 +05:30 [INF] Executed endpoint 'AuthNet.Controllers.ProductsController.GetCategoryWiseProductCount (AuthNet)'
2025-07-30 08:37:28.734 +05:30 [INF] Request finished HTTP/2 GET https://localhost:7165/api/Products/CategoryWiseProductCount - 200 null application/json; charset=utf-8 112.6939ms
2025-07-30 08:37:34.980 +05:30 [INF] Request starting HTTP/1.1 GET https://localhost:7165/api/Products - null null
2025-07-30 08:37:34.981 +05:30 [INF] Executing endpoint 'AuthNet.Controllers.ProductsController.GetAll (AuthNet)'
2025-07-30 08:37:34.986 +05:30 [INF] Route matched with {action = "GetAll", controller = "Products"}. Executing controller action with signature System.Threading.Tasks.Task`1[Microsoft.AspNetCore.Mvc.IActionResult] GetAll() on controller AuthNet.Controllers.ProductsController (AuthNet).
2025-07-30 08:37:34.999 +05:30 [INF] Executed DbCommand (4ms) [Parameters=[], CommandType='"Text"', CommandTimeout='30']
SELECT [p].[ProductId], [p].[CategoryId], [p].[CostPrice], [p].[Description], [p].[Name], [p].[ProductCode], [p].[ProductKey], [p].[SellPrice], [p].[SupplierId]
FROM [Products] AS [p]
2025-07-30 08:37:35.001 +05:30 [INF] Executing OkObjectResult, writing value of type 'System.Collections.Generic.List`1[[AuthNet.Models.Domain.Product, AuthNet, Version=1.0.0.0, Culture=neutral, PublicKeyToken=null]]'.
2025-07-30 08:37:35.019 +05:30 [INF] Executed action AuthNet.Controllers.ProductsController.GetAll (AuthNet) in 33.3824ms
2025-07-30 08:37:35.019 +05:30 [INF] Executed endpoint 'AuthNet.Controllers.ProductsController.GetAll (AuthNet)'
2025-07-30 08:37:35.020 +05:30 [INF] Request finished HTTP/1.1 GET https://localhost:7165/api/Products - 200 null application/json; charset=utf-8 39.7587ms
2025-07-30 08:37:35.051 +05:30 [INF] Request starting HTTP/1.1 GET https://localhost:7165/api/InvoiceTemplates - null null
2025-07-30 08:37:35.051 +05:30 [INF] Executing endpoint 'AuthNet.Controllers.InvoiceTemplatesController.GetAll (AuthNet)'
2025-07-30 08:37:35.055 +05:30 [INF] Route matched with {action = "GetAll", controller = "InvoiceTemplates"}. Executing controller action with signature System.Threading.Tasks.Task`1[Microsoft.AspNetCore.Mvc.IActionResult] GetAll() on controller AuthNet.Controllers.InvoiceTemplatesController (AuthNet).
2025-07-30 08:37:35.068 +05:30 [INF] Executed DbCommand (4ms) [Parameters=[], CommandType='"Text"', CommandTimeout='30']
SELECT [i].[Id], [i].[Layout], [i].[Notes], [i].[TermsAndConditions]
FROM [InvoiceTemplates] AS [i]
2025-07-30 08:37:35.079 +05:30 [INF] Executing OkObjectResult, writing value of type 'System.Collections.Generic.List`1[[AuthNet.Models.Domain.InvoiceTemplate, AuthNet, Version=1.0.0.0, Culture=neutral, PublicKeyToken=null]]'.
2025-07-30 08:37:35.081 +05:30 [INF] Executed action AuthNet.Controllers.InvoiceTemplatesController.GetAll (AuthNet) in 26.6352ms
2025-07-30 08:37:35.081 +05:30 [INF] Executed endpoint 'AuthNet.Controllers.InvoiceTemplatesController.GetAll (AuthNet)'
2025-07-30 08:37:35.082 +05:30 [INF] Request finished HTTP/1.1 GET https://localhost:7165/api/InvoiceTemplates - 200 null application/json; charset=utf-8 31.0082ms
2025-07-30 08:37:35.101 +05:30 [INF] Request starting HTTP/1.1 GET https://localhost:7165/api/categories - null null
2025-07-30 08:37:35.102 +05:30 [INF] Executing endpoint 'AuthNet.Controllers.CategoriesController.GetAll (AuthNet)'
2025-07-30 08:37:35.106 +05:30 [INF] Route matched with {action = "GetAll", controller = "Categories"}. Executing controller action with signature System.Threading.Tasks.Task`1[Microsoft.AspNetCore.Mvc.IActionResult] GetAll() on controller AuthNet.Controllers.CategoriesController (AuthNet).
2025-07-30 08:37:35.124 +05:30 [INF] Executed DbCommand (6ms) [Parameters=[], CommandType='"Text"', CommandTimeout='30']
SELECT [c].[CategoryId], [c].[Description], [c].[Name]
FROM [Categories] AS [c]
2025-07-30 08:37:35.132 +05:30 [INF] Executing OkObjectResult, writing value of type 'System.Collections.Generic.List`1[[AuthNet.Models.Domain.Category, AuthNet, Version=1.0.0.0, Culture=neutral, PublicKeyToken=null]]'.
2025-07-30 08:37:35.133 +05:30 [INF] Executed action AuthNet.Controllers.CategoriesController.GetAll (AuthNet) in 27.1887ms
2025-07-30 08:37:35.133 +05:30 [INF] Executed endpoint 'AuthNet.Controllers.CategoriesController.GetAll (AuthNet)'
2025-07-30 08:37:35.133 +05:30 [INF] Request finished HTTP/1.1 GET https://localhost:7165/api/categories - 200 null application/json; charset=utf-8 32.1227ms
2025-07-30 08:37:35.149 +05:30 [INF] Request starting HTTP/1.1 GET https://localhost:7165/api/Settings/Get - null null
2025-07-30 08:37:35.150 +05:30 [INF] Executing endpoint 'AuthNet.Controllers.SettingsController.GetCompanyInfo (AuthNet)'
2025-07-30 08:37:35.150 +05:30 [INF] Route matched with {action = "GetCompanyInfo", controller = "Settings"}. Executing controller action with signature System.Threading.Tasks.Task`1[Microsoft.AspNetCore.Mvc.IActionResult] GetCompanyInfo() on controller AuthNet.Controllers.SettingsController (AuthNet).
2025-07-30 08:37:35.156 +05:30 [INF] Executed DbCommand (5ms) [Parameters=[], CommandType='"Text"', CommandTimeout='30']
SELECT TOP(1) [c].[Id], [c].[Address], [c].[AlternateContactNumber], [c].[ContactNumber], [c].[Email], [c].[GSTIN], [c].[LogoFileExtension], [c].[LogoFilePath], [c].[LogoFileSizeInBytes], [c].[LogoName], [c].[Name], [c].[SignFileExtension], [c].[SignFilePath], [c].[SignFileSizeInBytes], [c].[SignName]
FROM [CompanyInfos] AS [c]
2025-07-30 08:37:35.156 +05:30 [INF] Executing OkObjectResult, writing value of type 'AuthNet.Models.DTO.CompanyInfoResponseDto'.
2025-07-30 08:37:35.157 +05:30 [INF] Executed action AuthNet.Controllers.SettingsController.GetCompanyInfo (AuthNet) in 7.1449ms
2025-07-30 08:37:35.157 +05:30 [INF] Executed endpoint 'AuthNet.Controllers.SettingsController.GetCompanyInfo (AuthNet)'
2025-07-30 08:37:35.158 +05:30 [INF] Request finished HTTP/1.1 GET https://localhost:7165/api/Settings/Get - 200 null application/json; charset=utf-8 8.6462ms
2025-07-30 08:37:35.178 +05:30 [INF] Request starting HTTP/1.1 GET https://localhost:7165/api/TaxSettings - null null
2025-07-30 08:37:35.178 +05:30 [INF] Executing endpoint 'AuthNet.Controllers.TaxSettingsController.GetAll (AuthNet)'
2025-07-30 08:37:35.181 +05:30 [INF] Route matched with {action = "GetAll", controller = "TaxSettings"}. Executing controller action with signature System.Threading.Tasks.Task`1[Microsoft.AspNetCore.Mvc.IActionResult] GetAll() on controller AuthNet.Controllers.TaxSettingsController (AuthNet).
2025-07-30 08:37:35.184 +05:30 [WRN] The query uses the 'First'/'FirstOrDefault' operator without 'OrderBy' and filter operators. This may lead to unpredictable results.
2025-07-30 08:37:35.196 +05:30 [INF] Executed DbCommand (9ms) [Parameters=[], CommandType='"Text"', CommandTimeout='30']
SELECT TOP(1) [t].[Id], [t].[CGST], [t].[IGST], [t].[SGST]
FROM [TaxSettings] AS [t]
2025-07-30 08:37:35.204 +05:30 [INF] Executing OkObjectResult, writing value of type 'AuthNet.Models.DTO.TaxSettingResponseDto'.
2025-07-30 08:37:35.208 +05:30 [INF] Executed action AuthNet.Controllers.TaxSettingsController.GetAll (AuthNet) in 27.0169ms
2025-07-30 08:37:35.208 +05:30 [INF] Executed endpoint 'AuthNet.Controllers.TaxSettingsController.GetAll (AuthNet)'
2025-07-30 08:37:35.209 +05:30 [INF] Request finished HTTP/1.1 GET https://localhost:7165/api/TaxSettings - 200 null application/json; charset=utf-8 31.2385ms
2025-07-30 08:40:00.330 +05:30 [INF] Request starting HTTP/1.1 GET https://localhost:7165/api/Products - null null
2025-07-30 08:40:00.331 +05:30 [INF] Executing endpoint 'AuthNet.Controllers.ProductsController.GetAll (AuthNet)'
2025-07-30 08:40:00.337 +05:30 [INF] Route matched with {action = "GetAll", controller = "Products"}. Executing controller action with signature System.Threading.Tasks.Task`1[Microsoft.AspNetCore.Mvc.IActionResult] GetAll() on controller AuthNet.Controllers.ProductsController (AuthNet).
2025-07-30 08:40:00.346 +05:30 [INF] Executed DbCommand (6ms) [Parameters=[], CommandType='"Text"', CommandTimeout='30']
SELECT [p].[ProductId], [p].[CategoryId], [p].[CostPrice], [p].[Description], [p].[Name], [p].[ProductCode], [p].[ProductKey], [p].[SellPrice], [p].[SupplierId]
FROM [Products] AS [p]
2025-07-30 08:40:00.346 +05:30 [INF] Executing OkObjectResult, writing value of type 'System.Collections.Generic.List`1[[AuthNet.Models.Domain.Product, AuthNet, Version=1.0.0.0, Culture=neutral, PublicKeyToken=null]]'.
2025-07-30 08:40:00.346 +05:30 [INF] Executed action AuthNet.Controllers.ProductsController.GetAll (AuthNet) in 9.0567ms
2025-07-30 08:40:00.346 +05:30 [INF] Executed endpoint 'AuthNet.Controllers.ProductsController.GetAll (AuthNet)'
2025-07-30 08:40:00.347 +05:30 [INF] Request finished HTTP/1.1 GET https://localhost:7165/api/Products - 200 null application/json; charset=utf-8 20.5292ms
2025-07-30 08:40:00.363 +05:30 [INF] Request starting HTTP/1.1 GET https://localhost:7165/api/InvoiceTemplates - null null
2025-07-30 08:40:00.364 +05:30 [INF] Executing endpoint 'AuthNet.Controllers.InvoiceTemplatesController.GetAll (AuthNet)'
2025-07-30 08:40:00.364 +05:30 [INF] Route matched with {action = "GetAll", controller = "InvoiceTemplates"}. Executing controller action with signature System.Threading.Tasks.Task`1[Microsoft.AspNetCore.Mvc.IActionResult] GetAll() on controller AuthNet.Controllers.InvoiceTemplatesController (AuthNet).
2025-07-30 08:40:00.371 +05:30 [INF] Executed DbCommand (4ms) [Parameters=[], CommandType='"Text"', CommandTimeout='30']
SELECT [i].[Id], [i].[Layout], [i].[Notes], [i].[TermsAndConditions]
FROM [InvoiceTemplates] AS [i]
2025-07-30 08:40:00.372 +05:30 [INF] Executing OkObjectResult, writing value of type 'System.Collections.Generic.List`1[[AuthNet.Models.Domain.InvoiceTemplate, AuthNet, Version=1.0.0.0, Culture=neutral, PublicKeyToken=null]]'.
2025-07-30 08:40:00.372 +05:30 [INF] Executed action AuthNet.Controllers.InvoiceTemplatesController.GetAll (AuthNet) in 8.1973ms
2025-07-30 08:40:00.372 +05:30 [INF] Executed endpoint 'AuthNet.Controllers.InvoiceTemplatesController.GetAll (AuthNet)'
2025-07-30 08:40:00.373 +05:30 [INF] Request finished HTTP/1.1 GET https://localhost:7165/api/InvoiceTemplates - 200 null application/json; charset=utf-8 9.5687ms
2025-07-30 08:40:00.388 +05:30 [INF] Request starting HTTP/1.1 GET https://localhost:7165/api/categories - null null
2025-07-30 08:40:00.388 +05:30 [INF] Executing endpoint 'AuthNet.Controllers.CategoriesController.GetAll (AuthNet)'
2025-07-30 08:40:00.388 +05:30 [INF] Route matched with {action = "GetAll", controller = "Categories"}. Executing controller action with signature System.Threading.Tasks.Task`1[Microsoft.AspNetCore.Mvc.IActionResult] GetAll() on controller AuthNet.Controllers.CategoriesController (AuthNet).
2025-07-30 08:40:00.403 +05:30 [INF] Executed DbCommand (12ms) [Parameters=[], CommandType='"Text"', CommandTimeout='30']
SELECT [c].[CategoryId], [c].[Description], [c].[Name]
FROM [Categories] AS [c]
2025-07-30 08:40:00.404 +05:30 [INF] Executing OkObjectResult, writing value of type 'System.Collections.Generic.List`1[[AuthNet.Models.Domain.Category, AuthNet, Version=1.0.0.0, Culture=neutral, PublicKeyToken=null]]'.
2025-07-30 08:40:00.404 +05:30 [INF] Executed action AuthNet.Controllers.CategoriesController.GetAll (AuthNet) in 15.7623ms
2025-07-30 08:40:00.404 +05:30 [INF] Executed endpoint 'AuthNet.Controllers.CategoriesController.GetAll (AuthNet)'
2025-07-30 08:40:00.405 +05:30 [INF] Request finished HTTP/1.1 GET https://localhost:7165/api/categories - 200 null application/json; charset=utf-8 17.0811ms
2025-07-30 08:40:00.416 +05:30 [INF] Request starting HTTP/1.1 GET https://localhost:7165/api/Settings/Get - null null
2025-07-30 08:40:00.416 +05:30 [INF] Executing endpoint 'AuthNet.Controllers.SettingsController.GetCompanyInfo (AuthNet)'
2025-07-30 08:40:00.417 +05:30 [INF] Route matched with {action = "GetCompanyInfo", controller = "Settings"}. Executing controller action with signature System.Threading.Tasks.Task`1[Microsoft.AspNetCore.Mvc.IActionResult] GetCompanyInfo() on controller AuthNet.Controllers.SettingsController (AuthNet).
2025-07-30 08:40:00.422 +05:30 [INF] Executed DbCommand (4ms) [Parameters=[], CommandType='"Text"', CommandTimeout='30']
SELECT TOP(1) [c].[Id], [c].[Address], [c].[AlternateContactNumber], [c].[ContactNumber], [c].[Email], [c].[GSTIN], [c].[LogoFileExtension], [c].[LogoFilePath], [c].[LogoFileSizeInBytes], [c].[LogoName], [c].[Name], [c].[SignFileExtension], [c].[SignFilePath], [c].[SignFileSizeInBytes], [c].[SignName]
FROM [CompanyInfos] AS [c]
2025-07-30 08:40:00.423 +05:30 [INF] Executing OkObjectResult, writing value of type 'AuthNet.Models.DTO.CompanyInfoResponseDto'.
2025-07-30 08:40:00.423 +05:30 [INF] Executed action AuthNet.Controllers.SettingsController.GetCompanyInfo (AuthNet) in 6.336ms
2025-07-30 08:40:00.423 +05:30 [INF] Executed endpoint 'AuthNet.Controllers.SettingsController.GetCompanyInfo (AuthNet)'
2025-07-30 08:40:00.424 +05:30 [INF] Request finished HTTP/1.1 GET https://localhost:7165/api/Settings/Get - 200 null application/json; charset=utf-8 7.9068ms
2025-07-30 08:40:00.442 +05:30 [INF] Request starting HTTP/1.1 GET https://localhost:7165/api/TaxSettings - null null
2025-07-30 08:40:00.442 +05:30 [INF] Executing endpoint 'AuthNet.Controllers.TaxSettingsController.GetAll (AuthNet)'
2025-07-30 08:40:00.442 +05:30 [INF] Route matched with {action = "GetAll", controller = "TaxSettings"}. Executing controller action with signature System.Threading.Tasks.Task`1[Microsoft.AspNetCore.Mvc.IActionResult] GetAll() on controller AuthNet.Controllers.TaxSettingsController (AuthNet).
2025-07-30 08:40:00.448 +05:30 [INF] Executed DbCommand (3ms) [Parameters=[], CommandType='"Text"', CommandTimeout='30']
SELECT TOP(1) [t].[Id], [t].[CGST], [t].[IGST], [t].[SGST]
FROM [TaxSettings] AS [t]
2025-07-30 08:40:00.448 +05:30 [INF] Executing OkObjectResult, writing value of type 'AuthNet.Models.DTO.TaxSettingResponseDto'.
2025-07-30 08:40:00.448 +05:30 [INF] Executed action AuthNet.Controllers.TaxSettingsController.GetAll (AuthNet) in 6.0271ms
2025-07-30 08:40:00.448 +05:30 [INF] Executed endpoint 'AuthNet.Controllers.TaxSettingsController.GetAll (AuthNet)'
2025-07-30 08:40:00.449 +05:30 [INF] Request finished HTTP/1.1 GET https://localhost:7165/api/TaxSettings - 200 null application/json; charset=utf-8 7.4159ms
2025-07-30 09:30:32.160 +05:30 [INF] User profile is available. Using 'C:\Users\Admin\AppData\Local\ASP.NET\DataProtection-Keys' as key repository and Windows DPAPI to encrypt keys at rest.
2025-07-30 09:30:32.708 +05:30 [INF] Now listening on: https://localhost:7165
2025-07-30 09:30:32.709 +05:30 [INF] Now listening on: http://localhost:5008
2025-07-30 09:30:33.040 +05:30 [INF] Application started. Press Ctrl+C to shut down.
2025-07-30 09:30:33.040 +05:30 [INF] Hosting environment: Development
2025-07-30 09:30:33.041 +05:30 [INF] Content root path: C:\Users\Admin\Source\Repos\AuthNet\AuthNet
2025-07-30 09:30:36.055 +05:30 [INF] Request starting HTTP/2 GET https://localhost:7165/swagger/index.html - null null
2025-07-30 09:30:36.746 +05:30 [INF] Request finished HTTP/2 GET https://localhost:7165/swagger/index.html - 200 null text/html;charset=utf-8 703.8049ms
2025-07-30 09:30:36.902 +05:30 [INF] Request starting HTTP/2 GET https://localhost:7165/_framework/aspnetcore-browser-refresh.js - null null
2025-07-30 09:30:36.916 +05:30 [INF] Request finished HTTP/2 GET https://localhost:7165/_framework/aspnetcore-browser-refresh.js - 200 16499 application/javascript; charset=utf-8 14.369ms
2025-07-30 09:30:36.953 +05:30 [INF] Request starting HTTP/2 GET https://localhost:7165/_vs/browserLink - null null
2025-07-30 09:30:36.957 +05:30 [INF] Request starting HTTP/1.1 GET https://localhost:7165/api/Sales/DailyProfit - null null
2025-07-30 09:30:37.165 +05:30 [INF] Request finished HTTP/2 GET https://localhost:7165/_vs/browserLink - 200 null text/javascript; charset=UTF-8 212.0147ms
2025-07-30 09:30:37.186 +05:30 [INF] Executing endpoint 'AuthNet.Controllers.SalesController.GetDailyProfit (AuthNet)'
2025-07-30 09:30:37.240 +05:30 [INF] Route matched with {action = "GetDailyProfit", controller = "Sales"}. Executing controller action with signature System.Threading.Tasks.Task`1[Microsoft.AspNetCore.Mvc.IActionResult] GetDailyProfit() on controller AuthNet.Controllers.SalesController (AuthNet).
2025-07-30 09:30:37.480 +05:30 [INF] Request starting HTTP/2 GET https://localhost:7165/swagger/v1/swagger.json - null null
2025-07-30 09:30:37.719 +05:30 [INF] Request finished HTTP/2 GET https://localhost:7165/swagger/v1/swagger.json - 200 null application/json;charset=utf-8 238.497ms
2025-07-30 09:30:39.076 +05:30 [WRN] No store type was specified for the decimal property 'TotalAmount' on entity type 'Order'. This will cause values to be silently truncated if they do not fit in the default precision and scale. Explicitly specify the SQL server column type that can accommodate all the values in 'OnModelCreating' using 'HasColumnType', specify precision and scale using 'HasPrecision', or configure a value converter using 'HasConversion'.
2025-07-30 09:30:39.077 +05:30 [WRN] No store type was specified for the decimal property 'UnitPrice' on entity type 'OrderItem'. This will cause values to be silently truncated if they do not fit in the default precision and scale. Explicitly specify the SQL server column type that can accommodate all the values in 'OnModelCreating' using 'HasColumnType', specify precision and scale using 'HasPrecision', or configure a value converter using 'HasConversion'.
2025-07-30 09:30:39.077 +05:30 [WRN] No store type was specified for the decimal property 'CostPrice' on entity type 'Product'. This will cause values to be silently truncated if they do not fit in the default precision and scale. Explicitly specify the SQL server column type that can accommodate all the values in 'OnModelCreating' using 'HasColumnType', specify precision and scale using 'HasPrecision', or configure a value converter using 'HasConversion'.
2025-07-30 09:30:39.077 +05:30 [WRN] No store type was specified for the decimal property 'SellPrice' on entity type 'Product'. This will cause values to be silently truncated if they do not fit in the default precision and scale. Explicitly specify the SQL server column type that can accommodate all the values in 'OnModelCreating' using 'HasColumnType', specify precision and scale using 'HasPrecision', or configure a value converter using 'HasConversion'.
2025-07-30 09:30:39.077 +05:30 [WRN] No store type was specified for the decimal property 'TotalAmount' on entity type 'PurchaseOrder'. This will cause values to be silently truncated if they do not fit in the default precision and scale. Explicitly specify the SQL server column type that can accommodate all the values in 'OnModelCreating' using 'HasColumnType', specify precision and scale using 'HasPrecision', or configure a value converter using 'HasConversion'.
2025-07-30 09:30:39.077 +05:30 [WRN] No store type was specified for the decimal property 'UnitPrice' on entity type 'PurchaseOrderItems'. This will cause values to be silently truncated if they do not fit in the default precision and scale. Explicitly specify the SQL server column type that can accommodate all the values in 'OnModelCreating' using 'HasColumnType', specify precision and scale using 'HasPrecision', or configure a value converter using 'HasConversion'.
2025-07-30 09:30:39.078 +05:30 [WRN] No store type was specified for the decimal property 'AfterTaxAmount' on entity type 'Sale'. This will cause values to be silently truncated if they do not fit in the default precision and scale. Explicitly specify the SQL server column type that can accommodate all the values in 'OnModelCreating' using 'HasColumnType', specify precision and scale using 'HasPrecision', or configure a value converter using 'HasConversion'.
2025-07-30 09:30:39.078 +05:30 [WRN] No store type was specified for the decimal property 'DiscountedAmount' on entity type 'Sale'. This will cause values to be silently truncated if they do not fit in the default precision and scale. Explicitly specify the SQL server column type that can accommodate all the values in 'OnModelCreating' using 'HasColumnType', specify precision and scale using 'HasPrecision', or configure a value converter using 'HasConversion'.
2025-07-30 09:30:39.078 +05:30 [WRN] No store type was specified for the decimal property 'PrincipalAmount' on entity type 'Sale'. This will cause values to be silently truncated if they do not fit in the default precision and scale. Explicitly specify the SQL server column type that can accommodate all the values in 'OnModelCreating' using 'HasColumnType', specify precision and scale using 'HasPrecision', or configure a value converter using 'HasConversion'.
2025-07-30 09:30:39.078 +05:30 [WRN] No store type was specified for the decimal property 'TotalAmount' on entity type 'Sale'. This will cause values to be silently truncated if they do not fit in the default precision and scale. Explicitly specify the SQL server column type that can accommodate all the values in 'OnModelCreating' using 'HasColumnType', specify precision and scale using 'HasPrecision', or configure a value converter using 'HasConversion'.
2025-07-30 09:30:39.078 +05:30 [WRN] No store type was specified for the decimal property 'TotalPrice' on entity type 'SaleItem'. This will cause values to be silently truncated if they do not fit in the default precision and scale. Explicitly specify the SQL server column type that can accommodate all the values in 'OnModelCreating' using 'HasColumnType', specify precision and scale using 'HasPrecision', or configure a value converter using 'HasConversion'.
2025-07-30 09:30:39.078 +05:30 [WRN] No store type was specified for the decimal property 'UnitPrice' on entity type 'SaleItem'. This will cause values to be silently truncated if they do not fit in the default precision and scale. Explicitly specify the SQL server column type that can accommodate all the values in 'OnModelCreating' using 'HasColumnType', specify precision and scale using 'HasPrecision', or configure a value converter using 'HasConversion'.
2025-07-30 09:30:39.078 +05:30 [WRN] No store type was specified for the decimal property 'CGST' on entity type 'TaxSetting'. This will cause values to be silently truncated if they do not fit in the default precision and scale. Explicitly specify the SQL server column type that can accommodate all the values in 'OnModelCreating' using 'HasColumnType', specify precision and scale using 'HasPrecision', or configure a value converter using 'HasConversion'.
2025-07-30 09:30:39.078 +05:30 [WRN] No store type was specified for the decimal property 'IGST' on entity type 'TaxSetting'. This will cause values to be silently truncated if they do not fit in the default precision and scale. Explicitly specify the SQL server column type that can accommodate all the values in 'OnModelCreating' using 'HasColumnType', specify precision and scale using 'HasPrecision', or configure a value converter using 'HasConversion'.
2025-07-30 09:30:39.078 +05:30 [WRN] No store type was specified for the decimal property 'SGST' on entity type 'TaxSetting'. This will cause values to be silently truncated if they do not fit in the default precision and scale. Explicitly specify the SQL server column type that can accommodate all the values in 'OnModelCreating' using 'HasColumnType', specify precision and scale using 'HasPrecision', or configure a value converter using 'HasConversion'.
2025-07-30 09:30:40.790 +05:30 [INF] Executed DbCommand (101ms) [Parameters=[@__date_Date_0='?' (DbType = DateTime2)], CommandType='"Text"', CommandTimeout='30']
SELECT [s].[Id], [s].[ProductId], [s].[ProductName], [s].[Quantity], [s].[SaleId], [s].[TotalPrice], [s].[UnitPrice], [s0].[Id], [s0].[AfterTaxAmount], [s0].[CreatedAt], [s0].[DiscountedAmount], [s0].[InvoiceDate], [s0].[InvoiceNo], [s0].[PrincipalAmount], [s0].[Template], [s0].[TotalAmount]
FROM [SaleItems] AS [s]
INNER JOIN [Sales] AS [s0] ON [s].[SaleId] = [s0].[Id]
WHERE CONVERT(date, [s0].[InvoiceDate]) = @__date_Date_0
2025-07-30 09:30:40.966 +05:30 [INF] Executed DbCommand (11ms) [Parameters=[@__productIds_0='?' (Size = 4000)], CommandType='"Text"', CommandTimeout='30']
SELECT [p].[ProductId], [p].[CategoryId], [p].[CostPrice], [p].[Description], [p].[Name], [p].[ProductCode], [p].[ProductKey], [p].[SellPrice], [p].[SupplierId]
FROM [Products] AS [p]
WHERE [p].[ProductId] IN (
    SELECT [p0].[value]
    FROM OPENJSON(@__productIds_0) WITH ([value] int '$') AS [p0]
)
2025-07-30 09:30:40.975 +05:30 [INF] Executing OkObjectResult, writing value of type 'AuthNet.Models.DTO.DailyProfitDto'.
2025-07-30 09:30:41.023 +05:30 [INF] Executed action AuthNet.Controllers.SalesController.GetDailyProfit (AuthNet) in 3777.4717ms
2025-07-30 09:30:41.024 +05:30 [INF] Executed endpoint 'AuthNet.Controllers.SalesController.GetDailyProfit (AuthNet)'
2025-07-30 09:30:41.040 +05:30 [INF] Request finished HTTP/1.1 GET https://localhost:7165/api/Sales/DailyProfit - 200 null application/json; charset=utf-8 4084.5602ms
2025-07-30 09:30:41.085 +05:30 [INF] Request starting HTTP/1.1 GET https://localhost:7165/api/Sales/CurrentMonthProfit - null null
2025-07-30 09:30:41.095 +05:30 [INF] Executing endpoint 'AuthNet.Controllers.SalesController.GetCurrentMonthProfit (AuthNet)'
2025-07-30 09:30:41.100 +05:30 [INF] Route matched with {action = "GetCurrentMonthProfit", controller = "Sales"}. Executing controller action with signature System.Threading.Tasks.Task`1[Microsoft.AspNetCore.Mvc.IActionResult] GetCurrentMonthProfit() on controller AuthNet.Controllers.SalesController (AuthNet).
2025-07-30 09:30:41.147 +05:30 [INF] Executed DbCommand (9ms) [Parameters=[@__currentYear_0='?' (DbType = Int32), @__currentMonth_1='?' (DbType = Int32)], CommandType='"Text"', CommandTimeout='30']
SELECT [s].[Id], [s].[ProductId], [s].[ProductName], [s].[Quantity], [s].[SaleId], [s].[TotalPrice], [s].[UnitPrice], [s0].[Id], [s0].[AfterTaxAmount], [s0].[CreatedAt], [s0].[DiscountedAmount], [s0].[InvoiceDate], [s0].[InvoiceNo], [s0].[PrincipalAmount], [s0].[Template], [s0].[TotalAmount]
FROM [SaleItems] AS [s]
INNER JOIN [Sales] AS [s0] ON [s].[SaleId] = [s0].[Id]
WHERE DATEPART(year, [s0].[InvoiceDate]) = @__currentYear_0 AND DATEPART(month, [s0].[InvoiceDate]) = @__currentMonth_1
2025-07-30 09:30:41.261 +05:30 [INF] Executed DbCommand (3ms) [Parameters=[@__productIds_0='?' (Size = 4000)], CommandType='"Text"', CommandTimeout='30']
SELECT [p].[ProductId], [p].[CategoryId], [p].[CostPrice], [p].[Description], [p].[Name], [p].[ProductCode], [p].[ProductKey], [p].[SellPrice], [p].[SupplierId]
FROM [Products] AS [p]
WHERE [p].[ProductId] IN (
    SELECT [p0].[value]
    FROM OPENJSON(@__productIds_0) WITH ([value] int '$') AS [p0]
)
2025-07-30 09:30:41.312 +05:30 [INF] Executing OkObjectResult, writing value of type 'AuthNet.Models.DTO.MonthlyProfitDto'.
2025-07-30 09:30:41.315 +05:30 [INF] Executed action AuthNet.Controllers.SalesController.GetCurrentMonthProfit (AuthNet) in 214.7266ms
2025-07-30 09:30:41.315 +05:30 [INF] Executed endpoint 'AuthNet.Controllers.SalesController.GetCurrentMonthProfit (AuthNet)'
2025-07-30 09:30:41.316 +05:30 [INF] Request finished HTTP/1.1 GET https://localhost:7165/api/Sales/CurrentMonthProfit - 200 null application/json; charset=utf-8 230.208ms
2025-07-30 09:30:41.334 +05:30 [INF] Request starting HTTP/1.1 GET https://localhost:7165/api/Sales/CurrentYearProfit - null null
2025-07-30 09:30:41.338 +05:30 [INF] Executing endpoint 'AuthNet.Controllers.SalesController.GetCurrentYearProfit (AuthNet)'
2025-07-30 09:30:41.344 +05:30 [INF] Route matched with {action = "GetCurrentYearProfit", controller = "Sales"}. Executing controller action with signature System.Threading.Tasks.Task`1[Microsoft.AspNetCore.Mvc.IActionResult] GetCurrentYearProfit() on controller AuthNet.Controllers.SalesController (AuthNet).
2025-07-30 09:30:41.440 +05:30 [INF] Executed DbCommand (5ms) [Parameters=[@__currentYear_0='?' (DbType = Int32)], CommandType='"Text"', CommandTimeout='30']
SELECT [s].[Id], [s].[ProductId], [s].[ProductName], [s].[Quantity], [s].[SaleId], [s].[TotalPrice], [s].[UnitPrice], [s0].[Id], [s0].[AfterTaxAmount], [s0].[CreatedAt], [s0].[DiscountedAmount], [s0].[InvoiceDate], [s0].[InvoiceNo], [s0].[PrincipalAmount], [s0].[Template], [s0].[TotalAmount]
FROM [SaleItems] AS [s]
INNER JOIN [Sales] AS [s0] ON [s].[SaleId] = [s0].[Id]
WHERE DATEPART(year, [s0].[InvoiceDate]) = @__currentYear_0
2025-07-30 09:30:41.443 +05:30 [INF] Executed DbCommand (1ms) [Parameters=[@__productIds_0='?' (Size = 4000)], CommandType='"Text"', CommandTimeout='30']
SELECT [p].[ProductId], [p].[CategoryId], [p].[CostPrice], [p].[Description], [p].[Name], [p].[ProductCode], [p].[ProductKey], [p].[SellPrice], [p].[SupplierId]
FROM [Products] AS [p]
WHERE [p].[ProductId] IN (
    SELECT [p0].[value]
    FROM OPENJSON(@__productIds_0) WITH ([value] int '$') AS [p0]
)
2025-07-30 09:30:41.445 +05:30 [INF] Executing OkObjectResult, writing value of type 'AuthNet.Models.DTO.YearlyProfitDto'.
2025-07-30 09:30:41.446 +05:30 [INF] Executed action AuthNet.Controllers.SalesController.GetCurrentYearProfit (AuthNet) in 101.8458ms
2025-07-30 09:30:41.446 +05:30 [INF] Executed endpoint 'AuthNet.Controllers.SalesController.GetCurrentYearProfit (AuthNet)'
2025-07-30 09:30:41.447 +05:30 [INF] Request finished HTTP/1.1 GET https://localhost:7165/api/Sales/CurrentYearProfit - 200 null application/json; charset=utf-8 112.5792ms
2025-07-30 09:30:41.463 +05:30 [INF] Request starting HTTP/1.1 GET https://localhost:7165/api/Products/count - null null
2025-07-30 09:30:41.464 +05:30 [INF] Executing endpoint 'AuthNet.Controllers.ProductsController.GetProductCount (AuthNet)'
2025-07-30 09:30:41.468 +05:30 [INF] Route matched with {action = "GetProductCount", controller = "Products"}. Executing controller action with signature System.Threading.Tasks.Task`1[Microsoft.AspNetCore.Mvc.IActionResult] GetProductCount() on controller AuthNet.Controllers.ProductsController (AuthNet).
2025-07-30 09:30:41.510 +05:30 [INF] Executed DbCommand (7ms) [Parameters=[], CommandType='"Text"', CommandTimeout='30']
SELECT COUNT(*)
FROM [Products] AS [p]
2025-07-30 09:30:41.517 +05:30 [INF] Executing OkObjectResult, writing value of type 'System.Int32'.
2025-07-30 09:30:41.520 +05:30 [INF] Executed action AuthNet.Controllers.ProductsController.GetProductCount (AuthNet) in 51.5965ms
2025-07-30 09:30:41.520 +05:30 [INF] Executed endpoint 'AuthNet.Controllers.ProductsController.GetProductCount (AuthNet)'
2025-07-30 09:30:41.521 +05:30 [INF] Request finished HTTP/1.1 GET https://localhost:7165/api/Products/count - 200 null application/json; charset=utf-8 57.8771ms
2025-07-30 09:30:41.536 +05:30 [INF] Request starting HTTP/1.1 GET https://localhost:7165/api/Suppliers/count - null null
2025-07-30 09:30:41.537 +05:30 [INF] Executing endpoint 'AuthNet.Controllers.SuppliersController.GetSupplierCount (AuthNet)'
2025-07-30 09:30:41.546 +05:30 [INF] Route matched with {action = "GetSupplierCount", controller = "Suppliers"}. Executing controller action with signature System.Threading.Tasks.Task`1[Microsoft.AspNetCore.Mvc.IActionResult] GetSupplierCount() on controller AuthNet.Controllers.SuppliersController (AuthNet).
2025-07-30 09:30:41.562 +05:30 [INF] Executed DbCommand (6ms) [Parameters=[], CommandType='"Text"', CommandTimeout='30']
SELECT COUNT(*)
FROM [Suppliers] AS [s]
2025-07-30 09:30:41.563 +05:30 [INF] Executing OkObjectResult, writing value of type 'System.Int32'.
2025-07-30 09:30:41.564 +05:30 [INF] Executed action AuthNet.Controllers.SuppliersController.GetSupplierCount (AuthNet) in 17.7606ms
2025-07-30 09:30:41.564 +05:30 [INF] Executed endpoint 'AuthNet.Controllers.SuppliersController.GetSupplierCount (AuthNet)'
2025-07-30 09:30:41.564 +05:30 [INF] Request finished HTTP/1.1 GET https://localhost:7165/api/Suppliers/count - 200 null application/json; charset=utf-8 28.0501ms
2025-07-30 09:30:41.584 +05:30 [INF] Request starting HTTP/1.1 GET https://localhost:7165/api/Categories/count - null null
2025-07-30 09:30:41.585 +05:30 [INF] Executing endpoint 'AuthNet.Controllers.CategoriesController.GetCategoryCount (AuthNet)'
2025-07-30 09:30:41.591 +05:30 [INF] Route matched with {action = "GetCategoryCount", controller = "Categories"}. Executing controller action with signature System.Threading.Tasks.Task`1[Microsoft.AspNetCore.Mvc.IActionResult] GetCategoryCount() on controller AuthNet.Controllers.CategoriesController (AuthNet).
2025-07-30 09:30:41.603 +05:30 [INF] Executed DbCommand (4ms) [Parameters=[], CommandType='"Text"', CommandTimeout='30']
SELECT COUNT(*)
FROM [Categories] AS [c]
2025-07-30 09:30:41.604 +05:30 [INF] Executing OkObjectResult, writing value of type 'System.Int32'.
2025-07-30 09:30:41.604 +05:30 [INF] Executed action AuthNet.Controllers.CategoriesController.GetCategoryCount (AuthNet) in 13.1303ms
2025-07-30 09:30:41.604 +05:30 [INF] Executed endpoint 'AuthNet.Controllers.CategoriesController.GetCategoryCount (AuthNet)'
2025-07-30 09:30:41.605 +05:30 [INF] Request finished HTTP/1.1 GET https://localhost:7165/api/Categories/count - 200 null application/json; charset=utf-8 20.8912ms
2025-07-30 09:30:41.619 +05:30 [INF] Request starting HTTP/1.1 GET https://localhost:7165/api/Orders/count - null null
2025-07-30 09:30:41.620 +05:30 [INF] Executing endpoint 'AuthNet.Controllers.OrdersController.GetOrderCount (AuthNet)'
2025-07-30 09:30:41.627 +05:30 [INF] Route matched with {action = "GetOrderCount", controller = "Orders"}. Executing controller action with signature System.Threading.Tasks.Task`1[Microsoft.AspNetCore.Mvc.IActionResult] GetOrderCount() on controller AuthNet.Controllers.OrdersController (AuthNet).
2025-07-30 09:30:41.645 +05:30 [INF] Executed DbCommand (9ms) [Parameters=[], CommandType='"Text"', CommandTimeout='30']
SELECT COUNT(*)
FROM [Orders] AS [o]
2025-07-30 09:30:41.646 +05:30 [INF] Executing OkObjectResult, writing value of type 'System.Int32'.
2025-07-30 09:30:41.646 +05:30 [INF] Executed action AuthNet.Controllers.OrdersController.GetOrderCount (AuthNet) in 19.2985ms
2025-07-30 09:30:41.647 +05:30 [INF] Executed endpoint 'AuthNet.Controllers.OrdersController.GetOrderCount (AuthNet)'
2025-07-30 09:30:41.647 +05:30 [INF] Request finished HTTP/1.1 GET https://localhost:7165/api/Orders/count - 200 null application/json; charset=utf-8 27.7852ms
2025-07-30 09:30:41.660 +05:30 [INF] Request starting HTTP/1.1 GET https://localhost:7165/api/Customers/count - null null
2025-07-30 09:30:41.661 +05:30 [INF] Executing endpoint 'AuthNet.Controllers.CustomersController.GetCustomerCount (AuthNet)'
2025-07-30 09:30:41.665 +05:30 [INF] Route matched with {action = "GetCustomerCount", controller = "Customers"}. Executing controller action with signature System.Threading.Tasks.Task`1[Microsoft.AspNetCore.Mvc.IActionResult] GetCustomerCount() on controller AuthNet.Controllers.CustomersController (AuthNet).
2025-07-30 09:30:41.675 +05:30 [INF] Executed DbCommand (4ms) [Parameters=[], CommandType='"Text"', CommandTimeout='30']
SELECT COUNT(*)
FROM [Customers] AS [c]
2025-07-30 09:30:41.676 +05:30 [INF] Executing OkObjectResult, writing value of type 'System.Int32'.
2025-07-30 09:30:41.676 +05:30 [INF] Executed action AuthNet.Controllers.CustomersController.GetCustomerCount (AuthNet) in 11.618ms
2025-07-30 09:30:41.677 +05:30 [INF] Executed endpoint 'AuthNet.Controllers.CustomersController.GetCustomerCount (AuthNet)'
2025-07-30 09:30:41.677 +05:30 [INF] Request finished HTTP/1.1 GET https://localhost:7165/api/Customers/count - 200 null application/json; charset=utf-8 17.0662ms
2025-07-30 09:30:41.688 +05:30 [INF] Request starting HTTP/1.1 GET https://localhost:7165/api/Tasks - null null
2025-07-30 09:30:41.689 +05:30 [INF] Executing endpoint 'AuthNet.Controllers.TasksController.GetTasks (AuthNet)'
2025-07-30 09:30:41.691 +05:30 [INF] Route matched with {action = "GetTasks", controller = "Tasks"}. Executing controller action with signature Microsoft.AspNetCore.Mvc.IActionResult GetTasks() on controller AuthNet.Controllers.TasksController (AuthNet).
2025-07-30 09:30:41.741 +05:30 [INF] Executed DbCommand (12ms) [Parameters=[], CommandType='"Text"', CommandTimeout='30']
SELECT [t].[Id], [t].[Title], [t].[DueDate]
FROM [Tasks] AS [t]
2025-07-30 09:30:41.749 +05:30 [INF] Executing OkObjectResult, writing value of type 'System.Collections.Generic.List`1[[AuthNet.Models.DTO.TaskItemDto, AuthNet, Version=1.0.0.0, Culture=neutral, PublicKeyToken=null]]'.
2025-07-30 09:30:41.755 +05:30 [INF] Executed action AuthNet.Controllers.TasksController.GetTasks (AuthNet) in 64.1057ms
2025-07-30 09:30:41.756 +05:30 [INF] Executed endpoint 'AuthNet.Controllers.TasksController.GetTasks (AuthNet)'
2025-07-30 09:30:41.756 +05:30 [INF] Request finished HTTP/1.1 GET https://localhost:7165/api/Tasks - 200 null application/json; charset=utf-8 68.0299ms
2025-07-30 09:30:41.772 +05:30 [INF] Request starting HTTP/1.1 GET https://localhost:7165/api/Settings/Get - null null
2025-07-30 09:30:41.773 +05:30 [INF] Executing endpoint 'AuthNet.Controllers.SettingsController.GetCompanyInfo (AuthNet)'
2025-07-30 09:30:41.780 +05:30 [INF] Route matched with {action = "GetCompanyInfo", controller = "Settings"}. Executing controller action with signature System.Threading.Tasks.Task`1[Microsoft.AspNetCore.Mvc.IActionResult] GetCompanyInfo() on controller AuthNet.Controllers.SettingsController (AuthNet).
2025-07-30 09:30:41.787 +05:30 [WRN] The query uses the 'First'/'FirstOrDefault' operator without 'OrderBy' and filter operators. This may lead to unpredictable results.
2025-07-30 09:30:41.800 +05:30 [INF] Executed DbCommand (5ms) [Parameters=[], CommandType='"Text"', CommandTimeout='30']
SELECT TOP(1) [c].[Id], [c].[Address], [c].[AlternateContactNumber], [c].[ContactNumber], [c].[Email], [c].[GSTIN], [c].[LogoFileExtension], [c].[LogoFilePath], [c].[LogoFileSizeInBytes], [c].[LogoName], [c].[Name], [c].[SignFileExtension], [c].[SignFilePath], [c].[SignFileSizeInBytes], [c].[SignName]
FROM [CompanyInfos] AS [c]
2025-07-30 09:30:41.836 +05:30 [INF] Executing OkObjectResult, writing value of type 'AuthNet.Models.DTO.CompanyInfoResponseDto'.
2025-07-30 09:30:41.839 +05:30 [INF] Executed action AuthNet.Controllers.SettingsController.GetCompanyInfo (AuthNet) in 58.5671ms
2025-07-30 09:30:41.839 +05:30 [INF] Executed endpoint 'AuthNet.Controllers.SettingsController.GetCompanyInfo (AuthNet)'
2025-07-30 09:30:41.839 +05:30 [INF] Request finished HTTP/1.1 GET https://localhost:7165/api/Settings/Get - 200 null application/json; charset=utf-8 67.6269ms
2025-07-30 09:30:42.554 +05:30 [INF] Request starting HTTP/2 GET https://localhost:7165/api/Products/CategoryWiseProductCount - null null
2025-07-30 09:30:42.555 +05:30 [INF] Request starting HTTP/2 GET https://localhost:7165/api/Sales/WeeklyProfit - null null
2025-07-30 09:30:42.558 +05:30 [INF] CORS policy execution successful.
2025-07-30 09:30:42.558 +05:30 [INF] CORS policy execution successful.
2025-07-30 09:30:42.561 +05:30 [INF] Executing endpoint 'AuthNet.Controllers.ProductsController.GetCategoryWiseProductCount (AuthNet)'
2025-07-30 09:30:42.561 +05:30 [INF] Executing endpoint 'AuthNet.Controllers.SalesController.GetWeeklyProfit (AuthNet)'
2025-07-30 09:30:42.567 +05:30 [INF] Route matched with {action = "GetWeeklyProfit", controller = "Sales"}. Executing controller action with signature System.Threading.Tasks.Task`1[Microsoft.AspNetCore.Mvc.IActionResult] GetWeeklyProfit() on controller AuthNet.Controllers.SalesController (AuthNet).
2025-07-30 09:30:42.567 +05:30 [INF] Route matched with {action = "GetCategoryWiseProductCount", controller = "Products"}. Executing controller action with signature System.Threading.Tasks.Task`1[Microsoft.AspNetCore.Mvc.IActionResult] GetCategoryWiseProductCount() on controller AuthNet.Controllers.ProductsController (AuthNet).
2025-07-30 09:30:42.620 +05:30 [INF] Executed DbCommand (25ms) [Parameters=[@__startDate_0='?' (DbType = DateTime2), @__endDate_1='?' (DbType = DateTime2)], CommandType='"Text"', CommandTimeout='30']
SELECT [s].[Id], [s].[ProductId], [s].[ProductName], [s].[Quantity], [s].[SaleId], [s].[TotalPrice], [s].[UnitPrice], [s0].[Id], [s0].[AfterTaxAmount], [s0].[CreatedAt], [s0].[DiscountedAmount], [s0].[InvoiceDate], [s0].[InvoiceNo], [s0].[PrincipalAmount], [s0].[Template], [s0].[TotalAmount]
FROM [SaleItems] AS [s]
INNER JOIN [Sales] AS [s0] ON [s].[SaleId] = [s0].[Id]
WHERE CONVERT(date, [s0].[InvoiceDate]) >= @__startDate_0 AND CONVERT(date, [s0].[InvoiceDate]) <= @__endDate_1
2025-07-30 09:30:42.628 +05:30 [INF] Executed DbCommand (3ms) [Parameters=[@__productIds_0='?' (Size = 4000)], CommandType='"Text"', CommandTimeout='30']
SELECT [p].[ProductId], [p].[CategoryId], [p].[CostPrice], [p].[Description], [p].[Name], [p].[ProductCode], [p].[ProductKey], [p].[SellPrice], [p].[SupplierId]
FROM [Products] AS [p]
WHERE [p].[ProductId] IN (
    SELECT [p0].[value]
    FROM OPENJSON(@__productIds_0) WITH ([value] int '$') AS [p0]
)
2025-07-30 09:30:42.652 +05:30 [INF] Executing OkObjectResult, writing value of type 'System.Collections.Generic.List`1[[AuthNet.Models.DTO.DailyProfitDto, AuthNet, Version=1.0.0.0, Culture=neutral, PublicKeyToken=null]]'.
2025-07-30 09:30:42.654 +05:30 [INF] Executed action AuthNet.Controllers.SalesController.GetWeeklyProfit (AuthNet) in 86.1094ms
2025-07-30 09:30:42.654 +05:30 [INF] Executed endpoint 'AuthNet.Controllers.SalesController.GetWeeklyProfit (AuthNet)'
2025-07-30 09:30:42.654 +05:30 [INF] Request finished HTTP/2 GET https://localhost:7165/api/Sales/WeeklyProfit - 200 null application/json; charset=utf-8 100.6369ms
2025-07-30 09:30:42.696 +05:30 [INF] Executed DbCommand (9ms) [Parameters=[], CommandType='"Text"', CommandTimeout='30']
SELECT [c].[Name] AS [CategoryName], COUNT(*) AS [ProductCount]
FROM [Products] AS [p]
LEFT JOIN [Categories] AS [c] ON [p].[CategoryId] = [c].[CategoryId]
WHERE [c].[CategoryId] IS NOT NULL
GROUP BY [c].[Name]
2025-07-30 09:30:42.697 +05:30 [INF] Executing OkObjectResult, writing value of type 'System.Collections.Generic.List`1[[AuthNet.Models.DTO.CategoryProductCountDto, AuthNet, Version=1.0.0.0, Culture=neutral, PublicKeyToken=null]]'.
2025-07-30 09:30:42.699 +05:30 [INF] Executed action AuthNet.Controllers.ProductsController.GetCategoryWiseProductCount (AuthNet) in 131.0638ms
2025-07-30 09:30:42.699 +05:30 [INF] Executed endpoint 'AuthNet.Controllers.ProductsController.GetCategoryWiseProductCount (AuthNet)'
2025-07-30 09:30:42.699 +05:30 [INF] Request finished HTTP/2 GET https://localhost:7165/api/Products/CategoryWiseProductCount - 200 null application/json; charset=utf-8 145.5337ms
2025-07-30 09:31:03.809 +05:30 [INF] Request starting HTTP/1.1 POST https://localhost:7165/api/Auth/login - application/json; charset=utf-8 null
2025-07-30 09:31:03.812 +05:30 [INF] Executing endpoint 'AuthNet.Controllers.AuthController.Login (AuthNet)'
2025-07-30 09:31:03.828 +05:30 [INF] Route matched with {action = "Login", controller = "Auth"}. Executing controller action with signature System.Threading.Tasks.Task`1[Microsoft.AspNetCore.Mvc.IActionResult] Login(AuthNet.Models.DTO.LoginDto) on controller AuthNet.Controllers.AuthController (AuthNet).
2025-07-30 09:31:03.907 +05:30 [INF] Executed DbCommand (11ms) [Parameters=[@__username_0='?' (Size = 100)], CommandType='"Text"', CommandTimeout='30']
SELECT TOP(1) [u].[UserId], [u].[CreatedAt], [u].[Email], [u].[Firstname], [u].[Lastname], [u].[PasswordHash], [u].[Role], [u].[Username]
FROM [Users] AS [u]
WHERE [u].[Username] = @__username_0
2025-07-30 09:31:04.563 +05:30 [INF] Executing OkObjectResult, writing value of type 'AuthNet.Models.DTO.ServiceResponse`1[[AuthNet.Models.DTO.LoginResponseDto, AuthNet, Version=1.0.0.0, Culture=neutral, PublicKeyToken=null]]'.
2025-07-30 09:31:04.567 +05:30 [INF] Executed action AuthNet.Controllers.AuthController.Login (AuthNet) in 739.1002ms
2025-07-30 09:31:04.567 +05:30 [INF] Executed endpoint 'AuthNet.Controllers.AuthController.Login (AuthNet)'
2025-07-30 09:31:04.567 +05:30 [INF] Request finished HTTP/1.1 POST https://localhost:7165/api/Auth/login - 200 null application/json; charset=utf-8 758.3329ms
2025-07-30 09:31:04.594 +05:30 [INF] Request starting HTTP/1.1 GET https://localhost:7165/api/Sales/DailyProfit - null null
2025-07-30 09:31:04.595 +05:30 [INF] Executing endpoint 'AuthNet.Controllers.SalesController.GetDailyProfit (AuthNet)'
2025-07-30 09:31:04.596 +05:30 [INF] Route matched with {action = "GetDailyProfit", controller = "Sales"}. Executing controller action with signature System.Threading.Tasks.Task`1[Microsoft.AspNetCore.Mvc.IActionResult] GetDailyProfit() on controller AuthNet.Controllers.SalesController (AuthNet).
2025-07-30 09:31:04.603 +05:30 [INF] Executed DbCommand (5ms) [Parameters=[@__date_Date_0='?' (DbType = DateTime2)], CommandType='"Text"', CommandTimeout='30']
SELECT [s].[Id], [s].[ProductId], [s].[ProductName], [s].[Quantity], [s].[SaleId], [s].[TotalPrice], [s].[UnitPrice], [s0].[Id], [s0].[AfterTaxAmount], [s0].[CreatedAt], [s0].[DiscountedAmount], [s0].[InvoiceDate], [s0].[InvoiceNo], [s0].[PrincipalAmount], [s0].[Template], [s0].[TotalAmount]
FROM [SaleItems] AS [s]
INNER JOIN [Sales] AS [s0] ON [s].[SaleId] = [s0].[Id]
WHERE CONVERT(date, [s0].[InvoiceDate]) = @__date_Date_0
2025-07-30 09:31:04.612 +05:30 [INF] Executed DbCommand (8ms) [Parameters=[@__productIds_0='?' (Size = 4000)], CommandType='"Text"', CommandTimeout='30']
SELECT [p].[ProductId], [p].[CategoryId], [p].[CostPrice], [p].[Description], [p].[Name], [p].[ProductCode], [p].[ProductKey], [p].[SellPrice], [p].[SupplierId]
FROM [Products] AS [p]
WHERE [p].[ProductId] IN (
    SELECT [p0].[value]
    FROM OPENJSON(@__productIds_0) WITH ([value] int '$') AS [p0]
)
2025-07-30 09:31:04.612 +05:30 [INF] Executing OkObjectResult, writing value of type 'AuthNet.Models.DTO.DailyProfitDto'.
2025-07-30 09:31:04.612 +05:30 [INF] Executed action AuthNet.Controllers.SalesController.GetDailyProfit (AuthNet) in 16.521ms
2025-07-30 09:31:04.612 +05:30 [INF] Executed endpoint 'AuthNet.Controllers.SalesController.GetDailyProfit (AuthNet)'
2025-07-30 09:31:04.613 +05:30 [INF] Request finished HTTP/1.1 GET https://localhost:7165/api/Sales/DailyProfit - 200 null application/json; charset=utf-8 18.3892ms
2025-07-30 09:31:04.623 +05:30 [INF] Request starting HTTP/1.1 GET https://localhost:7165/api/Sales/CurrentMonthProfit - null null
2025-07-30 09:31:04.624 +05:30 [INF] Executing endpoint 'AuthNet.Controllers.SalesController.GetCurrentMonthProfit (AuthNet)'
2025-07-30 09:31:04.624 +05:30 [INF] Route matched with {action = "GetCurrentMonthProfit", controller = "Sales"}. Executing controller action with signature System.Threading.Tasks.Task`1[Microsoft.AspNetCore.Mvc.IActionResult] GetCurrentMonthProfit() on controller AuthNet.Controllers.SalesController (AuthNet).
2025-07-30 09:31:04.631 +05:30 [INF] Executed DbCommand (5ms) [Parameters=[@__currentYear_0='?' (DbType = Int32), @__currentMonth_1='?' (DbType = Int32)], CommandType='"Text"', CommandTimeout='30']
SELECT [s].[Id], [s].[ProductId], [s].[ProductName], [s].[Quantity], [s].[SaleId], [s].[TotalPrice], [s].[UnitPrice], [s0].[Id], [s0].[AfterTaxAmount], [s0].[CreatedAt], [s0].[DiscountedAmount], [s0].[InvoiceDate], [s0].[InvoiceNo], [s0].[PrincipalAmount], [s0].[Template], [s0].[TotalAmount]
FROM [SaleItems] AS [s]
INNER JOIN [Sales] AS [s0] ON [s].[SaleId] = [s0].[Id]
WHERE DATEPART(year, [s0].[InvoiceDate]) = @__currentYear_0 AND DATEPART(month, [s0].[InvoiceDate]) = @__currentMonth_1
2025-07-30 09:31:04.633 +05:30 [INF] Executed DbCommand (1ms) [Parameters=[@__productIds_0='?' (Size = 4000)], CommandType='"Text"', CommandTimeout='30']
SELECT [p].[ProductId], [p].[CategoryId], [p].[CostPrice], [p].[Description], [p].[Name], [p].[ProductCode], [p].[ProductKey], [p].[SellPrice], [p].[SupplierId]
FROM [Products] AS [p]
WHERE [p].[ProductId] IN (
    SELECT [p0].[value]
    FROM OPENJSON(@__productIds_0) WITH ([value] int '$') AS [p0]
)
2025-07-30 09:31:04.634 +05:30 [INF] Executing OkObjectResult, writing value of type 'AuthNet.Models.DTO.MonthlyProfitDto'.
2025-07-30 09:31:04.634 +05:30 [INF] Executed action AuthNet.Controllers.SalesController.GetCurrentMonthProfit (AuthNet) in 9.657ms
2025-07-30 09:31:04.634 +05:30 [INF] Executed endpoint 'AuthNet.Controllers.SalesController.GetCurrentMonthProfit (AuthNet)'
2025-07-30 09:31:04.635 +05:30 [INF] Request finished HTTP/1.1 GET https://localhost:7165/api/Sales/CurrentMonthProfit - 200 null application/json; charset=utf-8 11.7098ms
2025-07-30 09:31:04.646 +05:30 [INF] Request starting HTTP/1.1 GET https://localhost:7165/api/Sales/CurrentYearProfit - null null
2025-07-30 09:31:04.646 +05:30 [INF] Executing endpoint 'AuthNet.Controllers.SalesController.GetCurrentYearProfit (AuthNet)'
2025-07-30 09:31:04.646 +05:30 [INF] Route matched with {action = "GetCurrentYearProfit", controller = "Sales"}. Executing controller action with signature System.Threading.Tasks.Task`1[Microsoft.AspNetCore.Mvc.IActionResult] GetCurrentYearProfit() on controller AuthNet.Controllers.SalesController (AuthNet).
2025-07-30 09:31:04.652 +05:30 [INF] Executed DbCommand (4ms) [Parameters=[@__currentYear_0='?' (DbType = Int32)], CommandType='"Text"', CommandTimeout='30']
SELECT [s].[Id], [s].[ProductId], [s].[ProductName], [s].[Quantity], [s].[SaleId], [s].[TotalPrice], [s].[UnitPrice], [s0].[Id], [s0].[AfterTaxAmount], [s0].[CreatedAt], [s0].[DiscountedAmount], [s0].[InvoiceDate], [s0].[InvoiceNo], [s0].[PrincipalAmount], [s0].[Template], [s0].[TotalAmount]
FROM [SaleItems] AS [s]
INNER JOIN [Sales] AS [s0] ON [s].[SaleId] = [s0].[Id]
WHERE DATEPART(year, [s0].[InvoiceDate]) = @__currentYear_0
2025-07-30 09:31:04.654 +05:30 [INF] Executed DbCommand (1ms) [Parameters=[@__productIds_0='?' (Size = 4000)], CommandType='"Text"', CommandTimeout='30']
SELECT [p].[ProductId], [p].[CategoryId], [p].[CostPrice], [p].[Description], [p].[Name], [p].[ProductCode], [p].[ProductKey], [p].[SellPrice], [p].[SupplierId]
FROM [Products] AS [p]
WHERE [p].[ProductId] IN (
    SELECT [p0].[value]
    FROM OPENJSON(@__productIds_0) WITH ([value] int '$') AS [p0]
)
2025-07-30 09:31:04.655 +05:30 [INF] Executing OkObjectResult, writing value of type 'AuthNet.Models.DTO.YearlyProfitDto'.
2025-07-30 09:31:04.655 +05:30 [INF] Executed action AuthNet.Controllers.SalesController.GetCurrentYearProfit (AuthNet) in 8.6816ms
2025-07-30 09:31:04.655 +05:30 [INF] Executed endpoint 'AuthNet.Controllers.SalesController.GetCurrentYearProfit (AuthNet)'
2025-07-30 09:31:04.656 +05:30 [INF] Request finished HTTP/1.1 GET https://localhost:7165/api/Sales/CurrentYearProfit - 200 null application/json; charset=utf-8 10.0716ms
2025-07-30 09:31:04.667 +05:30 [INF] Request starting HTTP/1.1 GET https://localhost:7165/api/Products/count - null null
2025-07-30 09:31:04.668 +05:30 [INF] Executing endpoint 'AuthNet.Controllers.ProductsController.GetProductCount (AuthNet)'
2025-07-30 09:31:04.668 +05:30 [INF] Route matched with {action = "GetProductCount", controller = "Products"}. Executing controller action with signature System.Threading.Tasks.Task`1[Microsoft.AspNetCore.Mvc.IActionResult] GetProductCount() on controller AuthNet.Controllers.ProductsController (AuthNet).
2025-07-30 09:31:04.672 +05:30 [INF] Executed DbCommand (2ms) [Parameters=[], CommandType='"Text"', CommandTimeout='30']
SELECT COUNT(*)
FROM [Products] AS [p]
2025-07-30 09:31:04.673 +05:30 [INF] Executing OkObjectResult, writing value of type 'System.Int32'.
2025-07-30 09:31:04.673 +05:30 [INF] Executed action AuthNet.Controllers.ProductsController.GetProductCount (AuthNet) in 5.2889ms
2025-07-30 09:31:04.673 +05:30 [INF] Executed endpoint 'AuthNet.Controllers.ProductsController.GetProductCount (AuthNet)'
2025-07-30 09:31:04.675 +05:30 [INF] Request finished HTTP/1.1 GET https://localhost:7165/api/Products/count - 200 null application/json; charset=utf-8 7.7508ms
2025-07-30 09:31:04.688 +05:30 [INF] Request starting HTTP/1.1 GET https://localhost:7165/api/Suppliers/count - null null
2025-07-30 09:31:04.689 +05:30 [INF] Executing endpoint 'AuthNet.Controllers.SuppliersController.GetSupplierCount (AuthNet)'
2025-07-30 09:31:04.689 +05:30 [INF] Route matched with {action = "GetSupplierCount", controller = "Suppliers"}. Executing controller action with signature System.Threading.Tasks.Task`1[Microsoft.AspNetCore.Mvc.IActionResult] GetSupplierCount() on controller AuthNet.Controllers.SuppliersController (AuthNet).
2025-07-30 09:31:04.695 +05:30 [INF] Executed DbCommand (3ms) [Parameters=[], CommandType='"Text"', CommandTimeout='30']
SELECT COUNT(*)
FROM [Suppliers] AS [s]
2025-07-30 09:31:04.696 +05:30 [INF] Executing OkObjectResult, writing value of type 'System.Int32'.
2025-07-30 09:31:04.696 +05:30 [INF] Executed action AuthNet.Controllers.SuppliersController.GetSupplierCount (AuthNet) in 6.9449ms
2025-07-30 09:31:04.696 +05:30 [INF] Executed endpoint 'AuthNet.Controllers.SuppliersController.GetSupplierCount (AuthNet)'
2025-07-30 09:31:04.697 +05:30 [INF] Request finished HTTP/1.1 GET https://localhost:7165/api/Suppliers/count - 200 null application/json; charset=utf-8 8.5987ms
2025-07-30 09:31:04.715 +05:30 [INF] Request starting HTTP/1.1 GET https://localhost:7165/api/Categories/count - null null
2025-07-30 09:31:04.717 +05:30 [INF] Executing endpoint 'AuthNet.Controllers.CategoriesController.GetCategoryCount (AuthNet)'
2025-07-30 09:31:04.717 +05:30 [INF] Route matched with {action = "GetCategoryCount", controller = "Categories"}. Executing controller action with signature System.Threading.Tasks.Task`1[Microsoft.AspNetCore.Mvc.IActionResult] GetCategoryCount() on controller AuthNet.Controllers.CategoriesController (AuthNet).
2025-07-30 09:31:04.731 +05:30 [INF] Executed DbCommand (11ms) [Parameters=[], CommandType='"Text"', CommandTimeout='30']
SELECT COUNT(*)
FROM [Categories] AS [c]
2025-07-30 09:31:04.731 +05:30 [INF] Executing OkObjectResult, writing value of type 'System.Int32'.
2025-07-30 09:31:04.732 +05:30 [INF] Executed action AuthNet.Controllers.CategoriesController.GetCategoryCount (AuthNet) in 14.3319ms
2025-07-30 09:31:04.732 +05:30 [INF] Executed endpoint 'AuthNet.Controllers.CategoriesController.GetCategoryCount (AuthNet)'
2025-07-30 09:31:04.732 +05:30 [INF] Request finished HTTP/1.1 GET https://localhost:7165/api/Categories/count - 200 null application/json; charset=utf-8 16.8544ms
2025-07-30 09:31:04.744 +05:30 [INF] Request starting HTTP/1.1 GET https://localhost:7165/api/Orders/count - null null
2025-07-30 09:31:04.745 +05:30 [INF] Executing endpoint 'AuthNet.Controllers.OrdersController.GetOrderCount (AuthNet)'
2025-07-30 09:31:04.745 +05:30 [INF] Route matched with {action = "GetOrderCount", controller = "Orders"}. Executing controller action with signature System.Threading.Tasks.Task`1[Microsoft.AspNetCore.Mvc.IActionResult] GetOrderCount() on controller AuthNet.Controllers.OrdersController (AuthNet).
2025-07-30 09:31:04.750 +05:30 [INF] Executed DbCommand (3ms) [Parameters=[], CommandType='"Text"', CommandTimeout='30']
SELECT COUNT(*)
FROM [Orders] AS [o]
2025-07-30 09:31:04.750 +05:30 [INF] Executing OkObjectResult, writing value of type 'System.Int32'.
2025-07-30 09:31:04.750 +05:30 [INF] Executed action AuthNet.Controllers.OrdersController.GetOrderCount (AuthNet) in 4.9747ms
2025-07-30 09:31:04.750 +05:30 [INF] Executed endpoint 'AuthNet.Controllers.OrdersController.GetOrderCount (AuthNet)'
2025-07-30 09:31:04.751 +05:30 [INF] Request finished HTTP/1.1 GET https://localhost:7165/api/Orders/count - 200 null application/json; charset=utf-8 6.38ms
2025-07-30 09:31:04.768 +05:30 [INF] Request starting HTTP/1.1 GET https://localhost:7165/api/Customers/count - null null
2025-07-30 09:31:04.768 +05:30 [INF] Executing endpoint 'AuthNet.Controllers.CustomersController.GetCustomerCount (AuthNet)'
2025-07-30 09:31:04.768 +05:30 [INF] Route matched with {action = "GetCustomerCount", controller = "Customers"}. Executing controller action with signature System.Threading.Tasks.Task`1[Microsoft.AspNetCore.Mvc.IActionResult] GetCustomerCount() on controller AuthNet.Controllers.CustomersController (AuthNet).
2025-07-30 09:31:04.773 +05:30 [INF] Executed DbCommand (3ms) [Parameters=[], CommandType='"Text"', CommandTimeout='30']
SELECT COUNT(*)
FROM [Customers] AS [c]
2025-07-30 09:31:04.774 +05:30 [INF] Executing OkObjectResult, writing value of type 'System.Int32'.
2025-07-30 09:31:04.774 +05:30 [INF] Executed action AuthNet.Controllers.CustomersController.GetCustomerCount (AuthNet) in 5.9404ms
2025-07-30 09:31:04.774 +05:30 [INF] Executed endpoint 'AuthNet.Controllers.CustomersController.GetCustomerCount (AuthNet)'
2025-07-30 09:31:04.775 +05:30 [INF] Request finished HTTP/1.1 GET https://localhost:7165/api/Customers/count - 200 null application/json; charset=utf-8 6.9965ms
2025-07-30 09:31:04.788 +05:30 [INF] Request starting HTTP/1.1 GET https://localhost:7165/api/Tasks - null null
2025-07-30 09:31:04.788 +05:30 [INF] Executing endpoint 'AuthNet.Controllers.TasksController.GetTasks (AuthNet)'
2025-07-30 09:31:04.789 +05:30 [INF] Route matched with {action = "GetTasks", controller = "Tasks"}. Executing controller action with signature Microsoft.AspNetCore.Mvc.IActionResult GetTasks() on controller AuthNet.Controllers.TasksController (AuthNet).
2025-07-30 09:31:04.794 +05:30 [INF] Executed DbCommand (1ms) [Parameters=[], CommandType='"Text"', CommandTimeout='30']
SELECT [t].[Id], [t].[Title], [t].[DueDate]
FROM [Tasks] AS [t]
2025-07-30 09:31:04.795 +05:30 [INF] Executing OkObjectResult, writing value of type 'System.Collections.Generic.List`1[[AuthNet.Models.DTO.TaskItemDto, AuthNet, Version=1.0.0.0, Culture=neutral, PublicKeyToken=null]]'.
2025-07-30 09:31:04.795 +05:30 [INF] Executed action AuthNet.Controllers.TasksController.GetTasks (AuthNet) in 6.2658ms
2025-07-30 09:31:04.795 +05:30 [INF] Executed endpoint 'AuthNet.Controllers.TasksController.GetTasks (AuthNet)'
2025-07-30 09:31:04.795 +05:30 [INF] Request finished HTTP/1.1 GET https://localhost:7165/api/Tasks - 200 null application/json; charset=utf-8 7.7386ms
2025-07-30 09:31:04.810 +05:30 [INF] Request starting HTTP/1.1 GET https://localhost:7165/api/Settings/Get - null null
2025-07-30 09:31:04.812 +05:30 [INF] Executing endpoint 'AuthNet.Controllers.SettingsController.GetCompanyInfo (AuthNet)'
2025-07-30 09:31:04.812 +05:30 [INF] Route matched with {action = "GetCompanyInfo", controller = "Settings"}. Executing controller action with signature System.Threading.Tasks.Task`1[Microsoft.AspNetCore.Mvc.IActionResult] GetCompanyInfo() on controller AuthNet.Controllers.SettingsController (AuthNet).
2025-07-30 09:31:04.817 +05:30 [INF] Executed DbCommand (4ms) [Parameters=[], CommandType='"Text"', CommandTimeout='30']
SELECT TOP(1) [c].[Id], [c].[Address], [c].[AlternateContactNumber], [c].[ContactNumber], [c].[Email], [c].[GSTIN], [c].[LogoFileExtension], [c].[LogoFilePath], [c].[LogoFileSizeInBytes], [c].[LogoName], [c].[Name], [c].[SignFileExtension], [c].[SignFilePath], [c].[SignFileSizeInBytes], [c].[SignName]
FROM [CompanyInfos] AS [c]
2025-07-30 09:31:04.818 +05:30 [INF] Executing OkObjectResult, writing value of type 'AuthNet.Models.DTO.CompanyInfoResponseDto'.
2025-07-30 09:31:04.818 +05:30 [INF] Executed action AuthNet.Controllers.SettingsController.GetCompanyInfo (AuthNet) in 6.1675ms
2025-07-30 09:31:04.818 +05:30 [INF] Executed endpoint 'AuthNet.Controllers.SettingsController.GetCompanyInfo (AuthNet)'
2025-07-30 09:31:04.819 +05:30 [INF] Request finished HTTP/1.1 GET https://localhost:7165/api/Settings/Get - 200 null application/json; charset=utf-8 9.0344ms
2025-07-30 09:31:05.045 +05:30 [INF] Request starting HTTP/2 GET https://localhost:7165/api/Products/CategoryWiseProductCount - null null
2025-07-30 09:31:05.045 +05:30 [INF] Request starting HTTP/2 GET https://localhost:7165/api/Sales/WeeklyProfit - null null
2025-07-30 09:31:05.045 +05:30 [INF] CORS policy execution successful.
2025-07-30 09:31:05.045 +05:30 [INF] CORS policy execution successful.
2025-07-30 09:31:05.045 +05:30 [INF] Executing endpoint 'AuthNet.Controllers.SalesController.GetWeeklyProfit (AuthNet)'
2025-07-30 09:31:05.045 +05:30 [INF] Executing endpoint 'AuthNet.Controllers.ProductsController.GetCategoryWiseProductCount (AuthNet)'
2025-07-30 09:31:05.045 +05:30 [INF] Route matched with {action = "GetCategoryWiseProductCount", controller = "Products"}. Executing controller action with signature System.Threading.Tasks.Task`1[Microsoft.AspNetCore.Mvc.IActionResult] GetCategoryWiseProductCount() on controller AuthNet.Controllers.ProductsController (AuthNet).
2025-07-30 09:31:05.045 +05:30 [INF] Route matched with {action = "GetWeeklyProfit", controller = "Sales"}. Executing controller action with signature System.Threading.Tasks.Task`1[Microsoft.AspNetCore.Mvc.IActionResult] GetWeeklyProfit() on controller AuthNet.Controllers.SalesController (AuthNet).
2025-07-30 09:31:05.064 +05:30 [INF] Executed DbCommand (16ms) [Parameters=[@__startDate_0='?' (DbType = DateTime2), @__endDate_1='?' (DbType = DateTime2)], CommandType='"Text"', CommandTimeout='30']
SELECT [s].[Id], [s].[ProductId], [s].[ProductName], [s].[Quantity], [s].[SaleId], [s].[TotalPrice], [s].[UnitPrice], [s0].[Id], [s0].[AfterTaxAmount], [s0].[CreatedAt], [s0].[DiscountedAmount], [s0].[InvoiceDate], [s0].[InvoiceNo], [s0].[PrincipalAmount], [s0].[Template], [s0].[TotalAmount]
FROM [SaleItems] AS [s]
INNER JOIN [Sales] AS [s0] ON [s].[SaleId] = [s0].[Id]
WHERE CONVERT(date, [s0].[InvoiceDate]) >= @__startDate_0 AND CONVERT(date, [s0].[InvoiceDate]) <= @__endDate_1
2025-07-30 09:31:05.069 +05:30 [INF] Executed DbCommand (1ms) [Parameters=[@__productIds_0='?' (Size = 4000)], CommandType='"Text"', CommandTimeout='30']
SELECT [p].[ProductId], [p].[CategoryId], [p].[CostPrice], [p].[Description], [p].[Name], [p].[ProductCode], [p].[ProductKey], [p].[SellPrice], [p].[SupplierId]
FROM [Products] AS [p]
WHERE [p].[ProductId] IN (
    SELECT [p0].[value]
    FROM OPENJSON(@__productIds_0) WITH ([value] int '$') AS [p0]
)
2025-07-30 09:31:05.070 +05:30 [INF] Executing OkObjectResult, writing value of type 'System.Collections.Generic.List`1[[AuthNet.Models.DTO.DailyProfitDto, AuthNet, Version=1.0.0.0, Culture=neutral, PublicKeyToken=null]]'.
2025-07-30 09:31:05.071 +05:30 [INF] Executed action AuthNet.Controllers.SalesController.GetWeeklyProfit (AuthNet) in 25.1163ms
2025-07-30 09:31:05.071 +05:30 [INF] Executed endpoint 'AuthNet.Controllers.SalesController.GetWeeklyProfit (AuthNet)'
2025-07-30 09:31:05.071 +05:30 [INF] Request finished HTTP/2 GET https://localhost:7165/api/Sales/WeeklyProfit - 200 null application/json; charset=utf-8 26.646ms
2025-07-30 09:31:05.101 +05:30 [INF] Executed DbCommand (19ms) [Parameters=[], CommandType='"Text"', CommandTimeout='30']
SELECT [c].[Name] AS [CategoryName], COUNT(*) AS [ProductCount]
FROM [Products] AS [p]
LEFT JOIN [Categories] AS [c] ON [p].[CategoryId] = [c].[CategoryId]
WHERE [c].[CategoryId] IS NOT NULL
GROUP BY [c].[Name]
2025-07-30 09:31:05.103 +05:30 [INF] Executing OkObjectResult, writing value of type 'System.Collections.Generic.List`1[[AuthNet.Models.DTO.CategoryProductCountDto, AuthNet, Version=1.0.0.0, Culture=neutral, PublicKeyToken=null]]'.
2025-07-30 09:31:05.104 +05:30 [INF] Executed action AuthNet.Controllers.ProductsController.GetCategoryWiseProductCount (AuthNet) in 58.1491ms
2025-07-30 09:31:05.104 +05:30 [INF] Executed endpoint 'AuthNet.Controllers.ProductsController.GetCategoryWiseProductCount (AuthNet)'
2025-07-30 09:31:05.104 +05:30 [INF] Request finished HTTP/2 GET https://localhost:7165/api/Products/CategoryWiseProductCount - 200 null application/json; charset=utf-8 59.6616ms
2025-07-30 09:31:15.670 +05:30 [INF] Request starting HTTP/1.1 GET https://localhost:7165/api/Products - null null
2025-07-30 09:31:15.670 +05:30 [INF] Executing endpoint 'AuthNet.Controllers.ProductsController.GetAll (AuthNet)'
2025-07-30 09:31:15.678 +05:30 [INF] Route matched with {action = "GetAll", controller = "Products"}. Executing controller action with signature System.Threading.Tasks.Task`1[Microsoft.AspNetCore.Mvc.IActionResult] GetAll() on controller AuthNet.Controllers.ProductsController (AuthNet).
2025-07-30 09:31:15.690 +05:30 [INF] Executed DbCommand (4ms) [Parameters=[], CommandType='"Text"', CommandTimeout='30']
SELECT [p].[ProductId], [p].[CategoryId], [p].[CostPrice], [p].[Description], [p].[Name], [p].[ProductCode], [p].[ProductKey], [p].[SellPrice], [p].[SupplierId]
FROM [Products] AS [p]
2025-07-30 09:31:15.692 +05:30 [INF] Executing OkObjectResult, writing value of type 'System.Collections.Generic.List`1[[AuthNet.Models.Domain.Product, AuthNet, Version=1.0.0.0, Culture=neutral, PublicKeyToken=null]]'.
2025-07-30 09:31:15.701 +05:30 [INF] Executed action AuthNet.Controllers.ProductsController.GetAll (AuthNet) in 23.3771ms
2025-07-30 09:31:15.702 +05:30 [INF] Executed endpoint 'AuthNet.Controllers.ProductsController.GetAll (AuthNet)'
2025-07-30 09:31:15.702 +05:30 [INF] Request finished HTTP/1.1 GET https://localhost:7165/api/Products - 200 null application/json; charset=utf-8 32.5889ms
2025-07-30 09:31:15.719 +05:30 [INF] Request starting HTTP/1.1 GET https://localhost:7165/api/InvoiceTemplates - null null
2025-07-30 09:31:15.719 +05:30 [INF] Executing endpoint 'AuthNet.Controllers.InvoiceTemplatesController.GetAll (AuthNet)'
2025-07-30 09:31:15.722 +05:30 [INF] Route matched with {action = "GetAll", controller = "InvoiceTemplates"}. Executing controller action with signature System.Threading.Tasks.Task`1[Microsoft.AspNetCore.Mvc.IActionResult] GetAll() on controller AuthNet.Controllers.InvoiceTemplatesController (AuthNet).
2025-07-30 09:31:15.735 +05:30 [INF] Executed DbCommand (5ms) [Parameters=[], CommandType='"Text"', CommandTimeout='30']
SELECT [i].[Id], [i].[Layout], [i].[Notes], [i].[TermsAndConditions]
FROM [InvoiceTemplates] AS [i]
2025-07-30 09:31:15.744 +05:30 [INF] Executing OkObjectResult, writing value of type 'System.Collections.Generic.List`1[[AuthNet.Models.Domain.InvoiceTemplate, AuthNet, Version=1.0.0.0, Culture=neutral, PublicKeyToken=null]]'.
2025-07-30 09:31:15.746 +05:30 [INF] Executed action AuthNet.Controllers.InvoiceTemplatesController.GetAll (AuthNet) in 24.0573ms
2025-07-30 09:31:15.746 +05:30 [INF] Executed endpoint 'AuthNet.Controllers.InvoiceTemplatesController.GetAll (AuthNet)'
2025-07-30 09:31:15.746 +05:30 [INF] Request finished HTTP/1.1 GET https://localhost:7165/api/InvoiceTemplates - 200 null application/json; charset=utf-8 27.9125ms
2025-07-30 09:31:15.767 +05:30 [INF] Request starting HTTP/1.1 GET https://localhost:7165/api/categories - null null
2025-07-30 09:31:15.768 +05:30 [INF] Executing endpoint 'AuthNet.Controllers.CategoriesController.GetAll (AuthNet)'
2025-07-30 09:31:15.778 +05:30 [INF] Route matched with {action = "GetAll", controller = "Categories"}. Executing controller action with signature System.Threading.Tasks.Task`1[Microsoft.AspNetCore.Mvc.IActionResult] GetAll() on controller AuthNet.Controllers.CategoriesController (AuthNet).
2025-07-30 09:31:15.790 +05:30 [INF] Executed DbCommand (2ms) [Parameters=[], CommandType='"Text"', CommandTimeout='30']
SELECT [c].[CategoryId], [c].[Description], [c].[Name]
FROM [Categories] AS [c]
2025-07-30 09:31:15.797 +05:30 [INF] Executing OkObjectResult, writing value of type 'System.Collections.Generic.List`1[[AuthNet.Models.Domain.Category, AuthNet, Version=1.0.0.0, Culture=neutral, PublicKeyToken=null]]'.
2025-07-30 09:31:15.798 +05:30 [INF] Executed action AuthNet.Controllers.CategoriesController.GetAll (AuthNet) in 19.7657ms
2025-07-30 09:31:15.798 +05:30 [INF] Executed endpoint 'AuthNet.Controllers.CategoriesController.GetAll (AuthNet)'
2025-07-30 09:31:15.799 +05:30 [INF] Request finished HTTP/1.1 GET https://localhost:7165/api/categories - 200 null application/json; charset=utf-8 31.4797ms
2025-07-30 09:31:15.817 +05:30 [INF] Request starting HTTP/1.1 GET https://localhost:7165/api/Settings/Get - null null
2025-07-30 09:31:15.818 +05:30 [INF] Executing endpoint 'AuthNet.Controllers.SettingsController.GetCompanyInfo (AuthNet)'
2025-07-30 09:31:15.818 +05:30 [INF] Route matched with {action = "GetCompanyInfo", controller = "Settings"}. Executing controller action with signature System.Threading.Tasks.Task`1[Microsoft.AspNetCore.Mvc.IActionResult] GetCompanyInfo() on controller AuthNet.Controllers.SettingsController (AuthNet).
2025-07-30 09:31:15.821 +05:30 [INF] Executed DbCommand (2ms) [Parameters=[], CommandType='"Text"', CommandTimeout='30']
SELECT TOP(1) [c].[Id], [c].[Address], [c].[AlternateContactNumber], [c].[ContactNumber], [c].[Email], [c].[GSTIN], [c].[LogoFileExtension], [c].[LogoFilePath], [c].[LogoFileSizeInBytes], [c].[LogoName], [c].[Name], [c].[SignFileExtension], [c].[SignFilePath], [c].[SignFileSizeInBytes], [c].[SignName]
FROM [CompanyInfos] AS [c]
2025-07-30 09:31:15.824 +05:30 [INF] Executing OkObjectResult, writing value of type 'AuthNet.Models.DTO.CompanyInfoResponseDto'.
2025-07-30 09:31:15.824 +05:30 [INF] Executed action AuthNet.Controllers.SettingsController.GetCompanyInfo (AuthNet) in 6.2356ms
2025-07-30 09:31:15.824 +05:30 [INF] Executed endpoint 'AuthNet.Controllers.SettingsController.GetCompanyInfo (AuthNet)'
2025-07-30 09:31:15.825 +05:30 [INF] Request finished HTTP/1.1 GET https://localhost:7165/api/Settings/Get - 200 null application/json; charset=utf-8 7.9136ms
2025-07-30 09:31:15.842 +05:30 [INF] Request starting HTTP/1.1 GET https://localhost:7165/api/TaxSettings - null null
2025-07-30 09:31:15.843 +05:30 [INF] Executing endpoint 'AuthNet.Controllers.TaxSettingsController.GetAll (AuthNet)'
2025-07-30 09:31:15.846 +05:30 [INF] Route matched with {action = "GetAll", controller = "TaxSettings"}. Executing controller action with signature System.Threading.Tasks.Task`1[Microsoft.AspNetCore.Mvc.IActionResult] GetAll() on controller AuthNet.Controllers.TaxSettingsController (AuthNet).
2025-07-30 09:31:15.849 +05:30 [WRN] The query uses the 'First'/'FirstOrDefault' operator without 'OrderBy' and filter operators. This may lead to unpredictable results.
2025-07-30 09:31:15.856 +05:30 [INF] Executed DbCommand (4ms) [Parameters=[], CommandType='"Text"', CommandTimeout='30']
SELECT TOP(1) [t].[Id], [t].[CGST], [t].[IGST], [t].[SGST]
FROM [TaxSettings] AS [t]
2025-07-30 09:31:15.865 +05:30 [INF] Executing OkObjectResult, writing value of type 'AuthNet.Models.DTO.TaxSettingResponseDto'.
2025-07-30 09:31:15.866 +05:30 [INF] Executed action AuthNet.Controllers.TaxSettingsController.GetAll (AuthNet) in 20.418ms
2025-07-30 09:31:15.866 +05:30 [INF] Executed endpoint 'AuthNet.Controllers.TaxSettingsController.GetAll (AuthNet)'
2025-07-30 09:31:15.867 +05:30 [INF] Request finished HTTP/1.1 GET https://localhost:7165/api/TaxSettings - 200 null application/json; charset=utf-8 24.4945ms
2025-07-30 09:32:51.196 +05:30 [INF] Request starting HTTP/1.1 GET https://localhost:7165/api/Products - null null
2025-07-30 09:32:51.200 +05:30 [INF] Executing endpoint 'AuthNet.Controllers.ProductsController.GetAll (AuthNet)'
2025-07-30 09:32:51.200 +05:30 [INF] Route matched with {action = "GetAll", controller = "Products"}. Executing controller action with signature System.Threading.Tasks.Task`1[Microsoft.AspNetCore.Mvc.IActionResult] GetAll() on controller AuthNet.Controllers.ProductsController (AuthNet).
2025-07-30 09:32:51.211 +05:30 [INF] Executed DbCommand (7ms) [Parameters=[], CommandType='"Text"', CommandTimeout='30']
SELECT [p].[ProductId], [p].[CategoryId], [p].[CostPrice], [p].[Description], [p].[Name], [p].[ProductCode], [p].[ProductKey], [p].[SellPrice], [p].[SupplierId]
FROM [Products] AS [p]
2025-07-30 09:32:51.211 +05:30 [INF] Executing OkObjectResult, writing value of type 'System.Collections.Generic.List`1[[AuthNet.Models.Domain.Product, AuthNet, Version=1.0.0.0, Culture=neutral, PublicKeyToken=null]]'.
2025-07-30 09:32:51.212 +05:30 [INF] Executed action AuthNet.Controllers.ProductsController.GetAll (AuthNet) in 11.6193ms
2025-07-30 09:32:51.212 +05:30 [INF] Executed endpoint 'AuthNet.Controllers.ProductsController.GetAll (AuthNet)'
2025-07-30 09:32:51.212 +05:30 [INF] Request finished HTTP/1.1 GET https://localhost:7165/api/Products - 200 null application/json; charset=utf-8 19.3164ms
2025-07-30 09:32:51.226 +05:30 [INF] Request starting HTTP/1.1 GET https://localhost:7165/api/InvoiceTemplates - null null
2025-07-30 09:32:51.227 +05:30 [INF] Executing endpoint 'AuthNet.Controllers.InvoiceTemplatesController.GetAll (AuthNet)'
2025-07-30 09:32:51.227 +05:30 [INF] Route matched with {action = "GetAll", controller = "InvoiceTemplates"}. Executing controller action with signature System.Threading.Tasks.Task`1[Microsoft.AspNetCore.Mvc.IActionResult] GetAll() on controller AuthNet.Controllers.InvoiceTemplatesController (AuthNet).
2025-07-30 09:32:51.231 +05:30 [INF] Executed DbCommand (3ms) [Parameters=[], CommandType='"Text"', CommandTimeout='30']
SELECT [i].[Id], [i].[Layout], [i].[Notes], [i].[TermsAndConditions]
FROM [InvoiceTemplates] AS [i]
2025-07-30 09:32:51.232 +05:30 [INF] Executing OkObjectResult, writing value of type 'System.Collections.Generic.List`1[[AuthNet.Models.Domain.InvoiceTemplate, AuthNet, Version=1.0.0.0, Culture=neutral, PublicKeyToken=null]]'.
2025-07-30 09:32:51.232 +05:30 [INF] Executed action AuthNet.Controllers.InvoiceTemplatesController.GetAll (AuthNet) in 5.0911ms
2025-07-30 09:32:51.232 +05:30 [INF] Executed endpoint 'AuthNet.Controllers.InvoiceTemplatesController.GetAll (AuthNet)'
2025-07-30 09:32:51.232 +05:30 [INF] Request finished HTTP/1.1 GET https://localhost:7165/api/InvoiceTemplates - 200 null application/json; charset=utf-8 5.9609ms
2025-07-30 09:32:51.246 +05:30 [INF] Request starting HTTP/1.1 GET https://localhost:7165/api/categories - null null
2025-07-30 09:32:51.247 +05:30 [INF] Executing endpoint 'AuthNet.Controllers.CategoriesController.GetAll (AuthNet)'
2025-07-30 09:32:51.247 +05:30 [INF] Route matched with {action = "GetAll", controller = "Categories"}. Executing controller action with signature System.Threading.Tasks.Task`1[Microsoft.AspNetCore.Mvc.IActionResult] GetAll() on controller AuthNet.Controllers.CategoriesController (AuthNet).
2025-07-30 09:32:51.250 +05:30 [INF] Executed DbCommand (2ms) [Parameters=[], CommandType='"Text"', CommandTimeout='30']
SELECT [c].[CategoryId], [c].[Description], [c].[Name]
FROM [Categories] AS [c]
2025-07-30 09:32:51.251 +05:30 [INF] Executing OkObjectResult, writing value of type 'System.Collections.Generic.List`1[[AuthNet.Models.Domain.Category, AuthNet, Version=1.0.0.0, Culture=neutral, PublicKeyToken=null]]'.
2025-07-30 09:32:51.251 +05:30 [INF] Executed action AuthNet.Controllers.CategoriesController.GetAll (AuthNet) in 4.2459ms
2025-07-30 09:32:51.251 +05:30 [INF] Executed endpoint 'AuthNet.Controllers.CategoriesController.GetAll (AuthNet)'
2025-07-30 09:32:51.252 +05:30 [INF] Request finished HTTP/1.1 GET https://localhost:7165/api/categories - 200 null application/json; charset=utf-8 5.8579ms
2025-07-30 09:32:51.264 +05:30 [INF] Request starting HTTP/1.1 GET https://localhost:7165/api/Settings/Get - null null
2025-07-30 09:32:51.264 +05:30 [INF] Executing endpoint 'AuthNet.Controllers.SettingsController.GetCompanyInfo (AuthNet)'
2025-07-30 09:32:51.264 +05:30 [INF] Route matched with {action = "GetCompanyInfo", controller = "Settings"}. Executing controller action with signature System.Threading.Tasks.Task`1[Microsoft.AspNetCore.Mvc.IActionResult] GetCompanyInfo() on controller AuthNet.Controllers.SettingsController (AuthNet).
2025-07-30 09:32:51.269 +05:30 [INF] Executed DbCommand (3ms) [Parameters=[], CommandType='"Text"', CommandTimeout='30']
SELECT TOP(1) [c].[Id], [c].[Address], [c].[AlternateContactNumber], [c].[ContactNumber], [c].[Email], [c].[GSTIN], [c].[LogoFileExtension], [c].[LogoFilePath], [c].[LogoFileSizeInBytes], [c].[LogoName], [c].[Name], [c].[SignFileExtension], [c].[SignFilePath], [c].[SignFileSizeInBytes], [c].[SignName]
FROM [CompanyInfos] AS [c]
2025-07-30 09:32:51.270 +05:30 [INF] Executing OkObjectResult, writing value of type 'AuthNet.Models.DTO.CompanyInfoResponseDto'.
2025-07-30 09:32:51.270 +05:30 [INF] Executed action AuthNet.Controllers.SettingsController.GetCompanyInfo (AuthNet) in 6.0599ms
2025-07-30 09:32:51.271 +05:30 [INF] Executed endpoint 'AuthNet.Controllers.SettingsController.GetCompanyInfo (AuthNet)'
2025-07-30 09:32:51.271 +05:30 [INF] Request finished HTTP/1.1 GET https://localhost:7165/api/Settings/Get - 200 null application/json; charset=utf-8 7.5049ms
2025-07-30 09:32:51.284 +05:30 [INF] Request starting HTTP/1.1 GET https://localhost:7165/api/TaxSettings - null null
2025-07-30 09:32:51.285 +05:30 [INF] Executing endpoint 'AuthNet.Controllers.TaxSettingsController.GetAll (AuthNet)'
2025-07-30 09:32:51.285 +05:30 [INF] Route matched with {action = "GetAll", controller = "TaxSettings"}. Executing controller action with signature System.Threading.Tasks.Task`1[Microsoft.AspNetCore.Mvc.IActionResult] GetAll() on controller AuthNet.Controllers.TaxSettingsController (AuthNet).
2025-07-30 09:32:51.290 +05:30 [INF] Executed DbCommand (2ms) [Parameters=[], CommandType='"Text"', CommandTimeout='30']
SELECT TOP(1) [t].[Id], [t].[CGST], [t].[IGST], [t].[SGST]
FROM [TaxSettings] AS [t]
2025-07-30 09:32:51.290 +05:30 [INF] Executing OkObjectResult, writing value of type 'AuthNet.Models.DTO.TaxSettingResponseDto'.
2025-07-30 09:32:51.291 +05:30 [INF] Executed action AuthNet.Controllers.TaxSettingsController.GetAll (AuthNet) in 5.6697ms
2025-07-30 09:32:51.291 +05:30 [INF] Executed endpoint 'AuthNet.Controllers.TaxSettingsController.GetAll (AuthNet)'
2025-07-30 09:32:51.291 +05:30 [INF] Request finished HTTP/1.1 GET https://localhost:7165/api/TaxSettings - 200 null application/json; charset=utf-8 6.9926ms
2025-07-30 09:33:39.078 +05:30 [INF] Request starting HTTP/1.1 GET https://localhost:7165/api/Products - null null
2025-07-30 09:33:39.081 +05:30 [INF] Executing endpoint 'AuthNet.Controllers.ProductsController.GetAll (AuthNet)'
2025-07-30 09:33:39.081 +05:30 [INF] Route matched with {action = "GetAll", controller = "Products"}. Executing controller action with signature System.Threading.Tasks.Task`1[Microsoft.AspNetCore.Mvc.IActionResult] GetAll() on controller AuthNet.Controllers.ProductsController (AuthNet).
2025-07-30 09:33:39.096 +05:30 [INF] Executed DbCommand (11ms) [Parameters=[], CommandType='"Text"', CommandTimeout='30']
SELECT [p].[ProductId], [p].[CategoryId], [p].[CostPrice], [p].[Description], [p].[Name], [p].[ProductCode], [p].[ProductKey], [p].[SellPrice], [p].[SupplierId]
FROM [Products] AS [p]
2025-07-30 09:33:39.096 +05:30 [INF] Executing OkObjectResult, writing value of type 'System.Collections.Generic.List`1[[AuthNet.Models.Domain.Product, AuthNet, Version=1.0.0.0, Culture=neutral, PublicKeyToken=null]]'.
2025-07-30 09:33:39.097 +05:30 [INF] Executed action AuthNet.Controllers.ProductsController.GetAll (AuthNet) in 15.6814ms
2025-07-30 09:33:39.102 +05:30 [INF] Executed endpoint 'AuthNet.Controllers.ProductsController.GetAll (AuthNet)'
2025-07-30 09:33:39.104 +05:30 [INF] Request finished HTTP/1.1 GET https://localhost:7165/api/Products - 200 null application/json; charset=utf-8 26.7729ms
2025-07-30 09:33:39.144 +05:30 [INF] Request starting HTTP/1.1 GET https://localhost:7165/api/InvoiceTemplates - null null
2025-07-30 09:33:39.144 +05:30 [INF] Executing endpoint 'AuthNet.Controllers.InvoiceTemplatesController.GetAll (AuthNet)'
2025-07-30 09:33:39.144 +05:30 [INF] Route matched with {action = "GetAll", controller = "InvoiceTemplates"}. Executing controller action with signature System.Threading.Tasks.Task`1[Microsoft.AspNetCore.Mvc.IActionResult] GetAll() on controller AuthNet.Controllers.InvoiceTemplatesController (AuthNet).
2025-07-30 09:33:39.152 +05:30 [INF] Executed DbCommand (4ms) [Parameters=[], CommandType='"Text"', CommandTimeout='30']
SELECT [i].[Id], [i].[Layout], [i].[Notes], [i].[TermsAndConditions]
FROM [InvoiceTemplates] AS [i]
2025-07-30 09:33:39.153 +05:30 [INF] Executing OkObjectResult, writing value of type 'System.Collections.Generic.List`1[[AuthNet.Models.Domain.InvoiceTemplate, AuthNet, Version=1.0.0.0, Culture=neutral, PublicKeyToken=null]]'.
2025-07-30 09:33:39.153 +05:30 [INF] Executed action AuthNet.Controllers.InvoiceTemplatesController.GetAll (AuthNet) in 8.9532ms
2025-07-30 09:33:39.153 +05:30 [INF] Executed endpoint 'AuthNet.Controllers.InvoiceTemplatesController.GetAll (AuthNet)'
2025-07-30 09:33:39.153 +05:30 [INF] Request finished HTTP/1.1 GET https://localhost:7165/api/InvoiceTemplates - 200 null application/json; charset=utf-8 9.8798ms
2025-07-30 09:33:39.165 +05:30 [INF] Request starting HTTP/1.1 GET https://localhost:7165/api/categories - null null
2025-07-30 09:33:39.165 +05:30 [INF] Executing endpoint 'AuthNet.Controllers.CategoriesController.GetAll (AuthNet)'
2025-07-30 09:33:39.167 +05:30 [INF] Route matched with {action = "GetAll", controller = "Categories"}. Executing controller action with signature System.Threading.Tasks.Task`1[Microsoft.AspNetCore.Mvc.IActionResult] GetAll() on controller AuthNet.Controllers.CategoriesController (AuthNet).
2025-07-30 09:33:39.172 +05:30 [INF] Executed DbCommand (3ms) [Parameters=[], CommandType='"Text"', CommandTimeout='30']
SELECT [c].[CategoryId], [c].[Description], [c].[Name]
FROM [Categories] AS [c]
2025-07-30 09:33:39.173 +05:30 [INF] Executing OkObjectResult, writing value of type 'System.Collections.Generic.List`1[[AuthNet.Models.Domain.Category, AuthNet, Version=1.0.0.0, Culture=neutral, PublicKeyToken=null]]'.
2025-07-30 09:33:39.173 +05:30 [INF] Executed action AuthNet.Controllers.CategoriesController.GetAll (AuthNet) in 5.1012ms
2025-07-30 09:33:39.173 +05:30 [INF] Executed endpoint 'AuthNet.Controllers.CategoriesController.GetAll (AuthNet)'
2025-07-30 09:33:39.173 +05:30 [INF] Request finished HTTP/1.1 GET https://localhost:7165/api/categories - 200 null application/json; charset=utf-8 8.7261ms
2025-07-30 09:33:39.185 +05:30 [INF] Request starting HTTP/1.1 GET https://localhost:7165/api/Settings/Get - null null
2025-07-30 09:33:39.186 +05:30 [INF] Executing endpoint 'AuthNet.Controllers.SettingsController.GetCompanyInfo (AuthNet)'
2025-07-30 09:33:39.186 +05:30 [INF] Route matched with {action = "GetCompanyInfo", controller = "Settings"}. Executing controller action with signature System.Threading.Tasks.Task`1[Microsoft.AspNetCore.Mvc.IActionResult] GetCompanyInfo() on controller AuthNet.Controllers.SettingsController (AuthNet).
2025-07-30 09:33:39.191 +05:30 [INF] Executed DbCommand (3ms) [Parameters=[], CommandType='"Text"', CommandTimeout='30']
SELECT TOP(1) [c].[Id], [c].[Address], [c].[AlternateContactNumber], [c].[ContactNumber], [c].[Email], [c].[GSTIN], [c].[LogoFileExtension], [c].[LogoFilePath], [c].[LogoFileSizeInBytes], [c].[LogoName], [c].[Name], [c].[SignFileExtension], [c].[SignFilePath], [c].[SignFileSizeInBytes], [c].[SignName]
FROM [CompanyInfos] AS [c]
2025-07-30 09:33:39.191 +05:30 [INF] Executing OkObjectResult, writing value of type 'AuthNet.Models.DTO.CompanyInfoResponseDto'.
2025-07-30 09:33:39.192 +05:30 [INF] Executed action AuthNet.Controllers.SettingsController.GetCompanyInfo (AuthNet) in 5.7823ms
2025-07-30 09:33:39.192 +05:30 [INF] Executed endpoint 'AuthNet.Controllers.SettingsController.GetCompanyInfo (AuthNet)'
2025-07-30 09:33:39.192 +05:30 [INF] Request finished HTTP/1.1 GET https://localhost:7165/api/Settings/Get - 200 null application/json; charset=utf-8 7.1006ms
2025-07-30 09:33:39.205 +05:30 [INF] Request starting HTTP/1.1 GET https://localhost:7165/api/TaxSettings - null null
2025-07-30 09:33:39.206 +05:30 [INF] Executing endpoint 'AuthNet.Controllers.TaxSettingsController.GetAll (AuthNet)'
2025-07-30 09:33:39.206 +05:30 [INF] Route matched with {action = "GetAll", controller = "TaxSettings"}. Executing controller action with signature System.Threading.Tasks.Task`1[Microsoft.AspNetCore.Mvc.IActionResult] GetAll() on controller AuthNet.Controllers.TaxSettingsController (AuthNet).
2025-07-30 09:33:39.213 +05:30 [INF] Executed DbCommand (3ms) [Parameters=[], CommandType='"Text"', CommandTimeout='30']
SELECT TOP(1) [t].[Id], [t].[CGST], [t].[IGST], [t].[SGST]
FROM [TaxSettings] AS [t]
2025-07-30 09:33:39.214 +05:30 [INF] Executing OkObjectResult, writing value of type 'AuthNet.Models.DTO.TaxSettingResponseDto'.
2025-07-30 09:33:39.215 +05:30 [INF] Executed action AuthNet.Controllers.TaxSettingsController.GetAll (AuthNet) in 8.754ms
2025-07-30 09:33:39.215 +05:30 [INF] Executed endpoint 'AuthNet.Controllers.TaxSettingsController.GetAll (AuthNet)'
2025-07-30 09:33:39.215 +05:30 [INF] Request finished HTTP/1.1 GET https://localhost:7165/api/TaxSettings - 200 null application/json; charset=utf-8 10.0073ms
2025-07-30 09:34:41.251 +05:30 [INF] Request starting HTTP/2 GET https://localhost:7165/swagger/index.html - null null
2025-07-30 09:34:41.274 +05:30 [INF] Request finished HTTP/2 GET https://localhost:7165/swagger/index.html - 200 null text/html;charset=utf-8 23.687ms
2025-07-30 09:34:41.350 +05:30 [INF] Request starting HTTP/2 GET https://localhost:7165/_vs/browserLink - null null
2025-07-30 09:34:41.369 +05:30 [INF] Request finished HTTP/2 GET https://localhost:7165/_vs/browserLink - 200 null text/javascript; charset=UTF-8 19.0649ms
2025-07-30 09:34:41.376 +05:30 [INF] Request starting HTTP/2 GET https://localhost:7165/_framework/aspnetcore-browser-refresh.js - null null
2025-07-30 09:34:41.377 +05:30 [INF] Request finished HTTP/2 GET https://localhost:7165/_framework/aspnetcore-browser-refresh.js - 200 16499 application/javascript; charset=utf-8 1.7786ms
2025-07-30 09:34:41.757 +05:30 [INF] Request starting HTTP/2 GET https://localhost:7165/swagger/v1/swagger.json - null null
2025-07-30 09:34:41.831 +05:30 [INF] Request finished HTTP/2 GET https://localhost:7165/swagger/v1/swagger.json - 200 null application/json;charset=utf-8 74.5727ms
2025-07-30 09:34:42.008 +05:30 [INF] Request starting HTTP/1.1 GET https://localhost:7165/api/Products - null null
2025-07-30 09:34:42.009 +05:30 [INF] Executing endpoint 'AuthNet.Controllers.ProductsController.GetAll (AuthNet)'
2025-07-30 09:34:42.015 +05:30 [INF] Route matched with {action = "GetAll", controller = "Products"}. Executing controller action with signature System.Threading.Tasks.Task`1[Microsoft.AspNetCore.Mvc.IActionResult] GetAll() on controller AuthNet.Controllers.ProductsController (AuthNet).
2025-07-30 09:34:42.021 +05:30 [INF] Executed DbCommand (3ms) [Parameters=[], CommandType='"Text"', CommandTimeout='30']
SELECT [p].[ProductId], [p].[CategoryId], [p].[CostPrice], [p].[Description], [p].[Name], [p].[ProductCode], [p].[ProductKey], [p].[SellPrice], [p].[SupplierId]
FROM [Products] AS [p]
2025-07-30 09:34:42.022 +05:30 [INF] Executing OkObjectResult, writing value of type 'System.Collections.Generic.List`1[[AuthNet.Models.Domain.Product, AuthNet, Version=1.0.0.0, Culture=neutral, PublicKeyToken=null]]'.
2025-07-30 09:34:42.027 +05:30 [INF] Executed action AuthNet.Controllers.ProductsController.GetAll (AuthNet) in 12.1375ms
2025-07-30 09:34:42.028 +05:30 [INF] Executed endpoint 'AuthNet.Controllers.ProductsController.GetAll (AuthNet)'
2025-07-30 09:34:42.028 +05:30 [INF] Request finished HTTP/1.1 GET https://localhost:7165/api/Products - 200 null application/json; charset=utf-8 19.4641ms
2025-07-30 09:34:42.050 +05:30 [INF] Request starting HTTP/1.1 GET https://localhost:7165/api/InvoiceTemplates - null null
2025-07-30 09:34:42.054 +05:30 [INF] Executing endpoint 'AuthNet.Controllers.InvoiceTemplatesController.GetAll (AuthNet)'
2025-07-30 09:34:42.057 +05:30 [INF] Route matched with {action = "GetAll", controller = "InvoiceTemplates"}. Executing controller action with signature System.Threading.Tasks.Task`1[Microsoft.AspNetCore.Mvc.IActionResult] GetAll() on controller AuthNet.Controllers.InvoiceTemplatesController (AuthNet).
2025-07-30 09:34:42.061 +05:30 [INF] Executed DbCommand (3ms) [Parameters=[], CommandType='"Text"', CommandTimeout='30']
SELECT [i].[Id], [i].[Layout], [i].[Notes], [i].[TermsAndConditions]
FROM [InvoiceTemplates] AS [i]
2025-07-30 09:34:42.061 +05:30 [INF] Executing OkObjectResult, writing value of type 'System.Collections.Generic.List`1[[AuthNet.Models.Domain.InvoiceTemplate, AuthNet, Version=1.0.0.0, Culture=neutral, PublicKeyToken=null]]'.
2025-07-30 09:34:42.062 +05:30 [INF] Executed action AuthNet.Controllers.InvoiceTemplatesController.GetAll (AuthNet) in 4.9419ms
2025-07-30 09:34:42.062 +05:30 [INF] Executed endpoint 'AuthNet.Controllers.InvoiceTemplatesController.GetAll (AuthNet)'
2025-07-30 09:34:42.063 +05:30 [INF] Request finished HTTP/1.1 GET https://localhost:7165/api/InvoiceTemplates - 200 null application/json; charset=utf-8 12.9492ms
2025-07-30 09:34:42.081 +05:30 [INF] Request starting HTTP/1.1 GET https://localhost:7165/api/categories - null null
2025-07-30 09:34:42.082 +05:30 [INF] Executing endpoint 'AuthNet.Controllers.CategoriesController.GetAll (AuthNet)'
2025-07-30 09:34:42.085 +05:30 [INF] Route matched with {action = "GetAll", controller = "Categories"}. Executing controller action with signature System.Threading.Tasks.Task`1[Microsoft.AspNetCore.Mvc.IActionResult] GetAll() on controller AuthNet.Controllers.CategoriesController (AuthNet).
2025-07-30 09:34:42.089 +05:30 [INF] Executed DbCommand (3ms) [Parameters=[], CommandType='"Text"', CommandTimeout='30']
SELECT [c].[CategoryId], [c].[Description], [c].[Name]
FROM [Categories] AS [c]
2025-07-30 09:34:42.089 +05:30 [INF] Executing OkObjectResult, writing value of type 'System.Collections.Generic.List`1[[AuthNet.Models.Domain.Category, AuthNet, Version=1.0.0.0, Culture=neutral, PublicKeyToken=null]]'.
2025-07-30 09:34:42.090 +05:30 [INF] Executed action AuthNet.Controllers.CategoriesController.GetAll (AuthNet) in 5.2323ms
2025-07-30 09:34:42.091 +05:30 [INF] Executed endpoint 'AuthNet.Controllers.CategoriesController.GetAll (AuthNet)'
2025-07-30 09:34:42.091 +05:30 [INF] Request finished HTTP/1.1 GET https://localhost:7165/api/categories - 200 null application/json; charset=utf-8 9.6893ms
2025-07-30 09:34:42.105 +05:30 [INF] Request starting HTTP/1.1 GET https://localhost:7165/api/Settings/Get - null null
2025-07-30 09:34:42.106 +05:30 [INF] Executing endpoint 'AuthNet.Controllers.SettingsController.GetCompanyInfo (AuthNet)'
2025-07-30 09:34:42.109 +05:30 [INF] Route matched with {action = "GetCompanyInfo", controller = "Settings"}. Executing controller action with signature System.Threading.Tasks.Task`1[Microsoft.AspNetCore.Mvc.IActionResult] GetCompanyInfo() on controller AuthNet.Controllers.SettingsController (AuthNet).
2025-07-30 09:34:42.114 +05:30 [INF] Executed DbCommand (4ms) [Parameters=[], CommandType='"Text"', CommandTimeout='30']
SELECT TOP(1) [c].[Id], [c].[Address], [c].[AlternateContactNumber], [c].[ContactNumber], [c].[Email], [c].[GSTIN], [c].[LogoFileExtension], [c].[LogoFilePath], [c].[LogoFileSizeInBytes], [c].[LogoName], [c].[Name], [c].[SignFileExtension], [c].[SignFilePath], [c].[SignFileSizeInBytes], [c].[SignName]
FROM [CompanyInfos] AS [c]
2025-07-30 09:34:42.115 +05:30 [INF] Executing OkObjectResult, writing value of type 'AuthNet.Models.DTO.CompanyInfoResponseDto'.
2025-07-30 09:34:42.117 +05:30 [INF] Executed action AuthNet.Controllers.SettingsController.GetCompanyInfo (AuthNet) in 8.0186ms
2025-07-30 09:34:42.117 +05:30 [INF] Executed endpoint 'AuthNet.Controllers.SettingsController.GetCompanyInfo (AuthNet)'
2025-07-30 09:34:42.118 +05:30 [INF] Request finished HTTP/1.1 GET https://localhost:7165/api/Settings/Get - 200 null application/json; charset=utf-8 12.4666ms
2025-07-30 09:34:42.490 +05:30 [INF] Request starting HTTP/1.1 GET https://localhost:7165/api/TaxSettings - null null
2025-07-30 09:34:42.490 +05:30 [INF] Executing endpoint 'AuthNet.Controllers.TaxSettingsController.GetAll (AuthNet)'
2025-07-30 09:34:42.494 +05:30 [INF] Route matched with {action = "GetAll", controller = "TaxSettings"}. Executing controller action with signature System.Threading.Tasks.Task`1[Microsoft.AspNetCore.Mvc.IActionResult] GetAll() on controller AuthNet.Controllers.TaxSettingsController (AuthNet).
2025-07-30 09:34:42.575 +05:30 [INF] Executed DbCommand (71ms) [Parameters=[], CommandType='"Text"', CommandTimeout='30']
SELECT TOP(1) [t].[Id], [t].[CGST], [t].[IGST], [t].[SGST]
FROM [TaxSettings] AS [t]
2025-07-30 09:34:42.577 +05:30 [INF] Executing OkObjectResult, writing value of type 'AuthNet.Models.DTO.TaxSettingResponseDto'.
2025-07-30 09:34:42.579 +05:30 [INF] Executed action AuthNet.Controllers.TaxSettingsController.GetAll (AuthNet) in 77.9073ms
2025-07-30 09:34:42.579 +05:30 [INF] Executed endpoint 'AuthNet.Controllers.TaxSettingsController.GetAll (AuthNet)'
2025-07-30 09:34:42.579 +05:30 [INF] Request finished HTTP/1.1 GET https://localhost:7165/api/TaxSettings - 200 null application/json; charset=utf-8 89.2526ms
2025-07-30 09:34:49.878 +05:30 [INF] Request starting HTTP/1.1 GET https://localhost:7165/api/Sales/DailyProfit - null null
2025-07-30 09:34:49.878 +05:30 [INF] Executing endpoint 'AuthNet.Controllers.SalesController.GetDailyProfit (AuthNet)'
2025-07-30 09:34:49.890 +05:30 [INF] Route matched with {action = "GetDailyProfit", controller = "Sales"}. Executing controller action with signature System.Threading.Tasks.Task`1[Microsoft.AspNetCore.Mvc.IActionResult] GetDailyProfit() on controller AuthNet.Controllers.SalesController (AuthNet).
2025-07-30 09:34:49.902 +05:30 [INF] Executed DbCommand (10ms) [Parameters=[@__date_Date_0='?' (DbType = DateTime2)], CommandType='"Text"', CommandTimeout='30']
SELECT [s].[Id], [s].[ProductId], [s].[ProductName], [s].[Quantity], [s].[SaleId], [s].[TotalPrice], [s].[UnitPrice], [s0].[Id], [s0].[AfterTaxAmount], [s0].[CreatedAt], [s0].[DiscountedAmount], [s0].[InvoiceDate], [s0].[InvoiceNo], [s0].[PrincipalAmount], [s0].[Template], [s0].[TotalAmount]
FROM [SaleItems] AS [s]
INNER JOIN [Sales] AS [s0] ON [s].[SaleId] = [s0].[Id]
WHERE CONVERT(date, [s0].[InvoiceDate]) = @__date_Date_0
2025-07-30 09:34:49.907 +05:30 [INF] Executed DbCommand (5ms) [Parameters=[@__productIds_0='?' (Size = 4000)], CommandType='"Text"', CommandTimeout='30']
SELECT [p].[ProductId], [p].[CategoryId], [p].[CostPrice], [p].[Description], [p].[Name], [p].[ProductCode], [p].[ProductKey], [p].[SellPrice], [p].[SupplierId]
FROM [Products] AS [p]
WHERE [p].[ProductId] IN (
    SELECT [p0].[value]
    FROM OPENJSON(@__productIds_0) WITH ([value] int '$') AS [p0]
)
2025-07-30 09:34:49.908 +05:30 [INF] Executing OkObjectResult, writing value of type 'AuthNet.Models.DTO.DailyProfitDto'.
2025-07-30 09:34:49.909 +05:30 [INF] Executed action AuthNet.Controllers.SalesController.GetDailyProfit (AuthNet) in 18.3073ms
2025-07-30 09:34:49.909 +05:30 [INF] Executed endpoint 'AuthNet.Controllers.SalesController.GetDailyProfit (AuthNet)'
2025-07-30 09:34:49.909 +05:30 [INF] Request finished HTTP/1.1 GET https://localhost:7165/api/Sales/DailyProfit - 200 null application/json; charset=utf-8 31.3117ms
2025-07-30 09:34:49.925 +05:30 [INF] Request starting HTTP/1.1 GET https://localhost:7165/api/Sales/CurrentMonthProfit - null null
2025-07-30 09:34:49.932 +05:30 [INF] Executing endpoint 'AuthNet.Controllers.SalesController.GetCurrentMonthProfit (AuthNet)'
2025-07-30 09:34:49.935 +05:30 [INF] Route matched with {action = "GetCurrentMonthProfit", controller = "Sales"}. Executing controller action with signature System.Threading.Tasks.Task`1[Microsoft.AspNetCore.Mvc.IActionResult] GetCurrentMonthProfit() on controller AuthNet.Controllers.SalesController (AuthNet).
2025-07-30 09:34:49.944 +05:30 [INF] Executed DbCommand (8ms) [Parameters=[@__currentYear_0='?' (DbType = Int32), @__currentMonth_1='?' (DbType = Int32)], CommandType='"Text"', CommandTimeout='30']
SELECT [s].[Id], [s].[ProductId], [s].[ProductName], [s].[Quantity], [s].[SaleId], [s].[TotalPrice], [s].[UnitPrice], [s0].[Id], [s0].[AfterTaxAmount], [s0].[CreatedAt], [s0].[DiscountedAmount], [s0].[InvoiceDate], [s0].[InvoiceNo], [s0].[PrincipalAmount], [s0].[Template], [s0].[TotalAmount]
FROM [SaleItems] AS [s]
INNER JOIN [Sales] AS [s0] ON [s].[SaleId] = [s0].[Id]
WHERE DATEPART(year, [s0].[InvoiceDate]) = @__currentYear_0 AND DATEPART(month, [s0].[InvoiceDate]) = @__currentMonth_1
2025-07-30 09:34:49.954 +05:30 [INF] Executed DbCommand (9ms) [Parameters=[@__productIds_0='?' (Size = 4000)], CommandType='"Text"', CommandTimeout='30']
SELECT [p].[ProductId], [p].[CategoryId], [p].[CostPrice], [p].[Description], [p].[Name], [p].[ProductCode], [p].[ProductKey], [p].[SellPrice], [p].[SupplierId]
FROM [Products] AS [p]
WHERE [p].[ProductId] IN (
    SELECT [p0].[value]
    FROM OPENJSON(@__productIds_0) WITH ([value] int '$') AS [p0]
)
2025-07-30 09:34:49.954 +05:30 [INF] Executing OkObjectResult, writing value of type 'AuthNet.Models.DTO.MonthlyProfitDto'.
2025-07-30 09:34:49.956 +05:30 [INF] Executed action AuthNet.Controllers.SalesController.GetCurrentMonthProfit (AuthNet) in 20.4779ms
2025-07-30 09:34:49.956 +05:30 [INF] Executed endpoint 'AuthNet.Controllers.SalesController.GetCurrentMonthProfit (AuthNet)'
2025-07-30 09:34:49.956 +05:30 [INF] Request finished HTTP/1.1 GET https://localhost:7165/api/Sales/CurrentMonthProfit - 200 null application/json; charset=utf-8 31.6288ms
2025-07-30 09:34:49.991 +05:30 [INF] Request starting HTTP/1.1 GET https://localhost:7165/api/Sales/CurrentYearProfit - null null
2025-07-30 09:34:49.992 +05:30 [INF] Executing endpoint 'AuthNet.Controllers.SalesController.GetCurrentYearProfit (AuthNet)'
2025-07-30 09:34:49.996 +05:30 [INF] Route matched with {action = "GetCurrentYearProfit", controller = "Sales"}. Executing controller action with signature System.Threading.Tasks.Task`1[Microsoft.AspNetCore.Mvc.IActionResult] GetCurrentYearProfit() on controller AuthNet.Controllers.SalesController (AuthNet).
2025-07-30 09:34:50.006 +05:30 [INF] Executed DbCommand (8ms) [Parameters=[@__currentYear_0='?' (DbType = Int32)], CommandType='"Text"', CommandTimeout='30']
SELECT [s].[Id], [s].[ProductId], [s].[ProductName], [s].[Quantity], [s].[SaleId], [s].[TotalPrice], [s].[UnitPrice], [s0].[Id], [s0].[AfterTaxAmount], [s0].[CreatedAt], [s0].[DiscountedAmount], [s0].[InvoiceDate], [s0].[InvoiceNo], [s0].[PrincipalAmount], [s0].[Template], [s0].[TotalAmount]
FROM [SaleItems] AS [s]
INNER JOIN [Sales] AS [s0] ON [s].[SaleId] = [s0].[Id]
WHERE DATEPART(year, [s0].[InvoiceDate]) = @__currentYear_0
2025-07-30 09:34:50.016 +05:30 [INF] Executed DbCommand (8ms) [Parameters=[@__productIds_0='?' (Size = 4000)], CommandType='"Text"', CommandTimeout='30']
SELECT [p].[ProductId], [p].[CategoryId], [p].[CostPrice], [p].[Description], [p].[Name], [p].[ProductCode], [p].[ProductKey], [p].[SellPrice], [p].[SupplierId]
FROM [Products] AS [p]
WHERE [p].[ProductId] IN (
    SELECT [p0].[value]
    FROM OPENJSON(@__productIds_0) WITH ([value] int '$') AS [p0]
)
2025-07-30 09:34:50.016 +05:30 [INF] Executing OkObjectResult, writing value of type 'AuthNet.Models.DTO.YearlyProfitDto'.
2025-07-30 09:34:50.017 +05:30 [INF] Executed action AuthNet.Controllers.SalesController.GetCurrentYearProfit (AuthNet) in 21.0537ms
2025-07-30 09:34:50.017 +05:30 [INF] Executed endpoint 'AuthNet.Controllers.SalesController.GetCurrentYearProfit (AuthNet)'
2025-07-30 09:34:50.018 +05:30 [INF] Request finished HTTP/1.1 GET https://localhost:7165/api/Sales/CurrentYearProfit - 200 null application/json; charset=utf-8 26.1025ms
2025-07-30 09:34:50.042 +05:30 [INF] Request starting HTTP/1.1 GET https://localhost:7165/api/Products/count - null null
2025-07-30 09:34:50.043 +05:30 [INF] Executing endpoint 'AuthNet.Controllers.ProductsController.GetProductCount (AuthNet)'
2025-07-30 09:34:50.048 +05:30 [INF] Route matched with {action = "GetProductCount", controller = "Products"}. Executing controller action with signature System.Threading.Tasks.Task`1[Microsoft.AspNetCore.Mvc.IActionResult] GetProductCount() on controller AuthNet.Controllers.ProductsController (AuthNet).
2025-07-30 09:34:50.058 +05:30 [INF] Executed DbCommand (9ms) [Parameters=[], CommandType='"Text"', CommandTimeout='30']
SELECT COUNT(*)
FROM [Products] AS [p]
2025-07-30 09:34:50.059 +05:30 [INF] Executing OkObjectResult, writing value of type 'System.Int32'.
2025-07-30 09:34:50.059 +05:30 [INF] Executed action AuthNet.Controllers.ProductsController.GetProductCount (AuthNet) in 10.1937ms
2025-07-30 09:34:50.059 +05:30 [INF] Executed endpoint 'AuthNet.Controllers.ProductsController.GetProductCount (AuthNet)'
2025-07-30 09:34:50.059 +05:30 [INF] Request finished HTTP/1.1 GET https://localhost:7165/api/Products/count - 200 null application/json; charset=utf-8 16.9738ms
2025-07-30 09:34:50.077 +05:30 [INF] Request starting HTTP/1.1 GET https://localhost:7165/api/Suppliers/count - null null
2025-07-30 09:34:50.077 +05:30 [INF] Executing endpoint 'AuthNet.Controllers.SuppliersController.GetSupplierCount (AuthNet)'
2025-07-30 09:34:50.084 +05:30 [INF] Route matched with {action = "GetSupplierCount", controller = "Suppliers"}. Executing controller action with signature System.Threading.Tasks.Task`1[Microsoft.AspNetCore.Mvc.IActionResult] GetSupplierCount() on controller AuthNet.Controllers.SuppliersController (AuthNet).
2025-07-30 09:34:50.090 +05:30 [INF] Executed DbCommand (4ms) [Parameters=[], CommandType='"Text"', CommandTimeout='30']
SELECT COUNT(*)
FROM [Suppliers] AS [s]
2025-07-30 09:34:50.090 +05:30 [INF] Executing OkObjectResult, writing value of type 'System.Int32'.
2025-07-30 09:34:50.091 +05:30 [INF] Executed action AuthNet.Controllers.SuppliersController.GetSupplierCount (AuthNet) in 6.5937ms
2025-07-30 09:34:50.091 +05:30 [INF] Executed endpoint 'AuthNet.Controllers.SuppliersController.GetSupplierCount (AuthNet)'
2025-07-30 09:34:50.091 +05:30 [INF] Request finished HTTP/1.1 GET https://localhost:7165/api/Suppliers/count - 200 null application/json; charset=utf-8 13.7528ms
2025-07-30 09:34:50.106 +05:30 [INF] Request starting HTTP/1.1 GET https://localhost:7165/api/Categories/count - null null
2025-07-30 09:34:50.107 +05:30 [INF] Executing endpoint 'AuthNet.Controllers.CategoriesController.GetCategoryCount (AuthNet)'
2025-07-30 09:34:50.111 +05:30 [INF] Route matched with {action = "GetCategoryCount", controller = "Categories"}. Executing controller action with signature System.Threading.Tasks.Task`1[Microsoft.AspNetCore.Mvc.IActionResult] GetCategoryCount() on controller AuthNet.Controllers.CategoriesController (AuthNet).
2025-07-30 09:34:50.118 +05:30 [INF] Executed DbCommand (6ms) [Parameters=[], CommandType='"Text"', CommandTimeout='30']
SELECT COUNT(*)
FROM [Categories] AS [c]
2025-07-30 09:34:50.118 +05:30 [INF] Executing OkObjectResult, writing value of type 'System.Int32'.
2025-07-30 09:34:50.118 +05:30 [INF] Executed action AuthNet.Controllers.CategoriesController.GetCategoryCount (AuthNet) in 7.7064ms
2025-07-30 09:34:50.118 +05:30 [INF] Executed endpoint 'AuthNet.Controllers.CategoriesController.GetCategoryCount (AuthNet)'
2025-07-30 09:34:50.119 +05:30 [INF] Request finished HTTP/1.1 GET https://localhost:7165/api/Categories/count - 200 null application/json; charset=utf-8 12.2321ms
2025-07-30 09:34:50.188 +05:30 [INF] Request starting HTTP/1.1 GET https://localhost:7165/api/Orders/count - null null
2025-07-30 09:34:50.188 +05:30 [INF] Executing endpoint 'AuthNet.Controllers.OrdersController.GetOrderCount (AuthNet)'
2025-07-30 09:34:50.193 +05:30 [INF] Route matched with {action = "GetOrderCount", controller = "Orders"}. Executing controller action with signature System.Threading.Tasks.Task`1[Microsoft.AspNetCore.Mvc.IActionResult] GetOrderCount() on controller AuthNet.Controllers.OrdersController (AuthNet).
2025-07-30 09:34:50.252 +05:30 [INF] Executed DbCommand (56ms) [Parameters=[], CommandType='"Text"', CommandTimeout='30']
SELECT COUNT(*)
FROM [Orders] AS [o]
2025-07-30 09:34:50.252 +05:30 [INF] Executing OkObjectResult, writing value of type 'System.Int32'.
2025-07-30 09:34:50.252 +05:30 [INF] Executed action AuthNet.Controllers.OrdersController.GetOrderCount (AuthNet) in 59.116ms
2025-07-30 09:34:50.252 +05:30 [INF] Executed endpoint 'AuthNet.Controllers.OrdersController.GetOrderCount (AuthNet)'
2025-07-30 09:34:50.252 +05:30 [INF] Request finished HTTP/1.1 GET https://localhost:7165/api/Orders/count - 200 null application/json; charset=utf-8 64.483ms
2025-07-30 09:34:50.351 +05:30 [INF] Request starting HTTP/1.1 GET https://localhost:7165/api/Customers/count - null null
2025-07-30 09:34:50.352 +05:30 [INF] Executing endpoint 'AuthNet.Controllers.CustomersController.GetCustomerCount (AuthNet)'
2025-07-30 09:34:50.355 +05:30 [INF] Route matched with {action = "GetCustomerCount", controller = "Customers"}. Executing controller action with signature System.Threading.Tasks.Task`1[Microsoft.AspNetCore.Mvc.IActionResult] GetCustomerCount() on controller AuthNet.Controllers.CustomersController (AuthNet).
2025-07-30 09:34:50.363 +05:30 [INF] Executed DbCommand (5ms) [Parameters=[], CommandType='"Text"', CommandTimeout='30']
SELECT COUNT(*)
FROM [Customers] AS [c]
2025-07-30 09:34:50.364 +05:30 [INF] Executing OkObjectResult, writing value of type 'System.Int32'.
2025-07-30 09:34:50.364 +05:30 [INF] Executed action AuthNet.Controllers.CustomersController.GetCustomerCount (AuthNet) in 8.5991ms
2025-07-30 09:34:50.364 +05:30 [INF] Executed endpoint 'AuthNet.Controllers.CustomersController.GetCustomerCount (AuthNet)'
2025-07-30 09:34:50.364 +05:30 [INF] Request finished HTTP/1.1 GET https://localhost:7165/api/Customers/count - 200 null application/json; charset=utf-8 12.8796ms
2025-07-30 09:34:50.382 +05:30 [INF] Request starting HTTP/1.1 GET https://localhost:7165/api/Tasks - null null
2025-07-30 09:34:50.382 +05:30 [INF] Executing endpoint 'AuthNet.Controllers.TasksController.GetTasks (AuthNet)'
2025-07-30 09:34:50.385 +05:30 [INF] Route matched with {action = "GetTasks", controller = "Tasks"}. Executing controller action with signature Microsoft.AspNetCore.Mvc.IActionResult GetTasks() on controller AuthNet.Controllers.TasksController (AuthNet).
2025-07-30 09:34:50.391 +05:30 [INF] Executed DbCommand (4ms) [Parameters=[], CommandType='"Text"', CommandTimeout='30']
SELECT [t].[Id], [t].[Title], [t].[DueDate]
FROM [Tasks] AS [t]
2025-07-30 09:34:50.391 +05:30 [INF] Executing OkObjectResult, writing value of type 'System.Collections.Generic.List`1[[AuthNet.Models.DTO.TaskItemDto, AuthNet, Version=1.0.0.0, Culture=neutral, PublicKeyToken=null]]'.
2025-07-30 09:34:50.392 +05:30 [INF] Executed action AuthNet.Controllers.TasksController.GetTasks (AuthNet) in 7.3125ms
2025-07-30 09:34:50.392 +05:30 [INF] Executed endpoint 'AuthNet.Controllers.TasksController.GetTasks (AuthNet)'
2025-07-30 09:34:50.392 +05:30 [INF] Request finished HTTP/1.1 GET https://localhost:7165/api/Tasks - 200 null application/json; charset=utf-8 10.3713ms
2025-07-30 09:34:50.409 +05:30 [INF] Request starting HTTP/1.1 GET https://localhost:7165/api/Settings/Get - null null
2025-07-30 09:34:50.411 +05:30 [INF] Executing endpoint 'AuthNet.Controllers.SettingsController.GetCompanyInfo (AuthNet)'
2025-07-30 09:34:50.411 +05:30 [INF] Route matched with {action = "GetCompanyInfo", controller = "Settings"}. Executing controller action with signature System.Threading.Tasks.Task`1[Microsoft.AspNetCore.Mvc.IActionResult] GetCompanyInfo() on controller AuthNet.Controllers.SettingsController (AuthNet).
2025-07-30 09:34:50.424 +05:30 [INF] Executed DbCommand (8ms) [Parameters=[], CommandType='"Text"', CommandTimeout='30']
SELECT TOP(1) [c].[Id], [c].[Address], [c].[AlternateContactNumber], [c].[ContactNumber], [c].[Email], [c].[GSTIN], [c].[LogoFileExtension], [c].[LogoFilePath], [c].[LogoFileSizeInBytes], [c].[LogoName], [c].[Name], [c].[SignFileExtension], [c].[SignFilePath], [c].[SignFileSizeInBytes], [c].[SignName]
FROM [CompanyInfos] AS [c]
2025-07-30 09:34:50.425 +05:30 [INF] Executing OkObjectResult, writing value of type 'AuthNet.Models.DTO.CompanyInfoResponseDto'.
2025-07-30 09:34:50.425 +05:30 [INF] Executed action AuthNet.Controllers.SettingsController.GetCompanyInfo (AuthNet) in 13.1969ms
2025-07-30 09:34:50.425 +05:30 [INF] Executed endpoint 'AuthNet.Controllers.SettingsController.GetCompanyInfo (AuthNet)'
2025-07-30 09:34:50.425 +05:30 [INF] Request finished HTTP/1.1 GET https://localhost:7165/api/Settings/Get - 200 null application/json; charset=utf-8 16.6695ms
2025-07-30 09:34:50.603 +05:30 [INF] Request starting HTTP/2 GET https://localhost:7165/api/Products/CategoryWiseProductCount - null null
2025-07-30 09:34:50.603 +05:30 [INF] Request starting HTTP/2 GET https://localhost:7165/api/Sales/WeeklyProfit - null null
2025-07-30 09:34:50.603 +05:30 [INF] CORS policy execution successful.
2025-07-30 09:34:50.603 +05:30 [INF] Executing endpoint 'AuthNet.Controllers.SalesController.GetWeeklyProfit (AuthNet)'
2025-07-30 09:34:50.605 +05:30 [INF] CORS policy execution successful.
2025-07-30 09:34:50.606 +05:30 [INF] Executing endpoint 'AuthNet.Controllers.ProductsController.GetCategoryWiseProductCount (AuthNet)'
2025-07-30 09:34:50.619 +05:30 [INF] Route matched with {action = "GetWeeklyProfit", controller = "Sales"}. Executing controller action with signature System.Threading.Tasks.Task`1[Microsoft.AspNetCore.Mvc.IActionResult] GetWeeklyProfit() on controller AuthNet.Controllers.SalesController (AuthNet).
2025-07-30 09:34:50.620 +05:30 [INF] Route matched with {action = "GetCategoryWiseProductCount", controller = "Products"}. Executing controller action with signature System.Threading.Tasks.Task`1[Microsoft.AspNetCore.Mvc.IActionResult] GetCategoryWiseProductCount() on controller AuthNet.Controllers.ProductsController (AuthNet).
2025-07-30 09:34:50.663 +05:30 [INF] Executed DbCommand (42ms) [Parameters=[@__startDate_0='?' (DbType = DateTime2), @__endDate_1='?' (DbType = DateTime2)], CommandType='"Text"', CommandTimeout='30']
SELECT [s].[Id], [s].[ProductId], [s].[ProductName], [s].[Quantity], [s].[SaleId], [s].[TotalPrice], [s].[UnitPrice], [s0].[Id], [s0].[AfterTaxAmount], [s0].[CreatedAt], [s0].[DiscountedAmount], [s0].[InvoiceDate], [s0].[InvoiceNo], [s0].[PrincipalAmount], [s0].[Template], [s0].[TotalAmount]
FROM [SaleItems] AS [s]
INNER JOIN [Sales] AS [s0] ON [s].[SaleId] = [s0].[Id]
WHERE CONVERT(date, [s0].[InvoiceDate]) >= @__startDate_0 AND CONVERT(date, [s0].[InvoiceDate]) <= @__endDate_1
2025-07-30 09:34:50.673 +05:30 [INF] Executed DbCommand (7ms) [Parameters=[@__productIds_0='?' (Size = 4000)], CommandType='"Text"', CommandTimeout='30']
SELECT [p].[ProductId], [p].[CategoryId], [p].[CostPrice], [p].[Description], [p].[Name], [p].[ProductCode], [p].[ProductKey], [p].[SellPrice], [p].[SupplierId]
FROM [Products] AS [p]
WHERE [p].[ProductId] IN (
    SELECT [p0].[value]
    FROM OPENJSON(@__productIds_0) WITH ([value] int '$') AS [p0]
)
2025-07-30 09:34:50.674 +05:30 [INF] Executing OkObjectResult, writing value of type 'System.Collections.Generic.List`1[[AuthNet.Models.DTO.DailyProfitDto, AuthNet, Version=1.0.0.0, Culture=neutral, PublicKeyToken=null]]'.
2025-07-30 09:34:50.674 +05:30 [INF] Executed action AuthNet.Controllers.SalesController.GetWeeklyProfit (AuthNet) in 54.6641ms
2025-07-30 09:34:50.674 +05:30 [INF] Executed endpoint 'AuthNet.Controllers.SalesController.GetWeeklyProfit (AuthNet)'
2025-07-30 09:34:50.674 +05:30 [INF] Request finished HTTP/2 GET https://localhost:7165/api/Sales/WeeklyProfit - 200 null application/json; charset=utf-8 71.7378ms
2025-07-30 09:34:50.682 +05:30 [INF] Executed DbCommand (58ms) [Parameters=[], CommandType='"Text"', CommandTimeout='30']
SELECT [c].[Name] AS [CategoryName], COUNT(*) AS [ProductCount]
FROM [Products] AS [p]
LEFT JOIN [Categories] AS [c] ON [p].[CategoryId] = [c].[CategoryId]
WHERE [c].[CategoryId] IS NOT NULL
GROUP BY [c].[Name]
2025-07-30 09:34:50.683 +05:30 [INF] Executing OkObjectResult, writing value of type 'System.Collections.Generic.List`1[[AuthNet.Models.DTO.CategoryProductCountDto, AuthNet, Version=1.0.0.0, Culture=neutral, PublicKeyToken=null]]'.
2025-07-30 09:34:50.684 +05:30 [INF] Executed action AuthNet.Controllers.ProductsController.GetCategoryWiseProductCount (AuthNet) in 63.8431ms
2025-07-30 09:34:50.684 +05:30 [INF] Executed endpoint 'AuthNet.Controllers.ProductsController.GetCategoryWiseProductCount (AuthNet)'
2025-07-30 09:34:50.684 +05:30 [INF] Request finished HTTP/2 GET https://localhost:7165/api/Products/CategoryWiseProductCount - 200 null application/json; charset=utf-8 81.5838ms
2025-07-30 09:37:31.041 +05:30 [INF] Request starting HTTP/2 GET https://localhost:7165/swagger/index.html - null null
2025-07-30 09:37:31.069 +05:30 [INF] Request finished HTTP/2 GET https://localhost:7165/swagger/index.html - 200 null text/html;charset=utf-8 28.2287ms
2025-07-30 09:37:31.229 +05:30 [INF] Request starting HTTP/1.1 GET https://localhost:7165/api/Sales/DailyProfit - null null
2025-07-30 09:37:31.230 +05:30 [INF] Executing endpoint 'AuthNet.Controllers.SalesController.GetDailyProfit (AuthNet)'
2025-07-30 09:37:31.235 +05:30 [INF] Route matched with {action = "GetDailyProfit", controller = "Sales"}. Executing controller action with signature System.Threading.Tasks.Task`1[Microsoft.AspNetCore.Mvc.IActionResult] GetDailyProfit() on controller AuthNet.Controllers.SalesController (AuthNet).
2025-07-30 09:37:31.252 +05:30 [INF] Executed DbCommand (15ms) [Parameters=[@__date_Date_0='?' (DbType = DateTime2)], CommandType='"Text"', CommandTimeout='30']
SELECT [s].[Id], [s].[ProductId], [s].[ProductName], [s].[Quantity], [s].[SaleId], [s].[TotalPrice], [s].[UnitPrice], [s0].[Id], [s0].[AfterTaxAmount], [s0].[CreatedAt], [s0].[DiscountedAmount], [s0].[InvoiceDate], [s0].[InvoiceNo], [s0].[PrincipalAmount], [s0].[Template], [s0].[TotalAmount]
FROM [SaleItems] AS [s]
INNER JOIN [Sales] AS [s0] ON [s].[SaleId] = [s0].[Id]
WHERE CONVERT(date, [s0].[InvoiceDate]) = @__date_Date_0
2025-07-30 09:37:31.263 +05:30 [INF] Executed DbCommand (10ms) [Parameters=[@__productIds_0='?' (Size = 4000)], CommandType='"Text"', CommandTimeout='30']
SELECT [p].[ProductId], [p].[CategoryId], [p].[CostPrice], [p].[Description], [p].[Name], [p].[ProductCode], [p].[ProductKey], [p].[SellPrice], [p].[SupplierId]
FROM [Products] AS [p]
WHERE [p].[ProductId] IN (
    SELECT [p0].[value]
    FROM OPENJSON(@__productIds_0) WITH ([value] int '$') AS [p0]
)
2025-07-30 09:37:31.263 +05:30 [INF] Executing OkObjectResult, writing value of type 'AuthNet.Models.DTO.DailyProfitDto'.
2025-07-30 09:37:31.264 +05:30 [INF] Executed action AuthNet.Controllers.SalesController.GetDailyProfit (AuthNet) in 29.2753ms
2025-07-30 09:37:31.264 +05:30 [INF] Executed endpoint 'AuthNet.Controllers.SalesController.GetDailyProfit (AuthNet)'
2025-07-30 09:37:31.265 +05:30 [INF] Request finished HTTP/1.1 GET https://localhost:7165/api/Sales/DailyProfit - 200 null application/json; charset=utf-8 35.2505ms
2025-07-30 09:37:31.287 +05:30 [INF] Request starting HTTP/1.1 GET https://localhost:7165/api/Sales/CurrentMonthProfit - null null
2025-07-30 09:37:31.299 +05:30 [INF] Executing endpoint 'AuthNet.Controllers.SalesController.GetCurrentMonthProfit (AuthNet)'
2025-07-30 09:37:31.304 +05:30 [INF] Route matched with {action = "GetCurrentMonthProfit", controller = "Sales"}. Executing controller action with signature System.Threading.Tasks.Task`1[Microsoft.AspNetCore.Mvc.IActionResult] GetCurrentMonthProfit() on controller AuthNet.Controllers.SalesController (AuthNet).
2025-07-30 09:37:31.353 +05:30 [INF] Executed DbCommand (48ms) [Parameters=[@__currentYear_0='?' (DbType = Int32), @__currentMonth_1='?' (DbType = Int32)], CommandType='"Text"', CommandTimeout='30']
SELECT [s].[Id], [s].[ProductId], [s].[ProductName], [s].[Quantity], [s].[SaleId], [s].[TotalPrice], [s].[UnitPrice], [s0].[Id], [s0].[AfterTaxAmount], [s0].[CreatedAt], [s0].[DiscountedAmount], [s0].[InvoiceDate], [s0].[InvoiceNo], [s0].[PrincipalAmount], [s0].[Template], [s0].[TotalAmount]
FROM [SaleItems] AS [s]
INNER JOIN [Sales] AS [s0] ON [s].[SaleId] = [s0].[Id]
WHERE DATEPART(year, [s0].[InvoiceDate]) = @__currentYear_0 AND DATEPART(month, [s0].[InvoiceDate]) = @__currentMonth_1
2025-07-30 09:37:31.367 +05:30 [INF] Executed DbCommand (12ms) [Parameters=[@__productIds_0='?' (Size = 4000)], CommandType='"Text"', CommandTimeout='30']
SELECT [p].[ProductId], [p].[CategoryId], [p].[CostPrice], [p].[Description], [p].[Name], [p].[ProductCode], [p].[ProductKey], [p].[SellPrice], [p].[SupplierId]
FROM [Products] AS [p]
WHERE [p].[ProductId] IN (
    SELECT [p0].[value]
    FROM OPENJSON(@__productIds_0) WITH ([value] int '$') AS [p0]
)
2025-07-30 09:37:31.368 +05:30 [INF] Executing OkObjectResult, writing value of type 'AuthNet.Models.DTO.MonthlyProfitDto'.
2025-07-30 09:37:31.369 +05:30 [INF] Executed action AuthNet.Controllers.SalesController.GetCurrentMonthProfit (AuthNet) in 65.666ms
2025-07-30 09:37:31.370 +05:30 [INF] Executed endpoint 'AuthNet.Controllers.SalesController.GetCurrentMonthProfit (AuthNet)'
2025-07-30 09:37:31.370 +05:30 [INF] Request finished HTTP/1.1 GET https://localhost:7165/api/Sales/CurrentMonthProfit - 200 null application/json; charset=utf-8 82.7911ms
2025-07-30 09:37:31.599 +05:30 [INF] Request starting HTTP/1.1 GET https://localhost:7165/api/Sales/CurrentYearProfit - null null
2025-07-30 09:37:31.599 +05:30 [INF] Executing endpoint 'AuthNet.Controllers.SalesController.GetCurrentYearProfit (AuthNet)'
2025-07-30 09:37:31.606 +05:30 [INF] Route matched with {action = "GetCurrentYearProfit", controller = "Sales"}. Executing controller action with signature System.Threading.Tasks.Task`1[Microsoft.AspNetCore.Mvc.IActionResult] GetCurrentYearProfit() on controller AuthNet.Controllers.SalesController (AuthNet).
2025-07-30 09:37:31.712 +05:30 [INF] Executed DbCommand (105ms) [Parameters=[@__currentYear_0='?' (DbType = Int32)], CommandType='"Text"', CommandTimeout='30']
SELECT [s].[Id], [s].[ProductId], [s].[ProductName], [s].[Quantity], [s].[SaleId], [s].[TotalPrice], [s].[UnitPrice], [s0].[Id], [s0].[AfterTaxAmount], [s0].[CreatedAt], [s0].[DiscountedAmount], [s0].[InvoiceDate], [s0].[InvoiceNo], [s0].[PrincipalAmount], [s0].[Template], [s0].[TotalAmount]
FROM [SaleItems] AS [s]
INNER JOIN [Sales] AS [s0] ON [s].[SaleId] = [s0].[Id]
WHERE DATEPART(year, [s0].[InvoiceDate]) = @__currentYear_0
2025-07-30 09:37:31.728 +05:30 [INF] Executed DbCommand (16ms) [Parameters=[@__productIds_0='?' (Size = 4000)], CommandType='"Text"', CommandTimeout='30']
SELECT [p].[ProductId], [p].[CategoryId], [p].[CostPrice], [p].[Description], [p].[Name], [p].[ProductCode], [p].[ProductKey], [p].[SellPrice], [p].[SupplierId]
FROM [Products] AS [p]
WHERE [p].[ProductId] IN (
    SELECT [p0].[value]
    FROM OPENJSON(@__productIds_0) WITH ([value] int '$') AS [p0]
)
2025-07-30 09:37:31.729 +05:30 [INF] Executing OkObjectResult, writing value of type 'AuthNet.Models.DTO.YearlyProfitDto'.
2025-07-30 09:37:31.729 +05:30 [INF] Executed action AuthNet.Controllers.SalesController.GetCurrentYearProfit (AuthNet) in 123.6657ms
2025-07-30 09:37:31.729 +05:30 [INF] Executed endpoint 'AuthNet.Controllers.SalesController.GetCurrentYearProfit (AuthNet)'
2025-07-30 09:37:31.730 +05:30 [INF] Request finished HTTP/1.1 GET https://localhost:7165/api/Sales/CurrentYearProfit - 200 null application/json; charset=utf-8 130.8769ms
2025-07-30 09:37:31.747 +05:30 [INF] Request starting HTTP/1.1 GET https://localhost:7165/api/Products/count - null null
2025-07-30 09:37:31.748 +05:30 [INF] Executing endpoint 'AuthNet.Controllers.ProductsController.GetProductCount (AuthNet)'
2025-07-30 09:37:31.752 +05:30 [INF] Route matched with {action = "GetProductCount", controller = "Products"}. Executing controller action with signature System.Threading.Tasks.Task`1[Microsoft.AspNetCore.Mvc.IActionResult] GetProductCount() on controller AuthNet.Controllers.ProductsController (AuthNet).
2025-07-30 09:37:31.759 +05:30 [INF] Executed DbCommand (5ms) [Parameters=[], CommandType='"Text"', CommandTimeout='30']
SELECT COUNT(*)
FROM [Products] AS [p]
2025-07-30 09:37:31.760 +05:30 [INF] Executing OkObjectResult, writing value of type 'System.Int32'.
2025-07-30 09:37:31.760 +05:30 [INF] Executed action AuthNet.Controllers.ProductsController.GetProductCount (AuthNet) in 7.8096ms
2025-07-30 09:37:31.760 +05:30 [INF] Executed endpoint 'AuthNet.Controllers.ProductsController.GetProductCount (AuthNet)'
2025-07-30 09:37:31.760 +05:30 [INF] Request finished HTTP/1.1 GET https://localhost:7165/api/Products/count - 200 null application/json; charset=utf-8 13.0889ms
2025-07-30 09:37:31.782 +05:30 [INF] Request starting HTTP/1.1 GET https://localhost:7165/api/Suppliers/count - null null
2025-07-30 09:37:31.782 +05:30 [INF] Executing endpoint 'AuthNet.Controllers.SuppliersController.GetSupplierCount (AuthNet)'
2025-07-30 09:37:31.786 +05:30 [INF] Route matched with {action = "GetSupplierCount", controller = "Suppliers"}. Executing controller action with signature System.Threading.Tasks.Task`1[Microsoft.AspNetCore.Mvc.IActionResult] GetSupplierCount() on controller AuthNet.Controllers.SuppliersController (AuthNet).
2025-07-30 09:37:31.792 +05:30 [INF] Executed DbCommand (5ms) [Parameters=[], CommandType='"Text"', CommandTimeout='30']
SELECT COUNT(*)
FROM [Suppliers] AS [s]
2025-07-30 09:37:31.793 +05:30 [INF] Executing OkObjectResult, writing value of type 'System.Int32'.
2025-07-30 09:37:31.793 +05:30 [INF] Executed action AuthNet.Controllers.SuppliersController.GetSupplierCount (AuthNet) in 6.9424ms
2025-07-30 09:37:31.793 +05:30 [INF] Executed endpoint 'AuthNet.Controllers.SuppliersController.GetSupplierCount (AuthNet)'
2025-07-30 09:37:31.793 +05:30 [INF] Request finished HTTP/1.1 GET https://localhost:7165/api/Suppliers/count - 200 null application/json; charset=utf-8 11.4876ms
2025-07-30 09:37:31.813 +05:30 [INF] Request starting HTTP/2 GET https://localhost:7165/_vs/browserLink - null null
2025-07-30 09:37:31.903 +05:30 [INF] Request starting HTTP/1.1 GET https://localhost:7165/api/Categories/count - null null
2025-07-30 09:37:31.904 +05:30 [INF] Executing endpoint 'AuthNet.Controllers.CategoriesController.GetCategoryCount (AuthNet)'
2025-07-30 09:37:31.931 +05:30 [INF] Request finished HTTP/2 GET https://localhost:7165/_vs/browserLink - 200 null text/javascript; charset=UTF-8 117.6609ms
2025-07-30 09:37:31.936 +05:30 [INF] Route matched with {action = "GetCategoryCount", controller = "Categories"}. Executing controller action with signature System.Threading.Tasks.Task`1[Microsoft.AspNetCore.Mvc.IActionResult] GetCategoryCount() on controller AuthNet.Controllers.CategoriesController (AuthNet).
2025-07-30 09:37:31.995 +05:30 [INF] Executed DbCommand (58ms) [Parameters=[], CommandType='"Text"', CommandTimeout='30']
SELECT COUNT(*)
FROM [Categories] AS [c]
2025-07-30 09:37:31.996 +05:30 [INF] Executing OkObjectResult, writing value of type 'System.Int32'.
2025-07-30 09:37:31.996 +05:30 [INF] Executed action AuthNet.Controllers.CategoriesController.GetCategoryCount (AuthNet) in 60.0562ms
2025-07-30 09:37:31.996 +05:30 [INF] Executed endpoint 'AuthNet.Controllers.CategoriesController.GetCategoryCount (AuthNet)'
2025-07-30 09:37:31.996 +05:30 [INF] Request finished HTTP/1.1 GET https://localhost:7165/api/Categories/count - 200 null application/json; charset=utf-8 92.9735ms
2025-07-30 09:37:32.011 +05:30 [INF] Request starting HTTP/2 GET https://localhost:7165/_framework/aspnetcore-browser-refresh.js - null null
2025-07-30 09:37:32.015 +05:30 [INF] Request finished HTTP/2 GET https://localhost:7165/_framework/aspnetcore-browser-refresh.js - 200 16499 application/javascript; charset=utf-8 3.3599ms
2025-07-30 09:37:32.017 +05:30 [INF] Request starting HTTP/1.1 GET https://localhost:7165/api/Orders/count - null null
2025-07-30 09:37:32.017 +05:30 [INF] Executing endpoint 'AuthNet.Controllers.OrdersController.GetOrderCount (AuthNet)'
2025-07-30 09:37:32.021 +05:30 [INF] Route matched with {action = "GetOrderCount", controller = "Orders"}. Executing controller action with signature System.Threading.Tasks.Task`1[Microsoft.AspNetCore.Mvc.IActionResult] GetOrderCount() on controller AuthNet.Controllers.OrdersController (AuthNet).
2025-07-30 09:37:32.027 +05:30 [INF] Executed DbCommand (3ms) [Parameters=[], CommandType='"Text"', CommandTimeout='30']
SELECT COUNT(*)
FROM [Orders] AS [o]
2025-07-30 09:37:32.028 +05:30 [INF] Executing OkObjectResult, writing value of type 'System.Int32'.
2025-07-30 09:37:32.028 +05:30 [INF] Executed action AuthNet.Controllers.OrdersController.GetOrderCount (AuthNet) in 6.5593ms
2025-07-30 09:37:32.028 +05:30 [INF] Executed endpoint 'AuthNet.Controllers.OrdersController.GetOrderCount (AuthNet)'
2025-07-30 09:37:32.028 +05:30 [INF] Request finished HTTP/1.1 GET https://localhost:7165/api/Orders/count - 200 null application/json; charset=utf-8 11.0936ms
2025-07-30 09:37:32.041 +05:30 [INF] Request starting HTTP/1.1 GET https://localhost:7165/api/Customers/count - null null
2025-07-30 09:37:32.041 +05:30 [INF] Executing endpoint 'AuthNet.Controllers.CustomersController.GetCustomerCount (AuthNet)'
2025-07-30 09:37:32.046 +05:30 [INF] Route matched with {action = "GetCustomerCount", controller = "Customers"}. Executing controller action with signature System.Threading.Tasks.Task`1[Microsoft.AspNetCore.Mvc.IActionResult] GetCustomerCount() on controller AuthNet.Controllers.CustomersController (AuthNet).
2025-07-30 09:37:32.050 +05:30 [INF] Executed DbCommand (3ms) [Parameters=[], CommandType='"Text"', CommandTimeout='30']
SELECT COUNT(*)
FROM [Customers] AS [c]
2025-07-30 09:37:32.050 +05:30 [INF] Executing OkObjectResult, writing value of type 'System.Int32'.
2025-07-30 09:37:32.050 +05:30 [INF] Executed action AuthNet.Controllers.CustomersController.GetCustomerCount (AuthNet) in 4.2283ms
2025-07-30 09:37:32.050 +05:30 [INF] Executed endpoint 'AuthNet.Controllers.CustomersController.GetCustomerCount (AuthNet)'
2025-07-30 09:37:32.051 +05:30 [INF] Request finished HTTP/1.1 GET https://localhost:7165/api/Customers/count - 200 null application/json; charset=utf-8 9.5224ms
2025-07-30 09:37:32.066 +05:30 [INF] Request starting HTTP/1.1 GET https://localhost:7165/api/Tasks - null null
2025-07-30 09:37:32.067 +05:30 [INF] Executing endpoint 'AuthNet.Controllers.TasksController.GetTasks (AuthNet)'
2025-07-30 09:37:32.069 +05:30 [INF] Route matched with {action = "GetTasks", controller = "Tasks"}. Executing controller action with signature Microsoft.AspNetCore.Mvc.IActionResult GetTasks() on controller AuthNet.Controllers.TasksController (AuthNet).
2025-07-30 09:37:32.073 +05:30 [INF] Executed DbCommand (2ms) [Parameters=[], CommandType='"Text"', CommandTimeout='30']
SELECT [t].[Id], [t].[Title], [t].[DueDate]
FROM [Tasks] AS [t]
2025-07-30 09:37:32.073 +05:30 [INF] Executing OkObjectResult, writing value of type 'System.Collections.Generic.List`1[[AuthNet.Models.DTO.TaskItemDto, AuthNet, Version=1.0.0.0, Culture=neutral, PublicKeyToken=null]]'.
2025-07-30 09:37:32.081 +05:30 [INF] Executed action AuthNet.Controllers.TasksController.GetTasks (AuthNet) in 12.1766ms
2025-07-30 09:37:32.081 +05:30 [INF] Executed endpoint 'AuthNet.Controllers.TasksController.GetTasks (AuthNet)'
2025-07-30 09:37:32.082 +05:30 [INF] Request finished HTTP/1.1 GET https://localhost:7165/api/Tasks - 200 null application/json; charset=utf-8 15.175ms
2025-07-30 09:37:32.115 +05:30 [INF] Request starting HTTP/1.1 GET https://localhost:7165/api/Settings/Get - null null
2025-07-30 09:37:32.116 +05:30 [INF] Executing endpoint 'AuthNet.Controllers.SettingsController.GetCompanyInfo (AuthNet)'
2025-07-30 09:37:32.121 +05:30 [INF] Route matched with {action = "GetCompanyInfo", controller = "Settings"}. Executing controller action with signature System.Threading.Tasks.Task`1[Microsoft.AspNetCore.Mvc.IActionResult] GetCompanyInfo() on controller AuthNet.Controllers.SettingsController (AuthNet).
2025-07-30 09:37:32.149 +05:30 [INF] Executed DbCommand (24ms) [Parameters=[], CommandType='"Text"', CommandTimeout='30']
SELECT TOP(1) [c].[Id], [c].[Address], [c].[AlternateContactNumber], [c].[ContactNumber], [c].[Email], [c].[GSTIN], [c].[LogoFileExtension], [c].[LogoFilePath], [c].[LogoFileSizeInBytes], [c].[LogoName], [c].[Name], [c].[SignFileExtension], [c].[SignFilePath], [c].[SignFileSizeInBytes], [c].[SignName]
FROM [CompanyInfos] AS [c]
2025-07-30 09:37:32.149 +05:30 [INF] Executing OkObjectResult, writing value of type 'AuthNet.Models.DTO.CompanyInfoResponseDto'.
2025-07-30 09:37:32.152 +05:30 [INF] Executed action AuthNet.Controllers.SettingsController.GetCompanyInfo (AuthNet) in 30.6099ms
2025-07-30 09:37:32.152 +05:30 [INF] Executed endpoint 'AuthNet.Controllers.SettingsController.GetCompanyInfo (AuthNet)'
2025-07-30 09:37:32.152 +05:30 [INF] Request finished HTTP/1.1 GET https://localhost:7165/api/Settings/Get - 200 null application/json; charset=utf-8 37.8273ms
2025-07-30 09:37:32.468 +05:30 [INF] Request starting HTTP/2 GET https://localhost:7165/api/Sales/WeeklyProfit - null null
2025-07-30 09:37:32.469 +05:30 [INF] CORS policy execution successful.
2025-07-30 09:37:32.469 +05:30 [INF] Executing endpoint 'AuthNet.Controllers.SalesController.GetWeeklyProfit (AuthNet)'
2025-07-30 09:37:32.470 +05:30 [INF] Request starting HTTP/2 GET https://localhost:7165/api/Products/CategoryWiseProductCount - null null
2025-07-30 09:37:32.475 +05:30 [INF] CORS policy execution successful.
2025-07-30 09:37:32.475 +05:30 [INF] Executing endpoint 'AuthNet.Controllers.ProductsController.GetCategoryWiseProductCount (AuthNet)'
2025-07-30 09:37:32.476 +05:30 [INF] Route matched with {action = "GetWeeklyProfit", controller = "Sales"}. Executing controller action with signature System.Threading.Tasks.Task`1[Microsoft.AspNetCore.Mvc.IActionResult] GetWeeklyProfit() on controller AuthNet.Controllers.SalesController (AuthNet).
2025-07-30 09:37:32.486 +05:30 [INF] Route matched with {action = "GetCategoryWiseProductCount", controller = "Products"}. Executing controller action with signature System.Threading.Tasks.Task`1[Microsoft.AspNetCore.Mvc.IActionResult] GetCategoryWiseProductCount() on controller AuthNet.Controllers.ProductsController (AuthNet).
2025-07-30 09:37:32.498 +05:30 [INF] Executed DbCommand (20ms) [Parameters=[@__startDate_0='?' (DbType = DateTime2), @__endDate_1='?' (DbType = DateTime2)], CommandType='"Text"', CommandTimeout='30']
SELECT [s].[Id], [s].[ProductId], [s].[ProductName], [s].[Quantity], [s].[SaleId], [s].[TotalPrice], [s].[UnitPrice], [s0].[Id], [s0].[AfterTaxAmount], [s0].[CreatedAt], [s0].[DiscountedAmount], [s0].[InvoiceDate], [s0].[InvoiceNo], [s0].[PrincipalAmount], [s0].[Template], [s0].[TotalAmount]
FROM [SaleItems] AS [s]
INNER JOIN [Sales] AS [s0] ON [s].[SaleId] = [s0].[Id]
WHERE CONVERT(date, [s0].[InvoiceDate]) >= @__startDate_0 AND CONVERT(date, [s0].[InvoiceDate]) <= @__endDate_1
2025-07-30 09:37:32.503 +05:30 [INF] Executed DbCommand (16ms) [Parameters=[], CommandType='"Text"', CommandTimeout='30']
SELECT [c].[Name] AS [CategoryName], COUNT(*) AS [ProductCount]
FROM [Products] AS [p]
LEFT JOIN [Categories] AS [c] ON [p].[CategoryId] = [c].[CategoryId]
WHERE [c].[CategoryId] IS NOT NULL
GROUP BY [c].[Name]
2025-07-30 09:37:32.504 +05:30 [INF] Executing OkObjectResult, writing value of type 'System.Collections.Generic.List`1[[AuthNet.Models.DTO.CategoryProductCountDto, AuthNet, Version=1.0.0.0, Culture=neutral, PublicKeyToken=null]]'.
2025-07-30 09:37:32.505 +05:30 [INF] Executed action AuthNet.Controllers.ProductsController.GetCategoryWiseProductCount (AuthNet) in 18.5234ms
2025-07-30 09:37:32.505 +05:30 [INF] Executed endpoint 'AuthNet.Controllers.ProductsController.GetCategoryWiseProductCount (AuthNet)'
2025-07-30 09:37:32.506 +05:30 [INF] Request finished HTTP/2 GET https://localhost:7165/api/Products/CategoryWiseProductCount - 200 null application/json; charset=utf-8 35.8251ms
2025-07-30 09:37:32.521 +05:30 [INF] Executed DbCommand (22ms) [Parameters=[@__productIds_0='?' (Size = 4000)], CommandType='"Text"', CommandTimeout='30']
SELECT [p].[ProductId], [p].[CategoryId], [p].[CostPrice], [p].[Description], [p].[Name], [p].[ProductCode], [p].[ProductKey], [p].[SellPrice], [p].[SupplierId]
FROM [Products] AS [p]
WHERE [p].[ProductId] IN (
    SELECT [p0].[value]
    FROM OPENJSON(@__productIds_0) WITH ([value] int '$') AS [p0]
)
2025-07-30 09:37:32.521 +05:30 [INF] Executing OkObjectResult, writing value of type 'System.Collections.Generic.List`1[[AuthNet.Models.DTO.DailyProfitDto, AuthNet, Version=1.0.0.0, Culture=neutral, PublicKeyToken=null]]'.
2025-07-30 09:37:32.527 +05:30 [INF] Executed action AuthNet.Controllers.SalesController.GetWeeklyProfit (AuthNet) in 50.9305ms
2025-07-30 09:37:32.527 +05:30 [INF] Executed endpoint 'AuthNet.Controllers.SalesController.GetWeeklyProfit (AuthNet)'
2025-07-30 09:37:32.527 +05:30 [INF] Request finished HTTP/2 GET https://localhost:7165/api/Sales/WeeklyProfit - 200 null application/json; charset=utf-8 58.672ms
2025-07-30 09:37:34.066 +05:30 [INF] Request starting HTTP/2 GET https://localhost:7165/swagger/v1/swagger.json - null null
2025-07-30 09:37:34.103 +05:30 [INF] Request finished HTTP/2 GET https://localhost:7165/swagger/v1/swagger.json - 200 null application/json;charset=utf-8 37.5921ms
2025-07-30 09:38:47.342 +05:30 [INF] Request starting HTTP/2 GET https://localhost:7165/swagger/index.html - null null
2025-07-30 09:38:47.351 +05:30 [INF] Request finished HTTP/2 GET https://localhost:7165/swagger/index.html - 200 null text/html;charset=utf-8 8.8137ms
2025-07-30 09:38:47.400 +05:30 [INF] Request starting HTTP/2 GET https://localhost:7165/_vs/browserLink - null null
2025-07-30 09:38:47.401 +05:30 [INF] Request starting HTTP/2 GET https://localhost:7165/_framework/aspnetcore-browser-refresh.js - null null
2025-07-30 09:38:47.402 +05:30 [INF] Request finished HTTP/2 GET https://localhost:7165/_framework/aspnetcore-browser-refresh.js - 200 16499 application/javascript; charset=utf-8 1.6749ms
2025-07-30 09:38:47.425 +05:30 [INF] Request finished HTTP/2 GET https://localhost:7165/_vs/browserLink - 200 null text/javascript; charset=UTF-8 25.3426ms
2025-07-30 09:38:47.483 +05:30 [INF] Request starting HTTP/1.1 GET https://localhost:7165/api/Sales/DailyProfit - null null
2025-07-30 09:38:47.484 +05:30 [INF] Executing endpoint 'AuthNet.Controllers.SalesController.GetDailyProfit (AuthNet)'
2025-07-30 09:38:47.493 +05:30 [INF] Route matched with {action = "GetDailyProfit", controller = "Sales"}. Executing controller action with signature System.Threading.Tasks.Task`1[Microsoft.AspNetCore.Mvc.IActionResult] GetDailyProfit() on controller AuthNet.Controllers.SalesController (AuthNet).
2025-07-30 09:38:47.513 +05:30 [INF] Executed DbCommand (18ms) [Parameters=[@__date_Date_0='?' (DbType = DateTime2)], CommandType='"Text"', CommandTimeout='30']
SELECT [s].[Id], [s].[ProductId], [s].[ProductName], [s].[Quantity], [s].[SaleId], [s].[TotalPrice], [s].[UnitPrice], [s0].[Id], [s0].[AfterTaxAmount], [s0].[CreatedAt], [s0].[DiscountedAmount], [s0].[InvoiceDate], [s0].[InvoiceNo], [s0].[PrincipalAmount], [s0].[Template], [s0].[TotalAmount]
FROM [SaleItems] AS [s]
INNER JOIN [Sales] AS [s0] ON [s].[SaleId] = [s0].[Id]
WHERE CONVERT(date, [s0].[InvoiceDate]) = @__date_Date_0
2025-07-30 09:38:47.518 +05:30 [INF] Executed DbCommand (5ms) [Parameters=[@__productIds_0='?' (Size = 4000)], CommandType='"Text"', CommandTimeout='30']
SELECT [p].[ProductId], [p].[CategoryId], [p].[CostPrice], [p].[Description], [p].[Name], [p].[ProductCode], [p].[ProductKey], [p].[SellPrice], [p].[SupplierId]
FROM [Products] AS [p]
WHERE [p].[ProductId] IN (
    SELECT [p0].[value]
    FROM OPENJSON(@__productIds_0) WITH ([value] int '$') AS [p0]
)
2025-07-30 09:38:47.519 +05:30 [INF] Executing OkObjectResult, writing value of type 'AuthNet.Models.DTO.DailyProfitDto'.
2025-07-30 09:38:47.520 +05:30 [INF] Executed action AuthNet.Controllers.SalesController.GetDailyProfit (AuthNet) in 27.6414ms
2025-07-30 09:38:47.521 +05:30 [INF] Executed endpoint 'AuthNet.Controllers.SalesController.GetDailyProfit (AuthNet)'
2025-07-30 09:38:47.521 +05:30 [INF] Request finished HTTP/1.1 GET https://localhost:7165/api/Sales/DailyProfit - 200 null application/json; charset=utf-8 37.8988ms
2025-07-30 09:38:47.536 +05:30 [INF] Request starting HTTP/1.1 GET https://localhost:7165/api/Sales/CurrentMonthProfit - null null
2025-07-30 09:38:47.548 +05:30 [INF] Executing endpoint 'AuthNet.Controllers.SalesController.GetCurrentMonthProfit (AuthNet)'
2025-07-30 09:38:47.556 +05:30 [INF] Route matched with {action = "GetCurrentMonthProfit", controller = "Sales"}. Executing controller action with signature System.Threading.Tasks.Task`1[Microsoft.AspNetCore.Mvc.IActionResult] GetCurrentMonthProfit() on controller AuthNet.Controllers.SalesController (AuthNet).
2025-07-30 09:38:47.562 +05:30 [INF] Executed DbCommand (5ms) [Parameters=[@__currentYear_0='?' (DbType = Int32), @__currentMonth_1='?' (DbType = Int32)], CommandType='"Text"', CommandTimeout='30']
SELECT [s].[Id], [s].[ProductId], [s].[ProductName], [s].[Quantity], [s].[SaleId], [s].[TotalPrice], [s].[UnitPrice], [s0].[Id], [s0].[AfterTaxAmount], [s0].[CreatedAt], [s0].[DiscountedAmount], [s0].[InvoiceDate], [s0].[InvoiceNo], [s0].[PrincipalAmount], [s0].[Template], [s0].[TotalAmount]
FROM [SaleItems] AS [s]
INNER JOIN [Sales] AS [s0] ON [s].[SaleId] = [s0].[Id]
WHERE DATEPART(year, [s0].[InvoiceDate]) = @__currentYear_0 AND DATEPART(month, [s0].[InvoiceDate]) = @__currentMonth_1
2025-07-30 09:38:47.563 +05:30 [INF] Executed DbCommand (1ms) [Parameters=[@__productIds_0='?' (Size = 4000)], CommandType='"Text"', CommandTimeout='30']
SELECT [p].[ProductId], [p].[CategoryId], [p].[CostPrice], [p].[Description], [p].[Name], [p].[ProductCode], [p].[ProductKey], [p].[SellPrice], [p].[SupplierId]
FROM [Products] AS [p]
WHERE [p].[ProductId] IN (
    SELECT [p0].[value]
    FROM OPENJSON(@__productIds_0) WITH ([value] int '$') AS [p0]
)
2025-07-30 09:38:47.564 +05:30 [INF] Executing OkObjectResult, writing value of type 'AuthNet.Models.DTO.MonthlyProfitDto'.
2025-07-30 09:38:47.565 +05:30 [INF] Executed action AuthNet.Controllers.SalesController.GetCurrentMonthProfit (AuthNet) in 9.2995ms
2025-07-30 09:38:47.565 +05:30 [INF] Executed endpoint 'AuthNet.Controllers.SalesController.GetCurrentMonthProfit (AuthNet)'
2025-07-30 09:38:47.565 +05:30 [INF] Request finished HTTP/1.1 GET https://localhost:7165/api/Sales/CurrentMonthProfit - 200 null application/json; charset=utf-8 29.4924ms
2025-07-30 09:38:47.580 +05:30 [INF] Request starting HTTP/1.1 GET https://localhost:7165/api/Sales/CurrentYearProfit - null null
2025-07-30 09:38:47.580 +05:30 [INF] Executing endpoint 'AuthNet.Controllers.SalesController.GetCurrentYearProfit (AuthNet)'
2025-07-30 09:38:47.584 +05:30 [INF] Route matched with {action = "GetCurrentYearProfit", controller = "Sales"}. Executing controller action with signature System.Threading.Tasks.Task`1[Microsoft.AspNetCore.Mvc.IActionResult] GetCurrentYearProfit() on controller AuthNet.Controllers.SalesController (AuthNet).
2025-07-30 09:38:47.592 +05:30 [INF] Executed DbCommand (5ms) [Parameters=[@__currentYear_0='?' (DbType = Int32)], CommandType='"Text"', CommandTimeout='30']
SELECT [s].[Id], [s].[ProductId], [s].[ProductName], [s].[Quantity], [s].[SaleId], [s].[TotalPrice], [s].[UnitPrice], [s0].[Id], [s0].[AfterTaxAmount], [s0].[CreatedAt], [s0].[DiscountedAmount], [s0].[InvoiceDate], [s0].[InvoiceNo], [s0].[PrincipalAmount], [s0].[Template], [s0].[TotalAmount]
FROM [SaleItems] AS [s]
INNER JOIN [Sales] AS [s0] ON [s].[SaleId] = [s0].[Id]
WHERE DATEPART(year, [s0].[InvoiceDate]) = @__currentYear_0
2025-07-30 09:38:47.594 +05:30 [INF] Executed DbCommand (1ms) [Parameters=[@__productIds_0='?' (Size = 4000)], CommandType='"Text"', CommandTimeout='30']
SELECT [p].[ProductId], [p].[CategoryId], [p].[CostPrice], [p].[Description], [p].[Name], [p].[ProductCode], [p].[ProductKey], [p].[SellPrice], [p].[SupplierId]
FROM [Products] AS [p]
WHERE [p].[ProductId] IN (
    SELECT [p0].[value]
    FROM OPENJSON(@__productIds_0) WITH ([value] int '$') AS [p0]
)
2025-07-30 09:38:47.594 +05:30 [INF] Executing OkObjectResult, writing value of type 'AuthNet.Models.DTO.YearlyProfitDto'.
2025-07-30 09:38:47.595 +05:30 [INF] Executed action AuthNet.Controllers.SalesController.GetCurrentYearProfit (AuthNet) in 10.5025ms
2025-07-30 09:38:47.595 +05:30 [INF] Executed endpoint 'AuthNet.Controllers.SalesController.GetCurrentYearProfit (AuthNet)'
2025-07-30 09:38:47.595 +05:30 [INF] Request finished HTTP/1.1 GET https://localhost:7165/api/Sales/CurrentYearProfit - 200 null application/json; charset=utf-8 15.4315ms
2025-07-30 09:38:47.612 +05:30 [INF] Request starting HTTP/1.1 GET https://localhost:7165/api/Products/count - null null
2025-07-30 09:38:47.612 +05:30 [INF] Executing endpoint 'AuthNet.Controllers.ProductsController.GetProductCount (AuthNet)'
2025-07-30 09:38:47.616 +05:30 [INF] Route matched with {action = "GetProductCount", controller = "Products"}. Executing controller action with signature System.Threading.Tasks.Task`1[Microsoft.AspNetCore.Mvc.IActionResult] GetProductCount() on controller AuthNet.Controllers.ProductsController (AuthNet).
2025-07-30 09:38:47.626 +05:30 [INF] Executed DbCommand (8ms) [Parameters=[], CommandType='"Text"', CommandTimeout='30']
SELECT COUNT(*)
FROM [Products] AS [p]
2025-07-30 09:38:47.627 +05:30 [INF] Executing OkObjectResult, writing value of type 'System.Int32'.
2025-07-30 09:38:47.627 +05:30 [INF] Executed action AuthNet.Controllers.ProductsController.GetProductCount (AuthNet) in 10.8401ms
2025-07-30 09:38:47.627 +05:30 [INF] Executed endpoint 'AuthNet.Controllers.ProductsController.GetProductCount (AuthNet)'
2025-07-30 09:38:47.628 +05:30 [INF] Request finished HTTP/1.1 GET https://localhost:7165/api/Products/count - 200 null application/json; charset=utf-8 16.0882ms
2025-07-30 09:38:47.646 +05:30 [INF] Request starting HTTP/1.1 GET https://localhost:7165/api/Suppliers/count - null null
2025-07-30 09:38:47.646 +05:30 [INF] Executing endpoint 'AuthNet.Controllers.SuppliersController.GetSupplierCount (AuthNet)'
2025-07-30 09:38:47.652 +05:30 [INF] Route matched with {action = "GetSupplierCount", controller = "Suppliers"}. Executing controller action with signature System.Threading.Tasks.Task`1[Microsoft.AspNetCore.Mvc.IActionResult] GetSupplierCount() on controller AuthNet.Controllers.SuppliersController (AuthNet).
2025-07-30 09:38:47.657 +05:30 [INF] Executed DbCommand (3ms) [Parameters=[], CommandType='"Text"', CommandTimeout='30']
SELECT COUNT(*)
FROM [Suppliers] AS [s]
2025-07-30 09:38:47.658 +05:30 [INF] Executing OkObjectResult, writing value of type 'System.Int32'.
2025-07-30 09:38:47.658 +05:30 [INF] Executed action AuthNet.Controllers.SuppliersController.GetSupplierCount (AuthNet) in 5.5157ms
2025-07-30 09:38:47.658 +05:30 [INF] Executed endpoint 'AuthNet.Controllers.SuppliersController.GetSupplierCount (AuthNet)'
2025-07-30 09:38:47.658 +05:30 [INF] Request finished HTTP/1.1 GET https://localhost:7165/api/Suppliers/count - 200 null application/json; charset=utf-8 12.4546ms
2025-07-30 09:38:47.676 +05:30 [INF] Request starting HTTP/1.1 GET https://localhost:7165/api/Categories/count - null null
2025-07-30 09:38:47.677 +05:30 [INF] Executing endpoint 'AuthNet.Controllers.CategoriesController.GetCategoryCount (AuthNet)'
2025-07-30 09:38:47.682 +05:30 [INF] Route matched with {action = "GetCategoryCount", controller = "Categories"}. Executing controller action with signature System.Threading.Tasks.Task`1[Microsoft.AspNetCore.Mvc.IActionResult] GetCategoryCount() on controller AuthNet.Controllers.CategoriesController (AuthNet).
2025-07-30 09:38:47.691 +05:30 [INF] Executed DbCommand (7ms) [Parameters=[], CommandType='"Text"', CommandTimeout='30']
SELECT COUNT(*)
FROM [Categories] AS [c]
2025-07-30 09:38:47.692 +05:30 [INF] Executing OkObjectResult, writing value of type 'System.Int32'.
2025-07-30 09:38:47.692 +05:30 [INF] Executed action AuthNet.Controllers.CategoriesController.GetCategoryCount (AuthNet) in 9.5356ms
2025-07-30 09:38:47.692 +05:30 [INF] Executed endpoint 'AuthNet.Controllers.CategoriesController.GetCategoryCount (AuthNet)'
2025-07-30 09:38:47.692 +05:30 [INF] Request finished HTTP/1.1 GET https://localhost:7165/api/Categories/count - 200 null application/json; charset=utf-8 15.5311ms
2025-07-30 09:38:47.698 +05:30 [INF] Request starting HTTP/2 GET https://localhost:7165/swagger/v1/swagger.json - null null
2025-07-30 09:38:47.725 +05:30 [INF] Request starting HTTP/1.1 GET https://localhost:7165/api/Orders/count - null null
2025-07-30 09:38:47.725 +05:30 [INF] Executing endpoint 'AuthNet.Controllers.OrdersController.GetOrderCount (AuthNet)'
2025-07-30 09:38:47.730 +05:30 [INF] Route matched with {action = "GetOrderCount", controller = "Orders"}. Executing controller action with signature System.Threading.Tasks.Task`1[Microsoft.AspNetCore.Mvc.IActionResult] GetOrderCount() on controller AuthNet.Controllers.OrdersController (AuthNet).
2025-07-30 09:38:47.744 +05:30 [INF] Executed DbCommand (12ms) [Parameters=[], CommandType='"Text"', CommandTimeout='30']
SELECT COUNT(*)
FROM [Orders] AS [o]
2025-07-30 09:38:47.744 +05:30 [INF] Executing OkObjectResult, writing value of type 'System.Int32'.
2025-07-30 09:38:47.745 +05:30 [INF] Executed action AuthNet.Controllers.OrdersController.GetOrderCount (AuthNet) in 14.0103ms
2025-07-30 09:38:47.745 +05:30 [INF] Executed endpoint 'AuthNet.Controllers.OrdersController.GetOrderCount (AuthNet)'
2025-07-30 09:38:47.745 +05:30 [INF] Request finished HTTP/1.1 GET https://localhost:7165/api/Orders/count - 200 null application/json; charset=utf-8 19.9628ms
2025-07-30 09:38:47.770 +05:30 [INF] Request finished HTTP/2 GET https://localhost:7165/swagger/v1/swagger.json - 200 null application/json;charset=utf-8 71.9427ms
2025-07-30 09:38:47.783 +05:30 [INF] Request starting HTTP/1.1 GET https://localhost:7165/api/Customers/count - null null
2025-07-30 09:38:47.784 +05:30 [INF] Executing endpoint 'AuthNet.Controllers.CustomersController.GetCustomerCount (AuthNet)'
2025-07-30 09:38:47.792 +05:30 [INF] Route matched with {action = "GetCustomerCount", controller = "Customers"}. Executing controller action with signature System.Threading.Tasks.Task`1[Microsoft.AspNetCore.Mvc.IActionResult] GetCustomerCount() on controller AuthNet.Controllers.CustomersController (AuthNet).
2025-07-30 09:38:47.796 +05:30 [INF] Executed DbCommand (3ms) [Parameters=[], CommandType='"Text"', CommandTimeout='30']
SELECT COUNT(*)
FROM [Customers] AS [c]
2025-07-30 09:38:47.797 +05:30 [INF] Executing OkObjectResult, writing value of type 'System.Int32'.
2025-07-30 09:38:47.797 +05:30 [INF] Executed action AuthNet.Controllers.CustomersController.GetCustomerCount (AuthNet) in 5.1011ms
2025-07-30 09:38:47.797 +05:30 [INF] Executed endpoint 'AuthNet.Controllers.CustomersController.GetCustomerCount (AuthNet)'
2025-07-30 09:38:47.797 +05:30 [INF] Request finished HTTP/1.1 GET https://localhost:7165/api/Customers/count - 200 null application/json; charset=utf-8 14.556ms
2025-07-30 09:38:47.818 +05:30 [INF] Request starting HTTP/1.1 GET https://localhost:7165/api/Tasks - null null
2025-07-30 09:38:47.819 +05:30 [INF] Executing endpoint 'AuthNet.Controllers.TasksController.GetTasks (AuthNet)'
2025-07-30 09:38:47.821 +05:30 [INF] Route matched with {action = "GetTasks", controller = "Tasks"}. Executing controller action with signature Microsoft.AspNetCore.Mvc.IActionResult GetTasks() on controller AuthNet.Controllers.TasksController (AuthNet).
2025-07-30 09:38:47.824 +05:30 [INF] Executed DbCommand (2ms) [Parameters=[], CommandType='"Text"', CommandTimeout='30']
SELECT [t].[Id], [t].[Title], [t].[DueDate]
FROM [Tasks] AS [t]
2025-07-30 09:38:47.824 +05:30 [INF] Executing OkObjectResult, writing value of type 'System.Collections.Generic.List`1[[AuthNet.Models.DTO.TaskItemDto, AuthNet, Version=1.0.0.0, Culture=neutral, PublicKeyToken=null]]'.
2025-07-30 09:38:47.826 +05:30 [INF] Executed action AuthNet.Controllers.TasksController.GetTasks (AuthNet) in 5.0433ms
2025-07-30 09:38:47.826 +05:30 [INF] Executed endpoint 'AuthNet.Controllers.TasksController.GetTasks (AuthNet)'
2025-07-30 09:38:47.826 +05:30 [INF] Request finished HTTP/1.1 GET https://localhost:7165/api/Tasks - 200 null application/json; charset=utf-8 8.3725ms
2025-07-30 09:38:47.844 +05:30 [INF] Request starting HTTP/1.1 GET https://localhost:7165/api/Settings/Get - null null
2025-07-30 09:38:47.845 +05:30 [INF] Executing endpoint 'AuthNet.Controllers.SettingsController.GetCompanyInfo (AuthNet)'
2025-07-30 09:38:47.849 +05:30 [INF] Route matched with {action = "GetCompanyInfo", controller = "Settings"}. Executing controller action with signature System.Threading.Tasks.Task`1[Microsoft.AspNetCore.Mvc.IActionResult] GetCompanyInfo() on controller AuthNet.Controllers.SettingsController (AuthNet).
2025-07-30 09:38:47.857 +05:30 [INF] Executed DbCommand (7ms) [Parameters=[], CommandType='"Text"', CommandTimeout='30']
SELECT TOP(1) [c].[Id], [c].[Address], [c].[AlternateContactNumber], [c].[ContactNumber], [c].[Email], [c].[GSTIN], [c].[LogoFileExtension], [c].[LogoFilePath], [c].[LogoFileSizeInBytes], [c].[LogoName], [c].[Name], [c].[SignFileExtension], [c].[SignFilePath], [c].[SignFileSizeInBytes], [c].[SignName]
FROM [CompanyInfos] AS [c]
2025-07-30 09:38:47.858 +05:30 [INF] Executing OkObjectResult, writing value of type 'AuthNet.Models.DTO.CompanyInfoResponseDto'.
2025-07-30 09:38:47.861 +05:30 [INF] Executed action AuthNet.Controllers.SettingsController.GetCompanyInfo (AuthNet) in 11.2745ms
2025-07-30 09:38:47.861 +05:30 [INF] Executed endpoint 'AuthNet.Controllers.SettingsController.GetCompanyInfo (AuthNet)'
2025-07-30 09:38:47.861 +05:30 [INF] Request finished HTTP/1.1 GET https://localhost:7165/api/Settings/Get - 200 null application/json; charset=utf-8 16.8489ms
2025-07-30 09:38:48.139 +05:30 [INF] Request starting HTTP/2 GET https://localhost:7165/api/Sales/WeeklyProfit - null null
2025-07-30 09:38:48.139 +05:30 [INF] Request starting HTTP/2 GET https://localhost:7165/api/Products/CategoryWiseProductCount - null null
2025-07-30 09:38:48.140 +05:30 [INF] CORS policy execution successful.
2025-07-30 09:38:48.140 +05:30 [INF] Executing endpoint 'AuthNet.Controllers.SalesController.GetWeeklyProfit (AuthNet)'
2025-07-30 09:38:48.141 +05:30 [INF] CORS policy execution successful.
2025-07-30 09:38:48.141 +05:30 [INF] Executing endpoint 'AuthNet.Controllers.ProductsController.GetCategoryWiseProductCount (AuthNet)'
2025-07-30 09:38:48.145 +05:30 [INF] Route matched with {action = "GetCategoryWiseProductCount", controller = "Products"}. Executing controller action with signature System.Threading.Tasks.Task`1[Microsoft.AspNetCore.Mvc.IActionResult] GetCategoryWiseProductCount() on controller AuthNet.Controllers.ProductsController (AuthNet).
2025-07-30 09:38:48.145 +05:30 [INF] Route matched with {action = "GetWeeklyProfit", controller = "Sales"}. Executing controller action with signature System.Threading.Tasks.Task`1[Microsoft.AspNetCore.Mvc.IActionResult] GetWeeklyProfit() on controller AuthNet.Controllers.SalesController (AuthNet).
2025-07-30 09:38:48.179 +05:30 [INF] Executed DbCommand (33ms) [Parameters=[], CommandType='"Text"', CommandTimeout='30']
SELECT [c].[Name] AS [CategoryName], COUNT(*) AS [ProductCount]
FROM [Products] AS [p]
LEFT JOIN [Categories] AS [c] ON [p].[CategoryId] = [c].[CategoryId]
WHERE [c].[CategoryId] IS NOT NULL
GROUP BY [c].[Name]
2025-07-30 09:38:48.179 +05:30 [INF] Executing OkObjectResult, writing value of type 'System.Collections.Generic.List`1[[AuthNet.Models.DTO.CategoryProductCountDto, AuthNet, Version=1.0.0.0, Culture=neutral, PublicKeyToken=null]]'.
2025-07-30 09:38:48.180 +05:30 [INF] Executed action AuthNet.Controllers.ProductsController.GetCategoryWiseProductCount (AuthNet) in 35.3728ms
2025-07-30 09:38:48.180 +05:30 [INF] Executed endpoint 'AuthNet.Controllers.ProductsController.GetCategoryWiseProductCount (AuthNet)'
2025-07-30 09:38:48.181 +05:30 [INF] Request finished HTTP/2 GET https://localhost:7165/api/Products/CategoryWiseProductCount - 200 null application/json; charset=utf-8 41.7968ms
2025-07-30 09:38:48.182 +05:30 [INF] Executed DbCommand (36ms) [Parameters=[@__startDate_0='?' (DbType = DateTime2), @__endDate_1='?' (DbType = DateTime2)], CommandType='"Text"', CommandTimeout='30']
SELECT [s].[Id], [s].[ProductId], [s].[ProductName], [s].[Quantity], [s].[SaleId], [s].[TotalPrice], [s].[UnitPrice], [s0].[Id], [s0].[AfterTaxAmount], [s0].[CreatedAt], [s0].[DiscountedAmount], [s0].[InvoiceDate], [s0].[InvoiceNo], [s0].[PrincipalAmount], [s0].[Template], [s0].[TotalAmount]
FROM [SaleItems] AS [s]
INNER JOIN [Sales] AS [s0] ON [s].[SaleId] = [s0].[Id]
WHERE CONVERT(date, [s0].[InvoiceDate]) >= @__startDate_0 AND CONVERT(date, [s0].[InvoiceDate]) <= @__endDate_1
2025-07-30 09:38:48.201 +05:30 [INF] Executed DbCommand (18ms) [Parameters=[@__productIds_0='?' (Size = 4000)], CommandType='"Text"', CommandTimeout='30']
SELECT [p].[ProductId], [p].[CategoryId], [p].[CostPrice], [p].[Description], [p].[Name], [p].[ProductCode], [p].[ProductKey], [p].[SellPrice], [p].[SupplierId]
FROM [Products] AS [p]
WHERE [p].[ProductId] IN (
    SELECT [p0].[value]
    FROM OPENJSON(@__productIds_0) WITH ([value] int '$') AS [p0]
)
2025-07-30 09:38:48.203 +05:30 [INF] Executing OkObjectResult, writing value of type 'System.Collections.Generic.List`1[[AuthNet.Models.DTO.DailyProfitDto, AuthNet, Version=1.0.0.0, Culture=neutral, PublicKeyToken=null]]'.
2025-07-30 09:38:48.204 +05:30 [INF] Executed action AuthNet.Controllers.SalesController.GetWeeklyProfit (AuthNet) in 59.1671ms
2025-07-30 09:38:48.204 +05:30 [INF] Executed endpoint 'AuthNet.Controllers.SalesController.GetWeeklyProfit (AuthNet)'
2025-07-30 09:38:48.205 +05:30 [INF] Request finished HTTP/2 GET https://localhost:7165/api/Sales/WeeklyProfit - 200 null application/json; charset=utf-8 66.2496ms
2025-07-30 09:54:00.440 +05:30 [INF] Request starting HTTP/1.1 GET https://localhost:7165/api/Sales/DailyProfit - null null
2025-07-30 09:54:00.441 +05:30 [INF] Executing endpoint 'AuthNet.Controllers.SalesController.GetDailyProfit (AuthNet)'
2025-07-30 09:54:00.441 +05:30 [INF] Route matched with {action = "GetDailyProfit", controller = "Sales"}. Executing controller action with signature System.Threading.Tasks.Task`1[Microsoft.AspNetCore.Mvc.IActionResult] GetDailyProfit() on controller AuthNet.Controllers.SalesController (AuthNet).
2025-07-30 09:54:00.600 +05:30 [INF] Executed DbCommand (28ms) [Parameters=[@__date_Date_0='?' (DbType = DateTime2)], CommandType='"Text"', CommandTimeout='30']
SELECT [s].[Id], [s].[ProductId], [s].[ProductName], [s].[Quantity], [s].[SaleId], [s].[TotalPrice], [s].[UnitPrice], [s0].[Id], [s0].[AfterTaxAmount], [s0].[CreatedAt], [s0].[DiscountedAmount], [s0].[InvoiceDate], [s0].[InvoiceNo], [s0].[PrincipalAmount], [s0].[Template], [s0].[TotalAmount]
FROM [SaleItems] AS [s]
INNER JOIN [Sales] AS [s0] ON [s].[SaleId] = [s0].[Id]
WHERE CONVERT(date, [s0].[InvoiceDate]) = @__date_Date_0
2025-07-30 09:54:00.617 +05:30 [INF] Executed DbCommand (16ms) [Parameters=[@__productIds_0='?' (Size = 4000)], CommandType='"Text"', CommandTimeout='30']
SELECT [p].[ProductId], [p].[CategoryId], [p].[CostPrice], [p].[Description], [p].[Name], [p].[ProductCode], [p].[ProductKey], [p].[SellPrice], [p].[SupplierId]
FROM [Products] AS [p]
WHERE [p].[ProductId] IN (
    SELECT [p0].[value]
    FROM OPENJSON(@__productIds_0) WITH ([value] int '$') AS [p0]
)
2025-07-30 09:54:00.618 +05:30 [INF] Executing OkObjectResult, writing value of type 'AuthNet.Models.DTO.DailyProfitDto'.
2025-07-30 09:54:00.618 +05:30 [INF] Executed action AuthNet.Controllers.SalesController.GetDailyProfit (AuthNet) in 177.3891ms
2025-07-30 09:54:00.619 +05:30 [INF] Executed endpoint 'AuthNet.Controllers.SalesController.GetDailyProfit (AuthNet)'
2025-07-30 09:54:00.619 +05:30 [INF] Request finished HTTP/1.1 GET https://localhost:7165/api/Sales/DailyProfit - 200 null application/json; charset=utf-8 179.1948ms
2025-07-30 09:54:00.642 +05:30 [INF] Request starting HTTP/1.1 GET https://localhost:7165/api/Sales/CurrentMonthProfit - null null
2025-07-30 09:54:00.642 +05:30 [INF] Executing endpoint 'AuthNet.Controllers.SalesController.GetCurrentMonthProfit (AuthNet)'
2025-07-30 09:54:00.642 +05:30 [INF] Route matched with {action = "GetCurrentMonthProfit", controller = "Sales"}. Executing controller action with signature System.Threading.Tasks.Task`1[Microsoft.AspNetCore.Mvc.IActionResult] GetCurrentMonthProfit() on controller AuthNet.Controllers.SalesController (AuthNet).
2025-07-30 09:54:00.666 +05:30 [INF] Executed DbCommand (12ms) [Parameters=[@__currentYear_0='?' (DbType = Int32), @__currentMonth_1='?' (DbType = Int32)], CommandType='"Text"', CommandTimeout='30']
SELECT [s].[Id], [s].[ProductId], [s].[ProductName], [s].[Quantity], [s].[SaleId], [s].[TotalPrice], [s].[UnitPrice], [s0].[Id], [s0].[AfterTaxAmount], [s0].[CreatedAt], [s0].[DiscountedAmount], [s0].[InvoiceDate], [s0].[InvoiceNo], [s0].[PrincipalAmount], [s0].[Template], [s0].[TotalAmount]
FROM [SaleItems] AS [s]
INNER JOIN [Sales] AS [s0] ON [s].[SaleId] = [s0].[Id]
WHERE DATEPART(year, [s0].[InvoiceDate]) = @__currentYear_0 AND DATEPART(month, [s0].[InvoiceDate]) = @__currentMonth_1
2025-07-30 09:54:00.669 +05:30 [INF] Executed DbCommand (2ms) [Parameters=[@__productIds_0='?' (Size = 4000)], CommandType='"Text"', CommandTimeout='30']
SELECT [p].[ProductId], [p].[CategoryId], [p].[CostPrice], [p].[Description], [p].[Name], [p].[ProductCode], [p].[ProductKey], [p].[SellPrice], [p].[SupplierId]
FROM [Products] AS [p]
WHERE [p].[ProductId] IN (
    SELECT [p0].[value]
    FROM OPENJSON(@__productIds_0) WITH ([value] int '$') AS [p0]
)
2025-07-30 09:54:00.670 +05:30 [INF] Executing OkObjectResult, writing value of type 'AuthNet.Models.DTO.MonthlyProfitDto'.
2025-07-30 09:54:00.670 +05:30 [INF] Executed action AuthNet.Controllers.SalesController.GetCurrentMonthProfit (AuthNet) in 27.5075ms
2025-07-30 09:54:00.670 +05:30 [INF] Executed endpoint 'AuthNet.Controllers.SalesController.GetCurrentMonthProfit (AuthNet)'
2025-07-30 09:54:00.670 +05:30 [INF] Request finished HTTP/1.1 GET https://localhost:7165/api/Sales/CurrentMonthProfit - 200 null application/json; charset=utf-8 28.7146ms
2025-07-30 09:54:00.701 +05:30 [INF] Request starting HTTP/1.1 GET https://localhost:7165/api/Sales/CurrentYearProfit - null null
2025-07-30 09:54:00.701 +05:30 [INF] Executing endpoint 'AuthNet.Controllers.SalesController.GetCurrentYearProfit (AuthNet)'
2025-07-30 09:54:00.701 +05:30 [INF] Route matched with {action = "GetCurrentYearProfit", controller = "Sales"}. Executing controller action with signature System.Threading.Tasks.Task`1[Microsoft.AspNetCore.Mvc.IActionResult] GetCurrentYearProfit() on controller AuthNet.Controllers.SalesController (AuthNet).
2025-07-30 09:54:00.715 +05:30 [INF] Executed DbCommand (12ms) [Parameters=[@__currentYear_0='?' (DbType = Int32)], CommandType='"Text"', CommandTimeout='30']
SELECT [s].[Id], [s].[ProductId], [s].[ProductName], [s].[Quantity], [s].[SaleId], [s].[TotalPrice], [s].[UnitPrice], [s0].[Id], [s0].[AfterTaxAmount], [s0].[CreatedAt], [s0].[DiscountedAmount], [s0].[InvoiceDate], [s0].[InvoiceNo], [s0].[PrincipalAmount], [s0].[Template], [s0].[TotalAmount]
FROM [SaleItems] AS [s]
INNER JOIN [Sales] AS [s0] ON [s].[SaleId] = [s0].[Id]
WHERE DATEPART(year, [s0].[InvoiceDate]) = @__currentYear_0
2025-07-30 09:54:00.718 +05:30 [INF] Executed DbCommand (2ms) [Parameters=[@__productIds_0='?' (Size = 4000)], CommandType='"Text"', CommandTimeout='30']
SELECT [p].[ProductId], [p].[CategoryId], [p].[CostPrice], [p].[Description], [p].[Name], [p].[ProductCode], [p].[ProductKey], [p].[SellPrice], [p].[SupplierId]
FROM [Products] AS [p]
WHERE [p].[ProductId] IN (
    SELECT [p0].[value]
    FROM OPENJSON(@__productIds_0) WITH ([value] int '$') AS [p0]
)
2025-07-30 09:54:00.719 +05:30 [INF] Executing OkObjectResult, writing value of type 'AuthNet.Models.DTO.YearlyProfitDto'.
2025-07-30 09:54:00.719 +05:30 [INF] Executed action AuthNet.Controllers.SalesController.GetCurrentYearProfit (AuthNet) in 17.6693ms
2025-07-30 09:54:00.719 +05:30 [INF] Executed endpoint 'AuthNet.Controllers.SalesController.GetCurrentYearProfit (AuthNet)'
2025-07-30 09:54:00.720 +05:30 [INF] Request finished HTTP/1.1 GET https://localhost:7165/api/Sales/CurrentYearProfit - 200 null application/json; charset=utf-8 19.0292ms
2025-07-30 09:54:00.745 +05:30 [INF] Request starting HTTP/1.1 GET https://localhost:7165/api/Products/count - null null
2025-07-30 09:54:00.746 +05:30 [INF] Executing endpoint 'AuthNet.Controllers.ProductsController.GetProductCount (AuthNet)'
2025-07-30 09:54:00.746 +05:30 [INF] Route matched with {action = "GetProductCount", controller = "Products"}. Executing controller action with signature System.Threading.Tasks.Task`1[Microsoft.AspNetCore.Mvc.IActionResult] GetProductCount() on controller AuthNet.Controllers.ProductsController (AuthNet).
2025-07-30 09:54:00.753 +05:30 [INF] Executed DbCommand (5ms) [Parameters=[], CommandType='"Text"', CommandTimeout='30']
SELECT COUNT(*)
FROM [Products] AS [p]
2025-07-30 09:54:00.753 +05:30 [INF] Executing OkObjectResult, writing value of type 'System.Int32'.
2025-07-30 09:54:00.754 +05:30 [INF] Executed action AuthNet.Controllers.ProductsController.GetProductCount (AuthNet) in 7.8743ms
2025-07-30 09:54:00.754 +05:30 [INF] Executed endpoint 'AuthNet.Controllers.ProductsController.GetProductCount (AuthNet)'
2025-07-30 09:54:00.754 +05:30 [INF] Request finished HTTP/1.1 GET https://localhost:7165/api/Products/count - 200 null application/json; charset=utf-8 9.2986ms
2025-07-30 09:54:00.776 +05:30 [INF] Request starting HTTP/1.1 GET https://localhost:7165/api/Suppliers/count - null null
2025-07-30 09:54:00.778 +05:30 [INF] Executing endpoint 'AuthNet.Controllers.SuppliersController.GetSupplierCount (AuthNet)'
2025-07-30 09:54:00.778 +05:30 [INF] Route matched with {action = "GetSupplierCount", controller = "Suppliers"}. Executing controller action with signature System.Threading.Tasks.Task`1[Microsoft.AspNetCore.Mvc.IActionResult] GetSupplierCount() on controller AuthNet.Controllers.SuppliersController (AuthNet).
2025-07-30 09:54:00.790 +05:30 [INF] Executed DbCommand (10ms) [Parameters=[], CommandType='"Text"', CommandTimeout='30']
SELECT COUNT(*)
FROM [Suppliers] AS [s]
2025-07-30 09:54:00.790 +05:30 [INF] Executing OkObjectResult, writing value of type 'System.Int32'.
2025-07-30 09:54:00.791 +05:30 [INF] Executed action AuthNet.Controllers.SuppliersController.GetSupplierCount (AuthNet) in 12.6951ms
2025-07-30 09:54:00.791 +05:30 [INF] Executed endpoint 'AuthNet.Controllers.SuppliersController.GetSupplierCount (AuthNet)'
2025-07-30 09:54:00.792 +05:30 [INF] Request finished HTTP/1.1 GET https://localhost:7165/api/Suppliers/count - 200 null application/json; charset=utf-8 15.309ms
2025-07-30 09:54:00.817 +05:30 [INF] Request starting HTTP/1.1 GET https://localhost:7165/api/Categories/count - null null
2025-07-30 09:54:00.818 +05:30 [INF] Executing endpoint 'AuthNet.Controllers.CategoriesController.GetCategoryCount (AuthNet)'
2025-07-30 09:54:00.818 +05:30 [INF] Route matched with {action = "GetCategoryCount", controller = "Categories"}. Executing controller action with signature System.Threading.Tasks.Task`1[Microsoft.AspNetCore.Mvc.IActionResult] GetCategoryCount() on controller AuthNet.Controllers.CategoriesController (AuthNet).
2025-07-30 09:54:00.824 +05:30 [INF] Executed DbCommand (5ms) [Parameters=[], CommandType='"Text"', CommandTimeout='30']
SELECT COUNT(*)
FROM [Categories] AS [c]
2025-07-30 09:54:00.824 +05:30 [INF] Executing OkObjectResult, writing value of type 'System.Int32'.
2025-07-30 09:54:00.824 +05:30 [INF] Executed action AuthNet.Controllers.CategoriesController.GetCategoryCount (AuthNet) in 6.6087ms
2025-07-30 09:54:00.825 +05:30 [INF] Executed endpoint 'AuthNet.Controllers.CategoriesController.GetCategoryCount (AuthNet)'
2025-07-30 09:54:00.825 +05:30 [INF] Request finished HTTP/1.1 GET https://localhost:7165/api/Categories/count - 200 null application/json; charset=utf-8 7.987ms
2025-07-30 09:54:00.847 +05:30 [INF] Request starting HTTP/1.1 GET https://localhost:7165/api/Orders/count - null null
2025-07-30 09:54:00.848 +05:30 [INF] Executing endpoint 'AuthNet.Controllers.OrdersController.GetOrderCount (AuthNet)'
2025-07-30 09:54:00.848 +05:30 [INF] Route matched with {action = "GetOrderCount", controller = "Orders"}. Executing controller action with signature System.Threading.Tasks.Task`1[Microsoft.AspNetCore.Mvc.IActionResult] GetOrderCount() on controller AuthNet.Controllers.OrdersController (AuthNet).
2025-07-30 09:54:00.854 +05:30 [INF] Executed DbCommand (5ms) [Parameters=[], CommandType='"Text"', CommandTimeout='30']
SELECT COUNT(*)
FROM [Orders] AS [o]
2025-07-30 09:54:00.855 +05:30 [INF] Executing OkObjectResult, writing value of type 'System.Int32'.
2025-07-30 09:54:00.855 +05:30 [INF] Executed action AuthNet.Controllers.OrdersController.GetOrderCount (AuthNet) in 6.5542ms
2025-07-30 09:54:00.855 +05:30 [INF] Executed endpoint 'AuthNet.Controllers.OrdersController.GetOrderCount (AuthNet)'
2025-07-30 09:54:00.855 +05:30 [INF] Request finished HTTP/1.1 GET https://localhost:7165/api/Orders/count - 200 null application/json; charset=utf-8 8.027ms
2025-07-30 09:54:00.872 +05:30 [INF] Request starting HTTP/1.1 GET https://localhost:7165/api/Customers/count - null null
2025-07-30 09:54:00.873 +05:30 [INF] Executing endpoint 'AuthNet.Controllers.CustomersController.GetCustomerCount (AuthNet)'
2025-07-30 09:54:00.873 +05:30 [INF] Route matched with {action = "GetCustomerCount", controller = "Customers"}. Executing controller action with signature System.Threading.Tasks.Task`1[Microsoft.AspNetCore.Mvc.IActionResult] GetCustomerCount() on controller AuthNet.Controllers.CustomersController (AuthNet).
2025-07-30 09:54:00.879 +05:30 [INF] Executed DbCommand (5ms) [Parameters=[], CommandType='"Text"', CommandTimeout='30']
SELECT COUNT(*)
FROM [Customers] AS [c]
2025-07-30 09:54:00.879 +05:30 [INF] Executing OkObjectResult, writing value of type 'System.Int32'.
2025-07-30 09:54:00.879 +05:30 [INF] Executed action AuthNet.Controllers.CustomersController.GetCustomerCount (AuthNet) in 6.4707ms
2025-07-30 09:54:00.879 +05:30 [INF] Executed endpoint 'AuthNet.Controllers.CustomersController.GetCustomerCount (AuthNet)'
2025-07-30 09:54:00.880 +05:30 [INF] Request finished HTTP/1.1 GET https://localhost:7165/api/Customers/count - 200 null application/json; charset=utf-8 7.8941ms
2025-07-30 09:54:00.896 +05:30 [INF] Request starting HTTP/1.1 GET https://localhost:7165/api/Tasks - null null
2025-07-30 09:54:00.897 +05:30 [INF] Executing endpoint 'AuthNet.Controllers.TasksController.GetTasks (AuthNet)'
2025-07-30 09:54:00.897 +05:30 [INF] Route matched with {action = "GetTasks", controller = "Tasks"}. Executing controller action with signature Microsoft.AspNetCore.Mvc.IActionResult GetTasks() on controller AuthNet.Controllers.TasksController (AuthNet).
2025-07-30 09:54:00.905 +05:30 [INF] Executed DbCommand (7ms) [Parameters=[], CommandType='"Text"', CommandTimeout='30']
SELECT [t].[Id], [t].[Title], [t].[DueDate]
FROM [Tasks] AS [t]
2025-07-30 09:54:00.905 +05:30 [INF] Executing OkObjectResult, writing value of type 'System.Collections.Generic.List`1[[AuthNet.Models.DTO.TaskItemDto, AuthNet, Version=1.0.0.0, Culture=neutral, PublicKeyToken=null]]'.
2025-07-30 09:54:00.905 +05:30 [INF] Executed action AuthNet.Controllers.TasksController.GetTasks (AuthNet) in 8.2749ms
2025-07-30 09:54:00.905 +05:30 [INF] Executed endpoint 'AuthNet.Controllers.TasksController.GetTasks (AuthNet)'
2025-07-30 09:54:00.905 +05:30 [INF] Request finished HTTP/1.1 GET https://localhost:7165/api/Tasks - 200 null application/json; charset=utf-8 9.1487ms
2025-07-30 09:54:00.928 +05:30 [INF] Request starting HTTP/1.1 GET https://localhost:7165/api/Settings/Get - null null
2025-07-30 09:54:00.935 +05:30 [INF] Executing endpoint 'AuthNet.Controllers.SettingsController.GetCompanyInfo (AuthNet)'
2025-07-30 09:54:00.935 +05:30 [INF] Route matched with {action = "GetCompanyInfo", controller = "Settings"}. Executing controller action with signature System.Threading.Tasks.Task`1[Microsoft.AspNetCore.Mvc.IActionResult] GetCompanyInfo() on controller AuthNet.Controllers.SettingsController (AuthNet).
2025-07-30 09:54:00.946 +05:30 [INF] Executed DbCommand (8ms) [Parameters=[], CommandType='"Text"', CommandTimeout='30']
SELECT TOP(1) [c].[Id], [c].[Address], [c].[AlternateContactNumber], [c].[ContactNumber], [c].[Email], [c].[GSTIN], [c].[LogoFileExtension], [c].[LogoFilePath], [c].[LogoFileSizeInBytes], [c].[LogoName], [c].[Name], [c].[SignFileExtension], [c].[SignFilePath], [c].[SignFileSizeInBytes], [c].[SignName]
FROM [CompanyInfos] AS [c]
2025-07-30 09:54:00.946 +05:30 [INF] Executing OkObjectResult, writing value of type 'AuthNet.Models.DTO.CompanyInfoResponseDto'.
2025-07-30 09:54:00.946 +05:30 [INF] Executed action AuthNet.Controllers.SettingsController.GetCompanyInfo (AuthNet) in 10.6585ms
2025-07-30 09:54:00.946 +05:30 [INF] Executed endpoint 'AuthNet.Controllers.SettingsController.GetCompanyInfo (AuthNet)'
2025-07-30 09:54:00.947 +05:30 [INF] Request finished HTTP/1.1 GET https://localhost:7165/api/Settings/Get - 200 null application/json; charset=utf-8 18.6047ms
2025-07-30 09:54:01.060 +05:30 [INF] Request starting HTTP/2 GET https://localhost:7165/api/Sales/WeeklyProfit - null null
2025-07-30 09:54:01.061 +05:30 [INF] Request starting HTTP/2 GET https://localhost:7165/api/Products/CategoryWiseProductCount - null null
2025-07-30 09:54:01.061 +05:30 [INF] CORS policy execution successful.
2025-07-30 09:54:01.061 +05:30 [INF] CORS policy execution successful.
2025-07-30 09:54:01.061 +05:30 [INF] Executing endpoint 'AuthNet.Controllers.SalesController.GetWeeklyProfit (AuthNet)'
2025-07-30 09:54:01.061 +05:30 [INF] Route matched with {action = "GetWeeklyProfit", controller = "Sales"}. Executing controller action with signature System.Threading.Tasks.Task`1[Microsoft.AspNetCore.Mvc.IActionResult] GetWeeklyProfit() on controller AuthNet.Controllers.SalesController (AuthNet).
2025-07-30 09:54:01.063 +05:30 [INF] Executing endpoint 'AuthNet.Controllers.ProductsController.GetCategoryWiseProductCount (AuthNet)'
2025-07-30 09:54:01.063 +05:30 [INF] Route matched with {action = "GetCategoryWiseProductCount", controller = "Products"}. Executing controller action with signature System.Threading.Tasks.Task`1[Microsoft.AspNetCore.Mvc.IActionResult] GetCategoryWiseProductCount() on controller AuthNet.Controllers.ProductsController (AuthNet).
2025-07-30 09:54:01.080 +05:30 [INF] Executed DbCommand (16ms) [Parameters=[@__startDate_0='?' (DbType = DateTime2), @__endDate_1='?' (DbType = DateTime2)], CommandType='"Text"', CommandTimeout='30']
SELECT [s].[Id], [s].[ProductId], [s].[ProductName], [s].[Quantity], [s].[SaleId], [s].[TotalPrice], [s].[UnitPrice], [s0].[Id], [s0].[AfterTaxAmount], [s0].[CreatedAt], [s0].[DiscountedAmount], [s0].[InvoiceDate], [s0].[InvoiceNo], [s0].[PrincipalAmount], [s0].[Template], [s0].[TotalAmount]
FROM [SaleItems] AS [s]
INNER JOIN [Sales] AS [s0] ON [s].[SaleId] = [s0].[Id]
WHERE CONVERT(date, [s0].[InvoiceDate]) >= @__startDate_0 AND CONVERT(date, [s0].[InvoiceDate]) <= @__endDate_1
2025-07-30 09:54:01.112 +05:30 [INF] Executed DbCommand (24ms) [Parameters=[], CommandType='"Text"', CommandTimeout='30']
SELECT [c].[Name] AS [CategoryName], COUNT(*) AS [ProductCount]
FROM [Products] AS [p]
LEFT JOIN [Categories] AS [c] ON [p].[CategoryId] = [c].[CategoryId]
WHERE [c].[CategoryId] IS NOT NULL
GROUP BY [c].[Name]
2025-07-30 09:54:01.113 +05:30 [INF] Executing OkObjectResult, writing value of type 'System.Collections.Generic.List`1[[AuthNet.Models.DTO.CategoryProductCountDto, AuthNet, Version=1.0.0.0, Culture=neutral, PublicKeyToken=null]]'.
2025-07-30 09:54:01.113 +05:30 [INF] Executed action AuthNet.Controllers.ProductsController.GetCategoryWiseProductCount (AuthNet) in 50.4442ms
2025-07-30 09:54:01.113 +05:30 [INF] Executed endpoint 'AuthNet.Controllers.ProductsController.GetCategoryWiseProductCount (AuthNet)'
2025-07-30 09:54:01.113 +05:30 [INF] Request finished HTTP/2 GET https://localhost:7165/api/Products/CategoryWiseProductCount - 200 null application/json; charset=utf-8 52.8651ms
2025-07-30 09:54:01.165 +05:30 [INF] Executed DbCommand (17ms) [Parameters=[@__productIds_0='?' (Size = 4000)], CommandType='"Text"', CommandTimeout='30']
SELECT [p].[ProductId], [p].[CategoryId], [p].[CostPrice], [p].[Description], [p].[Name], [p].[ProductCode], [p].[ProductKey], [p].[SellPrice], [p].[SupplierId]
FROM [Products] AS [p]
WHERE [p].[ProductId] IN (
    SELECT [p0].[value]
    FROM OPENJSON(@__productIds_0) WITH ([value] int '$') AS [p0]
)
2025-07-30 09:54:01.165 +05:30 [INF] Executing OkObjectResult, writing value of type 'System.Collections.Generic.List`1[[AuthNet.Models.DTO.DailyProfitDto, AuthNet, Version=1.0.0.0, Culture=neutral, PublicKeyToken=null]]'.
2025-07-30 09:54:01.166 +05:30 [INF] Executed action AuthNet.Controllers.SalesController.GetWeeklyProfit (AuthNet) in 104.2227ms
2025-07-30 09:54:01.166 +05:30 [INF] Executed endpoint 'AuthNet.Controllers.SalesController.GetWeeklyProfit (AuthNet)'
2025-07-30 09:54:01.166 +05:30 [INF] Request finished HTTP/2 GET https://localhost:7165/api/Sales/WeeklyProfit - 200 null application/json; charset=utf-8 105.6796ms
2025-07-30 09:54:02.422 +05:30 [INF] Request starting HTTP/1.1 GET https://localhost:7165/api/Sales/DailyProfit - null null
2025-07-30 09:54:02.422 +05:30 [INF] Executing endpoint 'AuthNet.Controllers.SalesController.GetDailyProfit (AuthNet)'
2025-07-30 09:54:02.422 +05:30 [INF] Route matched with {action = "GetDailyProfit", controller = "Sales"}. Executing controller action with signature System.Threading.Tasks.Task`1[Microsoft.AspNetCore.Mvc.IActionResult] GetDailyProfit() on controller AuthNet.Controllers.SalesController (AuthNet).
2025-07-30 09:54:02.428 +05:30 [INF] Executed DbCommand (4ms) [Parameters=[@__date_Date_0='?' (DbType = DateTime2)], CommandType='"Text"', CommandTimeout='30']
SELECT [s].[Id], [s].[ProductId], [s].[ProductName], [s].[Quantity], [s].[SaleId], [s].[TotalPrice], [s].[UnitPrice], [s0].[Id], [s0].[AfterTaxAmount], [s0].[CreatedAt], [s0].[DiscountedAmount], [s0].[InvoiceDate], [s0].[InvoiceNo], [s0].[PrincipalAmount], [s0].[Template], [s0].[TotalAmount]
FROM [SaleItems] AS [s]
INNER JOIN [Sales] AS [s0] ON [s].[SaleId] = [s0].[Id]
WHERE CONVERT(date, [s0].[InvoiceDate]) = @__date_Date_0
2025-07-30 09:54:02.432 +05:30 [INF] Executed DbCommand (1ms) [Parameters=[@__productIds_0='?' (Size = 4000)], CommandType='"Text"', CommandTimeout='30']
SELECT [p].[ProductId], [p].[CategoryId], [p].[CostPrice], [p].[Description], [p].[Name], [p].[ProductCode], [p].[ProductKey], [p].[SellPrice], [p].[SupplierId]
FROM [Products] AS [p]
WHERE [p].[ProductId] IN (
    SELECT [p0].[value]
    FROM OPENJSON(@__productIds_0) WITH ([value] int '$') AS [p0]
)
2025-07-30 09:54:02.432 +05:30 [INF] Executing OkObjectResult, writing value of type 'AuthNet.Models.DTO.DailyProfitDto'.
2025-07-30 09:54:02.432 +05:30 [INF] Executed action AuthNet.Controllers.SalesController.GetDailyProfit (AuthNet) in 9.8236ms
2025-07-30 09:54:02.432 +05:30 [INF] Executed endpoint 'AuthNet.Controllers.SalesController.GetDailyProfit (AuthNet)'
2025-07-30 09:54:02.432 +05:30 [INF] Request finished HTTP/1.1 GET https://localhost:7165/api/Sales/DailyProfit - 200 null application/json; charset=utf-8 10.6579ms
2025-07-30 09:54:02.446 +05:30 [INF] Request starting HTTP/1.1 GET https://localhost:7165/api/Sales/CurrentMonthProfit - null null
2025-07-30 09:54:02.447 +05:30 [INF] Executing endpoint 'AuthNet.Controllers.SalesController.GetCurrentMonthProfit (AuthNet)'
2025-07-30 09:54:02.448 +05:30 [INF] Route matched with {action = "GetCurrentMonthProfit", controller = "Sales"}. Executing controller action with signature System.Threading.Tasks.Task`1[Microsoft.AspNetCore.Mvc.IActionResult] GetCurrentMonthProfit() on controller AuthNet.Controllers.SalesController (AuthNet).
2025-07-30 09:54:02.463 +05:30 [INF] Executed DbCommand (7ms) [Parameters=[@__currentYear_0='?' (DbType = Int32), @__currentMonth_1='?' (DbType = Int32)], CommandType='"Text"', CommandTimeout='30']
SELECT [s].[Id], [s].[ProductId], [s].[ProductName], [s].[Quantity], [s].[SaleId], [s].[TotalPrice], [s].[UnitPrice], [s0].[Id], [s0].[AfterTaxAmount], [s0].[CreatedAt], [s0].[DiscountedAmount], [s0].[InvoiceDate], [s0].[InvoiceNo], [s0].[PrincipalAmount], [s0].[Template], [s0].[TotalAmount]
FROM [SaleItems] AS [s]
INNER JOIN [Sales] AS [s0] ON [s].[SaleId] = [s0].[Id]
WHERE DATEPART(year, [s0].[InvoiceDate]) = @__currentYear_0 AND DATEPART(month, [s0].[InvoiceDate]) = @__currentMonth_1
2025-07-30 09:54:02.468 +05:30 [INF] Executed DbCommand (1ms) [Parameters=[@__productIds_0='?' (Size = 4000)], CommandType='"Text"', CommandTimeout='30']
SELECT [p].[ProductId], [p].[CategoryId], [p].[CostPrice], [p].[Description], [p].[Name], [p].[ProductCode], [p].[ProductKey], [p].[SellPrice], [p].[SupplierId]
FROM [Products] AS [p]
WHERE [p].[ProductId] IN (
    SELECT [p0].[value]
    FROM OPENJSON(@__productIds_0) WITH ([value] int '$') AS [p0]
)
2025-07-30 09:54:02.469 +05:30 [INF] Executing OkObjectResult, writing value of type 'AuthNet.Models.DTO.MonthlyProfitDto'.
2025-07-30 09:54:02.469 +05:30 [INF] Executed action AuthNet.Controllers.SalesController.GetCurrentMonthProfit (AuthNet) in 21.0784ms
2025-07-30 09:54:02.469 +05:30 [INF] Executed endpoint 'AuthNet.Controllers.SalesController.GetCurrentMonthProfit (AuthNet)'
2025-07-30 09:54:02.469 +05:30 [INF] Request finished HTTP/1.1 GET https://localhost:7165/api/Sales/CurrentMonthProfit - 200 null application/json; charset=utf-8 23.0232ms
2025-07-30 09:54:02.495 +05:30 [INF] Request starting HTTP/1.1 GET https://localhost:7165/api/Sales/CurrentYearProfit - null null
2025-07-30 09:54:02.495 +05:30 [INF] Executing endpoint 'AuthNet.Controllers.SalesController.GetCurrentYearProfit (AuthNet)'
2025-07-30 09:54:02.495 +05:30 [INF] Route matched with {action = "GetCurrentYearProfit", controller = "Sales"}. Executing controller action with signature System.Threading.Tasks.Task`1[Microsoft.AspNetCore.Mvc.IActionResult] GetCurrentYearProfit() on controller AuthNet.Controllers.SalesController (AuthNet).
2025-07-30 09:54:02.501 +05:30 [INF] Executed DbCommand (3ms) [Parameters=[@__currentYear_0='?' (DbType = Int32)], CommandType='"Text"', CommandTimeout='30']
SELECT [s].[Id], [s].[ProductId], [s].[ProductName], [s].[Quantity], [s].[SaleId], [s].[TotalPrice], [s].[UnitPrice], [s0].[Id], [s0].[AfterTaxAmount], [s0].[CreatedAt], [s0].[DiscountedAmount], [s0].[InvoiceDate], [s0].[InvoiceNo], [s0].[PrincipalAmount], [s0].[Template], [s0].[TotalAmount]
FROM [SaleItems] AS [s]
INNER JOIN [Sales] AS [s0] ON [s].[SaleId] = [s0].[Id]
WHERE DATEPART(year, [s0].[InvoiceDate]) = @__currentYear_0
2025-07-30 09:54:02.506 +05:30 [INF] Executed DbCommand (2ms) [Parameters=[@__productIds_0='?' (Size = 4000)], CommandType='"Text"', CommandTimeout='30']
SELECT [p].[ProductId], [p].[CategoryId], [p].[CostPrice], [p].[Description], [p].[Name], [p].[ProductCode], [p].[ProductKey], [p].[SellPrice], [p].[SupplierId]
FROM [Products] AS [p]
WHERE [p].[ProductId] IN (
    SELECT [p0].[value]
    FROM OPENJSON(@__productIds_0) WITH ([value] int '$') AS [p0]
)
2025-07-30 09:54:02.507 +05:30 [INF] Executing OkObjectResult, writing value of type 'AuthNet.Models.DTO.YearlyProfitDto'.
2025-07-30 09:54:02.507 +05:30 [INF] Executed action AuthNet.Controllers.SalesController.GetCurrentYearProfit (AuthNet) in 11.5047ms
2025-07-30 09:54:02.507 +05:30 [INF] Executed endpoint 'AuthNet.Controllers.SalesController.GetCurrentYearProfit (AuthNet)'
2025-07-30 09:54:02.507 +05:30 [INF] Request finished HTTP/1.1 GET https://localhost:7165/api/Sales/CurrentYearProfit - 200 null application/json; charset=utf-8 12.5851ms
2025-07-30 09:54:02.525 +05:30 [INF] Request starting HTTP/1.1 GET https://localhost:7165/api/Products/count - null null
2025-07-30 09:54:02.526 +05:30 [INF] Executing endpoint 'AuthNet.Controllers.ProductsController.GetProductCount (AuthNet)'
2025-07-30 09:54:02.527 +05:30 [INF] Route matched with {action = "GetProductCount", controller = "Products"}. Executing controller action with signature System.Threading.Tasks.Task`1[Microsoft.AspNetCore.Mvc.IActionResult] GetProductCount() on controller AuthNet.Controllers.ProductsController (AuthNet).
2025-07-30 09:54:02.530 +05:30 [INF] Executed DbCommand (2ms) [Parameters=[], CommandType='"Text"', CommandTimeout='30']
SELECT COUNT(*)
FROM [Products] AS [p]
2025-07-30 09:54:02.532 +05:30 [INF] Executing OkObjectResult, writing value of type 'System.Int32'.
2025-07-30 09:54:02.533 +05:30 [INF] Executed action AuthNet.Controllers.ProductsController.GetProductCount (AuthNet) in 6.2556ms
2025-07-30 09:54:02.533 +05:30 [INF] Executed endpoint 'AuthNet.Controllers.ProductsController.GetProductCount (AuthNet)'
2025-07-30 09:54:02.534 +05:30 [INF] Request finished HTTP/1.1 GET https://localhost:7165/api/Products/count - 200 null application/json; charset=utf-8 8.4978ms
2025-07-30 09:54:02.550 +05:30 [INF] Request starting HTTP/1.1 GET https://localhost:7165/api/Suppliers/count - null null
2025-07-30 09:54:02.550 +05:30 [INF] Executing endpoint 'AuthNet.Controllers.SuppliersController.GetSupplierCount (AuthNet)'
2025-07-30 09:54:02.550 +05:30 [INF] Route matched with {action = "GetSupplierCount", controller = "Suppliers"}. Executing controller action with signature System.Threading.Tasks.Task`1[Microsoft.AspNetCore.Mvc.IActionResult] GetSupplierCount() on controller AuthNet.Controllers.SuppliersController (AuthNet).
2025-07-30 09:54:02.554 +05:30 [INF] Executed DbCommand (2ms) [Parameters=[], CommandType='"Text"', CommandTimeout='30']
SELECT COUNT(*)
FROM [Suppliers] AS [s]
2025-07-30 09:54:02.556 +05:30 [INF] Executing OkObjectResult, writing value of type 'System.Int32'.
2025-07-30 09:54:02.556 +05:30 [INF] Executed action AuthNet.Controllers.SuppliersController.GetSupplierCount (AuthNet) in 6.0993ms
2025-07-30 09:54:02.557 +05:30 [INF] Executed endpoint 'AuthNet.Controllers.SuppliersController.GetSupplierCount (AuthNet)'
2025-07-30 09:54:02.558 +05:30 [INF] Request finished HTTP/1.1 GET https://localhost:7165/api/Suppliers/count - 200 null application/json; charset=utf-8 8.0983ms
2025-07-30 09:54:02.583 +05:30 [INF] Request starting HTTP/1.1 GET https://localhost:7165/api/Categories/count - null null
2025-07-30 09:54:02.583 +05:30 [INF] Executing endpoint 'AuthNet.Controllers.CategoriesController.GetCategoryCount (AuthNet)'
2025-07-30 09:54:02.583 +05:30 [INF] Route matched with {action = "GetCategoryCount", controller = "Categories"}. Executing controller action with signature System.Threading.Tasks.Task`1[Microsoft.AspNetCore.Mvc.IActionResult] GetCategoryCount() on controller AuthNet.Controllers.CategoriesController (AuthNet).
2025-07-30 09:54:02.587 +05:30 [INF] Executed DbCommand (2ms) [Parameters=[], CommandType='"Text"', CommandTimeout='30']
SELECT COUNT(*)
FROM [Categories] AS [c]
2025-07-30 09:54:02.589 +05:30 [INF] Executing OkObjectResult, writing value of type 'System.Int32'.
2025-07-30 09:54:02.589 +05:30 [INF] Executed action AuthNet.Controllers.CategoriesController.GetCategoryCount (AuthNet) in 5.8735ms
2025-07-30 09:54:02.590 +05:30 [INF] Executed endpoint 'AuthNet.Controllers.CategoriesController.GetCategoryCount (AuthNet)'
2025-07-30 09:54:02.591 +05:30 [INF] Request finished HTTP/1.1 GET https://localhost:7165/api/Categories/count - 200 null application/json; charset=utf-8 8.0156ms
2025-07-30 09:54:02.606 +05:30 [INF] Request starting HTTP/1.1 GET https://localhost:7165/api/Orders/count - null null
2025-07-30 09:54:02.607 +05:30 [INF] Executing endpoint 'AuthNet.Controllers.OrdersController.GetOrderCount (AuthNet)'
2025-07-30 09:54:02.607 +05:30 [INF] Route matched with {action = "GetOrderCount", controller = "Orders"}. Executing controller action with signature System.Threading.Tasks.Task`1[Microsoft.AspNetCore.Mvc.IActionResult] GetOrderCount() on controller AuthNet.Controllers.OrdersController (AuthNet).
2025-07-30 09:54:02.609 +05:30 [INF] Executed DbCommand (1ms) [Parameters=[], CommandType='"Text"', CommandTimeout='30']
SELECT COUNT(*)
FROM [Orders] AS [o]
2025-07-30 09:54:02.611 +05:30 [INF] Executing OkObjectResult, writing value of type 'System.Int32'.
2025-07-30 09:54:02.612 +05:30 [INF] Executed action AuthNet.Controllers.OrdersController.GetOrderCount (AuthNet) in 4.741ms
2025-07-30 09:54:02.612 +05:30 [INF] Executed endpoint 'AuthNet.Controllers.OrdersController.GetOrderCount (AuthNet)'
2025-07-30 09:54:02.612 +05:30 [INF] Request finished HTTP/1.1 GET https://localhost:7165/api/Orders/count - 200 null application/json; charset=utf-8 5.6448ms
2025-07-30 09:54:02.623 +05:30 [INF] Request starting HTTP/1.1 GET https://localhost:7165/api/Customers/count - null null
2025-07-30 09:54:02.623 +05:30 [INF] Executing endpoint 'AuthNet.Controllers.CustomersController.GetCustomerCount (AuthNet)'
2025-07-30 09:54:02.623 +05:30 [INF] Route matched with {action = "GetCustomerCount", controller = "Customers"}. Executing controller action with signature System.Threading.Tasks.Task`1[Microsoft.AspNetCore.Mvc.IActionResult] GetCustomerCount() on controller AuthNet.Controllers.CustomersController (AuthNet).
2025-07-30 09:54:02.625 +05:30 [INF] Executed DbCommand (1ms) [Parameters=[], CommandType='"Text"', CommandTimeout='30']
SELECT COUNT(*)
FROM [Customers] AS [c]
2025-07-30 09:54:02.627 +05:30 [INF] Executing OkObjectResult, writing value of type 'System.Int32'.
2025-07-30 09:54:02.628 +05:30 [INF] Executed action AuthNet.Controllers.CustomersController.GetCustomerCount (AuthNet) in 4.4204ms
2025-07-30 09:54:02.628 +05:30 [INF] Executed endpoint 'AuthNet.Controllers.CustomersController.GetCustomerCount (AuthNet)'
2025-07-30 09:54:02.628 +05:30 [INF] Request finished HTTP/1.1 GET https://localhost:7165/api/Customers/count - 200 null application/json; charset=utf-8 5.3102ms
2025-07-30 09:54:02.648 +05:30 [INF] Request starting HTTP/1.1 GET https://localhost:7165/api/Tasks - null null
2025-07-30 09:54:02.649 +05:30 [INF] Executing endpoint 'AuthNet.Controllers.TasksController.GetTasks (AuthNet)'
2025-07-30 09:54:02.649 +05:30 [INF] Route matched with {action = "GetTasks", controller = "Tasks"}. Executing controller action with signature Microsoft.AspNetCore.Mvc.IActionResult GetTasks() on controller AuthNet.Controllers.TasksController (AuthNet).
2025-07-30 09:54:02.650 +05:30 [INF] Executed DbCommand (0ms) [Parameters=[], CommandType='"Text"', CommandTimeout='30']
SELECT [t].[Id], [t].[Title], [t].[DueDate]
FROM [Tasks] AS [t]
2025-07-30 09:54:02.651 +05:30 [INF] Executing OkObjectResult, writing value of type 'System.Collections.Generic.List`1[[AuthNet.Models.DTO.TaskItemDto, AuthNet, Version=1.0.0.0, Culture=neutral, PublicKeyToken=null]]'.
2025-07-30 09:54:02.651 +05:30 [INF] Executed action AuthNet.Controllers.TasksController.GetTasks (AuthNet) in 2.0485ms
2025-07-30 09:54:02.651 +05:30 [INF] Executed endpoint 'AuthNet.Controllers.TasksController.GetTasks (AuthNet)'
2025-07-30 09:54:02.651 +05:30 [INF] Request finished HTTP/1.1 GET https://localhost:7165/api/Tasks - 200 null application/json; charset=utf-8 2.7466ms
2025-07-30 09:54:02.664 +05:30 [INF] Request starting HTTP/1.1 GET https://localhost:7165/api/Settings/Get - null null
2025-07-30 09:54:02.664 +05:30 [INF] Executing endpoint 'AuthNet.Controllers.SettingsController.GetCompanyInfo (AuthNet)'
2025-07-30 09:54:02.664 +05:30 [INF] Route matched with {action = "GetCompanyInfo", controller = "Settings"}. Executing controller action with signature System.Threading.Tasks.Task`1[Microsoft.AspNetCore.Mvc.IActionResult] GetCompanyInfo() on controller AuthNet.Controllers.SettingsController (AuthNet).
2025-07-30 09:54:02.668 +05:30 [INF] Executed DbCommand (2ms) [Parameters=[], CommandType='"Text"', CommandTimeout='30']
SELECT TOP(1) [c].[Id], [c].[Address], [c].[AlternateContactNumber], [c].[ContactNumber], [c].[Email], [c].[GSTIN], [c].[LogoFileExtension], [c].[LogoFilePath], [c].[LogoFileSizeInBytes], [c].[LogoName], [c].[Name], [c].[SignFileExtension], [c].[SignFilePath], [c].[SignFileSizeInBytes], [c].[SignName]
FROM [CompanyInfos] AS [c]
2025-07-30 09:54:02.670 +05:30 [INF] Executing OkObjectResult, writing value of type 'AuthNet.Models.DTO.CompanyInfoResponseDto'.
2025-07-30 09:54:02.671 +05:30 [INF] Executed action AuthNet.Controllers.SettingsController.GetCompanyInfo (AuthNet) in 6.0438ms
2025-07-30 09:54:02.671 +05:30 [INF] Executed endpoint 'AuthNet.Controllers.SettingsController.GetCompanyInfo (AuthNet)'
2025-07-30 09:54:02.671 +05:30 [INF] Request finished HTTP/1.1 GET https://localhost:7165/api/Settings/Get - 200 null application/json; charset=utf-8 7.9291ms
2025-07-30 09:54:02.783 +05:30 [INF] Request starting HTTP/2 GET https://localhost:7165/api/Products/CategoryWiseProductCount - null null
2025-07-30 09:54:02.784 +05:30 [INF] CORS policy execution successful.
2025-07-30 09:54:02.784 +05:30 [INF] Executing endpoint 'AuthNet.Controllers.ProductsController.GetCategoryWiseProductCount (AuthNet)'
2025-07-30 09:54:02.784 +05:30 [INF] Route matched with {action = "GetCategoryWiseProductCount", controller = "Products"}. Executing controller action with signature System.Threading.Tasks.Task`1[Microsoft.AspNetCore.Mvc.IActionResult] GetCategoryWiseProductCount() on controller AuthNet.Controllers.ProductsController (AuthNet).
2025-07-30 09:54:02.788 +05:30 [INF] Request starting HTTP/2 GET https://localhost:7165/api/Sales/WeeklyProfit - null null
2025-07-30 09:54:02.789 +05:30 [INF] Executed DbCommand (3ms) [Parameters=[], CommandType='"Text"', CommandTimeout='30']
SELECT [c].[Name] AS [CategoryName], COUNT(*) AS [ProductCount]
FROM [Products] AS [p]
LEFT JOIN [Categories] AS [c] ON [p].[CategoryId] = [c].[CategoryId]
WHERE [c].[CategoryId] IS NOT NULL
GROUP BY [c].[Name]
2025-07-30 09:54:02.790 +05:30 [INF] CORS policy execution successful.
2025-07-30 09:54:02.790 +05:30 [INF] Executing OkObjectResult, writing value of type 'System.Collections.Generic.List`1[[AuthNet.Models.DTO.CategoryProductCountDto, AuthNet, Version=1.0.0.0, Culture=neutral, PublicKeyToken=null]]'.
2025-07-30 09:54:02.790 +05:30 [INF] Executing endpoint 'AuthNet.Controllers.SalesController.GetWeeklyProfit (AuthNet)'
2025-07-30 09:54:02.790 +05:30 [INF] Route matched with {action = "GetWeeklyProfit", controller = "Sales"}. Executing controller action with signature System.Threading.Tasks.Task`1[Microsoft.AspNetCore.Mvc.IActionResult] GetWeeklyProfit() on controller AuthNet.Controllers.SalesController (AuthNet).
2025-07-30 09:54:02.791 +05:30 [INF] Executed action AuthNet.Controllers.ProductsController.GetCategoryWiseProductCount (AuthNet) in 6.5664ms
2025-07-30 09:54:02.793 +05:30 [INF] Executed endpoint 'AuthNet.Controllers.ProductsController.GetCategoryWiseProductCount (AuthNet)'
2025-07-30 09:54:02.794 +05:30 [INF] Request finished HTTP/2 GET https://localhost:7165/api/Products/CategoryWiseProductCount - 200 null application/json; charset=utf-8 10.3404ms
2025-07-30 09:54:02.801 +05:30 [INF] Executed DbCommand (5ms) [Parameters=[@__startDate_0='?' (DbType = DateTime2), @__endDate_1='?' (DbType = DateTime2)], CommandType='"Text"', CommandTimeout='30']
SELECT [s].[Id], [s].[ProductId], [s].[ProductName], [s].[Quantity], [s].[SaleId], [s].[TotalPrice], [s].[UnitPrice], [s0].[Id], [s0].[AfterTaxAmount], [s0].[CreatedAt], [s0].[DiscountedAmount], [s0].[InvoiceDate], [s0].[InvoiceNo], [s0].[PrincipalAmount], [s0].[Template], [s0].[TotalAmount]
FROM [SaleItems] AS [s]
INNER JOIN [Sales] AS [s0] ON [s].[SaleId] = [s0].[Id]
WHERE CONVERT(date, [s0].[InvoiceDate]) >= @__startDate_0 AND CONVERT(date, [s0].[InvoiceDate]) <= @__endDate_1
2025-07-30 09:54:02.816 +05:30 [INF] Executed DbCommand (6ms) [Parameters=[@__productIds_0='?' (Size = 4000)], CommandType='"Text"', CommandTimeout='30']
SELECT [p].[ProductId], [p].[CategoryId], [p].[CostPrice], [p].[Description], [p].[Name], [p].[ProductCode], [p].[ProductKey], [p].[SellPrice], [p].[SupplierId]
FROM [Products] AS [p]
WHERE [p].[ProductId] IN (
    SELECT [p0].[value]
    FROM OPENJSON(@__productIds_0) WITH ([value] int '$') AS [p0]
)
2025-07-30 09:54:02.816 +05:30 [INF] Executing OkObjectResult, writing value of type 'System.Collections.Generic.List`1[[AuthNet.Models.DTO.DailyProfitDto, AuthNet, Version=1.0.0.0, Culture=neutral, PublicKeyToken=null]]'.
2025-07-30 09:54:02.816 +05:30 [INF] Executed action AuthNet.Controllers.SalesController.GetWeeklyProfit (AuthNet) in 25.9542ms
2025-07-30 09:54:02.816 +05:30 [INF] Executed endpoint 'AuthNet.Controllers.SalesController.GetWeeklyProfit (AuthNet)'
2025-07-30 09:54:02.817 +05:30 [INF] Request finished HTTP/2 GET https://localhost:7165/api/Sales/WeeklyProfit - 200 null application/json; charset=utf-8 35.2612ms
2025-07-30 09:54:05.463 +05:30 [INF] Request starting HTTP/1.1 GET https://localhost:7165/api/Products - null null
2025-07-30 09:54:05.463 +05:30 [INF] Executing endpoint 'AuthNet.Controllers.ProductsController.GetAll (AuthNet)'
2025-07-30 09:54:05.470 +05:30 [INF] Route matched with {action = "GetAll", controller = "Products"}. Executing controller action with signature System.Threading.Tasks.Task`1[Microsoft.AspNetCore.Mvc.IActionResult] GetAll() on controller AuthNet.Controllers.ProductsController (AuthNet).
2025-07-30 09:54:05.476 +05:30 [INF] Executed DbCommand (5ms) [Parameters=[], CommandType='"Text"', CommandTimeout='30']
SELECT [p].[ProductId], [p].[CategoryId], [p].[CostPrice], [p].[Description], [p].[Name], [p].[ProductCode], [p].[ProductKey], [p].[SellPrice], [p].[SupplierId]
FROM [Products] AS [p]
2025-07-30 09:54:05.477 +05:30 [INF] Executing OkObjectResult, writing value of type 'System.Collections.Generic.List`1[[AuthNet.Models.Domain.Product, AuthNet, Version=1.0.0.0, Culture=neutral, PublicKeyToken=null]]'.
2025-07-30 09:54:05.484 +05:30 [INF] Executed action AuthNet.Controllers.ProductsController.GetAll (AuthNet) in 14.4926ms
2025-07-30 09:54:05.484 +05:30 [INF] Executed endpoint 'AuthNet.Controllers.ProductsController.GetAll (AuthNet)'
2025-07-30 09:54:05.485 +05:30 [INF] Request finished HTTP/1.1 GET https://localhost:7165/api/Products - 200 null application/json; charset=utf-8 21.9906ms
2025-07-30 09:54:05.505 +05:30 [INF] Request starting HTTP/1.1 GET https://localhost:7165/api/categories - null null
2025-07-30 09:54:05.506 +05:30 [INF] Executing endpoint 'AuthNet.Controllers.CategoriesController.GetAll (AuthNet)'
2025-07-30 09:54:05.512 +05:30 [INF] Route matched with {action = "GetAll", controller = "Categories"}. Executing controller action with signature System.Threading.Tasks.Task`1[Microsoft.AspNetCore.Mvc.IActionResult] GetAll() on controller AuthNet.Controllers.CategoriesController (AuthNet).
2025-07-30 09:54:05.516 +05:30 [INF] Executed DbCommand (3ms) [Parameters=[], CommandType='"Text"', CommandTimeout='30']
SELECT [c].[CategoryId], [c].[Description], [c].[Name]
FROM [Categories] AS [c]
2025-07-30 09:54:05.518 +05:30 [INF] Executing OkObjectResult, writing value of type 'System.Collections.Generic.List`1[[AuthNet.Models.Domain.Category, AuthNet, Version=1.0.0.0, Culture=neutral, PublicKeyToken=null]]'.
2025-07-30 09:54:05.519 +05:30 [INF] Executed action AuthNet.Controllers.CategoriesController.GetAll (AuthNet) in 7.3328ms
2025-07-30 09:54:05.519 +05:30 [INF] Executed endpoint 'AuthNet.Controllers.CategoriesController.GetAll (AuthNet)'
2025-07-30 09:54:05.520 +05:30 [INF] Request finished HTTP/1.1 GET https://localhost:7165/api/categories - 200 null application/json; charset=utf-8 14.9329ms
2025-07-30 09:54:05.538 +05:30 [INF] Request starting HTTP/1.1 GET https://localhost:7165/api/suppliers - null null
2025-07-30 09:54:05.539 +05:30 [INF] Executing endpoint 'AuthNet.Controllers.SuppliersController.GetAll (AuthNet)'
2025-07-30 09:54:05.545 +05:30 [INF] Route matched with {action = "GetAll", controller = "Suppliers"}. Executing controller action with signature System.Threading.Tasks.Task`1[Microsoft.AspNetCore.Mvc.IActionResult] GetAll() on controller AuthNet.Controllers.SuppliersController (AuthNet).
2025-07-30 09:54:05.569 +05:30 [INF] Executed DbCommand (3ms) [Parameters=[], CommandType='"Text"', CommandTimeout='30']
SELECT [s].[SupplierId], [s].[CompanyName], [s].[ContactName], [s].[Phone], [s].[Address]
FROM [Suppliers] AS [s]
2025-07-30 09:54:05.572 +05:30 [INF] Executing OkObjectResult, writing value of type 'System.Collections.Generic.List`1[[AuthNet.Models.DTO.SupplierViewModel, AuthNet, Version=1.0.0.0, Culture=neutral, PublicKeyToken=null]]'.
2025-07-30 09:54:05.575 +05:30 [INF] Executed action AuthNet.Controllers.SuppliersController.GetAll (AuthNet) in 30.2425ms
2025-07-30 09:54:05.575 +05:30 [INF] Executed endpoint 'AuthNet.Controllers.SuppliersController.GetAll (AuthNet)'
2025-07-30 09:54:05.576 +05:30 [INF] Request finished HTTP/1.1 GET https://localhost:7165/api/suppliers - 200 null application/json; charset=utf-8 37.6623ms
2025-07-30 09:55:00.048 +05:30 [INF] Request starting HTTP/1.1 GET https://localhost:7165/api/Products/53 - null null
2025-07-30 09:55:00.048 +05:30 [INF] Executing endpoint 'AuthNet.Controllers.ProductsController.GetById (AuthNet)'
2025-07-30 09:55:00.065 +05:30 [INF] Route matched with {action = "GetById", controller = "Products"}. Executing controller action with signature System.Threading.Tasks.Task`1[Microsoft.AspNetCore.Mvc.IActionResult] GetById(Int32) on controller AuthNet.Controllers.ProductsController (AuthNet).
2025-07-30 09:55:00.101 +05:30 [INF] Executed DbCommand (19ms) [Parameters=[@__id_0='?' (DbType = Int32)], CommandType='"Text"', CommandTimeout='30']
SELECT TOP(1) [p].[ProductId], [p].[CategoryId], [p].[CostPrice], [p].[Description], [p].[Name], [p].[ProductCode], [p].[ProductKey], [p].[SellPrice], [p].[SupplierId]
FROM [Products] AS [p]
WHERE [p].[ProductId] = @__id_0
2025-07-30 09:55:00.111 +05:30 [INF] Executing OkObjectResult, writing value of type 'AuthNet.Models.Domain.Product'.
2025-07-30 09:55:00.118 +05:30 [INF] Executed action AuthNet.Controllers.ProductsController.GetById (AuthNet) in 52.6733ms
2025-07-30 09:55:00.118 +05:30 [INF] Executed endpoint 'AuthNet.Controllers.ProductsController.GetById (AuthNet)'
2025-07-30 09:55:00.120 +05:30 [INF] Request finished HTTP/1.1 GET https://localhost:7165/api/Products/53 - 200 null application/json; charset=utf-8 72.4309ms
2025-07-30 09:55:00.168 +05:30 [INF] Request starting HTTP/1.1 GET https://localhost:7165/api/categories - null null
2025-07-30 09:55:00.168 +05:30 [INF] Executing endpoint 'AuthNet.Controllers.CategoriesController.GetAll (AuthNet)'
2025-07-30 09:55:00.169 +05:30 [INF] Route matched with {action = "GetAll", controller = "Categories"}. Executing controller action with signature System.Threading.Tasks.Task`1[Microsoft.AspNetCore.Mvc.IActionResult] GetAll() on controller AuthNet.Controllers.CategoriesController (AuthNet).
2025-07-30 09:55:00.180 +05:30 [INF] Executed DbCommand (10ms) [Parameters=[], CommandType='"Text"', CommandTimeout='30']
SELECT [c].[CategoryId], [c].[Description], [c].[Name]
FROM [Categories] AS [c]
2025-07-30 09:55:00.181 +05:30 [INF] Executing OkObjectResult, writing value of type 'System.Collections.Generic.List`1[[AuthNet.Models.Domain.Category, AuthNet, Version=1.0.0.0, Culture=neutral, PublicKeyToken=null]]'.
2025-07-30 09:55:00.181 +05:30 [INF] Executed action AuthNet.Controllers.CategoriesController.GetAll (AuthNet) in 12.3527ms
2025-07-30 09:55:00.181 +05:30 [INF] Executed endpoint 'AuthNet.Controllers.CategoriesController.GetAll (AuthNet)'
2025-07-30 09:55:00.181 +05:30 [INF] Request finished HTTP/1.1 GET https://localhost:7165/api/categories - 200 null application/json; charset=utf-8 13.597ms
2025-07-30 09:55:00.208 +05:30 [INF] Request starting HTTP/1.1 GET https://localhost:7165/api/suppliers - null null
2025-07-30 09:55:00.208 +05:30 [INF] Executing endpoint 'AuthNet.Controllers.SuppliersController.GetAll (AuthNet)'
2025-07-30 09:55:00.209 +05:30 [INF] Route matched with {action = "GetAll", controller = "Suppliers"}. Executing controller action with signature System.Threading.Tasks.Task`1[Microsoft.AspNetCore.Mvc.IActionResult] GetAll() on controller AuthNet.Controllers.SuppliersController (AuthNet).
2025-07-30 09:55:00.222 +05:30 [INF] Executed DbCommand (11ms) [Parameters=[], CommandType='"Text"', CommandTimeout='30']
SELECT [s].[SupplierId], [s].[CompanyName], [s].[ContactName], [s].[Phone], [s].[Address]
FROM [Suppliers] AS [s]
2025-07-30 09:55:00.222 +05:30 [INF] Executing OkObjectResult, writing value of type 'System.Collections.Generic.List`1[[AuthNet.Models.DTO.SupplierViewModel, AuthNet, Version=1.0.0.0, Culture=neutral, PublicKeyToken=null]]'.
2025-07-30 09:55:00.222 +05:30 [INF] Executed action AuthNet.Controllers.SuppliersController.GetAll (AuthNet) in 13.6186ms
2025-07-30 09:55:00.222 +05:30 [INF] Executed endpoint 'AuthNet.Controllers.SuppliersController.GetAll (AuthNet)'
2025-07-30 09:55:00.223 +05:30 [INF] Request finished HTTP/1.1 GET https://localhost:7165/api/suppliers - 200 null application/json; charset=utf-8 14.7591ms
2025-07-30 09:55:25.166 +05:30 [INF] Request starting HTTP/1.1 PUT https://localhost:7165/api/Products/53 - application/json; charset=utf-8 null
2025-07-30 09:55:25.166 +05:30 [INF] Executing endpoint 'AuthNet.Controllers.ProductsController.Update (AuthNet)'
2025-07-30 09:55:25.175 +05:30 [INF] Route matched with {action = "Update", controller = "Products"}. Executing controller action with signature System.Threading.Tasks.Task`1[Microsoft.AspNetCore.Mvc.IActionResult] Update(Int32, AuthNet.Models.Domain.Product) on controller AuthNet.Controllers.ProductsController (AuthNet).
2025-07-30 09:55:25.248 +05:30 [INF] Executed DbCommand (16ms) [Parameters=[@__p_0='?' (DbType = Int32)], CommandType='"Text"', CommandTimeout='30']
SELECT TOP(1) [p].[ProductId], [p].[CategoryId], [p].[CostPrice], [p].[Description], [p].[Name], [p].[ProductCode], [p].[ProductKey], [p].[SellPrice], [p].[SupplierId]
FROM [Products] AS [p]
WHERE [p].[ProductId] = @__p_0
2025-07-30 09:55:25.519 +05:30 [INF] Executed DbCommand (16ms) [Parameters=[@p3='?' (DbType = Int32), @p0='?' (Precision = 18) (Scale = 2) (DbType = Decimal), @p1='?' (Size = 100), @p2='?' (Precision = 18) (Scale = 2) (DbType = Decimal)], CommandType='"Text"', CommandTimeout='30']
SET IMPLICIT_TRANSACTIONS OFF;
SET NOCOUNT ON;
UPDATE [Products] SET [CostPrice] = @p0, [Name] = @p1, [SellPrice] = @p2
OUTPUT 1
WHERE [ProductId] = @p3;
2025-07-30 09:55:25.545 +05:30 [INF] Executing OkObjectResult, writing value of type '<>f__AnonymousType0`1[[System.String, System.Private.CoreLib, Version=8.0.0.0, Culture=neutral, PublicKeyToken=7cec85d7bea7798e]]'.
2025-07-30 09:55:25.551 +05:30 [INF] Executed action AuthNet.Controllers.ProductsController.Update (AuthNet) in 375.9122ms
2025-07-30 09:55:25.551 +05:30 [INF] Executed endpoint 'AuthNet.Controllers.ProductsController.Update (AuthNet)'
2025-07-30 09:55:25.552 +05:30 [INF] Request finished HTTP/1.1 PUT https://localhost:7165/api/Products/53 - 200 null application/json; charset=utf-8 386.0135ms
2025-07-30 09:55:25.601 +05:30 [INF] Request starting HTTP/1.1 GET https://localhost:7165/api/Products - null null
2025-07-30 09:55:25.607 +05:30 [INF] Executing endpoint 'AuthNet.Controllers.ProductsController.GetAll (AuthNet)'
2025-07-30 09:55:25.607 +05:30 [INF] Route matched with {action = "GetAll", controller = "Products"}. Executing controller action with signature System.Threading.Tasks.Task`1[Microsoft.AspNetCore.Mvc.IActionResult] GetAll() on controller AuthNet.Controllers.ProductsController (AuthNet).
2025-07-30 09:55:25.613 +05:30 [INF] Executed DbCommand (4ms) [Parameters=[], CommandType='"Text"', CommandTimeout='30']
SELECT [p].[ProductId], [p].[CategoryId], [p].[CostPrice], [p].[Description], [p].[Name], [p].[ProductCode], [p].[ProductKey], [p].[SellPrice], [p].[SupplierId]
FROM [Products] AS [p]
2025-07-30 09:55:25.614 +05:30 [INF] Executing OkObjectResult, writing value of type 'System.Collections.Generic.List`1[[AuthNet.Models.Domain.Product, AuthNet, Version=1.0.0.0, Culture=neutral, PublicKeyToken=null]]'.
2025-07-30 09:55:25.614 +05:30 [INF] Executed action AuthNet.Controllers.ProductsController.GetAll (AuthNet) in 7.0854ms
2025-07-30 09:55:25.614 +05:30 [INF] Executed endpoint 'AuthNet.Controllers.ProductsController.GetAll (AuthNet)'
2025-07-30 09:55:25.615 +05:30 [INF] Request finished HTTP/1.1 GET https://localhost:7165/api/Products - 200 null application/json; charset=utf-8 13.7256ms
2025-07-30 09:55:25.630 +05:30 [INF] Request starting HTTP/1.1 GET https://localhost:7165/api/categories - null null
2025-07-30 09:55:25.630 +05:30 [INF] Executing endpoint 'AuthNet.Controllers.CategoriesController.GetAll (AuthNet)'
2025-07-30 09:55:25.630 +05:30 [INF] Route matched with {action = "GetAll", controller = "Categories"}. Executing controller action with signature System.Threading.Tasks.Task`1[Microsoft.AspNetCore.Mvc.IActionResult] GetAll() on controller AuthNet.Controllers.CategoriesController (AuthNet).
2025-07-30 09:55:25.637 +05:30 [INF] Executed DbCommand (5ms) [Parameters=[], CommandType='"Text"', CommandTimeout='30']
SELECT [c].[CategoryId], [c].[Description], [c].[Name]
FROM [Categories] AS [c]
2025-07-30 09:55:25.637 +05:30 [INF] Executing OkObjectResult, writing value of type 'System.Collections.Generic.List`1[[AuthNet.Models.Domain.Category, AuthNet, Version=1.0.0.0, Culture=neutral, PublicKeyToken=null]]'.
2025-07-30 09:55:25.637 +05:30 [INF] Executed action AuthNet.Controllers.CategoriesController.GetAll (AuthNet) in 6.5247ms
2025-07-30 09:55:25.637 +05:30 [INF] Executed endpoint 'AuthNet.Controllers.CategoriesController.GetAll (AuthNet)'
2025-07-30 09:55:25.638 +05:30 [INF] Request finished HTTP/1.1 GET https://localhost:7165/api/categories - 200 null application/json; charset=utf-8 7.8248ms
2025-07-30 09:55:25.654 +05:30 [INF] Request starting HTTP/1.1 GET https://localhost:7165/api/suppliers - null null
2025-07-30 09:55:25.655 +05:30 [INF] Executing endpoint 'AuthNet.Controllers.SuppliersController.GetAll (AuthNet)'
2025-07-30 09:55:25.655 +05:30 [INF] Route matched with {action = "GetAll", controller = "Suppliers"}. Executing controller action with signature System.Threading.Tasks.Task`1[Microsoft.AspNetCore.Mvc.IActionResult] GetAll() on controller AuthNet.Controllers.SuppliersController (AuthNet).
2025-07-30 09:55:25.663 +05:30 [INF] Executed DbCommand (5ms) [Parameters=[], CommandType='"Text"', CommandTimeout='30']
SELECT [s].[SupplierId], [s].[CompanyName], [s].[ContactName], [s].[Phone], [s].[Address]
FROM [Suppliers] AS [s]
2025-07-30 09:55:25.664 +05:30 [INF] Executing OkObjectResult, writing value of type 'System.Collections.Generic.List`1[[AuthNet.Models.DTO.SupplierViewModel, AuthNet, Version=1.0.0.0, Culture=neutral, PublicKeyToken=null]]'.
2025-07-30 09:55:25.664 +05:30 [INF] Executed action AuthNet.Controllers.SuppliersController.GetAll (AuthNet) in 9.3667ms
2025-07-30 09:55:25.664 +05:30 [INF] Executed endpoint 'AuthNet.Controllers.SuppliersController.GetAll (AuthNet)'
2025-07-30 09:55:25.665 +05:30 [INF] Request finished HTTP/1.1 GET https://localhost:7165/api/suppliers - 200 null application/json; charset=utf-8 10.7135ms
2025-07-30 09:57:06.186 +05:30 [INF] Request starting HTTP/1.1 GET https://localhost:7165/api/Suppliers - null null
2025-07-30 09:57:06.186 +05:30 [INF] Executing endpoint 'AuthNet.Controllers.SuppliersController.GetAll (AuthNet)'
2025-07-30 09:57:06.186 +05:30 [INF] Route matched with {action = "GetAll", controller = "Suppliers"}. Executing controller action with signature System.Threading.Tasks.Task`1[Microsoft.AspNetCore.Mvc.IActionResult] GetAll() on controller AuthNet.Controllers.SuppliersController (AuthNet).
2025-07-30 09:57:06.205 +05:30 [INF] Executed DbCommand (18ms) [Parameters=[], CommandType='"Text"', CommandTimeout='30']
SELECT [s].[SupplierId], [s].[CompanyName], [s].[ContactName], [s].[Phone], [s].[Address]
FROM [Suppliers] AS [s]
2025-07-30 09:57:06.206 +05:30 [INF] Executing OkObjectResult, writing value of type 'System.Collections.Generic.List`1[[AuthNet.Models.DTO.SupplierViewModel, AuthNet, Version=1.0.0.0, Culture=neutral, PublicKeyToken=null]]'.
2025-07-30 09:57:06.206 +05:30 [INF] Executed action AuthNet.Controllers.SuppliersController.GetAll (AuthNet) in 20.1038ms
2025-07-30 09:57:06.206 +05:30 [INF] Executed endpoint 'AuthNet.Controllers.SuppliersController.GetAll (AuthNet)'
2025-07-30 09:57:06.207 +05:30 [INF] Request finished HTTP/1.1 GET https://localhost:7165/api/Suppliers - 200 null application/json; charset=utf-8 21.387ms
2025-07-30 09:57:09.286 +05:30 [INF] Request starting HTTP/1.1 GET https://localhost:7165/api/Suppliers/6 - null null
2025-07-30 09:57:09.286 +05:30 [INF] Executing endpoint 'AuthNet.Controllers.SuppliersController.GetById (AuthNet)'
2025-07-30 09:57:09.295 +05:30 [INF] Route matched with {action = "GetById", controller = "Suppliers"}. Executing controller action with signature System.Threading.Tasks.Task`1[Microsoft.AspNetCore.Mvc.IActionResult] GetById(Int32) on controller AuthNet.Controllers.SuppliersController (AuthNet).
2025-07-30 09:57:09.400 +05:30 [INF] Executed DbCommand (10ms) [Parameters=[@__id_0='?' (DbType = Int32)], CommandType='"Text"', CommandTimeout='30']
SELECT [t].[SupplierId], [t].[Address], [t].[CompanyName], [t].[ContactName], [t].[Phone], [p].[ProductId], [p].[CategoryId], [p].[CostPrice], [p].[Description], [p].[Name], [p].[ProductCode], [p].[ProductKey], [p].[SellPrice], [p].[SupplierId]
FROM (
    SELECT TOP(1) [s].[SupplierId], [s].[Address], [s].[CompanyName], [s].[ContactName], [s].[Phone]
    FROM [Suppliers] AS [s]
    WHERE [s].[SupplierId] = @__id_0
) AS [t]
LEFT JOIN [Products] AS [p] ON [t].[SupplierId] = [p].[SupplierId]
ORDER BY [t].[SupplierId]
2025-07-30 09:57:09.429 +05:30 [INF] Executing OkObjectResult, writing value of type 'AuthNet.Models.Domain.Supplier'.
2025-07-30 09:57:09.432 +05:30 [INF] Executed action AuthNet.Controllers.SuppliersController.GetById (AuthNet) in 136.4214ms
2025-07-30 09:57:09.432 +05:30 [INF] Executed endpoint 'AuthNet.Controllers.SuppliersController.GetById (AuthNet)'
2025-07-30 09:57:09.432 +05:30 [INF] Request finished HTTP/1.1 GET https://localhost:7165/api/Suppliers/6 - 200 null application/json; charset=utf-8 146.9638ms
2025-07-30 09:57:16.437 +05:30 [INF] Request starting HTTP/1.1 PUT https://localhost:7165/api/Suppliers/6 - application/json; charset=utf-8 null
2025-07-30 09:57:16.438 +05:30 [INF] Executing endpoint 'AuthNet.Controllers.SuppliersController.Update (AuthNet)'
2025-07-30 09:57:16.447 +05:30 [INF] Route matched with {action = "Update", controller = "Suppliers"}. Executing controller action with signature System.Threading.Tasks.Task`1[Microsoft.AspNetCore.Mvc.IActionResult] Update(Int32, AuthNet.Models.Domain.Supplier) on controller AuthNet.Controllers.SuppliersController (AuthNet).
2025-07-30 09:57:16.483 +05:30 [INF] Executed DbCommand (18ms) [Parameters=[@__p_0='?' (DbType = Int32)], CommandType='"Text"', CommandTimeout='30']
SELECT TOP(1) [s].[SupplierId], [s].[Address], [s].[CompanyName], [s].[ContactName], [s].[Phone]
FROM [Suppliers] AS [s]
WHERE [s].[SupplierId] = @__p_0
2025-07-30 09:57:16.513 +05:30 [INF] Executed DbCommand (9ms) [Parameters=[@p1='?' (DbType = Int32), @p0='?' (Size = 4000)], CommandType='"Text"', CommandTimeout='30']
SET IMPLICIT_TRANSACTIONS OFF;
SET NOCOUNT ON;
UPDATE [Suppliers] SET [CompanyName] = @p0
OUTPUT 1
WHERE [SupplierId] = @p1;
2025-07-30 09:57:16.514 +05:30 [INF] Executing OkObjectResult, writing value of type '<>f__AnonymousType0`1[[System.String, System.Private.CoreLib, Version=8.0.0.0, Culture=neutral, PublicKeyToken=7cec85d7bea7798e]]'.
2025-07-30 09:57:16.514 +05:30 [INF] Executed action AuthNet.Controllers.SuppliersController.Update (AuthNet) in 67.0975ms
2025-07-30 09:57:16.514 +05:30 [INF] Executed endpoint 'AuthNet.Controllers.SuppliersController.Update (AuthNet)'
2025-07-30 09:57:16.515 +05:30 [INF] Request finished HTTP/1.1 PUT https://localhost:7165/api/Suppliers/6 - 200 null application/json; charset=utf-8 77.6511ms
2025-07-30 09:57:16.558 +05:30 [INF] Request starting HTTP/1.1 GET https://localhost:7165/api/Suppliers - null null
2025-07-30 09:57:16.559 +05:30 [INF] Executing endpoint 'AuthNet.Controllers.SuppliersController.GetAll (AuthNet)'
2025-07-30 09:57:16.559 +05:30 [INF] Route matched with {action = "GetAll", controller = "Suppliers"}. Executing controller action with signature System.Threading.Tasks.Task`1[Microsoft.AspNetCore.Mvc.IActionResult] GetAll() on controller AuthNet.Controllers.SuppliersController (AuthNet).
2025-07-30 09:57:16.570 +05:30 [INF] Executed DbCommand (8ms) [Parameters=[], CommandType='"Text"', CommandTimeout='30']
SELECT [s].[SupplierId], [s].[CompanyName], [s].[ContactName], [s].[Phone], [s].[Address]
FROM [Suppliers] AS [s]
2025-07-30 09:57:16.572 +05:30 [INF] Executing OkObjectResult, writing value of type 'System.Collections.Generic.List`1[[AuthNet.Models.DTO.SupplierViewModel, AuthNet, Version=1.0.0.0, Culture=neutral, PublicKeyToken=null]]'.
2025-07-30 09:57:16.572 +05:30 [INF] Executed action AuthNet.Controllers.SuppliersController.GetAll (AuthNet) in 12.3542ms
2025-07-30 09:57:16.572 +05:30 [INF] Executed endpoint 'AuthNet.Controllers.SuppliersController.GetAll (AuthNet)'
2025-07-30 09:57:16.572 +05:30 [INF] Request finished HTTP/1.1 GET https://localhost:7165/api/Suppliers - 200 null application/json; charset=utf-8 15.2377ms
2025-07-30 09:57:18.202 +05:30 [INF] Request starting HTTP/1.1 GET https://localhost:7165/api/Products - null null
2025-07-30 09:57:18.203 +05:30 [INF] Executing endpoint 'AuthNet.Controllers.ProductsController.GetAll (AuthNet)'
2025-07-30 09:57:18.203 +05:30 [INF] Route matched with {action = "GetAll", controller = "Products"}. Executing controller action with signature System.Threading.Tasks.Task`1[Microsoft.AspNetCore.Mvc.IActionResult] GetAll() on controller AuthNet.Controllers.ProductsController (AuthNet).
2025-07-30 09:57:18.212 +05:30 [INF] Executed DbCommand (7ms) [Parameters=[], CommandType='"Text"', CommandTimeout='30']
SELECT [p].[ProductId], [p].[CategoryId], [p].[CostPrice], [p].[Description], [p].[Name], [p].[ProductCode], [p].[ProductKey], [p].[SellPrice], [p].[SupplierId]
FROM [Products] AS [p]
2025-07-30 09:57:18.212 +05:30 [INF] Executing OkObjectResult, writing value of type 'System.Collections.Generic.List`1[[AuthNet.Models.Domain.Product, AuthNet, Version=1.0.0.0, Culture=neutral, PublicKeyToken=null]]'.
2025-07-30 09:57:18.212 +05:30 [INF] Executed action AuthNet.Controllers.ProductsController.GetAll (AuthNet) in 9.2338ms
2025-07-30 09:57:18.212 +05:30 [INF] Executed endpoint 'AuthNet.Controllers.ProductsController.GetAll (AuthNet)'
2025-07-30 09:57:18.213 +05:30 [INF] Request finished HTTP/1.1 GET https://localhost:7165/api/Products - 200 null application/json; charset=utf-8 10.4039ms
2025-07-30 09:57:18.239 +05:30 [INF] Request starting HTTP/1.1 GET https://localhost:7165/api/categories - null null
2025-07-30 09:57:18.240 +05:30 [INF] Executing endpoint 'AuthNet.Controllers.CategoriesController.GetAll (AuthNet)'
2025-07-30 09:57:18.240 +05:30 [INF] Route matched with {action = "GetAll", controller = "Categories"}. Executing controller action with signature System.Threading.Tasks.Task`1[Microsoft.AspNetCore.Mvc.IActionResult] GetAll() on controller AuthNet.Controllers.CategoriesController (AuthNet).
2025-07-30 09:57:18.247 +05:30 [INF] Executed DbCommand (6ms) [Parameters=[], CommandType='"Text"', CommandTimeout='30']
SELECT [c].[CategoryId], [c].[Description], [c].[Name]
FROM [Categories] AS [c]
2025-07-30 09:57:18.247 +05:30 [INF] Executing OkObjectResult, writing value of type 'System.Collections.Generic.List`1[[AuthNet.Models.Domain.Category, AuthNet, Version=1.0.0.0, Culture=neutral, PublicKeyToken=null]]'.
2025-07-30 09:57:18.248 +05:30 [INF] Executed action AuthNet.Controllers.CategoriesController.GetAll (AuthNet) in 7.8713ms
2025-07-30 09:57:18.248 +05:30 [INF] Executed endpoint 'AuthNet.Controllers.CategoriesController.GetAll (AuthNet)'
2025-07-30 09:57:18.248 +05:30 [INF] Request finished HTTP/1.1 GET https://localhost:7165/api/categories - 200 null application/json; charset=utf-8 9.2603ms
2025-07-30 09:57:18.265 +05:30 [INF] Request starting HTTP/1.1 GET https://localhost:7165/api/suppliers - null null
2025-07-30 09:57:18.265 +05:30 [INF] Executing endpoint 'AuthNet.Controllers.SuppliersController.GetAll (AuthNet)'
2025-07-30 09:57:18.265 +05:30 [INF] Route matched with {action = "GetAll", controller = "Suppliers"}. Executing controller action with signature System.Threading.Tasks.Task`1[Microsoft.AspNetCore.Mvc.IActionResult] GetAll() on controller AuthNet.Controllers.SuppliersController (AuthNet).
2025-07-30 09:57:18.271 +05:30 [INF] Executed DbCommand (2ms) [Parameters=[], CommandType='"Text"', CommandTimeout='30']
SELECT [s].[SupplierId], [s].[CompanyName], [s].[ContactName], [s].[Phone], [s].[Address]
FROM [Suppliers] AS [s]
2025-07-30 09:57:18.273 +05:30 [INF] Executing OkObjectResult, writing value of type 'System.Collections.Generic.List`1[[AuthNet.Models.DTO.SupplierViewModel, AuthNet, Version=1.0.0.0, Culture=neutral, PublicKeyToken=null]]'.
2025-07-30 09:57:18.274 +05:30 [INF] Executed action AuthNet.Controllers.SuppliersController.GetAll (AuthNet) in 8.2252ms
2025-07-30 09:57:18.274 +05:30 [INF] Executed endpoint 'AuthNet.Controllers.SuppliersController.GetAll (AuthNet)'
2025-07-30 09:57:18.274 +05:30 [INF] Request finished HTTP/1.1 GET https://localhost:7165/api/suppliers - 200 null application/json; charset=utf-8 9.7304ms
