2025-07-19 18:30:51.392 +05:30 [INF] User profile is available. Using 'C:\Users\Admin\AppData\Local\ASP.NET\DataProtection-Keys' as key repository and Windows DPAPI to encrypt keys at rest.
2025-07-19 18:30:52.060 +05:30 [INF] Now listening on: https://localhost:7165
2025-07-19 18:30:52.061 +05:30 [INF] Now listening on: http://localhost:5008
2025-07-19 18:30:52.302 +05:30 [INF] Application started. Press Ctrl+C to shut down.
2025-07-19 18:30:52.302 +05:30 [INF] Hosting environment: Development
2025-07-19 18:30:52.303 +05:30 [INF] Content root path: C:\Users\Admin\AuthNet\AuthNet
2025-07-19 18:30:57.832 +05:30 [INF] Request starting HTTP/1.1 GET https://localhost:7165/api/Products/count - null null
2025-07-19 18:30:58.223 +05:30 [INF] Executing endpoint 'AuthNet.Controllers.ProductsController.GetProductCount (AuthNet)'
2025-07-19 18:30:58.277 +05:30 [INF] Route matched with {action = "GetProductCount", controller = "Products"}. Executing controller action with signature System.Threading.Tasks.Task`1[Microsoft.AspNetCore.Mvc.IActionResult] GetProductCount() on controller AuthNet.Controllers.ProductsController (AuthNet).
2025-07-19 18:31:01.688 +05:30 [WRN] No store type was specified for the decimal property 'TotalAmount' on entity type 'Order'. This will cause values to be silently truncated if they do not fit in the default precision and scale. Explicitly specify the SQL server column type that can accommodate all the values in 'OnModelCreating' using 'HasColumnType', specify precision and scale using 'HasPrecision', or configure a value converter using 'HasConversion'.
2025-07-19 18:31:01.689 +05:30 [WRN] No store type was specified for the decimal property 'UnitPrice' on entity type 'OrderItem'. This will cause values to be silently truncated if they do not fit in the default precision and scale. Explicitly specify the SQL server column type that can accommodate all the values in 'OnModelCreating' using 'HasColumnType', specify precision and scale using 'HasPrecision', or configure a value converter using 'HasConversion'.
2025-07-19 18:31:01.690 +05:30 [WRN] No store type was specified for the decimal property 'CostPrice' on entity type 'Product'. This will cause values to be silently truncated if they do not fit in the default precision and scale. Explicitly specify the SQL server column type that can accommodate all the values in 'OnModelCreating' using 'HasColumnType', specify precision and scale using 'HasPrecision', or configure a value converter using 'HasConversion'.
2025-07-19 18:31:01.690 +05:30 [WRN] No store type was specified for the decimal property 'SellPrice' on entity type 'Product'. This will cause values to be silently truncated if they do not fit in the default precision and scale. Explicitly specify the SQL server column type that can accommodate all the values in 'OnModelCreating' using 'HasColumnType', specify precision and scale using 'HasPrecision', or configure a value converter using 'HasConversion'.
2025-07-19 18:31:01.690 +05:30 [WRN] No store type was specified for the decimal property 'TotalAmount' on entity type 'PurchaseOrder'. This will cause values to be silently truncated if they do not fit in the default precision and scale. Explicitly specify the SQL server column type that can accommodate all the values in 'OnModelCreating' using 'HasColumnType', specify precision and scale using 'HasPrecision', or configure a value converter using 'HasConversion'.
2025-07-19 18:31:01.690 +05:30 [WRN] No store type was specified for the decimal property 'UnitPrice' on entity type 'PurchaseOrderItems'. This will cause values to be silently truncated if they do not fit in the default precision and scale. Explicitly specify the SQL server column type that can accommodate all the values in 'OnModelCreating' using 'HasColumnType', specify precision and scale using 'HasPrecision', or configure a value converter using 'HasConversion'.
2025-07-19 18:31:01.690 +05:30 [WRN] No store type was specified for the decimal property 'AfterTaxAmount' on entity type 'Sale'. This will cause values to be silently truncated if they do not fit in the default precision and scale. Explicitly specify the SQL server column type that can accommodate all the values in 'OnModelCreating' using 'HasColumnType', specify precision and scale using 'HasPrecision', or configure a value converter using 'HasConversion'.
2025-07-19 18:31:01.699 +05:30 [WRN] No store type was specified for the decimal property 'DiscountedAmount' on entity type 'Sale'. This will cause values to be silently truncated if they do not fit in the default precision and scale. Explicitly specify the SQL server column type that can accommodate all the values in 'OnModelCreating' using 'HasColumnType', specify precision and scale using 'HasPrecision', or configure a value converter using 'HasConversion'.
2025-07-19 18:31:01.699 +05:30 [WRN] No store type was specified for the decimal property 'PrincipalAmount' on entity type 'Sale'. This will cause values to be silently truncated if they do not fit in the default precision and scale. Explicitly specify the SQL server column type that can accommodate all the values in 'OnModelCreating' using 'HasColumnType', specify precision and scale using 'HasPrecision', or configure a value converter using 'HasConversion'.
2025-07-19 18:31:01.699 +05:30 [WRN] No store type was specified for the decimal property 'TotalAmount' on entity type 'Sale'. This will cause values to be silently truncated if they do not fit in the default precision and scale. Explicitly specify the SQL server column type that can accommodate all the values in 'OnModelCreating' using 'HasColumnType', specify precision and scale using 'HasPrecision', or configure a value converter using 'HasConversion'.
2025-07-19 18:31:01.700 +05:30 [WRN] No store type was specified for the decimal property 'TotalPrice' on entity type 'SaleItem'. This will cause values to be silently truncated if they do not fit in the default precision and scale. Explicitly specify the SQL server column type that can accommodate all the values in 'OnModelCreating' using 'HasColumnType', specify precision and scale using 'HasPrecision', or configure a value converter using 'HasConversion'.
2025-07-19 18:31:01.700 +05:30 [WRN] No store type was specified for the decimal property 'UnitPrice' on entity type 'SaleItem'. This will cause values to be silently truncated if they do not fit in the default precision and scale. Explicitly specify the SQL server column type that can accommodate all the values in 'OnModelCreating' using 'HasColumnType', specify precision and scale using 'HasPrecision', or configure a value converter using 'HasConversion'.
2025-07-19 18:31:01.700 +05:30 [WRN] No store type was specified for the decimal property 'CGST' on entity type 'TaxSetting'. This will cause values to be silently truncated if they do not fit in the default precision and scale. Explicitly specify the SQL server column type that can accommodate all the values in 'OnModelCreating' using 'HasColumnType', specify precision and scale using 'HasPrecision', or configure a value converter using 'HasConversion'.
2025-07-19 18:31:01.701 +05:30 [WRN] No store type was specified for the decimal property 'IGST' on entity type 'TaxSetting'. This will cause values to be silently truncated if they do not fit in the default precision and scale. Explicitly specify the SQL server column type that can accommodate all the values in 'OnModelCreating' using 'HasColumnType', specify precision and scale using 'HasPrecision', or configure a value converter using 'HasConversion'.
2025-07-19 18:31:01.702 +05:30 [WRN] No store type was specified for the decimal property 'SGST' on entity type 'TaxSetting'. This will cause values to be silently truncated if they do not fit in the default precision and scale. Explicitly specify the SQL server column type that can accommodate all the values in 'OnModelCreating' using 'HasColumnType', specify precision and scale using 'HasPrecision', or configure a value converter using 'HasConversion'.
2025-07-19 18:31:01.761 +05:30 [INF] Request starting HTTP/2 GET https://localhost:7165/swagger/index.html - null null
2025-07-19 18:31:02.563 +05:30 [INF] Request finished HTTP/2 GET https://localhost:7165/swagger/index.html - 200 null text/html;charset=utf-8 803.3394ms
2025-07-19 18:31:02.689 +05:30 [INF] Request starting HTTP/2 GET https://localhost:7165/_framework/aspnetcore-browser-refresh.js - null null
2025-07-19 18:31:02.702 +05:30 [INF] Request starting HTTP/2 GET https://localhost:7165/_vs/browserLink - null null
2025-07-19 18:31:02.705 +05:30 [INF] Request finished HTTP/2 GET https://localhost:7165/_framework/aspnetcore-browser-refresh.js - 200 16499 application/javascript; charset=utf-8 16.6286ms
2025-07-19 18:31:03.080 +05:30 [INF] Request finished HTTP/2 GET https://localhost:7165/_vs/browserLink - 200 null text/javascript; charset=UTF-8 377.6532ms
2025-07-19 18:31:03.347 +05:30 [INF] Request starting HTTP/2 GET https://localhost:7165/swagger/v1/swagger.json - null null
2025-07-19 18:31:03.529 +05:30 [INF] Request finished HTTP/2 GET https://localhost:7165/swagger/v1/swagger.json - 200 null application/json;charset=utf-8 181.5252ms
2025-07-19 18:31:06.442 +05:30 [INF] Executed DbCommand (488ms) [Parameters=[], CommandType='"Text"', CommandTimeout='30']
SELECT COUNT(*)
FROM [Products] AS [p]
2025-07-19 18:31:06.531 +05:30 [INF] Executing OkObjectResult, writing value of type 'System.Int32'.
2025-07-19 18:31:06.606 +05:30 [INF] Executed action AuthNet.Controllers.ProductsController.GetProductCount (AuthNet) in 8322.3879ms
2025-07-19 18:31:06.607 +05:30 [INF] Executed endpoint 'AuthNet.Controllers.ProductsController.GetProductCount (AuthNet)'
2025-07-19 18:31:06.626 +05:30 [INF] Request finished HTTP/1.1 GET https://localhost:7165/api/Products/count - 200 null application/json; charset=utf-8 8816.106ms
2025-07-19 18:31:06.641 +05:30 [INF] Request starting HTTP/1.1 GET https://localhost:7165/api/Categories/count - null null
2025-07-19 18:31:06.652 +05:30 [INF] Executing endpoint 'AuthNet.Controllers.CategoriesController.GetCategoryCount (AuthNet)'
2025-07-19 18:31:06.664 +05:30 [INF] Route matched with {action = "GetCategoryCount", controller = "Categories"}. Executing controller action with signature System.Threading.Tasks.Task`1[Microsoft.AspNetCore.Mvc.IActionResult] GetCategoryCount() on controller AuthNet.Controllers.CategoriesController (AuthNet).
2025-07-19 18:31:06.740 +05:30 [INF] Executed DbCommand (9ms) [Parameters=[], CommandType='"Text"', CommandTimeout='30']
SELECT COUNT(*)
FROM [Categories] AS [c]
2025-07-19 18:31:06.743 +05:30 [INF] Executing OkObjectResult, writing value of type 'System.Int32'.
2025-07-19 18:31:06.744 +05:30 [INF] Executed action AuthNet.Controllers.CategoriesController.GetCategoryCount (AuthNet) in 79.8486ms
2025-07-19 18:31:06.744 +05:30 [INF] Executed endpoint 'AuthNet.Controllers.CategoriesController.GetCategoryCount (AuthNet)'
2025-07-19 18:31:06.745 +05:30 [INF] Request finished HTTP/1.1 GET https://localhost:7165/api/Categories/count - 200 null application/json; charset=utf-8 104.423ms
2025-07-19 18:31:06.772 +05:30 [INF] Request starting HTTP/1.1 GET https://localhost:7165/api/Suppliers/count - null null
2025-07-19 18:31:06.783 +05:30 [INF] Executing endpoint 'AuthNet.Controllers.SuppliersController.GetSupplierCount (AuthNet)'
2025-07-19 18:31:06.790 +05:30 [INF] Route matched with {action = "GetSupplierCount", controller = "Suppliers"}. Executing controller action with signature System.Threading.Tasks.Task`1[Microsoft.AspNetCore.Mvc.IActionResult] GetSupplierCount() on controller AuthNet.Controllers.SuppliersController (AuthNet).
2025-07-19 18:31:06.991 +05:30 [INF] Executed DbCommand (49ms) [Parameters=[], CommandType='"Text"', CommandTimeout='30']
SELECT COUNT(*)
FROM [Suppliers] AS [s]
2025-07-19 18:31:06.994 +05:30 [INF] Executing OkObjectResult, writing value of type 'System.Int32'.
2025-07-19 18:31:06.995 +05:30 [INF] Executed action AuthNet.Controllers.SuppliersController.GetSupplierCount (AuthNet) in 204.5085ms
2025-07-19 18:31:06.996 +05:30 [INF] Executed endpoint 'AuthNet.Controllers.SuppliersController.GetSupplierCount (AuthNet)'
2025-07-19 18:31:06.996 +05:30 [INF] Request finished HTTP/1.1 GET https://localhost:7165/api/Suppliers/count - 200 null application/json; charset=utf-8 224.8023ms
2025-07-19 18:31:07.030 +05:30 [INF] Request starting HTTP/1.1 GET https://localhost:7165/api/Tasks/count - null null
2025-07-19 18:31:07.030 +05:30 [INF] Executing endpoint 'AuthNet.Controllers.TasksController.GetTaskCount (AuthNet)'
2025-07-19 18:31:07.037 +05:30 [INF] Route matched with {action = "GetTaskCount", controller = "Tasks"}. Executing controller action with signature System.Threading.Tasks.Task`1[Microsoft.AspNetCore.Mvc.IActionResult] GetTaskCount() on controller AuthNet.Controllers.TasksController (AuthNet).
2025-07-19 18:31:07.056 +05:30 [INF] Executed DbCommand (8ms) [Parameters=[], CommandType='"Text"', CommandTimeout='30']
SELECT COUNT(*)
FROM [Tasks] AS [t]
2025-07-19 18:31:07.057 +05:30 [INF] Executing OkObjectResult, writing value of type 'System.Int32'.
2025-07-19 18:31:07.057 +05:30 [INF] Executed action AuthNet.Controllers.TasksController.GetTaskCount (AuthNet) in 20.6324ms
2025-07-19 18:31:07.058 +05:30 [INF] Executed endpoint 'AuthNet.Controllers.TasksController.GetTaskCount (AuthNet)'
2025-07-19 18:31:07.061 +05:30 [INF] Request finished HTTP/1.1 GET https://localhost:7165/api/Tasks/count - 200 null application/json; charset=utf-8 30.8616ms
2025-07-19 18:31:07.083 +05:30 [INF] Request starting HTTP/1.1 GET https://localhost:7165/api/Orders/count - null null
2025-07-19 18:31:07.084 +05:30 [INF] Executing endpoint 'AuthNet.Controllers.OrdersController.GetOrderCount (AuthNet)'
2025-07-19 18:31:07.092 +05:30 [INF] Route matched with {action = "GetOrderCount", controller = "Orders"}. Executing controller action with signature System.Threading.Tasks.Task`1[Microsoft.AspNetCore.Mvc.IActionResult] GetOrderCount() on controller AuthNet.Controllers.OrdersController (AuthNet).
2025-07-19 18:31:07.118 +05:30 [INF] Executed DbCommand (7ms) [Parameters=[], CommandType='"Text"', CommandTimeout='30']
SELECT COUNT(*)
FROM [Orders] AS [o]
2025-07-19 18:31:07.119 +05:30 [INF] Executing OkObjectResult, writing value of type 'System.Int32'.
2025-07-19 18:31:07.120 +05:30 [INF] Executed action AuthNet.Controllers.OrdersController.GetOrderCount (AuthNet) in 27.0774ms
2025-07-19 18:31:07.120 +05:30 [INF] Executed endpoint 'AuthNet.Controllers.OrdersController.GetOrderCount (AuthNet)'
2025-07-19 18:31:07.121 +05:30 [INF] Request finished HTTP/1.1 GET https://localhost:7165/api/Orders/count - 200 null application/json; charset=utf-8 37.4659ms
2025-07-19 18:31:07.144 +05:30 [INF] Request starting HTTP/1.1 GET https://localhost:7165/api/Sales/count - null null
2025-07-19 18:31:07.146 +05:30 [INF] Executing endpoint 'AuthNet.Controllers.SalesController.GetSaleCount (AuthNet)'
2025-07-19 18:31:07.152 +05:30 [INF] Route matched with {action = "GetSaleCount", controller = "Sales"}. Executing controller action with signature System.Threading.Tasks.Task`1[Microsoft.AspNetCore.Mvc.IActionResult] GetSaleCount() on controller AuthNet.Controllers.SalesController (AuthNet).
2025-07-19 18:31:07.170 +05:30 [INF] Executed DbCommand (7ms) [Parameters=[], CommandType='"Text"', CommandTimeout='30']
SELECT COUNT(*)
FROM [Sales] AS [s]
2025-07-19 18:31:07.172 +05:30 [INF] Executing OkObjectResult, writing value of type 'System.Int32'.
2025-07-19 18:31:07.172 +05:30 [INF] Executed action AuthNet.Controllers.SalesController.GetSaleCount (AuthNet) in 19.7365ms
2025-07-19 18:31:07.172 +05:30 [INF] Executed endpoint 'AuthNet.Controllers.SalesController.GetSaleCount (AuthNet)'
2025-07-19 18:31:07.173 +05:30 [INF] Request finished HTTP/1.1 GET https://localhost:7165/api/Sales/count - 200 null application/json; charset=utf-8 28.7039ms
2025-07-19 18:31:07.199 +05:30 [INF] Request starting HTTP/1.1 GET https://localhost:7165/api/Tasks - null null
2025-07-19 18:31:07.200 +05:30 [INF] Executing endpoint 'AuthNet.Controllers.TasksController.GetTasks (AuthNet)'
2025-07-19 18:31:07.203 +05:30 [INF] Route matched with {action = "GetTasks", controller = "Tasks"}. Executing controller action with signature Microsoft.AspNetCore.Mvc.IActionResult GetTasks() on controller AuthNet.Controllers.TasksController (AuthNet).
2025-07-19 18:31:07.321 +05:30 [INF] Executed DbCommand (7ms) [Parameters=[], CommandType='"Text"', CommandTimeout='30']
SELECT [t].[Id], [t].[Title], [t].[DueDate]
FROM [Tasks] AS [t]
2025-07-19 18:31:07.340 +05:30 [INF] Executing OkObjectResult, writing value of type 'System.Collections.Generic.List`1[[AuthNet.Models.DTO.TaskItemDto, AuthNet, Version=1.0.0.0, Culture=neutral, PublicKeyToken=null]]'.
2025-07-19 18:31:07.369 +05:30 [INF] Executed action AuthNet.Controllers.TasksController.GetTasks (AuthNet) in 166.1578ms
2025-07-19 18:31:07.369 +05:30 [INF] Executed endpoint 'AuthNet.Controllers.TasksController.GetTasks (AuthNet)'
2025-07-19 18:31:07.370 +05:30 [INF] Request finished HTTP/1.1 GET https://localhost:7165/api/Tasks - 200 null application/json; charset=utf-8 170.3596ms
2025-07-19 18:31:07.425 +05:30 [INF] Request starting HTTP/1.1 GET https://localhost:7165/api/Settings/Get - null null
2025-07-19 18:31:07.426 +05:30 [INF] Executing endpoint 'AuthNet.Controllers.SettingsController.GetCompanyInfo (AuthNet)'
2025-07-19 18:31:07.437 +05:30 [INF] Route matched with {action = "GetCompanyInfo", controller = "Settings"}. Executing controller action with signature System.Threading.Tasks.Task`1[Microsoft.AspNetCore.Mvc.IActionResult] GetCompanyInfo() on controller AuthNet.Controllers.SettingsController (AuthNet).
2025-07-19 18:31:07.477 +05:30 [WRN] The query uses the 'First'/'FirstOrDefault' operator without 'OrderBy' and filter operators. This may lead to unpredictable results.
2025-07-19 18:31:07.610 +05:30 [INF] Executed DbCommand (26ms) [Parameters=[], CommandType='"Text"', CommandTimeout='30']
SELECT TOP(1) [c].[Id], [c].[Address], [c].[ContactNumber], [c].[Email], [c].[GSTIN], [c].[LogoFileExtension], [c].[LogoFilePath], [c].[LogoFileSizeInBytes], [c].[LogoName], [c].[Name], [c].[SignFileExtension], [c].[SignFilePath], [c].[SignFileSizeInBytes], [c].[SignName]
FROM [CompanyInfos] AS [c]
2025-07-19 18:31:07.760 +05:30 [INF] Executing OkObjectResult, writing value of type 'AuthNet.Models.DTO.CompanyInfoResponseDto'.
2025-07-19 18:31:07.764 +05:30 [INF] Executed action AuthNet.Controllers.SettingsController.GetCompanyInfo (AuthNet) in 326.0667ms
2025-07-19 18:31:07.764 +05:30 [INF] Executed endpoint 'AuthNet.Controllers.SettingsController.GetCompanyInfo (AuthNet)'
2025-07-19 18:31:07.764 +05:30 [INF] Request finished HTTP/1.1 GET https://localhost:7165/api/Settings/Get - 200 null application/json; charset=utf-8 339.114ms
2025-07-19 18:31:12.333 +05:30 [INF] Request starting HTTP/1.1 POST https://localhost:7165/api/Auth/login - application/json; charset=utf-8 null
2025-07-19 18:31:12.335 +05:30 [INF] Executing endpoint 'AuthNet.Controllers.AuthController.Login (AuthNet)'
2025-07-19 18:31:12.359 +05:30 [INF] Route matched with {action = "Login", controller = "Auth"}. Executing controller action with signature System.Threading.Tasks.Task`1[Microsoft.AspNetCore.Mvc.IActionResult] Login(AuthNet.Models.DTO.LoginDto) on controller AuthNet.Controllers.AuthController (AuthNet).
2025-07-19 18:31:12.802 +05:30 [INF] Executed DbCommand (44ms) [Parameters=[@__username_0='?' (Size = 100)], CommandType='"Text"', CommandTimeout='30']
SELECT TOP(1) [u].[UserId], [u].[CreatedAt], [u].[Email], [u].[Firstname], [u].[Lastname], [u].[PasswordHash], [u].[Role], [u].[Username]
FROM [Users] AS [u]
WHERE [u].[Username] = @__username_0
2025-07-19 18:31:13.982 +05:30 [INF] Executing OkObjectResult, writing value of type 'AuthNet.Models.DTO.ServiceResponse`1[[AuthNet.Models.DTO.LoginResponseDto, AuthNet, Version=1.0.0.0, Culture=neutral, PublicKeyToken=null]]'.
2025-07-19 18:31:13.993 +05:30 [INF] Executed action AuthNet.Controllers.AuthController.Login (AuthNet) in 1634.3805ms
2025-07-19 18:31:13.994 +05:30 [INF] Executed endpoint 'AuthNet.Controllers.AuthController.Login (AuthNet)'
2025-07-19 18:31:13.994 +05:30 [INF] Request finished HTTP/1.1 POST https://localhost:7165/api/Auth/login - 200 null application/json; charset=utf-8 1661.0783ms
2025-07-19 18:31:14.630 +05:30 [INF] Request starting HTTP/1.1 GET https://localhost:7165/api/Products/count - null null
2025-07-19 18:31:14.631 +05:30 [INF] Executing endpoint 'AuthNet.Controllers.ProductsController.GetProductCount (AuthNet)'
2025-07-19 18:31:14.631 +05:30 [INF] Route matched with {action = "GetProductCount", controller = "Products"}. Executing controller action with signature System.Threading.Tasks.Task`1[Microsoft.AspNetCore.Mvc.IActionResult] GetProductCount() on controller AuthNet.Controllers.ProductsController (AuthNet).
2025-07-19 18:31:14.639 +05:30 [INF] Executed DbCommand (4ms) [Parameters=[], CommandType='"Text"', CommandTimeout='30']
SELECT COUNT(*)
FROM [Products] AS [p]
2025-07-19 18:31:14.640 +05:30 [INF] Executing OkObjectResult, writing value of type 'System.Int32'.
2025-07-19 18:31:14.640 +05:30 [INF] Executed action AuthNet.Controllers.ProductsController.GetProductCount (AuthNet) in 8.6718ms
2025-07-19 18:31:14.640 +05:30 [INF] Executed endpoint 'AuthNet.Controllers.ProductsController.GetProductCount (AuthNet)'
2025-07-19 18:31:14.641 +05:30 [INF] Request finished HTTP/1.1 GET https://localhost:7165/api/Products/count - 200 null application/json; charset=utf-8 11.175ms
2025-07-19 18:31:14.660 +05:30 [INF] Request starting HTTP/1.1 GET https://localhost:7165/api/Categories/count - null null
2025-07-19 18:31:14.661 +05:30 [INF] Executing endpoint 'AuthNet.Controllers.CategoriesController.GetCategoryCount (AuthNet)'
2025-07-19 18:31:14.661 +05:30 [INF] Route matched with {action = "GetCategoryCount", controller = "Categories"}. Executing controller action with signature System.Threading.Tasks.Task`1[Microsoft.AspNetCore.Mvc.IActionResult] GetCategoryCount() on controller AuthNet.Controllers.CategoriesController (AuthNet).
2025-07-19 18:31:14.666 +05:30 [INF] Executed DbCommand (2ms) [Parameters=[], CommandType='"Text"', CommandTimeout='30']
SELECT COUNT(*)
FROM [Categories] AS [c]
2025-07-19 18:31:14.667 +05:30 [INF] Executing OkObjectResult, writing value of type 'System.Int32'.
2025-07-19 18:31:14.667 +05:30 [INF] Executed action AuthNet.Controllers.CategoriesController.GetCategoryCount (AuthNet) in 6.2876ms
2025-07-19 18:31:14.667 +05:30 [INF] Executed endpoint 'AuthNet.Controllers.CategoriesController.GetCategoryCount (AuthNet)'
2025-07-19 18:31:14.668 +05:30 [INF] Request finished HTTP/1.1 GET https://localhost:7165/api/Categories/count - 200 null application/json; charset=utf-8 7.823ms
2025-07-19 18:31:14.687 +05:30 [INF] Request starting HTTP/1.1 GET https://localhost:7165/api/Suppliers/count - null null
2025-07-19 18:31:14.687 +05:30 [INF] Executing endpoint 'AuthNet.Controllers.SuppliersController.GetSupplierCount (AuthNet)'
2025-07-19 18:31:14.687 +05:30 [INF] Route matched with {action = "GetSupplierCount", controller = "Suppliers"}. Executing controller action with signature System.Threading.Tasks.Task`1[Microsoft.AspNetCore.Mvc.IActionResult] GetSupplierCount() on controller AuthNet.Controllers.SuppliersController (AuthNet).
2025-07-19 18:31:14.696 +05:30 [INF] Executed DbCommand (4ms) [Parameters=[], CommandType='"Text"', CommandTimeout='30']
SELECT COUNT(*)
FROM [Suppliers] AS [s]
2025-07-19 18:31:14.697 +05:30 [INF] Executing OkObjectResult, writing value of type 'System.Int32'.
2025-07-19 18:31:14.697 +05:30 [INF] Executed action AuthNet.Controllers.SuppliersController.GetSupplierCount (AuthNet) in 9.7019ms
2025-07-19 18:31:14.697 +05:30 [INF] Executed endpoint 'AuthNet.Controllers.SuppliersController.GetSupplierCount (AuthNet)'
2025-07-19 18:31:14.698 +05:30 [INF] Request finished HTTP/1.1 GET https://localhost:7165/api/Suppliers/count - 200 null application/json; charset=utf-8 11.1747ms
2025-07-19 18:31:14.723 +05:30 [INF] Request starting HTTP/1.1 GET https://localhost:7165/api/Tasks/count - null null
2025-07-19 18:31:14.724 +05:30 [INF] Executing endpoint 'AuthNet.Controllers.TasksController.GetTaskCount (AuthNet)'
2025-07-19 18:31:14.724 +05:30 [INF] Route matched with {action = "GetTaskCount", controller = "Tasks"}. Executing controller action with signature System.Threading.Tasks.Task`1[Microsoft.AspNetCore.Mvc.IActionResult] GetTaskCount() on controller AuthNet.Controllers.TasksController (AuthNet).
2025-07-19 18:31:14.849 +05:30 [INF] Executed DbCommand (90ms) [Parameters=[], CommandType='"Text"', CommandTimeout='30']
SELECT COUNT(*)
FROM [Tasks] AS [t]
2025-07-19 18:31:14.849 +05:30 [INF] Executing OkObjectResult, writing value of type 'System.Int32'.
2025-07-19 18:31:14.849 +05:30 [INF] Executed action AuthNet.Controllers.TasksController.GetTaskCount (AuthNet) in 125.7641ms
2025-07-19 18:31:14.850 +05:30 [INF] Executed endpoint 'AuthNet.Controllers.TasksController.GetTaskCount (AuthNet)'
2025-07-19 18:31:14.850 +05:30 [INF] Request finished HTTP/1.1 GET https://localhost:7165/api/Tasks/count - 200 null application/json; charset=utf-8 126.7514ms
2025-07-19 18:31:14.879 +05:30 [INF] Request starting HTTP/1.1 GET https://localhost:7165/api/Orders/count - null null
2025-07-19 18:31:14.879 +05:30 [INF] Executing endpoint 'AuthNet.Controllers.OrdersController.GetOrderCount (AuthNet)'
2025-07-19 18:31:14.879 +05:30 [INF] Route matched with {action = "GetOrderCount", controller = "Orders"}. Executing controller action with signature System.Threading.Tasks.Task`1[Microsoft.AspNetCore.Mvc.IActionResult] GetOrderCount() on controller AuthNet.Controllers.OrdersController (AuthNet).
2025-07-19 18:31:14.944 +05:30 [INF] Executed DbCommand (62ms) [Parameters=[], CommandType='"Text"', CommandTimeout='30']
SELECT COUNT(*)
FROM [Orders] AS [o]
2025-07-19 18:31:14.944 +05:30 [INF] Executing OkObjectResult, writing value of type 'System.Int32'.
2025-07-19 18:31:14.945 +05:30 [INF] Executed action AuthNet.Controllers.OrdersController.GetOrderCount (AuthNet) in 65.3592ms
2025-07-19 18:31:14.945 +05:30 [INF] Executed endpoint 'AuthNet.Controllers.OrdersController.GetOrderCount (AuthNet)'
2025-07-19 18:31:14.945 +05:30 [INF] Request finished HTTP/1.1 GET https://localhost:7165/api/Orders/count - 200 null application/json; charset=utf-8 66.6071ms
2025-07-19 18:31:14.968 +05:30 [INF] Request starting HTTP/1.1 GET https://localhost:7165/api/Sales/count - null null
2025-07-19 18:31:14.971 +05:30 [INF] Executing endpoint 'AuthNet.Controllers.SalesController.GetSaleCount (AuthNet)'
2025-07-19 18:31:14.971 +05:30 [INF] Route matched with {action = "GetSaleCount", controller = "Sales"}. Executing controller action with signature System.Threading.Tasks.Task`1[Microsoft.AspNetCore.Mvc.IActionResult] GetSaleCount() on controller AuthNet.Controllers.SalesController (AuthNet).
2025-07-19 18:31:14.981 +05:30 [INF] Executed DbCommand (8ms) [Parameters=[], CommandType='"Text"', CommandTimeout='30']
SELECT COUNT(*)
FROM [Sales] AS [s]
2025-07-19 18:31:14.981 +05:30 [INF] Executing OkObjectResult, writing value of type 'System.Int32'.
2025-07-19 18:31:14.982 +05:30 [INF] Executed action AuthNet.Controllers.SalesController.GetSaleCount (AuthNet) in 10.3248ms
2025-07-19 18:31:14.982 +05:30 [INF] Executed endpoint 'AuthNet.Controllers.SalesController.GetSaleCount (AuthNet)'
2025-07-19 18:31:14.982 +05:30 [INF] Request finished HTTP/1.1 GET https://localhost:7165/api/Sales/count - 200 null application/json; charset=utf-8 14.0675ms
2025-07-19 18:31:15.004 +05:30 [INF] Request starting HTTP/1.1 GET https://localhost:7165/api/Tasks - null null
2025-07-19 18:31:15.004 +05:30 [INF] Executing endpoint 'AuthNet.Controllers.TasksController.GetTasks (AuthNet)'
2025-07-19 18:31:15.004 +05:30 [INF] Route matched with {action = "GetTasks", controller = "Tasks"}. Executing controller action with signature Microsoft.AspNetCore.Mvc.IActionResult GetTasks() on controller AuthNet.Controllers.TasksController (AuthNet).
2025-07-19 18:31:15.021 +05:30 [INF] Executed DbCommand (6ms) [Parameters=[], CommandType='"Text"', CommandTimeout='30']
SELECT [t].[Id], [t].[Title], [t].[DueDate]
FROM [Tasks] AS [t]
2025-07-19 18:31:15.021 +05:30 [INF] Executing OkObjectResult, writing value of type 'System.Collections.Generic.List`1[[AuthNet.Models.DTO.TaskItemDto, AuthNet, Version=1.0.0.0, Culture=neutral, PublicKeyToken=null]]'.
2025-07-19 18:31:15.022 +05:30 [INF] Executed action AuthNet.Controllers.TasksController.GetTasks (AuthNet) in 17.2429ms
2025-07-19 18:31:15.022 +05:30 [INF] Executed endpoint 'AuthNet.Controllers.TasksController.GetTasks (AuthNet)'
2025-07-19 18:31:15.022 +05:30 [INF] Request finished HTTP/1.1 GET https://localhost:7165/api/Tasks - 200 null application/json; charset=utf-8 18.8486ms
2025-07-19 18:31:15.111 +05:30 [INF] Request starting HTTP/1.1 GET https://localhost:7165/api/Settings/Get - null null
2025-07-19 18:31:15.113 +05:30 [INF] Executing endpoint 'AuthNet.Controllers.SettingsController.GetCompanyInfo (AuthNet)'
2025-07-19 18:31:15.113 +05:30 [INF] Route matched with {action = "GetCompanyInfo", controller = "Settings"}. Executing controller action with signature System.Threading.Tasks.Task`1[Microsoft.AspNetCore.Mvc.IActionResult] GetCompanyInfo() on controller AuthNet.Controllers.SettingsController (AuthNet).
2025-07-19 18:31:15.129 +05:30 [INF] Executed DbCommand (13ms) [Parameters=[], CommandType='"Text"', CommandTimeout='30']
SELECT TOP(1) [c].[Id], [c].[Address], [c].[ContactNumber], [c].[Email], [c].[GSTIN], [c].[LogoFileExtension], [c].[LogoFilePath], [c].[LogoFileSizeInBytes], [c].[LogoName], [c].[Name], [c].[SignFileExtension], [c].[SignFilePath], [c].[SignFileSizeInBytes], [c].[SignName]
FROM [CompanyInfos] AS [c]
2025-07-19 18:31:15.131 +05:30 [INF] Executing OkObjectResult, writing value of type 'AuthNet.Models.DTO.CompanyInfoResponseDto'.
2025-07-19 18:31:15.131 +05:30 [INF] Executed action AuthNet.Controllers.SettingsController.GetCompanyInfo (AuthNet) in 17.8516ms
2025-07-19 18:31:15.131 +05:30 [INF] Executed endpoint 'AuthNet.Controllers.SettingsController.GetCompanyInfo (AuthNet)'
2025-07-19 18:31:15.132 +05:30 [INF] Request finished HTTP/1.1 GET https://localhost:7165/api/Settings/Get - 200 null application/json; charset=utf-8 21.485ms
2025-07-19 18:31:49.705 +05:30 [INF] Request starting HTTP/2 GET https://localhost:7165/api/Sales/DailyProfit - null null
2025-07-19 18:31:49.726 +05:30 [WRN] Error unprotecting the session cookie.
System.Security.Cryptography.CryptographicException: The payload was invalid. For more information go to https://aka.ms/aspnet/dataprotectionwarning
   at Microsoft.AspNetCore.DataProtection.Cng.CbcAuthenticatedEncryptor.DecryptImpl(Byte* pbCiphertext, UInt32 cbCiphertext, Byte* pbAdditionalAuthenticatedData, UInt32 cbAdditionalAuthenticatedData)
   at Microsoft.AspNetCore.DataProtection.Cng.Internal.CngAuthenticatedEncryptorBase.Decrypt(ArraySegment`1 ciphertext, ArraySegment`1 additionalAuthenticatedData)
   at Microsoft.AspNetCore.DataProtection.KeyManagement.KeyRingBasedDataProtector.UnprotectCore(Byte[] protectedData, Boolean allowOperationsOnRevokedKeys, UnprotectStatus& status)
   at Microsoft.AspNetCore.DataProtection.KeyManagement.KeyRingBasedDataProtector.Unprotect(Byte[] protectedData)
   at Microsoft.AspNetCore.Session.CookieProtection.Unprotect(IDataProtector protector, String protectedText, ILogger logger)
2025-07-19 18:31:49.774 +05:30 [INF] Executing endpoint 'AuthNet.Controllers.SalesController.GetDailyProfit (AuthNet)'
2025-07-19 18:31:49.784 +05:30 [INF] Route matched with {action = "GetDailyProfit", controller = "Sales"}. Executing controller action with signature System.Threading.Tasks.Task`1[Microsoft.AspNetCore.Mvc.IActionResult] GetDailyProfit() on controller AuthNet.Controllers.SalesController (AuthNet).
2025-07-19 18:31:50.021 +05:30 [INF] Executed DbCommand (25ms) [Parameters=[@__date_Date_0='?' (DbType = DateTime2)], CommandType='"Text"', CommandTimeout='30']
SELECT [s].[Id], [s].[ProductId], [s].[ProductName], [s].[Quantity], [s].[SaleId], [s].[TotalPrice], [s].[UnitPrice], [s0].[Id], [s0].[AfterTaxAmount], [s0].[CreatedAt], [s0].[DiscountedAmount], [s0].[InvoiceDate], [s0].[InvoiceNo], [s0].[PrincipalAmount], [s0].[Template], [s0].[TotalAmount]
FROM [SaleItems] AS [s]
INNER JOIN [Sales] AS [s0] ON [s].[SaleId] = [s0].[Id]
WHERE CONVERT(date, [s0].[InvoiceDate]) = @__date_Date_0
2025-07-19 18:31:50.172 +05:30 [INF] Executed DbCommand (22ms) [Parameters=[@__productIds_0='?' (Size = 4000)], CommandType='"Text"', CommandTimeout='30']
SELECT [p].[ProductId], [p].[CategoryId], [p].[CostPrice], [p].[Description], [p].[Name], [p].[ProductCode], [p].[ProductKey], [p].[SellPrice], [p].[SupplierId]
FROM [Products] AS [p]
WHERE [p].[ProductId] IN (
    SELECT [p0].[value]
    FROM OPENJSON(@__productIds_0) WITH ([value] int '$') AS [p0]
)
2025-07-19 18:31:50.181 +05:30 [INF] Executing OkObjectResult, writing value of type 'AuthNet.Models.DTO.DailyProfitDto'.
2025-07-19 18:31:50.198 +05:30 [INF] Executed action AuthNet.Controllers.SalesController.GetDailyProfit (AuthNet) in 413.4228ms
2025-07-19 18:31:50.198 +05:30 [INF] Executed endpoint 'AuthNet.Controllers.SalesController.GetDailyProfit (AuthNet)'
2025-07-19 18:31:50.199 +05:30 [INF] Request finished HTTP/2 GET https://localhost:7165/api/Sales/DailyProfit - 200 null application/json; charset=utf-8 494.6278ms
2025-07-19 18:31:57.169 +05:30 [INF] Request starting HTTP/1.1 GET https://localhost:7165/api/Products - null null
2025-07-19 18:31:57.170 +05:30 [INF] Executing endpoint 'AuthNet.Controllers.ProductsController.GetAll (AuthNet)'
2025-07-19 18:31:57.182 +05:30 [INF] Route matched with {action = "GetAll", controller = "Products"}. Executing controller action with signature System.Threading.Tasks.Task`1[Microsoft.AspNetCore.Mvc.IActionResult] GetAll() on controller AuthNet.Controllers.ProductsController (AuthNet).
2025-07-19 18:31:57.218 +05:30 [INF] Executed DbCommand (8ms) [Parameters=[], CommandType='"Text"', CommandTimeout='30']
SELECT [p].[ProductId], [p].[CategoryId], [p].[CostPrice], [p].[Description], [p].[Name], [p].[ProductCode], [p].[ProductKey], [p].[SellPrice], [p].[SupplierId]
FROM [Products] AS [p]
2025-07-19 18:31:57.286 +05:30 [INF] Executing OkObjectResult, writing value of type 'System.Collections.Generic.List`1[[AuthNet.Models.Domain.Product, AuthNet, Version=1.0.0.0, Culture=neutral, PublicKeyToken=null]]'.
2025-07-19 18:31:57.311 +05:30 [INF] Executed action AuthNet.Controllers.ProductsController.GetAll (AuthNet) in 127.932ms
2025-07-19 18:31:57.311 +05:30 [INF] Executed endpoint 'AuthNet.Controllers.ProductsController.GetAll (AuthNet)'
2025-07-19 18:31:57.312 +05:30 [INF] Request finished HTTP/1.1 GET https://localhost:7165/api/Products - 200 null application/json; charset=utf-8 143.0654ms
2025-07-19 18:31:57.352 +05:30 [INF] Request starting HTTP/1.1 GET https://localhost:7165/api/InvoiceTemplates - null null
2025-07-19 18:31:57.353 +05:30 [INF] Executing endpoint 'AuthNet.Controllers.InvoiceTemplatesController.GetAll (AuthNet)'
2025-07-19 18:31:57.359 +05:30 [INF] Route matched with {action = "GetAll", controller = "InvoiceTemplates"}. Executing controller action with signature System.Threading.Tasks.Task`1[Microsoft.AspNetCore.Mvc.IActionResult] GetAll() on controller AuthNet.Controllers.InvoiceTemplatesController (AuthNet).
2025-07-19 18:31:57.394 +05:30 [INF] Executed DbCommand (16ms) [Parameters=[], CommandType='"Text"', CommandTimeout='30']
SELECT [i].[Id], [i].[Layout], [i].[Notes], [i].[TermsAndConditions]
FROM [InvoiceTemplates] AS [i]
2025-07-19 18:31:57.413 +05:30 [INF] Executing OkObjectResult, writing value of type 'System.Collections.Generic.List`1[[AuthNet.Models.Domain.InvoiceTemplate, AuthNet, Version=1.0.0.0, Culture=neutral, PublicKeyToken=null]]'.
2025-07-19 18:31:57.416 +05:30 [INF] Executed action AuthNet.Controllers.InvoiceTemplatesController.GetAll (AuthNet) in 57.0237ms
2025-07-19 18:31:57.416 +05:30 [INF] Executed endpoint 'AuthNet.Controllers.InvoiceTemplatesController.GetAll (AuthNet)'
2025-07-19 18:31:57.417 +05:30 [INF] Request finished HTTP/1.1 GET https://localhost:7165/api/InvoiceTemplates - 200 null application/json; charset=utf-8 64.5154ms
2025-07-19 18:31:57.453 +05:30 [INF] Request starting HTTP/1.1 GET https://localhost:7165/api/categories - null null
2025-07-19 18:31:57.454 +05:30 [INF] Executing endpoint 'AuthNet.Controllers.CategoriesController.GetAll (AuthNet)'
2025-07-19 18:31:57.462 +05:30 [INF] Route matched with {action = "GetAll", controller = "Categories"}. Executing controller action with signature System.Threading.Tasks.Task`1[Microsoft.AspNetCore.Mvc.IActionResult] GetAll() on controller AuthNet.Controllers.CategoriesController (AuthNet).
2025-07-19 18:31:57.487 +05:30 [INF] Executed DbCommand (6ms) [Parameters=[], CommandType='"Text"', CommandTimeout='30']
SELECT [c].[CategoryId], [c].[Description], [c].[Name]
FROM [Categories] AS [c]
2025-07-19 18:31:57.502 +05:30 [INF] Executing OkObjectResult, writing value of type 'System.Collections.Generic.List`1[[AuthNet.Models.Domain.Category, AuthNet, Version=1.0.0.0, Culture=neutral, PublicKeyToken=null]]'.
2025-07-19 18:31:57.508 +05:30 [INF] Executed action AuthNet.Controllers.CategoriesController.GetAll (AuthNet) in 45.8389ms
2025-07-19 18:31:57.508 +05:30 [INF] Executed endpoint 'AuthNet.Controllers.CategoriesController.GetAll (AuthNet)'
2025-07-19 18:31:57.508 +05:30 [INF] Request finished HTTP/1.1 GET https://localhost:7165/api/categories - 200 null application/json; charset=utf-8 54.9674ms
2025-07-19 18:31:57.537 +05:30 [INF] Request starting HTTP/1.1 GET https://localhost:7165/api/Settings/Get - null null
2025-07-19 18:31:57.538 +05:30 [INF] Executing endpoint 'AuthNet.Controllers.SettingsController.GetCompanyInfo (AuthNet)'
2025-07-19 18:31:57.538 +05:30 [INF] Route matched with {action = "GetCompanyInfo", controller = "Settings"}. Executing controller action with signature System.Threading.Tasks.Task`1[Microsoft.AspNetCore.Mvc.IActionResult] GetCompanyInfo() on controller AuthNet.Controllers.SettingsController (AuthNet).
2025-07-19 18:31:57.553 +05:30 [INF] Executed DbCommand (11ms) [Parameters=[], CommandType='"Text"', CommandTimeout='30']
SELECT TOP(1) [c].[Id], [c].[Address], [c].[ContactNumber], [c].[Email], [c].[GSTIN], [c].[LogoFileExtension], [c].[LogoFilePath], [c].[LogoFileSizeInBytes], [c].[LogoName], [c].[Name], [c].[SignFileExtension], [c].[SignFilePath], [c].[SignFileSizeInBytes], [c].[SignName]
FROM [CompanyInfos] AS [c]
2025-07-19 18:31:57.554 +05:30 [INF] Executing OkObjectResult, writing value of type 'AuthNet.Models.DTO.CompanyInfoResponseDto'.
2025-07-19 18:31:57.554 +05:30 [INF] Executed action AuthNet.Controllers.SettingsController.GetCompanyInfo (AuthNet) in 16.4301ms
2025-07-19 18:31:57.554 +05:30 [INF] Executed endpoint 'AuthNet.Controllers.SettingsController.GetCompanyInfo (AuthNet)'
2025-07-19 18:31:57.558 +05:30 [INF] Request finished HTTP/1.1 GET https://localhost:7165/api/Settings/Get - 200 null application/json; charset=utf-8 20.6384ms
2025-07-19 18:31:57.602 +05:30 [INF] Request starting HTTP/1.1 GET https://localhost:7165/api/TaxSettings - null null
2025-07-19 18:31:57.603 +05:30 [INF] Executing endpoint 'AuthNet.Controllers.TaxSettingsController.GetAll (AuthNet)'
2025-07-19 18:31:57.608 +05:30 [INF] Route matched with {action = "GetAll", controller = "TaxSettings"}. Executing controller action with signature System.Threading.Tasks.Task`1[Microsoft.AspNetCore.Mvc.IActionResult] GetAll() on controller AuthNet.Controllers.TaxSettingsController (AuthNet).
2025-07-19 18:31:57.613 +05:30 [WRN] The query uses the 'First'/'FirstOrDefault' operator without 'OrderBy' and filter operators. This may lead to unpredictable results.
2025-07-19 18:31:57.624 +05:30 [INF] Executed DbCommand (5ms) [Parameters=[], CommandType='"Text"', CommandTimeout='30']
SELECT TOP(1) [t].[Id], [t].[CGST], [t].[IGST], [t].[SGST]
FROM [TaxSettings] AS [t]
2025-07-19 18:31:57.645 +05:30 [INF] Executing OkObjectResult, writing value of type 'AuthNet.Models.DTO.TaxSettingResponseDto'.
2025-07-19 18:31:57.647 +05:30 [INF] Executed action AuthNet.Controllers.TaxSettingsController.GetAll (AuthNet) in 38.3586ms
2025-07-19 18:31:57.647 +05:30 [INF] Executed endpoint 'AuthNet.Controllers.TaxSettingsController.GetAll (AuthNet)'
2025-07-19 18:31:57.648 +05:30 [INF] Request finished HTTP/1.1 GET https://localhost:7165/api/TaxSettings - 200 null application/json; charset=utf-8 45.6969ms
2025-07-19 18:32:06.907 +05:30 [INF] Request starting HTTP/2 OPTIONS https://localhost:7165/api/Sales - null null
2025-07-19 18:32:06.920 +05:30 [INF] CORS policy execution successful.
2025-07-19 18:32:06.926 +05:30 [INF] Request finished HTTP/2 OPTIONS https://localhost:7165/api/Sales - 204 null null 20.3083ms
2025-07-19 18:32:06.928 +05:30 [INF] Request starting HTTP/2 POST https://localhost:7165/api/Sales - application/json 252
2025-07-19 18:32:06.930 +05:30 [INF] CORS policy execution successful.
2025-07-19 18:32:06.930 +05:30 [INF] Executing endpoint 'AuthNet.Controllers.SalesController.Create (AuthNet)'
2025-07-19 18:32:06.941 +05:30 [INF] Route matched with {action = "Create", controller = "Sales"}. Executing controller action with signature System.Threading.Tasks.Task`1[Microsoft.AspNetCore.Mvc.IActionResult] Create(AuthNet.Models.DTO.SaleDto) on controller AuthNet.Controllers.SalesController (AuthNet).
2025-07-19 18:32:07.598 +05:30 [INF] Executed DbCommand (39ms) [Parameters=[@p0='?' (Precision = 18) (Scale = 2) (DbType = Decimal), @p1='?' (DbType = DateTime2), @p2='?' (Precision = 18) (Scale = 2) (DbType = Decimal), @p3='?' (DbType = DateTime2), @p4='?' (Size = 4000), @p5='?' (Precision = 18) (Scale = 2) (DbType = Decimal), @p6='?' (Size = 4000), @p7='?' (Precision = 18) (Scale = 2) (DbType = Decimal)], CommandType='"Text"', CommandTimeout='30']
SET IMPLICIT_TRANSACTIONS OFF;
SET NOCOUNT ON;
INSERT INTO [Sales] ([AfterTaxAmount], [CreatedAt], [DiscountedAmount], [InvoiceDate], [InvoiceNo], [PrincipalAmount], [Template], [TotalAmount])
OUTPUT INSERTED.[Id]
VALUES (@p0, @p1, @p2, @p3, @p4, @p5, @p6, @p7);
2025-07-19 18:32:07.746 +05:30 [INF] Executed DbCommand (62ms) [Parameters=[@p8='?' (DbType = Int32), @p9='?' (Size = 4000), @p10='?' (DbType = Int32), @p11='?' (DbType = Int32), @p12='?' (Precision = 18) (Scale = 2) (DbType = Decimal), @p13='?' (Precision = 18) (Scale = 2) (DbType = Decimal), @p14='?' (DbType = Int32), @p15='?' (Size = 4000), @p16='?' (DbType = Int32), @p17='?' (DbType = Int32), @p18='?' (Precision = 18) (Scale = 2) (DbType = Decimal), @p19='?' (Precision = 18) (Scale = 2) (DbType = Decimal)], CommandType='"Text"', CommandTimeout='30']
SET IMPLICIT_TRANSACTIONS OFF;
SET NOCOUNT ON;
MERGE [SaleItems] USING (
VALUES (@p8, @p9, @p10, @p11, @p12, @p13, 0),
(@p14, @p15, @p16, @p17, @p18, @p19, 1)) AS i ([ProductId], [ProductName], [Quantity], [SaleId], [TotalPrice], [UnitPrice], _Position) ON 1=0
WHEN NOT MATCHED THEN
INSERT ([ProductId], [ProductName], [Quantity], [SaleId], [TotalPrice], [UnitPrice])
VALUES (i.[ProductId], i.[ProductName], i.[Quantity], i.[SaleId], i.[TotalPrice], i.[UnitPrice])
OUTPUT INSERTED.[Id], i._Position;
2025-07-19 18:32:07.790 +05:30 [INF] Executing OkObjectResult, writing value of type '<>f__AnonymousType3`2[[System.Boolean, System.Private.CoreLib, Version=8.0.0.0, Culture=neutral, PublicKeyToken=7cec85d7bea7798e],[System.String, System.Private.CoreLib, Version=8.0.0.0, Culture=neutral, PublicKeyToken=7cec85d7bea7798e]]'.
2025-07-19 18:32:07.799 +05:30 [INF] Executed action AuthNet.Controllers.SalesController.Create (AuthNet) in 857.9835ms
2025-07-19 18:32:07.799 +05:30 [INF] Executed endpoint 'AuthNet.Controllers.SalesController.Create (AuthNet)'
2025-07-19 18:32:07.800 +05:30 [INF] Request finished HTTP/2 POST https://localhost:7165/api/Sales - 200 null application/json; charset=utf-8 871.6169ms
2025-07-19 18:33:48.159 +05:30 [INF] Request starting HTTP/2 GET https://localhost:7165/api/Sales/DailyProfit - null null
2025-07-19 18:33:48.161 +05:30 [WRN] Error unprotecting the session cookie.
System.Security.Cryptography.CryptographicException: The payload was invalid. For more information go to https://aka.ms/aspnet/dataprotectionwarning
   at Microsoft.AspNetCore.DataProtection.Cng.CbcAuthenticatedEncryptor.DecryptImpl(Byte* pbCiphertext, UInt32 cbCiphertext, Byte* pbAdditionalAuthenticatedData, UInt32 cbAdditionalAuthenticatedData)
   at Microsoft.AspNetCore.DataProtection.Cng.Internal.CngAuthenticatedEncryptorBase.Decrypt(ArraySegment`1 ciphertext, ArraySegment`1 additionalAuthenticatedData)
   at Microsoft.AspNetCore.DataProtection.KeyManagement.KeyRingBasedDataProtector.UnprotectCore(Byte[] protectedData, Boolean allowOperationsOnRevokedKeys, UnprotectStatus& status)
   at Microsoft.AspNetCore.DataProtection.KeyManagement.KeyRingBasedDataProtector.Unprotect(Byte[] protectedData)
   at Microsoft.AspNetCore.Session.CookieProtection.Unprotect(IDataProtector protector, String protectedText, ILogger logger)
2025-07-19 18:33:48.163 +05:30 [INF] Executing endpoint 'AuthNet.Controllers.SalesController.GetDailyProfit (AuthNet)'
2025-07-19 18:33:48.163 +05:30 [INF] Route matched with {action = "GetDailyProfit", controller = "Sales"}. Executing controller action with signature System.Threading.Tasks.Task`1[Microsoft.AspNetCore.Mvc.IActionResult] GetDailyProfit() on controller AuthNet.Controllers.SalesController (AuthNet).
2025-07-19 18:33:48.196 +05:30 [INF] Executed DbCommand (28ms) [Parameters=[@__date_Date_0='?' (DbType = DateTime2)], CommandType='"Text"', CommandTimeout='30']
SELECT [s].[Id], [s].[ProductId], [s].[ProductName], [s].[Quantity], [s].[SaleId], [s].[TotalPrice], [s].[UnitPrice], [s0].[Id], [s0].[AfterTaxAmount], [s0].[CreatedAt], [s0].[DiscountedAmount], [s0].[InvoiceDate], [s0].[InvoiceNo], [s0].[PrincipalAmount], [s0].[Template], [s0].[TotalAmount]
FROM [SaleItems] AS [s]
INNER JOIN [Sales] AS [s0] ON [s].[SaleId] = [s0].[Id]
WHERE CONVERT(date, [s0].[InvoiceDate]) = @__date_Date_0
2025-07-19 18:33:48.230 +05:30 [INF] Executed DbCommand (19ms) [Parameters=[@__productIds_0='?' (Size = 4000)], CommandType='"Text"', CommandTimeout='30']
SELECT [p].[ProductId], [p].[CategoryId], [p].[CostPrice], [p].[Description], [p].[Name], [p].[ProductCode], [p].[ProductKey], [p].[SellPrice], [p].[SupplierId]
FROM [Products] AS [p]
WHERE [p].[ProductId] IN (
    SELECT [p0].[value]
    FROM OPENJSON(@__productIds_0) WITH ([value] int '$') AS [p0]
)
2025-07-19 18:33:48.233 +05:30 [INF] Executing OkObjectResult, writing value of type 'AuthNet.Models.DTO.DailyProfitDto'.
2025-07-19 18:33:48.234 +05:30 [INF] Executed action AuthNet.Controllers.SalesController.GetDailyProfit (AuthNet) in 71.1393ms
2025-07-19 18:33:48.234 +05:30 [INF] Executed endpoint 'AuthNet.Controllers.SalesController.GetDailyProfit (AuthNet)'
2025-07-19 18:33:48.235 +05:30 [INF] Request finished HTTP/2 GET https://localhost:7165/api/Sales/DailyProfit - 200 null application/json; charset=utf-8 76.0554ms
2025-07-19 18:34:03.815 +05:30 [INF] Request starting HTTP/2 GET https://localhost:7165/api/Sales/WeeklyProfit - null null
2025-07-19 18:34:03.815 +05:30 [WRN] Error unprotecting the session cookie.
System.Security.Cryptography.CryptographicException: The payload was invalid. For more information go to https://aka.ms/aspnet/dataprotectionwarning
   at Microsoft.AspNetCore.DataProtection.Cng.CbcAuthenticatedEncryptor.DecryptImpl(Byte* pbCiphertext, UInt32 cbCiphertext, Byte* pbAdditionalAuthenticatedData, UInt32 cbAdditionalAuthenticatedData)
   at Microsoft.AspNetCore.DataProtection.Cng.Internal.CngAuthenticatedEncryptorBase.Decrypt(ArraySegment`1 ciphertext, ArraySegment`1 additionalAuthenticatedData)
   at Microsoft.AspNetCore.DataProtection.KeyManagement.KeyRingBasedDataProtector.UnprotectCore(Byte[] protectedData, Boolean allowOperationsOnRevokedKeys, UnprotectStatus& status)
   at Microsoft.AspNetCore.DataProtection.KeyManagement.KeyRingBasedDataProtector.Unprotect(Byte[] protectedData)
   at Microsoft.AspNetCore.Session.CookieProtection.Unprotect(IDataProtector protector, String protectedText, ILogger logger)
2025-07-19 18:34:03.816 +05:30 [INF] Executing endpoint 'AuthNet.Controllers.SalesController.GetWeeklyProfit (AuthNet)'
2025-07-19 18:34:03.825 +05:30 [INF] Route matched with {action = "GetWeeklyProfit", controller = "Sales"}. Executing controller action with signature System.Threading.Tasks.Task`1[Microsoft.AspNetCore.Mvc.IActionResult] GetWeeklyProfit() on controller AuthNet.Controllers.SalesController (AuthNet).
2025-07-19 18:34:03.889 +05:30 [INF] Executed DbCommand (19ms) [Parameters=[@__startDate_0='?' (DbType = DateTime2), @__endDate_1='?' (DbType = DateTime2)], CommandType='"Text"', CommandTimeout='30']
SELECT [s].[Id], [s].[ProductId], [s].[ProductName], [s].[Quantity], [s].[SaleId], [s].[TotalPrice], [s].[UnitPrice], [s0].[Id], [s0].[AfterTaxAmount], [s0].[CreatedAt], [s0].[DiscountedAmount], [s0].[InvoiceDate], [s0].[InvoiceNo], [s0].[PrincipalAmount], [s0].[Template], [s0].[TotalAmount]
FROM [SaleItems] AS [s]
INNER JOIN [Sales] AS [s0] ON [s].[SaleId] = [s0].[Id]
WHERE CONVERT(date, [s0].[InvoiceDate]) >= @__startDate_0 AND CONVERT(date, [s0].[InvoiceDate]) <= @__endDate_1
2025-07-19 18:34:03.901 +05:30 [INF] Executed DbCommand (10ms) [Parameters=[@__productIds_0='?' (Size = 4000)], CommandType='"Text"', CommandTimeout='30']
SELECT [p].[ProductId], [p].[CategoryId], [p].[CostPrice], [p].[Description], [p].[Name], [p].[ProductCode], [p].[ProductKey], [p].[SellPrice], [p].[SupplierId]
FROM [Products] AS [p]
WHERE [p].[ProductId] IN (
    SELECT [p0].[value]
    FROM OPENJSON(@__productIds_0) WITH ([value] int '$') AS [p0]
)
2025-07-19 18:34:03.912 +05:30 [INF] Executing OkObjectResult, writing value of type 'System.Collections.Generic.List`1[[AuthNet.Models.DTO.DailyProfitDto, AuthNet, Version=1.0.0.0, Culture=neutral, PublicKeyToken=null]]'.
2025-07-19 18:34:03.913 +05:30 [INF] Executed action AuthNet.Controllers.SalesController.GetWeeklyProfit (AuthNet) in 87.9492ms
2025-07-19 18:34:03.913 +05:30 [INF] Executed endpoint 'AuthNet.Controllers.SalesController.GetWeeklyProfit (AuthNet)'
2025-07-19 18:34:03.913 +05:30 [INF] Request finished HTTP/2 GET https://localhost:7165/api/Sales/WeeklyProfit - 200 null application/json; charset=utf-8 98.7029ms
2025-07-19 18:34:15.063 +05:30 [INF] Request starting HTTP/2 GET https://localhost:7165/api/Sales/MonthlyProfit - null null
2025-07-19 18:34:15.075 +05:30 [WRN] Error unprotecting the session cookie.
System.Security.Cryptography.CryptographicException: The payload was invalid. For more information go to https://aka.ms/aspnet/dataprotectionwarning
   at Microsoft.AspNetCore.DataProtection.Cng.CbcAuthenticatedEncryptor.DecryptImpl(Byte* pbCiphertext, UInt32 cbCiphertext, Byte* pbAdditionalAuthenticatedData, UInt32 cbAdditionalAuthenticatedData)
   at Microsoft.AspNetCore.DataProtection.Cng.Internal.CngAuthenticatedEncryptorBase.Decrypt(ArraySegment`1 ciphertext, ArraySegment`1 additionalAuthenticatedData)
   at Microsoft.AspNetCore.DataProtection.KeyManagement.KeyRingBasedDataProtector.UnprotectCore(Byte[] protectedData, Boolean allowOperationsOnRevokedKeys, UnprotectStatus& status)
   at Microsoft.AspNetCore.DataProtection.KeyManagement.KeyRingBasedDataProtector.Unprotect(Byte[] protectedData)
   at Microsoft.AspNetCore.Session.CookieProtection.Unprotect(IDataProtector protector, String protectedText, ILogger logger)
2025-07-19 18:34:15.075 +05:30 [INF] Executing endpoint 'AuthNet.Controllers.SalesController.GetMonthlyProfit (AuthNet)'
2025-07-19 18:34:15.082 +05:30 [INF] Route matched with {action = "GetMonthlyProfit", controller = "Sales"}. Executing controller action with signature System.Threading.Tasks.Task`1[Microsoft.AspNetCore.Mvc.IActionResult] GetMonthlyProfit(System.Nullable`1[System.Int32]) on controller AuthNet.Controllers.SalesController (AuthNet).
2025-07-19 18:34:15.111 +05:30 [INF] Executed DbCommand (10ms) [Parameters=[@__year_0='?' (DbType = Int32)], CommandType='"Text"', CommandTimeout='30']
SELECT [s].[Id], [s].[ProductId], [s].[ProductName], [s].[Quantity], [s].[SaleId], [s].[TotalPrice], [s].[UnitPrice], [s0].[Id], [s0].[AfterTaxAmount], [s0].[CreatedAt], [s0].[DiscountedAmount], [s0].[InvoiceDate], [s0].[InvoiceNo], [s0].[PrincipalAmount], [s0].[Template], [s0].[TotalAmount]
FROM [SaleItems] AS [s]
INNER JOIN [Sales] AS [s0] ON [s].[SaleId] = [s0].[Id]
WHERE DATEPART(year, [s0].[InvoiceDate]) = @__year_0
2025-07-19 18:34:15.125 +05:30 [INF] Executed DbCommand (10ms) [Parameters=[@__productIds_0='?' (Size = 4000)], CommandType='"Text"', CommandTimeout='30']
SELECT [p].[ProductId], [p].[CategoryId], [p].[CostPrice], [p].[Description], [p].[Name], [p].[ProductCode], [p].[ProductKey], [p].[SellPrice], [p].[SupplierId]
FROM [Products] AS [p]
WHERE [p].[ProductId] IN (
    SELECT [p0].[value]
    FROM OPENJSON(@__productIds_0) WITH ([value] int '$') AS [p0]
)
2025-07-19 18:34:15.138 +05:30 [INF] Executing OkObjectResult, writing value of type 'System.Collections.Generic.List`1[[AuthNet.Models.DTO.MonthlyProfitDto, AuthNet, Version=1.0.0.0, Culture=neutral, PublicKeyToken=null]]'.
2025-07-19 18:34:15.142 +05:30 [INF] Executed action AuthNet.Controllers.SalesController.GetMonthlyProfit (AuthNet) in 59.9505ms
2025-07-19 18:34:15.142 +05:30 [INF] Executed endpoint 'AuthNet.Controllers.SalesController.GetMonthlyProfit (AuthNet)'
2025-07-19 18:34:15.143 +05:30 [INF] Request finished HTTP/2 GET https://localhost:7165/api/Sales/MonthlyProfit - 200 null application/json; charset=utf-8 80.3498ms
2025-07-19 18:34:32.248 +05:30 [INF] Request starting HTTP/2 GET https://localhost:7165/api/Sales/HalfYearlyProfit - null null
2025-07-19 18:34:32.249 +05:30 [WRN] Error unprotecting the session cookie.
System.Security.Cryptography.CryptographicException: The payload was invalid. For more information go to https://aka.ms/aspnet/dataprotectionwarning
   at Microsoft.AspNetCore.DataProtection.Cng.CbcAuthenticatedEncryptor.DecryptImpl(Byte* pbCiphertext, UInt32 cbCiphertext, Byte* pbAdditionalAuthenticatedData, UInt32 cbAdditionalAuthenticatedData)
   at Microsoft.AspNetCore.DataProtection.Cng.Internal.CngAuthenticatedEncryptorBase.Decrypt(ArraySegment`1 ciphertext, ArraySegment`1 additionalAuthenticatedData)
   at Microsoft.AspNetCore.DataProtection.KeyManagement.KeyRingBasedDataProtector.UnprotectCore(Byte[] protectedData, Boolean allowOperationsOnRevokedKeys, UnprotectStatus& status)
   at Microsoft.AspNetCore.DataProtection.KeyManagement.KeyRingBasedDataProtector.Unprotect(Byte[] protectedData)
   at Microsoft.AspNetCore.Session.CookieProtection.Unprotect(IDataProtector protector, String protectedText, ILogger logger)
2025-07-19 18:34:32.249 +05:30 [INF] Executing endpoint 'AuthNet.Controllers.SalesController.GetHalfYearlyProfit (AuthNet)'
2025-07-19 18:34:32.295 +05:30 [INF] Route matched with {action = "GetHalfYearlyProfit", controller = "Sales"}. Executing controller action with signature System.Threading.Tasks.Task`1[Microsoft.AspNetCore.Mvc.IActionResult] GetHalfYearlyProfit(System.Nullable`1[System.Int32]) on controller AuthNet.Controllers.SalesController (AuthNet).
2025-07-19 18:34:32.334 +05:30 [INF] Executed DbCommand (26ms) [Parameters=[@__year_0='?' (DbType = Int32)], CommandType='"Text"', CommandTimeout='30']
SELECT [s].[Id], [s].[ProductId], [s].[ProductName], [s].[Quantity], [s].[SaleId], [s].[TotalPrice], [s].[UnitPrice], [s0].[Id], [s0].[AfterTaxAmount], [s0].[CreatedAt], [s0].[DiscountedAmount], [s0].[InvoiceDate], [s0].[InvoiceNo], [s0].[PrincipalAmount], [s0].[Template], [s0].[TotalAmount]
FROM [SaleItems] AS [s]
INNER JOIN [Sales] AS [s0] ON [s].[SaleId] = [s0].[Id]
WHERE DATEPART(year, [s0].[InvoiceDate]) = @__year_0
2025-07-19 18:34:32.351 +05:30 [INF] Executed DbCommand (13ms) [Parameters=[@__productIds_0='?' (Size = 4000)], CommandType='"Text"', CommandTimeout='30']
SELECT [p].[ProductId], [p].[CategoryId], [p].[CostPrice], [p].[Description], [p].[Name], [p].[ProductCode], [p].[ProductKey], [p].[SellPrice], [p].[SupplierId]
FROM [Products] AS [p]
WHERE [p].[ProductId] IN (
    SELECT [p0].[value]
    FROM OPENJSON(@__productIds_0) WITH ([value] int '$') AS [p0]
)
2025-07-19 18:34:32.363 +05:30 [INF] Executing OkObjectResult, writing value of type 'System.Collections.Generic.List`1[[AuthNet.Models.DTO.HalfYearlyProfitDto, AuthNet, Version=1.0.0.0, Culture=neutral, PublicKeyToken=null]]'.
2025-07-19 18:34:32.367 +05:30 [INF] Executed action AuthNet.Controllers.SalesController.GetHalfYearlyProfit (AuthNet) in 71.3328ms
2025-07-19 18:34:32.367 +05:30 [INF] Executed endpoint 'AuthNet.Controllers.SalesController.GetHalfYearlyProfit (AuthNet)'
2025-07-19 18:34:32.368 +05:30 [INF] Request finished HTTP/2 GET https://localhost:7165/api/Sales/HalfYearlyProfit - 200 null application/json; charset=utf-8 120.2427ms
2025-07-19 18:42:28.403 +05:30 [INF] Request starting HTTP/2 GET https://localhost:7165/api/Sales/HalfYearlyProfit?year=2024 - null null
2025-07-19 18:42:28.414 +05:30 [WRN] Error unprotecting the session cookie.
System.Security.Cryptography.CryptographicException: The payload was invalid. For more information go to https://aka.ms/aspnet/dataprotectionwarning
   at Microsoft.AspNetCore.DataProtection.Cng.CbcAuthenticatedEncryptor.DecryptImpl(Byte* pbCiphertext, UInt32 cbCiphertext, Byte* pbAdditionalAuthenticatedData, UInt32 cbAdditionalAuthenticatedData)
   at Microsoft.AspNetCore.DataProtection.Cng.Internal.CngAuthenticatedEncryptorBase.Decrypt(ArraySegment`1 ciphertext, ArraySegment`1 additionalAuthenticatedData)
   at Microsoft.AspNetCore.DataProtection.KeyManagement.KeyRingBasedDataProtector.UnprotectCore(Byte[] protectedData, Boolean allowOperationsOnRevokedKeys, UnprotectStatus& status)
   at Microsoft.AspNetCore.DataProtection.KeyManagement.KeyRingBasedDataProtector.Unprotect(Byte[] protectedData)
   at Microsoft.AspNetCore.Session.CookieProtection.Unprotect(IDataProtector protector, String protectedText, ILogger logger)
2025-07-19 18:42:28.415 +05:30 [INF] Executing endpoint 'AuthNet.Controllers.SalesController.GetHalfYearlyProfit (AuthNet)'
2025-07-19 18:42:28.415 +05:30 [INF] Route matched with {action = "GetHalfYearlyProfit", controller = "Sales"}. Executing controller action with signature System.Threading.Tasks.Task`1[Microsoft.AspNetCore.Mvc.IActionResult] GetHalfYearlyProfit(System.Nullable`1[System.Int32]) on controller AuthNet.Controllers.SalesController (AuthNet).
2025-07-19 18:42:28.619 +05:30 [INF] Executed DbCommand (40ms) [Parameters=[@__year_0='?' (DbType = Int32)], CommandType='"Text"', CommandTimeout='30']
SELECT [s].[Id], [s].[ProductId], [s].[ProductName], [s].[Quantity], [s].[SaleId], [s].[TotalPrice], [s].[UnitPrice], [s0].[Id], [s0].[AfterTaxAmount], [s0].[CreatedAt], [s0].[DiscountedAmount], [s0].[InvoiceDate], [s0].[InvoiceNo], [s0].[PrincipalAmount], [s0].[Template], [s0].[TotalAmount]
FROM [SaleItems] AS [s]
INNER JOIN [Sales] AS [s0] ON [s].[SaleId] = [s0].[Id]
WHERE DATEPART(year, [s0].[InvoiceDate]) = @__year_0
2025-07-19 18:42:28.636 +05:30 [INF] Executed DbCommand (16ms) [Parameters=[@__productIds_0='?' (Size = 4000)], CommandType='"Text"', CommandTimeout='30']
SELECT [p].[ProductId], [p].[CategoryId], [p].[CostPrice], [p].[Description], [p].[Name], [p].[ProductCode], [p].[ProductKey], [p].[SellPrice], [p].[SupplierId]
FROM [Products] AS [p]
WHERE [p].[ProductId] IN (
    SELECT [p0].[value]
    FROM OPENJSON(@__productIds_0) WITH ([value] int '$') AS [p0]
)
2025-07-19 18:42:28.637 +05:30 [INF] Executing OkObjectResult, writing value of type 'System.Collections.Generic.List`1[[AuthNet.Models.DTO.HalfYearlyProfitDto, AuthNet, Version=1.0.0.0, Culture=neutral, PublicKeyToken=null]]'.
2025-07-19 18:42:28.637 +05:30 [INF] Executed action AuthNet.Controllers.SalesController.GetHalfYearlyProfit (AuthNet) in 221.6457ms
2025-07-19 18:42:28.637 +05:30 [INF] Executed endpoint 'AuthNet.Controllers.SalesController.GetHalfYearlyProfit (AuthNet)'
2025-07-19 18:42:28.637 +05:30 [INF] Request finished HTTP/2 GET https://localhost:7165/api/Sales/HalfYearlyProfit?year=2024 - 200 null application/json; charset=utf-8 236.1645ms
2025-07-19 18:48:40.419 +05:30 [INF] Request starting HTTP/2 GET https://localhost:7165/api/Sales/YearlyProfit - null null
2025-07-19 18:48:40.421 +05:30 [WRN] Error unprotecting the session cookie.
System.Security.Cryptography.CryptographicException: The payload was invalid. For more information go to https://aka.ms/aspnet/dataprotectionwarning
   at Microsoft.AspNetCore.DataProtection.Cng.CbcAuthenticatedEncryptor.DecryptImpl(Byte* pbCiphertext, UInt32 cbCiphertext, Byte* pbAdditionalAuthenticatedData, UInt32 cbAdditionalAuthenticatedData)
   at Microsoft.AspNetCore.DataProtection.Cng.Internal.CngAuthenticatedEncryptorBase.Decrypt(ArraySegment`1 ciphertext, ArraySegment`1 additionalAuthenticatedData)
   at Microsoft.AspNetCore.DataProtection.KeyManagement.KeyRingBasedDataProtector.UnprotectCore(Byte[] protectedData, Boolean allowOperationsOnRevokedKeys, UnprotectStatus& status)
   at Microsoft.AspNetCore.DataProtection.KeyManagement.KeyRingBasedDataProtector.Unprotect(Byte[] protectedData)
   at Microsoft.AspNetCore.Session.CookieProtection.Unprotect(IDataProtector protector, String protectedText, ILogger logger)
2025-07-19 18:48:40.423 +05:30 [INF] Executing endpoint 'AuthNet.Controllers.SalesController.GetYearlyProfit (AuthNet)'
2025-07-19 18:48:40.466 +05:30 [INF] Route matched with {action = "GetYearlyProfit", controller = "Sales"}. Executing controller action with signature System.Threading.Tasks.Task`1[Microsoft.AspNetCore.Mvc.IActionResult] GetYearlyProfit() on controller AuthNet.Controllers.SalesController (AuthNet).
2025-07-19 18:48:40.521 +05:30 [INF] Executed DbCommand (19ms) [Parameters=[], CommandType='"Text"', CommandTimeout='30']
SELECT [s].[Id], [s].[ProductId], [s].[ProductName], [s].[Quantity], [s].[SaleId], [s].[TotalPrice], [s].[UnitPrice], [s0].[Id], [s0].[AfterTaxAmount], [s0].[CreatedAt], [s0].[DiscountedAmount], [s0].[InvoiceDate], [s0].[InvoiceNo], [s0].[PrincipalAmount], [s0].[Template], [s0].[TotalAmount]
FROM [SaleItems] AS [s]
INNER JOIN [Sales] AS [s0] ON [s].[SaleId] = [s0].[Id]
2025-07-19 18:48:40.533 +05:30 [INF] Executed DbCommand (10ms) [Parameters=[@__productIds_0='?' (Size = 4000)], CommandType='"Text"', CommandTimeout='30']
SELECT [p].[ProductId], [p].[CategoryId], [p].[CostPrice], [p].[Description], [p].[Name], [p].[ProductCode], [p].[ProductKey], [p].[SellPrice], [p].[SupplierId]
FROM [Products] AS [p]
WHERE [p].[ProductId] IN (
    SELECT [p0].[value]
    FROM OPENJSON(@__productIds_0) WITH ([value] int '$') AS [p0]
)
2025-07-19 18:48:40.539 +05:30 [INF] Executing OkObjectResult, writing value of type 'System.Collections.Generic.List`1[[AuthNet.Models.DTO.YearlyProfitDto, AuthNet, Version=1.0.0.0, Culture=neutral, PublicKeyToken=null]]'.
2025-07-19 18:48:40.541 +05:30 [INF] Executed action AuthNet.Controllers.SalesController.GetYearlyProfit (AuthNet) in 75.1805ms
2025-07-19 18:48:40.542 +05:30 [INF] Executed endpoint 'AuthNet.Controllers.SalesController.GetYearlyProfit (AuthNet)'
2025-07-19 18:48:40.543 +05:30 [INF] Request finished HTTP/2 GET https://localhost:7165/api/Sales/YearlyProfit - 200 null application/json; charset=utf-8 123.4396ms
2025-07-19 18:49:00.163 +05:30 [INF] Request starting HTTP/2 GET https://localhost:7165/api/Sales/HalfYearlyProfit?year=2025 - null null
2025-07-19 18:49:00.164 +05:30 [WRN] Error unprotecting the session cookie.
System.Security.Cryptography.CryptographicException: The payload was invalid. For more information go to https://aka.ms/aspnet/dataprotectionwarning
   at Microsoft.AspNetCore.DataProtection.Cng.CbcAuthenticatedEncryptor.DecryptImpl(Byte* pbCiphertext, UInt32 cbCiphertext, Byte* pbAdditionalAuthenticatedData, UInt32 cbAdditionalAuthenticatedData)
   at Microsoft.AspNetCore.DataProtection.Cng.Internal.CngAuthenticatedEncryptorBase.Decrypt(ArraySegment`1 ciphertext, ArraySegment`1 additionalAuthenticatedData)
   at Microsoft.AspNetCore.DataProtection.KeyManagement.KeyRingBasedDataProtector.UnprotectCore(Byte[] protectedData, Boolean allowOperationsOnRevokedKeys, UnprotectStatus& status)
   at Microsoft.AspNetCore.DataProtection.KeyManagement.KeyRingBasedDataProtector.Unprotect(Byte[] protectedData)
   at Microsoft.AspNetCore.Session.CookieProtection.Unprotect(IDataProtector protector, String protectedText, ILogger logger)
2025-07-19 18:49:00.165 +05:30 [INF] Executing endpoint 'AuthNet.Controllers.SalesController.GetHalfYearlyProfit (AuthNet)'
2025-07-19 18:49:00.165 +05:30 [INF] Route matched with {action = "GetHalfYearlyProfit", controller = "Sales"}. Executing controller action with signature System.Threading.Tasks.Task`1[Microsoft.AspNetCore.Mvc.IActionResult] GetHalfYearlyProfit(System.Nullable`1[System.Int32]) on controller AuthNet.Controllers.SalesController (AuthNet).
2025-07-19 18:49:00.261 +05:30 [INF] Executed DbCommand (92ms) [Parameters=[@__year_0='?' (DbType = Int32)], CommandType='"Text"', CommandTimeout='30']
SELECT [s].[Id], [s].[ProductId], [s].[ProductName], [s].[Quantity], [s].[SaleId], [s].[TotalPrice], [s].[UnitPrice], [s0].[Id], [s0].[AfterTaxAmount], [s0].[CreatedAt], [s0].[DiscountedAmount], [s0].[InvoiceDate], [s0].[InvoiceNo], [s0].[PrincipalAmount], [s0].[Template], [s0].[TotalAmount]
FROM [SaleItems] AS [s]
INNER JOIN [Sales] AS [s0] ON [s].[SaleId] = [s0].[Id]
WHERE DATEPART(year, [s0].[InvoiceDate]) = @__year_0
2025-07-19 18:49:00.271 +05:30 [INF] Executed DbCommand (8ms) [Parameters=[@__productIds_0='?' (Size = 4000)], CommandType='"Text"', CommandTimeout='30']
SELECT [p].[ProductId], [p].[CategoryId], [p].[CostPrice], [p].[Description], [p].[Name], [p].[ProductCode], [p].[ProductKey], [p].[SellPrice], [p].[SupplierId]
FROM [Products] AS [p]
WHERE [p].[ProductId] IN (
    SELECT [p0].[value]
    FROM OPENJSON(@__productIds_0) WITH ([value] int '$') AS [p0]
)
2025-07-19 18:49:00.272 +05:30 [INF] Executing OkObjectResult, writing value of type 'System.Collections.Generic.List`1[[AuthNet.Models.DTO.HalfYearlyProfitDto, AuthNet, Version=1.0.0.0, Culture=neutral, PublicKeyToken=null]]'.
2025-07-19 18:49:00.272 +05:30 [INF] Executed action AuthNet.Controllers.SalesController.GetHalfYearlyProfit (AuthNet) in 106.388ms
2025-07-19 18:49:00.272 +05:30 [INF] Executed endpoint 'AuthNet.Controllers.SalesController.GetHalfYearlyProfit (AuthNet)'
2025-07-19 18:49:00.272 +05:30 [INF] Request finished HTTP/2 GET https://localhost:7165/api/Sales/HalfYearlyProfit?year=2025 - 200 null application/json; charset=utf-8 109.0858ms
2025-07-19 18:53:17.128 +05:30 [INF] Request starting HTTP/2 GET https://localhost:7165/api/Sales/DailyProfit - null null
2025-07-19 18:53:17.130 +05:30 [WRN] Error unprotecting the session cookie.
System.Security.Cryptography.CryptographicException: The payload was invalid. For more information go to https://aka.ms/aspnet/dataprotectionwarning
   at Microsoft.AspNetCore.DataProtection.Cng.CbcAuthenticatedEncryptor.DecryptImpl(Byte* pbCiphertext, UInt32 cbCiphertext, Byte* pbAdditionalAuthenticatedData, UInt32 cbAdditionalAuthenticatedData)
   at Microsoft.AspNetCore.DataProtection.Cng.Internal.CngAuthenticatedEncryptorBase.Decrypt(ArraySegment`1 ciphertext, ArraySegment`1 additionalAuthenticatedData)
   at Microsoft.AspNetCore.DataProtection.KeyManagement.KeyRingBasedDataProtector.UnprotectCore(Byte[] protectedData, Boolean allowOperationsOnRevokedKeys, UnprotectStatus& status)
   at Microsoft.AspNetCore.DataProtection.KeyManagement.KeyRingBasedDataProtector.Unprotect(Byte[] protectedData)
   at Microsoft.AspNetCore.Session.CookieProtection.Unprotect(IDataProtector protector, String protectedText, ILogger logger)
2025-07-19 18:53:17.131 +05:30 [INF] Executing endpoint 'AuthNet.Controllers.SalesController.GetDailyProfit (AuthNet)'
2025-07-19 18:53:17.132 +05:30 [INF] Route matched with {action = "GetDailyProfit", controller = "Sales"}. Executing controller action with signature System.Threading.Tasks.Task`1[Microsoft.AspNetCore.Mvc.IActionResult] GetDailyProfit() on controller AuthNet.Controllers.SalesController (AuthNet).
2025-07-19 18:53:17.172 +05:30 [INF] Executed DbCommand (36ms) [Parameters=[@__date_Date_0='?' (DbType = DateTime2)], CommandType='"Text"', CommandTimeout='30']
SELECT [s].[Id], [s].[ProductId], [s].[ProductName], [s].[Quantity], [s].[SaleId], [s].[TotalPrice], [s].[UnitPrice], [s0].[Id], [s0].[AfterTaxAmount], [s0].[CreatedAt], [s0].[DiscountedAmount], [s0].[InvoiceDate], [s0].[InvoiceNo], [s0].[PrincipalAmount], [s0].[Template], [s0].[TotalAmount]
FROM [SaleItems] AS [s]
INNER JOIN [Sales] AS [s0] ON [s].[SaleId] = [s0].[Id]
WHERE CONVERT(date, [s0].[InvoiceDate]) = @__date_Date_0
2025-07-19 18:53:17.192 +05:30 [INF] Executed DbCommand (18ms) [Parameters=[@__productIds_0='?' (Size = 4000)], CommandType='"Text"', CommandTimeout='30']
SELECT [p].[ProductId], [p].[CategoryId], [p].[CostPrice], [p].[Description], [p].[Name], [p].[ProductCode], [p].[ProductKey], [p].[SellPrice], [p].[SupplierId]
FROM [Products] AS [p]
WHERE [p].[ProductId] IN (
    SELECT [p0].[value]
    FROM OPENJSON(@__productIds_0) WITH ([value] int '$') AS [p0]
)
2025-07-19 18:53:17.193 +05:30 [INF] Executing OkObjectResult, writing value of type 'AuthNet.Models.DTO.DailyProfitDto'.
2025-07-19 18:53:17.194 +05:30 [INF] Executed action AuthNet.Controllers.SalesController.GetDailyProfit (AuthNet) in 62.0197ms
2025-07-19 18:53:17.194 +05:30 [INF] Executed endpoint 'AuthNet.Controllers.SalesController.GetDailyProfit (AuthNet)'
2025-07-19 18:53:17.194 +05:30 [INF] Request finished HTTP/2 GET https://localhost:7165/api/Sales/DailyProfit - 200 null application/json; charset=utf-8 71.8673ms
2025-07-19 19:03:21.189 +05:30 [INF] User profile is available. Using 'C:\Users\Admin\AppData\Local\ASP.NET\DataProtection-Keys' as key repository and Windows DPAPI to encrypt keys at rest.
2025-07-19 19:03:22.035 +05:30 [INF] Now listening on: https://localhost:7165
2025-07-19 19:03:22.036 +05:30 [INF] Now listening on: http://localhost:5008
2025-07-19 19:03:24.034 +05:30 [INF] Application started. Press Ctrl+C to shut down.
2025-07-19 19:03:24.035 +05:30 [INF] Hosting environment: Development
2025-07-19 19:03:24.035 +05:30 [INF] Content root path: C:\Users\Admin\AuthNet\AuthNet
2025-07-19 19:03:24.655 +05:30 [INF] Request starting HTTP/2 GET https://localhost:7165/swagger/index.html - null null
2025-07-19 19:03:25.980 +05:30 [INF] Request finished HTTP/2 GET https://localhost:7165/swagger/index.html - 200 null text/html;charset=utf-8 1342.127ms
2025-07-19 19:03:26.061 +05:30 [INF] Request starting HTTP/2 GET https://localhost:7165/_framework/aspnetcore-browser-refresh.js - null null
2025-07-19 19:03:26.083 +05:30 [INF] Request starting HTTP/2 GET https://localhost:7165/_vs/browserLink - null null
2025-07-19 19:03:26.092 +05:30 [INF] Request finished HTTP/2 GET https://localhost:7165/_framework/aspnetcore-browser-refresh.js - 200 16499 application/javascript; charset=utf-8 31.1329ms
2025-07-19 19:03:26.122 +05:30 [INF] Request starting HTTP/1.1 GET https://localhost:7165/api/Sales/DailyProfit - null null
2025-07-19 19:03:26.329 +05:30 [INF] Request finished HTTP/2 GET https://localhost:7165/_vs/browserLink - 200 null text/javascript; charset=UTF-8 245.7237ms
2025-07-19 19:03:26.381 +05:30 [INF] Executing endpoint 'AuthNet.Controllers.SalesController.GetDailyProfit (AuthNet)'
2025-07-19 19:03:26.412 +05:30 [INF] Request starting HTTP/2 GET https://localhost:7165/swagger/v1/swagger.json - null null
2025-07-19 19:03:26.443 +05:30 [INF] Route matched with {action = "GetDailyProfit", controller = "Sales"}. Executing controller action with signature System.Threading.Tasks.Task`1[Microsoft.AspNetCore.Mvc.IActionResult] GetDailyProfit() on controller AuthNet.Controllers.SalesController (AuthNet).
2025-07-19 19:03:26.601 +05:30 [INF] Request finished HTTP/2 GET https://localhost:7165/swagger/v1/swagger.json - 200 null application/json;charset=utf-8 189.0265ms
2025-07-19 19:03:28.547 +05:30 [WRN] No store type was specified for the decimal property 'TotalAmount' on entity type 'Order'. This will cause values to be silently truncated if they do not fit in the default precision and scale. Explicitly specify the SQL server column type that can accommodate all the values in 'OnModelCreating' using 'HasColumnType', specify precision and scale using 'HasPrecision', or configure a value converter using 'HasConversion'.
2025-07-19 19:03:28.547 +05:30 [WRN] No store type was specified for the decimal property 'UnitPrice' on entity type 'OrderItem'. This will cause values to be silently truncated if they do not fit in the default precision and scale. Explicitly specify the SQL server column type that can accommodate all the values in 'OnModelCreating' using 'HasColumnType', specify precision and scale using 'HasPrecision', or configure a value converter using 'HasConversion'.
2025-07-19 19:03:28.547 +05:30 [WRN] No store type was specified for the decimal property 'CostPrice' on entity type 'Product'. This will cause values to be silently truncated if they do not fit in the default precision and scale. Explicitly specify the SQL server column type that can accommodate all the values in 'OnModelCreating' using 'HasColumnType', specify precision and scale using 'HasPrecision', or configure a value converter using 'HasConversion'.
2025-07-19 19:03:28.547 +05:30 [WRN] No store type was specified for the decimal property 'SellPrice' on entity type 'Product'. This will cause values to be silently truncated if they do not fit in the default precision and scale. Explicitly specify the SQL server column type that can accommodate all the values in 'OnModelCreating' using 'HasColumnType', specify precision and scale using 'HasPrecision', or configure a value converter using 'HasConversion'.
2025-07-19 19:03:28.548 +05:30 [WRN] No store type was specified for the decimal property 'TotalAmount' on entity type 'PurchaseOrder'. This will cause values to be silently truncated if they do not fit in the default precision and scale. Explicitly specify the SQL server column type that can accommodate all the values in 'OnModelCreating' using 'HasColumnType', specify precision and scale using 'HasPrecision', or configure a value converter using 'HasConversion'.
2025-07-19 19:03:28.548 +05:30 [WRN] No store type was specified for the decimal property 'UnitPrice' on entity type 'PurchaseOrderItems'. This will cause values to be silently truncated if they do not fit in the default precision and scale. Explicitly specify the SQL server column type that can accommodate all the values in 'OnModelCreating' using 'HasColumnType', specify precision and scale using 'HasPrecision', or configure a value converter using 'HasConversion'.
2025-07-19 19:03:28.548 +05:30 [WRN] No store type was specified for the decimal property 'AfterTaxAmount' on entity type 'Sale'. This will cause values to be silently truncated if they do not fit in the default precision and scale. Explicitly specify the SQL server column type that can accommodate all the values in 'OnModelCreating' using 'HasColumnType', specify precision and scale using 'HasPrecision', or configure a value converter using 'HasConversion'.
2025-07-19 19:03:28.548 +05:30 [WRN] No store type was specified for the decimal property 'DiscountedAmount' on entity type 'Sale'. This will cause values to be silently truncated if they do not fit in the default precision and scale. Explicitly specify the SQL server column type that can accommodate all the values in 'OnModelCreating' using 'HasColumnType', specify precision and scale using 'HasPrecision', or configure a value converter using 'HasConversion'.
2025-07-19 19:03:28.548 +05:30 [WRN] No store type was specified for the decimal property 'PrincipalAmount' on entity type 'Sale'. This will cause values to be silently truncated if they do not fit in the default precision and scale. Explicitly specify the SQL server column type that can accommodate all the values in 'OnModelCreating' using 'HasColumnType', specify precision and scale using 'HasPrecision', or configure a value converter using 'HasConversion'.
2025-07-19 19:03:28.548 +05:30 [WRN] No store type was specified for the decimal property 'TotalAmount' on entity type 'Sale'. This will cause values to be silently truncated if they do not fit in the default precision and scale. Explicitly specify the SQL server column type that can accommodate all the values in 'OnModelCreating' using 'HasColumnType', specify precision and scale using 'HasPrecision', or configure a value converter using 'HasConversion'.
2025-07-19 19:03:28.548 +05:30 [WRN] No store type was specified for the decimal property 'TotalPrice' on entity type 'SaleItem'. This will cause values to be silently truncated if they do not fit in the default precision and scale. Explicitly specify the SQL server column type that can accommodate all the values in 'OnModelCreating' using 'HasColumnType', specify precision and scale using 'HasPrecision', or configure a value converter using 'HasConversion'.
2025-07-19 19:03:28.548 +05:30 [WRN] No store type was specified for the decimal property 'UnitPrice' on entity type 'SaleItem'. This will cause values to be silently truncated if they do not fit in the default precision and scale. Explicitly specify the SQL server column type that can accommodate all the values in 'OnModelCreating' using 'HasColumnType', specify precision and scale using 'HasPrecision', or configure a value converter using 'HasConversion'.
2025-07-19 19:03:28.548 +05:30 [WRN] No store type was specified for the decimal property 'CGST' on entity type 'TaxSetting'. This will cause values to be silently truncated if they do not fit in the default precision and scale. Explicitly specify the SQL server column type that can accommodate all the values in 'OnModelCreating' using 'HasColumnType', specify precision and scale using 'HasPrecision', or configure a value converter using 'HasConversion'.
2025-07-19 19:03:28.548 +05:30 [WRN] No store type was specified for the decimal property 'IGST' on entity type 'TaxSetting'. This will cause values to be silently truncated if they do not fit in the default precision and scale. Explicitly specify the SQL server column type that can accommodate all the values in 'OnModelCreating' using 'HasColumnType', specify precision and scale using 'HasPrecision', or configure a value converter using 'HasConversion'.
2025-07-19 19:03:28.548 +05:30 [WRN] No store type was specified for the decimal property 'SGST' on entity type 'TaxSetting'. This will cause values to be silently truncated if they do not fit in the default precision and scale. Explicitly specify the SQL server column type that can accommodate all the values in 'OnModelCreating' using 'HasColumnType', specify precision and scale using 'HasPrecision', or configure a value converter using 'HasConversion'.
2025-07-19 19:03:31.896 +05:30 [INF] Executed DbCommand (190ms) [Parameters=[@__date_Date_0='?' (DbType = DateTime2)], CommandType='"Text"', CommandTimeout='30']
SELECT [s].[Id], [s].[ProductId], [s].[ProductName], [s].[Quantity], [s].[SaleId], [s].[TotalPrice], [s].[UnitPrice], [s0].[Id], [s0].[AfterTaxAmount], [s0].[CreatedAt], [s0].[DiscountedAmount], [s0].[InvoiceDate], [s0].[InvoiceNo], [s0].[PrincipalAmount], [s0].[Template], [s0].[TotalAmount]
FROM [SaleItems] AS [s]
INNER JOIN [Sales] AS [s0] ON [s].[SaleId] = [s0].[Id]
WHERE CONVERT(date, [s0].[InvoiceDate]) = @__date_Date_0
2025-07-19 19:03:32.398 +05:30 [INF] Executed DbCommand (26ms) [Parameters=[@__productIds_0='?' (Size = 4000)], CommandType='"Text"', CommandTimeout='30']
SELECT [p].[ProductId], [p].[CategoryId], [p].[CostPrice], [p].[Description], [p].[Name], [p].[ProductCode], [p].[ProductKey], [p].[SellPrice], [p].[SupplierId]
FROM [Products] AS [p]
WHERE [p].[ProductId] IN (
    SELECT [p0].[value]
    FROM OPENJSON(@__productIds_0) WITH ([value] int '$') AS [p0]
)
2025-07-19 19:03:32.507 +05:30 [INF] Executing OkObjectResult, writing value of type 'AuthNet.Models.DTO.DailyProfitDto'.
2025-07-19 19:03:32.585 +05:30 [INF] Executed action AuthNet.Controllers.SalesController.GetDailyProfit (AuthNet) in 6134.9284ms
2025-07-19 19:03:32.586 +05:30 [INF] Executed endpoint 'AuthNet.Controllers.SalesController.GetDailyProfit (AuthNet)'
2025-07-19 19:03:32.608 +05:30 [INF] Request finished HTTP/1.1 GET https://localhost:7165/api/Sales/DailyProfit - 200 null application/json; charset=utf-8 6490.2991ms
2025-07-19 19:03:32.661 +05:30 [INF] Request starting HTTP/1.1 GET https://localhost:7165/api/Sales/MonthlyProfit - null null
2025-07-19 19:03:32.675 +05:30 [INF] Executing endpoint 'AuthNet.Controllers.SalesController.GetMonthlyProfit (AuthNet)'
2025-07-19 19:03:32.709 +05:30 [INF] Route matched with {action = "GetMonthlyProfit", controller = "Sales"}. Executing controller action with signature System.Threading.Tasks.Task`1[Microsoft.AspNetCore.Mvc.IActionResult] GetMonthlyProfit(System.Nullable`1[System.Int32]) on controller AuthNet.Controllers.SalesController (AuthNet).
2025-07-19 19:03:32.826 +05:30 [INF] Executed DbCommand (14ms) [Parameters=[@__year_0='?' (DbType = Int32)], CommandType='"Text"', CommandTimeout='30']
SELECT [s].[Id], [s].[ProductId], [s].[ProductName], [s].[Quantity], [s].[SaleId], [s].[TotalPrice], [s].[UnitPrice], [s0].[Id], [s0].[AfterTaxAmount], [s0].[CreatedAt], [s0].[DiscountedAmount], [s0].[InvoiceDate], [s0].[InvoiceNo], [s0].[PrincipalAmount], [s0].[Template], [s0].[TotalAmount]
FROM [SaleItems] AS [s]
INNER JOIN [Sales] AS [s0] ON [s].[SaleId] = [s0].[Id]
WHERE DATEPART(year, [s0].[InvoiceDate]) = @__year_0
2025-07-19 19:03:32.849 +05:30 [INF] Executed DbCommand (12ms) [Parameters=[@__productIds_0='?' (Size = 4000)], CommandType='"Text"', CommandTimeout='30']
SELECT [p].[ProductId], [p].[CategoryId], [p].[CostPrice], [p].[Description], [p].[Name], [p].[ProductCode], [p].[ProductKey], [p].[SellPrice], [p].[SupplierId]
FROM [Products] AS [p]
WHERE [p].[ProductId] IN (
    SELECT [p0].[value]
    FROM OPENJSON(@__productIds_0) WITH ([value] int '$') AS [p0]
)
2025-07-19 19:03:32.863 +05:30 [INF] Executing OkObjectResult, writing value of type 'System.Collections.Generic.List`1[[AuthNet.Models.DTO.MonthlyProfitDto, AuthNet, Version=1.0.0.0, Culture=neutral, PublicKeyToken=null]]'.
2025-07-19 19:03:32.871 +05:30 [INF] Executed action AuthNet.Controllers.SalesController.GetMonthlyProfit (AuthNet) in 162.1242ms
2025-07-19 19:03:32.871 +05:30 [INF] Executed endpoint 'AuthNet.Controllers.SalesController.GetMonthlyProfit (AuthNet)'
2025-07-19 19:03:32.872 +05:30 [INF] Request finished HTTP/1.1 GET https://localhost:7165/api/Sales/MonthlyProfit - 200 null application/json; charset=utf-8 211.3877ms
2025-07-19 19:05:40.555 +05:30 [INF] Request starting HTTP/2 GET https://localhost:7165/swagger/index.html - null null
2025-07-19 19:05:41.075 +05:30 [INF] Request finished HTTP/2 GET https://localhost:7165/swagger/index.html - 200 null text/html;charset=utf-8 520.0048ms
2025-07-19 19:05:41.160 +05:30 [INF] Request starting HTTP/2 GET https://localhost:7165/_framework/aspnetcore-browser-refresh.js - null null
2025-07-19 19:05:41.190 +05:30 [INF] Request starting HTTP/2 GET https://localhost:7165/_vs/browserLink - null null
2025-07-19 19:05:41.196 +05:30 [INF] Request finished HTTP/2 GET https://localhost:7165/_framework/aspnetcore-browser-refresh.js - 200 16499 application/javascript; charset=utf-8 35.427ms
2025-07-19 19:05:41.422 +05:30 [INF] Request finished HTTP/2 GET https://localhost:7165/_vs/browserLink - 200 null text/javascript; charset=UTF-8 232.8128ms
2025-07-19 19:05:41.964 +05:30 [INF] Request starting HTTP/2 GET https://localhost:7165/swagger/v1/swagger.json - null null
2025-07-19 19:05:42.059 +05:30 [INF] Request finished HTTP/2 GET https://localhost:7165/swagger/v1/swagger.json - 200 null application/json;charset=utf-8 94.9104ms
2025-07-19 19:05:43.315 +05:30 [INF] Request starting HTTP/1.1 GET https://localhost:7165/api/Sales/DailyProfit - null null
2025-07-19 19:05:43.325 +05:30 [INF] Executing endpoint 'AuthNet.Controllers.SalesController.GetDailyProfit (AuthNet)'
2025-07-19 19:05:43.338 +05:30 [INF] Route matched with {action = "GetDailyProfit", controller = "Sales"}. Executing controller action with signature System.Threading.Tasks.Task`1[Microsoft.AspNetCore.Mvc.IActionResult] GetDailyProfit() on controller AuthNet.Controllers.SalesController (AuthNet).
2025-07-19 19:05:43.582 +05:30 [INF] Executed DbCommand (26ms) [Parameters=[@__date_Date_0='?' (DbType = DateTime2)], CommandType='"Text"', CommandTimeout='30']
SELECT [s].[Id], [s].[ProductId], [s].[ProductName], [s].[Quantity], [s].[SaleId], [s].[TotalPrice], [s].[UnitPrice], [s0].[Id], [s0].[AfterTaxAmount], [s0].[CreatedAt], [s0].[DiscountedAmount], [s0].[InvoiceDate], [s0].[InvoiceNo], [s0].[PrincipalAmount], [s0].[Template], [s0].[TotalAmount]
FROM [SaleItems] AS [s]
INNER JOIN [Sales] AS [s0] ON [s].[SaleId] = [s0].[Id]
WHERE CONVERT(date, [s0].[InvoiceDate]) = @__date_Date_0
2025-07-19 19:05:43.599 +05:30 [INF] Executed DbCommand (14ms) [Parameters=[@__productIds_0='?' (Size = 4000)], CommandType='"Text"', CommandTimeout='30']
SELECT [p].[ProductId], [p].[CategoryId], [p].[CostPrice], [p].[Description], [p].[Name], [p].[ProductCode], [p].[ProductKey], [p].[SellPrice], [p].[SupplierId]
FROM [Products] AS [p]
WHERE [p].[ProductId] IN (
    SELECT [p0].[value]
    FROM OPENJSON(@__productIds_0) WITH ([value] int '$') AS [p0]
)
2025-07-19 19:05:43.600 +05:30 [INF] Executing OkObjectResult, writing value of type 'AuthNet.Models.DTO.DailyProfitDto'.
2025-07-19 19:05:43.601 +05:30 [INF] Executed action AuthNet.Controllers.SalesController.GetDailyProfit (AuthNet) in 263.6078ms
2025-07-19 19:05:43.602 +05:30 [INF] Executed endpoint 'AuthNet.Controllers.SalesController.GetDailyProfit (AuthNet)'
2025-07-19 19:05:43.602 +05:30 [INF] Request finished HTTP/1.1 GET https://localhost:7165/api/Sales/DailyProfit - 200 null application/json; charset=utf-8 287.7812ms
2025-07-19 19:05:43.629 +05:30 [INF] Request starting HTTP/1.1 GET https://localhost:7165/api/Sales/MonthlyProfit - null null
2025-07-19 19:05:43.638 +05:30 [INF] Executing endpoint 'AuthNet.Controllers.SalesController.GetMonthlyProfit (AuthNet)'
2025-07-19 19:05:43.651 +05:30 [INF] Route matched with {action = "GetMonthlyProfit", controller = "Sales"}. Executing controller action with signature System.Threading.Tasks.Task`1[Microsoft.AspNetCore.Mvc.IActionResult] GetMonthlyProfit(System.Nullable`1[System.Int32]) on controller AuthNet.Controllers.SalesController (AuthNet).
2025-07-19 19:05:43.687 +05:30 [INF] Executed DbCommand (31ms) [Parameters=[@__year_0='?' (DbType = Int32)], CommandType='"Text"', CommandTimeout='30']
SELECT [s].[Id], [s].[ProductId], [s].[ProductName], [s].[Quantity], [s].[SaleId], [s].[TotalPrice], [s].[UnitPrice], [s0].[Id], [s0].[AfterTaxAmount], [s0].[CreatedAt], [s0].[DiscountedAmount], [s0].[InvoiceDate], [s0].[InvoiceNo], [s0].[PrincipalAmount], [s0].[Template], [s0].[TotalAmount]
FROM [SaleItems] AS [s]
INNER JOIN [Sales] AS [s0] ON [s].[SaleId] = [s0].[Id]
WHERE DATEPART(year, [s0].[InvoiceDate]) = @__year_0
2025-07-19 19:05:43.717 +05:30 [INF] Executed DbCommand (26ms) [Parameters=[@__productIds_0='?' (Size = 4000)], CommandType='"Text"', CommandTimeout='30']
SELECT [p].[ProductId], [p].[CategoryId], [p].[CostPrice], [p].[Description], [p].[Name], [p].[ProductCode], [p].[ProductKey], [p].[SellPrice], [p].[SupplierId]
FROM [Products] AS [p]
WHERE [p].[ProductId] IN (
    SELECT [p0].[value]
    FROM OPENJSON(@__productIds_0) WITH ([value] int '$') AS [p0]
)
2025-07-19 19:05:43.719 +05:30 [INF] Executing OkObjectResult, writing value of type 'System.Collections.Generic.List`1[[AuthNet.Models.DTO.MonthlyProfitDto, AuthNet, Version=1.0.0.0, Culture=neutral, PublicKeyToken=null]]'.
2025-07-19 19:05:43.722 +05:30 [INF] Executed action AuthNet.Controllers.SalesController.GetMonthlyProfit (AuthNet) in 70.9069ms
2025-07-19 19:05:43.723 +05:30 [INF] Executed endpoint 'AuthNet.Controllers.SalesController.GetMonthlyProfit (AuthNet)'
2025-07-19 19:05:43.724 +05:30 [INF] Request finished HTTP/1.1 GET https://localhost:7165/api/Sales/MonthlyProfit - 200 null application/json; charset=utf-8 95.1925ms
2025-07-19 19:05:48.370 +05:30 [INF] Request starting HTTP/1.1 POST https://localhost:7165/api/Auth/login - application/json; charset=utf-8 null
2025-07-19 19:05:48.399 +05:30 [INF] Executing endpoint 'AuthNet.Controllers.AuthController.Login (AuthNet)'
2025-07-19 19:05:48.418 +05:30 [INF] Route matched with {action = "Login", controller = "Auth"}. Executing controller action with signature System.Threading.Tasks.Task`1[Microsoft.AspNetCore.Mvc.IActionResult] Login(AuthNet.Models.DTO.LoginDto) on controller AuthNet.Controllers.AuthController (AuthNet).
2025-07-19 19:05:48.684 +05:30 [INF] Executed DbCommand (90ms) [Parameters=[@__username_0='?' (Size = 100)], CommandType='"Text"', CommandTimeout='30']
SELECT TOP(1) [u].[UserId], [u].[CreatedAt], [u].[Email], [u].[Firstname], [u].[Lastname], [u].[PasswordHash], [u].[Role], [u].[Username]
FROM [Users] AS [u]
WHERE [u].[Username] = @__username_0
2025-07-19 19:05:50.345 +05:30 [INF] Executing OkObjectResult, writing value of type 'AuthNet.Models.DTO.ServiceResponse`1[[AuthNet.Models.DTO.LoginResponseDto, AuthNet, Version=1.0.0.0, Culture=neutral, PublicKeyToken=null]]'.
2025-07-19 19:05:50.354 +05:30 [INF] Executed action AuthNet.Controllers.AuthController.Login (AuthNet) in 1935.1697ms
2025-07-19 19:05:50.354 +05:30 [INF] Executed endpoint 'AuthNet.Controllers.AuthController.Login (AuthNet)'
2025-07-19 19:05:50.354 +05:30 [INF] Request finished HTTP/1.1 POST https://localhost:7165/api/Auth/login - 200 null application/json; charset=utf-8 1984.3756ms
2025-07-19 19:05:50.440 +05:30 [INF] Request starting HTTP/1.1 GET https://localhost:7165/api/Sales/DailyProfit - null null
2025-07-19 19:05:50.441 +05:30 [INF] Executing endpoint 'AuthNet.Controllers.SalesController.GetDailyProfit (AuthNet)'
2025-07-19 19:05:50.442 +05:30 [INF] Route matched with {action = "GetDailyProfit", controller = "Sales"}. Executing controller action with signature System.Threading.Tasks.Task`1[Microsoft.AspNetCore.Mvc.IActionResult] GetDailyProfit() on controller AuthNet.Controllers.SalesController (AuthNet).
2025-07-19 19:05:50.487 +05:30 [INF] Executed DbCommand (41ms) [Parameters=[@__date_Date_0='?' (DbType = DateTime2)], CommandType='"Text"', CommandTimeout='30']
SELECT [s].[Id], [s].[ProductId], [s].[ProductName], [s].[Quantity], [s].[SaleId], [s].[TotalPrice], [s].[UnitPrice], [s0].[Id], [s0].[AfterTaxAmount], [s0].[CreatedAt], [s0].[DiscountedAmount], [s0].[InvoiceDate], [s0].[InvoiceNo], [s0].[PrincipalAmount], [s0].[Template], [s0].[TotalAmount]
FROM [SaleItems] AS [s]
INNER JOIN [Sales] AS [s0] ON [s].[SaleId] = [s0].[Id]
WHERE CONVERT(date, [s0].[InvoiceDate]) = @__date_Date_0
2025-07-19 19:05:50.511 +05:30 [INF] Executed DbCommand (22ms) [Parameters=[@__productIds_0='?' (Size = 4000)], CommandType='"Text"', CommandTimeout='30']
SELECT [p].[ProductId], [p].[CategoryId], [p].[CostPrice], [p].[Description], [p].[Name], [p].[ProductCode], [p].[ProductKey], [p].[SellPrice], [p].[SupplierId]
FROM [Products] AS [p]
WHERE [p].[ProductId] IN (
    SELECT [p0].[value]
    FROM OPENJSON(@__productIds_0) WITH ([value] int '$') AS [p0]
)
2025-07-19 19:05:50.512 +05:30 [INF] Executing OkObjectResult, writing value of type 'AuthNet.Models.DTO.DailyProfitDto'.
2025-07-19 19:05:50.513 +05:30 [INF] Executed action AuthNet.Controllers.SalesController.GetDailyProfit (AuthNet) in 70.8819ms
2025-07-19 19:05:50.513 +05:30 [INF] Executed endpoint 'AuthNet.Controllers.SalesController.GetDailyProfit (AuthNet)'
2025-07-19 19:05:50.513 +05:30 [INF] Request finished HTTP/1.1 GET https://localhost:7165/api/Sales/DailyProfit - 200 null application/json; charset=utf-8 73.5385ms
2025-07-19 19:05:50.541 +05:30 [INF] Request starting HTTP/1.1 GET https://localhost:7165/api/Sales/MonthlyProfit - null null
2025-07-19 19:05:50.542 +05:30 [INF] Executing endpoint 'AuthNet.Controllers.SalesController.GetMonthlyProfit (AuthNet)'
2025-07-19 19:05:50.542 +05:30 [INF] Route matched with {action = "GetMonthlyProfit", controller = "Sales"}. Executing controller action with signature System.Threading.Tasks.Task`1[Microsoft.AspNetCore.Mvc.IActionResult] GetMonthlyProfit(System.Nullable`1[System.Int32]) on controller AuthNet.Controllers.SalesController (AuthNet).
2025-07-19 19:05:50.564 +05:30 [INF] Executed DbCommand (19ms) [Parameters=[@__year_0='?' (DbType = Int32)], CommandType='"Text"', CommandTimeout='30']
SELECT [s].[Id], [s].[ProductId], [s].[ProductName], [s].[Quantity], [s].[SaleId], [s].[TotalPrice], [s].[UnitPrice], [s0].[Id], [s0].[AfterTaxAmount], [s0].[CreatedAt], [s0].[DiscountedAmount], [s0].[InvoiceDate], [s0].[InvoiceNo], [s0].[PrincipalAmount], [s0].[Template], [s0].[TotalAmount]
FROM [SaleItems] AS [s]
INNER JOIN [Sales] AS [s0] ON [s].[SaleId] = [s0].[Id]
WHERE DATEPART(year, [s0].[InvoiceDate]) = @__year_0
2025-07-19 19:05:50.569 +05:30 [INF] Executed DbCommand (4ms) [Parameters=[@__productIds_0='?' (Size = 4000)], CommandType='"Text"', CommandTimeout='30']
SELECT [p].[ProductId], [p].[CategoryId], [p].[CostPrice], [p].[Description], [p].[Name], [p].[ProductCode], [p].[ProductKey], [p].[SellPrice], [p].[SupplierId]
FROM [Products] AS [p]
WHERE [p].[ProductId] IN (
    SELECT [p0].[value]
    FROM OPENJSON(@__productIds_0) WITH ([value] int '$') AS [p0]
)
2025-07-19 19:05:50.570 +05:30 [INF] Executing OkObjectResult, writing value of type 'System.Collections.Generic.List`1[[AuthNet.Models.DTO.MonthlyProfitDto, AuthNet, Version=1.0.0.0, Culture=neutral, PublicKeyToken=null]]'.
2025-07-19 19:05:50.571 +05:30 [INF] Executed action AuthNet.Controllers.SalesController.GetMonthlyProfit (AuthNet) in 28.5996ms
2025-07-19 19:05:50.571 +05:30 [INF] Executed endpoint 'AuthNet.Controllers.SalesController.GetMonthlyProfit (AuthNet)'
2025-07-19 19:05:50.572 +05:30 [INF] Request finished HTTP/1.1 GET https://localhost:7165/api/Sales/MonthlyProfit - 200 null application/json; charset=utf-8 30.3901ms
2025-07-19 19:06:10.634 +05:30 [INF] Request starting HTTP/2 GET https://localhost:7165/api/Sales/DailyProfit - null null
2025-07-19 19:06:10.648 +05:30 [WRN] Error unprotecting the session cookie.
System.Security.Cryptography.CryptographicException: The payload was invalid. For more information go to https://aka.ms/aspnet/dataprotectionwarning
   at Microsoft.AspNetCore.DataProtection.Cng.CbcAuthenticatedEncryptor.DecryptImpl(Byte* pbCiphertext, UInt32 cbCiphertext, Byte* pbAdditionalAuthenticatedData, UInt32 cbAdditionalAuthenticatedData)
   at Microsoft.AspNetCore.DataProtection.Cng.Internal.CngAuthenticatedEncryptorBase.Decrypt(ArraySegment`1 ciphertext, ArraySegment`1 additionalAuthenticatedData)
   at Microsoft.AspNetCore.DataProtection.KeyManagement.KeyRingBasedDataProtector.UnprotectCore(Byte[] protectedData, Boolean allowOperationsOnRevokedKeys, UnprotectStatus& status)
   at Microsoft.AspNetCore.DataProtection.KeyManagement.KeyRingBasedDataProtector.Unprotect(Byte[] protectedData)
   at Microsoft.AspNetCore.Session.CookieProtection.Unprotect(IDataProtector protector, String protectedText, ILogger logger)
2025-07-19 19:06:10.689 +05:30 [INF] Executing endpoint 'AuthNet.Controllers.SalesController.GetDailyProfit (AuthNet)'
2025-07-19 19:06:10.689 +05:30 [INF] Route matched with {action = "GetDailyProfit", controller = "Sales"}. Executing controller action with signature System.Threading.Tasks.Task`1[Microsoft.AspNetCore.Mvc.IActionResult] GetDailyProfit() on controller AuthNet.Controllers.SalesController (AuthNet).
2025-07-19 19:06:10.727 +05:30 [INF] Executed DbCommand (35ms) [Parameters=[@__date_Date_0='?' (DbType = DateTime2)], CommandType='"Text"', CommandTimeout='30']
SELECT [s].[Id], [s].[ProductId], [s].[ProductName], [s].[Quantity], [s].[SaleId], [s].[TotalPrice], [s].[UnitPrice], [s0].[Id], [s0].[AfterTaxAmount], [s0].[CreatedAt], [s0].[DiscountedAmount], [s0].[InvoiceDate], [s0].[InvoiceNo], [s0].[PrincipalAmount], [s0].[Template], [s0].[TotalAmount]
FROM [SaleItems] AS [s]
INNER JOIN [Sales] AS [s0] ON [s].[SaleId] = [s0].[Id]
WHERE CONVERT(date, [s0].[InvoiceDate]) = @__date_Date_0
2025-07-19 19:06:10.738 +05:30 [INF] Executed DbCommand (9ms) [Parameters=[@__productIds_0='?' (Size = 4000)], CommandType='"Text"', CommandTimeout='30']
SELECT [p].[ProductId], [p].[CategoryId], [p].[CostPrice], [p].[Description], [p].[Name], [p].[ProductCode], [p].[ProductKey], [p].[SellPrice], [p].[SupplierId]
FROM [Products] AS [p]
WHERE [p].[ProductId] IN (
    SELECT [p0].[value]
    FROM OPENJSON(@__productIds_0) WITH ([value] int '$') AS [p0]
)
2025-07-19 19:06:10.740 +05:30 [INF] Executing OkObjectResult, writing value of type 'AuthNet.Models.DTO.DailyProfitDto'.
2025-07-19 19:06:10.741 +05:30 [INF] Executed action AuthNet.Controllers.SalesController.GetDailyProfit (AuthNet) in 51.1395ms
2025-07-19 19:06:10.741 +05:30 [INF] Executed endpoint 'AuthNet.Controllers.SalesController.GetDailyProfit (AuthNet)'
2025-07-19 19:06:10.741 +05:30 [INF] Request finished HTTP/2 GET https://localhost:7165/api/Sales/DailyProfit - 200 null application/json; charset=utf-8 106.8824ms
2025-07-19 19:07:41.948 +05:30 [INF] Request starting HTTP/1.1 GET https://localhost:7165/api/Sales/DailyProfit - null null
2025-07-19 19:07:41.949 +05:30 [INF] Executing endpoint 'AuthNet.Controllers.SalesController.GetDailyProfit (AuthNet)'
2025-07-19 19:07:41.949 +05:30 [INF] Route matched with {action = "GetDailyProfit", controller = "Sales"}. Executing controller action with signature System.Threading.Tasks.Task`1[Microsoft.AspNetCore.Mvc.IActionResult] GetDailyProfit() on controller AuthNet.Controllers.SalesController (AuthNet).
2025-07-19 19:07:42.028 +05:30 [INF] Executed DbCommand (76ms) [Parameters=[@__date_Date_0='?' (DbType = DateTime2)], CommandType='"Text"', CommandTimeout='30']
SELECT [s].[Id], [s].[ProductId], [s].[ProductName], [s].[Quantity], [s].[SaleId], [s].[TotalPrice], [s].[UnitPrice], [s0].[Id], [s0].[AfterTaxAmount], [s0].[CreatedAt], [s0].[DiscountedAmount], [s0].[InvoiceDate], [s0].[InvoiceNo], [s0].[PrincipalAmount], [s0].[Template], [s0].[TotalAmount]
FROM [SaleItems] AS [s]
INNER JOIN [Sales] AS [s0] ON [s].[SaleId] = [s0].[Id]
WHERE CONVERT(date, [s0].[InvoiceDate]) = @__date_Date_0
2025-07-19 19:07:42.061 +05:30 [INF] Executed DbCommand (32ms) [Parameters=[@__productIds_0='?' (Size = 4000)], CommandType='"Text"', CommandTimeout='30']
SELECT [p].[ProductId], [p].[CategoryId], [p].[CostPrice], [p].[Description], [p].[Name], [p].[ProductCode], [p].[ProductKey], [p].[SellPrice], [p].[SupplierId]
FROM [Products] AS [p]
WHERE [p].[ProductId] IN (
    SELECT [p0].[value]
    FROM OPENJSON(@__productIds_0) WITH ([value] int '$') AS [p0]
)
2025-07-19 19:07:42.062 +05:30 [INF] Executing OkObjectResult, writing value of type 'AuthNet.Models.DTO.DailyProfitDto'.
2025-07-19 19:07:42.062 +05:30 [INF] Executed action AuthNet.Controllers.SalesController.GetDailyProfit (AuthNet) in 112.684ms
2025-07-19 19:07:42.062 +05:30 [INF] Executed endpoint 'AuthNet.Controllers.SalesController.GetDailyProfit (AuthNet)'
2025-07-19 19:07:42.063 +05:30 [INF] Request finished HTTP/1.1 GET https://localhost:7165/api/Sales/DailyProfit - 200 null application/json; charset=utf-8 114.3728ms
2025-07-19 19:07:52.458 +05:30 [INF] Request starting HTTP/1.1 GET https://localhost:7165/api/Sales/MonthlyProfit - null null
2025-07-19 19:07:52.459 +05:30 [INF] Executing endpoint 'AuthNet.Controllers.SalesController.GetMonthlyProfit (AuthNet)'
2025-07-19 19:07:52.459 +05:30 [INF] Route matched with {action = "GetMonthlyProfit", controller = "Sales"}. Executing controller action with signature System.Threading.Tasks.Task`1[Microsoft.AspNetCore.Mvc.IActionResult] GetMonthlyProfit(System.Nullable`1[System.Int32]) on controller AuthNet.Controllers.SalesController (AuthNet).
2025-07-19 19:07:52.481 +05:30 [INF] Executed DbCommand (20ms) [Parameters=[@__year_0='?' (DbType = Int32)], CommandType='"Text"', CommandTimeout='30']
SELECT [s].[Id], [s].[ProductId], [s].[ProductName], [s].[Quantity], [s].[SaleId], [s].[TotalPrice], [s].[UnitPrice], [s0].[Id], [s0].[AfterTaxAmount], [s0].[CreatedAt], [s0].[DiscountedAmount], [s0].[InvoiceDate], [s0].[InvoiceNo], [s0].[PrincipalAmount], [s0].[Template], [s0].[TotalAmount]
FROM [SaleItems] AS [s]
INNER JOIN [Sales] AS [s0] ON [s].[SaleId] = [s0].[Id]
WHERE DATEPART(year, [s0].[InvoiceDate]) = @__year_0
2025-07-19 19:07:52.489 +05:30 [INF] Executed DbCommand (7ms) [Parameters=[@__productIds_0='?' (Size = 4000)], CommandType='"Text"', CommandTimeout='30']
SELECT [p].[ProductId], [p].[CategoryId], [p].[CostPrice], [p].[Description], [p].[Name], [p].[ProductCode], [p].[ProductKey], [p].[SellPrice], [p].[SupplierId]
FROM [Products] AS [p]
WHERE [p].[ProductId] IN (
    SELECT [p0].[value]
    FROM OPENJSON(@__productIds_0) WITH ([value] int '$') AS [p0]
)
2025-07-19 19:07:52.490 +05:30 [INF] Executing OkObjectResult, writing value of type 'System.Collections.Generic.List`1[[AuthNet.Models.DTO.MonthlyProfitDto, AuthNet, Version=1.0.0.0, Culture=neutral, PublicKeyToken=null]]'.
2025-07-19 19:07:52.490 +05:30 [INF] Executed action AuthNet.Controllers.SalesController.GetMonthlyProfit (AuthNet) in 30.968ms
2025-07-19 19:07:52.490 +05:30 [INF] Executed endpoint 'AuthNet.Controllers.SalesController.GetMonthlyProfit (AuthNet)'
2025-07-19 19:07:52.491 +05:30 [INF] Request finished HTTP/1.1 GET https://localhost:7165/api/Sales/MonthlyProfit - 200 null application/json; charset=utf-8 32.7393ms
2025-07-19 19:09:25.797 +05:30 [INF] Request starting HTTP/2 GET https://localhost:7165/api/Sales/MonthlyProfit - null null
2025-07-19 19:09:25.799 +05:30 [WRN] Error unprotecting the session cookie.
System.Security.Cryptography.CryptographicException: The payload was invalid. For more information go to https://aka.ms/aspnet/dataprotectionwarning
   at Microsoft.AspNetCore.DataProtection.Cng.CbcAuthenticatedEncryptor.DecryptImpl(Byte* pbCiphertext, UInt32 cbCiphertext, Byte* pbAdditionalAuthenticatedData, UInt32 cbAdditionalAuthenticatedData)
   at Microsoft.AspNetCore.DataProtection.Cng.Internal.CngAuthenticatedEncryptorBase.Decrypt(ArraySegment`1 ciphertext, ArraySegment`1 additionalAuthenticatedData)
   at Microsoft.AspNetCore.DataProtection.KeyManagement.KeyRingBasedDataProtector.UnprotectCore(Byte[] protectedData, Boolean allowOperationsOnRevokedKeys, UnprotectStatus& status)
   at Microsoft.AspNetCore.DataProtection.KeyManagement.KeyRingBasedDataProtector.Unprotect(Byte[] protectedData)
   at Microsoft.AspNetCore.Session.CookieProtection.Unprotect(IDataProtector protector, String protectedText, ILogger logger)
2025-07-19 19:09:25.799 +05:30 [INF] Executing endpoint 'AuthNet.Controllers.SalesController.GetMonthlyProfit (AuthNet)'
2025-07-19 19:09:25.799 +05:30 [INF] Route matched with {action = "GetMonthlyProfit", controller = "Sales"}. Executing controller action with signature System.Threading.Tasks.Task`1[Microsoft.AspNetCore.Mvc.IActionResult] GetMonthlyProfit(System.Nullable`1[System.Int32]) on controller AuthNet.Controllers.SalesController (AuthNet).
2025-07-19 19:09:25.828 +05:30 [INF] Executed DbCommand (27ms) [Parameters=[@__year_0='?' (DbType = Int32)], CommandType='"Text"', CommandTimeout='30']
SELECT [s].[Id], [s].[ProductId], [s].[ProductName], [s].[Quantity], [s].[SaleId], [s].[TotalPrice], [s].[UnitPrice], [s0].[Id], [s0].[AfterTaxAmount], [s0].[CreatedAt], [s0].[DiscountedAmount], [s0].[InvoiceDate], [s0].[InvoiceNo], [s0].[PrincipalAmount], [s0].[Template], [s0].[TotalAmount]
FROM [SaleItems] AS [s]
INNER JOIN [Sales] AS [s0] ON [s].[SaleId] = [s0].[Id]
WHERE DATEPART(year, [s0].[InvoiceDate]) = @__year_0
2025-07-19 19:09:25.843 +05:30 [INF] Executed DbCommand (12ms) [Parameters=[@__productIds_0='?' (Size = 4000)], CommandType='"Text"', CommandTimeout='30']
SELECT [p].[ProductId], [p].[CategoryId], [p].[CostPrice], [p].[Description], [p].[Name], [p].[ProductCode], [p].[ProductKey], [p].[SellPrice], [p].[SupplierId]
FROM [Products] AS [p]
WHERE [p].[ProductId] IN (
    SELECT [p0].[value]
    FROM OPENJSON(@__productIds_0) WITH ([value] int '$') AS [p0]
)
2025-07-19 19:09:25.843 +05:30 [INF] Executing OkObjectResult, writing value of type 'System.Collections.Generic.List`1[[AuthNet.Models.DTO.MonthlyProfitDto, AuthNet, Version=1.0.0.0, Culture=neutral, PublicKeyToken=null]]'.
2025-07-19 19:09:25.844 +05:30 [INF] Executed action AuthNet.Controllers.SalesController.GetMonthlyProfit (AuthNet) in 44.4661ms
2025-07-19 19:09:25.844 +05:30 [INF] Executed endpoint 'AuthNet.Controllers.SalesController.GetMonthlyProfit (AuthNet)'
2025-07-19 19:09:25.845 +05:30 [INF] Request finished HTTP/2 GET https://localhost:7165/api/Sales/MonthlyProfit - 200 null application/json; charset=utf-8 48.7907ms
2025-07-19 19:14:10.155 +05:30 [INF] User profile is available. Using 'C:\Users\Admin\AppData\Local\ASP.NET\DataProtection-Keys' as key repository and Windows DPAPI to encrypt keys at rest.
2025-07-19 19:14:10.860 +05:30 [INF] Now listening on: https://localhost:7165
2025-07-19 19:14:10.861 +05:30 [INF] Now listening on: http://localhost:5008
2025-07-19 19:14:11.265 +05:30 [INF] Application started. Press Ctrl+C to shut down.
2025-07-19 19:14:11.266 +05:30 [INF] Hosting environment: Development
2025-07-19 19:14:11.266 +05:30 [INF] Content root path: C:\Users\Admin\AuthNet\AuthNet
2025-07-19 19:14:12.932 +05:30 [INF] Request starting HTTP/2 GET https://localhost:7165/swagger/index.html - null null
2025-07-19 19:14:13.733 +05:30 [INF] Request finished HTTP/2 GET https://localhost:7165/swagger/index.html - 200 null text/html;charset=utf-8 811.2722ms
2025-07-19 19:14:13.808 +05:30 [INF] Request starting HTTP/2 GET https://localhost:7165/_vs/browserLink - null null
2025-07-19 19:14:13.808 +05:30 [INF] Request starting HTTP/2 GET https://localhost:7165/_framework/aspnetcore-browser-refresh.js - null null
2025-07-19 19:14:13.820 +05:30 [INF] Request finished HTTP/2 GET https://localhost:7165/_framework/aspnetcore-browser-refresh.js - 200 16499 application/javascript; charset=utf-8 12.0707ms
2025-07-19 19:14:13.989 +05:30 [INF] Request finished HTTP/2 GET https://localhost:7165/_vs/browserLink - 200 null text/javascript; charset=UTF-8 180.7266ms
2025-07-19 19:14:14.151 +05:30 [INF] Request starting HTTP/2 GET https://localhost:7165/swagger/v1/swagger.json - null null
2025-07-19 19:14:14.495 +05:30 [INF] Request finished HTTP/2 GET https://localhost:7165/swagger/v1/swagger.json - 200 null application/json;charset=utf-8 343.2489ms
2025-07-19 19:14:19.285 +05:30 [INF] Request starting HTTP/1.1 GET https://localhost:7165/api/Sales/DailyProfit - null null
2025-07-19 19:14:19.596 +05:30 [INF] Executing endpoint 'AuthNet.Controllers.SalesController.GetDailyProfit (AuthNet)'
2025-07-19 19:14:19.662 +05:30 [INF] Route matched with {action = "GetDailyProfit", controller = "Sales"}. Executing controller action with signature System.Threading.Tasks.Task`1[Microsoft.AspNetCore.Mvc.IActionResult] GetDailyProfit() on controller AuthNet.Controllers.SalesController (AuthNet).
2025-07-19 19:14:21.743 +05:30 [WRN] No store type was specified for the decimal property 'TotalAmount' on entity type 'Order'. This will cause values to be silently truncated if they do not fit in the default precision and scale. Explicitly specify the SQL server column type that can accommodate all the values in 'OnModelCreating' using 'HasColumnType', specify precision and scale using 'HasPrecision', or configure a value converter using 'HasConversion'.
2025-07-19 19:14:21.743 +05:30 [WRN] No store type was specified for the decimal property 'UnitPrice' on entity type 'OrderItem'. This will cause values to be silently truncated if they do not fit in the default precision and scale. Explicitly specify the SQL server column type that can accommodate all the values in 'OnModelCreating' using 'HasColumnType', specify precision and scale using 'HasPrecision', or configure a value converter using 'HasConversion'.
2025-07-19 19:14:21.744 +05:30 [WRN] No store type was specified for the decimal property 'CostPrice' on entity type 'Product'. This will cause values to be silently truncated if they do not fit in the default precision and scale. Explicitly specify the SQL server column type that can accommodate all the values in 'OnModelCreating' using 'HasColumnType', specify precision and scale using 'HasPrecision', or configure a value converter using 'HasConversion'.
2025-07-19 19:14:21.744 +05:30 [WRN] No store type was specified for the decimal property 'SellPrice' on entity type 'Product'. This will cause values to be silently truncated if they do not fit in the default precision and scale. Explicitly specify the SQL server column type that can accommodate all the values in 'OnModelCreating' using 'HasColumnType', specify precision and scale using 'HasPrecision', or configure a value converter using 'HasConversion'.
2025-07-19 19:14:21.744 +05:30 [WRN] No store type was specified for the decimal property 'TotalAmount' on entity type 'PurchaseOrder'. This will cause values to be silently truncated if they do not fit in the default precision and scale. Explicitly specify the SQL server column type that can accommodate all the values in 'OnModelCreating' using 'HasColumnType', specify precision and scale using 'HasPrecision', or configure a value converter using 'HasConversion'.
2025-07-19 19:14:21.744 +05:30 [WRN] No store type was specified for the decimal property 'UnitPrice' on entity type 'PurchaseOrderItems'. This will cause values to be silently truncated if they do not fit in the default precision and scale. Explicitly specify the SQL server column type that can accommodate all the values in 'OnModelCreating' using 'HasColumnType', specify precision and scale using 'HasPrecision', or configure a value converter using 'HasConversion'.
2025-07-19 19:14:21.744 +05:30 [WRN] No store type was specified for the decimal property 'AfterTaxAmount' on entity type 'Sale'. This will cause values to be silently truncated if they do not fit in the default precision and scale. Explicitly specify the SQL server column type that can accommodate all the values in 'OnModelCreating' using 'HasColumnType', specify precision and scale using 'HasPrecision', or configure a value converter using 'HasConversion'.
2025-07-19 19:14:21.745 +05:30 [WRN] No store type was specified for the decimal property 'DiscountedAmount' on entity type 'Sale'. This will cause values to be silently truncated if they do not fit in the default precision and scale. Explicitly specify the SQL server column type that can accommodate all the values in 'OnModelCreating' using 'HasColumnType', specify precision and scale using 'HasPrecision', or configure a value converter using 'HasConversion'.
2025-07-19 19:14:21.745 +05:30 [WRN] No store type was specified for the decimal property 'PrincipalAmount' on entity type 'Sale'. This will cause values to be silently truncated if they do not fit in the default precision and scale. Explicitly specify the SQL server column type that can accommodate all the values in 'OnModelCreating' using 'HasColumnType', specify precision and scale using 'HasPrecision', or configure a value converter using 'HasConversion'.
2025-07-19 19:14:21.745 +05:30 [WRN] No store type was specified for the decimal property 'TotalAmount' on entity type 'Sale'. This will cause values to be silently truncated if they do not fit in the default precision and scale. Explicitly specify the SQL server column type that can accommodate all the values in 'OnModelCreating' using 'HasColumnType', specify precision and scale using 'HasPrecision', or configure a value converter using 'HasConversion'.
2025-07-19 19:14:21.745 +05:30 [WRN] No store type was specified for the decimal property 'TotalPrice' on entity type 'SaleItem'. This will cause values to be silently truncated if they do not fit in the default precision and scale. Explicitly specify the SQL server column type that can accommodate all the values in 'OnModelCreating' using 'HasColumnType', specify precision and scale using 'HasPrecision', or configure a value converter using 'HasConversion'.
2025-07-19 19:14:21.745 +05:30 [WRN] No store type was specified for the decimal property 'UnitPrice' on entity type 'SaleItem'. This will cause values to be silently truncated if they do not fit in the default precision and scale. Explicitly specify the SQL server column type that can accommodate all the values in 'OnModelCreating' using 'HasColumnType', specify precision and scale using 'HasPrecision', or configure a value converter using 'HasConversion'.
2025-07-19 19:14:21.745 +05:30 [WRN] No store type was specified for the decimal property 'CGST' on entity type 'TaxSetting'. This will cause values to be silently truncated if they do not fit in the default precision and scale. Explicitly specify the SQL server column type that can accommodate all the values in 'OnModelCreating' using 'HasColumnType', specify precision and scale using 'HasPrecision', or configure a value converter using 'HasConversion'.
2025-07-19 19:14:21.745 +05:30 [WRN] No store type was specified for the decimal property 'IGST' on entity type 'TaxSetting'. This will cause values to be silently truncated if they do not fit in the default precision and scale. Explicitly specify the SQL server column type that can accommodate all the values in 'OnModelCreating' using 'HasColumnType', specify precision and scale using 'HasPrecision', or configure a value converter using 'HasConversion'.
2025-07-19 19:14:21.746 +05:30 [WRN] No store type was specified for the decimal property 'SGST' on entity type 'TaxSetting'. This will cause values to be silently truncated if they do not fit in the default precision and scale. Explicitly specify the SQL server column type that can accommodate all the values in 'OnModelCreating' using 'HasColumnType', specify precision and scale using 'HasPrecision', or configure a value converter using 'HasConversion'.
2025-07-19 19:14:24.077 +05:30 [INF] Executed DbCommand (155ms) [Parameters=[@__date_Date_0='?' (DbType = DateTime2)], CommandType='"Text"', CommandTimeout='30']
SELECT [s].[Id], [s].[ProductId], [s].[ProductName], [s].[Quantity], [s].[SaleId], [s].[TotalPrice], [s].[UnitPrice], [s0].[Id], [s0].[AfterTaxAmount], [s0].[CreatedAt], [s0].[DiscountedAmount], [s0].[InvoiceDate], [s0].[InvoiceNo], [s0].[PrincipalAmount], [s0].[Template], [s0].[TotalAmount]
FROM [SaleItems] AS [s]
INNER JOIN [Sales] AS [s0] ON [s].[SaleId] = [s0].[Id]
WHERE CONVERT(date, [s0].[InvoiceDate]) = @__date_Date_0
2025-07-19 19:14:24.626 +05:30 [INF] Executed DbCommand (15ms) [Parameters=[@__productIds_0='?' (Size = 4000)], CommandType='"Text"', CommandTimeout='30']
SELECT [p].[ProductId], [p].[CategoryId], [p].[CostPrice], [p].[Description], [p].[Name], [p].[ProductCode], [p].[ProductKey], [p].[SellPrice], [p].[SupplierId]
FROM [Products] AS [p]
WHERE [p].[ProductId] IN (
    SELECT [p0].[value]
    FROM OPENJSON(@__productIds_0) WITH ([value] int '$') AS [p0]
)
2025-07-19 19:14:24.699 +05:30 [INF] Executing OkObjectResult, writing value of type 'AuthNet.Models.DTO.DailyProfitDto'.
2025-07-19 19:14:24.792 +05:30 [INF] Executed action AuthNet.Controllers.SalesController.GetDailyProfit (AuthNet) in 5120.13ms
2025-07-19 19:14:24.794 +05:30 [INF] Executed endpoint 'AuthNet.Controllers.SalesController.GetDailyProfit (AuthNet)'
2025-07-19 19:14:24.820 +05:30 [INF] Request finished HTTP/1.1 GET https://localhost:7165/api/Sales/DailyProfit - 200 null application/json; charset=utf-8 5539.2466ms
2025-07-19 19:14:24.860 +05:30 [INF] Request starting HTTP/1.1 GET https://localhost:7165/api/Sales/MonthlyProfit - null null
2025-07-19 19:14:24.870 +05:30 [INF] Executing endpoint 'AuthNet.Controllers.SalesController.GetMonthlyProfit (AuthNet)'
2025-07-19 19:14:24.890 +05:30 [INF] Route matched with {action = "GetMonthlyProfit", controller = "Sales"}. Executing controller action with signature System.Threading.Tasks.Task`1[Microsoft.AspNetCore.Mvc.IActionResult] GetMonthlyProfit(System.Nullable`1[System.Int32]) on controller AuthNet.Controllers.SalesController (AuthNet).
2025-07-19 19:14:25.001 +05:30 [INF] Executed DbCommand (8ms) [Parameters=[@__year_0='?' (DbType = Int32)], CommandType='"Text"', CommandTimeout='30']
SELECT [s].[Id], [s].[ProductId], [s].[ProductName], [s].[Quantity], [s].[SaleId], [s].[TotalPrice], [s].[UnitPrice], [s0].[Id], [s0].[AfterTaxAmount], [s0].[CreatedAt], [s0].[DiscountedAmount], [s0].[InvoiceDate], [s0].[InvoiceNo], [s0].[PrincipalAmount], [s0].[Template], [s0].[TotalAmount]
FROM [SaleItems] AS [s]
INNER JOIN [Sales] AS [s0] ON [s].[SaleId] = [s0].[Id]
WHERE DATEPART(year, [s0].[InvoiceDate]) = @__year_0
2025-07-19 19:14:25.027 +05:30 [INF] Executed DbCommand (14ms) [Parameters=[@__productIds_0='?' (Size = 4000)], CommandType='"Text"', CommandTimeout='30']
SELECT [p].[ProductId], [p].[CategoryId], [p].[CostPrice], [p].[Description], [p].[Name], [p].[ProductCode], [p].[ProductKey], [p].[SellPrice], [p].[SupplierId]
FROM [Products] AS [p]
WHERE [p].[ProductId] IN (
    SELECT [p0].[value]
    FROM OPENJSON(@__productIds_0) WITH ([value] int '$') AS [p0]
)
2025-07-19 19:14:25.038 +05:30 [INF] Executing OkObjectResult, writing value of type 'System.Collections.Generic.List`1[[AuthNet.Models.DTO.MonthlyProfitDto, AuthNet, Version=1.0.0.0, Culture=neutral, PublicKeyToken=null]]'.
2025-07-19 19:14:25.046 +05:30 [INF] Executed action AuthNet.Controllers.SalesController.GetMonthlyProfit (AuthNet) in 155.7884ms
2025-07-19 19:14:25.047 +05:30 [INF] Executed endpoint 'AuthNet.Controllers.SalesController.GetMonthlyProfit (AuthNet)'
2025-07-19 19:14:25.048 +05:30 [INF] Request finished HTTP/1.1 GET https://localhost:7165/api/Sales/MonthlyProfit - 200 null application/json; charset=utf-8 187.7512ms
2025-07-19 19:14:25.079 +05:30 [INF] Request starting HTTP/1.1 GET https://localhost:7165/api/Tasks - null null
2025-07-19 19:14:25.083 +05:30 [INF] Executing endpoint 'AuthNet.Controllers.TasksController.GetTasks (AuthNet)'
2025-07-19 19:14:25.085 +05:30 [INF] Route matched with {action = "GetTasks", controller = "Tasks"}. Executing controller action with signature Microsoft.AspNetCore.Mvc.IActionResult GetTasks() on controller AuthNet.Controllers.TasksController (AuthNet).
2025-07-19 19:14:25.284 +05:30 [INF] Executed DbCommand (30ms) [Parameters=[], CommandType='"Text"', CommandTimeout='30']
SELECT [t].[Id], [t].[Title], [t].[DueDate]
FROM [Tasks] AS [t]
2025-07-19 19:14:25.297 +05:30 [INF] Executing OkObjectResult, writing value of type 'System.Collections.Generic.List`1[[AuthNet.Models.DTO.TaskItemDto, AuthNet, Version=1.0.0.0, Culture=neutral, PublicKeyToken=null]]'.
2025-07-19 19:14:25.303 +05:30 [INF] Executed action AuthNet.Controllers.TasksController.GetTasks (AuthNet) in 217.398ms
2025-07-19 19:14:25.303 +05:30 [INF] Executed endpoint 'AuthNet.Controllers.TasksController.GetTasks (AuthNet)'
2025-07-19 19:14:25.304 +05:30 [INF] Request finished HTTP/1.1 GET https://localhost:7165/api/Tasks - 200 null application/json; charset=utf-8 224.136ms
2025-07-19 19:14:25.326 +05:30 [INF] Request starting HTTP/1.1 GET https://localhost:7165/api/Settings/Get - null null
2025-07-19 19:14:25.327 +05:30 [INF] Executing endpoint 'AuthNet.Controllers.SettingsController.GetCompanyInfo (AuthNet)'
2025-07-19 19:14:25.332 +05:30 [INF] Route matched with {action = "GetCompanyInfo", controller = "Settings"}. Executing controller action with signature System.Threading.Tasks.Task`1[Microsoft.AspNetCore.Mvc.IActionResult] GetCompanyInfo() on controller AuthNet.Controllers.SettingsController (AuthNet).
2025-07-19 19:14:25.349 +05:30 [WRN] The query uses the 'First'/'FirstOrDefault' operator without 'OrderBy' and filter operators. This may lead to unpredictable results.
2025-07-19 19:14:25.370 +05:30 [INF] Executed DbCommand (7ms) [Parameters=[], CommandType='"Text"', CommandTimeout='30']
SELECT TOP(1) [c].[Id], [c].[Address], [c].[ContactNumber], [c].[Email], [c].[GSTIN], [c].[LogoFileExtension], [c].[LogoFilePath], [c].[LogoFileSizeInBytes], [c].[LogoName], [c].[Name], [c].[SignFileExtension], [c].[SignFilePath], [c].[SignFileSizeInBytes], [c].[SignName]
FROM [CompanyInfos] AS [c]
2025-07-19 19:14:25.442 +05:30 [INF] Executing OkObjectResult, writing value of type 'AuthNet.Models.DTO.CompanyInfoResponseDto'.
2025-07-19 19:14:25.445 +05:30 [INF] Executed action AuthNet.Controllers.SettingsController.GetCompanyInfo (AuthNet) in 112.9497ms
2025-07-19 19:14:25.446 +05:30 [INF] Executed endpoint 'AuthNet.Controllers.SettingsController.GetCompanyInfo (AuthNet)'
2025-07-19 19:14:25.446 +05:30 [INF] Request finished HTTP/1.1 GET https://localhost:7165/api/Settings/Get - 200 null application/json; charset=utf-8 120.0714ms
2025-07-19 19:14:29.294 +05:30 [INF] Request starting HTTP/1.1 POST https://localhost:7165/api/Auth/login - application/json; charset=utf-8 null
2025-07-19 19:14:29.301 +05:30 [INF] Executing endpoint 'AuthNet.Controllers.AuthController.Login (AuthNet)'
2025-07-19 19:14:29.318 +05:30 [INF] Route matched with {action = "Login", controller = "Auth"}. Executing controller action with signature System.Threading.Tasks.Task`1[Microsoft.AspNetCore.Mvc.IActionResult] Login(AuthNet.Models.DTO.LoginDto) on controller AuthNet.Controllers.AuthController (AuthNet).
2025-07-19 19:14:29.499 +05:30 [INF] Executed DbCommand (15ms) [Parameters=[@__username_0='?' (Size = 100)], CommandType='"Text"', CommandTimeout='30']
SELECT TOP(1) [u].[UserId], [u].[CreatedAt], [u].[Email], [u].[Firstname], [u].[Lastname], [u].[PasswordHash], [u].[Role], [u].[Username]
FROM [Users] AS [u]
WHERE [u].[Username] = @__username_0
2025-07-19 19:14:30.945 +05:30 [INF] Executing OkObjectResult, writing value of type 'AuthNet.Models.DTO.ServiceResponse`1[[AuthNet.Models.DTO.LoginResponseDto, AuthNet, Version=1.0.0.0, Culture=neutral, PublicKeyToken=null]]'.
2025-07-19 19:14:30.951 +05:30 [INF] Executed action AuthNet.Controllers.AuthController.Login (AuthNet) in 1632.8485ms
2025-07-19 19:14:30.952 +05:30 [INF] Executed endpoint 'AuthNet.Controllers.AuthController.Login (AuthNet)'
2025-07-19 19:14:30.953 +05:30 [INF] Request finished HTTP/1.1 POST https://localhost:7165/api/Auth/login - 200 null application/json; charset=utf-8 1659.1222ms
2025-07-19 19:14:36.544 +05:30 [INF] Request starting HTTP/1.1 GET https://localhost:7165/api/Sales/DailyProfit - null null
2025-07-19 19:14:36.545 +05:30 [INF] Executing endpoint 'AuthNet.Controllers.SalesController.GetDailyProfit (AuthNet)'
2025-07-19 19:14:36.546 +05:30 [INF] Route matched with {action = "GetDailyProfit", controller = "Sales"}. Executing controller action with signature System.Threading.Tasks.Task`1[Microsoft.AspNetCore.Mvc.IActionResult] GetDailyProfit() on controller AuthNet.Controllers.SalesController (AuthNet).
2025-07-19 19:14:36.563 +05:30 [INF] Executed DbCommand (10ms) [Parameters=[@__date_Date_0='?' (DbType = DateTime2)], CommandType='"Text"', CommandTimeout='30']
SELECT [s].[Id], [s].[ProductId], [s].[ProductName], [s].[Quantity], [s].[SaleId], [s].[TotalPrice], [s].[UnitPrice], [s0].[Id], [s0].[AfterTaxAmount], [s0].[CreatedAt], [s0].[DiscountedAmount], [s0].[InvoiceDate], [s0].[InvoiceNo], [s0].[PrincipalAmount], [s0].[Template], [s0].[TotalAmount]
FROM [SaleItems] AS [s]
INNER JOIN [Sales] AS [s0] ON [s].[SaleId] = [s0].[Id]
WHERE CONVERT(date, [s0].[InvoiceDate]) = @__date_Date_0
2025-07-19 19:14:36.573 +05:30 [INF] Executed DbCommand (8ms) [Parameters=[@__productIds_0='?' (Size = 4000)], CommandType='"Text"', CommandTimeout='30']
SELECT [p].[ProductId], [p].[CategoryId], [p].[CostPrice], [p].[Description], [p].[Name], [p].[ProductCode], [p].[ProductKey], [p].[SellPrice], [p].[SupplierId]
FROM [Products] AS [p]
WHERE [p].[ProductId] IN (
    SELECT [p0].[value]
    FROM OPENJSON(@__productIds_0) WITH ([value] int '$') AS [p0]
)
2025-07-19 19:14:36.574 +05:30 [INF] Executing OkObjectResult, writing value of type 'AuthNet.Models.DTO.DailyProfitDto'.
2025-07-19 19:14:36.575 +05:30 [INF] Executed action AuthNet.Controllers.SalesController.GetDailyProfit (AuthNet) in 28.9599ms
2025-07-19 19:14:36.575 +05:30 [INF] Executed endpoint 'AuthNet.Controllers.SalesController.GetDailyProfit (AuthNet)'
2025-07-19 19:14:36.575 +05:30 [INF] Request finished HTTP/1.1 GET https://localhost:7165/api/Sales/DailyProfit - 200 null application/json; charset=utf-8 30.9814ms
2025-07-19 19:14:36.591 +05:30 [INF] Request starting HTTP/1.1 GET https://localhost:7165/api/Sales/MonthlyProfit - null null
2025-07-19 19:14:36.592 +05:30 [INF] Executing endpoint 'AuthNet.Controllers.SalesController.GetMonthlyProfit (AuthNet)'
2025-07-19 19:14:36.592 +05:30 [INF] Route matched with {action = "GetMonthlyProfit", controller = "Sales"}. Executing controller action with signature System.Threading.Tasks.Task`1[Microsoft.AspNetCore.Mvc.IActionResult] GetMonthlyProfit(System.Nullable`1[System.Int32]) on controller AuthNet.Controllers.SalesController (AuthNet).
2025-07-19 19:14:36.608 +05:30 [INF] Executed DbCommand (13ms) [Parameters=[@__year_0='?' (DbType = Int32)], CommandType='"Text"', CommandTimeout='30']
SELECT [s].[Id], [s].[ProductId], [s].[ProductName], [s].[Quantity], [s].[SaleId], [s].[TotalPrice], [s].[UnitPrice], [s0].[Id], [s0].[AfterTaxAmount], [s0].[CreatedAt], [s0].[DiscountedAmount], [s0].[InvoiceDate], [s0].[InvoiceNo], [s0].[PrincipalAmount], [s0].[Template], [s0].[TotalAmount]
FROM [SaleItems] AS [s]
INNER JOIN [Sales] AS [s0] ON [s].[SaleId] = [s0].[Id]
WHERE DATEPART(year, [s0].[InvoiceDate]) = @__year_0
2025-07-19 19:14:36.613 +05:30 [INF] Executed DbCommand (2ms) [Parameters=[@__productIds_0='?' (Size = 4000)], CommandType='"Text"', CommandTimeout='30']
SELECT [p].[ProductId], [p].[CategoryId], [p].[CostPrice], [p].[Description], [p].[Name], [p].[ProductCode], [p].[ProductKey], [p].[SellPrice], [p].[SupplierId]
FROM [Products] AS [p]
WHERE [p].[ProductId] IN (
    SELECT [p0].[value]
    FROM OPENJSON(@__productIds_0) WITH ([value] int '$') AS [p0]
)
2025-07-19 19:14:36.614 +05:30 [INF] Executing OkObjectResult, writing value of type 'System.Collections.Generic.List`1[[AuthNet.Models.DTO.MonthlyProfitDto, AuthNet, Version=1.0.0.0, Culture=neutral, PublicKeyToken=null]]'.
2025-07-19 19:14:36.614 +05:30 [INF] Executed action AuthNet.Controllers.SalesController.GetMonthlyProfit (AuthNet) in 22.2523ms
2025-07-19 19:14:36.614 +05:30 [INF] Executed endpoint 'AuthNet.Controllers.SalesController.GetMonthlyProfit (AuthNet)'
2025-07-19 19:14:36.615 +05:30 [INF] Request finished HTTP/1.1 GET https://localhost:7165/api/Sales/MonthlyProfit - 200 null application/json; charset=utf-8 24.2806ms
2025-07-19 19:14:36.630 +05:30 [INF] Request starting HTTP/1.1 GET https://localhost:7165/api/Tasks - null null
2025-07-19 19:14:36.630 +05:30 [INF] Executing endpoint 'AuthNet.Controllers.TasksController.GetTasks (AuthNet)'
2025-07-19 19:14:36.631 +05:30 [INF] Route matched with {action = "GetTasks", controller = "Tasks"}. Executing controller action with signature Microsoft.AspNetCore.Mvc.IActionResult GetTasks() on controller AuthNet.Controllers.TasksController (AuthNet).
2025-07-19 19:14:36.638 +05:30 [INF] Executed DbCommand (3ms) [Parameters=[], CommandType='"Text"', CommandTimeout='30']
SELECT [t].[Id], [t].[Title], [t].[DueDate]
FROM [Tasks] AS [t]
2025-07-19 19:14:36.639 +05:30 [INF] Executing OkObjectResult, writing value of type 'System.Collections.Generic.List`1[[AuthNet.Models.DTO.TaskItemDto, AuthNet, Version=1.0.0.0, Culture=neutral, PublicKeyToken=null]]'.
2025-07-19 19:14:36.640 +05:30 [INF] Executed action AuthNet.Controllers.TasksController.GetTasks (AuthNet) in 8.0806ms
2025-07-19 19:14:36.640 +05:30 [INF] Executed endpoint 'AuthNet.Controllers.TasksController.GetTasks (AuthNet)'
2025-07-19 19:14:36.640 +05:30 [INF] Request finished HTTP/1.1 GET https://localhost:7165/api/Tasks - 200 null application/json; charset=utf-8 10.2828ms
2025-07-19 19:14:36.654 +05:30 [INF] Request starting HTTP/1.1 GET https://localhost:7165/api/Settings/Get - null null
2025-07-19 19:14:36.661 +05:30 [INF] Executing endpoint 'AuthNet.Controllers.SettingsController.GetCompanyInfo (AuthNet)'
2025-07-19 19:14:36.661 +05:30 [INF] Route matched with {action = "GetCompanyInfo", controller = "Settings"}. Executing controller action with signature System.Threading.Tasks.Task`1[Microsoft.AspNetCore.Mvc.IActionResult] GetCompanyInfo() on controller AuthNet.Controllers.SettingsController (AuthNet).
2025-07-19 19:14:36.678 +05:30 [INF] Executed DbCommand (13ms) [Parameters=[], CommandType='"Text"', CommandTimeout='30']
SELECT TOP(1) [c].[Id], [c].[Address], [c].[ContactNumber], [c].[Email], [c].[GSTIN], [c].[LogoFileExtension], [c].[LogoFilePath], [c].[LogoFileSizeInBytes], [c].[LogoName], [c].[Name], [c].[SignFileExtension], [c].[SignFilePath], [c].[SignFileSizeInBytes], [c].[SignName]
FROM [CompanyInfos] AS [c]
2025-07-19 19:14:36.679 +05:30 [INF] Executing OkObjectResult, writing value of type 'AuthNet.Models.DTO.CompanyInfoResponseDto'.
2025-07-19 19:14:36.679 +05:30 [INF] Executed action AuthNet.Controllers.SettingsController.GetCompanyInfo (AuthNet) in 17.8188ms
2025-07-19 19:14:36.679 +05:30 [INF] Executed endpoint 'AuthNet.Controllers.SettingsController.GetCompanyInfo (AuthNet)'
2025-07-19 19:14:36.680 +05:30 [INF] Request finished HTTP/1.1 GET https://localhost:7165/api/Settings/Get - 200 null application/json; charset=utf-8 25.5926ms
2025-07-19 19:22:06.082 +05:30 [INF] User profile is available. Using 'C:\Users\Admin\AppData\Local\ASP.NET\DataProtection-Keys' as key repository and Windows DPAPI to encrypt keys at rest.
2025-07-19 19:22:06.608 +05:30 [INF] Now listening on: https://localhost:7165
2025-07-19 19:22:06.609 +05:30 [INF] Now listening on: http://localhost:5008
2025-07-19 19:22:06.852 +05:30 [INF] Application started. Press Ctrl+C to shut down.
2025-07-19 19:22:06.852 +05:30 [INF] Hosting environment: Development
2025-07-19 19:22:06.852 +05:30 [INF] Content root path: C:\Users\Admin\AuthNet\AuthNet
2025-07-19 19:22:07.984 +05:30 [INF] Request starting HTTP/2 GET https://localhost:7165/swagger/index.html - null null
2025-07-19 19:22:08.726 +05:30 [INF] Request finished HTTP/2 GET https://localhost:7165/swagger/index.html - 200 null text/html;charset=utf-8 763.5815ms
2025-07-19 19:22:08.861 +05:30 [INF] Request starting HTTP/2 GET https://localhost:7165/_framework/aspnetcore-browser-refresh.js - null null
2025-07-19 19:22:08.987 +05:30 [INF] Request starting HTTP/2 GET https://localhost:7165/_vs/browserLink - null null
2025-07-19 19:22:08.989 +05:30 [INF] Request finished HTTP/2 GET https://localhost:7165/_framework/aspnetcore-browser-refresh.js - 200 16499 application/javascript; charset=utf-8 128.7183ms
2025-07-19 19:22:09.039 +05:30 [INF] Request starting HTTP/1.1 GET https://localhost:7165/api/Sales/DailyProfit - null null
2025-07-19 19:22:09.152 +05:30 [INF] Request finished HTTP/2 GET https://localhost:7165/_vs/browserLink - 200 null text/javascript; charset=UTF-8 165.5988ms
2025-07-19 19:22:09.604 +05:30 [INF] Request starting HTTP/2 GET https://localhost:7165/swagger/v1/swagger.json - null null
2025-07-19 19:22:09.809 +05:30 [INF] Executing endpoint 'AuthNet.Controllers.SalesController.GetDailyProfit (AuthNet)'
2025-07-19 19:22:09.809 +05:30 [INF] Request finished HTTP/2 GET https://localhost:7165/swagger/v1/swagger.json - 200 null application/json;charset=utf-8 205.334ms
2025-07-19 19:22:09.875 +05:30 [INF] Route matched with {action = "GetDailyProfit", controller = "Sales"}. Executing controller action with signature System.Threading.Tasks.Task`1[Microsoft.AspNetCore.Mvc.IActionResult] GetDailyProfit() on controller AuthNet.Controllers.SalesController (AuthNet).
2025-07-19 19:22:12.023 +05:30 [WRN] No store type was specified for the decimal property 'TotalAmount' on entity type 'Order'. This will cause values to be silently truncated if they do not fit in the default precision and scale. Explicitly specify the SQL server column type that can accommodate all the values in 'OnModelCreating' using 'HasColumnType', specify precision and scale using 'HasPrecision', or configure a value converter using 'HasConversion'.
2025-07-19 19:22:12.023 +05:30 [WRN] No store type was specified for the decimal property 'UnitPrice' on entity type 'OrderItem'. This will cause values to be silently truncated if they do not fit in the default precision and scale. Explicitly specify the SQL server column type that can accommodate all the values in 'OnModelCreating' using 'HasColumnType', specify precision and scale using 'HasPrecision', or configure a value converter using 'HasConversion'.
2025-07-19 19:22:12.024 +05:30 [WRN] No store type was specified for the decimal property 'CostPrice' on entity type 'Product'. This will cause values to be silently truncated if they do not fit in the default precision and scale. Explicitly specify the SQL server column type that can accommodate all the values in 'OnModelCreating' using 'HasColumnType', specify precision and scale using 'HasPrecision', or configure a value converter using 'HasConversion'.
2025-07-19 19:22:12.024 +05:30 [WRN] No store type was specified for the decimal property 'SellPrice' on entity type 'Product'. This will cause values to be silently truncated if they do not fit in the default precision and scale. Explicitly specify the SQL server column type that can accommodate all the values in 'OnModelCreating' using 'HasColumnType', specify precision and scale using 'HasPrecision', or configure a value converter using 'HasConversion'.
2025-07-19 19:22:12.024 +05:30 [WRN] No store type was specified for the decimal property 'TotalAmount' on entity type 'PurchaseOrder'. This will cause values to be silently truncated if they do not fit in the default precision and scale. Explicitly specify the SQL server column type that can accommodate all the values in 'OnModelCreating' using 'HasColumnType', specify precision and scale using 'HasPrecision', or configure a value converter using 'HasConversion'.
2025-07-19 19:22:12.024 +05:30 [WRN] No store type was specified for the decimal property 'UnitPrice' on entity type 'PurchaseOrderItems'. This will cause values to be silently truncated if they do not fit in the default precision and scale. Explicitly specify the SQL server column type that can accommodate all the values in 'OnModelCreating' using 'HasColumnType', specify precision and scale using 'HasPrecision', or configure a value converter using 'HasConversion'.
2025-07-19 19:22:12.024 +05:30 [WRN] No store type was specified for the decimal property 'AfterTaxAmount' on entity type 'Sale'. This will cause values to be silently truncated if they do not fit in the default precision and scale. Explicitly specify the SQL server column type that can accommodate all the values in 'OnModelCreating' using 'HasColumnType', specify precision and scale using 'HasPrecision', or configure a value converter using 'HasConversion'.
2025-07-19 19:22:12.024 +05:30 [WRN] No store type was specified for the decimal property 'DiscountedAmount' on entity type 'Sale'. This will cause values to be silently truncated if they do not fit in the default precision and scale. Explicitly specify the SQL server column type that can accommodate all the values in 'OnModelCreating' using 'HasColumnType', specify precision and scale using 'HasPrecision', or configure a value converter using 'HasConversion'.
2025-07-19 19:22:12.024 +05:30 [WRN] No store type was specified for the decimal property 'PrincipalAmount' on entity type 'Sale'. This will cause values to be silently truncated if they do not fit in the default precision and scale. Explicitly specify the SQL server column type that can accommodate all the values in 'OnModelCreating' using 'HasColumnType', specify precision and scale using 'HasPrecision', or configure a value converter using 'HasConversion'.
2025-07-19 19:22:12.024 +05:30 [WRN] No store type was specified for the decimal property 'TotalAmount' on entity type 'Sale'. This will cause values to be silently truncated if they do not fit in the default precision and scale. Explicitly specify the SQL server column type that can accommodate all the values in 'OnModelCreating' using 'HasColumnType', specify precision and scale using 'HasPrecision', or configure a value converter using 'HasConversion'.
2025-07-19 19:22:12.024 +05:30 [WRN] No store type was specified for the decimal property 'TotalPrice' on entity type 'SaleItem'. This will cause values to be silently truncated if they do not fit in the default precision and scale. Explicitly specify the SQL server column type that can accommodate all the values in 'OnModelCreating' using 'HasColumnType', specify precision and scale using 'HasPrecision', or configure a value converter using 'HasConversion'.
2025-07-19 19:22:12.024 +05:30 [WRN] No store type was specified for the decimal property 'UnitPrice' on entity type 'SaleItem'. This will cause values to be silently truncated if they do not fit in the default precision and scale. Explicitly specify the SQL server column type that can accommodate all the values in 'OnModelCreating' using 'HasColumnType', specify precision and scale using 'HasPrecision', or configure a value converter using 'HasConversion'.
2025-07-19 19:22:12.024 +05:30 [WRN] No store type was specified for the decimal property 'CGST' on entity type 'TaxSetting'. This will cause values to be silently truncated if they do not fit in the default precision and scale. Explicitly specify the SQL server column type that can accommodate all the values in 'OnModelCreating' using 'HasColumnType', specify precision and scale using 'HasPrecision', or configure a value converter using 'HasConversion'.
2025-07-19 19:22:12.024 +05:30 [WRN] No store type was specified for the decimal property 'IGST' on entity type 'TaxSetting'. This will cause values to be silently truncated if they do not fit in the default precision and scale. Explicitly specify the SQL server column type that can accommodate all the values in 'OnModelCreating' using 'HasColumnType', specify precision and scale using 'HasPrecision', or configure a value converter using 'HasConversion'.
2025-07-19 19:22:12.025 +05:30 [WRN] No store type was specified for the decimal property 'SGST' on entity type 'TaxSetting'. This will cause values to be silently truncated if they do not fit in the default precision and scale. Explicitly specify the SQL server column type that can accommodate all the values in 'OnModelCreating' using 'HasColumnType', specify precision and scale using 'HasPrecision', or configure a value converter using 'HasConversion'.
2025-07-19 19:22:14.300 +05:30 [INF] Executed DbCommand (197ms) [Parameters=[@__date_Date_0='?' (DbType = DateTime2)], CommandType='"Text"', CommandTimeout='30']
SELECT [s].[Id], [s].[ProductId], [s].[ProductName], [s].[Quantity], [s].[SaleId], [s].[TotalPrice], [s].[UnitPrice], [s0].[Id], [s0].[AfterTaxAmount], [s0].[CreatedAt], [s0].[DiscountedAmount], [s0].[InvoiceDate], [s0].[InvoiceNo], [s0].[PrincipalAmount], [s0].[Template], [s0].[TotalAmount]
FROM [SaleItems] AS [s]
INNER JOIN [Sales] AS [s0] ON [s].[SaleId] = [s0].[Id]
WHERE CONVERT(date, [s0].[InvoiceDate]) = @__date_Date_0
2025-07-19 19:22:14.777 +05:30 [INF] Executed DbCommand (17ms) [Parameters=[@__productIds_0='?' (Size = 4000)], CommandType='"Text"', CommandTimeout='30']
SELECT [p].[ProductId], [p].[CategoryId], [p].[CostPrice], [p].[Description], [p].[Name], [p].[ProductCode], [p].[ProductKey], [p].[SellPrice], [p].[SupplierId]
FROM [Products] AS [p]
WHERE [p].[ProductId] IN (
    SELECT [p0].[value]
    FROM OPENJSON(@__productIds_0) WITH ([value] int '$') AS [p0]
)
2025-07-19 19:22:14.828 +05:30 [INF] Executing OkObjectResult, writing value of type 'AuthNet.Models.DTO.DailyProfitDto'.
2025-07-19 19:22:14.900 +05:30 [INF] Executed action AuthNet.Controllers.SalesController.GetDailyProfit (AuthNet) in 5015.4892ms
2025-07-19 19:22:14.902 +05:30 [INF] Executed endpoint 'AuthNet.Controllers.SalesController.GetDailyProfit (AuthNet)'
2025-07-19 19:22:14.921 +05:30 [INF] Request finished HTTP/1.1 GET https://localhost:7165/api/Sales/DailyProfit - 200 null application/json; charset=utf-8 5884.7283ms
2025-07-19 19:22:14.986 +05:30 [INF] Request starting HTTP/1.1 GET https://localhost:7165/api/Sales/CurrentMonthProfit - null null
2025-07-19 19:22:14.996 +05:30 [INF] Executing endpoint 'AuthNet.Controllers.SalesController.GetCurrentMonthProfit (AuthNet)'
2025-07-19 19:22:15.005 +05:30 [INF] Route matched with {action = "GetCurrentMonthProfit", controller = "Sales"}. Executing controller action with signature System.Threading.Tasks.Task`1[Microsoft.AspNetCore.Mvc.IActionResult] GetCurrentMonthProfit() on controller AuthNet.Controllers.SalesController (AuthNet).
2025-07-19 19:22:15.070 +05:30 [INF] Executed DbCommand (9ms) [Parameters=[@__currentYear_0='?' (DbType = Int32), @__currentMonth_1='?' (DbType = Int32)], CommandType='"Text"', CommandTimeout='30']
SELECT [s].[Id], [s].[ProductId], [s].[ProductName], [s].[Quantity], [s].[SaleId], [s].[TotalPrice], [s].[UnitPrice], [s0].[Id], [s0].[AfterTaxAmount], [s0].[CreatedAt], [s0].[DiscountedAmount], [s0].[InvoiceDate], [s0].[InvoiceNo], [s0].[PrincipalAmount], [s0].[Template], [s0].[TotalAmount]
FROM [SaleItems] AS [s]
INNER JOIN [Sales] AS [s0] ON [s].[SaleId] = [s0].[Id]
WHERE DATEPART(year, [s0].[InvoiceDate]) = @__currentYear_0 AND DATEPART(month, [s0].[InvoiceDate]) = @__currentMonth_1
2025-07-19 19:22:15.087 +05:30 [INF] Executed DbCommand (10ms) [Parameters=[@__productIds_0='?' (Size = 4000)], CommandType='"Text"', CommandTimeout='30']
SELECT [p].[ProductId], [p].[CategoryId], [p].[CostPrice], [p].[Description], [p].[Name], [p].[ProductCode], [p].[ProductKey], [p].[SellPrice], [p].[SupplierId]
FROM [Products] AS [p]
WHERE [p].[ProductId] IN (
    SELECT [p0].[value]
    FROM OPENJSON(@__productIds_0) WITH ([value] int '$') AS [p0]
)
2025-07-19 19:22:15.092 +05:30 [INF] Executing OkObjectResult, writing value of type 'AuthNet.Models.DTO.MonthlyProfitDto'.
2025-07-19 19:22:15.098 +05:30 [INF] Executed action AuthNet.Controllers.SalesController.GetCurrentMonthProfit (AuthNet) in 93.0931ms
2025-07-19 19:22:15.099 +05:30 [INF] Executed endpoint 'AuthNet.Controllers.SalesController.GetCurrentMonthProfit (AuthNet)'
2025-07-19 19:22:15.100 +05:30 [INF] Request finished HTTP/1.1 GET https://localhost:7165/api/Sales/CurrentMonthProfit - 200 null application/json; charset=utf-8 113.7672ms
2025-07-19 19:22:15.124 +05:30 [INF] Request starting HTTP/1.1 GET https://localhost:7165/api/Tasks - null null
2025-07-19 19:22:15.131 +05:30 [INF] Executing endpoint 'AuthNet.Controllers.TasksController.GetTasks (AuthNet)'
2025-07-19 19:22:15.133 +05:30 [INF] Route matched with {action = "GetTasks", controller = "Tasks"}. Executing controller action with signature Microsoft.AspNetCore.Mvc.IActionResult GetTasks() on controller AuthNet.Controllers.TasksController (AuthNet).
2025-07-19 19:22:15.324 +05:30 [INF] Executed DbCommand (7ms) [Parameters=[], CommandType='"Text"', CommandTimeout='30']
SELECT [t].[Id], [t].[Title], [t].[DueDate]
FROM [Tasks] AS [t]
2025-07-19 19:22:15.330 +05:30 [INF] Executing OkObjectResult, writing value of type 'System.Collections.Generic.List`1[[AuthNet.Models.DTO.TaskItemDto, AuthNet, Version=1.0.0.0, Culture=neutral, PublicKeyToken=null]]'.
2025-07-19 19:22:15.340 +05:30 [INF] Executed action AuthNet.Controllers.TasksController.GetTasks (AuthNet) in 206.5626ms
2025-07-19 19:22:15.340 +05:30 [INF] Executed endpoint 'AuthNet.Controllers.TasksController.GetTasks (AuthNet)'
2025-07-19 19:22:15.340 +05:30 [INF] Request finished HTTP/1.1 GET https://localhost:7165/api/Tasks - 200 null application/json; charset=utf-8 216.521ms
2025-07-19 19:22:15.366 +05:30 [INF] Request starting HTTP/1.1 GET https://localhost:7165/api/Settings/Get - null null
2025-07-19 19:22:15.368 +05:30 [INF] Executing endpoint 'AuthNet.Controllers.SettingsController.GetCompanyInfo (AuthNet)'
2025-07-19 19:22:15.378 +05:30 [INF] Route matched with {action = "GetCompanyInfo", controller = "Settings"}. Executing controller action with signature System.Threading.Tasks.Task`1[Microsoft.AspNetCore.Mvc.IActionResult] GetCompanyInfo() on controller AuthNet.Controllers.SettingsController (AuthNet).
2025-07-19 19:22:15.391 +05:30 [WRN] The query uses the 'First'/'FirstOrDefault' operator without 'OrderBy' and filter operators. This may lead to unpredictable results.
2025-07-19 19:22:15.415 +05:30 [INF] Executed DbCommand (8ms) [Parameters=[], CommandType='"Text"', CommandTimeout='30']
SELECT TOP(1) [c].[Id], [c].[Address], [c].[ContactNumber], [c].[Email], [c].[GSTIN], [c].[LogoFileExtension], [c].[LogoFilePath], [c].[LogoFileSizeInBytes], [c].[LogoName], [c].[Name], [c].[SignFileExtension], [c].[SignFilePath], [c].[SignFileSizeInBytes], [c].[SignName]
FROM [CompanyInfos] AS [c]
2025-07-19 19:22:15.481 +05:30 [INF] Executing OkObjectResult, writing value of type 'AuthNet.Models.DTO.CompanyInfoResponseDto'.
2025-07-19 19:22:15.488 +05:30 [INF] Executed action AuthNet.Controllers.SettingsController.GetCompanyInfo (AuthNet) in 110.1302ms
2025-07-19 19:22:15.488 +05:30 [INF] Executed endpoint 'AuthNet.Controllers.SettingsController.GetCompanyInfo (AuthNet)'
2025-07-19 19:22:15.489 +05:30 [INF] Request finished HTTP/1.1 GET https://localhost:7165/api/Settings/Get - 200 null application/json; charset=utf-8 123.0608ms
2025-07-19 19:22:20.115 +05:30 [INF] Request starting HTTP/1.1 POST https://localhost:7165/api/Auth/login - application/json; charset=utf-8 null
2025-07-19 19:22:20.119 +05:30 [INF] Executing endpoint 'AuthNet.Controllers.AuthController.Login (AuthNet)'
2025-07-19 19:22:20.138 +05:30 [INF] Route matched with {action = "Login", controller = "Auth"}. Executing controller action with signature System.Threading.Tasks.Task`1[Microsoft.AspNetCore.Mvc.IActionResult] Login(AuthNet.Models.DTO.LoginDto) on controller AuthNet.Controllers.AuthController (AuthNet).
2025-07-19 19:22:20.275 +05:30 [INF] Executed DbCommand (7ms) [Parameters=[@__username_0='?' (Size = 100)], CommandType='"Text"', CommandTimeout='30']
SELECT TOP(1) [u].[UserId], [u].[CreatedAt], [u].[Email], [u].[Firstname], [u].[Lastname], [u].[PasswordHash], [u].[Role], [u].[Username]
FROM [Users] AS [u]
WHERE [u].[Username] = @__username_0
2025-07-19 19:22:21.512 +05:30 [INF] Executing OkObjectResult, writing value of type 'AuthNet.Models.DTO.ServiceResponse`1[[AuthNet.Models.DTO.LoginResponseDto, AuthNet, Version=1.0.0.0, Culture=neutral, PublicKeyToken=null]]'.
2025-07-19 19:22:21.523 +05:30 [INF] Executed action AuthNet.Controllers.AuthController.Login (AuthNet) in 1385.0512ms
2025-07-19 19:22:21.523 +05:30 [INF] Executed endpoint 'AuthNet.Controllers.AuthController.Login (AuthNet)'
2025-07-19 19:22:21.524 +05:30 [INF] Request finished HTTP/1.1 POST https://localhost:7165/api/Auth/login - 200 null application/json; charset=utf-8 1409.0183ms
2025-07-19 19:22:21.577 +05:30 [INF] Request starting HTTP/1.1 GET https://localhost:7165/api/Sales/DailyProfit - null null
2025-07-19 19:22:21.579 +05:30 [INF] Executing endpoint 'AuthNet.Controllers.SalesController.GetDailyProfit (AuthNet)'
2025-07-19 19:22:21.579 +05:30 [INF] Route matched with {action = "GetDailyProfit", controller = "Sales"}. Executing controller action with signature System.Threading.Tasks.Task`1[Microsoft.AspNetCore.Mvc.IActionResult] GetDailyProfit() on controller AuthNet.Controllers.SalesController (AuthNet).
2025-07-19 19:22:21.599 +05:30 [INF] Executed DbCommand (10ms) [Parameters=[@__date_Date_0='?' (DbType = DateTime2)], CommandType='"Text"', CommandTimeout='30']
SELECT [s].[Id], [s].[ProductId], [s].[ProductName], [s].[Quantity], [s].[SaleId], [s].[TotalPrice], [s].[UnitPrice], [s0].[Id], [s0].[AfterTaxAmount], [s0].[CreatedAt], [s0].[DiscountedAmount], [s0].[InvoiceDate], [s0].[InvoiceNo], [s0].[PrincipalAmount], [s0].[Template], [s0].[TotalAmount]
FROM [SaleItems] AS [s]
INNER JOIN [Sales] AS [s0] ON [s].[SaleId] = [s0].[Id]
WHERE CONVERT(date, [s0].[InvoiceDate]) = @__date_Date_0
2025-07-19 19:22:21.663 +05:30 [INF] Executed DbCommand (60ms) [Parameters=[@__productIds_0='?' (Size = 4000)], CommandType='"Text"', CommandTimeout='30']
SELECT [p].[ProductId], [p].[CategoryId], [p].[CostPrice], [p].[Description], [p].[Name], [p].[ProductCode], [p].[ProductKey], [p].[SellPrice], [p].[SupplierId]
FROM [Products] AS [p]
WHERE [p].[ProductId] IN (
    SELECT [p0].[value]
    FROM OPENJSON(@__productIds_0) WITH ([value] int '$') AS [p0]
)
2025-07-19 19:22:21.664 +05:30 [INF] Executing OkObjectResult, writing value of type 'AuthNet.Models.DTO.DailyProfitDto'.
2025-07-19 19:22:21.665 +05:30 [INF] Executed action AuthNet.Controllers.SalesController.GetDailyProfit (AuthNet) in 85.588ms
2025-07-19 19:22:21.665 +05:30 [INF] Executed endpoint 'AuthNet.Controllers.SalesController.GetDailyProfit (AuthNet)'
2025-07-19 19:22:21.666 +05:30 [INF] Request finished HTTP/1.1 GET https://localhost:7165/api/Sales/DailyProfit - 200 null application/json; charset=utf-8 89.3332ms
2025-07-19 19:22:21.699 +05:30 [INF] Request starting HTTP/1.1 GET https://localhost:7165/api/Sales/CurrentMonthProfit - null null
2025-07-19 19:22:21.703 +05:30 [INF] Executing endpoint 'AuthNet.Controllers.SalesController.GetCurrentMonthProfit (AuthNet)'
2025-07-19 19:22:21.703 +05:30 [INF] Route matched with {action = "GetCurrentMonthProfit", controller = "Sales"}. Executing controller action with signature System.Threading.Tasks.Task`1[Microsoft.AspNetCore.Mvc.IActionResult] GetCurrentMonthProfit() on controller AuthNet.Controllers.SalesController (AuthNet).
2025-07-19 19:22:21.721 +05:30 [INF] Executed DbCommand (14ms) [Parameters=[@__currentYear_0='?' (DbType = Int32), @__currentMonth_1='?' (DbType = Int32)], CommandType='"Text"', CommandTimeout='30']
SELECT [s].[Id], [s].[ProductId], [s].[ProductName], [s].[Quantity], [s].[SaleId], [s].[TotalPrice], [s].[UnitPrice], [s0].[Id], [s0].[AfterTaxAmount], [s0].[CreatedAt], [s0].[DiscountedAmount], [s0].[InvoiceDate], [s0].[InvoiceNo], [s0].[PrincipalAmount], [s0].[Template], [s0].[TotalAmount]
FROM [SaleItems] AS [s]
INNER JOIN [Sales] AS [s0] ON [s].[SaleId] = [s0].[Id]
WHERE DATEPART(year, [s0].[InvoiceDate]) = @__currentYear_0 AND DATEPART(month, [s0].[InvoiceDate]) = @__currentMonth_1
2025-07-19 19:22:21.741 +05:30 [INF] Executed DbCommand (16ms) [Parameters=[@__productIds_0='?' (Size = 4000)], CommandType='"Text"', CommandTimeout='30']
SELECT [p].[ProductId], [p].[CategoryId], [p].[CostPrice], [p].[Description], [p].[Name], [p].[ProductCode], [p].[ProductKey], [p].[SellPrice], [p].[SupplierId]
FROM [Products] AS [p]
WHERE [p].[ProductId] IN (
    SELECT [p0].[value]
    FROM OPENJSON(@__productIds_0) WITH ([value] int '$') AS [p0]
)
2025-07-19 19:22:21.742 +05:30 [INF] Executing OkObjectResult, writing value of type 'AuthNet.Models.DTO.MonthlyProfitDto'.
2025-07-19 19:22:21.743 +05:30 [INF] Executed action AuthNet.Controllers.SalesController.GetCurrentMonthProfit (AuthNet) in 39.1771ms
2025-07-19 19:22:21.743 +05:30 [INF] Executed endpoint 'AuthNet.Controllers.SalesController.GetCurrentMonthProfit (AuthNet)'
2025-07-19 19:22:21.744 +05:30 [INF] Request finished HTTP/1.1 GET https://localhost:7165/api/Sales/CurrentMonthProfit - 200 null application/json; charset=utf-8 44.651ms
2025-07-19 19:22:21.769 +05:30 [INF] Request starting HTTP/1.1 GET https://localhost:7165/api/Tasks - null null
2025-07-19 19:22:21.770 +05:30 [INF] Executing endpoint 'AuthNet.Controllers.TasksController.GetTasks (AuthNet)'
2025-07-19 19:22:21.770 +05:30 [INF] Route matched with {action = "GetTasks", controller = "Tasks"}. Executing controller action with signature Microsoft.AspNetCore.Mvc.IActionResult GetTasks() on controller AuthNet.Controllers.TasksController (AuthNet).
2025-07-19 19:22:21.778 +05:30 [INF] Executed DbCommand (3ms) [Parameters=[], CommandType='"Text"', CommandTimeout='30']
SELECT [t].[Id], [t].[Title], [t].[DueDate]
FROM [Tasks] AS [t]
2025-07-19 19:22:21.779 +05:30 [INF] Executing OkObjectResult, writing value of type 'System.Collections.Generic.List`1[[AuthNet.Models.DTO.TaskItemDto, AuthNet, Version=1.0.0.0, Culture=neutral, PublicKeyToken=null]]'.
2025-07-19 19:22:21.779 +05:30 [INF] Executed action AuthNet.Controllers.TasksController.GetTasks (AuthNet) in 8.9963ms
2025-07-19 19:22:21.779 +05:30 [INF] Executed endpoint 'AuthNet.Controllers.TasksController.GetTasks (AuthNet)'
2025-07-19 19:22:21.780 +05:30 [INF] Request finished HTTP/1.1 GET https://localhost:7165/api/Tasks - 200 null application/json; charset=utf-8 10.9803ms
2025-07-19 19:22:21.801 +05:30 [INF] Request starting HTTP/1.1 GET https://localhost:7165/api/Settings/Get - null null
2025-07-19 19:22:21.804 +05:30 [INF] Executing endpoint 'AuthNet.Controllers.SettingsController.GetCompanyInfo (AuthNet)'
2025-07-19 19:22:21.804 +05:30 [INF] Route matched with {action = "GetCompanyInfo", controller = "Settings"}. Executing controller action with signature System.Threading.Tasks.Task`1[Microsoft.AspNetCore.Mvc.IActionResult] GetCompanyInfo() on controller AuthNet.Controllers.SettingsController (AuthNet).
2025-07-19 19:22:21.821 +05:30 [INF] Executed DbCommand (11ms) [Parameters=[], CommandType='"Text"', CommandTimeout='30']
SELECT TOP(1) [c].[Id], [c].[Address], [c].[ContactNumber], [c].[Email], [c].[GSTIN], [c].[LogoFileExtension], [c].[LogoFilePath], [c].[LogoFileSizeInBytes], [c].[LogoName], [c].[Name], [c].[SignFileExtension], [c].[SignFilePath], [c].[SignFileSizeInBytes], [c].[SignName]
FROM [CompanyInfos] AS [c]
2025-07-19 19:22:21.823 +05:30 [INF] Executing OkObjectResult, writing value of type 'AuthNet.Models.DTO.CompanyInfoResponseDto'.
2025-07-19 19:22:21.824 +05:30 [INF] Executed action AuthNet.Controllers.SettingsController.GetCompanyInfo (AuthNet) in 19.7932ms
2025-07-19 19:22:21.825 +05:30 [INF] Executed endpoint 'AuthNet.Controllers.SettingsController.GetCompanyInfo (AuthNet)'
2025-07-19 19:22:21.826 +05:30 [INF] Request finished HTTP/1.1 GET https://localhost:7165/api/Settings/Get - 200 null application/json; charset=utf-8 25.0021ms
2025-07-19 19:22:52.306 +05:30 [INF] Request starting HTTP/1.1 GET https://localhost:7165/api/Sales/DailyProfit - null null
2025-07-19 19:22:52.314 +05:30 [INF] Executing endpoint 'AuthNet.Controllers.SalesController.GetDailyProfit (AuthNet)'
2025-07-19 19:22:52.316 +05:30 [INF] Route matched with {action = "GetDailyProfit", controller = "Sales"}. Executing controller action with signature System.Threading.Tasks.Task`1[Microsoft.AspNetCore.Mvc.IActionResult] GetDailyProfit() on controller AuthNet.Controllers.SalesController (AuthNet).
2025-07-19 19:22:52.347 +05:30 [INF] Executed DbCommand (23ms) [Parameters=[@__date_Date_0='?' (DbType = DateTime2)], CommandType='"Text"', CommandTimeout='30']
SELECT [s].[Id], [s].[ProductId], [s].[ProductName], [s].[Quantity], [s].[SaleId], [s].[TotalPrice], [s].[UnitPrice], [s0].[Id], [s0].[AfterTaxAmount], [s0].[CreatedAt], [s0].[DiscountedAmount], [s0].[InvoiceDate], [s0].[InvoiceNo], [s0].[PrincipalAmount], [s0].[Template], [s0].[TotalAmount]
FROM [SaleItems] AS [s]
INNER JOIN [Sales] AS [s0] ON [s].[SaleId] = [s0].[Id]
WHERE CONVERT(date, [s0].[InvoiceDate]) = @__date_Date_0
2025-07-19 19:22:52.361 +05:30 [INF] Executed DbCommand (12ms) [Parameters=[@__productIds_0='?' (Size = 4000)], CommandType='"Text"', CommandTimeout='30']
SELECT [p].[ProductId], [p].[CategoryId], [p].[CostPrice], [p].[Description], [p].[Name], [p].[ProductCode], [p].[ProductKey], [p].[SellPrice], [p].[SupplierId]
FROM [Products] AS [p]
WHERE [p].[ProductId] IN (
    SELECT [p0].[value]
    FROM OPENJSON(@__productIds_0) WITH ([value] int '$') AS [p0]
)
2025-07-19 19:22:52.362 +05:30 [INF] Executing OkObjectResult, writing value of type 'AuthNet.Models.DTO.DailyProfitDto'.
2025-07-19 19:22:52.362 +05:30 [INF] Executed action AuthNet.Controllers.SalesController.GetDailyProfit (AuthNet) in 45.3532ms
2025-07-19 19:22:52.362 +05:30 [INF] Executed endpoint 'AuthNet.Controllers.SalesController.GetDailyProfit (AuthNet)'
2025-07-19 19:22:52.363 +05:30 [INF] Request finished HTTP/1.1 GET https://localhost:7165/api/Sales/DailyProfit - 200 null application/json; charset=utf-8 57.5842ms
2025-07-19 19:22:52.387 +05:30 [INF] Request starting HTTP/1.1 GET https://localhost:7165/api/Sales/CurrentMonthProfit - null null
2025-07-19 19:22:52.388 +05:30 [INF] Executing endpoint 'AuthNet.Controllers.SalesController.GetCurrentMonthProfit (AuthNet)'
2025-07-19 19:22:52.388 +05:30 [INF] Route matched with {action = "GetCurrentMonthProfit", controller = "Sales"}. Executing controller action with signature System.Threading.Tasks.Task`1[Microsoft.AspNetCore.Mvc.IActionResult] GetCurrentMonthProfit() on controller AuthNet.Controllers.SalesController (AuthNet).
2025-07-19 19:22:52.404 +05:30 [INF] Executed DbCommand (14ms) [Parameters=[@__currentYear_0='?' (DbType = Int32), @__currentMonth_1='?' (DbType = Int32)], CommandType='"Text"', CommandTimeout='30']
SELECT [s].[Id], [s].[ProductId], [s].[ProductName], [s].[Quantity], [s].[SaleId], [s].[TotalPrice], [s].[UnitPrice], [s0].[Id], [s0].[AfterTaxAmount], [s0].[CreatedAt], [s0].[DiscountedAmount], [s0].[InvoiceDate], [s0].[InvoiceNo], [s0].[PrincipalAmount], [s0].[Template], [s0].[TotalAmount]
FROM [SaleItems] AS [s]
INNER JOIN [Sales] AS [s0] ON [s].[SaleId] = [s0].[Id]
WHERE DATEPART(year, [s0].[InvoiceDate]) = @__currentYear_0 AND DATEPART(month, [s0].[InvoiceDate]) = @__currentMonth_1
2025-07-19 19:22:52.409 +05:30 [INF] Executed DbCommand (2ms) [Parameters=[@__productIds_0='?' (Size = 4000)], CommandType='"Text"', CommandTimeout='30']
SELECT [p].[ProductId], [p].[CategoryId], [p].[CostPrice], [p].[Description], [p].[Name], [p].[ProductCode], [p].[ProductKey], [p].[SellPrice], [p].[SupplierId]
FROM [Products] AS [p]
WHERE [p].[ProductId] IN (
    SELECT [p0].[value]
    FROM OPENJSON(@__productIds_0) WITH ([value] int '$') AS [p0]
)
2025-07-19 19:22:52.411 +05:30 [INF] Executing OkObjectResult, writing value of type 'AuthNet.Models.DTO.MonthlyProfitDto'.
2025-07-19 19:22:52.411 +05:30 [INF] Executed action AuthNet.Controllers.SalesController.GetCurrentMonthProfit (AuthNet) in 23.2065ms
2025-07-19 19:22:52.411 +05:30 [INF] Executed endpoint 'AuthNet.Controllers.SalesController.GetCurrentMonthProfit (AuthNet)'
2025-07-19 19:22:52.412 +05:30 [INF] Request finished HTTP/1.1 GET https://localhost:7165/api/Sales/CurrentMonthProfit - 200 null application/json; charset=utf-8 25.1803ms
2025-07-19 19:22:52.437 +05:30 [INF] Request starting HTTP/1.1 GET https://localhost:7165/api/Tasks - null null
2025-07-19 19:22:52.438 +05:30 [INF] Executing endpoint 'AuthNet.Controllers.TasksController.GetTasks (AuthNet)'
2025-07-19 19:22:52.438 +05:30 [INF] Route matched with {action = "GetTasks", controller = "Tasks"}. Executing controller action with signature Microsoft.AspNetCore.Mvc.IActionResult GetTasks() on controller AuthNet.Controllers.TasksController (AuthNet).
2025-07-19 19:22:52.445 +05:30 [INF] Executed DbCommand (4ms) [Parameters=[], CommandType='"Text"', CommandTimeout='30']
SELECT [t].[Id], [t].[Title], [t].[DueDate]
FROM [Tasks] AS [t]
2025-07-19 19:22:52.446 +05:30 [INF] Executing OkObjectResult, writing value of type 'System.Collections.Generic.List`1[[AuthNet.Models.DTO.TaskItemDto, AuthNet, Version=1.0.0.0, Culture=neutral, PublicKeyToken=null]]'.
2025-07-19 19:22:52.446 +05:30 [INF] Executed action AuthNet.Controllers.TasksController.GetTasks (AuthNet) in 7.9267ms
2025-07-19 19:22:52.446 +05:30 [INF] Executed endpoint 'AuthNet.Controllers.TasksController.GetTasks (AuthNet)'
2025-07-19 19:22:52.446 +05:30 [INF] Request finished HTTP/1.1 GET https://localhost:7165/api/Tasks - 200 null application/json; charset=utf-8 9.6118ms
2025-07-19 19:22:52.469 +05:30 [INF] Request starting HTTP/1.1 GET https://localhost:7165/api/Settings/Get - null null
2025-07-19 19:22:52.469 +05:30 [INF] Executing endpoint 'AuthNet.Controllers.SettingsController.GetCompanyInfo (AuthNet)'
2025-07-19 19:22:52.469 +05:30 [INF] Route matched with {action = "GetCompanyInfo", controller = "Settings"}. Executing controller action with signature System.Threading.Tasks.Task`1[Microsoft.AspNetCore.Mvc.IActionResult] GetCompanyInfo() on controller AuthNet.Controllers.SettingsController (AuthNet).
2025-07-19 19:22:52.480 +05:30 [INF] Executed DbCommand (8ms) [Parameters=[], CommandType='"Text"', CommandTimeout='30']
SELECT TOP(1) [c].[Id], [c].[Address], [c].[ContactNumber], [c].[Email], [c].[GSTIN], [c].[LogoFileExtension], [c].[LogoFilePath], [c].[LogoFileSizeInBytes], [c].[LogoName], [c].[Name], [c].[SignFileExtension], [c].[SignFilePath], [c].[SignFileSizeInBytes], [c].[SignName]
FROM [CompanyInfos] AS [c]
2025-07-19 19:22:52.481 +05:30 [INF] Executing OkObjectResult, writing value of type 'AuthNet.Models.DTO.CompanyInfoResponseDto'.
2025-07-19 19:22:52.481 +05:30 [INF] Executed action AuthNet.Controllers.SettingsController.GetCompanyInfo (AuthNet) in 11.9252ms
2025-07-19 19:22:52.481 +05:30 [INF] Executed endpoint 'AuthNet.Controllers.SettingsController.GetCompanyInfo (AuthNet)'
2025-07-19 19:22:52.482 +05:30 [INF] Request finished HTTP/1.1 GET https://localhost:7165/api/Settings/Get - 200 null application/json; charset=utf-8 13.9662ms
2025-07-19 19:22:53.788 +05:30 [INF] Request starting HTTP/2 GET https://localhost:7165/swagger/index.html - null null
2025-07-19 19:22:53.831 +05:30 [INF] Request finished HTTP/2 GET https://localhost:7165/swagger/index.html - 200 null text/html;charset=utf-8 43.2642ms
2025-07-19 19:22:53.894 +05:30 [INF] Request starting HTTP/2 GET https://localhost:7165/_framework/aspnetcore-browser-refresh.js - null null
2025-07-19 19:22:53.895 +05:30 [INF] Request starting HTTP/2 GET https://localhost:7165/_vs/browserLink - null null
2025-07-19 19:22:53.901 +05:30 [INF] Request finished HTTP/2 GET https://localhost:7165/_framework/aspnetcore-browser-refresh.js - 200 16499 application/javascript; charset=utf-8 7.4507ms
2025-07-19 19:22:53.942 +05:30 [INF] Request finished HTTP/2 GET https://localhost:7165/_vs/browserLink - 200 null text/javascript; charset=UTF-8 46.6556ms
2025-07-19 19:22:54.070 +05:30 [INF] Request starting HTTP/2 GET https://localhost:7165/swagger/v1/swagger.json - null null
2025-07-19 19:22:54.196 +05:30 [INF] Request finished HTTP/2 GET https://localhost:7165/swagger/v1/swagger.json - 200 null application/json;charset=utf-8 131.1549ms
2025-07-19 19:23:00.706 +05:30 [INF] Request starting HTTP/1.1 GET https://localhost:7165/api/Products - null null
2025-07-19 19:23:00.707 +05:30 [INF] Executing endpoint 'AuthNet.Controllers.ProductsController.GetAll (AuthNet)'
2025-07-19 19:23:00.717 +05:30 [INF] Route matched with {action = "GetAll", controller = "Products"}. Executing controller action with signature System.Threading.Tasks.Task`1[Microsoft.AspNetCore.Mvc.IActionResult] GetAll() on controller AuthNet.Controllers.ProductsController (AuthNet).
2025-07-19 19:23:00.742 +05:30 [INF] Executed DbCommand (11ms) [Parameters=[], CommandType='"Text"', CommandTimeout='30']
SELECT [p].[ProductId], [p].[CategoryId], [p].[CostPrice], [p].[Description], [p].[Name], [p].[ProductCode], [p].[ProductKey], [p].[SellPrice], [p].[SupplierId]
FROM [Products] AS [p]
2025-07-19 19:23:00.744 +05:30 [INF] Executing OkObjectResult, writing value of type 'System.Collections.Generic.List`1[[AuthNet.Models.Domain.Product, AuthNet, Version=1.0.0.0, Culture=neutral, PublicKeyToken=null]]'.
2025-07-19 19:23:00.779 +05:30 [INF] Executed action AuthNet.Controllers.ProductsController.GetAll (AuthNet) in 62.2054ms
2025-07-19 19:23:00.780 +05:30 [INF] Executed endpoint 'AuthNet.Controllers.ProductsController.GetAll (AuthNet)'
2025-07-19 19:23:00.780 +05:30 [INF] Request finished HTTP/1.1 GET https://localhost:7165/api/Products - 200 null application/json; charset=utf-8 74.1156ms
2025-07-19 19:23:00.815 +05:30 [INF] Request starting HTTP/1.1 GET https://localhost:7165/api/InvoiceTemplates - null null
2025-07-19 19:23:00.823 +05:30 [INF] Executing endpoint 'AuthNet.Controllers.InvoiceTemplatesController.GetAll (AuthNet)'
2025-07-19 19:23:00.830 +05:30 [INF] Route matched with {action = "GetAll", controller = "InvoiceTemplates"}. Executing controller action with signature System.Threading.Tasks.Task`1[Microsoft.AspNetCore.Mvc.IActionResult] GetAll() on controller AuthNet.Controllers.InvoiceTemplatesController (AuthNet).
2025-07-19 19:23:00.853 +05:30 [INF] Executed DbCommand (9ms) [Parameters=[], CommandType='"Text"', CommandTimeout='30']
SELECT [i].[Id], [i].[Layout], [i].[Notes], [i].[TermsAndConditions]
FROM [InvoiceTemplates] AS [i]
2025-07-19 19:23:00.877 +05:30 [INF] Executing OkObjectResult, writing value of type 'System.Collections.Generic.List`1[[AuthNet.Models.Domain.InvoiceTemplate, AuthNet, Version=1.0.0.0, Culture=neutral, PublicKeyToken=null]]'.
2025-07-19 19:23:00.880 +05:30 [INF] Executed action AuthNet.Controllers.InvoiceTemplatesController.GetAll (AuthNet) in 49.8628ms
2025-07-19 19:23:00.880 +05:30 [INF] Executed endpoint 'AuthNet.Controllers.InvoiceTemplatesController.GetAll (AuthNet)'
2025-07-19 19:23:00.881 +05:30 [INF] Request finished HTTP/1.1 GET https://localhost:7165/api/InvoiceTemplates - 200 null application/json; charset=utf-8 65.302ms
2025-07-19 19:23:00.919 +05:30 [INF] Request starting HTTP/1.1 GET https://localhost:7165/api/categories - null null
2025-07-19 19:23:00.919 +05:30 [INF] Executing endpoint 'AuthNet.Controllers.CategoriesController.GetAll (AuthNet)'
2025-07-19 19:23:00.927 +05:30 [INF] Route matched with {action = "GetAll", controller = "Categories"}. Executing controller action with signature System.Threading.Tasks.Task`1[Microsoft.AspNetCore.Mvc.IActionResult] GetAll() on controller AuthNet.Controllers.CategoriesController (AuthNet).
2025-07-19 19:23:00.947 +05:30 [INF] Executed DbCommand (6ms) [Parameters=[], CommandType='"Text"', CommandTimeout='30']
SELECT [c].[CategoryId], [c].[Description], [c].[Name]
FROM [Categories] AS [c]
2025-07-19 19:23:00.969 +05:30 [INF] Executing OkObjectResult, writing value of type 'System.Collections.Generic.List`1[[AuthNet.Models.Domain.Category, AuthNet, Version=1.0.0.0, Culture=neutral, PublicKeyToken=null]]'.
2025-07-19 19:23:00.973 +05:30 [INF] Executed action AuthNet.Controllers.CategoriesController.GetAll (AuthNet) in 46.3864ms
2025-07-19 19:23:00.973 +05:30 [INF] Executed endpoint 'AuthNet.Controllers.CategoriesController.GetAll (AuthNet)'
2025-07-19 19:23:00.974 +05:30 [INF] Request finished HTTP/1.1 GET https://localhost:7165/api/categories - 200 null application/json; charset=utf-8 55.7404ms
2025-07-19 19:23:01.057 +05:30 [INF] Request starting HTTP/1.1 GET https://localhost:7165/api/Settings/Get - null null
2025-07-19 19:23:01.058 +05:30 [INF] Executing endpoint 'AuthNet.Controllers.SettingsController.GetCompanyInfo (AuthNet)'
2025-07-19 19:23:01.067 +05:30 [INF] Route matched with {action = "GetCompanyInfo", controller = "Settings"}. Executing controller action with signature System.Threading.Tasks.Task`1[Microsoft.AspNetCore.Mvc.IActionResult] GetCompanyInfo() on controller AuthNet.Controllers.SettingsController (AuthNet).
2025-07-19 19:23:01.076 +05:30 [INF] Executed DbCommand (7ms) [Parameters=[], CommandType='"Text"', CommandTimeout='30']
SELECT TOP(1) [c].[Id], [c].[Address], [c].[ContactNumber], [c].[Email], [c].[GSTIN], [c].[LogoFileExtension], [c].[LogoFilePath], [c].[LogoFileSizeInBytes], [c].[LogoName], [c].[Name], [c].[SignFileExtension], [c].[SignFilePath], [c].[SignFileSizeInBytes], [c].[SignName]
FROM [CompanyInfos] AS [c]
2025-07-19 19:23:01.077 +05:30 [INF] Executing OkObjectResult, writing value of type 'AuthNet.Models.DTO.CompanyInfoResponseDto'.
2025-07-19 19:23:01.080 +05:30 [INF] Executed action AuthNet.Controllers.SettingsController.GetCompanyInfo (AuthNet) in 12.6271ms
2025-07-19 19:23:01.080 +05:30 [INF] Executed endpoint 'AuthNet.Controllers.SettingsController.GetCompanyInfo (AuthNet)'
2025-07-19 19:23:01.080 +05:30 [INF] Request finished HTTP/1.1 GET https://localhost:7165/api/Settings/Get - 200 null application/json; charset=utf-8 23.2597ms
2025-07-19 19:23:01.128 +05:30 [INF] Request starting HTTP/1.1 GET https://localhost:7165/api/TaxSettings - null null
2025-07-19 19:23:01.130 +05:30 [INF] Executing endpoint 'AuthNet.Controllers.TaxSettingsController.GetAll (AuthNet)'
2025-07-19 19:23:01.137 +05:30 [INF] Route matched with {action = "GetAll", controller = "TaxSettings"}. Executing controller action with signature System.Threading.Tasks.Task`1[Microsoft.AspNetCore.Mvc.IActionResult] GetAll() on controller AuthNet.Controllers.TaxSettingsController (AuthNet).
2025-07-19 19:23:01.145 +05:30 [WRN] The query uses the 'First'/'FirstOrDefault' operator without 'OrderBy' and filter operators. This may lead to unpredictable results.
2025-07-19 19:23:01.160 +05:30 [INF] Executed DbCommand (7ms) [Parameters=[], CommandType='"Text"', CommandTimeout='30']
SELECT TOP(1) [t].[Id], [t].[CGST], [t].[IGST], [t].[SGST]
FROM [TaxSettings] AS [t]
2025-07-19 19:23:01.186 +05:30 [INF] Executing OkObjectResult, writing value of type 'AuthNet.Models.DTO.TaxSettingResponseDto'.
2025-07-19 19:23:01.189 +05:30 [INF] Executed action AuthNet.Controllers.TaxSettingsController.GetAll (AuthNet) in 51.7575ms
2025-07-19 19:23:01.189 +05:30 [INF] Executed endpoint 'AuthNet.Controllers.TaxSettingsController.GetAll (AuthNet)'
2025-07-19 19:23:01.190 +05:30 [INF] Request finished HTTP/1.1 GET https://localhost:7165/api/TaxSettings - 200 null application/json; charset=utf-8 61.7367ms
2025-07-19 19:23:14.404 +05:30 [INF] Request starting HTTP/2 OPTIONS https://localhost:7165/api/Sales - null null
2025-07-19 19:23:14.422 +05:30 [INF] CORS policy execution successful.
2025-07-19 19:23:14.426 +05:30 [INF] Request finished HTTP/2 OPTIONS https://localhost:7165/api/Sales - 204 null null 21.8854ms
2025-07-19 19:23:14.428 +05:30 [INF] Request starting HTTP/2 POST https://localhost:7165/api/Sales - application/json 345
2025-07-19 19:23:14.430 +05:30 [INF] CORS policy execution successful.
2025-07-19 19:23:14.430 +05:30 [INF] Executing endpoint 'AuthNet.Controllers.SalesController.Create (AuthNet)'
2025-07-19 19:23:14.437 +05:30 [INF] Route matched with {action = "Create", controller = "Sales"}. Executing controller action with signature System.Threading.Tasks.Task`1[Microsoft.AspNetCore.Mvc.IActionResult] Create(AuthNet.Models.DTO.SaleDto) on controller AuthNet.Controllers.SalesController (AuthNet).
2025-07-19 19:23:14.875 +05:30 [INF] Executed DbCommand (22ms) [Parameters=[@p0='?' (Precision = 18) (Scale = 2) (DbType = Decimal), @p1='?' (DbType = DateTime2), @p2='?' (Precision = 18) (Scale = 2) (DbType = Decimal), @p3='?' (DbType = DateTime2), @p4='?' (Size = 4000), @p5='?' (Precision = 18) (Scale = 2) (DbType = Decimal), @p6='?' (Size = 4000), @p7='?' (Precision = 18) (Scale = 2) (DbType = Decimal)], CommandType='"Text"', CommandTimeout='30']
SET IMPLICIT_TRANSACTIONS OFF;
SET NOCOUNT ON;
INSERT INTO [Sales] ([AfterTaxAmount], [CreatedAt], [DiscountedAmount], [InvoiceDate], [InvoiceNo], [PrincipalAmount], [Template], [TotalAmount])
OUTPUT INSERTED.[Id]
VALUES (@p0, @p1, @p2, @p3, @p4, @p5, @p6, @p7);
2025-07-19 19:23:14.952 +05:30 [INF] Executed DbCommand (29ms) [Parameters=[@p8='?' (DbType = Int32), @p9='?' (Size = 4000), @p10='?' (DbType = Int32), @p11='?' (DbType = Int32), @p12='?' (Precision = 18) (Scale = 2) (DbType = Decimal), @p13='?' (Precision = 18) (Scale = 2) (DbType = Decimal), @p14='?' (DbType = Int32), @p15='?' (Size = 4000), @p16='?' (DbType = Int32), @p17='?' (DbType = Int32), @p18='?' (Precision = 18) (Scale = 2) (DbType = Decimal), @p19='?' (Precision = 18) (Scale = 2) (DbType = Decimal), @p20='?' (DbType = Int32), @p21='?' (Size = 4000), @p22='?' (DbType = Int32), @p23='?' (DbType = Int32), @p24='?' (Precision = 18) (Scale = 2) (DbType = Decimal), @p25='?' (Precision = 18) (Scale = 2) (DbType = Decimal)], CommandType='"Text"', CommandTimeout='30']
SET IMPLICIT_TRANSACTIONS OFF;
SET NOCOUNT ON;
MERGE [SaleItems] USING (
VALUES (@p8, @p9, @p10, @p11, @p12, @p13, 0),
(@p14, @p15, @p16, @p17, @p18, @p19, 1),
(@p20, @p21, @p22, @p23, @p24, @p25, 2)) AS i ([ProductId], [ProductName], [Quantity], [SaleId], [TotalPrice], [UnitPrice], _Position) ON 1=0
WHEN NOT MATCHED THEN
INSERT ([ProductId], [ProductName], [Quantity], [SaleId], [TotalPrice], [UnitPrice])
VALUES (i.[ProductId], i.[ProductName], i.[Quantity], i.[SaleId], i.[TotalPrice], i.[UnitPrice])
OUTPUT INSERTED.[Id], i._Position;
2025-07-19 19:23:15.014 +05:30 [INF] Executing OkObjectResult, writing value of type '<>f__AnonymousType3`2[[System.Boolean, System.Private.CoreLib, Version=8.0.0.0, Culture=neutral, PublicKeyToken=7cec85d7bea7798e],[System.String, System.Private.CoreLib, Version=8.0.0.0, Culture=neutral, PublicKeyToken=7cec85d7bea7798e]]'.
2025-07-19 19:23:15.032 +05:30 [INF] Executed action AuthNet.Controllers.SalesController.Create (AuthNet) in 595.1655ms
2025-07-19 19:23:15.032 +05:30 [INF] Executed endpoint 'AuthNet.Controllers.SalesController.Create (AuthNet)'
2025-07-19 19:23:15.033 +05:30 [INF] Request finished HTTP/2 POST https://localhost:7165/api/Sales - 200 null application/json; charset=utf-8 604.1697ms
2025-07-19 19:23:17.542 +05:30 [INF] Request starting HTTP/1.1 GET https://localhost:7165/api/Sales/DailyProfit - null null
2025-07-19 19:23:17.544 +05:30 [INF] Executing endpoint 'AuthNet.Controllers.SalesController.GetDailyProfit (AuthNet)'
2025-07-19 19:23:17.554 +05:30 [INF] Route matched with {action = "GetDailyProfit", controller = "Sales"}. Executing controller action with signature System.Threading.Tasks.Task`1[Microsoft.AspNetCore.Mvc.IActionResult] GetDailyProfit() on controller AuthNet.Controllers.SalesController (AuthNet).
2025-07-19 19:23:17.573 +05:30 [INF] Executed DbCommand (17ms) [Parameters=[@__date_Date_0='?' (DbType = DateTime2)], CommandType='"Text"', CommandTimeout='30']
SELECT [s].[Id], [s].[ProductId], [s].[ProductName], [s].[Quantity], [s].[SaleId], [s].[TotalPrice], [s].[UnitPrice], [s0].[Id], [s0].[AfterTaxAmount], [s0].[CreatedAt], [s0].[DiscountedAmount], [s0].[InvoiceDate], [s0].[InvoiceNo], [s0].[PrincipalAmount], [s0].[Template], [s0].[TotalAmount]
FROM [SaleItems] AS [s]
INNER JOIN [Sales] AS [s0] ON [s].[SaleId] = [s0].[Id]
WHERE CONVERT(date, [s0].[InvoiceDate]) = @__date_Date_0
2025-07-19 19:23:17.609 +05:30 [INF] Executed DbCommand (33ms) [Parameters=[@__productIds_0='?' (Size = 4000)], CommandType='"Text"', CommandTimeout='30']
SELECT [p].[ProductId], [p].[CategoryId], [p].[CostPrice], [p].[Description], [p].[Name], [p].[ProductCode], [p].[ProductKey], [p].[SellPrice], [p].[SupplierId]
FROM [Products] AS [p]
WHERE [p].[ProductId] IN (
    SELECT [p0].[value]
    FROM OPENJSON(@__productIds_0) WITH ([value] int '$') AS [p0]
)
2025-07-19 19:23:17.610 +05:30 [INF] Executing OkObjectResult, writing value of type 'AuthNet.Models.DTO.DailyProfitDto'.
2025-07-19 19:23:17.613 +05:30 [INF] Executed action AuthNet.Controllers.SalesController.GetDailyProfit (AuthNet) in 58.6235ms
2025-07-19 19:23:17.613 +05:30 [INF] Executed endpoint 'AuthNet.Controllers.SalesController.GetDailyProfit (AuthNet)'
2025-07-19 19:23:17.614 +05:30 [INF] Request finished HTTP/1.1 GET https://localhost:7165/api/Sales/DailyProfit - 200 null application/json; charset=utf-8 72.0421ms
2025-07-19 19:23:17.639 +05:30 [INF] Request starting HTTP/1.1 GET https://localhost:7165/api/Sales/CurrentMonthProfit - null null
2025-07-19 19:23:17.643 +05:30 [INF] Executing endpoint 'AuthNet.Controllers.SalesController.GetCurrentMonthProfit (AuthNet)'
2025-07-19 19:23:17.650 +05:30 [INF] Route matched with {action = "GetCurrentMonthProfit", controller = "Sales"}. Executing controller action with signature System.Threading.Tasks.Task`1[Microsoft.AspNetCore.Mvc.IActionResult] GetCurrentMonthProfit() on controller AuthNet.Controllers.SalesController (AuthNet).
2025-07-19 19:23:17.663 +05:30 [INF] Executed DbCommand (10ms) [Parameters=[@__currentYear_0='?' (DbType = Int32), @__currentMonth_1='?' (DbType = Int32)], CommandType='"Text"', CommandTimeout='30']
SELECT [s].[Id], [s].[ProductId], [s].[ProductName], [s].[Quantity], [s].[SaleId], [s].[TotalPrice], [s].[UnitPrice], [s0].[Id], [s0].[AfterTaxAmount], [s0].[CreatedAt], [s0].[DiscountedAmount], [s0].[InvoiceDate], [s0].[InvoiceNo], [s0].[PrincipalAmount], [s0].[Template], [s0].[TotalAmount]
FROM [SaleItems] AS [s]
INNER JOIN [Sales] AS [s0] ON [s].[SaleId] = [s0].[Id]
WHERE DATEPART(year, [s0].[InvoiceDate]) = @__currentYear_0 AND DATEPART(month, [s0].[InvoiceDate]) = @__currentMonth_1
2025-07-19 19:23:17.669 +05:30 [INF] Executed DbCommand (3ms) [Parameters=[@__productIds_0='?' (Size = 4000)], CommandType='"Text"', CommandTimeout='30']
SELECT [p].[ProductId], [p].[CategoryId], [p].[CostPrice], [p].[Description], [p].[Name], [p].[ProductCode], [p].[ProductKey], [p].[SellPrice], [p].[SupplierId]
FROM [Products] AS [p]
WHERE [p].[ProductId] IN (
    SELECT [p0].[value]
    FROM OPENJSON(@__productIds_0) WITH ([value] int '$') AS [p0]
)
2025-07-19 19:23:17.670 +05:30 [INF] Executing OkObjectResult, writing value of type 'AuthNet.Models.DTO.MonthlyProfitDto'.
2025-07-19 19:23:17.671 +05:30 [INF] Executed action AuthNet.Controllers.SalesController.GetCurrentMonthProfit (AuthNet) in 20.8889ms
2025-07-19 19:23:17.672 +05:30 [INF] Executed endpoint 'AuthNet.Controllers.SalesController.GetCurrentMonthProfit (AuthNet)'
2025-07-19 19:23:17.672 +05:30 [INF] Request finished HTTP/1.1 GET https://localhost:7165/api/Sales/CurrentMonthProfit - 200 null application/json; charset=utf-8 33.3195ms
2025-07-19 19:23:17.693 +05:30 [INF] Request starting HTTP/1.1 GET https://localhost:7165/api/Tasks - null null
2025-07-19 19:23:17.694 +05:30 [INF] Executing endpoint 'AuthNet.Controllers.TasksController.GetTasks (AuthNet)'
2025-07-19 19:23:17.697 +05:30 [INF] Route matched with {action = "GetTasks", controller = "Tasks"}. Executing controller action with signature Microsoft.AspNetCore.Mvc.IActionResult GetTasks() on controller AuthNet.Controllers.TasksController (AuthNet).
2025-07-19 19:23:17.702 +05:30 [INF] Executed DbCommand (1ms) [Parameters=[], CommandType='"Text"', CommandTimeout='30']
SELECT [t].[Id], [t].[Title], [t].[DueDate]
FROM [Tasks] AS [t]
2025-07-19 19:23:17.703 +05:30 [INF] Executing OkObjectResult, writing value of type 'System.Collections.Generic.List`1[[AuthNet.Models.DTO.TaskItemDto, AuthNet, Version=1.0.0.0, Culture=neutral, PublicKeyToken=null]]'.
2025-07-19 19:23:17.705 +05:30 [INF] Executed action AuthNet.Controllers.TasksController.GetTasks (AuthNet) in 8.3305ms
2025-07-19 19:23:17.705 +05:30 [INF] Executed endpoint 'AuthNet.Controllers.TasksController.GetTasks (AuthNet)'
2025-07-19 19:23:17.706 +05:30 [INF] Request finished HTTP/1.1 GET https://localhost:7165/api/Tasks - 200 null application/json; charset=utf-8 12.6402ms
2025-07-19 19:23:17.753 +05:30 [INF] Request starting HTTP/1.1 GET https://localhost:7165/api/Settings/Get - null null
2025-07-19 19:23:17.759 +05:30 [INF] Executing endpoint 'AuthNet.Controllers.SettingsController.GetCompanyInfo (AuthNet)'
2025-07-19 19:23:17.759 +05:30 [INF] Route matched with {action = "GetCompanyInfo", controller = "Settings"}. Executing controller action with signature System.Threading.Tasks.Task`1[Microsoft.AspNetCore.Mvc.IActionResult] GetCompanyInfo() on controller AuthNet.Controllers.SettingsController (AuthNet).
2025-07-19 19:23:17.772 +05:30 [INF] Executed DbCommand (10ms) [Parameters=[], CommandType='"Text"', CommandTimeout='30']
SELECT TOP(1) [c].[Id], [c].[Address], [c].[ContactNumber], [c].[Email], [c].[GSTIN], [c].[LogoFileExtension], [c].[LogoFilePath], [c].[LogoFileSizeInBytes], [c].[LogoName], [c].[Name], [c].[SignFileExtension], [c].[SignFilePath], [c].[SignFileSizeInBytes], [c].[SignName]
FROM [CompanyInfos] AS [c]
2025-07-19 19:23:17.772 +05:30 [INF] Executing OkObjectResult, writing value of type 'AuthNet.Models.DTO.CompanyInfoResponseDto'.
2025-07-19 19:23:17.773 +05:30 [INF] Executed action AuthNet.Controllers.SettingsController.GetCompanyInfo (AuthNet) in 13.4084ms
2025-07-19 19:23:17.773 +05:30 [INF] Executed endpoint 'AuthNet.Controllers.SettingsController.GetCompanyInfo (AuthNet)'
2025-07-19 19:23:17.773 +05:30 [INF] Request finished HTTP/1.1 GET https://localhost:7165/api/Settings/Get - 200 null application/json; charset=utf-8 20.5462ms
2025-07-19 19:24:48.924 +05:30 [INF] Request starting HTTP/1.1 GET https://localhost:7165/api/Sales/DailyProfit - null null
2025-07-19 19:24:48.925 +05:30 [INF] Executing endpoint 'AuthNet.Controllers.SalesController.GetDailyProfit (AuthNet)'
2025-07-19 19:24:48.925 +05:30 [INF] Route matched with {action = "GetDailyProfit", controller = "Sales"}. Executing controller action with signature System.Threading.Tasks.Task`1[Microsoft.AspNetCore.Mvc.IActionResult] GetDailyProfit() on controller AuthNet.Controllers.SalesController (AuthNet).
2025-07-19 19:24:48.957 +05:30 [INF] Executed DbCommand (28ms) [Parameters=[@__date_Date_0='?' (DbType = DateTime2)], CommandType='"Text"', CommandTimeout='30']
SELECT [s].[Id], [s].[ProductId], [s].[ProductName], [s].[Quantity], [s].[SaleId], [s].[TotalPrice], [s].[UnitPrice], [s0].[Id], [s0].[AfterTaxAmount], [s0].[CreatedAt], [s0].[DiscountedAmount], [s0].[InvoiceDate], [s0].[InvoiceNo], [s0].[PrincipalAmount], [s0].[Template], [s0].[TotalAmount]
FROM [SaleItems] AS [s]
INNER JOIN [Sales] AS [s0] ON [s].[SaleId] = [s0].[Id]
WHERE CONVERT(date, [s0].[InvoiceDate]) = @__date_Date_0
2025-07-19 19:24:48.984 +05:30 [INF] Executed DbCommand (25ms) [Parameters=[@__productIds_0='?' (Size = 4000)], CommandType='"Text"', CommandTimeout='30']
SELECT [p].[ProductId], [p].[CategoryId], [p].[CostPrice], [p].[Description], [p].[Name], [p].[ProductCode], [p].[ProductKey], [p].[SellPrice], [p].[SupplierId]
FROM [Products] AS [p]
WHERE [p].[ProductId] IN (
    SELECT [p0].[value]
    FROM OPENJSON(@__productIds_0) WITH ([value] int '$') AS [p0]
)
2025-07-19 19:24:48.985 +05:30 [INF] Executing OkObjectResult, writing value of type 'AuthNet.Models.DTO.DailyProfitDto'.
2025-07-19 19:24:48.986 +05:30 [INF] Executed action AuthNet.Controllers.SalesController.GetDailyProfit (AuthNet) in 60.7438ms
2025-07-19 19:24:48.986 +05:30 [INF] Executed endpoint 'AuthNet.Controllers.SalesController.GetDailyProfit (AuthNet)'
2025-07-19 19:24:48.987 +05:30 [INF] Request finished HTTP/1.1 GET https://localhost:7165/api/Sales/DailyProfit - 200 null application/json; charset=utf-8 62.9962ms
2025-07-19 19:24:49.077 +05:30 [INF] Request starting HTTP/1.1 GET https://localhost:7165/api/Sales/CurrentMonthProfit - null null
2025-07-19 19:24:49.078 +05:30 [INF] Executing endpoint 'AuthNet.Controllers.SalesController.GetCurrentMonthProfit (AuthNet)'
2025-07-19 19:24:49.091 +05:30 [INF] Request starting HTTP/2 GET https://localhost:7165/swagger/index.html - null null
2025-07-19 19:24:49.092 +05:30 [INF] Route matched with {action = "GetCurrentMonthProfit", controller = "Sales"}. Executing controller action with signature System.Threading.Tasks.Task`1[Microsoft.AspNetCore.Mvc.IActionResult] GetCurrentMonthProfit() on controller AuthNet.Controllers.SalesController (AuthNet).
2025-07-19 19:24:49.125 +05:30 [INF] Executed DbCommand (26ms) [Parameters=[@__currentYear_0='?' (DbType = Int32), @__currentMonth_1='?' (DbType = Int32)], CommandType='"Text"', CommandTimeout='30']
SELECT [s].[Id], [s].[ProductId], [s].[ProductName], [s].[Quantity], [s].[SaleId], [s].[TotalPrice], [s].[UnitPrice], [s0].[Id], [s0].[AfterTaxAmount], [s0].[CreatedAt], [s0].[DiscountedAmount], [s0].[InvoiceDate], [s0].[InvoiceNo], [s0].[PrincipalAmount], [s0].[Template], [s0].[TotalAmount]
FROM [SaleItems] AS [s]
INNER JOIN [Sales] AS [s0] ON [s].[SaleId] = [s0].[Id]
WHERE DATEPART(year, [s0].[InvoiceDate]) = @__currentYear_0 AND DATEPART(month, [s0].[InvoiceDate]) = @__currentMonth_1
2025-07-19 19:24:49.129 +05:30 [INF] Executed DbCommand (3ms) [Parameters=[@__productIds_0='?' (Size = 4000)], CommandType='"Text"', CommandTimeout='30']
SELECT [p].[ProductId], [p].[CategoryId], [p].[CostPrice], [p].[Description], [p].[Name], [p].[ProductCode], [p].[ProductKey], [p].[SellPrice], [p].[SupplierId]
FROM [Products] AS [p]
WHERE [p].[ProductId] IN (
    SELECT [p0].[value]
    FROM OPENJSON(@__productIds_0) WITH ([value] int '$') AS [p0]
)
2025-07-19 19:24:49.132 +05:30 [INF] Executing OkObjectResult, writing value of type 'AuthNet.Models.DTO.MonthlyProfitDto'.
2025-07-19 19:24:49.132 +05:30 [INF] Request finished HTTP/2 GET https://localhost:7165/swagger/index.html - 200 null text/html;charset=utf-8 40.9893ms
2025-07-19 19:24:49.134 +05:30 [INF] Executed action AuthNet.Controllers.SalesController.GetCurrentMonthProfit (AuthNet) in 41.5413ms
2025-07-19 19:24:49.134 +05:30 [INF] Executed endpoint 'AuthNet.Controllers.SalesController.GetCurrentMonthProfit (AuthNet)'
2025-07-19 19:24:49.135 +05:30 [INF] Request finished HTTP/1.1 GET https://localhost:7165/api/Sales/CurrentMonthProfit - 200 null application/json; charset=utf-8 58.485ms
2025-07-19 19:24:49.174 +05:30 [INF] Request starting HTTP/2 GET https://localhost:7165/_framework/aspnetcore-browser-refresh.js - null null
2025-07-19 19:24:49.202 +05:30 [INF] Request starting HTTP/2 GET https://localhost:7165/_vs/browserLink - null null
2025-07-19 19:24:49.238 +05:30 [INF] Request finished HTTP/2 GET https://localhost:7165/_framework/aspnetcore-browser-refresh.js - 200 16499 application/javascript; charset=utf-8 63.3546ms
2025-07-19 19:24:49.256 +05:30 [INF] Request starting HTTP/1.1 GET https://localhost:7165/api/Tasks - null null
2025-07-19 19:24:49.341 +05:30 [INF] Request finished HTTP/2 GET https://localhost:7165/_vs/browserLink - 200 null text/javascript; charset=UTF-8 138.4419ms
2025-07-19 19:24:49.349 +05:30 [INF] Executing endpoint 'AuthNet.Controllers.TasksController.GetTasks (AuthNet)'
2025-07-19 19:24:49.350 +05:30 [INF] Route matched with {action = "GetTasks", controller = "Tasks"}. Executing controller action with signature Microsoft.AspNetCore.Mvc.IActionResult GetTasks() on controller AuthNet.Controllers.TasksController (AuthNet).
2025-07-19 19:24:49.369 +05:30 [INF] Executed DbCommand (18ms) [Parameters=[], CommandType='"Text"', CommandTimeout='30']
SELECT [t].[Id], [t].[Title], [t].[DueDate]
FROM [Tasks] AS [t]
2025-07-19 19:24:49.369 +05:30 [INF] Executing OkObjectResult, writing value of type 'System.Collections.Generic.List`1[[AuthNet.Models.DTO.TaskItemDto, AuthNet, Version=1.0.0.0, Culture=neutral, PublicKeyToken=null]]'.
2025-07-19 19:24:49.371 +05:30 [INF] Executed action AuthNet.Controllers.TasksController.GetTasks (AuthNet) in 21.2474ms
2025-07-19 19:24:49.372 +05:30 [INF] Executed endpoint 'AuthNet.Controllers.TasksController.GetTasks (AuthNet)'
2025-07-19 19:24:49.372 +05:30 [INF] Request finished HTTP/1.1 GET https://localhost:7165/api/Tasks - 200 null application/json; charset=utf-8 115.3126ms
2025-07-19 19:24:49.426 +05:30 [INF] Request starting HTTP/2 GET https://localhost:7165/swagger/v1/swagger.json - null null
2025-07-19 19:24:49.471 +05:30 [INF] Request starting HTTP/1.1 GET https://localhost:7165/api/Settings/Get - null null
2025-07-19 19:24:49.474 +05:30 [INF] Executing endpoint 'AuthNet.Controllers.SettingsController.GetCompanyInfo (AuthNet)'
2025-07-19 19:24:49.490 +05:30 [INF] Route matched with {action = "GetCompanyInfo", controller = "Settings"}. Executing controller action with signature System.Threading.Tasks.Task`1[Microsoft.AspNetCore.Mvc.IActionResult] GetCompanyInfo() on controller AuthNet.Controllers.SettingsController (AuthNet).
2025-07-19 19:24:49.551 +05:30 [INF] Executed DbCommand (59ms) [Parameters=[], CommandType='"Text"', CommandTimeout='30']
SELECT TOP(1) [c].[Id], [c].[Address], [c].[ContactNumber], [c].[Email], [c].[GSTIN], [c].[LogoFileExtension], [c].[LogoFilePath], [c].[LogoFileSizeInBytes], [c].[LogoName], [c].[Name], [c].[SignFileExtension], [c].[SignFilePath], [c].[SignFileSizeInBytes], [c].[SignName]
FROM [CompanyInfos] AS [c]
2025-07-19 19:24:49.552 +05:30 [INF] Executing OkObjectResult, writing value of type 'AuthNet.Models.DTO.CompanyInfoResponseDto'.
2025-07-19 19:24:49.556 +05:30 [INF] Executed action AuthNet.Controllers.SettingsController.GetCompanyInfo (AuthNet) in 65.4371ms
2025-07-19 19:24:49.556 +05:30 [INF] Executed endpoint 'AuthNet.Controllers.SettingsController.GetCompanyInfo (AuthNet)'
2025-07-19 19:24:49.556 +05:30 [INF] Request finished HTTP/1.1 GET https://localhost:7165/api/Settings/Get - 200 null application/json; charset=utf-8 85.4404ms
2025-07-19 19:24:49.609 +05:30 [INF] Request finished HTTP/2 GET https://localhost:7165/swagger/v1/swagger.json - 200 null application/json;charset=utf-8 183.0543ms
2025-07-19 19:31:52.184 +05:30 [INF] User profile is available. Using 'C:\Users\Admin\AppData\Local\ASP.NET\DataProtection-Keys' as key repository and Windows DPAPI to encrypt keys at rest.
2025-07-19 19:31:52.720 +05:30 [INF] Now listening on: https://localhost:7165
2025-07-19 19:31:52.721 +05:30 [INF] Now listening on: http://localhost:5008
2025-07-19 19:31:52.994 +05:30 [INF] Application started. Press Ctrl+C to shut down.
2025-07-19 19:31:52.995 +05:30 [INF] Hosting environment: Development
2025-07-19 19:31:52.995 +05:30 [INF] Content root path: C:\Users\Admin\AuthNet\AuthNet
2025-07-19 19:31:54.510 +05:30 [INF] Request starting HTTP/2 GET https://localhost:7165/swagger/index.html - null null
2025-07-19 19:31:55.519 +05:30 [INF] Request finished HTTP/2 GET https://localhost:7165/swagger/index.html - 200 null text/html;charset=utf-8 1029.128ms
2025-07-19 19:31:55.605 +05:30 [INF] Request starting HTTP/2 GET https://localhost:7165/_framework/aspnetcore-browser-refresh.js - null null
2025-07-19 19:31:55.616 +05:30 [INF] Request starting HTTP/2 GET https://localhost:7165/_vs/browserLink - null null
2025-07-19 19:31:55.701 +05:30 [INF] Request finished HTTP/2 GET https://localhost:7165/_framework/aspnetcore-browser-refresh.js - 200 16499 application/javascript; charset=utf-8 96.2618ms
2025-07-19 19:31:55.835 +05:30 [INF] Request finished HTTP/2 GET https://localhost:7165/_vs/browserLink - 200 null text/javascript; charset=UTF-8 219.0253ms
2025-07-19 19:31:55.837 +05:30 [INF] Request starting HTTP/1.1 GET https://localhost:7165/api/Sales/DailyProfit - null null
2025-07-19 19:31:56.114 +05:30 [INF] Executing endpoint 'AuthNet.Controllers.SalesController.GetDailyProfit (AuthNet)'
2025-07-19 19:31:56.175 +05:30 [INF] Route matched with {action = "GetDailyProfit", controller = "Sales"}. Executing controller action with signature System.Threading.Tasks.Task`1[Microsoft.AspNetCore.Mvc.IActionResult] GetDailyProfit() on controller AuthNet.Controllers.SalesController (AuthNet).
2025-07-19 19:31:56.418 +05:30 [INF] Request starting HTTP/2 GET https://localhost:7165/swagger/v1/swagger.json - null null
2025-07-19 19:31:56.568 +05:30 [INF] Request finished HTTP/2 GET https://localhost:7165/swagger/v1/swagger.json - 200 null application/json;charset=utf-8 150.3908ms
2025-07-19 19:31:58.820 +05:30 [WRN] No store type was specified for the decimal property 'TotalAmount' on entity type 'Order'. This will cause values to be silently truncated if they do not fit in the default precision and scale. Explicitly specify the SQL server column type that can accommodate all the values in 'OnModelCreating' using 'HasColumnType', specify precision and scale using 'HasPrecision', or configure a value converter using 'HasConversion'.
2025-07-19 19:31:58.821 +05:30 [WRN] No store type was specified for the decimal property 'UnitPrice' on entity type 'OrderItem'. This will cause values to be silently truncated if they do not fit in the default precision and scale. Explicitly specify the SQL server column type that can accommodate all the values in 'OnModelCreating' using 'HasColumnType', specify precision and scale using 'HasPrecision', or configure a value converter using 'HasConversion'.
2025-07-19 19:31:58.821 +05:30 [WRN] No store type was specified for the decimal property 'CostPrice' on entity type 'Product'. This will cause values to be silently truncated if they do not fit in the default precision and scale. Explicitly specify the SQL server column type that can accommodate all the values in 'OnModelCreating' using 'HasColumnType', specify precision and scale using 'HasPrecision', or configure a value converter using 'HasConversion'.
2025-07-19 19:31:58.821 +05:30 [WRN] No store type was specified for the decimal property 'SellPrice' on entity type 'Product'. This will cause values to be silently truncated if they do not fit in the default precision and scale. Explicitly specify the SQL server column type that can accommodate all the values in 'OnModelCreating' using 'HasColumnType', specify precision and scale using 'HasPrecision', or configure a value converter using 'HasConversion'.
2025-07-19 19:31:58.821 +05:30 [WRN] No store type was specified for the decimal property 'TotalAmount' on entity type 'PurchaseOrder'. This will cause values to be silently truncated if they do not fit in the default precision and scale. Explicitly specify the SQL server column type that can accommodate all the values in 'OnModelCreating' using 'HasColumnType', specify precision and scale using 'HasPrecision', or configure a value converter using 'HasConversion'.
2025-07-19 19:31:58.821 +05:30 [WRN] No store type was specified for the decimal property 'UnitPrice' on entity type 'PurchaseOrderItems'. This will cause values to be silently truncated if they do not fit in the default precision and scale. Explicitly specify the SQL server column type that can accommodate all the values in 'OnModelCreating' using 'HasColumnType', specify precision and scale using 'HasPrecision', or configure a value converter using 'HasConversion'.
2025-07-19 19:31:58.821 +05:30 [WRN] No store type was specified for the decimal property 'AfterTaxAmount' on entity type 'Sale'. This will cause values to be silently truncated if they do not fit in the default precision and scale. Explicitly specify the SQL server column type that can accommodate all the values in 'OnModelCreating' using 'HasColumnType', specify precision and scale using 'HasPrecision', or configure a value converter using 'HasConversion'.
2025-07-19 19:31:58.821 +05:30 [WRN] No store type was specified for the decimal property 'DiscountedAmount' on entity type 'Sale'. This will cause values to be silently truncated if they do not fit in the default precision and scale. Explicitly specify the SQL server column type that can accommodate all the values in 'OnModelCreating' using 'HasColumnType', specify precision and scale using 'HasPrecision', or configure a value converter using 'HasConversion'.
2025-07-19 19:31:58.821 +05:30 [WRN] No store type was specified for the decimal property 'PrincipalAmount' on entity type 'Sale'. This will cause values to be silently truncated if they do not fit in the default precision and scale. Explicitly specify the SQL server column type that can accommodate all the values in 'OnModelCreating' using 'HasColumnType', specify precision and scale using 'HasPrecision', or configure a value converter using 'HasConversion'.
2025-07-19 19:31:58.821 +05:30 [WRN] No store type was specified for the decimal property 'TotalAmount' on entity type 'Sale'. This will cause values to be silently truncated if they do not fit in the default precision and scale. Explicitly specify the SQL server column type that can accommodate all the values in 'OnModelCreating' using 'HasColumnType', specify precision and scale using 'HasPrecision', or configure a value converter using 'HasConversion'.
2025-07-19 19:31:58.821 +05:30 [WRN] No store type was specified for the decimal property 'TotalPrice' on entity type 'SaleItem'. This will cause values to be silently truncated if they do not fit in the default precision and scale. Explicitly specify the SQL server column type that can accommodate all the values in 'OnModelCreating' using 'HasColumnType', specify precision and scale using 'HasPrecision', or configure a value converter using 'HasConversion'.
2025-07-19 19:31:58.821 +05:30 [WRN] No store type was specified for the decimal property 'UnitPrice' on entity type 'SaleItem'. This will cause values to be silently truncated if they do not fit in the default precision and scale. Explicitly specify the SQL server column type that can accommodate all the values in 'OnModelCreating' using 'HasColumnType', specify precision and scale using 'HasPrecision', or configure a value converter using 'HasConversion'.
2025-07-19 19:31:58.821 +05:30 [WRN] No store type was specified for the decimal property 'CGST' on entity type 'TaxSetting'. This will cause values to be silently truncated if they do not fit in the default precision and scale. Explicitly specify the SQL server column type that can accommodate all the values in 'OnModelCreating' using 'HasColumnType', specify precision and scale using 'HasPrecision', or configure a value converter using 'HasConversion'.
2025-07-19 19:31:58.821 +05:30 [WRN] No store type was specified for the decimal property 'IGST' on entity type 'TaxSetting'. This will cause values to be silently truncated if they do not fit in the default precision and scale. Explicitly specify the SQL server column type that can accommodate all the values in 'OnModelCreating' using 'HasColumnType', specify precision and scale using 'HasPrecision', or configure a value converter using 'HasConversion'.
2025-07-19 19:31:58.821 +05:30 [WRN] No store type was specified for the decimal property 'SGST' on entity type 'TaxSetting'. This will cause values to be silently truncated if they do not fit in the default precision and scale. Explicitly specify the SQL server column type that can accommodate all the values in 'OnModelCreating' using 'HasColumnType', specify precision and scale using 'HasPrecision', or configure a value converter using 'HasConversion'.
2025-07-19 19:32:01.707 +05:30 [INF] Executed DbCommand (237ms) [Parameters=[@__date_Date_0='?' (DbType = DateTime2)], CommandType='"Text"', CommandTimeout='30']
SELECT [s].[Id], [s].[ProductId], [s].[ProductName], [s].[Quantity], [s].[SaleId], [s].[TotalPrice], [s].[UnitPrice], [s0].[Id], [s0].[AfterTaxAmount], [s0].[CreatedAt], [s0].[DiscountedAmount], [s0].[InvoiceDate], [s0].[InvoiceNo], [s0].[PrincipalAmount], [s0].[Template], [s0].[TotalAmount]
FROM [SaleItems] AS [s]
INNER JOIN [Sales] AS [s0] ON [s].[SaleId] = [s0].[Id]
WHERE CONVERT(date, [s0].[InvoiceDate]) = @__date_Date_0
2025-07-19 19:32:02.313 +05:30 [INF] Executed DbCommand (19ms) [Parameters=[@__productIds_0='?' (Size = 4000)], CommandType='"Text"', CommandTimeout='30']
SELECT [p].[ProductId], [p].[CategoryId], [p].[CostPrice], [p].[Description], [p].[Name], [p].[ProductCode], [p].[ProductKey], [p].[SellPrice], [p].[SupplierId]
FROM [Products] AS [p]
WHERE [p].[ProductId] IN (
    SELECT [p0].[value]
    FROM OPENJSON(@__productIds_0) WITH ([value] int '$') AS [p0]
)
2025-07-19 19:32:02.437 +05:30 [INF] Executing OkObjectResult, writing value of type 'AuthNet.Models.DTO.DailyProfitDto'.
2025-07-19 19:32:02.517 +05:30 [INF] Executed action AuthNet.Controllers.SalesController.GetDailyProfit (AuthNet) in 6333.2779ms
2025-07-19 19:32:02.518 +05:30 [INF] Executed endpoint 'AuthNet.Controllers.SalesController.GetDailyProfit (AuthNet)'
2025-07-19 19:32:02.537 +05:30 [INF] Request finished HTTP/1.1 GET https://localhost:7165/api/Sales/DailyProfit - 200 null application/json; charset=utf-8 6702.2313ms
2025-07-19 19:32:02.598 +05:30 [INF] Request starting HTTP/1.1 GET https://localhost:7165/api/Sales/CurrentMonthProfit - null null
2025-07-19 19:32:02.626 +05:30 [INF] Executing endpoint 'AuthNet.Controllers.SalesController.GetCurrentMonthProfit (AuthNet)'
2025-07-19 19:32:02.638 +05:30 [INF] Route matched with {action = "GetCurrentMonthProfit", controller = "Sales"}. Executing controller action with signature System.Threading.Tasks.Task`1[Microsoft.AspNetCore.Mvc.IActionResult] GetCurrentMonthProfit() on controller AuthNet.Controllers.SalesController (AuthNet).
2025-07-19 19:32:02.733 +05:30 [INF] Executed DbCommand (12ms) [Parameters=[@__currentYear_0='?' (DbType = Int32), @__currentMonth_1='?' (DbType = Int32)], CommandType='"Text"', CommandTimeout='30']
SELECT [s].[Id], [s].[ProductId], [s].[ProductName], [s].[Quantity], [s].[SaleId], [s].[TotalPrice], [s].[UnitPrice], [s0].[Id], [s0].[AfterTaxAmount], [s0].[CreatedAt], [s0].[DiscountedAmount], [s0].[InvoiceDate], [s0].[InvoiceNo], [s0].[PrincipalAmount], [s0].[Template], [s0].[TotalAmount]
FROM [SaleItems] AS [s]
INNER JOIN [Sales] AS [s0] ON [s].[SaleId] = [s0].[Id]
WHERE DATEPART(year, [s0].[InvoiceDate]) = @__currentYear_0 AND DATEPART(month, [s0].[InvoiceDate]) = @__currentMonth_1
2025-07-19 19:32:02.756 +05:30 [INF] Executed DbCommand (11ms) [Parameters=[@__productIds_0='?' (Size = 4000)], CommandType='"Text"', CommandTimeout='30']
SELECT [p].[ProductId], [p].[CategoryId], [p].[CostPrice], [p].[Description], [p].[Name], [p].[ProductCode], [p].[ProductKey], [p].[SellPrice], [p].[SupplierId]
FROM [Products] AS [p]
WHERE [p].[ProductId] IN (
    SELECT [p0].[value]
    FROM OPENJSON(@__productIds_0) WITH ([value] int '$') AS [p0]
)
2025-07-19 19:32:02.760 +05:30 [INF] Executing OkObjectResult, writing value of type 'AuthNet.Models.DTO.MonthlyProfitDto'.
2025-07-19 19:32:02.764 +05:30 [INF] Executed action AuthNet.Controllers.SalesController.GetCurrentMonthProfit (AuthNet) in 126.2241ms
2025-07-19 19:32:02.765 +05:30 [INF] Executed endpoint 'AuthNet.Controllers.SalesController.GetCurrentMonthProfit (AuthNet)'
2025-07-19 19:32:02.766 +05:30 [INF] Request finished HTTP/1.1 GET https://localhost:7165/api/Sales/CurrentMonthProfit - 200 null application/json; charset=utf-8 167.5269ms
2025-07-19 19:32:02.789 +05:30 [INF] Request starting HTTP/1.1 GET https://localhost:7165/api/Sales/CurrentYearProfit - null null
2025-07-19 19:32:02.796 +05:30 [INF] Executing endpoint 'AuthNet.Controllers.SalesController.GetCurrentYearProfit (AuthNet)'
2025-07-19 19:32:02.802 +05:30 [INF] Route matched with {action = "GetCurrentYearProfit", controller = "Sales"}. Executing controller action with signature System.Threading.Tasks.Task`1[Microsoft.AspNetCore.Mvc.IActionResult] GetCurrentYearProfit() on controller AuthNet.Controllers.SalesController (AuthNet).
2025-07-19 19:32:03.020 +05:30 [INF] Executed DbCommand (13ms) [Parameters=[@__currentYear_0='?' (DbType = Int32)], CommandType='"Text"', CommandTimeout='30']
SELECT [s].[Id], [s].[ProductId], [s].[ProductName], [s].[Quantity], [s].[SaleId], [s].[TotalPrice], [s].[UnitPrice], [s0].[Id], [s0].[AfterTaxAmount], [s0].[CreatedAt], [s0].[DiscountedAmount], [s0].[InvoiceDate], [s0].[InvoiceNo], [s0].[PrincipalAmount], [s0].[Template], [s0].[TotalAmount]
FROM [SaleItems] AS [s]
INNER JOIN [Sales] AS [s0] ON [s].[SaleId] = [s0].[Id]
WHERE DATEPART(year, [s0].[InvoiceDate]) = @__currentYear_0
2025-07-19 19:32:03.034 +05:30 [INF] Executed DbCommand (9ms) [Parameters=[@__productIds_0='?' (Size = 4000)], CommandType='"Text"', CommandTimeout='30']
SELECT [p].[ProductId], [p].[CategoryId], [p].[CostPrice], [p].[Description], [p].[Name], [p].[ProductCode], [p].[ProductKey], [p].[SellPrice], [p].[SupplierId]
FROM [Products] AS [p]
WHERE [p].[ProductId] IN (
    SELECT [p0].[value]
    FROM OPENJSON(@__productIds_0) WITH ([value] int '$') AS [p0]
)
2025-07-19 19:32:03.036 +05:30 [INF] Executing OkObjectResult, writing value of type 'AuthNet.Models.DTO.YearlyProfitDto'.
2025-07-19 19:32:03.039 +05:30 [INF] Executed action AuthNet.Controllers.SalesController.GetCurrentYearProfit (AuthNet) in 236.6245ms
2025-07-19 19:32:03.039 +05:30 [INF] Executed endpoint 'AuthNet.Controllers.SalesController.GetCurrentYearProfit (AuthNet)'
2025-07-19 19:32:03.041 +05:30 [INF] Request finished HTTP/1.1 GET https://localhost:7165/api/Sales/CurrentYearProfit - 200 null application/json; charset=utf-8 251.1939ms
2025-07-19 19:32:03.078 +05:30 [INF] Request starting HTTP/1.1 GET https://localhost:7165/api/Tasks - null null
2025-07-19 19:32:03.079 +05:30 [INF] Executing endpoint 'AuthNet.Controllers.TasksController.GetTasks (AuthNet)'
2025-07-19 19:32:03.082 +05:30 [INF] Route matched with {action = "GetTasks", controller = "Tasks"}. Executing controller action with signature Microsoft.AspNetCore.Mvc.IActionResult GetTasks() on controller AuthNet.Controllers.TasksController (AuthNet).
2025-07-19 19:32:03.127 +05:30 [INF] Executed DbCommand (11ms) [Parameters=[], CommandType='"Text"', CommandTimeout='30']
SELECT [t].[Id], [t].[Title], [t].[DueDate]
FROM [Tasks] AS [t]
2025-07-19 19:32:03.136 +05:30 [INF] Executing OkObjectResult, writing value of type 'System.Collections.Generic.List`1[[AuthNet.Models.DTO.TaskItemDto, AuthNet, Version=1.0.0.0, Culture=neutral, PublicKeyToken=null]]'.
2025-07-19 19:32:03.150 +05:30 [INF] Executed action AuthNet.Controllers.TasksController.GetTasks (AuthNet) in 67.8246ms
2025-07-19 19:32:03.150 +05:30 [INF] Executed endpoint 'AuthNet.Controllers.TasksController.GetTasks (AuthNet)'
2025-07-19 19:32:03.151 +05:30 [INF] Request finished HTTP/1.1 GET https://localhost:7165/api/Tasks - 200 null application/json; charset=utf-8 73.0255ms
2025-07-19 19:32:03.181 +05:30 [INF] Request starting HTTP/1.1 GET https://localhost:7165/api/Settings/Get - null null
2025-07-19 19:32:03.183 +05:30 [INF] Executing endpoint 'AuthNet.Controllers.SettingsController.GetCompanyInfo (AuthNet)'
2025-07-19 19:32:03.195 +05:30 [INF] Route matched with {action = "GetCompanyInfo", controller = "Settings"}. Executing controller action with signature System.Threading.Tasks.Task`1[Microsoft.AspNetCore.Mvc.IActionResult] GetCompanyInfo() on controller AuthNet.Controllers.SettingsController (AuthNet).
2025-07-19 19:32:03.217 +05:30 [WRN] The query uses the 'First'/'FirstOrDefault' operator without 'OrderBy' and filter operators. This may lead to unpredictable results.
2025-07-19 19:32:03.238 +05:30 [INF] Executed DbCommand (8ms) [Parameters=[], CommandType='"Text"', CommandTimeout='30']
SELECT TOP(1) [c].[Id], [c].[Address], [c].[ContactNumber], [c].[Email], [c].[GSTIN], [c].[LogoFileExtension], [c].[LogoFilePath], [c].[LogoFileSizeInBytes], [c].[LogoName], [c].[Name], [c].[SignFileExtension], [c].[SignFilePath], [c].[SignFileSizeInBytes], [c].[SignName]
FROM [CompanyInfos] AS [c]
2025-07-19 19:32:03.311 +05:30 [INF] Executing OkObjectResult, writing value of type 'AuthNet.Models.DTO.CompanyInfoResponseDto'.
2025-07-19 19:32:03.315 +05:30 [INF] Executed action AuthNet.Controllers.SettingsController.GetCompanyInfo (AuthNet) in 120.1995ms
2025-07-19 19:32:03.315 +05:30 [INF] Executed endpoint 'AuthNet.Controllers.SettingsController.GetCompanyInfo (AuthNet)'
2025-07-19 19:32:03.316 +05:30 [INF] Request finished HTTP/1.1 GET https://localhost:7165/api/Settings/Get - 200 null application/json; charset=utf-8 135.1138ms
2025-07-19 19:32:11.311 +05:30 [INF] Request starting HTTP/1.1 POST https://localhost:7165/api/Auth/login - application/json; charset=utf-8 null
2025-07-19 19:32:11.313 +05:30 [INF] Executing endpoint 'AuthNet.Controllers.AuthController.Login (AuthNet)'
2025-07-19 19:32:11.333 +05:30 [INF] Route matched with {action = "Login", controller = "Auth"}. Executing controller action with signature System.Threading.Tasks.Task`1[Microsoft.AspNetCore.Mvc.IActionResult] Login(AuthNet.Models.DTO.LoginDto) on controller AuthNet.Controllers.AuthController (AuthNet).
2025-07-19 19:32:11.468 +05:30 [INF] Executed DbCommand (8ms) [Parameters=[@__username_0='?' (Size = 100)], CommandType='"Text"', CommandTimeout='30']
SELECT TOP(1) [u].[UserId], [u].[CreatedAt], [u].[Email], [u].[Firstname], [u].[Lastname], [u].[PasswordHash], [u].[Role], [u].[Username]
FROM [Users] AS [u]
WHERE [u].[Username] = @__username_0
2025-07-19 19:32:12.693 +05:30 [INF] Executing OkObjectResult, writing value of type 'AuthNet.Models.DTO.ServiceResponse`1[[AuthNet.Models.DTO.LoginResponseDto, AuthNet, Version=1.0.0.0, Culture=neutral, PublicKeyToken=null]]'.
2025-07-19 19:32:12.701 +05:30 [INF] Executed action AuthNet.Controllers.AuthController.Login (AuthNet) in 1368.4828ms
2025-07-19 19:32:12.702 +05:30 [INF] Executed endpoint 'AuthNet.Controllers.AuthController.Login (AuthNet)'
2025-07-19 19:32:12.703 +05:30 [INF] Request finished HTTP/1.1 POST https://localhost:7165/api/Auth/login - 200 null application/json; charset=utf-8 1391.5748ms
2025-07-19 19:32:12.761 +05:30 [INF] Request starting HTTP/1.1 GET https://localhost:7165/api/Sales/DailyProfit - null null
2025-07-19 19:32:12.763 +05:30 [INF] Executing endpoint 'AuthNet.Controllers.SalesController.GetDailyProfit (AuthNet)'
2025-07-19 19:32:12.763 +05:30 [INF] Route matched with {action = "GetDailyProfit", controller = "Sales"}. Executing controller action with signature System.Threading.Tasks.Task`1[Microsoft.AspNetCore.Mvc.IActionResult] GetDailyProfit() on controller AuthNet.Controllers.SalesController (AuthNet).
2025-07-19 19:32:12.782 +05:30 [INF] Executed DbCommand (13ms) [Parameters=[@__date_Date_0='?' (DbType = DateTime2)], CommandType='"Text"', CommandTimeout='30']
SELECT [s].[Id], [s].[ProductId], [s].[ProductName], [s].[Quantity], [s].[SaleId], [s].[TotalPrice], [s].[UnitPrice], [s0].[Id], [s0].[AfterTaxAmount], [s0].[CreatedAt], [s0].[DiscountedAmount], [s0].[InvoiceDate], [s0].[InvoiceNo], [s0].[PrincipalAmount], [s0].[Template], [s0].[TotalAmount]
FROM [SaleItems] AS [s]
INNER JOIN [Sales] AS [s0] ON [s].[SaleId] = [s0].[Id]
WHERE CONVERT(date, [s0].[InvoiceDate]) = @__date_Date_0
2025-07-19 19:32:12.799 +05:30 [INF] Executed DbCommand (13ms) [Parameters=[@__productIds_0='?' (Size = 4000)], CommandType='"Text"', CommandTimeout='30']
SELECT [p].[ProductId], [p].[CategoryId], [p].[CostPrice], [p].[Description], [p].[Name], [p].[ProductCode], [p].[ProductKey], [p].[SellPrice], [p].[SupplierId]
FROM [Products] AS [p]
WHERE [p].[ProductId] IN (
    SELECT [p0].[value]
    FROM OPENJSON(@__productIds_0) WITH ([value] int '$') AS [p0]
)
2025-07-19 19:32:12.801 +05:30 [INF] Executing OkObjectResult, writing value of type 'AuthNet.Models.DTO.DailyProfitDto'.
2025-07-19 19:32:12.801 +05:30 [INF] Executed action AuthNet.Controllers.SalesController.GetDailyProfit (AuthNet) in 38.0055ms
2025-07-19 19:32:12.802 +05:30 [INF] Executed endpoint 'AuthNet.Controllers.SalesController.GetDailyProfit (AuthNet)'
2025-07-19 19:32:12.802 +05:30 [INF] Request finished HTTP/1.1 GET https://localhost:7165/api/Sales/DailyProfit - 200 null application/json; charset=utf-8 41.9543ms
2025-07-19 19:32:12.830 +05:30 [INF] Request starting HTTP/1.1 GET https://localhost:7165/api/Sales/CurrentMonthProfit - null null
2025-07-19 19:32:12.831 +05:30 [INF] Executing endpoint 'AuthNet.Controllers.SalesController.GetCurrentMonthProfit (AuthNet)'
2025-07-19 19:32:12.832 +05:30 [INF] Route matched with {action = "GetCurrentMonthProfit", controller = "Sales"}. Executing controller action with signature System.Threading.Tasks.Task`1[Microsoft.AspNetCore.Mvc.IActionResult] GetCurrentMonthProfit() on controller AuthNet.Controllers.SalesController (AuthNet).
2025-07-19 19:32:12.845 +05:30 [INF] Executed DbCommand (10ms) [Parameters=[@__currentYear_0='?' (DbType = Int32), @__currentMonth_1='?' (DbType = Int32)], CommandType='"Text"', CommandTimeout='30']
SELECT [s].[Id], [s].[ProductId], [s].[ProductName], [s].[Quantity], [s].[SaleId], [s].[TotalPrice], [s].[UnitPrice], [s0].[Id], [s0].[AfterTaxAmount], [s0].[CreatedAt], [s0].[DiscountedAmount], [s0].[InvoiceDate], [s0].[InvoiceNo], [s0].[PrincipalAmount], [s0].[Template], [s0].[TotalAmount]
FROM [SaleItems] AS [s]
INNER JOIN [Sales] AS [s0] ON [s].[SaleId] = [s0].[Id]
WHERE DATEPART(year, [s0].[InvoiceDate]) = @__currentYear_0 AND DATEPART(month, [s0].[InvoiceDate]) = @__currentMonth_1
2025-07-19 19:32:12.856 +05:30 [INF] Executed DbCommand (9ms) [Parameters=[@__productIds_0='?' (Size = 4000)], CommandType='"Text"', CommandTimeout='30']
SELECT [p].[ProductId], [p].[CategoryId], [p].[CostPrice], [p].[Description], [p].[Name], [p].[ProductCode], [p].[ProductKey], [p].[SellPrice], [p].[SupplierId]
FROM [Products] AS [p]
WHERE [p].[ProductId] IN (
    SELECT [p0].[value]
    FROM OPENJSON(@__productIds_0) WITH ([value] int '$') AS [p0]
)
2025-07-19 19:32:12.857 +05:30 [INF] Executing OkObjectResult, writing value of type 'AuthNet.Models.DTO.MonthlyProfitDto'.
2025-07-19 19:32:12.858 +05:30 [INF] Executed action AuthNet.Controllers.SalesController.GetCurrentMonthProfit (AuthNet) in 26.0197ms
2025-07-19 19:32:12.858 +05:30 [INF] Executed endpoint 'AuthNet.Controllers.SalesController.GetCurrentMonthProfit (AuthNet)'
2025-07-19 19:32:12.859 +05:30 [INF] Request finished HTTP/1.1 GET https://localhost:7165/api/Sales/CurrentMonthProfit - 200 null application/json; charset=utf-8 28.8251ms
2025-07-19 19:32:12.880 +05:30 [INF] Request starting HTTP/1.1 GET https://localhost:7165/api/Sales/CurrentYearProfit - null null
2025-07-19 19:32:12.881 +05:30 [INF] Executing endpoint 'AuthNet.Controllers.SalesController.GetCurrentYearProfit (AuthNet)'
2025-07-19 19:32:12.881 +05:30 [INF] Route matched with {action = "GetCurrentYearProfit", controller = "Sales"}. Executing controller action with signature System.Threading.Tasks.Task`1[Microsoft.AspNetCore.Mvc.IActionResult] GetCurrentYearProfit() on controller AuthNet.Controllers.SalesController (AuthNet).
2025-07-19 19:32:12.894 +05:30 [INF] Executed DbCommand (9ms) [Parameters=[@__currentYear_0='?' (DbType = Int32)], CommandType='"Text"', CommandTimeout='30']
SELECT [s].[Id], [s].[ProductId], [s].[ProductName], [s].[Quantity], [s].[SaleId], [s].[TotalPrice], [s].[UnitPrice], [s0].[Id], [s0].[AfterTaxAmount], [s0].[CreatedAt], [s0].[DiscountedAmount], [s0].[InvoiceDate], [s0].[InvoiceNo], [s0].[PrincipalAmount], [s0].[Template], [s0].[TotalAmount]
FROM [SaleItems] AS [s]
INNER JOIN [Sales] AS [s0] ON [s].[SaleId] = [s0].[Id]
WHERE DATEPART(year, [s0].[InvoiceDate]) = @__currentYear_0
2025-07-19 19:32:12.898 +05:30 [INF] Executed DbCommand (2ms) [Parameters=[@__productIds_0='?' (Size = 4000)], CommandType='"Text"', CommandTimeout='30']
SELECT [p].[ProductId], [p].[CategoryId], [p].[CostPrice], [p].[Description], [p].[Name], [p].[ProductCode], [p].[ProductKey], [p].[SellPrice], [p].[SupplierId]
FROM [Products] AS [p]
WHERE [p].[ProductId] IN (
    SELECT [p0].[value]
    FROM OPENJSON(@__productIds_0) WITH ([value] int '$') AS [p0]
)
2025-07-19 19:32:12.899 +05:30 [INF] Executing OkObjectResult, writing value of type 'AuthNet.Models.DTO.YearlyProfitDto'.
2025-07-19 19:32:12.900 +05:30 [INF] Executed action AuthNet.Controllers.SalesController.GetCurrentYearProfit (AuthNet) in 18.6552ms
2025-07-19 19:32:12.900 +05:30 [INF] Executed endpoint 'AuthNet.Controllers.SalesController.GetCurrentYearProfit (AuthNet)'
2025-07-19 19:32:12.902 +05:30 [INF] Request finished HTTP/1.1 GET https://localhost:7165/api/Sales/CurrentYearProfit - 200 null application/json; charset=utf-8 22.2143ms
2025-07-19 19:32:12.940 +05:30 [INF] Request starting HTTP/1.1 GET https://localhost:7165/api/Tasks - null null
2025-07-19 19:32:12.944 +05:30 [INF] Executing endpoint 'AuthNet.Controllers.TasksController.GetTasks (AuthNet)'
2025-07-19 19:32:12.944 +05:30 [INF] Route matched with {action = "GetTasks", controller = "Tasks"}. Executing controller action with signature Microsoft.AspNetCore.Mvc.IActionResult GetTasks() on controller AuthNet.Controllers.TasksController (AuthNet).
2025-07-19 19:32:12.954 +05:30 [INF] Executed DbCommand (2ms) [Parameters=[], CommandType='"Text"', CommandTimeout='30']
SELECT [t].[Id], [t].[Title], [t].[DueDate]
FROM [Tasks] AS [t]
2025-07-19 19:32:12.955 +05:30 [INF] Executing OkObjectResult, writing value of type 'System.Collections.Generic.List`1[[AuthNet.Models.DTO.TaskItemDto, AuthNet, Version=1.0.0.0, Culture=neutral, PublicKeyToken=null]]'.
2025-07-19 19:32:12.955 +05:30 [INF] Executed action AuthNet.Controllers.TasksController.GetTasks (AuthNet) in 11.5105ms
2025-07-19 19:32:12.956 +05:30 [INF] Executed endpoint 'AuthNet.Controllers.TasksController.GetTasks (AuthNet)'
2025-07-19 19:32:12.956 +05:30 [INF] Request finished HTTP/1.1 GET https://localhost:7165/api/Tasks - 200 null application/json; charset=utf-8 15.9184ms
2025-07-19 19:32:12.980 +05:30 [INF] Request starting HTTP/1.1 GET https://localhost:7165/api/Settings/Get - null null
2025-07-19 19:32:12.985 +05:30 [INF] Executing endpoint 'AuthNet.Controllers.SettingsController.GetCompanyInfo (AuthNet)'
2025-07-19 19:32:12.986 +05:30 [INF] Route matched with {action = "GetCompanyInfo", controller = "Settings"}. Executing controller action with signature System.Threading.Tasks.Task`1[Microsoft.AspNetCore.Mvc.IActionResult] GetCompanyInfo() on controller AuthNet.Controllers.SettingsController (AuthNet).
2025-07-19 19:32:12.998 +05:30 [INF] Executed DbCommand (8ms) [Parameters=[], CommandType='"Text"', CommandTimeout='30']
SELECT TOP(1) [c].[Id], [c].[Address], [c].[ContactNumber], [c].[Email], [c].[GSTIN], [c].[LogoFileExtension], [c].[LogoFilePath], [c].[LogoFileSizeInBytes], [c].[LogoName], [c].[Name], [c].[SignFileExtension], [c].[SignFilePath], [c].[SignFileSizeInBytes], [c].[SignName]
FROM [CompanyInfos] AS [c]
2025-07-19 19:32:12.999 +05:30 [INF] Executing OkObjectResult, writing value of type 'AuthNet.Models.DTO.CompanyInfoResponseDto'.
2025-07-19 19:32:13.000 +05:30 [INF] Executed action AuthNet.Controllers.SettingsController.GetCompanyInfo (AuthNet) in 13.8408ms
2025-07-19 19:32:13.000 +05:30 [INF] Executed endpoint 'AuthNet.Controllers.SettingsController.GetCompanyInfo (AuthNet)'
2025-07-19 19:32:13.001 +05:30 [INF] Request finished HTTP/1.1 GET https://localhost:7165/api/Settings/Get - 200 null application/json; charset=utf-8 20.9581ms
2025-07-19 19:33:53.173 +05:30 [INF] Request starting HTTP/1.1 GET https://localhost:7165/api/Sales/DailyProfit - null null
2025-07-19 19:33:53.174 +05:30 [INF] Executing endpoint 'AuthNet.Controllers.SalesController.GetDailyProfit (AuthNet)'
2025-07-19 19:33:53.174 +05:30 [INF] Route matched with {action = "GetDailyProfit", controller = "Sales"}. Executing controller action with signature System.Threading.Tasks.Task`1[Microsoft.AspNetCore.Mvc.IActionResult] GetDailyProfit() on controller AuthNet.Controllers.SalesController (AuthNet).
2025-07-19 19:33:53.200 +05:30 [INF] Executed DbCommand (22ms) [Parameters=[@__date_Date_0='?' (DbType = DateTime2)], CommandType='"Text"', CommandTimeout='30']
SELECT [s].[Id], [s].[ProductId], [s].[ProductName], [s].[Quantity], [s].[SaleId], [s].[TotalPrice], [s].[UnitPrice], [s0].[Id], [s0].[AfterTaxAmount], [s0].[CreatedAt], [s0].[DiscountedAmount], [s0].[InvoiceDate], [s0].[InvoiceNo], [s0].[PrincipalAmount], [s0].[Template], [s0].[TotalAmount]
FROM [SaleItems] AS [s]
INNER JOIN [Sales] AS [s0] ON [s].[SaleId] = [s0].[Id]
WHERE CONVERT(date, [s0].[InvoiceDate]) = @__date_Date_0
2025-07-19 19:33:53.259 +05:30 [INF] Executed DbCommand (12ms) [Parameters=[@__productIds_0='?' (Size = 4000)], CommandType='"Text"', CommandTimeout='30']
SELECT [p].[ProductId], [p].[CategoryId], [p].[CostPrice], [p].[Description], [p].[Name], [p].[ProductCode], [p].[ProductKey], [p].[SellPrice], [p].[SupplierId]
FROM [Products] AS [p]
WHERE [p].[ProductId] IN (
    SELECT [p0].[value]
    FROM OPENJSON(@__productIds_0) WITH ([value] int '$') AS [p0]
)
2025-07-19 19:33:53.260 +05:30 [INF] Executing OkObjectResult, writing value of type 'AuthNet.Models.DTO.DailyProfitDto'.
2025-07-19 19:33:53.260 +05:30 [INF] Executed action AuthNet.Controllers.SalesController.GetDailyProfit (AuthNet) in 86.107ms
2025-07-19 19:33:53.260 +05:30 [INF] Executed endpoint 'AuthNet.Controllers.SalesController.GetDailyProfit (AuthNet)'
2025-07-19 19:33:53.261 +05:30 [INF] Request finished HTTP/1.1 GET https://localhost:7165/api/Sales/DailyProfit - 200 null application/json; charset=utf-8 88.6794ms
2025-07-19 19:33:53.283 +05:30 [INF] Request starting HTTP/1.1 GET https://localhost:7165/api/Sales/CurrentMonthProfit - null null
2025-07-19 19:33:53.284 +05:30 [INF] Executing endpoint 'AuthNet.Controllers.SalesController.GetCurrentMonthProfit (AuthNet)'
2025-07-19 19:33:53.284 +05:30 [INF] Route matched with {action = "GetCurrentMonthProfit", controller = "Sales"}. Executing controller action with signature System.Threading.Tasks.Task`1[Microsoft.AspNetCore.Mvc.IActionResult] GetCurrentMonthProfit() on controller AuthNet.Controllers.SalesController (AuthNet).
2025-07-19 19:33:53.297 +05:30 [INF] Executed DbCommand (10ms) [Parameters=[@__currentYear_0='?' (DbType = Int32), @__currentMonth_1='?' (DbType = Int32)], CommandType='"Text"', CommandTimeout='30']
SELECT [s].[Id], [s].[ProductId], [s].[ProductName], [s].[Quantity], [s].[SaleId], [s].[TotalPrice], [s].[UnitPrice], [s0].[Id], [s0].[AfterTaxAmount], [s0].[CreatedAt], [s0].[DiscountedAmount], [s0].[InvoiceDate], [s0].[InvoiceNo], [s0].[PrincipalAmount], [s0].[Template], [s0].[TotalAmount]
FROM [SaleItems] AS [s]
INNER JOIN [Sales] AS [s0] ON [s].[SaleId] = [s0].[Id]
WHERE DATEPART(year, [s0].[InvoiceDate]) = @__currentYear_0 AND DATEPART(month, [s0].[InvoiceDate]) = @__currentMonth_1
2025-07-19 19:33:53.301 +05:30 [INF] Executed DbCommand (2ms) [Parameters=[@__productIds_0='?' (Size = 4000)], CommandType='"Text"', CommandTimeout='30']
SELECT [p].[ProductId], [p].[CategoryId], [p].[CostPrice], [p].[Description], [p].[Name], [p].[ProductCode], [p].[ProductKey], [p].[SellPrice], [p].[SupplierId]
FROM [Products] AS [p]
WHERE [p].[ProductId] IN (
    SELECT [p0].[value]
    FROM OPENJSON(@__productIds_0) WITH ([value] int '$') AS [p0]
)
2025-07-19 19:33:53.302 +05:30 [INF] Executing OkObjectResult, writing value of type 'AuthNet.Models.DTO.MonthlyProfitDto'.
2025-07-19 19:33:53.303 +05:30 [INF] Executed action AuthNet.Controllers.SalesController.GetCurrentMonthProfit (AuthNet) in 18.9349ms
2025-07-19 19:33:53.303 +05:30 [INF] Executed endpoint 'AuthNet.Controllers.SalesController.GetCurrentMonthProfit (AuthNet)'
2025-07-19 19:33:53.304 +05:30 [INF] Request finished HTTP/1.1 GET https://localhost:7165/api/Sales/CurrentMonthProfit - 200 null application/json; charset=utf-8 20.8688ms
2025-07-19 19:33:53.325 +05:30 [INF] Request starting HTTP/1.1 GET https://localhost:7165/api/Sales/CurrentYearProfit - null null
2025-07-19 19:33:53.325 +05:30 [INF] Executing endpoint 'AuthNet.Controllers.SalesController.GetCurrentYearProfit (AuthNet)'
2025-07-19 19:33:53.326 +05:30 [INF] Route matched with {action = "GetCurrentYearProfit", controller = "Sales"}. Executing controller action with signature System.Threading.Tasks.Task`1[Microsoft.AspNetCore.Mvc.IActionResult] GetCurrentYearProfit() on controller AuthNet.Controllers.SalesController (AuthNet).
2025-07-19 19:33:53.336 +05:30 [INF] Executed DbCommand (8ms) [Parameters=[@__currentYear_0='?' (DbType = Int32)], CommandType='"Text"', CommandTimeout='30']
SELECT [s].[Id], [s].[ProductId], [s].[ProductName], [s].[Quantity], [s].[SaleId], [s].[TotalPrice], [s].[UnitPrice], [s0].[Id], [s0].[AfterTaxAmount], [s0].[CreatedAt], [s0].[DiscountedAmount], [s0].[InvoiceDate], [s0].[InvoiceNo], [s0].[PrincipalAmount], [s0].[Template], [s0].[TotalAmount]
FROM [SaleItems] AS [s]
INNER JOIN [Sales] AS [s0] ON [s].[SaleId] = [s0].[Id]
WHERE DATEPART(year, [s0].[InvoiceDate]) = @__currentYear_0
2025-07-19 19:33:53.339 +05:30 [INF] Executed DbCommand (1ms) [Parameters=[@__productIds_0='?' (Size = 4000)], CommandType='"Text"', CommandTimeout='30']
SELECT [p].[ProductId], [p].[CategoryId], [p].[CostPrice], [p].[Description], [p].[Name], [p].[ProductCode], [p].[ProductKey], [p].[SellPrice], [p].[SupplierId]
FROM [Products] AS [p]
WHERE [p].[ProductId] IN (
    SELECT [p0].[value]
    FROM OPENJSON(@__productIds_0) WITH ([value] int '$') AS [p0]
)
2025-07-19 19:33:53.340 +05:30 [INF] Executing OkObjectResult, writing value of type 'AuthNet.Models.DTO.YearlyProfitDto'.
2025-07-19 19:33:53.340 +05:30 [INF] Executed action AuthNet.Controllers.SalesController.GetCurrentYearProfit (AuthNet) in 14.4856ms
2025-07-19 19:33:53.340 +05:30 [INF] Executed endpoint 'AuthNet.Controllers.SalesController.GetCurrentYearProfit (AuthNet)'
2025-07-19 19:33:53.341 +05:30 [INF] Request finished HTTP/1.1 GET https://localhost:7165/api/Sales/CurrentYearProfit - 200 null application/json; charset=utf-8 16.4702ms
2025-07-19 19:33:53.359 +05:30 [INF] Request starting HTTP/1.1 GET https://localhost:7165/api/Tasks - null null
2025-07-19 19:33:53.359 +05:30 [INF] Executing endpoint 'AuthNet.Controllers.TasksController.GetTasks (AuthNet)'
2025-07-19 19:33:53.360 +05:30 [INF] Route matched with {action = "GetTasks", controller = "Tasks"}. Executing controller action with signature Microsoft.AspNetCore.Mvc.IActionResult GetTasks() on controller AuthNet.Controllers.TasksController (AuthNet).
2025-07-19 19:33:53.366 +05:30 [INF] Executed DbCommand (3ms) [Parameters=[], CommandType='"Text"', CommandTimeout='30']
SELECT [t].[Id], [t].[Title], [t].[DueDate]
FROM [Tasks] AS [t]
2025-07-19 19:33:53.366 +05:30 [INF] Executing OkObjectResult, writing value of type 'System.Collections.Generic.List`1[[AuthNet.Models.DTO.TaskItemDto, AuthNet, Version=1.0.0.0, Culture=neutral, PublicKeyToken=null]]'.
2025-07-19 19:33:53.367 +05:30 [INF] Executed action AuthNet.Controllers.TasksController.GetTasks (AuthNet) in 6.7402ms
2025-07-19 19:33:53.367 +05:30 [INF] Executed endpoint 'AuthNet.Controllers.TasksController.GetTasks (AuthNet)'
2025-07-19 19:33:53.367 +05:30 [INF] Request finished HTTP/1.1 GET https://localhost:7165/api/Tasks - 200 null application/json; charset=utf-8 8.3841ms
2025-07-19 19:33:53.387 +05:30 [INF] Request starting HTTP/1.1 GET https://localhost:7165/api/Settings/Get - null null
2025-07-19 19:33:53.388 +05:30 [INF] Executing endpoint 'AuthNet.Controllers.SettingsController.GetCompanyInfo (AuthNet)'
2025-07-19 19:33:53.389 +05:30 [INF] Route matched with {action = "GetCompanyInfo", controller = "Settings"}. Executing controller action with signature System.Threading.Tasks.Task`1[Microsoft.AspNetCore.Mvc.IActionResult] GetCompanyInfo() on controller AuthNet.Controllers.SettingsController (AuthNet).
2025-07-19 19:33:53.401 +05:30 [INF] Executed DbCommand (8ms) [Parameters=[], CommandType='"Text"', CommandTimeout='30']
SELECT TOP(1) [c].[Id], [c].[Address], [c].[ContactNumber], [c].[Email], [c].[GSTIN], [c].[LogoFileExtension], [c].[LogoFilePath], [c].[LogoFileSizeInBytes], [c].[LogoName], [c].[Name], [c].[SignFileExtension], [c].[SignFilePath], [c].[SignFileSizeInBytes], [c].[SignName]
FROM [CompanyInfos] AS [c]
2025-07-19 19:33:53.402 +05:30 [INF] Executing OkObjectResult, writing value of type 'AuthNet.Models.DTO.CompanyInfoResponseDto'.
2025-07-19 19:33:53.402 +05:30 [INF] Executed action AuthNet.Controllers.SettingsController.GetCompanyInfo (AuthNet) in 13.4876ms
2025-07-19 19:33:53.402 +05:30 [INF] Executed endpoint 'AuthNet.Controllers.SettingsController.GetCompanyInfo (AuthNet)'
2025-07-19 19:33:53.403 +05:30 [INF] Request finished HTTP/1.1 GET https://localhost:7165/api/Settings/Get - 200 null application/json; charset=utf-8 15.4558ms
2025-07-19 19:33:55.703 +05:30 [INF] Request starting HTTP/2 GET https://localhost:7165/swagger/index.html - null null
2025-07-19 19:33:55.724 +05:30 [INF] Request finished HTTP/2 GET https://localhost:7165/swagger/index.html - 200 null text/html;charset=utf-8 20.6495ms
2025-07-19 19:33:55.940 +05:30 [INF] Request starting HTTP/2 GET https://localhost:7165/_framework/aspnetcore-browser-refresh.js - null null
2025-07-19 19:33:55.943 +05:30 [INF] Request starting HTTP/2 GET https://localhost:7165/_vs/browserLink - null null
2025-07-19 19:33:55.944 +05:30 [INF] Request finished HTTP/2 GET https://localhost:7165/_framework/aspnetcore-browser-refresh.js - 200 16499 application/javascript; charset=utf-8 3.7197ms
2025-07-19 19:33:55.991 +05:30 [INF] Request finished HTTP/2 GET https://localhost:7165/_vs/browserLink - 200 null text/javascript; charset=UTF-8 50.0086ms
2025-07-19 19:33:56.289 +05:30 [INF] Request starting HTTP/2 GET https://localhost:7165/swagger/v1/swagger.json - null null
2025-07-19 19:33:56.397 +05:30 [INF] Request finished HTTP/2 GET https://localhost:7165/swagger/v1/swagger.json - 200 null application/json;charset=utf-8 108.347ms
2025-07-19 19:57:05.149 +05:30 [INF] Request starting HTTP/1.1 GET https://localhost:7165/api/Sales/DailyProfit - null null
2025-07-19 19:57:05.151 +05:30 [INF] Executing endpoint 'AuthNet.Controllers.SalesController.GetDailyProfit (AuthNet)'
2025-07-19 19:57:05.159 +05:30 [INF] Route matched with {action = "GetDailyProfit", controller = "Sales"}. Executing controller action with signature System.Threading.Tasks.Task`1[Microsoft.AspNetCore.Mvc.IActionResult] GetDailyProfit() on controller AuthNet.Controllers.SalesController (AuthNet).
2025-07-19 19:57:05.267 +05:30 [INF] Request starting HTTP/2 GET https://localhost:7165/swagger/index.html - null null
2025-07-19 19:57:05.293 +05:30 [INF] Request finished HTTP/2 GET https://localhost:7165/swagger/index.html - 200 null text/html;charset=utf-8 26.1134ms
2025-07-19 19:57:05.335 +05:30 [INF] Request starting HTTP/2 GET https://localhost:7165/_framework/aspnetcore-browser-refresh.js - null null
2025-07-19 19:57:05.359 +05:30 [INF] Request finished HTTP/2 GET https://localhost:7165/_framework/aspnetcore-browser-refresh.js - 200 16499 application/javascript; charset=utf-8 24.1307ms
2025-07-19 19:57:05.361 +05:30 [INF] Request starting HTTP/2 GET https://localhost:7165/_vs/browserLink - null null
2025-07-19 19:57:05.519 +05:30 [INF] Request finished HTTP/2 GET https://localhost:7165/_vs/browserLink - 200 null text/javascript; charset=UTF-8 183.5203ms
2025-07-19 19:57:13.368 +05:30 [INF] Executed DbCommand (1,384ms) [Parameters=[@__date_Date_0='?' (DbType = DateTime2)], CommandType='"Text"', CommandTimeout='30']
SELECT [s].[Id], [s].[ProductId], [s].[ProductName], [s].[Quantity], [s].[SaleId], [s].[TotalPrice], [s].[UnitPrice], [s0].[Id], [s0].[AfterTaxAmount], [s0].[CreatedAt], [s0].[DiscountedAmount], [s0].[InvoiceDate], [s0].[InvoiceNo], [s0].[PrincipalAmount], [s0].[Template], [s0].[TotalAmount]
FROM [SaleItems] AS [s]
INNER JOIN [Sales] AS [s0] ON [s].[SaleId] = [s0].[Id]
WHERE CONVERT(date, [s0].[InvoiceDate]) = @__date_Date_0
2025-07-19 19:57:13.426 +05:30 [INF] Executed DbCommand (54ms) [Parameters=[@__productIds_0='?' (Size = 4000)], CommandType='"Text"', CommandTimeout='30']
SELECT [p].[ProductId], [p].[CategoryId], [p].[CostPrice], [p].[Description], [p].[Name], [p].[ProductCode], [p].[ProductKey], [p].[SellPrice], [p].[SupplierId]
FROM [Products] AS [p]
WHERE [p].[ProductId] IN (
    SELECT [p0].[value]
    FROM OPENJSON(@__productIds_0) WITH ([value] int '$') AS [p0]
)
2025-07-19 19:57:13.427 +05:30 [INF] Executing OkObjectResult, writing value of type 'AuthNet.Models.DTO.DailyProfitDto'.
2025-07-19 19:57:13.431 +05:30 [INF] Executed action AuthNet.Controllers.SalesController.GetDailyProfit (AuthNet) in 8272.2164ms
2025-07-19 19:57:13.431 +05:30 [INF] Executed endpoint 'AuthNet.Controllers.SalesController.GetDailyProfit (AuthNet)'
2025-07-19 19:57:13.432 +05:30 [INF] Request finished HTTP/1.1 GET https://localhost:7165/api/Sales/DailyProfit - 200 null application/json; charset=utf-8 8282.9519ms
2025-07-19 19:57:13.604 +05:30 [INF] Request starting HTTP/1.1 GET https://localhost:7165/api/Sales/CurrentMonthProfit - null null
2025-07-19 19:57:13.614 +05:30 [INF] Executing endpoint 'AuthNet.Controllers.SalesController.GetCurrentMonthProfit (AuthNet)'
2025-07-19 19:57:13.632 +05:30 [INF] Route matched with {action = "GetCurrentMonthProfit", controller = "Sales"}. Executing controller action with signature System.Threading.Tasks.Task`1[Microsoft.AspNetCore.Mvc.IActionResult] GetCurrentMonthProfit() on controller AuthNet.Controllers.SalesController (AuthNet).
2025-07-19 19:57:13.749 +05:30 [INF] Executed DbCommand (110ms) [Parameters=[@__currentYear_0='?' (DbType = Int32), @__currentMonth_1='?' (DbType = Int32)], CommandType='"Text"', CommandTimeout='30']
SELECT [s].[Id], [s].[ProductId], [s].[ProductName], [s].[Quantity], [s].[SaleId], [s].[TotalPrice], [s].[UnitPrice], [s0].[Id], [s0].[AfterTaxAmount], [s0].[CreatedAt], [s0].[DiscountedAmount], [s0].[InvoiceDate], [s0].[InvoiceNo], [s0].[PrincipalAmount], [s0].[Template], [s0].[TotalAmount]
FROM [SaleItems] AS [s]
INNER JOIN [Sales] AS [s0] ON [s].[SaleId] = [s0].[Id]
WHERE DATEPART(year, [s0].[InvoiceDate]) = @__currentYear_0 AND DATEPART(month, [s0].[InvoiceDate]) = @__currentMonth_1
2025-07-19 19:57:13.784 +05:30 [INF] Executed DbCommand (33ms) [Parameters=[@__productIds_0='?' (Size = 4000)], CommandType='"Text"', CommandTimeout='30']
SELECT [p].[ProductId], [p].[CategoryId], [p].[CostPrice], [p].[Description], [p].[Name], [p].[ProductCode], [p].[ProductKey], [p].[SellPrice], [p].[SupplierId]
FROM [Products] AS [p]
WHERE [p].[ProductId] IN (
    SELECT [p0].[value]
    FROM OPENJSON(@__productIds_0) WITH ([value] int '$') AS [p0]
)
2025-07-19 19:57:13.785 +05:30 [INF] Executing OkObjectResult, writing value of type 'AuthNet.Models.DTO.MonthlyProfitDto'.
2025-07-19 19:57:13.789 +05:30 [INF] Executed action AuthNet.Controllers.SalesController.GetCurrentMonthProfit (AuthNet) in 156.9997ms
2025-07-19 19:57:13.789 +05:30 [INF] Executed endpoint 'AuthNet.Controllers.SalesController.GetCurrentMonthProfit (AuthNet)'
2025-07-19 19:57:13.790 +05:30 [INF] Request finished HTTP/1.1 GET https://localhost:7165/api/Sales/CurrentMonthProfit - 200 null application/json; charset=utf-8 186.4376ms
2025-07-19 19:57:13.903 +05:30 [INF] Request starting HTTP/1.1 GET https://localhost:7165/api/Sales/CurrentYearProfit - null null
2025-07-19 19:57:13.919 +05:30 [INF] Executing endpoint 'AuthNet.Controllers.SalesController.GetCurrentYearProfit (AuthNet)'
2025-07-19 19:57:13.933 +05:30 [INF] Route matched with {action = "GetCurrentYearProfit", controller = "Sales"}. Executing controller action with signature System.Threading.Tasks.Task`1[Microsoft.AspNetCore.Mvc.IActionResult] GetCurrentYearProfit() on controller AuthNet.Controllers.SalesController (AuthNet).
2025-07-19 19:57:14.231 +05:30 [INF] Executed DbCommand (295ms) [Parameters=[@__currentYear_0='?' (DbType = Int32)], CommandType='"Text"', CommandTimeout='30']
SELECT [s].[Id], [s].[ProductId], [s].[ProductName], [s].[Quantity], [s].[SaleId], [s].[TotalPrice], [s].[UnitPrice], [s0].[Id], [s0].[AfterTaxAmount], [s0].[CreatedAt], [s0].[DiscountedAmount], [s0].[InvoiceDate], [s0].[InvoiceNo], [s0].[PrincipalAmount], [s0].[Template], [s0].[TotalAmount]
FROM [SaleItems] AS [s]
INNER JOIN [Sales] AS [s0] ON [s].[SaleId] = [s0].[Id]
WHERE DATEPART(year, [s0].[InvoiceDate]) = @__currentYear_0
2025-07-19 19:57:14.277 +05:30 [INF] Executed DbCommand (42ms) [Parameters=[@__productIds_0='?' (Size = 4000)], CommandType='"Text"', CommandTimeout='30']
SELECT [p].[ProductId], [p].[CategoryId], [p].[CostPrice], [p].[Description], [p].[Name], [p].[ProductCode], [p].[ProductKey], [p].[SellPrice], [p].[SupplierId]
FROM [Products] AS [p]
WHERE [p].[ProductId] IN (
    SELECT [p0].[value]
    FROM OPENJSON(@__productIds_0) WITH ([value] int '$') AS [p0]
)
2025-07-19 19:57:14.278 +05:30 [INF] Executing OkObjectResult, writing value of type 'AuthNet.Models.DTO.YearlyProfitDto'.
2025-07-19 19:57:14.281 +05:30 [INF] Executed action AuthNet.Controllers.SalesController.GetCurrentYearProfit (AuthNet) in 347.1369ms
2025-07-19 19:57:14.281 +05:30 [INF] Executed endpoint 'AuthNet.Controllers.SalesController.GetCurrentYearProfit (AuthNet)'
2025-07-19 19:57:14.282 +05:30 [INF] Request finished HTTP/1.1 GET https://localhost:7165/api/Sales/CurrentYearProfit - 200 null application/json; charset=utf-8 378.9781ms
2025-07-19 19:57:14.701 +05:30 [INF] Request starting HTTP/1.1 GET https://localhost:7165/api/Tasks - null null
2025-07-19 19:57:14.702 +05:30 [INF] Executing endpoint 'AuthNet.Controllers.TasksController.GetTasks (AuthNet)'
2025-07-19 19:57:14.707 +05:30 [INF] Route matched with {action = "GetTasks", controller = "Tasks"}. Executing controller action with signature Microsoft.AspNetCore.Mvc.IActionResult GetTasks() on controller AuthNet.Controllers.TasksController (AuthNet).
2025-07-19 19:57:14.728 +05:30 [INF] Executed DbCommand (18ms) [Parameters=[], CommandType='"Text"', CommandTimeout='30']
SELECT [t].[Id], [t].[Title], [t].[DueDate]
FROM [Tasks] AS [t]
2025-07-19 19:57:14.728 +05:30 [INF] Executing OkObjectResult, writing value of type 'System.Collections.Generic.List`1[[AuthNet.Models.DTO.TaskItemDto, AuthNet, Version=1.0.0.0, Culture=neutral, PublicKeyToken=null]]'.
2025-07-19 19:57:14.733 +05:30 [INF] Executed action AuthNet.Controllers.TasksController.GetTasks (AuthNet) in 25.199ms
2025-07-19 19:57:14.733 +05:30 [INF] Executed endpoint 'AuthNet.Controllers.TasksController.GetTasks (AuthNet)'
2025-07-19 19:57:14.733 +05:30 [INF] Request finished HTTP/1.1 GET https://localhost:7165/api/Tasks - 200 null application/json; charset=utf-8 32.4447ms
2025-07-19 19:57:14.809 +05:30 [INF] Request starting HTTP/1.1 GET https://localhost:7165/api/Settings/Get - null null
2025-07-19 19:57:14.811 +05:30 [INF] Executing endpoint 'AuthNet.Controllers.SettingsController.GetCompanyInfo (AuthNet)'
2025-07-19 19:57:14.824 +05:30 [INF] Route matched with {action = "GetCompanyInfo", controller = "Settings"}. Executing controller action with signature System.Threading.Tasks.Task`1[Microsoft.AspNetCore.Mvc.IActionResult] GetCompanyInfo() on controller AuthNet.Controllers.SettingsController (AuthNet).
2025-07-19 19:57:14.881 +05:30 [INF] Executed DbCommand (55ms) [Parameters=[], CommandType='"Text"', CommandTimeout='30']
SELECT TOP(1) [c].[Id], [c].[Address], [c].[ContactNumber], [c].[Email], [c].[GSTIN], [c].[LogoFileExtension], [c].[LogoFilePath], [c].[LogoFileSizeInBytes], [c].[LogoName], [c].[Name], [c].[SignFileExtension], [c].[SignFilePath], [c].[SignFileSizeInBytes], [c].[SignName]
FROM [CompanyInfos] AS [c]
2025-07-19 19:57:14.885 +05:30 [INF] Executing OkObjectResult, writing value of type 'AuthNet.Models.DTO.CompanyInfoResponseDto'.
2025-07-19 19:57:14.892 +05:30 [INF] Executed action AuthNet.Controllers.SettingsController.GetCompanyInfo (AuthNet) in 68.1002ms
2025-07-19 19:57:14.892 +05:30 [INF] Executed endpoint 'AuthNet.Controllers.SettingsController.GetCompanyInfo (AuthNet)'
2025-07-19 19:57:14.893 +05:30 [INF] Request finished HTTP/1.1 GET https://localhost:7165/api/Settings/Get - 200 null application/json; charset=utf-8 83.5897ms
2025-07-19 19:57:19.167 +05:30 [INF] Request starting HTTP/2 GET https://localhost:7165/swagger/v1/swagger.json - null null
2025-07-19 19:57:19.228 +05:30 [INF] Request finished HTTP/2 GET https://localhost:7165/swagger/v1/swagger.json - 200 null application/json;charset=utf-8 61.7817ms
2025-07-19 19:58:21.608 +05:30 [INF] Request starting HTTP/2 GET https://localhost:7165/swagger/index.html - null null
2025-07-19 19:58:21.665 +05:30 [INF] Request finished HTTP/2 GET https://localhost:7165/swagger/index.html - 200 null text/html;charset=utf-8 56.9848ms
2025-07-19 19:58:21.926 +05:30 [INF] Request starting HTTP/2 GET https://localhost:7165/_vs/browserLink - null null
2025-07-19 19:58:22.181 +05:30 [INF] Request starting HTTP/2 GET https://localhost:7165/_framework/aspnetcore-browser-refresh.js - null null
2025-07-19 19:58:22.722 +05:30 [INF] Request finished HTTP/2 GET https://localhost:7165/_framework/aspnetcore-browser-refresh.js - 200 16499 application/javascript; charset=utf-8 979.204ms
2025-07-19 19:58:22.938 +05:30 [INF] Request starting HTTP/1.1 GET https://localhost:7165/api/Sales/DailyProfit - null null
2025-07-19 19:58:23.942 +05:30 [INF] Request finished HTTP/2 GET https://localhost:7165/_vs/browserLink - 200 null text/javascript; charset=UTF-8 2015.6941ms
2025-07-19 19:58:24.141 +05:30 [INF] Request starting HTTP/2 GET https://localhost:7165/swagger/v1/swagger.json - null null
2025-07-19 19:58:24.547 +05:30 [INF] Request finished HTTP/2 GET https://localhost:7165/swagger/v1/swagger.json - 200 null application/json;charset=utf-8 406.0358ms
2025-07-19 19:58:24.564 +05:30 [INF] Executing endpoint 'AuthNet.Controllers.SalesController.GetDailyProfit (AuthNet)'
2025-07-19 19:58:24.573 +05:30 [INF] Route matched with {action = "GetDailyProfit", controller = "Sales"}. Executing controller action with signature System.Threading.Tasks.Task`1[Microsoft.AspNetCore.Mvc.IActionResult] GetDailyProfit() on controller AuthNet.Controllers.SalesController (AuthNet).
2025-07-19 19:58:25.521 +05:30 [INF] Executed DbCommand (945ms) [Parameters=[@__date_Date_0='?' (DbType = DateTime2)], CommandType='"Text"', CommandTimeout='30']
SELECT [s].[Id], [s].[ProductId], [s].[ProductName], [s].[Quantity], [s].[SaleId], [s].[TotalPrice], [s].[UnitPrice], [s0].[Id], [s0].[AfterTaxAmount], [s0].[CreatedAt], [s0].[DiscountedAmount], [s0].[InvoiceDate], [s0].[InvoiceNo], [s0].[PrincipalAmount], [s0].[Template], [s0].[TotalAmount]
FROM [SaleItems] AS [s]
INNER JOIN [Sales] AS [s0] ON [s].[SaleId] = [s0].[Id]
WHERE CONVERT(date, [s0].[InvoiceDate]) = @__date_Date_0
2025-07-19 19:58:25.683 +05:30 [INF] Executed DbCommand (160ms) [Parameters=[@__productIds_0='?' (Size = 4000)], CommandType='"Text"', CommandTimeout='30']
SELECT [p].[ProductId], [p].[CategoryId], [p].[CostPrice], [p].[Description], [p].[Name], [p].[ProductCode], [p].[ProductKey], [p].[SellPrice], [p].[SupplierId]
FROM [Products] AS [p]
WHERE [p].[ProductId] IN (
    SELECT [p0].[value]
    FROM OPENJSON(@__productIds_0) WITH ([value] int '$') AS [p0]
)
2025-07-19 19:58:25.687 +05:30 [INF] Executing OkObjectResult, writing value of type 'AuthNet.Models.DTO.DailyProfitDto'.
2025-07-19 19:58:25.690 +05:30 [INF] Executed action AuthNet.Controllers.SalesController.GetDailyProfit (AuthNet) in 1116.9201ms
2025-07-19 19:58:25.690 +05:30 [INF] Executed endpoint 'AuthNet.Controllers.SalesController.GetDailyProfit (AuthNet)'
2025-07-19 19:58:25.690 +05:30 [INF] Request finished HTTP/1.1 GET https://localhost:7165/api/Sales/DailyProfit - 200 null application/json; charset=utf-8 2760.5545ms
2025-07-19 19:58:26.421 +05:30 [INF] Request starting HTTP/1.1 GET https://localhost:7165/api/Sales/CurrentMonthProfit - null null
2025-07-19 19:58:26.428 +05:30 [INF] Executing endpoint 'AuthNet.Controllers.SalesController.GetCurrentMonthProfit (AuthNet)'
2025-07-19 19:58:26.448 +05:30 [INF] Route matched with {action = "GetCurrentMonthProfit", controller = "Sales"}. Executing controller action with signature System.Threading.Tasks.Task`1[Microsoft.AspNetCore.Mvc.IActionResult] GetCurrentMonthProfit() on controller AuthNet.Controllers.SalesController (AuthNet).
2025-07-19 19:58:26.520 +05:30 [INF] Executed DbCommand (69ms) [Parameters=[@__currentYear_0='?' (DbType = Int32), @__currentMonth_1='?' (DbType = Int32)], CommandType='"Text"', CommandTimeout='30']
SELECT [s].[Id], [s].[ProductId], [s].[ProductName], [s].[Quantity], [s].[SaleId], [s].[TotalPrice], [s].[UnitPrice], [s0].[Id], [s0].[AfterTaxAmount], [s0].[CreatedAt], [s0].[DiscountedAmount], [s0].[InvoiceDate], [s0].[InvoiceNo], [s0].[PrincipalAmount], [s0].[Template], [s0].[TotalAmount]
FROM [SaleItems] AS [s]
INNER JOIN [Sales] AS [s0] ON [s].[SaleId] = [s0].[Id]
WHERE DATEPART(year, [s0].[InvoiceDate]) = @__currentYear_0 AND DATEPART(month, [s0].[InvoiceDate]) = @__currentMonth_1
2025-07-19 19:58:26.656 +05:30 [INF] Executed DbCommand (135ms) [Parameters=[@__productIds_0='?' (Size = 4000)], CommandType='"Text"', CommandTimeout='30']
SELECT [p].[ProductId], [p].[CategoryId], [p].[CostPrice], [p].[Description], [p].[Name], [p].[ProductCode], [p].[ProductKey], [p].[SellPrice], [p].[SupplierId]
FROM [Products] AS [p]
WHERE [p].[ProductId] IN (
    SELECT [p0].[value]
    FROM OPENJSON(@__productIds_0) WITH ([value] int '$') AS [p0]
)
2025-07-19 19:58:26.657 +05:30 [INF] Executing OkObjectResult, writing value of type 'AuthNet.Models.DTO.MonthlyProfitDto'.
2025-07-19 19:58:26.658 +05:30 [INF] Executed action AuthNet.Controllers.SalesController.GetCurrentMonthProfit (AuthNet) in 209.3367ms
2025-07-19 19:58:26.658 +05:30 [INF] Executed endpoint 'AuthNet.Controllers.SalesController.GetCurrentMonthProfit (AuthNet)'
2025-07-19 19:58:26.658 +05:30 [INF] Request finished HTTP/1.1 GET https://localhost:7165/api/Sales/CurrentMonthProfit - 200 null application/json; charset=utf-8 237.2603ms
2025-07-19 19:58:27.320 +05:30 [INF] Request starting HTTP/1.1 GET https://localhost:7165/api/Sales/CurrentYearProfit - null null
2025-07-19 19:58:27.321 +05:30 [INF] Executing endpoint 'AuthNet.Controllers.SalesController.GetCurrentYearProfit (AuthNet)'
2025-07-19 19:58:27.337 +05:30 [INF] Route matched with {action = "GetCurrentYearProfit", controller = "Sales"}. Executing controller action with signature System.Threading.Tasks.Task`1[Microsoft.AspNetCore.Mvc.IActionResult] GetCurrentYearProfit() on controller AuthNet.Controllers.SalesController (AuthNet).
2025-07-19 19:58:27.818 +05:30 [INF] Executed DbCommand (477ms) [Parameters=[@__currentYear_0='?' (DbType = Int32)], CommandType='"Text"', CommandTimeout='30']
SELECT [s].[Id], [s].[ProductId], [s].[ProductName], [s].[Quantity], [s].[SaleId], [s].[TotalPrice], [s].[UnitPrice], [s0].[Id], [s0].[AfterTaxAmount], [s0].[CreatedAt], [s0].[DiscountedAmount], [s0].[InvoiceDate], [s0].[InvoiceNo], [s0].[PrincipalAmount], [s0].[Template], [s0].[TotalAmount]
FROM [SaleItems] AS [s]
INNER JOIN [Sales] AS [s0] ON [s].[SaleId] = [s0].[Id]
WHERE DATEPART(year, [s0].[InvoiceDate]) = @__currentYear_0
2025-07-19 19:58:28.091 +05:30 [INF] Executed DbCommand (272ms) [Parameters=[@__productIds_0='?' (Size = 4000)], CommandType='"Text"', CommandTimeout='30']
SELECT [p].[ProductId], [p].[CategoryId], [p].[CostPrice], [p].[Description], [p].[Name], [p].[ProductCode], [p].[ProductKey], [p].[SellPrice], [p].[SupplierId]
FROM [Products] AS [p]
WHERE [p].[ProductId] IN (
    SELECT [p0].[value]
    FROM OPENJSON(@__productIds_0) WITH ([value] int '$') AS [p0]
)
2025-07-19 19:58:28.091 +05:30 [INF] Executing OkObjectResult, writing value of type 'AuthNet.Models.DTO.YearlyProfitDto'.
2025-07-19 19:58:28.093 +05:30 [INF] Executed action AuthNet.Controllers.SalesController.GetCurrentYearProfit (AuthNet) in 755.2853ms
2025-07-19 19:58:28.093 +05:30 [INF] Executed endpoint 'AuthNet.Controllers.SalesController.GetCurrentYearProfit (AuthNet)'
2025-07-19 19:58:28.093 +05:30 [INF] Request finished HTTP/1.1 GET https://localhost:7165/api/Sales/CurrentYearProfit - 200 null application/json; charset=utf-8 772.7157ms
2025-07-19 19:58:28.552 +05:30 [INF] Request starting HTTP/1.1 GET https://localhost:7165/api/Tasks - null null
2025-07-19 19:58:28.552 +05:30 [INF] Executing endpoint 'AuthNet.Controllers.TasksController.GetTasks (AuthNet)'
2025-07-19 19:58:28.554 +05:30 [INF] Route matched with {action = "GetTasks", controller = "Tasks"}. Executing controller action with signature Microsoft.AspNetCore.Mvc.IActionResult GetTasks() on controller AuthNet.Controllers.TasksController (AuthNet).
2025-07-19 19:58:28.574 +05:30 [INF] Executed DbCommand (19ms) [Parameters=[], CommandType='"Text"', CommandTimeout='30']
SELECT [t].[Id], [t].[Title], [t].[DueDate]
FROM [Tasks] AS [t]
2025-07-19 19:58:28.574 +05:30 [INF] Executing OkObjectResult, writing value of type 'System.Collections.Generic.List`1[[AuthNet.Models.DTO.TaskItemDto, AuthNet, Version=1.0.0.0, Culture=neutral, PublicKeyToken=null]]'.
2025-07-19 19:58:28.576 +05:30 [INF] Executed action AuthNet.Controllers.TasksController.GetTasks (AuthNet) in 22.345ms
2025-07-19 19:58:28.576 +05:30 [INF] Executed endpoint 'AuthNet.Controllers.TasksController.GetTasks (AuthNet)'
2025-07-19 19:58:28.577 +05:30 [INF] Request finished HTTP/1.1 GET https://localhost:7165/api/Tasks - 200 null application/json; charset=utf-8 24.7263ms
2025-07-19 19:58:28.687 +05:30 [INF] Request starting HTTP/1.1 GET https://localhost:7165/api/Settings/Get - null null
2025-07-19 19:58:28.689 +05:30 [INF] Executing endpoint 'AuthNet.Controllers.SettingsController.GetCompanyInfo (AuthNet)'
2025-07-19 19:58:28.694 +05:30 [INF] Route matched with {action = "GetCompanyInfo", controller = "Settings"}. Executing controller action with signature System.Threading.Tasks.Task`1[Microsoft.AspNetCore.Mvc.IActionResult] GetCompanyInfo() on controller AuthNet.Controllers.SettingsController (AuthNet).
2025-07-19 19:58:28.882 +05:30 [INF] Executed DbCommand (187ms) [Parameters=[], CommandType='"Text"', CommandTimeout='30']
SELECT TOP(1) [c].[Id], [c].[Address], [c].[ContactNumber], [c].[Email], [c].[GSTIN], [c].[LogoFileExtension], [c].[LogoFilePath], [c].[LogoFileSizeInBytes], [c].[LogoName], [c].[Name], [c].[SignFileExtension], [c].[SignFilePath], [c].[SignFileSizeInBytes], [c].[SignName]
FROM [CompanyInfos] AS [c]
2025-07-19 19:58:28.882 +05:30 [INF] Executing OkObjectResult, writing value of type 'AuthNet.Models.DTO.CompanyInfoResponseDto'.
2025-07-19 19:58:28.887 +05:30 [INF] Executed action AuthNet.Controllers.SettingsController.GetCompanyInfo (AuthNet) in 192.8157ms
2025-07-19 19:58:28.887 +05:30 [INF] Executed endpoint 'AuthNet.Controllers.SettingsController.GetCompanyInfo (AuthNet)'
2025-07-19 19:58:28.887 +05:30 [INF] Request finished HTTP/1.1 GET https://localhost:7165/api/Settings/Get - 200 null application/json; charset=utf-8 200.9751ms
2025-07-19 19:59:23.396 +05:30 [INF] Request starting HTTP/1.1 GET https://localhost:7165/api/Sales/DailyProfit - null null
2025-07-19 19:59:23.402 +05:30 [INF] Executing endpoint 'AuthNet.Controllers.SalesController.GetDailyProfit (AuthNet)'
2025-07-19 19:59:23.409 +05:30 [INF] Route matched with {action = "GetDailyProfit", controller = "Sales"}. Executing controller action with signature System.Threading.Tasks.Task`1[Microsoft.AspNetCore.Mvc.IActionResult] GetDailyProfit() on controller AuthNet.Controllers.SalesController (AuthNet).
2025-07-19 19:59:23.773 +05:30 [INF] Executed DbCommand (363ms) [Parameters=[@__date_Date_0='?' (DbType = DateTime2)], CommandType='"Text"', CommandTimeout='30']
SELECT [s].[Id], [s].[ProductId], [s].[ProductName], [s].[Quantity], [s].[SaleId], [s].[TotalPrice], [s].[UnitPrice], [s0].[Id], [s0].[AfterTaxAmount], [s0].[CreatedAt], [s0].[DiscountedAmount], [s0].[InvoiceDate], [s0].[InvoiceNo], [s0].[PrincipalAmount], [s0].[Template], [s0].[TotalAmount]
FROM [SaleItems] AS [s]
INNER JOIN [Sales] AS [s0] ON [s].[SaleId] = [s0].[Id]
WHERE CONVERT(date, [s0].[InvoiceDate]) = @__date_Date_0
2025-07-19 19:59:23.947 +05:30 [INF] Executed DbCommand (172ms) [Parameters=[@__productIds_0='?' (Size = 4000)], CommandType='"Text"', CommandTimeout='30']
SELECT [p].[ProductId], [p].[CategoryId], [p].[CostPrice], [p].[Description], [p].[Name], [p].[ProductCode], [p].[ProductKey], [p].[SellPrice], [p].[SupplierId]
FROM [Products] AS [p]
WHERE [p].[ProductId] IN (
    SELECT [p0].[value]
    FROM OPENJSON(@__productIds_0) WITH ([value] int '$') AS [p0]
)
2025-07-19 19:59:23.947 +05:30 [INF] Executing OkObjectResult, writing value of type 'AuthNet.Models.DTO.DailyProfitDto'.
2025-07-19 19:59:23.949 +05:30 [INF] Executed action AuthNet.Controllers.SalesController.GetDailyProfit (AuthNet) in 540.6514ms
2025-07-19 19:59:23.949 +05:30 [INF] Executed endpoint 'AuthNet.Controllers.SalesController.GetDailyProfit (AuthNet)'
2025-07-19 19:59:23.950 +05:30 [INF] Request finished HTTP/1.1 GET https://localhost:7165/api/Sales/DailyProfit - 200 null application/json; charset=utf-8 553.4963ms
2025-07-19 19:59:24.243 +05:30 [INF] Request starting HTTP/1.1 GET https://localhost:7165/api/Sales/CurrentMonthProfit - null null
2025-07-19 19:59:24.252 +05:30 [INF] Executing endpoint 'AuthNet.Controllers.SalesController.GetCurrentMonthProfit (AuthNet)'
2025-07-19 19:59:24.258 +05:30 [INF] Route matched with {action = "GetCurrentMonthProfit", controller = "Sales"}. Executing controller action with signature System.Threading.Tasks.Task`1[Microsoft.AspNetCore.Mvc.IActionResult] GetCurrentMonthProfit() on controller AuthNet.Controllers.SalesController (AuthNet).
2025-07-19 19:59:24.748 +05:30 [INF] Executed DbCommand (489ms) [Parameters=[@__currentYear_0='?' (DbType = Int32), @__currentMonth_1='?' (DbType = Int32)], CommandType='"Text"', CommandTimeout='30']
SELECT [s].[Id], [s].[ProductId], [s].[ProductName], [s].[Quantity], [s].[SaleId], [s].[TotalPrice], [s].[UnitPrice], [s0].[Id], [s0].[AfterTaxAmount], [s0].[CreatedAt], [s0].[DiscountedAmount], [s0].[InvoiceDate], [s0].[InvoiceNo], [s0].[PrincipalAmount], [s0].[Template], [s0].[TotalAmount]
FROM [SaleItems] AS [s]
INNER JOIN [Sales] AS [s0] ON [s].[SaleId] = [s0].[Id]
WHERE DATEPART(year, [s0].[InvoiceDate]) = @__currentYear_0 AND DATEPART(month, [s0].[InvoiceDate]) = @__currentMonth_1
2025-07-19 19:59:24.873 +05:30 [INF] Executed DbCommand (122ms) [Parameters=[@__productIds_0='?' (Size = 4000)], CommandType='"Text"', CommandTimeout='30']
SELECT [p].[ProductId], [p].[CategoryId], [p].[CostPrice], [p].[Description], [p].[Name], [p].[ProductCode], [p].[ProductKey], [p].[SellPrice], [p].[SupplierId]
FROM [Products] AS [p]
WHERE [p].[ProductId] IN (
    SELECT [p0].[value]
    FROM OPENJSON(@__productIds_0) WITH ([value] int '$') AS [p0]
)
2025-07-19 19:59:24.873 +05:30 [INF] Executing OkObjectResult, writing value of type 'AuthNet.Models.DTO.MonthlyProfitDto'.
2025-07-19 19:59:24.874 +05:30 [INF] Executed action AuthNet.Controllers.SalesController.GetCurrentMonthProfit (AuthNet) in 616.702ms
2025-07-19 19:59:24.874 +05:30 [INF] Executed endpoint 'AuthNet.Controllers.SalesController.GetCurrentMonthProfit (AuthNet)'
2025-07-19 19:59:24.875 +05:30 [INF] Request finished HTTP/1.1 GET https://localhost:7165/api/Sales/CurrentMonthProfit - 200 null application/json; charset=utf-8 631.2519ms
2025-07-19 19:59:25.525 +05:30 [INF] Request starting HTTP/1.1 GET https://localhost:7165/api/Sales/CurrentYearProfit - null null
2025-07-19 19:59:25.526 +05:30 [INF] Executing endpoint 'AuthNet.Controllers.SalesController.GetCurrentYearProfit (AuthNet)'
2025-07-19 19:59:25.532 +05:30 [INF] Route matched with {action = "GetCurrentYearProfit", controller = "Sales"}. Executing controller action with signature System.Threading.Tasks.Task`1[Microsoft.AspNetCore.Mvc.IActionResult] GetCurrentYearProfit() on controller AuthNet.Controllers.SalesController (AuthNet).
2025-07-19 19:59:26.225 +05:30 [INF] Executed DbCommand (691ms) [Parameters=[@__currentYear_0='?' (DbType = Int32)], CommandType='"Text"', CommandTimeout='30']
SELECT [s].[Id], [s].[ProductId], [s].[ProductName], [s].[Quantity], [s].[SaleId], [s].[TotalPrice], [s].[UnitPrice], [s0].[Id], [s0].[AfterTaxAmount], [s0].[CreatedAt], [s0].[DiscountedAmount], [s0].[InvoiceDate], [s0].[InvoiceNo], [s0].[PrincipalAmount], [s0].[Template], [s0].[TotalAmount]
FROM [SaleItems] AS [s]
INNER JOIN [Sales] AS [s0] ON [s].[SaleId] = [s0].[Id]
WHERE DATEPART(year, [s0].[InvoiceDate]) = @__currentYear_0
2025-07-19 19:59:26.312 +05:30 [INF] Executed DbCommand (80ms) [Parameters=[@__productIds_0='?' (Size = 4000)], CommandType='"Text"', CommandTimeout='30']
SELECT [p].[ProductId], [p].[CategoryId], [p].[CostPrice], [p].[Description], [p].[Name], [p].[ProductCode], [p].[ProductKey], [p].[SellPrice], [p].[SupplierId]
FROM [Products] AS [p]
WHERE [p].[ProductId] IN (
    SELECT [p0].[value]
    FROM OPENJSON(@__productIds_0) WITH ([value] int '$') AS [p0]
)
2025-07-19 19:59:26.313 +05:30 [INF] Executing OkObjectResult, writing value of type 'AuthNet.Models.DTO.YearlyProfitDto'.
2025-07-19 19:59:26.314 +05:30 [INF] Executed action AuthNet.Controllers.SalesController.GetCurrentYearProfit (AuthNet) in 781.6625ms
2025-07-19 19:59:26.314 +05:30 [INF] Executed endpoint 'AuthNet.Controllers.SalesController.GetCurrentYearProfit (AuthNet)'
2025-07-19 19:59:26.314 +05:30 [INF] Request finished HTTP/1.1 GET https://localhost:7165/api/Sales/CurrentYearProfit - 200 null application/json; charset=utf-8 788.6259ms
2025-07-19 19:59:26.845 +05:30 [INF] Request starting HTTP/1.1 GET https://localhost:7165/api/Tasks - null null
2025-07-19 19:59:26.845 +05:30 [INF] Executing endpoint 'AuthNet.Controllers.TasksController.GetTasks (AuthNet)'
2025-07-19 19:59:26.847 +05:30 [INF] Route matched with {action = "GetTasks", controller = "Tasks"}. Executing controller action with signature Microsoft.AspNetCore.Mvc.IActionResult GetTasks() on controller AuthNet.Controllers.TasksController (AuthNet).
2025-07-19 19:59:26.892 +05:30 [INF] Executed DbCommand (44ms) [Parameters=[], CommandType='"Text"', CommandTimeout='30']
SELECT [t].[Id], [t].[Title], [t].[DueDate]
FROM [Tasks] AS [t]
2025-07-19 19:59:26.892 +05:30 [INF] Executing OkObjectResult, writing value of type 'System.Collections.Generic.List`1[[AuthNet.Models.DTO.TaskItemDto, AuthNet, Version=1.0.0.0, Culture=neutral, PublicKeyToken=null]]'.
2025-07-19 19:59:26.896 +05:30 [INF] Executed action AuthNet.Controllers.TasksController.GetTasks (AuthNet) in 48.8686ms
2025-07-19 19:59:26.896 +05:30 [INF] Executed endpoint 'AuthNet.Controllers.TasksController.GetTasks (AuthNet)'
2025-07-19 19:59:26.896 +05:30 [INF] Request finished HTTP/1.1 GET https://localhost:7165/api/Tasks - 200 null application/json; charset=utf-8 51.1278ms
2025-07-19 19:59:27.228 +05:30 [INF] Request starting HTTP/1.1 GET https://localhost:7165/api/Settings/Get - null null
2025-07-19 19:59:27.282 +05:30 [INF] Executing endpoint 'AuthNet.Controllers.SettingsController.GetCompanyInfo (AuthNet)'
2025-07-19 19:59:27.288 +05:30 [INF] Route matched with {action = "GetCompanyInfo", controller = "Settings"}. Executing controller action with signature System.Threading.Tasks.Task`1[Microsoft.AspNetCore.Mvc.IActionResult] GetCompanyInfo() on controller AuthNet.Controllers.SettingsController (AuthNet).
2025-07-19 19:59:27.683 +05:30 [INF] Executed DbCommand (394ms) [Parameters=[], CommandType='"Text"', CommandTimeout='30']
SELECT TOP(1) [c].[Id], [c].[Address], [c].[ContactNumber], [c].[Email], [c].[GSTIN], [c].[LogoFileExtension], [c].[LogoFilePath], [c].[LogoFileSizeInBytes], [c].[LogoName], [c].[Name], [c].[SignFileExtension], [c].[SignFilePath], [c].[SignFileSizeInBytes], [c].[SignName]
FROM [CompanyInfos] AS [c]
2025-07-19 19:59:27.684 +05:30 [INF] Executing OkObjectResult, writing value of type 'AuthNet.Models.DTO.CompanyInfoResponseDto'.
2025-07-19 19:59:27.688 +05:30 [INF] Executed action AuthNet.Controllers.SettingsController.GetCompanyInfo (AuthNet) in 399.8014ms
2025-07-19 19:59:27.688 +05:30 [INF] Executed endpoint 'AuthNet.Controllers.SettingsController.GetCompanyInfo (AuthNet)'
2025-07-19 19:59:27.689 +05:30 [INF] Request finished HTTP/1.1 GET https://localhost:7165/api/Settings/Get - 200 null application/json; charset=utf-8 460.9063ms
2025-07-19 19:59:29.098 +05:30 [INF] Request starting HTTP/2 GET https://localhost:7165/swagger/index.html - null null
2025-07-19 19:59:29.492 +05:30 [INF] Request finished HTTP/2 GET https://localhost:7165/swagger/index.html - 200 null text/html;charset=utf-8 394.8977ms
2025-07-19 19:59:29.679 +05:30 [INF] Request starting HTTP/2 GET https://localhost:7165/_framework/aspnetcore-browser-refresh.js - null null
2025-07-19 19:59:29.770 +05:30 [INF] Request starting HTTP/2 GET https://localhost:7165/_vs/browserLink - null null
2025-07-19 19:59:29.894 +05:30 [INF] Request finished HTTP/2 GET https://localhost:7165/_framework/aspnetcore-browser-refresh.js - 200 16499 application/javascript; charset=utf-8 215.715ms
2025-07-19 19:59:30.725 +05:30 [INF] Request finished HTTP/2 GET https://localhost:7165/_vs/browserLink - 200 null text/javascript; charset=UTF-8 954.8256ms
2025-07-19 19:59:34.856 +05:30 [INF] Request starting HTTP/2 GET https://localhost:7165/swagger/v1/swagger.json - null null
2025-07-19 19:59:35.054 +05:30 [INF] Request finished HTTP/2 GET https://localhost:7165/swagger/v1/swagger.json - 200 null application/json;charset=utf-8 197.1828ms
2025-07-19 20:00:17.747 +05:30 [INF] Request starting HTTP/1.1 GET https://localhost:7165/api/Sales/DailyProfit - null null
2025-07-19 20:00:17.748 +05:30 [INF] Executing endpoint 'AuthNet.Controllers.SalesController.GetDailyProfit (AuthNet)'
2025-07-19 20:00:17.748 +05:30 [INF] Route matched with {action = "GetDailyProfit", controller = "Sales"}. Executing controller action with signature System.Threading.Tasks.Task`1[Microsoft.AspNetCore.Mvc.IActionResult] GetDailyProfit() on controller AuthNet.Controllers.SalesController (AuthNet).
2025-07-19 20:00:17.999 +05:30 [INF] Executed DbCommand (249ms) [Parameters=[@__date_Date_0='?' (DbType = DateTime2)], CommandType='"Text"', CommandTimeout='30']
SELECT [s].[Id], [s].[ProductId], [s].[ProductName], [s].[Quantity], [s].[SaleId], [s].[TotalPrice], [s].[UnitPrice], [s0].[Id], [s0].[AfterTaxAmount], [s0].[CreatedAt], [s0].[DiscountedAmount], [s0].[InvoiceDate], [s0].[InvoiceNo], [s0].[PrincipalAmount], [s0].[Template], [s0].[TotalAmount]
FROM [SaleItems] AS [s]
INNER JOIN [Sales] AS [s0] ON [s].[SaleId] = [s0].[Id]
WHERE CONVERT(date, [s0].[InvoiceDate]) = @__date_Date_0
2025-07-19 20:00:18.021 +05:30 [INF] Executed DbCommand (21ms) [Parameters=[@__productIds_0='?' (Size = 4000)], CommandType='"Text"', CommandTimeout='30']
SELECT [p].[ProductId], [p].[CategoryId], [p].[CostPrice], [p].[Description], [p].[Name], [p].[ProductCode], [p].[ProductKey], [p].[SellPrice], [p].[SupplierId]
FROM [Products] AS [p]
WHERE [p].[ProductId] IN (
    SELECT [p0].[value]
    FROM OPENJSON(@__productIds_0) WITH ([value] int '$') AS [p0]
)
2025-07-19 20:00:18.022 +05:30 [INF] Executing OkObjectResult, writing value of type 'AuthNet.Models.DTO.DailyProfitDto'.
2025-07-19 20:00:18.023 +05:30 [INF] Executed action AuthNet.Controllers.SalesController.GetDailyProfit (AuthNet) in 274.9015ms
2025-07-19 20:00:18.023 +05:30 [INF] Executed endpoint 'AuthNet.Controllers.SalesController.GetDailyProfit (AuthNet)'
2025-07-19 20:00:18.024 +05:30 [INF] Request finished HTTP/1.1 GET https://localhost:7165/api/Sales/DailyProfit - 200 null application/json; charset=utf-8 276.5332ms
2025-07-19 20:00:18.092 +05:30 [INF] Request starting HTTP/1.1 GET https://localhost:7165/api/Sales/CurrentMonthProfit - null null
2025-07-19 20:00:18.100 +05:30 [INF] Executing endpoint 'AuthNet.Controllers.SalesController.GetCurrentMonthProfit (AuthNet)'
2025-07-19 20:00:18.107 +05:30 [INF] Route matched with {action = "GetCurrentMonthProfit", controller = "Sales"}. Executing controller action with signature System.Threading.Tasks.Task`1[Microsoft.AspNetCore.Mvc.IActionResult] GetCurrentMonthProfit() on controller AuthNet.Controllers.SalesController (AuthNet).
2025-07-19 20:00:18.239 +05:30 [INF] Executed DbCommand (130ms) [Parameters=[@__currentYear_0='?' (DbType = Int32), @__currentMonth_1='?' (DbType = Int32)], CommandType='"Text"', CommandTimeout='30']
SELECT [s].[Id], [s].[ProductId], [s].[ProductName], [s].[Quantity], [s].[SaleId], [s].[TotalPrice], [s].[UnitPrice], [s0].[Id], [s0].[AfterTaxAmount], [s0].[CreatedAt], [s0].[DiscountedAmount], [s0].[InvoiceDate], [s0].[InvoiceNo], [s0].[PrincipalAmount], [s0].[Template], [s0].[TotalAmount]
FROM [SaleItems] AS [s]
INNER JOIN [Sales] AS [s0] ON [s].[SaleId] = [s0].[Id]
WHERE DATEPART(year, [s0].[InvoiceDate]) = @__currentYear_0 AND DATEPART(month, [s0].[InvoiceDate]) = @__currentMonth_1
2025-07-19 20:00:18.268 +05:30 [INF] Executed DbCommand (27ms) [Parameters=[@__productIds_0='?' (Size = 4000)], CommandType='"Text"', CommandTimeout='30']
SELECT [p].[ProductId], [p].[CategoryId], [p].[CostPrice], [p].[Description], [p].[Name], [p].[ProductCode], [p].[ProductKey], [p].[SellPrice], [p].[SupplierId]
FROM [Products] AS [p]
WHERE [p].[ProductId] IN (
    SELECT [p0].[value]
    FROM OPENJSON(@__productIds_0) WITH ([value] int '$') AS [p0]
)
2025-07-19 20:00:18.269 +05:30 [INF] Executing OkObjectResult, writing value of type 'AuthNet.Models.DTO.MonthlyProfitDto'.
2025-07-19 20:00:18.271 +05:30 [INF] Executed action AuthNet.Controllers.SalesController.GetCurrentMonthProfit (AuthNet) in 163.4192ms
2025-07-19 20:00:18.271 +05:30 [INF] Executed endpoint 'AuthNet.Controllers.SalesController.GetCurrentMonthProfit (AuthNet)'
2025-07-19 20:00:18.271 +05:30 [INF] Request finished HTTP/1.1 GET https://localhost:7165/api/Sales/CurrentMonthProfit - 200 null application/json; charset=utf-8 179.1287ms
2025-07-19 20:00:18.374 +05:30 [INF] Request starting HTTP/1.1 GET https://localhost:7165/api/Sales/CurrentYearProfit - null null
2025-07-19 20:00:18.385 +05:30 [INF] Executing endpoint 'AuthNet.Controllers.SalesController.GetCurrentYearProfit (AuthNet)'
2025-07-19 20:00:18.393 +05:30 [INF] Route matched with {action = "GetCurrentYearProfit", controller = "Sales"}. Executing controller action with signature System.Threading.Tasks.Task`1[Microsoft.AspNetCore.Mvc.IActionResult] GetCurrentYearProfit() on controller AuthNet.Controllers.SalesController (AuthNet).
2025-07-19 20:00:18.492 +05:30 [INF] Executed DbCommand (97ms) [Parameters=[@__currentYear_0='?' (DbType = Int32)], CommandType='"Text"', CommandTimeout='30']
SELECT [s].[Id], [s].[ProductId], [s].[ProductName], [s].[Quantity], [s].[SaleId], [s].[TotalPrice], [s].[UnitPrice], [s0].[Id], [s0].[AfterTaxAmount], [s0].[CreatedAt], [s0].[DiscountedAmount], [s0].[InvoiceDate], [s0].[InvoiceNo], [s0].[PrincipalAmount], [s0].[Template], [s0].[TotalAmount]
FROM [SaleItems] AS [s]
INNER JOIN [Sales] AS [s0] ON [s].[SaleId] = [s0].[Id]
WHERE DATEPART(year, [s0].[InvoiceDate]) = @__currentYear_0
2025-07-19 20:00:18.505 +05:30 [INF] Executed DbCommand (12ms) [Parameters=[@__productIds_0='?' (Size = 4000)], CommandType='"Text"', CommandTimeout='30']
SELECT [p].[ProductId], [p].[CategoryId], [p].[CostPrice], [p].[Description], [p].[Name], [p].[ProductCode], [p].[ProductKey], [p].[SellPrice], [p].[SupplierId]
FROM [Products] AS [p]
WHERE [p].[ProductId] IN (
    SELECT [p0].[value]
    FROM OPENJSON(@__productIds_0) WITH ([value] int '$') AS [p0]
)
2025-07-19 20:00:18.506 +05:30 [INF] Executing OkObjectResult, writing value of type 'AuthNet.Models.DTO.YearlyProfitDto'.
2025-07-19 20:00:18.507 +05:30 [INF] Executed action AuthNet.Controllers.SalesController.GetCurrentYearProfit (AuthNet) in 113.7199ms
2025-07-19 20:00:18.507 +05:30 [INF] Executed endpoint 'AuthNet.Controllers.SalesController.GetCurrentYearProfit (AuthNet)'
2025-07-19 20:00:18.508 +05:30 [INF] Request finished HTTP/1.1 GET https://localhost:7165/api/Sales/CurrentYearProfit - 200 null application/json; charset=utf-8 134.1277ms
2025-07-19 20:00:18.547 +05:30 [INF] Request starting HTTP/1.1 GET https://localhost:7165/api/Tasks - null null
2025-07-19 20:00:18.548 +05:30 [INF] Executing endpoint 'AuthNet.Controllers.TasksController.GetTasks (AuthNet)'
2025-07-19 20:00:18.549 +05:30 [INF] Route matched with {action = "GetTasks", controller = "Tasks"}. Executing controller action with signature Microsoft.AspNetCore.Mvc.IActionResult GetTasks() on controller AuthNet.Controllers.TasksController (AuthNet).
2025-07-19 20:00:18.555 +05:30 [INF] Executed DbCommand (5ms) [Parameters=[], CommandType='"Text"', CommandTimeout='30']
SELECT [t].[Id], [t].[Title], [t].[DueDate]
FROM [Tasks] AS [t]
2025-07-19 20:00:18.556 +05:30 [INF] Executing OkObjectResult, writing value of type 'System.Collections.Generic.List`1[[AuthNet.Models.DTO.TaskItemDto, AuthNet, Version=1.0.0.0, Culture=neutral, PublicKeyToken=null]]'.
2025-07-19 20:00:18.558 +05:30 [INF] Executed action AuthNet.Controllers.TasksController.GetTasks (AuthNet) in 8.9366ms
2025-07-19 20:00:18.558 +05:30 [INF] Executed endpoint 'AuthNet.Controllers.TasksController.GetTasks (AuthNet)'
2025-07-19 20:00:18.558 +05:30 [INF] Request finished HTTP/1.1 GET https://localhost:7165/api/Tasks - 200 null application/json; charset=utf-8 11.1464ms
2025-07-19 20:00:18.592 +05:30 [INF] Request starting HTTP/1.1 GET https://localhost:7165/api/Settings/Get - null null
2025-07-19 20:00:18.593 +05:30 [INF] Executing endpoint 'AuthNet.Controllers.SettingsController.GetCompanyInfo (AuthNet)'
2025-07-19 20:00:18.605 +05:30 [INF] Route matched with {action = "GetCompanyInfo", controller = "Settings"}. Executing controller action with signature System.Threading.Tasks.Task`1[Microsoft.AspNetCore.Mvc.IActionResult] GetCompanyInfo() on controller AuthNet.Controllers.SettingsController (AuthNet).
2025-07-19 20:00:18.733 +05:30 [INF] Executed DbCommand (126ms) [Parameters=[], CommandType='"Text"', CommandTimeout='30']
SELECT TOP(1) [c].[Id], [c].[Address], [c].[ContactNumber], [c].[Email], [c].[GSTIN], [c].[LogoFileExtension], [c].[LogoFilePath], [c].[LogoFileSizeInBytes], [c].[LogoName], [c].[Name], [c].[SignFileExtension], [c].[SignFilePath], [c].[SignFileSizeInBytes], [c].[SignName]
FROM [CompanyInfos] AS [c]
2025-07-19 20:00:18.733 +05:30 [INF] Executing OkObjectResult, writing value of type 'AuthNet.Models.DTO.CompanyInfoResponseDto'.
2025-07-19 20:00:18.737 +05:30 [INF] Executed action AuthNet.Controllers.SettingsController.GetCompanyInfo (AuthNet) in 131.5202ms
2025-07-19 20:00:18.737 +05:30 [INF] Executed endpoint 'AuthNet.Controllers.SettingsController.GetCompanyInfo (AuthNet)'
2025-07-19 20:00:18.737 +05:30 [INF] Request finished HTTP/1.1 GET https://localhost:7165/api/Settings/Get - 200 null application/json; charset=utf-8 144.7523ms
2025-07-19 20:00:19.959 +05:30 [INF] Request starting HTTP/2 GET https://localhost:7165/swagger/index.html - null null
2025-07-19 20:00:19.994 +05:30 [INF] Request finished HTTP/2 GET https://localhost:7165/swagger/index.html - 200 null text/html;charset=utf-8 34.9544ms
2025-07-19 20:00:20.217 +05:30 [INF] Request starting HTTP/2 GET https://localhost:7165/_framework/aspnetcore-browser-refresh.js - null null
2025-07-19 20:00:20.241 +05:30 [INF] Request starting HTTP/2 GET https://localhost:7165/_vs/browserLink - null null
2025-07-19 20:00:20.276 +05:30 [INF] Request finished HTTP/2 GET https://localhost:7165/_framework/aspnetcore-browser-refresh.js - 200 16499 application/javascript; charset=utf-8 58.8629ms
2025-07-19 20:00:20.305 +05:30 [INF] Request finished HTTP/2 GET https://localhost:7165/_vs/browserLink - 200 null text/javascript; charset=UTF-8 64.5951ms
2025-07-19 20:00:20.422 +05:30 [INF] Request starting HTTP/2 GET https://localhost:7165/swagger/v1/swagger.json - null null
2025-07-19 20:00:20.467 +05:30 [INF] Request finished HTTP/2 GET https://localhost:7165/swagger/v1/swagger.json - 200 null application/json;charset=utf-8 44.7768ms
2025-07-19 20:00:50.823 +05:30 [INF] Request starting HTTP/1.1 GET https://localhost:7165/api/Sales/DailyProfit - null null
2025-07-19 20:00:50.824 +05:30 [INF] Executing endpoint 'AuthNet.Controllers.SalesController.GetDailyProfit (AuthNet)'
2025-07-19 20:00:50.833 +05:30 [INF] Route matched with {action = "GetDailyProfit", controller = "Sales"}. Executing controller action with signature System.Threading.Tasks.Task`1[Microsoft.AspNetCore.Mvc.IActionResult] GetDailyProfit() on controller AuthNet.Controllers.SalesController (AuthNet).
2025-07-19 20:00:50.893 +05:30 [INF] Executed DbCommand (57ms) [Parameters=[@__date_Date_0='?' (DbType = DateTime2)], CommandType='"Text"', CommandTimeout='30']
SELECT [s].[Id], [s].[ProductId], [s].[ProductName], [s].[Quantity], [s].[SaleId], [s].[TotalPrice], [s].[UnitPrice], [s0].[Id], [s0].[AfterTaxAmount], [s0].[CreatedAt], [s0].[DiscountedAmount], [s0].[InvoiceDate], [s0].[InvoiceNo], [s0].[PrincipalAmount], [s0].[Template], [s0].[TotalAmount]
FROM [SaleItems] AS [s]
INNER JOIN [Sales] AS [s0] ON [s].[SaleId] = [s0].[Id]
WHERE CONVERT(date, [s0].[InvoiceDate]) = @__date_Date_0
2025-07-19 20:00:50.909 +05:30 [INF] Executed DbCommand (15ms) [Parameters=[@__productIds_0='?' (Size = 4000)], CommandType='"Text"', CommandTimeout='30']
SELECT [p].[ProductId], [p].[CategoryId], [p].[CostPrice], [p].[Description], [p].[Name], [p].[ProductCode], [p].[ProductKey], [p].[SellPrice], [p].[SupplierId]
FROM [Products] AS [p]
WHERE [p].[ProductId] IN (
    SELECT [p0].[value]
    FROM OPENJSON(@__productIds_0) WITH ([value] int '$') AS [p0]
)
2025-07-19 20:00:50.910 +05:30 [INF] Executing OkObjectResult, writing value of type 'AuthNet.Models.DTO.DailyProfitDto'.
2025-07-19 20:00:50.910 +05:30 [INF] Executed action AuthNet.Controllers.SalesController.GetDailyProfit (AuthNet) in 76.8283ms
2025-07-19 20:00:50.910 +05:30 [INF] Executed endpoint 'AuthNet.Controllers.SalesController.GetDailyProfit (AuthNet)'
2025-07-19 20:00:50.910 +05:30 [INF] Request finished HTTP/1.1 GET https://localhost:7165/api/Sales/DailyProfit - 200 null application/json; charset=utf-8 87.6156ms
2025-07-19 20:00:51.138 +05:30 [INF] Request starting HTTP/1.1 GET https://localhost:7165/api/Sales/CurrentMonthProfit - null null
2025-07-19 20:00:51.140 +05:30 [INF] Executing endpoint 'AuthNet.Controllers.SalesController.GetCurrentMonthProfit (AuthNet)'
2025-07-19 20:00:51.150 +05:30 [INF] Route matched with {action = "GetCurrentMonthProfit", controller = "Sales"}. Executing controller action with signature System.Threading.Tasks.Task`1[Microsoft.AspNetCore.Mvc.IActionResult] GetCurrentMonthProfit() on controller AuthNet.Controllers.SalesController (AuthNet).
2025-07-19 20:00:51.195 +05:30 [INF] Executed DbCommand (38ms) [Parameters=[@__currentYear_0='?' (DbType = Int32), @__currentMonth_1='?' (DbType = Int32)], CommandType='"Text"', CommandTimeout='30']
SELECT [s].[Id], [s].[ProductId], [s].[ProductName], [s].[Quantity], [s].[SaleId], [s].[TotalPrice], [s].[UnitPrice], [s0].[Id], [s0].[AfterTaxAmount], [s0].[CreatedAt], [s0].[DiscountedAmount], [s0].[InvoiceDate], [s0].[InvoiceNo], [s0].[PrincipalAmount], [s0].[Template], [s0].[TotalAmount]
FROM [SaleItems] AS [s]
INNER JOIN [Sales] AS [s0] ON [s].[SaleId] = [s0].[Id]
WHERE DATEPART(year, [s0].[InvoiceDate]) = @__currentYear_0 AND DATEPART(month, [s0].[InvoiceDate]) = @__currentMonth_1
2025-07-19 20:00:51.312 +05:30 [INF] Executed DbCommand (115ms) [Parameters=[@__productIds_0='?' (Size = 4000)], CommandType='"Text"', CommandTimeout='30']
SELECT [p].[ProductId], [p].[CategoryId], [p].[CostPrice], [p].[Description], [p].[Name], [p].[ProductCode], [p].[ProductKey], [p].[SellPrice], [p].[SupplierId]
FROM [Products] AS [p]
WHERE [p].[ProductId] IN (
    SELECT [p0].[value]
    FROM OPENJSON(@__productIds_0) WITH ([value] int '$') AS [p0]
)
2025-07-19 20:00:51.313 +05:30 [INF] Executing OkObjectResult, writing value of type 'AuthNet.Models.DTO.MonthlyProfitDto'.
2025-07-19 20:00:51.315 +05:30 [INF] Executed action AuthNet.Controllers.SalesController.GetCurrentMonthProfit (AuthNet) in 164.6197ms
2025-07-19 20:00:51.315 +05:30 [INF] Executed endpoint 'AuthNet.Controllers.SalesController.GetCurrentMonthProfit (AuthNet)'
2025-07-19 20:00:51.316 +05:30 [INF] Request finished HTTP/1.1 GET https://localhost:7165/api/Sales/CurrentMonthProfit - 200 null application/json; charset=utf-8 177.4135ms
2025-07-19 20:00:51.414 +05:30 [INF] Request starting HTTP/1.1 GET https://localhost:7165/api/Sales/CurrentYearProfit - null null
2025-07-19 20:00:51.424 +05:30 [INF] Executing endpoint 'AuthNet.Controllers.SalesController.GetCurrentYearProfit (AuthNet)'
2025-07-19 20:00:51.433 +05:30 [INF] Route matched with {action = "GetCurrentYearProfit", controller = "Sales"}. Executing controller action with signature System.Threading.Tasks.Task`1[Microsoft.AspNetCore.Mvc.IActionResult] GetCurrentYearProfit() on controller AuthNet.Controllers.SalesController (AuthNet).
2025-07-19 20:00:51.455 +05:30 [INF] Executed DbCommand (20ms) [Parameters=[@__currentYear_0='?' (DbType = Int32)], CommandType='"Text"', CommandTimeout='30']
SELECT [s].[Id], [s].[ProductId], [s].[ProductName], [s].[Quantity], [s].[SaleId], [s].[TotalPrice], [s].[UnitPrice], [s0].[Id], [s0].[AfterTaxAmount], [s0].[CreatedAt], [s0].[DiscountedAmount], [s0].[InvoiceDate], [s0].[InvoiceNo], [s0].[PrincipalAmount], [s0].[Template], [s0].[TotalAmount]
FROM [SaleItems] AS [s]
INNER JOIN [Sales] AS [s0] ON [s].[SaleId] = [s0].[Id]
WHERE DATEPART(year, [s0].[InvoiceDate]) = @__currentYear_0
2025-07-19 20:00:51.471 +05:30 [INF] Executed DbCommand (14ms) [Parameters=[@__productIds_0='?' (Size = 4000)], CommandType='"Text"', CommandTimeout='30']
SELECT [p].[ProductId], [p].[CategoryId], [p].[CostPrice], [p].[Description], [p].[Name], [p].[ProductCode], [p].[ProductKey], [p].[SellPrice], [p].[SupplierId]
FROM [Products] AS [p]
WHERE [p].[ProductId] IN (
    SELECT [p0].[value]
    FROM OPENJSON(@__productIds_0) WITH ([value] int '$') AS [p0]
)
2025-07-19 20:00:51.471 +05:30 [INF] Executing OkObjectResult, writing value of type 'AuthNet.Models.DTO.YearlyProfitDto'.
2025-07-19 20:00:51.472 +05:30 [INF] Executed action AuthNet.Controllers.SalesController.GetCurrentYearProfit (AuthNet) in 39.149ms
2025-07-19 20:00:51.472 +05:30 [INF] Executed endpoint 'AuthNet.Controllers.SalesController.GetCurrentYearProfit (AuthNet)'
2025-07-19 20:00:51.473 +05:30 [INF] Request finished HTTP/1.1 GET https://localhost:7165/api/Sales/CurrentYearProfit - 200 null application/json; charset=utf-8 59.0301ms
2025-07-19 20:00:51.652 +05:30 [INF] Request starting HTTP/1.1 GET https://localhost:7165/api/Tasks - null null
2025-07-19 20:00:51.652 +05:30 [INF] Executing endpoint 'AuthNet.Controllers.TasksController.GetTasks (AuthNet)'
2025-07-19 20:00:51.655 +05:30 [INF] Route matched with {action = "GetTasks", controller = "Tasks"}. Executing controller action with signature Microsoft.AspNetCore.Mvc.IActionResult GetTasks() on controller AuthNet.Controllers.TasksController (AuthNet).
2025-07-19 20:00:51.671 +05:30 [INF] Executed DbCommand (14ms) [Parameters=[], CommandType='"Text"', CommandTimeout='30']
SELECT [t].[Id], [t].[Title], [t].[DueDate]
FROM [Tasks] AS [t]
2025-07-19 20:00:51.671 +05:30 [INF] Executing OkObjectResult, writing value of type 'System.Collections.Generic.List`1[[AuthNet.Models.DTO.TaskItemDto, AuthNet, Version=1.0.0.0, Culture=neutral, PublicKeyToken=null]]'.
2025-07-19 20:00:51.673 +05:30 [INF] Executed action AuthNet.Controllers.TasksController.GetTasks (AuthNet) in 18.5115ms
2025-07-19 20:00:51.673 +05:30 [INF] Executed endpoint 'AuthNet.Controllers.TasksController.GetTasks (AuthNet)'
2025-07-19 20:00:51.673 +05:30 [INF] Request finished HTTP/1.1 GET https://localhost:7165/api/Tasks - 200 null application/json; charset=utf-8 21.3994ms
2025-07-19 20:00:51.937 +05:30 [INF] Request starting HTTP/1.1 GET https://localhost:7165/api/Settings/Get - null null
2025-07-19 20:00:51.938 +05:30 [INF] Executing endpoint 'AuthNet.Controllers.SettingsController.GetCompanyInfo (AuthNet)'
2025-07-19 20:00:51.946 +05:30 [INF] Route matched with {action = "GetCompanyInfo", controller = "Settings"}. Executing controller action with signature System.Threading.Tasks.Task`1[Microsoft.AspNetCore.Mvc.IActionResult] GetCompanyInfo() on controller AuthNet.Controllers.SettingsController (AuthNet).
2025-07-19 20:00:51.956 +05:30 [INF] Executed DbCommand (9ms) [Parameters=[], CommandType='"Text"', CommandTimeout='30']
SELECT TOP(1) [c].[Id], [c].[Address], [c].[ContactNumber], [c].[Email], [c].[GSTIN], [c].[LogoFileExtension], [c].[LogoFilePath], [c].[LogoFileSizeInBytes], [c].[LogoName], [c].[Name], [c].[SignFileExtension], [c].[SignFilePath], [c].[SignFileSizeInBytes], [c].[SignName]
FROM [CompanyInfos] AS [c]
2025-07-19 20:00:51.957 +05:30 [INF] Executing OkObjectResult, writing value of type 'AuthNet.Models.DTO.CompanyInfoResponseDto'.
2025-07-19 20:00:51.960 +05:30 [INF] Executed action AuthNet.Controllers.SettingsController.GetCompanyInfo (AuthNet) in 14.0026ms
2025-07-19 20:00:51.960 +05:30 [INF] Executed endpoint 'AuthNet.Controllers.SettingsController.GetCompanyInfo (AuthNet)'
2025-07-19 20:00:51.961 +05:30 [INF] Request finished HTTP/1.1 GET https://localhost:7165/api/Settings/Get - 200 null application/json; charset=utf-8 24.2294ms
2025-07-19 20:00:53.372 +05:30 [INF] Request starting HTTP/2 GET https://localhost:7165/swagger/index.html - null null
2025-07-19 20:00:53.504 +05:30 [INF] Request finished HTTP/2 GET https://localhost:7165/swagger/index.html - 200 null text/html;charset=utf-8 132.0301ms
2025-07-19 20:00:53.554 +05:30 [INF] Request starting HTTP/2 GET https://localhost:7165/_framework/aspnetcore-browser-refresh.js - null null
2025-07-19 20:00:53.575 +05:30 [INF] Request starting HTTP/2 GET https://localhost:7165/_vs/browserLink - null null
2025-07-19 20:00:53.582 +05:30 [INF] Request finished HTTP/2 GET https://localhost:7165/_framework/aspnetcore-browser-refresh.js - 200 16499 application/javascript; charset=utf-8 27.3969ms
2025-07-19 20:00:53.603 +05:30 [INF] Request finished HTTP/2 GET https://localhost:7165/_vs/browserLink - 200 null text/javascript; charset=UTF-8 28.0372ms
2025-07-19 20:00:53.938 +05:30 [INF] Request starting HTTP/2 GET https://localhost:7165/swagger/v1/swagger.json - null null
2025-07-19 20:00:53.997 +05:30 [INF] Request finished HTTP/2 GET https://localhost:7165/swagger/v1/swagger.json - 200 null application/json;charset=utf-8 58.7685ms
2025-07-19 20:01:36.291 +05:30 [INF] Request starting HTTP/1.1 GET https://localhost:7165/api/Sales/DailyProfit - null null
2025-07-19 20:01:36.291 +05:30 [INF] Executing endpoint 'AuthNet.Controllers.SalesController.GetDailyProfit (AuthNet)'
2025-07-19 20:01:36.299 +05:30 [INF] Route matched with {action = "GetDailyProfit", controller = "Sales"}. Executing controller action with signature System.Threading.Tasks.Task`1[Microsoft.AspNetCore.Mvc.IActionResult] GetDailyProfit() on controller AuthNet.Controllers.SalesController (AuthNet).
2025-07-19 20:01:36.357 +05:30 [INF] Executed DbCommand (56ms) [Parameters=[@__date_Date_0='?' (DbType = DateTime2)], CommandType='"Text"', CommandTimeout='30']
SELECT [s].[Id], [s].[ProductId], [s].[ProductName], [s].[Quantity], [s].[SaleId], [s].[TotalPrice], [s].[UnitPrice], [s0].[Id], [s0].[AfterTaxAmount], [s0].[CreatedAt], [s0].[DiscountedAmount], [s0].[InvoiceDate], [s0].[InvoiceNo], [s0].[PrincipalAmount], [s0].[Template], [s0].[TotalAmount]
FROM [SaleItems] AS [s]
INNER JOIN [Sales] AS [s0] ON [s].[SaleId] = [s0].[Id]
WHERE CONVERT(date, [s0].[InvoiceDate]) = @__date_Date_0
2025-07-19 20:01:36.373 +05:30 [INF] Executed DbCommand (14ms) [Parameters=[@__productIds_0='?' (Size = 4000)], CommandType='"Text"', CommandTimeout='30']
SELECT [p].[ProductId], [p].[CategoryId], [p].[CostPrice], [p].[Description], [p].[Name], [p].[ProductCode], [p].[ProductKey], [p].[SellPrice], [p].[SupplierId]
FROM [Products] AS [p]
WHERE [p].[ProductId] IN (
    SELECT [p0].[value]
    FROM OPENJSON(@__productIds_0) WITH ([value] int '$') AS [p0]
)
2025-07-19 20:01:36.374 +05:30 [INF] Executing OkObjectResult, writing value of type 'AuthNet.Models.DTO.DailyProfitDto'.
2025-07-19 20:01:36.375 +05:30 [INF] Executed action AuthNet.Controllers.SalesController.GetDailyProfit (AuthNet) in 75.2729ms
2025-07-19 20:01:36.375 +05:30 [INF] Executed endpoint 'AuthNet.Controllers.SalesController.GetDailyProfit (AuthNet)'
2025-07-19 20:01:36.375 +05:30 [INF] Request finished HTTP/1.1 GET https://localhost:7165/api/Sales/DailyProfit - 200 null application/json; charset=utf-8 84.4986ms
2025-07-19 20:01:36.387 +05:30 [INF] Request starting HTTP/2 GET https://localhost:7165/swagger/index.html - null null
2025-07-19 20:01:36.427 +05:30 [INF] Request starting HTTP/1.1 GET https://localhost:7165/api/Sales/CurrentMonthProfit - null null
2025-07-19 20:01:36.428 +05:30 [INF] Executing endpoint 'AuthNet.Controllers.SalesController.GetCurrentMonthProfit (AuthNet)'
2025-07-19 20:01:36.431 +05:30 [INF] Request finished HTTP/2 GET https://localhost:7165/swagger/index.html - 200 null text/html;charset=utf-8 43.6053ms
2025-07-19 20:01:36.434 +05:30 [INF] Route matched with {action = "GetCurrentMonthProfit", controller = "Sales"}. Executing controller action with signature System.Threading.Tasks.Task`1[Microsoft.AspNetCore.Mvc.IActionResult] GetCurrentMonthProfit() on controller AuthNet.Controllers.SalesController (AuthNet).
2025-07-19 20:01:36.574 +05:30 [INF] Request starting HTTP/2 GET https://localhost:7165/_framework/aspnetcore-browser-refresh.js - null null
2025-07-19 20:01:36.584 +05:30 [INF] Request starting HTTP/2 GET https://localhost:7165/_vs/browserLink - null null
2025-07-19 20:01:36.595 +05:30 [INF] Request finished HTTP/2 GET https://localhost:7165/_framework/aspnetcore-browser-refresh.js - 200 16499 application/javascript; charset=utf-8 21.3405ms
2025-07-19 20:01:36.599 +05:30 [INF] Executed DbCommand (162ms) [Parameters=[@__currentYear_0='?' (DbType = Int32), @__currentMonth_1='?' (DbType = Int32)], CommandType='"Text"', CommandTimeout='30']
SELECT [s].[Id], [s].[ProductId], [s].[ProductName], [s].[Quantity], [s].[SaleId], [s].[TotalPrice], [s].[UnitPrice], [s0].[Id], [s0].[AfterTaxAmount], [s0].[CreatedAt], [s0].[DiscountedAmount], [s0].[InvoiceDate], [s0].[InvoiceNo], [s0].[PrincipalAmount], [s0].[Template], [s0].[TotalAmount]
FROM [SaleItems] AS [s]
INNER JOIN [Sales] AS [s0] ON [s].[SaleId] = [s0].[Id]
WHERE DATEPART(year, [s0].[InvoiceDate]) = @__currentYear_0 AND DATEPART(month, [s0].[InvoiceDate]) = @__currentMonth_1
2025-07-19 20:01:36.639 +05:30 [INF] Executed DbCommand (39ms) [Parameters=[@__productIds_0='?' (Size = 4000)], CommandType='"Text"', CommandTimeout='30']
SELECT [p].[ProductId], [p].[CategoryId], [p].[CostPrice], [p].[Description], [p].[Name], [p].[ProductCode], [p].[ProductKey], [p].[SellPrice], [p].[SupplierId]
FROM [Products] AS [p]
WHERE [p].[ProductId] IN (
    SELECT [p0].[value]
    FROM OPENJSON(@__productIds_0) WITH ([value] int '$') AS [p0]
)
2025-07-19 20:01:36.640 +05:30 [INF] Executing OkObjectResult, writing value of type 'AuthNet.Models.DTO.MonthlyProfitDto'.
2025-07-19 20:01:36.642 +05:30 [INF] Executed action AuthNet.Controllers.SalesController.GetCurrentMonthProfit (AuthNet) in 207.9476ms
2025-07-19 20:01:36.642 +05:30 [INF] Executed endpoint 'AuthNet.Controllers.SalesController.GetCurrentMonthProfit (AuthNet)'
2025-07-19 20:01:36.644 +05:30 [INF] Request finished HTTP/1.1 GET https://localhost:7165/api/Sales/CurrentMonthProfit - 200 null application/json; charset=utf-8 217.2315ms
2025-07-19 20:01:36.702 +05:30 [INF] Request starting HTTP/1.1 GET https://localhost:7165/api/Sales/CurrentYearProfit - null null
2025-07-19 20:01:36.715 +05:30 [INF] Request finished HTTP/2 GET https://localhost:7165/_vs/browserLink - 200 null text/javascript; charset=UTF-8 131.4574ms
2025-07-19 20:01:36.717 +05:30 [INF] Executing endpoint 'AuthNet.Controllers.SalesController.GetCurrentYearProfit (AuthNet)'
2025-07-19 20:01:36.723 +05:30 [INF] Route matched with {action = "GetCurrentYearProfit", controller = "Sales"}. Executing controller action with signature System.Threading.Tasks.Task`1[Microsoft.AspNetCore.Mvc.IActionResult] GetCurrentYearProfit() on controller AuthNet.Controllers.SalesController (AuthNet).
2025-07-19 20:01:36.738 +05:30 [INF] Executed DbCommand (13ms) [Parameters=[@__currentYear_0='?' (DbType = Int32)], CommandType='"Text"', CommandTimeout='30']
SELECT [s].[Id], [s].[ProductId], [s].[ProductName], [s].[Quantity], [s].[SaleId], [s].[TotalPrice], [s].[UnitPrice], [s0].[Id], [s0].[AfterTaxAmount], [s0].[CreatedAt], [s0].[DiscountedAmount], [s0].[InvoiceDate], [s0].[InvoiceNo], [s0].[PrincipalAmount], [s0].[Template], [s0].[TotalAmount]
FROM [SaleItems] AS [s]
INNER JOIN [Sales] AS [s0] ON [s].[SaleId] = [s0].[Id]
WHERE DATEPART(year, [s0].[InvoiceDate]) = @__currentYear_0
2025-07-19 20:01:36.757 +05:30 [INF] Executed DbCommand (18ms) [Parameters=[@__productIds_0='?' (Size = 4000)], CommandType='"Text"', CommandTimeout='30']
SELECT [p].[ProductId], [p].[CategoryId], [p].[CostPrice], [p].[Description], [p].[Name], [p].[ProductCode], [p].[ProductKey], [p].[SellPrice], [p].[SupplierId]
FROM [Products] AS [p]
WHERE [p].[ProductId] IN (
    SELECT [p0].[value]
    FROM OPENJSON(@__productIds_0) WITH ([value] int '$') AS [p0]
)
2025-07-19 20:01:36.757 +05:30 [INF] Executing OkObjectResult, writing value of type 'AuthNet.Models.DTO.YearlyProfitDto'.
2025-07-19 20:01:36.759 +05:30 [INF] Executed action AuthNet.Controllers.SalesController.GetCurrentYearProfit (AuthNet) in 35.7695ms
2025-07-19 20:01:36.759 +05:30 [INF] Executed endpoint 'AuthNet.Controllers.SalesController.GetCurrentYearProfit (AuthNet)'
2025-07-19 20:01:36.760 +05:30 [INF] Request finished HTTP/1.1 GET https://localhost:7165/api/Sales/CurrentYearProfit - 200 null application/json; charset=utf-8 57.6207ms
2025-07-19 20:01:36.836 +05:30 [INF] Request starting HTTP/1.1 GET https://localhost:7165/api/Tasks - null null
2025-07-19 20:01:36.837 +05:30 [INF] Executing endpoint 'AuthNet.Controllers.TasksController.GetTasks (AuthNet)'
2025-07-19 20:01:36.840 +05:30 [INF] Route matched with {action = "GetTasks", controller = "Tasks"}. Executing controller action with signature Microsoft.AspNetCore.Mvc.IActionResult GetTasks() on controller AuthNet.Controllers.TasksController (AuthNet).
2025-07-19 20:01:36.852 +05:30 [INF] Executed DbCommand (9ms) [Parameters=[], CommandType='"Text"', CommandTimeout='30']
SELECT [t].[Id], [t].[Title], [t].[DueDate]
FROM [Tasks] AS [t]
2025-07-19 20:01:36.852 +05:30 [INF] Executing OkObjectResult, writing value of type 'System.Collections.Generic.List`1[[AuthNet.Models.DTO.TaskItemDto, AuthNet, Version=1.0.0.0, Culture=neutral, PublicKeyToken=null]]'.
2025-07-19 20:01:36.855 +05:30 [INF] Executed action AuthNet.Controllers.TasksController.GetTasks (AuthNet) in 15.0298ms
2025-07-19 20:01:36.855 +05:30 [INF] Executed endpoint 'AuthNet.Controllers.TasksController.GetTasks (AuthNet)'
2025-07-19 20:01:36.855 +05:30 [INF] Request finished HTTP/1.1 GET https://localhost:7165/api/Tasks - 200 null application/json; charset=utf-8 19.4595ms
2025-07-19 20:01:36.921 +05:30 [INF] Request starting HTTP/1.1 GET https://localhost:7165/api/Settings/Get - null null
2025-07-19 20:01:36.922 +05:30 [INF] Executing endpoint 'AuthNet.Controllers.SettingsController.GetCompanyInfo (AuthNet)'
2025-07-19 20:01:36.931 +05:30 [INF] Route matched with {action = "GetCompanyInfo", controller = "Settings"}. Executing controller action with signature System.Threading.Tasks.Task`1[Microsoft.AspNetCore.Mvc.IActionResult] GetCompanyInfo() on controller AuthNet.Controllers.SettingsController (AuthNet).
2025-07-19 20:01:36.943 +05:30 [INF] Executed DbCommand (10ms) [Parameters=[], CommandType='"Text"', CommandTimeout='30']
SELECT TOP(1) [c].[Id], [c].[Address], [c].[ContactNumber], [c].[Email], [c].[GSTIN], [c].[LogoFileExtension], [c].[LogoFilePath], [c].[LogoFileSizeInBytes], [c].[LogoName], [c].[Name], [c].[SignFileExtension], [c].[SignFilePath], [c].[SignFileSizeInBytes], [c].[SignName]
FROM [CompanyInfos] AS [c]
2025-07-19 20:01:36.944 +05:30 [INF] Executing OkObjectResult, writing value of type 'AuthNet.Models.DTO.CompanyInfoResponseDto'.
2025-07-19 20:01:36.947 +05:30 [INF] Executed action AuthNet.Controllers.SettingsController.GetCompanyInfo (AuthNet) in 15.2411ms
2025-07-19 20:01:36.947 +05:30 [INF] Executed endpoint 'AuthNet.Controllers.SettingsController.GetCompanyInfo (AuthNet)'
2025-07-19 20:01:36.947 +05:30 [INF] Request finished HTTP/1.1 GET https://localhost:7165/api/Settings/Get - 200 null application/json; charset=utf-8 26.6584ms
2025-07-19 20:01:38.328 +05:30 [INF] Request starting HTTP/2 GET https://localhost:7165/swagger/v1/swagger.json - null null
2025-07-19 20:01:38.441 +05:30 [INF] Request finished HTTP/2 GET https://localhost:7165/swagger/v1/swagger.json - 200 null application/json;charset=utf-8 116.3347ms
2025-07-19 20:02:45.999 +05:30 [INF] Request starting HTTP/1.1 GET https://localhost:7165/api/Products - null null
2025-07-19 20:02:45.999 +05:30 [INF] Executing endpoint 'AuthNet.Controllers.ProductsController.GetAll (AuthNet)'
2025-07-19 20:02:46.009 +05:30 [INF] Route matched with {action = "GetAll", controller = "Products"}. Executing controller action with signature System.Threading.Tasks.Task`1[Microsoft.AspNetCore.Mvc.IActionResult] GetAll() on controller AuthNet.Controllers.ProductsController (AuthNet).
2025-07-19 20:02:46.037 +05:30 [INF] Executed DbCommand (16ms) [Parameters=[], CommandType='"Text"', CommandTimeout='30']
SELECT [p].[ProductId], [p].[CategoryId], [p].[CostPrice], [p].[Description], [p].[Name], [p].[ProductCode], [p].[ProductKey], [p].[SellPrice], [p].[SupplierId]
FROM [Products] AS [p]
2025-07-19 20:02:46.038 +05:30 [INF] Executing OkObjectResult, writing value of type 'System.Collections.Generic.List`1[[AuthNet.Models.Domain.Product, AuthNet, Version=1.0.0.0, Culture=neutral, PublicKeyToken=null]]'.
2025-07-19 20:02:46.053 +05:30 [INF] Executed action AuthNet.Controllers.ProductsController.GetAll (AuthNet) in 43.2891ms
2025-07-19 20:02:46.053 +05:30 [INF] Executed endpoint 'AuthNet.Controllers.ProductsController.GetAll (AuthNet)'
2025-07-19 20:02:46.053 +05:30 [INF] Request finished HTTP/1.1 GET https://localhost:7165/api/Products - 200 null application/json; charset=utf-8 54.6591ms
2025-07-19 20:02:50.395 +05:30 [INF] Request starting HTTP/1.1 GET https://localhost:7165/api/Products - null null
2025-07-19 20:02:50.397 +05:30 [INF] Executing endpoint 'AuthNet.Controllers.ProductsController.GetAll (AuthNet)'
2025-07-19 20:02:50.397 +05:30 [INF] Route matched with {action = "GetAll", controller = "Products"}. Executing controller action with signature System.Threading.Tasks.Task`1[Microsoft.AspNetCore.Mvc.IActionResult] GetAll() on controller AuthNet.Controllers.ProductsController (AuthNet).
2025-07-19 20:02:50.417 +05:30 [INF] Executed DbCommand (7ms) [Parameters=[], CommandType='"Text"', CommandTimeout='30']
SELECT [p].[ProductId], [p].[CategoryId], [p].[CostPrice], [p].[Description], [p].[Name], [p].[ProductCode], [p].[ProductKey], [p].[SellPrice], [p].[SupplierId]
FROM [Products] AS [p]
2025-07-19 20:02:50.417 +05:30 [INF] Executing OkObjectResult, writing value of type 'System.Collections.Generic.List`1[[AuthNet.Models.Domain.Product, AuthNet, Version=1.0.0.0, Culture=neutral, PublicKeyToken=null]]'.
2025-07-19 20:02:50.418 +05:30 [INF] Executed action AuthNet.Controllers.ProductsController.GetAll (AuthNet) in 19.9816ms
2025-07-19 20:02:50.418 +05:30 [INF] Executed endpoint 'AuthNet.Controllers.ProductsController.GetAll (AuthNet)'
2025-07-19 20:02:50.418 +05:30 [INF] Request finished HTTP/1.1 GET https://localhost:7165/api/Products - 200 null application/json; charset=utf-8 23.1869ms
2025-07-19 20:02:50.443 +05:30 [INF] Request starting HTTP/1.1 GET https://localhost:7165/api/InvoiceTemplates - null null
2025-07-19 20:02:50.443 +05:30 [INF] Executing endpoint 'AuthNet.Controllers.InvoiceTemplatesController.GetAll (AuthNet)'
2025-07-19 20:02:50.449 +05:30 [INF] Route matched with {action = "GetAll", controller = "InvoiceTemplates"}. Executing controller action with signature System.Threading.Tasks.Task`1[Microsoft.AspNetCore.Mvc.IActionResult] GetAll() on controller AuthNet.Controllers.InvoiceTemplatesController (AuthNet).
2025-07-19 20:02:50.469 +05:30 [INF] Executed DbCommand (7ms) [Parameters=[], CommandType='"Text"', CommandTimeout='30']
SELECT [i].[Id], [i].[Layout], [i].[Notes], [i].[TermsAndConditions]
FROM [InvoiceTemplates] AS [i]
2025-07-19 20:02:50.487 +05:30 [INF] Executing OkObjectResult, writing value of type 'System.Collections.Generic.List`1[[AuthNet.Models.Domain.InvoiceTemplate, AuthNet, Version=1.0.0.0, Culture=neutral, PublicKeyToken=null]]'.
2025-07-19 20:02:50.491 +05:30 [INF] Executed action AuthNet.Controllers.InvoiceTemplatesController.GetAll (AuthNet) in 42.1191ms
2025-07-19 20:02:50.491 +05:30 [INF] Executed endpoint 'AuthNet.Controllers.InvoiceTemplatesController.GetAll (AuthNet)'
2025-07-19 20:02:50.491 +05:30 [INF] Request finished HTTP/1.1 GET https://localhost:7165/api/InvoiceTemplates - 200 null application/json; charset=utf-8 48.5675ms
2025-07-19 20:02:50.516 +05:30 [INF] Request starting HTTP/1.1 GET https://localhost:7165/api/categories - null null
2025-07-19 20:02:50.517 +05:30 [INF] Executing endpoint 'AuthNet.Controllers.CategoriesController.GetAll (AuthNet)'
2025-07-19 20:02:50.528 +05:30 [INF] Route matched with {action = "GetAll", controller = "Categories"}. Executing controller action with signature System.Threading.Tasks.Task`1[Microsoft.AspNetCore.Mvc.IActionResult] GetAll() on controller AuthNet.Controllers.CategoriesController (AuthNet).
2025-07-19 20:02:50.555 +05:30 [INF] Executed DbCommand (7ms) [Parameters=[], CommandType='"Text"', CommandTimeout='30']
SELECT [c].[CategoryId], [c].[Description], [c].[Name]
FROM [Categories] AS [c]
2025-07-19 20:02:50.566 +05:30 [INF] Executing OkObjectResult, writing value of type 'System.Collections.Generic.List`1[[AuthNet.Models.Domain.Category, AuthNet, Version=1.0.0.0, Culture=neutral, PublicKeyToken=null]]'.
2025-07-19 20:02:50.569 +05:30 [INF] Executed action AuthNet.Controllers.CategoriesController.GetAll (AuthNet) in 40.6521ms
2025-07-19 20:02:50.569 +05:30 [INF] Executed endpoint 'AuthNet.Controllers.CategoriesController.GetAll (AuthNet)'
2025-07-19 20:02:50.569 +05:30 [INF] Request finished HTTP/1.1 GET https://localhost:7165/api/categories - 200 null application/json; charset=utf-8 52.8581ms
2025-07-19 20:02:50.597 +05:30 [INF] Request starting HTTP/1.1 GET https://localhost:7165/api/Settings/Get - null null
2025-07-19 20:02:50.601 +05:30 [INF] Executing endpoint 'AuthNet.Controllers.SettingsController.GetCompanyInfo (AuthNet)'
2025-07-19 20:02:50.601 +05:30 [INF] Route matched with {action = "GetCompanyInfo", controller = "Settings"}. Executing controller action with signature System.Threading.Tasks.Task`1[Microsoft.AspNetCore.Mvc.IActionResult] GetCompanyInfo() on controller AuthNet.Controllers.SettingsController (AuthNet).
2025-07-19 20:02:50.625 +05:30 [INF] Executed DbCommand (23ms) [Parameters=[], CommandType='"Text"', CommandTimeout='30']
SELECT TOP(1) [c].[Id], [c].[Address], [c].[ContactNumber], [c].[Email], [c].[GSTIN], [c].[LogoFileExtension], [c].[LogoFilePath], [c].[LogoFileSizeInBytes], [c].[LogoName], [c].[Name], [c].[SignFileExtension], [c].[SignFilePath], [c].[SignFileSizeInBytes], [c].[SignName]
FROM [CompanyInfos] AS [c]
2025-07-19 20:02:50.626 +05:30 [INF] Executing OkObjectResult, writing value of type 'AuthNet.Models.DTO.CompanyInfoResponseDto'.
2025-07-19 20:02:50.626 +05:30 [INF] Executed action AuthNet.Controllers.SettingsController.GetCompanyInfo (AuthNet) in 25.1174ms
2025-07-19 20:02:50.626 +05:30 [INF] Executed endpoint 'AuthNet.Controllers.SettingsController.GetCompanyInfo (AuthNet)'
2025-07-19 20:02:50.627 +05:30 [INF] Request finished HTTP/1.1 GET https://localhost:7165/api/Settings/Get - 200 null application/json; charset=utf-8 30.059ms
2025-07-19 20:02:50.670 +05:30 [INF] Request starting HTTP/1.1 GET https://localhost:7165/api/TaxSettings - null null
2025-07-19 20:02:50.670 +05:30 [INF] Executing endpoint 'AuthNet.Controllers.TaxSettingsController.GetAll (AuthNet)'
2025-07-19 20:02:50.679 +05:30 [INF] Route matched with {action = "GetAll", controller = "TaxSettings"}. Executing controller action with signature System.Threading.Tasks.Task`1[Microsoft.AspNetCore.Mvc.IActionResult] GetAll() on controller AuthNet.Controllers.TaxSettingsController (AuthNet).
2025-07-19 20:02:50.689 +05:30 [WRN] The query uses the 'First'/'FirstOrDefault' operator without 'OrderBy' and filter operators. This may lead to unpredictable results.
2025-07-19 20:02:50.702 +05:30 [INF] Executed DbCommand (6ms) [Parameters=[], CommandType='"Text"', CommandTimeout='30']
SELECT TOP(1) [t].[Id], [t].[CGST], [t].[IGST], [t].[SGST]
FROM [TaxSettings] AS [t]
2025-07-19 20:02:50.728 +05:30 [INF] Executing OkObjectResult, writing value of type 'AuthNet.Models.DTO.TaxSettingResponseDto'.
2025-07-19 20:02:50.732 +05:30 [INF] Executed action AuthNet.Controllers.TaxSettingsController.GetAll (AuthNet) in 52.52ms
2025-07-19 20:02:50.732 +05:30 [INF] Executed endpoint 'AuthNet.Controllers.TaxSettingsController.GetAll (AuthNet)'
2025-07-19 20:02:50.732 +05:30 [INF] Request finished HTTP/1.1 GET https://localhost:7165/api/TaxSettings - 200 null application/json; charset=utf-8 62.4729ms
2025-07-19 20:04:17.887 +05:30 [INF] Request starting HTTP/2 OPTIONS https://localhost:7165/api/Sales - null null
2025-07-19 20:04:17.901 +05:30 [INF] CORS policy execution successful.
2025-07-19 20:04:17.907 +05:30 [INF] Request finished HTTP/2 OPTIONS https://localhost:7165/api/Sales - 204 null null 19.0387ms
2025-07-19 20:04:17.910 +05:30 [INF] Request starting HTTP/2 POST https://localhost:7165/api/Sales - application/json 160
2025-07-19 20:04:17.911 +05:30 [INF] CORS policy execution successful.
2025-07-19 20:04:17.912 +05:30 [INF] Executing endpoint 'AuthNet.Controllers.SalesController.Create (AuthNet)'
2025-07-19 20:04:17.917 +05:30 [INF] Route matched with {action = "Create", controller = "Sales"}. Executing controller action with signature System.Threading.Tasks.Task`1[Microsoft.AspNetCore.Mvc.IActionResult] Create(AuthNet.Models.DTO.SaleDto) on controller AuthNet.Controllers.SalesController (AuthNet).
2025-07-19 20:04:18.445 +05:30 [INF] Executed DbCommand (32ms) [Parameters=[@p0='?' (Precision = 18) (Scale = 2) (DbType = Decimal), @p1='?' (DbType = DateTime2), @p2='?' (Precision = 18) (Scale = 2) (DbType = Decimal), @p3='?' (DbType = DateTime2), @p4='?' (Size = 4000), @p5='?' (Precision = 18) (Scale = 2) (DbType = Decimal), @p6='?' (Size = 4000), @p7='?' (Precision = 18) (Scale = 2) (DbType = Decimal)], CommandType='"Text"', CommandTimeout='30']
SET IMPLICIT_TRANSACTIONS OFF;
SET NOCOUNT ON;
INSERT INTO [Sales] ([AfterTaxAmount], [CreatedAt], [DiscountedAmount], [InvoiceDate], [InvoiceNo], [PrincipalAmount], [Template], [TotalAmount])
OUTPUT INSERTED.[Id]
VALUES (@p0, @p1, @p2, @p3, @p4, @p5, @p6, @p7);
2025-07-19 20:04:18.536 +05:30 [INF] Executed DbCommand (34ms) [Parameters=[@p8='?' (DbType = Int32), @p9='?' (Size = 4000), @p10='?' (DbType = Int32), @p11='?' (DbType = Int32), @p12='?' (Precision = 18) (Scale = 2) (DbType = Decimal), @p13='?' (Precision = 18) (Scale = 2) (DbType = Decimal)], CommandType='"Text"', CommandTimeout='30']
SET IMPLICIT_TRANSACTIONS OFF;
SET NOCOUNT ON;
INSERT INTO [SaleItems] ([ProductId], [ProductName], [Quantity], [SaleId], [TotalPrice], [UnitPrice])
OUTPUT INSERTED.[Id]
VALUES (@p8, @p9, @p10, @p11, @p12, @p13);
2025-07-19 20:04:18.584 +05:30 [INF] Executing OkObjectResult, writing value of type '<>f__AnonymousType3`2[[System.Boolean, System.Private.CoreLib, Version=8.0.0.0, Culture=neutral, PublicKeyToken=7cec85d7bea7798e],[System.String, System.Private.CoreLib, Version=8.0.0.0, Culture=neutral, PublicKeyToken=7cec85d7bea7798e]]'.
2025-07-19 20:04:18.593 +05:30 [INF] Executed action AuthNet.Controllers.SalesController.Create (AuthNet) in 675.3009ms
2025-07-19 20:04:18.593 +05:30 [INF] Executed endpoint 'AuthNet.Controllers.SalesController.Create (AuthNet)'
2025-07-19 20:04:18.593 +05:30 [INF] Request finished HTTP/2 POST https://localhost:7165/api/Sales - 200 null application/json; charset=utf-8 683.4326ms
2025-07-19 20:07:51.628 +05:30 [INF] Request starting HTTP/1.1 GET https://localhost:7165/api/Sales/DailyProfit - null null
2025-07-19 20:07:51.634 +05:30 [INF] Executing endpoint 'AuthNet.Controllers.SalesController.GetDailyProfit (AuthNet)'
2025-07-19 20:07:51.640 +05:30 [INF] Route matched with {action = "GetDailyProfit", controller = "Sales"}. Executing controller action with signature System.Threading.Tasks.Task`1[Microsoft.AspNetCore.Mvc.IActionResult] GetDailyProfit() on controller AuthNet.Controllers.SalesController (AuthNet).
2025-07-19 20:07:51.673 +05:30 [INF] Executed DbCommand (28ms) [Parameters=[@__date_Date_0='?' (DbType = DateTime2)], CommandType='"Text"', CommandTimeout='30']
SELECT [s].[Id], [s].[ProductId], [s].[ProductName], [s].[Quantity], [s].[SaleId], [s].[TotalPrice], [s].[UnitPrice], [s0].[Id], [s0].[AfterTaxAmount], [s0].[CreatedAt], [s0].[DiscountedAmount], [s0].[InvoiceDate], [s0].[InvoiceNo], [s0].[PrincipalAmount], [s0].[Template], [s0].[TotalAmount]
FROM [SaleItems] AS [s]
INNER JOIN [Sales] AS [s0] ON [s].[SaleId] = [s0].[Id]
WHERE CONVERT(date, [s0].[InvoiceDate]) = @__date_Date_0
2025-07-19 20:07:51.687 +05:30 [INF] Executed DbCommand (12ms) [Parameters=[@__productIds_0='?' (Size = 4000)], CommandType='"Text"', CommandTimeout='30']
SELECT [p].[ProductId], [p].[CategoryId], [p].[CostPrice], [p].[Description], [p].[Name], [p].[ProductCode], [p].[ProductKey], [p].[SellPrice], [p].[SupplierId]
FROM [Products] AS [p]
WHERE [p].[ProductId] IN (
    SELECT [p0].[value]
    FROM OPENJSON(@__productIds_0) WITH ([value] int '$') AS [p0]
)
2025-07-19 20:07:51.688 +05:30 [INF] Executing OkObjectResult, writing value of type 'AuthNet.Models.DTO.DailyProfitDto'.
2025-07-19 20:07:51.688 +05:30 [INF] Executed action AuthNet.Controllers.SalesController.GetDailyProfit (AuthNet) in 47.99ms
2025-07-19 20:07:51.688 +05:30 [INF] Executed endpoint 'AuthNet.Controllers.SalesController.GetDailyProfit (AuthNet)'
2025-07-19 20:07:51.688 +05:30 [INF] Request finished HTTP/1.1 GET https://localhost:7165/api/Sales/DailyProfit - 200 null application/json; charset=utf-8 60.9005ms
2025-07-19 20:07:51.745 +05:30 [INF] Request starting HTTP/1.1 GET https://localhost:7165/api/Sales/CurrentMonthProfit - null null
2025-07-19 20:07:51.745 +05:30 [INF] Executing endpoint 'AuthNet.Controllers.SalesController.GetCurrentMonthProfit (AuthNet)'
2025-07-19 20:07:51.746 +05:30 [INF] Route matched with {action = "GetCurrentMonthProfit", controller = "Sales"}. Executing controller action with signature System.Threading.Tasks.Task`1[Microsoft.AspNetCore.Mvc.IActionResult] GetCurrentMonthProfit() on controller AuthNet.Controllers.SalesController (AuthNet).
2025-07-19 20:07:51.765 +05:30 [INF] Executed DbCommand (17ms) [Parameters=[@__currentYear_0='?' (DbType = Int32), @__currentMonth_1='?' (DbType = Int32)], CommandType='"Text"', CommandTimeout='30']
SELECT [s].[Id], [s].[ProductId], [s].[ProductName], [s].[Quantity], [s].[SaleId], [s].[TotalPrice], [s].[UnitPrice], [s0].[Id], [s0].[AfterTaxAmount], [s0].[CreatedAt], [s0].[DiscountedAmount], [s0].[InvoiceDate], [s0].[InvoiceNo], [s0].[PrincipalAmount], [s0].[Template], [s0].[TotalAmount]
FROM [SaleItems] AS [s]
INNER JOIN [Sales] AS [s0] ON [s].[SaleId] = [s0].[Id]
WHERE DATEPART(year, [s0].[InvoiceDate]) = @__currentYear_0 AND DATEPART(month, [s0].[InvoiceDate]) = @__currentMonth_1
2025-07-19 20:07:51.786 +05:30 [INF] Executed DbCommand (20ms) [Parameters=[@__productIds_0='?' (Size = 4000)], CommandType='"Text"', CommandTimeout='30']
SELECT [p].[ProductId], [p].[CategoryId], [p].[CostPrice], [p].[Description], [p].[Name], [p].[ProductCode], [p].[ProductKey], [p].[SellPrice], [p].[SupplierId]
FROM [Products] AS [p]
WHERE [p].[ProductId] IN (
    SELECT [p0].[value]
    FROM OPENJSON(@__productIds_0) WITH ([value] int '$') AS [p0]
)
2025-07-19 20:07:51.787 +05:30 [INF] Executing OkObjectResult, writing value of type 'AuthNet.Models.DTO.MonthlyProfitDto'.
2025-07-19 20:07:51.787 +05:30 [INF] Executed action AuthNet.Controllers.SalesController.GetCurrentMonthProfit (AuthNet) in 41.3435ms
2025-07-19 20:07:51.787 +05:30 [INF] Executed endpoint 'AuthNet.Controllers.SalesController.GetCurrentMonthProfit (AuthNet)'
2025-07-19 20:07:51.787 +05:30 [INF] Request finished HTTP/1.1 GET https://localhost:7165/api/Sales/CurrentMonthProfit - 200 null application/json; charset=utf-8 42.4925ms
2025-07-19 20:07:51.814 +05:30 [INF] Request starting HTTP/1.1 GET https://localhost:7165/api/Sales/CurrentYearProfit - null null
2025-07-19 20:07:51.815 +05:30 [INF] Executing endpoint 'AuthNet.Controllers.SalesController.GetCurrentYearProfit (AuthNet)'
2025-07-19 20:07:51.815 +05:30 [INF] Route matched with {action = "GetCurrentYearProfit", controller = "Sales"}. Executing controller action with signature System.Threading.Tasks.Task`1[Microsoft.AspNetCore.Mvc.IActionResult] GetCurrentYearProfit() on controller AuthNet.Controllers.SalesController (AuthNet).
2025-07-19 20:07:51.834 +05:30 [INF] Executed DbCommand (17ms) [Parameters=[@__currentYear_0='?' (DbType = Int32)], CommandType='"Text"', CommandTimeout='30']
SELECT [s].[Id], [s].[ProductId], [s].[ProductName], [s].[Quantity], [s].[SaleId], [s].[TotalPrice], [s].[UnitPrice], [s0].[Id], [s0].[AfterTaxAmount], [s0].[CreatedAt], [s0].[DiscountedAmount], [s0].[InvoiceDate], [s0].[InvoiceNo], [s0].[PrincipalAmount], [s0].[Template], [s0].[TotalAmount]
FROM [SaleItems] AS [s]
INNER JOIN [Sales] AS [s0] ON [s].[SaleId] = [s0].[Id]
WHERE DATEPART(year, [s0].[InvoiceDate]) = @__currentYear_0
2025-07-19 20:07:51.837 +05:30 [INF] Executed DbCommand (3ms) [Parameters=[@__productIds_0='?' (Size = 4000)], CommandType='"Text"', CommandTimeout='30']
SELECT [p].[ProductId], [p].[CategoryId], [p].[CostPrice], [p].[Description], [p].[Name], [p].[ProductCode], [p].[ProductKey], [p].[SellPrice], [p].[SupplierId]
FROM [Products] AS [p]
WHERE [p].[ProductId] IN (
    SELECT [p0].[value]
    FROM OPENJSON(@__productIds_0) WITH ([value] int '$') AS [p0]
)
2025-07-19 20:07:51.838 +05:30 [INF] Executing OkObjectResult, writing value of type 'AuthNet.Models.DTO.YearlyProfitDto'.
2025-07-19 20:07:51.838 +05:30 [INF] Executed action AuthNet.Controllers.SalesController.GetCurrentYearProfit (AuthNet) in 23.2512ms
2025-07-19 20:07:51.838 +05:30 [INF] Executed endpoint 'AuthNet.Controllers.SalesController.GetCurrentYearProfit (AuthNet)'
2025-07-19 20:07:51.839 +05:30 [INF] Request finished HTTP/1.1 GET https://localhost:7165/api/Sales/CurrentYearProfit - 200 null application/json; charset=utf-8 25.005ms
2025-07-19 20:07:51.863 +05:30 [INF] Request starting HTTP/1.1 GET https://localhost:7165/api/Tasks - null null
2025-07-19 20:07:51.864 +05:30 [INF] Executing endpoint 'AuthNet.Controllers.TasksController.GetTasks (AuthNet)'
2025-07-19 20:07:51.864 +05:30 [INF] Route matched with {action = "GetTasks", controller = "Tasks"}. Executing controller action with signature Microsoft.AspNetCore.Mvc.IActionResult GetTasks() on controller AuthNet.Controllers.TasksController (AuthNet).
2025-07-19 20:07:51.881 +05:30 [INF] Executed DbCommand (14ms) [Parameters=[], CommandType='"Text"', CommandTimeout='30']
SELECT [t].[Id], [t].[Title], [t].[DueDate]
FROM [Tasks] AS [t]
2025-07-19 20:07:51.881 +05:30 [INF] Executing OkObjectResult, writing value of type 'System.Collections.Generic.List`1[[AuthNet.Models.DTO.TaskItemDto, AuthNet, Version=1.0.0.0, Culture=neutral, PublicKeyToken=null]]'.
2025-07-19 20:07:51.882 +05:30 [INF] Executed action AuthNet.Controllers.TasksController.GetTasks (AuthNet) in 17.5029ms
2025-07-19 20:07:51.882 +05:30 [INF] Executed endpoint 'AuthNet.Controllers.TasksController.GetTasks (AuthNet)'
2025-07-19 20:07:51.882 +05:30 [INF] Request finished HTTP/1.1 GET https://localhost:7165/api/Tasks - 200 null application/json; charset=utf-8 18.6303ms
2025-07-19 20:07:51.897 +05:30 [INF] Request starting HTTP/1.1 GET https://localhost:7165/api/Settings/Get - null null
2025-07-19 20:07:51.897 +05:30 [INF] Executing endpoint 'AuthNet.Controllers.SettingsController.GetCompanyInfo (AuthNet)'
2025-07-19 20:07:51.897 +05:30 [INF] Route matched with {action = "GetCompanyInfo", controller = "Settings"}. Executing controller action with signature System.Threading.Tasks.Task`1[Microsoft.AspNetCore.Mvc.IActionResult] GetCompanyInfo() on controller AuthNet.Controllers.SettingsController (AuthNet).
2025-07-19 20:07:51.906 +05:30 [INF] Executed DbCommand (7ms) [Parameters=[], CommandType='"Text"', CommandTimeout='30']
SELECT TOP(1) [c].[Id], [c].[Address], [c].[ContactNumber], [c].[Email], [c].[GSTIN], [c].[LogoFileExtension], [c].[LogoFilePath], [c].[LogoFileSizeInBytes], [c].[LogoName], [c].[Name], [c].[SignFileExtension], [c].[SignFilePath], [c].[SignFileSizeInBytes], [c].[SignName]
FROM [CompanyInfos] AS [c]
2025-07-19 20:07:51.906 +05:30 [INF] Executing OkObjectResult, writing value of type 'AuthNet.Models.DTO.CompanyInfoResponseDto'.
2025-07-19 20:07:51.906 +05:30 [INF] Executed action AuthNet.Controllers.SettingsController.GetCompanyInfo (AuthNet) in 8.8379ms
2025-07-19 20:07:51.907 +05:30 [INF] Executed endpoint 'AuthNet.Controllers.SettingsController.GetCompanyInfo (AuthNet)'
2025-07-19 20:07:51.907 +05:30 [INF] Request finished HTTP/1.1 GET https://localhost:7165/api/Settings/Get - 200 null application/json; charset=utf-8 10.4749ms
2025-07-19 20:09:49.864 +05:30 [INF] Request starting HTTP/1.1 GET https://localhost:7165/api/Sales/DailyProfit - null null
2025-07-19 20:09:49.864 +05:30 [INF] Executing endpoint 'AuthNet.Controllers.SalesController.GetDailyProfit (AuthNet)'
2025-07-19 20:09:49.864 +05:30 [INF] Route matched with {action = "GetDailyProfit", controller = "Sales"}. Executing controller action with signature System.Threading.Tasks.Task`1[Microsoft.AspNetCore.Mvc.IActionResult] GetDailyProfit() on controller AuthNet.Controllers.SalesController (AuthNet).
2025-07-19 20:09:49.919 +05:30 [INF] Executed DbCommand (53ms) [Parameters=[@__date_Date_0='?' (DbType = DateTime2)], CommandType='"Text"', CommandTimeout='30']
SELECT [s].[Id], [s].[ProductId], [s].[ProductName], [s].[Quantity], [s].[SaleId], [s].[TotalPrice], [s].[UnitPrice], [s0].[Id], [s0].[AfterTaxAmount], [s0].[CreatedAt], [s0].[DiscountedAmount], [s0].[InvoiceDate], [s0].[InvoiceNo], [s0].[PrincipalAmount], [s0].[Template], [s0].[TotalAmount]
FROM [SaleItems] AS [s]
INNER JOIN [Sales] AS [s0] ON [s].[SaleId] = [s0].[Id]
WHERE CONVERT(date, [s0].[InvoiceDate]) = @__date_Date_0
2025-07-19 20:09:49.942 +05:30 [INF] Request starting HTTP/2 GET https://localhost:7165/swagger/index.html - null null
2025-07-19 20:09:49.944 +05:30 [INF] Executed DbCommand (23ms) [Parameters=[@__productIds_0='?' (Size = 4000)], CommandType='"Text"', CommandTimeout='30']
SELECT [p].[ProductId], [p].[CategoryId], [p].[CostPrice], [p].[Description], [p].[Name], [p].[ProductCode], [p].[ProductKey], [p].[SellPrice], [p].[SupplierId]
FROM [Products] AS [p]
WHERE [p].[ProductId] IN (
    SELECT [p0].[value]
    FROM OPENJSON(@__productIds_0) WITH ([value] int '$') AS [p0]
)
2025-07-19 20:09:49.945 +05:30 [INF] Executing OkObjectResult, writing value of type 'AuthNet.Models.DTO.DailyProfitDto'.
2025-07-19 20:09:49.947 +05:30 [INF] Executed action AuthNet.Controllers.SalesController.GetDailyProfit (AuthNet) in 82.3435ms
2025-07-19 20:09:49.947 +05:30 [INF] Executed endpoint 'AuthNet.Controllers.SalesController.GetDailyProfit (AuthNet)'
2025-07-19 20:09:49.947 +05:30 [INF] Request finished HTTP/1.1 GET https://localhost:7165/api/Sales/DailyProfit - 200 null application/json; charset=utf-8 83.3481ms
2025-07-19 20:09:50.015 +05:30 [INF] Request finished HTTP/2 GET https://localhost:7165/swagger/index.html - 200 null text/html;charset=utf-8 73.8327ms
2025-07-19 20:09:50.043 +05:30 [INF] Request starting HTTP/1.1 GET https://localhost:7165/api/Sales/CurrentMonthProfit - null null
2025-07-19 20:09:50.048 +05:30 [INF] Executing endpoint 'AuthNet.Controllers.SalesController.GetCurrentMonthProfit (AuthNet)'
2025-07-19 20:09:50.057 +05:30 [INF] Route matched with {action = "GetCurrentMonthProfit", controller = "Sales"}. Executing controller action with signature System.Threading.Tasks.Task`1[Microsoft.AspNetCore.Mvc.IActionResult] GetCurrentMonthProfit() on controller AuthNet.Controllers.SalesController (AuthNet).
2025-07-19 20:09:50.068 +05:30 [INF] Executed DbCommand (8ms) [Parameters=[@__currentYear_0='?' (DbType = Int32), @__currentMonth_1='?' (DbType = Int32)], CommandType='"Text"', CommandTimeout='30']
SELECT [s].[Id], [s].[ProductId], [s].[ProductName], [s].[Quantity], [s].[SaleId], [s].[TotalPrice], [s].[UnitPrice], [s0].[Id], [s0].[AfterTaxAmount], [s0].[CreatedAt], [s0].[DiscountedAmount], [s0].[InvoiceDate], [s0].[InvoiceNo], [s0].[PrincipalAmount], [s0].[Template], [s0].[TotalAmount]
FROM [SaleItems] AS [s]
INNER JOIN [Sales] AS [s0] ON [s].[SaleId] = [s0].[Id]
WHERE DATEPART(year, [s0].[InvoiceDate]) = @__currentYear_0 AND DATEPART(month, [s0].[InvoiceDate]) = @__currentMonth_1
2025-07-19 20:09:50.078 +05:30 [INF] Executed DbCommand (9ms) [Parameters=[@__productIds_0='?' (Size = 4000)], CommandType='"Text"', CommandTimeout='30']
SELECT [p].[ProductId], [p].[CategoryId], [p].[CostPrice], [p].[Description], [p].[Name], [p].[ProductCode], [p].[ProductKey], [p].[SellPrice], [p].[SupplierId]
FROM [Products] AS [p]
WHERE [p].[ProductId] IN (
    SELECT [p0].[value]
    FROM OPENJSON(@__productIds_0) WITH ([value] int '$') AS [p0]
)
2025-07-19 20:09:50.078 +05:30 [INF] Executing OkObjectResult, writing value of type 'AuthNet.Models.DTO.MonthlyProfitDto'.
2025-07-19 20:09:50.079 +05:30 [INF] Executed action AuthNet.Controllers.SalesController.GetCurrentMonthProfit (AuthNet) in 21.9765ms
2025-07-19 20:09:50.079 +05:30 [INF] Executed endpoint 'AuthNet.Controllers.SalesController.GetCurrentMonthProfit (AuthNet)'
2025-07-19 20:09:50.080 +05:30 [INF] Request finished HTTP/1.1 GET https://localhost:7165/api/Sales/CurrentMonthProfit - 200 null application/json; charset=utf-8 36.3669ms
2025-07-19 20:09:50.506 +05:30 [INF] Request starting HTTP/2 GET https://localhost:7165/_framework/aspnetcore-browser-refresh.js - null null
2025-07-19 20:09:50.515 +05:30 [INF] Request starting HTTP/2 GET https://localhost:7165/_vs/browserLink - null null
2025-07-19 20:09:50.527 +05:30 [INF] Request starting HTTP/1.1 GET https://localhost:7165/api/Sales/CurrentYearProfit - null null
2025-07-19 20:09:50.531 +05:30 [INF] Request finished HTTP/2 GET https://localhost:7165/_framework/aspnetcore-browser-refresh.js - 200 16499 application/javascript; charset=utf-8 24.8271ms
2025-07-19 20:09:50.540 +05:30 [INF] Executing endpoint 'AuthNet.Controllers.SalesController.GetCurrentYearProfit (AuthNet)'
2025-07-19 20:09:50.548 +05:30 [INF] Route matched with {action = "GetCurrentYearProfit", controller = "Sales"}. Executing controller action with signature System.Threading.Tasks.Task`1[Microsoft.AspNetCore.Mvc.IActionResult] GetCurrentYearProfit() on controller AuthNet.Controllers.SalesController (AuthNet).
2025-07-19 20:09:50.591 +05:30 [INF] Executed DbCommand (41ms) [Parameters=[@__currentYear_0='?' (DbType = Int32)], CommandType='"Text"', CommandTimeout='30']
SELECT [s].[Id], [s].[ProductId], [s].[ProductName], [s].[Quantity], [s].[SaleId], [s].[TotalPrice], [s].[UnitPrice], [s0].[Id], [s0].[AfterTaxAmount], [s0].[CreatedAt], [s0].[DiscountedAmount], [s0].[InvoiceDate], [s0].[InvoiceNo], [s0].[PrincipalAmount], [s0].[Template], [s0].[TotalAmount]
FROM [SaleItems] AS [s]
INNER JOIN [Sales] AS [s0] ON [s].[SaleId] = [s0].[Id]
WHERE DATEPART(year, [s0].[InvoiceDate]) = @__currentYear_0
2025-07-19 20:09:50.594 +05:30 [INF] Executed DbCommand (2ms) [Parameters=[@__productIds_0='?' (Size = 4000)], CommandType='"Text"', CommandTimeout='30']
SELECT [p].[ProductId], [p].[CategoryId], [p].[CostPrice], [p].[Description], [p].[Name], [p].[ProductCode], [p].[ProductKey], [p].[SellPrice], [p].[SupplierId]
FROM [Products] AS [p]
WHERE [p].[ProductId] IN (
    SELECT [p0].[value]
    FROM OPENJSON(@__productIds_0) WITH ([value] int '$') AS [p0]
)
2025-07-19 20:09:50.595 +05:30 [INF] Executing OkObjectResult, writing value of type 'AuthNet.Models.DTO.YearlyProfitDto'.
2025-07-19 20:09:50.600 +05:30 [INF] Executed action AuthNet.Controllers.SalesController.GetCurrentYearProfit (AuthNet) in 52.2178ms
2025-07-19 20:09:50.600 +05:30 [INF] Executed endpoint 'AuthNet.Controllers.SalesController.GetCurrentYearProfit (AuthNet)'
2025-07-19 20:09:50.606 +05:30 [INF] Request finished HTTP/1.1 GET https://localhost:7165/api/Sales/CurrentYearProfit - 200 null application/json; charset=utf-8 78.6453ms
2025-07-19 20:09:50.612 +05:30 [INF] Request finished HTTP/2 GET https://localhost:7165/_vs/browserLink - 200 null text/javascript; charset=UTF-8 97.8141ms
2025-07-19 20:09:50.666 +05:30 [INF] Request starting HTTP/1.1 GET https://localhost:7165/api/Tasks - null null
2025-07-19 20:09:50.666 +05:30 [INF] Executing endpoint 'AuthNet.Controllers.TasksController.GetTasks (AuthNet)'
2025-07-19 20:09:50.669 +05:30 [INF] Route matched with {action = "GetTasks", controller = "Tasks"}. Executing controller action with signature Microsoft.AspNetCore.Mvc.IActionResult GetTasks() on controller AuthNet.Controllers.TasksController (AuthNet).
2025-07-19 20:09:50.693 +05:30 [INF] Executed DbCommand (22ms) [Parameters=[], CommandType='"Text"', CommandTimeout='30']
SELECT [t].[Id], [t].[Title], [t].[DueDate]
FROM [Tasks] AS [t]
2025-07-19 20:09:50.694 +05:30 [INF] Executing OkObjectResult, writing value of type 'System.Collections.Generic.List`1[[AuthNet.Models.DTO.TaskItemDto, AuthNet, Version=1.0.0.0, Culture=neutral, PublicKeyToken=null]]'.
2025-07-19 20:09:50.697 +05:30 [INF] Executed action AuthNet.Controllers.TasksController.GetTasks (AuthNet) in 27.8131ms
2025-07-19 20:09:50.697 +05:30 [INF] Executed endpoint 'AuthNet.Controllers.TasksController.GetTasks (AuthNet)'
2025-07-19 20:09:50.697 +05:30 [INF] Request finished HTTP/1.1 GET https://localhost:7165/api/Tasks - 200 null application/json; charset=utf-8 30.8603ms
2025-07-19 20:09:50.768 +05:30 [INF] Request starting HTTP/1.1 GET https://localhost:7165/api/Settings/Get - null null
2025-07-19 20:09:50.769 +05:30 [INF] Executing endpoint 'AuthNet.Controllers.SettingsController.GetCompanyInfo (AuthNet)'
2025-07-19 20:09:50.783 +05:30 [INF] Route matched with {action = "GetCompanyInfo", controller = "Settings"}. Executing controller action with signature System.Threading.Tasks.Task`1[Microsoft.AspNetCore.Mvc.IActionResult] GetCompanyInfo() on controller AuthNet.Controllers.SettingsController (AuthNet).
2025-07-19 20:09:50.801 +05:30 [INF] Executed DbCommand (17ms) [Parameters=[], CommandType='"Text"', CommandTimeout='30']
SELECT TOP(1) [c].[Id], [c].[Address], [c].[ContactNumber], [c].[Email], [c].[GSTIN], [c].[LogoFileExtension], [c].[LogoFilePath], [c].[LogoFileSizeInBytes], [c].[LogoName], [c].[Name], [c].[SignFileExtension], [c].[SignFilePath], [c].[SignFileSizeInBytes], [c].[SignName]
FROM [CompanyInfos] AS [c]
2025-07-19 20:09:50.802 +05:30 [INF] Executing OkObjectResult, writing value of type 'AuthNet.Models.DTO.CompanyInfoResponseDto'.
2025-07-19 20:09:50.807 +05:30 [INF] Executed action AuthNet.Controllers.SettingsController.GetCompanyInfo (AuthNet) in 24.7977ms
2025-07-19 20:09:50.808 +05:30 [INF] Executed endpoint 'AuthNet.Controllers.SettingsController.GetCompanyInfo (AuthNet)'
2025-07-19 20:09:50.808 +05:30 [INF] Request finished HTTP/1.1 GET https://localhost:7165/api/Settings/Get - 200 null application/json; charset=utf-8 40.3094ms
2025-07-19 20:09:51.593 +05:30 [INF] Request starting HTTP/2 GET https://localhost:7165/swagger/v1/swagger.json - null null
2025-07-19 20:09:51.702 +05:30 [INF] Request finished HTTP/2 GET https://localhost:7165/swagger/v1/swagger.json - 200 null application/json;charset=utf-8 108.6319ms
2025-07-19 20:10:36.915 +05:30 [INF] Request starting HTTP/1.1 GET https://localhost:7165/api/Sales/DailyProfit - null null
2025-07-19 20:10:36.916 +05:30 [INF] Executing endpoint 'AuthNet.Controllers.SalesController.GetDailyProfit (AuthNet)'
2025-07-19 20:10:36.922 +05:30 [INF] Route matched with {action = "GetDailyProfit", controller = "Sales"}. Executing controller action with signature System.Threading.Tasks.Task`1[Microsoft.AspNetCore.Mvc.IActionResult] GetDailyProfit() on controller AuthNet.Controllers.SalesController (AuthNet).
2025-07-19 20:10:36.944 +05:30 [INF] Executed DbCommand (21ms) [Parameters=[@__date_Date_0='?' (DbType = DateTime2)], CommandType='"Text"', CommandTimeout='30']
SELECT [s].[Id], [s].[ProductId], [s].[ProductName], [s].[Quantity], [s].[SaleId], [s].[TotalPrice], [s].[UnitPrice], [s0].[Id], [s0].[AfterTaxAmount], [s0].[CreatedAt], [s0].[DiscountedAmount], [s0].[InvoiceDate], [s0].[InvoiceNo], [s0].[PrincipalAmount], [s0].[Template], [s0].[TotalAmount]
FROM [SaleItems] AS [s]
INNER JOIN [Sales] AS [s0] ON [s].[SaleId] = [s0].[Id]
WHERE CONVERT(date, [s0].[InvoiceDate]) = @__date_Date_0
2025-07-19 20:10:36.960 +05:30 [INF] Executed DbCommand (14ms) [Parameters=[@__productIds_0='?' (Size = 4000)], CommandType='"Text"', CommandTimeout='30']
SELECT [p].[ProductId], [p].[CategoryId], [p].[CostPrice], [p].[Description], [p].[Name], [p].[ProductCode], [p].[ProductKey], [p].[SellPrice], [p].[SupplierId]
FROM [Products] AS [p]
WHERE [p].[ProductId] IN (
    SELECT [p0].[value]
    FROM OPENJSON(@__productIds_0) WITH ([value] int '$') AS [p0]
)
2025-07-19 20:10:36.961 +05:30 [INF] Executing OkObjectResult, writing value of type 'AuthNet.Models.DTO.DailyProfitDto'.
2025-07-19 20:10:36.962 +05:30 [INF] Executed action AuthNet.Controllers.SalesController.GetDailyProfit (AuthNet) in 40.2867ms
2025-07-19 20:10:36.963 +05:30 [INF] Executed endpoint 'AuthNet.Controllers.SalesController.GetDailyProfit (AuthNet)'
2025-07-19 20:10:36.963 +05:30 [INF] Request finished HTTP/1.1 GET https://localhost:7165/api/Sales/DailyProfit - 200 null application/json; charset=utf-8 47.9782ms
2025-07-19 20:10:37.000 +05:30 [INF] Request starting HTTP/1.1 GET https://localhost:7165/api/Sales/CurrentMonthProfit - null null
2025-07-19 20:10:37.011 +05:30 [INF] Executing endpoint 'AuthNet.Controllers.SalesController.GetCurrentMonthProfit (AuthNet)'
2025-07-19 20:10:37.016 +05:30 [INF] Route matched with {action = "GetCurrentMonthProfit", controller = "Sales"}. Executing controller action with signature System.Threading.Tasks.Task`1[Microsoft.AspNetCore.Mvc.IActionResult] GetCurrentMonthProfit() on controller AuthNet.Controllers.SalesController (AuthNet).
2025-07-19 20:10:37.113 +05:30 [INF] Executed DbCommand (66ms) [Parameters=[@__currentYear_0='?' (DbType = Int32), @__currentMonth_1='?' (DbType = Int32)], CommandType='"Text"', CommandTimeout='30']
SELECT [s].[Id], [s].[ProductId], [s].[ProductName], [s].[Quantity], [s].[SaleId], [s].[TotalPrice], [s].[UnitPrice], [s0].[Id], [s0].[AfterTaxAmount], [s0].[CreatedAt], [s0].[DiscountedAmount], [s0].[InvoiceDate], [s0].[InvoiceNo], [s0].[PrincipalAmount], [s0].[Template], [s0].[TotalAmount]
FROM [SaleItems] AS [s]
INNER JOIN [Sales] AS [s0] ON [s].[SaleId] = [s0].[Id]
WHERE DATEPART(year, [s0].[InvoiceDate]) = @__currentYear_0 AND DATEPART(month, [s0].[InvoiceDate]) = @__currentMonth_1
2025-07-19 20:10:37.127 +05:30 [INF] Request starting HTTP/2 GET https://localhost:7165/swagger/index.html - null null
2025-07-19 20:10:37.174 +05:30 [INF] Executed DbCommand (48ms) [Parameters=[@__productIds_0='?' (Size = 4000)], CommandType='"Text"', CommandTimeout='30']
SELECT [p].[ProductId], [p].[CategoryId], [p].[CostPrice], [p].[Description], [p].[Name], [p].[ProductCode], [p].[ProductKey], [p].[SellPrice], [p].[SupplierId]
FROM [Products] AS [p]
WHERE [p].[ProductId] IN (
    SELECT [p0].[value]
    FROM OPENJSON(@__productIds_0) WITH ([value] int '$') AS [p0]
)
2025-07-19 20:10:37.174 +05:30 [INF] Executing OkObjectResult, writing value of type 'AuthNet.Models.DTO.MonthlyProfitDto'.
2025-07-19 20:10:37.176 +05:30 [INF] Executed action AuthNet.Controllers.SalesController.GetCurrentMonthProfit (AuthNet) in 160.8109ms
2025-07-19 20:10:37.177 +05:30 [INF] Executed endpoint 'AuthNet.Controllers.SalesController.GetCurrentMonthProfit (AuthNet)'
2025-07-19 20:10:37.177 +05:30 [INF] Request finished HTTP/1.1 GET https://localhost:7165/api/Sales/CurrentMonthProfit - 200 null application/json; charset=utf-8 177.2576ms
2025-07-19 20:10:37.399 +05:30 [INF] Request starting HTTP/1.1 GET https://localhost:7165/api/Sales/CurrentYearProfit - null null
2025-07-19 20:10:37.410 +05:30 [INF] Request finished HTTP/2 GET https://localhost:7165/swagger/index.html - 200 null text/html;charset=utf-8 282.7763ms
2025-07-19 20:10:37.418 +05:30 [INF] Executing endpoint 'AuthNet.Controllers.SalesController.GetCurrentYearProfit (AuthNet)'
2025-07-19 20:10:37.425 +05:30 [INF] Route matched with {action = "GetCurrentYearProfit", controller = "Sales"}. Executing controller action with signature System.Threading.Tasks.Task`1[Microsoft.AspNetCore.Mvc.IActionResult] GetCurrentYearProfit() on controller AuthNet.Controllers.SalesController (AuthNet).
2025-07-19 20:10:37.441 +05:30 [INF] Request starting HTTP/2 GET https://localhost:7165/_framework/aspnetcore-browser-refresh.js - null null
2025-07-19 20:10:37.441 +05:30 [INF] Request starting HTTP/2 GET https://localhost:7165/_vs/browserLink - null null
2025-07-19 20:10:37.442 +05:30 [INF] Executed DbCommand (15ms) [Parameters=[@__currentYear_0='?' (DbType = Int32)], CommandType='"Text"', CommandTimeout='30']
SELECT [s].[Id], [s].[ProductId], [s].[ProductName], [s].[Quantity], [s].[SaleId], [s].[TotalPrice], [s].[UnitPrice], [s0].[Id], [s0].[AfterTaxAmount], [s0].[CreatedAt], [s0].[DiscountedAmount], [s0].[InvoiceDate], [s0].[InvoiceNo], [s0].[PrincipalAmount], [s0].[Template], [s0].[TotalAmount]
FROM [SaleItems] AS [s]
INNER JOIN [Sales] AS [s0] ON [s].[SaleId] = [s0].[Id]
WHERE DATEPART(year, [s0].[InvoiceDate]) = @__currentYear_0
2025-07-19 20:10:37.455 +05:30 [INF] Request finished HTTP/2 GET https://localhost:7165/_framework/aspnetcore-browser-refresh.js - 200 16499 application/javascript; charset=utf-8 14.7348ms
2025-07-19 20:10:37.482 +05:30 [INF] Executed DbCommand (28ms) [Parameters=[@__productIds_0='?' (Size = 4000)], CommandType='"Text"', CommandTimeout='30']
SELECT [p].[ProductId], [p].[CategoryId], [p].[CostPrice], [p].[Description], [p].[Name], [p].[ProductCode], [p].[ProductKey], [p].[SellPrice], [p].[SupplierId]
FROM [Products] AS [p]
WHERE [p].[ProductId] IN (
    SELECT [p0].[value]
    FROM OPENJSON(@__productIds_0) WITH ([value] int '$') AS [p0]
)
2025-07-19 20:10:37.483 +05:30 [INF] Executing OkObjectResult, writing value of type 'AuthNet.Models.DTO.YearlyProfitDto'.
2025-07-19 20:10:37.486 +05:30 [INF] Executed action AuthNet.Controllers.SalesController.GetCurrentYearProfit (AuthNet) in 60.7532ms
2025-07-19 20:10:37.486 +05:30 [INF] Executed endpoint 'AuthNet.Controllers.SalesController.GetCurrentYearProfit (AuthNet)'
2025-07-19 20:10:37.487 +05:30 [INF] Request finished HTTP/1.1 GET https://localhost:7165/api/Sales/CurrentYearProfit - 200 null application/json; charset=utf-8 88.4839ms
2025-07-19 20:10:37.626 +05:30 [INF] Request starting HTTP/1.1 GET https://localhost:7165/api/Tasks - null null
2025-07-19 20:10:37.627 +05:30 [INF] Executing endpoint 'AuthNet.Controllers.TasksController.GetTasks (AuthNet)'
2025-07-19 20:10:37.637 +05:30 [INF] Route matched with {action = "GetTasks", controller = "Tasks"}. Executing controller action with signature Microsoft.AspNetCore.Mvc.IActionResult GetTasks() on controller AuthNet.Controllers.TasksController (AuthNet).
2025-07-19 20:10:37.637 +05:30 [INF] Request finished HTTP/2 GET https://localhost:7165/_vs/browserLink - 200 null text/javascript; charset=UTF-8 195.9063ms
2025-07-19 20:10:37.655 +05:30 [INF] Executed DbCommand (17ms) [Parameters=[], CommandType='"Text"', CommandTimeout='30']
SELECT [t].[Id], [t].[Title], [t].[DueDate]
FROM [Tasks] AS [t]
2025-07-19 20:10:37.655 +05:30 [INF] Executing OkObjectResult, writing value of type 'System.Collections.Generic.List`1[[AuthNet.Models.DTO.TaskItemDto, AuthNet, Version=1.0.0.0, Culture=neutral, PublicKeyToken=null]]'.
2025-07-19 20:10:37.657 +05:30 [INF] Executed action AuthNet.Controllers.TasksController.GetTasks (AuthNet) in 20.4917ms
2025-07-19 20:10:37.657 +05:30 [INF] Executed endpoint 'AuthNet.Controllers.TasksController.GetTasks (AuthNet)'
2025-07-19 20:10:37.657 +05:30 [INF] Request finished HTTP/1.1 GET https://localhost:7165/api/Tasks - 200 null application/json; charset=utf-8 31.1273ms
2025-07-19 20:10:37.722 +05:30 [INF] Request starting HTTP/2 GET https://localhost:7165/swagger/v1/swagger.json - null null
2025-07-19 20:10:37.742 +05:30 [INF] Request starting HTTP/1.1 GET https://localhost:7165/api/Settings/Get - null null
2025-07-19 20:10:37.745 +05:30 [INF] Executing endpoint 'AuthNet.Controllers.SettingsController.GetCompanyInfo (AuthNet)'
2025-07-19 20:10:37.754 +05:30 [INF] Route matched with {action = "GetCompanyInfo", controller = "Settings"}. Executing controller action with signature System.Threading.Tasks.Task`1[Microsoft.AspNetCore.Mvc.IActionResult] GetCompanyInfo() on controller AuthNet.Controllers.SettingsController (AuthNet).
2025-07-19 20:10:37.884 +05:30 [INF] Executed DbCommand (128ms) [Parameters=[], CommandType='"Text"', CommandTimeout='30']
SELECT TOP(1) [c].[Id], [c].[Address], [c].[ContactNumber], [c].[Email], [c].[GSTIN], [c].[LogoFileExtension], [c].[LogoFilePath], [c].[LogoFileSizeInBytes], [c].[LogoName], [c].[Name], [c].[SignFileExtension], [c].[SignFilePath], [c].[SignFileSizeInBytes], [c].[SignName]
FROM [CompanyInfos] AS [c]
2025-07-19 20:10:37.889 +05:30 [INF] Executing OkObjectResult, writing value of type 'AuthNet.Models.DTO.CompanyInfoResponseDto'.
2025-07-19 20:10:37.892 +05:30 [INF] Executed action AuthNet.Controllers.SettingsController.GetCompanyInfo (AuthNet) in 137.4055ms
2025-07-19 20:10:37.892 +05:30 [INF] Executed endpoint 'AuthNet.Controllers.SettingsController.GetCompanyInfo (AuthNet)'
2025-07-19 20:10:37.894 +05:30 [INF] Request finished HTTP/1.1 GET https://localhost:7165/api/Settings/Get - 200 null application/json; charset=utf-8 151.2243ms
2025-07-19 20:10:37.945 +05:30 [INF] Request finished HTTP/2 GET https://localhost:7165/swagger/v1/swagger.json - 200 null application/json;charset=utf-8 222.8724ms
2025-07-19 20:11:21.885 +05:30 [INF] Request starting HTTP/1.1 GET https://localhost:7165/api/Sales/DailyProfit - null null
2025-07-19 20:11:21.891 +05:30 [INF] Executing endpoint 'AuthNet.Controllers.SalesController.GetDailyProfit (AuthNet)'
2025-07-19 20:11:21.900 +05:30 [INF] Route matched with {action = "GetDailyProfit", controller = "Sales"}. Executing controller action with signature System.Threading.Tasks.Task`1[Microsoft.AspNetCore.Mvc.IActionResult] GetDailyProfit() on controller AuthNet.Controllers.SalesController (AuthNet).
2025-07-19 20:11:21.975 +05:30 [INF] Executed DbCommand (74ms) [Parameters=[@__date_Date_0='?' (DbType = DateTime2)], CommandType='"Text"', CommandTimeout='30']
SELECT [s].[Id], [s].[ProductId], [s].[ProductName], [s].[Quantity], [s].[SaleId], [s].[TotalPrice], [s].[UnitPrice], [s0].[Id], [s0].[AfterTaxAmount], [s0].[CreatedAt], [s0].[DiscountedAmount], [s0].[InvoiceDate], [s0].[InvoiceNo], [s0].[PrincipalAmount], [s0].[Template], [s0].[TotalAmount]
FROM [SaleItems] AS [s]
INNER JOIN [Sales] AS [s0] ON [s].[SaleId] = [s0].[Id]
WHERE CONVERT(date, [s0].[InvoiceDate]) = @__date_Date_0
2025-07-19 20:11:22.140 +05:30 [INF] Executed DbCommand (164ms) [Parameters=[@__productIds_0='?' (Size = 4000)], CommandType='"Text"', CommandTimeout='30']
SELECT [p].[ProductId], [p].[CategoryId], [p].[CostPrice], [p].[Description], [p].[Name], [p].[ProductCode], [p].[ProductKey], [p].[SellPrice], [p].[SupplierId]
FROM [Products] AS [p]
WHERE [p].[ProductId] IN (
    SELECT [p0].[value]
    FROM OPENJSON(@__productIds_0) WITH ([value] int '$') AS [p0]
)
2025-07-19 20:11:22.141 +05:30 [INF] Executing OkObjectResult, writing value of type 'AuthNet.Models.DTO.DailyProfitDto'.
2025-07-19 20:11:22.142 +05:30 [INF] Executed action AuthNet.Controllers.SalesController.GetDailyProfit (AuthNet) in 241.9319ms
2025-07-19 20:11:22.142 +05:30 [INF] Executed endpoint 'AuthNet.Controllers.SalesController.GetDailyProfit (AuthNet)'
2025-07-19 20:11:22.143 +05:30 [INF] Request finished HTTP/1.1 GET https://localhost:7165/api/Sales/DailyProfit - 200 null application/json; charset=utf-8 257.6951ms
2025-07-19 20:11:22.296 +05:30 [INF] Request starting HTTP/1.1 GET https://localhost:7165/api/Sales/CurrentMonthProfit - null null
2025-07-19 20:11:22.298 +05:30 [INF] Executing endpoint 'AuthNet.Controllers.SalesController.GetCurrentMonthProfit (AuthNet)'
2025-07-19 20:11:22.311 +05:30 [INF] Route matched with {action = "GetCurrentMonthProfit", controller = "Sales"}. Executing controller action with signature System.Threading.Tasks.Task`1[Microsoft.AspNetCore.Mvc.IActionResult] GetCurrentMonthProfit() on controller AuthNet.Controllers.SalesController (AuthNet).
2025-07-19 20:11:22.341 +05:30 [INF] Executed DbCommand (28ms) [Parameters=[@__currentYear_0='?' (DbType = Int32), @__currentMonth_1='?' (DbType = Int32)], CommandType='"Text"', CommandTimeout='30']
SELECT [s].[Id], [s].[ProductId], [s].[ProductName], [s].[Quantity], [s].[SaleId], [s].[TotalPrice], [s].[UnitPrice], [s0].[Id], [s0].[AfterTaxAmount], [s0].[CreatedAt], [s0].[DiscountedAmount], [s0].[InvoiceDate], [s0].[InvoiceNo], [s0].[PrincipalAmount], [s0].[Template], [s0].[TotalAmount]
FROM [SaleItems] AS [s]
INNER JOIN [Sales] AS [s0] ON [s].[SaleId] = [s0].[Id]
WHERE DATEPART(year, [s0].[InvoiceDate]) = @__currentYear_0 AND DATEPART(month, [s0].[InvoiceDate]) = @__currentMonth_1
2025-07-19 20:11:22.364 +05:30 [INF] Executed DbCommand (22ms) [Parameters=[@__productIds_0='?' (Size = 4000)], CommandType='"Text"', CommandTimeout='30']
SELECT [p].[ProductId], [p].[CategoryId], [p].[CostPrice], [p].[Description], [p].[Name], [p].[ProductCode], [p].[ProductKey], [p].[SellPrice], [p].[SupplierId]
FROM [Products] AS [p]
WHERE [p].[ProductId] IN (
    SELECT [p0].[value]
    FROM OPENJSON(@__productIds_0) WITH ([value] int '$') AS [p0]
)
2025-07-19 20:11:22.368 +05:30 [INF] Executing OkObjectResult, writing value of type 'AuthNet.Models.DTO.MonthlyProfitDto'.
2025-07-19 20:11:22.370 +05:30 [INF] Executed action AuthNet.Controllers.SalesController.GetCurrentMonthProfit (AuthNet) in 58.6958ms
2025-07-19 20:11:22.370 +05:30 [INF] Executed endpoint 'AuthNet.Controllers.SalesController.GetCurrentMonthProfit (AuthNet)'
2025-07-19 20:11:22.371 +05:30 [INF] Request finished HTTP/1.1 GET https://localhost:7165/api/Sales/CurrentMonthProfit - 200 null application/json; charset=utf-8 74.6602ms
2025-07-19 20:11:22.393 +05:30 [INF] Request starting HTTP/1.1 GET https://localhost:7165/api/Sales/CurrentYearProfit - null null
2025-07-19 20:11:22.410 +05:30 [INF] Request starting HTTP/2 GET https://localhost:7165/swagger/index.html - null null
2025-07-19 20:11:22.410 +05:30 [INF] Executing endpoint 'AuthNet.Controllers.SalesController.GetCurrentYearProfit (AuthNet)'
2025-07-19 20:11:22.421 +05:30 [INF] Request finished HTTP/2 GET https://localhost:7165/swagger/index.html - 200 null text/html;charset=utf-8 11.7473ms
2025-07-19 20:11:22.427 +05:30 [INF] Route matched with {action = "GetCurrentYearProfit", controller = "Sales"}. Executing controller action with signature System.Threading.Tasks.Task`1[Microsoft.AspNetCore.Mvc.IActionResult] GetCurrentYearProfit() on controller AuthNet.Controllers.SalesController (AuthNet).
2025-07-19 20:11:22.523 +05:30 [INF] Executed DbCommand (94ms) [Parameters=[@__currentYear_0='?' (DbType = Int32)], CommandType='"Text"', CommandTimeout='30']
SELECT [s].[Id], [s].[ProductId], [s].[ProductName], [s].[Quantity], [s].[SaleId], [s].[TotalPrice], [s].[UnitPrice], [s0].[Id], [s0].[AfterTaxAmount], [s0].[CreatedAt], [s0].[DiscountedAmount], [s0].[InvoiceDate], [s0].[InvoiceNo], [s0].[PrincipalAmount], [s0].[Template], [s0].[TotalAmount]
FROM [SaleItems] AS [s]
INNER JOIN [Sales] AS [s0] ON [s].[SaleId] = [s0].[Id]
WHERE DATEPART(year, [s0].[InvoiceDate]) = @__currentYear_0
2025-07-19 20:11:22.524 +05:30 [INF] Request starting HTTP/2 GET https://localhost:7165/_framework/aspnetcore-browser-refresh.js - null null
2025-07-19 20:11:22.526 +05:30 [INF] Request starting HTTP/2 GET https://localhost:7165/_vs/browserLink - null null
2025-07-19 20:11:22.528 +05:30 [INF] Request finished HTTP/2 GET https://localhost:7165/_framework/aspnetcore-browser-refresh.js - 200 16499 application/javascript; charset=utf-8 3.4329ms
2025-07-19 20:11:22.553 +05:30 [INF] Request finished HTTP/2 GET https://localhost:7165/_vs/browserLink - 200 null text/javascript; charset=UTF-8 27.4217ms
2025-07-19 20:11:22.558 +05:30 [INF] Executed DbCommand (32ms) [Parameters=[@__productIds_0='?' (Size = 4000)], CommandType='"Text"', CommandTimeout='30']
SELECT [p].[ProductId], [p].[CategoryId], [p].[CostPrice], [p].[Description], [p].[Name], [p].[ProductCode], [p].[ProductKey], [p].[SellPrice], [p].[SupplierId]
FROM [Products] AS [p]
WHERE [p].[ProductId] IN (
    SELECT [p0].[value]
    FROM OPENJSON(@__productIds_0) WITH ([value] int '$') AS [p0]
)
2025-07-19 20:11:22.558 +05:30 [INF] Executing OkObjectResult, writing value of type 'AuthNet.Models.DTO.YearlyProfitDto'.
2025-07-19 20:11:22.559 +05:30 [INF] Executed action AuthNet.Controllers.SalesController.GetCurrentYearProfit (AuthNet) in 132.0849ms
2025-07-19 20:11:22.560 +05:30 [INF] Executed endpoint 'AuthNet.Controllers.SalesController.GetCurrentYearProfit (AuthNet)'
2025-07-19 20:11:22.560 +05:30 [INF] Request finished HTTP/1.1 GET https://localhost:7165/api/Sales/CurrentYearProfit - 200 null application/json; charset=utf-8 166.7213ms
2025-07-19 20:11:22.587 +05:30 [INF] Request starting HTTP/1.1 GET https://localhost:7165/api/Tasks - null null
2025-07-19 20:11:22.588 +05:30 [INF] Executing endpoint 'AuthNet.Controllers.TasksController.GetTasks (AuthNet)'
2025-07-19 20:11:22.590 +05:30 [INF] Route matched with {action = "GetTasks", controller = "Tasks"}. Executing controller action with signature Microsoft.AspNetCore.Mvc.IActionResult GetTasks() on controller AuthNet.Controllers.TasksController (AuthNet).
2025-07-19 20:11:22.596 +05:30 [INF] Executed DbCommand (4ms) [Parameters=[], CommandType='"Text"', CommandTimeout='30']
SELECT [t].[Id], [t].[Title], [t].[DueDate]
FROM [Tasks] AS [t]
2025-07-19 20:11:22.596 +05:30 [INF] Executing OkObjectResult, writing value of type 'System.Collections.Generic.List`1[[AuthNet.Models.DTO.TaskItemDto, AuthNet, Version=1.0.0.0, Culture=neutral, PublicKeyToken=null]]'.
2025-07-19 20:11:22.599 +05:30 [INF] Executed action AuthNet.Controllers.TasksController.GetTasks (AuthNet) in 8.8807ms
2025-07-19 20:11:22.599 +05:30 [INF] Executed endpoint 'AuthNet.Controllers.TasksController.GetTasks (AuthNet)'
2025-07-19 20:11:22.600 +05:30 [INF] Request finished HTTP/1.1 GET https://localhost:7165/api/Tasks - 200 null application/json; charset=utf-8 12.0634ms
2025-07-19 20:11:22.633 +05:30 [INF] Request starting HTTP/1.1 GET https://localhost:7165/api/Settings/Get - null null
2025-07-19 20:11:22.635 +05:30 [INF] Executing endpoint 'AuthNet.Controllers.SettingsController.GetCompanyInfo (AuthNet)'
2025-07-19 20:11:22.643 +05:30 [INF] Route matched with {action = "GetCompanyInfo", controller = "Settings"}. Executing controller action with signature System.Threading.Tasks.Task`1[Microsoft.AspNetCore.Mvc.IActionResult] GetCompanyInfo() on controller AuthNet.Controllers.SettingsController (AuthNet).
2025-07-19 20:11:22.654 +05:30 [INF] Executed DbCommand (10ms) [Parameters=[], CommandType='"Text"', CommandTimeout='30']
SELECT TOP(1) [c].[Id], [c].[Address], [c].[ContactNumber], [c].[Email], [c].[GSTIN], [c].[LogoFileExtension], [c].[LogoFilePath], [c].[LogoFileSizeInBytes], [c].[LogoName], [c].[Name], [c].[SignFileExtension], [c].[SignFilePath], [c].[SignFileSizeInBytes], [c].[SignName]
FROM [CompanyInfos] AS [c]
2025-07-19 20:11:22.654 +05:30 [INF] Executing OkObjectResult, writing value of type 'AuthNet.Models.DTO.CompanyInfoResponseDto'.
2025-07-19 20:11:22.658 +05:30 [INF] Executed action AuthNet.Controllers.SettingsController.GetCompanyInfo (AuthNet) in 14.3058ms
2025-07-19 20:11:22.658 +05:30 [INF] Executed endpoint 'AuthNet.Controllers.SettingsController.GetCompanyInfo (AuthNet)'
2025-07-19 20:11:22.658 +05:30 [INF] Request finished HTTP/1.1 GET https://localhost:7165/api/Settings/Get - 200 null application/json; charset=utf-8 25.3161ms
2025-07-19 20:11:23.145 +05:30 [INF] Request starting HTTP/2 GET https://localhost:7165/swagger/v1/swagger.json - null null
2025-07-19 20:11:23.258 +05:30 [INF] Request finished HTTP/2 GET https://localhost:7165/swagger/v1/swagger.json - 200 null application/json;charset=utf-8 113.7493ms
2025-07-19 20:11:49.990 +05:30 [INF] Request starting HTTP/1.1 GET https://localhost:7165/api/Sales/DailyProfit - null null
2025-07-19 20:11:49.990 +05:30 [INF] Executing endpoint 'AuthNet.Controllers.SalesController.GetDailyProfit (AuthNet)'
2025-07-19 20:11:50.000 +05:30 [INF] Route matched with {action = "GetDailyProfit", controller = "Sales"}. Executing controller action with signature System.Threading.Tasks.Task`1[Microsoft.AspNetCore.Mvc.IActionResult] GetDailyProfit() on controller AuthNet.Controllers.SalesController (AuthNet).
2025-07-19 20:11:50.019 +05:30 [INF] Executed DbCommand (18ms) [Parameters=[@__date_Date_0='?' (DbType = DateTime2)], CommandType='"Text"', CommandTimeout='30']
SELECT [s].[Id], [s].[ProductId], [s].[ProductName], [s].[Quantity], [s].[SaleId], [s].[TotalPrice], [s].[UnitPrice], [s0].[Id], [s0].[AfterTaxAmount], [s0].[CreatedAt], [s0].[DiscountedAmount], [s0].[InvoiceDate], [s0].[InvoiceNo], [s0].[PrincipalAmount], [s0].[Template], [s0].[TotalAmount]
FROM [SaleItems] AS [s]
INNER JOIN [Sales] AS [s0] ON [s].[SaleId] = [s0].[Id]
WHERE CONVERT(date, [s0].[InvoiceDate]) = @__date_Date_0
2025-07-19 20:11:50.034 +05:30 [INF] Executed DbCommand (14ms) [Parameters=[@__productIds_0='?' (Size = 4000)], CommandType='"Text"', CommandTimeout='30']
SELECT [p].[ProductId], [p].[CategoryId], [p].[CostPrice], [p].[Description], [p].[Name], [p].[ProductCode], [p].[ProductKey], [p].[SellPrice], [p].[SupplierId]
FROM [Products] AS [p]
WHERE [p].[ProductId] IN (
    SELECT [p0].[value]
    FROM OPENJSON(@__productIds_0) WITH ([value] int '$') AS [p0]
)
2025-07-19 20:11:50.034 +05:30 [INF] Executing OkObjectResult, writing value of type 'AuthNet.Models.DTO.DailyProfitDto'.
2025-07-19 20:11:50.036 +05:30 [INF] Executed action AuthNet.Controllers.SalesController.GetDailyProfit (AuthNet) in 35.7468ms
2025-07-19 20:11:50.036 +05:30 [INF] Executed endpoint 'AuthNet.Controllers.SalesController.GetDailyProfit (AuthNet)'
2025-07-19 20:11:50.036 +05:30 [INF] Request finished HTTP/1.1 GET https://localhost:7165/api/Sales/DailyProfit - 200 null application/json; charset=utf-8 46.6941ms
2025-07-19 20:11:50.140 +05:30 [INF] Request starting HTTP/1.1 GET https://localhost:7165/api/Sales/CurrentMonthProfit - null null
2025-07-19 20:11:50.141 +05:30 [INF] Executing endpoint 'AuthNet.Controllers.SalesController.GetCurrentMonthProfit (AuthNet)'
2025-07-19 20:11:50.150 +05:30 [INF] Route matched with {action = "GetCurrentMonthProfit", controller = "Sales"}. Executing controller action with signature System.Threading.Tasks.Task`1[Microsoft.AspNetCore.Mvc.IActionResult] GetCurrentMonthProfit() on controller AuthNet.Controllers.SalesController (AuthNet).
2025-07-19 20:11:50.202 +05:30 [INF] Executed DbCommand (50ms) [Parameters=[@__currentYear_0='?' (DbType = Int32), @__currentMonth_1='?' (DbType = Int32)], CommandType='"Text"', CommandTimeout='30']
SELECT [s].[Id], [s].[ProductId], [s].[ProductName], [s].[Quantity], [s].[SaleId], [s].[TotalPrice], [s].[UnitPrice], [s0].[Id], [s0].[AfterTaxAmount], [s0].[CreatedAt], [s0].[DiscountedAmount], [s0].[InvoiceDate], [s0].[InvoiceNo], [s0].[PrincipalAmount], [s0].[Template], [s0].[TotalAmount]
FROM [SaleItems] AS [s]
INNER JOIN [Sales] AS [s0] ON [s].[SaleId] = [s0].[Id]
WHERE DATEPART(year, [s0].[InvoiceDate]) = @__currentYear_0 AND DATEPART(month, [s0].[InvoiceDate]) = @__currentMonth_1
2025-07-19 20:11:50.214 +05:30 [INF] Executed DbCommand (11ms) [Parameters=[@__productIds_0='?' (Size = 4000)], CommandType='"Text"', CommandTimeout='30']
SELECT [p].[ProductId], [p].[CategoryId], [p].[CostPrice], [p].[Description], [p].[Name], [p].[ProductCode], [p].[ProductKey], [p].[SellPrice], [p].[SupplierId]
FROM [Products] AS [p]
WHERE [p].[ProductId] IN (
    SELECT [p0].[value]
    FROM OPENJSON(@__productIds_0) WITH ([value] int '$') AS [p0]
)
2025-07-19 20:11:50.215 +05:30 [INF] Executing OkObjectResult, writing value of type 'AuthNet.Models.DTO.MonthlyProfitDto'.
2025-07-19 20:11:50.217 +05:30 [INF] Executed action AuthNet.Controllers.SalesController.GetCurrentMonthProfit (AuthNet) in 67ms
2025-07-19 20:11:50.217 +05:30 [INF] Executed endpoint 'AuthNet.Controllers.SalesController.GetCurrentMonthProfit (AuthNet)'
2025-07-19 20:11:50.217 +05:30 [INF] Request finished HTTP/1.1 GET https://localhost:7165/api/Sales/CurrentMonthProfit - 200 null application/json; charset=utf-8 77.8987ms
2025-07-19 20:11:50.229 +05:30 [INF] Request starting HTTP/2 GET https://localhost:7165/swagger/index.html - null null
2025-07-19 20:11:50.294 +05:30 [INF] Request starting HTTP/1.1 GET https://localhost:7165/api/Sales/CurrentYearProfit - null null
2025-07-19 20:11:50.296 +05:30 [INF] Request finished HTTP/2 GET https://localhost:7165/swagger/index.html - 200 null text/html;charset=utf-8 66.5197ms
2025-07-19 20:11:50.304 +05:30 [INF] Executing endpoint 'AuthNet.Controllers.SalesController.GetCurrentYearProfit (AuthNet)'
2025-07-19 20:11:50.334 +05:30 [INF] Route matched with {action = "GetCurrentYearProfit", controller = "Sales"}. Executing controller action with signature System.Threading.Tasks.Task`1[Microsoft.AspNetCore.Mvc.IActionResult] GetCurrentYearProfit() on controller AuthNet.Controllers.SalesController (AuthNet).
2025-07-19 20:11:50.467 +05:30 [INF] Executed DbCommand (132ms) [Parameters=[@__currentYear_0='?' (DbType = Int32)], CommandType='"Text"', CommandTimeout='30']
SELECT [s].[Id], [s].[ProductId], [s].[ProductName], [s].[Quantity], [s].[SaleId], [s].[TotalPrice], [s].[UnitPrice], [s0].[Id], [s0].[AfterTaxAmount], [s0].[CreatedAt], [s0].[DiscountedAmount], [s0].[InvoiceDate], [s0].[InvoiceNo], [s0].[PrincipalAmount], [s0].[Template], [s0].[TotalAmount]
FROM [SaleItems] AS [s]
INNER JOIN [Sales] AS [s0] ON [s].[SaleId] = [s0].[Id]
WHERE DATEPART(year, [s0].[InvoiceDate]) = @__currentYear_0
2025-07-19 20:11:50.470 +05:30 [INF] Request starting HTTP/2 GET https://localhost:7165/_framework/aspnetcore-browser-refresh.js - null null
2025-07-19 20:11:50.472 +05:30 [INF] Request finished HTTP/2 GET https://localhost:7165/_framework/aspnetcore-browser-refresh.js - 200 16499 application/javascript; charset=utf-8 2.3376ms
2025-07-19 20:11:50.479 +05:30 [INF] Request starting HTTP/2 GET https://localhost:7165/_vs/browserLink - null null
2025-07-19 20:11:50.490 +05:30 [INF] Executed DbCommand (22ms) [Parameters=[@__productIds_0='?' (Size = 4000)], CommandType='"Text"', CommandTimeout='30']
SELECT [p].[ProductId], [p].[CategoryId], [p].[CostPrice], [p].[Description], [p].[Name], [p].[ProductCode], [p].[ProductKey], [p].[SellPrice], [p].[SupplierId]
FROM [Products] AS [p]
WHERE [p].[ProductId] IN (
    SELECT [p0].[value]
    FROM OPENJSON(@__productIds_0) WITH ([value] int '$') AS [p0]
)
2025-07-19 20:11:50.491 +05:30 [INF] Executing OkObjectResult, writing value of type 'AuthNet.Models.DTO.YearlyProfitDto'.
2025-07-19 20:11:50.519 +05:30 [INF] Request finished HTTP/2 GET https://localhost:7165/_vs/browserLink - 200 null text/javascript; charset=UTF-8 40.4215ms
2025-07-19 20:11:50.520 +05:30 [INF] Executed action AuthNet.Controllers.SalesController.GetCurrentYearProfit (AuthNet) in 185.59ms
2025-07-19 20:11:50.520 +05:30 [INF] Executed endpoint 'AuthNet.Controllers.SalesController.GetCurrentYearProfit (AuthNet)'
2025-07-19 20:11:50.520 +05:30 [INF] Request finished HTTP/1.1 GET https://localhost:7165/api/Sales/CurrentYearProfit - 200 null application/json; charset=utf-8 226.5488ms
2025-07-19 20:11:50.665 +05:30 [INF] Request starting HTTP/1.1 GET https://localhost:7165/api/Tasks - null null
2025-07-19 20:11:50.665 +05:30 [INF] Executing endpoint 'AuthNet.Controllers.TasksController.GetTasks (AuthNet)'
2025-07-19 20:11:50.668 +05:30 [INF] Route matched with {action = "GetTasks", controller = "Tasks"}. Executing controller action with signature Microsoft.AspNetCore.Mvc.IActionResult GetTasks() on controller AuthNet.Controllers.TasksController (AuthNet).
2025-07-19 20:11:50.675 +05:30 [INF] Executed DbCommand (6ms) [Parameters=[], CommandType='"Text"', CommandTimeout='30']
SELECT [t].[Id], [t].[Title], [t].[DueDate]
FROM [Tasks] AS [t]
2025-07-19 20:11:50.675 +05:30 [INF] Executing OkObjectResult, writing value of type 'System.Collections.Generic.List`1[[AuthNet.Models.DTO.TaskItemDto, AuthNet, Version=1.0.0.0, Culture=neutral, PublicKeyToken=null]]'.
2025-07-19 20:11:50.680 +05:30 [INF] Executed action AuthNet.Controllers.TasksController.GetTasks (AuthNet) in 11.6544ms
2025-07-19 20:11:50.680 +05:30 [INF] Executed endpoint 'AuthNet.Controllers.TasksController.GetTasks (AuthNet)'
2025-07-19 20:11:50.680 +05:30 [INF] Request finished HTTP/1.1 GET https://localhost:7165/api/Tasks - 200 null application/json; charset=utf-8 14.9313ms
2025-07-19 20:11:50.728 +05:30 [INF] Request starting HTTP/1.1 GET https://localhost:7165/api/Settings/Get - null null
2025-07-19 20:11:50.729 +05:30 [INF] Executing endpoint 'AuthNet.Controllers.SettingsController.GetCompanyInfo (AuthNet)'
2025-07-19 20:11:50.738 +05:30 [INF] Route matched with {action = "GetCompanyInfo", controller = "Settings"}. Executing controller action with signature System.Threading.Tasks.Task`1[Microsoft.AspNetCore.Mvc.IActionResult] GetCompanyInfo() on controller AuthNet.Controllers.SettingsController (AuthNet).
2025-07-19 20:11:50.756 +05:30 [INF] Executed DbCommand (15ms) [Parameters=[], CommandType='"Text"', CommandTimeout='30']
SELECT TOP(1) [c].[Id], [c].[Address], [c].[ContactNumber], [c].[Email], [c].[GSTIN], [c].[LogoFileExtension], [c].[LogoFilePath], [c].[LogoFileSizeInBytes], [c].[LogoName], [c].[Name], [c].[SignFileExtension], [c].[SignFilePath], [c].[SignFileSizeInBytes], [c].[SignName]
FROM [CompanyInfos] AS [c]
2025-07-19 20:11:50.756 +05:30 [INF] Executing OkObjectResult, writing value of type 'AuthNet.Models.DTO.CompanyInfoResponseDto'.
2025-07-19 20:11:50.760 +05:30 [INF] Executed action AuthNet.Controllers.SettingsController.GetCompanyInfo (AuthNet) in 21.6007ms
2025-07-19 20:11:50.761 +05:30 [INF] Executed endpoint 'AuthNet.Controllers.SettingsController.GetCompanyInfo (AuthNet)'
2025-07-19 20:11:50.761 +05:30 [INF] Request finished HTTP/1.1 GET https://localhost:7165/api/Settings/Get - 200 null application/json; charset=utf-8 32.7433ms
2025-07-19 20:11:51.159 +05:30 [INF] Request starting HTTP/2 GET https://localhost:7165/swagger/v1/swagger.json - null null
2025-07-19 20:11:51.246 +05:30 [INF] Request finished HTTP/2 GET https://localhost:7165/swagger/v1/swagger.json - 200 null application/json;charset=utf-8 86.7ms
2025-07-19 20:13:13.784 +05:30 [INF] Request starting HTTP/1.1 GET https://localhost:7165/api/Sales/DailyProfit - null null
2025-07-19 20:13:13.784 +05:30 [INF] Executing endpoint 'AuthNet.Controllers.SalesController.GetDailyProfit (AuthNet)'
2025-07-19 20:13:13.795 +05:30 [INF] Route matched with {action = "GetDailyProfit", controller = "Sales"}. Executing controller action with signature System.Threading.Tasks.Task`1[Microsoft.AspNetCore.Mvc.IActionResult] GetDailyProfit() on controller AuthNet.Controllers.SalesController (AuthNet).
2025-07-19 20:13:13.827 +05:30 [INF] Executed DbCommand (31ms) [Parameters=[@__date_Date_0='?' (DbType = DateTime2)], CommandType='"Text"', CommandTimeout='30']
SELECT [s].[Id], [s].[ProductId], [s].[ProductName], [s].[Quantity], [s].[SaleId], [s].[TotalPrice], [s].[UnitPrice], [s0].[Id], [s0].[AfterTaxAmount], [s0].[CreatedAt], [s0].[DiscountedAmount], [s0].[InvoiceDate], [s0].[InvoiceNo], [s0].[PrincipalAmount], [s0].[Template], [s0].[TotalAmount]
FROM [SaleItems] AS [s]
INNER JOIN [Sales] AS [s0] ON [s].[SaleId] = [s0].[Id]
WHERE CONVERT(date, [s0].[InvoiceDate]) = @__date_Date_0
2025-07-19 20:13:13.854 +05:30 [INF] Executed DbCommand (26ms) [Parameters=[@__productIds_0='?' (Size = 4000)], CommandType='"Text"', CommandTimeout='30']
SELECT [p].[ProductId], [p].[CategoryId], [p].[CostPrice], [p].[Description], [p].[Name], [p].[ProductCode], [p].[ProductKey], [p].[SellPrice], [p].[SupplierId]
FROM [Products] AS [p]
WHERE [p].[ProductId] IN (
    SELECT [p0].[value]
    FROM OPENJSON(@__productIds_0) WITH ([value] int '$') AS [p0]
)
2025-07-19 20:13:13.855 +05:30 [INF] Executing OkObjectResult, writing value of type 'AuthNet.Models.DTO.DailyProfitDto'.
2025-07-19 20:13:13.857 +05:30 [INF] Executed action AuthNet.Controllers.SalesController.GetDailyProfit (AuthNet) in 62.3347ms
2025-07-19 20:13:13.857 +05:30 [INF] Executed endpoint 'AuthNet.Controllers.SalesController.GetDailyProfit (AuthNet)'
2025-07-19 20:13:13.858 +05:30 [INF] Request finished HTTP/1.1 GET https://localhost:7165/api/Sales/DailyProfit - 200 null application/json; charset=utf-8 74.0601ms
2025-07-19 20:13:13.886 +05:30 [INF] Request starting HTTP/1.1 GET https://localhost:7165/api/Sales/CurrentMonthProfit - null null
2025-07-19 20:13:13.887 +05:30 [INF] Executing endpoint 'AuthNet.Controllers.SalesController.GetCurrentMonthProfit (AuthNet)'
2025-07-19 20:13:13.887 +05:30 [INF] Route matched with {action = "GetCurrentMonthProfit", controller = "Sales"}. Executing controller action with signature System.Threading.Tasks.Task`1[Microsoft.AspNetCore.Mvc.IActionResult] GetCurrentMonthProfit() on controller AuthNet.Controllers.SalesController (AuthNet).
2025-07-19 20:13:13.912 +05:30 [INF] Executed DbCommand (22ms) [Parameters=[@__currentYear_0='?' (DbType = Int32), @__currentMonth_1='?' (DbType = Int32)], CommandType='"Text"', CommandTimeout='30']
SELECT [s].[Id], [s].[ProductId], [s].[ProductName], [s].[Quantity], [s].[SaleId], [s].[TotalPrice], [s].[UnitPrice], [s0].[Id], [s0].[AfterTaxAmount], [s0].[CreatedAt], [s0].[DiscountedAmount], [s0].[InvoiceDate], [s0].[InvoiceNo], [s0].[PrincipalAmount], [s0].[Template], [s0].[TotalAmount]
FROM [SaleItems] AS [s]
INNER JOIN [Sales] AS [s0] ON [s].[SaleId] = [s0].[Id]
WHERE DATEPART(year, [s0].[InvoiceDate]) = @__currentYear_0 AND DATEPART(month, [s0].[InvoiceDate]) = @__currentMonth_1
2025-07-19 20:13:13.914 +05:30 [INF] Executed DbCommand (1ms) [Parameters=[@__productIds_0='?' (Size = 4000)], CommandType='"Text"', CommandTimeout='30']
SELECT [p].[ProductId], [p].[CategoryId], [p].[CostPrice], [p].[Description], [p].[Name], [p].[ProductCode], [p].[ProductKey], [p].[SellPrice], [p].[SupplierId]
FROM [Products] AS [p]
WHERE [p].[ProductId] IN (
    SELECT [p0].[value]
    FROM OPENJSON(@__productIds_0) WITH ([value] int '$') AS [p0]
)
2025-07-19 20:13:13.915 +05:30 [INF] Executing OkObjectResult, writing value of type 'AuthNet.Models.DTO.MonthlyProfitDto'.
2025-07-19 20:13:13.918 +05:30 [INF] Executed action AuthNet.Controllers.SalesController.GetCurrentMonthProfit (AuthNet) in 30.8726ms
2025-07-19 20:13:13.918 +05:30 [INF] Executed endpoint 'AuthNet.Controllers.SalesController.GetCurrentMonthProfit (AuthNet)'
2025-07-19 20:13:13.918 +05:30 [INF] Request finished HTTP/1.1 GET https://localhost:7165/api/Sales/CurrentMonthProfit - 200 null application/json; charset=utf-8 32.0869ms
2025-07-19 20:13:13.949 +05:30 [INF] Request starting HTTP/2 GET https://localhost:7165/swagger/index.html - null null
2025-07-19 20:13:13.959 +05:30 [INF] Request starting HTTP/1.1 GET https://localhost:7165/api/Sales/CurrentYearProfit - null null
2025-07-19 20:13:13.960 +05:30 [INF] Executing endpoint 'AuthNet.Controllers.SalesController.GetCurrentYearProfit (AuthNet)'
2025-07-19 20:13:13.971 +05:30 [INF] Route matched with {action = "GetCurrentYearProfit", controller = "Sales"}. Executing controller action with signature System.Threading.Tasks.Task`1[Microsoft.AspNetCore.Mvc.IActionResult] GetCurrentYearProfit() on controller AuthNet.Controllers.SalesController (AuthNet).
2025-07-19 20:13:13.989 +05:30 [INF] Request finished HTTP/2 GET https://localhost:7165/swagger/index.html - 200 null text/html;charset=utf-8 39.9685ms
2025-07-19 20:13:13.993 +05:30 [INF] Executed DbCommand (18ms) [Parameters=[@__currentYear_0='?' (DbType = Int32)], CommandType='"Text"', CommandTimeout='30']
SELECT [s].[Id], [s].[ProductId], [s].[ProductName], [s].[Quantity], [s].[SaleId], [s].[TotalPrice], [s].[UnitPrice], [s0].[Id], [s0].[AfterTaxAmount], [s0].[CreatedAt], [s0].[DiscountedAmount], [s0].[InvoiceDate], [s0].[InvoiceNo], [s0].[PrincipalAmount], [s0].[Template], [s0].[TotalAmount]
FROM [SaleItems] AS [s]
INNER JOIN [Sales] AS [s0] ON [s].[SaleId] = [s0].[Id]
WHERE DATEPART(year, [s0].[InvoiceDate]) = @__currentYear_0
2025-07-19 20:13:14.036 +05:30 [INF] Executed DbCommand (41ms) [Parameters=[@__productIds_0='?' (Size = 4000)], CommandType='"Text"', CommandTimeout='30']
SELECT [p].[ProductId], [p].[CategoryId], [p].[CostPrice], [p].[Description], [p].[Name], [p].[ProductCode], [p].[ProductKey], [p].[SellPrice], [p].[SupplierId]
FROM [Products] AS [p]
WHERE [p].[ProductId] IN (
    SELECT [p0].[value]
    FROM OPENJSON(@__productIds_0) WITH ([value] int '$') AS [p0]
)
2025-07-19 20:13:14.036 +05:30 [INF] Executing OkObjectResult, writing value of type 'AuthNet.Models.DTO.YearlyProfitDto'.
2025-07-19 20:13:14.037 +05:30 [INF] Executed action AuthNet.Controllers.SalesController.GetCurrentYearProfit (AuthNet) in 65.9739ms
2025-07-19 20:13:14.037 +05:30 [INF] Executed endpoint 'AuthNet.Controllers.SalesController.GetCurrentYearProfit (AuthNet)'
2025-07-19 20:13:14.037 +05:30 [INF] Request finished HTTP/1.1 GET https://localhost:7165/api/Sales/CurrentYearProfit - 200 null application/json; charset=utf-8 78.2358ms
2025-07-19 20:13:14.043 +05:30 [INF] Request starting HTTP/2 GET https://localhost:7165/_framework/aspnetcore-browser-refresh.js - null null
2025-07-19 20:13:14.051 +05:30 [INF] Request starting HTTP/2 GET https://localhost:7165/_vs/browserLink - null null
2025-07-19 20:13:14.070 +05:30 [INF] Request finished HTTP/2 GET https://localhost:7165/_framework/aspnetcore-browser-refresh.js - 200 16499 application/javascript; charset=utf-8 27.4114ms
2025-07-19 20:13:14.086 +05:30 [INF] Request starting HTTP/1.1 GET https://localhost:7165/api/Tasks - null null
2025-07-19 20:13:14.089 +05:30 [INF] Executing endpoint 'AuthNet.Controllers.TasksController.GetTasks (AuthNet)'
2025-07-19 20:13:14.091 +05:30 [INF] Route matched with {action = "GetTasks", controller = "Tasks"}. Executing controller action with signature Microsoft.AspNetCore.Mvc.IActionResult GetTasks() on controller AuthNet.Controllers.TasksController (AuthNet).
2025-07-19 20:13:14.118 +05:30 [INF] Executed DbCommand (25ms) [Parameters=[], CommandType='"Text"', CommandTimeout='30']
SELECT [t].[Id], [t].[Title], [t].[DueDate]
FROM [Tasks] AS [t]
2025-07-19 20:13:14.118 +05:30 [INF] Executing OkObjectResult, writing value of type 'System.Collections.Generic.List`1[[AuthNet.Models.DTO.TaskItemDto, AuthNet, Version=1.0.0.0, Culture=neutral, PublicKeyToken=null]]'.
2025-07-19 20:13:14.126 +05:30 [INF] Executed action AuthNet.Controllers.TasksController.GetTasks (AuthNet) in 34.5209ms
2025-07-19 20:13:14.126 +05:30 [INF] Executed endpoint 'AuthNet.Controllers.TasksController.GetTasks (AuthNet)'
2025-07-19 20:13:14.126 +05:30 [INF] Request finished HTTP/1.1 GET https://localhost:7165/api/Tasks - 200 null application/json; charset=utf-8 40.1508ms
2025-07-19 20:13:14.205 +05:30 [INF] Request finished HTTP/2 GET https://localhost:7165/_vs/browserLink - 200 null text/javascript; charset=UTF-8 153.5225ms
2025-07-19 20:13:14.205 +05:30 [INF] Request starting HTTP/1.1 GET https://localhost:7165/api/Settings/Get - null null
2025-07-19 20:13:14.206 +05:30 [INF] Executing endpoint 'AuthNet.Controllers.SettingsController.GetCompanyInfo (AuthNet)'
2025-07-19 20:13:14.215 +05:30 [INF] Route matched with {action = "GetCompanyInfo", controller = "Settings"}. Executing controller action with signature System.Threading.Tasks.Task`1[Microsoft.AspNetCore.Mvc.IActionResult] GetCompanyInfo() on controller AuthNet.Controllers.SettingsController (AuthNet).
2025-07-19 20:13:14.304 +05:30 [INF] Executed DbCommand (88ms) [Parameters=[], CommandType='"Text"', CommandTimeout='30']
SELECT TOP(1) [c].[Id], [c].[Address], [c].[ContactNumber], [c].[Email], [c].[GSTIN], [c].[LogoFileExtension], [c].[LogoFilePath], [c].[LogoFileSizeInBytes], [c].[LogoName], [c].[Name], [c].[SignFileExtension], [c].[SignFilePath], [c].[SignFileSizeInBytes], [c].[SignName]
FROM [CompanyInfos] AS [c]
2025-07-19 20:13:14.305 +05:30 [INF] Executing OkObjectResult, writing value of type 'AuthNet.Models.DTO.CompanyInfoResponseDto'.
2025-07-19 20:13:14.307 +05:30 [INF] Executed action AuthNet.Controllers.SettingsController.GetCompanyInfo (AuthNet) in 92.611ms
2025-07-19 20:13:14.307 +05:30 [INF] Executed endpoint 'AuthNet.Controllers.SettingsController.GetCompanyInfo (AuthNet)'
2025-07-19 20:13:14.308 +05:30 [INF] Request finished HTTP/1.1 GET https://localhost:7165/api/Settings/Get - 200 null application/json; charset=utf-8 102.8483ms
2025-07-19 20:13:16.054 +05:30 [INF] Request starting HTTP/2 GET https://localhost:7165/swagger/v1/swagger.json - null null
2025-07-19 20:13:16.103 +05:30 [INF] Request finished HTTP/2 GET https://localhost:7165/swagger/v1/swagger.json - 200 null application/json;charset=utf-8 49.4197ms
2025-07-19 20:25:06.050 +05:30 [INF] Request starting HTTP/2 GET https://localhost:7165/api/Sales/WeeklyProfit - null null
2025-07-19 20:25:06.093 +05:30 [WRN] Error unprotecting the session cookie.
System.Security.Cryptography.CryptographicException: The payload was invalid. For more information go to https://aka.ms/aspnet/dataprotectionwarning
   at Microsoft.AspNetCore.DataProtection.Cng.CbcAuthenticatedEncryptor.DecryptImpl(Byte* pbCiphertext, UInt32 cbCiphertext, Byte* pbAdditionalAuthenticatedData, UInt32 cbAdditionalAuthenticatedData)
   at Microsoft.AspNetCore.DataProtection.Cng.Internal.CngAuthenticatedEncryptorBase.Decrypt(ArraySegment`1 ciphertext, ArraySegment`1 additionalAuthenticatedData)
   at Microsoft.AspNetCore.DataProtection.KeyManagement.KeyRingBasedDataProtector.UnprotectCore(Byte[] protectedData, Boolean allowOperationsOnRevokedKeys, UnprotectStatus& status)
   at Microsoft.AspNetCore.DataProtection.KeyManagement.KeyRingBasedDataProtector.Unprotect(Byte[] protectedData)
   at Microsoft.AspNetCore.Session.CookieProtection.Unprotect(IDataProtector protector, String protectedText, ILogger logger)
2025-07-19 20:25:06.167 +05:30 [INF] Executing endpoint 'AuthNet.Controllers.SalesController.GetWeeklyProfit (AuthNet)'
2025-07-19 20:25:06.172 +05:30 [INF] Route matched with {action = "GetWeeklyProfit", controller = "Sales"}. Executing controller action with signature System.Threading.Tasks.Task`1[Microsoft.AspNetCore.Mvc.IActionResult] GetWeeklyProfit() on controller AuthNet.Controllers.SalesController (AuthNet).
2025-07-19 20:25:06.222 +05:30 [INF] Executed DbCommand (8ms) [Parameters=[@__startDate_0='?' (DbType = DateTime2), @__endDate_1='?' (DbType = DateTime2)], CommandType='"Text"', CommandTimeout='30']
SELECT [s].[Id], [s].[ProductId], [s].[ProductName], [s].[Quantity], [s].[SaleId], [s].[TotalPrice], [s].[UnitPrice], [s0].[Id], [s0].[AfterTaxAmount], [s0].[CreatedAt], [s0].[DiscountedAmount], [s0].[InvoiceDate], [s0].[InvoiceNo], [s0].[PrincipalAmount], [s0].[Template], [s0].[TotalAmount]
FROM [SaleItems] AS [s]
INNER JOIN [Sales] AS [s0] ON [s].[SaleId] = [s0].[Id]
WHERE CONVERT(date, [s0].[InvoiceDate]) >= @__startDate_0 AND CONVERT(date, [s0].[InvoiceDate]) <= @__endDate_1
2025-07-19 20:25:06.232 +05:30 [INF] Executed DbCommand (9ms) [Parameters=[@__productIds_0='?' (Size = 4000)], CommandType='"Text"', CommandTimeout='30']
SELECT [p].[ProductId], [p].[CategoryId], [p].[CostPrice], [p].[Description], [p].[Name], [p].[ProductCode], [p].[ProductKey], [p].[SellPrice], [p].[SupplierId]
FROM [Products] AS [p]
WHERE [p].[ProductId] IN (
    SELECT [p0].[value]
    FROM OPENJSON(@__productIds_0) WITH ([value] int '$') AS [p0]
)
2025-07-19 20:25:06.246 +05:30 [INF] Executing OkObjectResult, writing value of type 'System.Collections.Generic.List`1[[AuthNet.Models.DTO.DailyProfitDto, AuthNet, Version=1.0.0.0, Culture=neutral, PublicKeyToken=null]]'.
2025-07-19 20:25:06.246 +05:30 [INF] Executed action AuthNet.Controllers.SalesController.GetWeeklyProfit (AuthNet) in 74.0129ms
2025-07-19 20:25:06.247 +05:30 [INF] Executed endpoint 'AuthNet.Controllers.SalesController.GetWeeklyProfit (AuthNet)'
2025-07-19 20:25:06.247 +05:30 [INF] Request finished HTTP/2 GET https://localhost:7165/api/Sales/WeeklyProfit - 200 null application/json; charset=utf-8 196.85ms
2025-07-19 20:51:53.564 +05:30 [INF] Request starting HTTP/1.1 GET https://localhost:7165/api/Sales/DailyProfit - null null
2025-07-19 20:51:53.565 +05:30 [INF] Executing endpoint 'AuthNet.Controllers.SalesController.GetDailyProfit (AuthNet)'
2025-07-19 20:51:53.574 +05:30 [INF] Route matched with {action = "GetDailyProfit", controller = "Sales"}. Executing controller action with signature System.Threading.Tasks.Task`1[Microsoft.AspNetCore.Mvc.IActionResult] GetDailyProfit() on controller AuthNet.Controllers.SalesController (AuthNet).
2025-07-19 20:51:53.644 +05:30 [INF] Executed DbCommand (26ms) [Parameters=[@__date_Date_0='?' (DbType = DateTime2)], CommandType='"Text"', CommandTimeout='30']
SELECT [s].[Id], [s].[ProductId], [s].[ProductName], [s].[Quantity], [s].[SaleId], [s].[TotalPrice], [s].[UnitPrice], [s0].[Id], [s0].[AfterTaxAmount], [s0].[CreatedAt], [s0].[DiscountedAmount], [s0].[InvoiceDate], [s0].[InvoiceNo], [s0].[PrincipalAmount], [s0].[Template], [s0].[TotalAmount]
FROM [SaleItems] AS [s]
INNER JOIN [Sales] AS [s0] ON [s].[SaleId] = [s0].[Id]
WHERE CONVERT(date, [s0].[InvoiceDate]) = @__date_Date_0
2025-07-19 20:51:53.658 +05:30 [INF] Executed DbCommand (13ms) [Parameters=[@__productIds_0='?' (Size = 4000)], CommandType='"Text"', CommandTimeout='30']
SELECT [p].[ProductId], [p].[CategoryId], [p].[CostPrice], [p].[Description], [p].[Name], [p].[ProductCode], [p].[ProductKey], [p].[SellPrice], [p].[SupplierId]
FROM [Products] AS [p]
WHERE [p].[ProductId] IN (
    SELECT [p0].[value]
    FROM OPENJSON(@__productIds_0) WITH ([value] int '$') AS [p0]
)
2025-07-19 20:51:53.658 +05:30 [INF] Executing OkObjectResult, writing value of type 'AuthNet.Models.DTO.DailyProfitDto'.
2025-07-19 20:51:53.658 +05:30 [INF] Executed action AuthNet.Controllers.SalesController.GetDailyProfit (AuthNet) in 83.9143ms
2025-07-19 20:51:53.658 +05:30 [INF] Executed endpoint 'AuthNet.Controllers.SalesController.GetDailyProfit (AuthNet)'
2025-07-19 20:51:53.659 +05:30 [INF] Request finished HTTP/1.1 GET https://localhost:7165/api/Sales/DailyProfit - 200 null application/json; charset=utf-8 94.2193ms
2025-07-19 20:51:53.678 +05:30 [INF] Request starting HTTP/1.1 GET https://localhost:7165/api/Sales/CurrentMonthProfit - null null
2025-07-19 20:51:53.678 +05:30 [INF] Executing endpoint 'AuthNet.Controllers.SalesController.GetCurrentMonthProfit (AuthNet)'
2025-07-19 20:51:53.683 +05:30 [INF] Route matched with {action = "GetCurrentMonthProfit", controller = "Sales"}. Executing controller action with signature System.Threading.Tasks.Task`1[Microsoft.AspNetCore.Mvc.IActionResult] GetCurrentMonthProfit() on controller AuthNet.Controllers.SalesController (AuthNet).
2025-07-19 20:51:53.694 +05:30 [INF] Executed DbCommand (10ms) [Parameters=[@__currentYear_0='?' (DbType = Int32), @__currentMonth_1='?' (DbType = Int32)], CommandType='"Text"', CommandTimeout='30']
SELECT [s].[Id], [s].[ProductId], [s].[ProductName], [s].[Quantity], [s].[SaleId], [s].[TotalPrice], [s].[UnitPrice], [s0].[Id], [s0].[AfterTaxAmount], [s0].[CreatedAt], [s0].[DiscountedAmount], [s0].[InvoiceDate], [s0].[InvoiceNo], [s0].[PrincipalAmount], [s0].[Template], [s0].[TotalAmount]
FROM [SaleItems] AS [s]
INNER JOIN [Sales] AS [s0] ON [s].[SaleId] = [s0].[Id]
WHERE DATEPART(year, [s0].[InvoiceDate]) = @__currentYear_0 AND DATEPART(month, [s0].[InvoiceDate]) = @__currentMonth_1
2025-07-19 20:51:53.696 +05:30 [INF] Executed DbCommand (1ms) [Parameters=[@__productIds_0='?' (Size = 4000)], CommandType='"Text"', CommandTimeout='30']
SELECT [p].[ProductId], [p].[CategoryId], [p].[CostPrice], [p].[Description], [p].[Name], [p].[ProductCode], [p].[ProductKey], [p].[SellPrice], [p].[SupplierId]
FROM [Products] AS [p]
WHERE [p].[ProductId] IN (
    SELECT [p0].[value]
    FROM OPENJSON(@__productIds_0) WITH ([value] int '$') AS [p0]
)
2025-07-19 20:51:53.696 +05:30 [INF] Executing OkObjectResult, writing value of type 'AuthNet.Models.DTO.MonthlyProfitDto'.
2025-07-19 20:51:53.696 +05:30 [INF] Executed action AuthNet.Controllers.SalesController.GetCurrentMonthProfit (AuthNet) in 13.2588ms
2025-07-19 20:51:53.696 +05:30 [INF] Executed endpoint 'AuthNet.Controllers.SalesController.GetCurrentMonthProfit (AuthNet)'
2025-07-19 20:51:53.697 +05:30 [INF] Request finished HTTP/1.1 GET https://localhost:7165/api/Sales/CurrentMonthProfit - 200 null application/json; charset=utf-8 18.6149ms
2025-07-19 20:51:53.716 +05:30 [INF] Request starting HTTP/1.1 GET https://localhost:7165/api/Sales/CurrentYearProfit - null null
2025-07-19 20:51:53.716 +05:30 [INF] Executing endpoint 'AuthNet.Controllers.SalesController.GetCurrentYearProfit (AuthNet)'
2025-07-19 20:51:53.717 +05:30 [INF] Route matched with {action = "GetCurrentYearProfit", controller = "Sales"}. Executing controller action with signature System.Threading.Tasks.Task`1[Microsoft.AspNetCore.Mvc.IActionResult] GetCurrentYearProfit() on controller AuthNet.Controllers.SalesController (AuthNet).
2025-07-19 20:51:53.729 +05:30 [INF] Executed DbCommand (11ms) [Parameters=[@__currentYear_0='?' (DbType = Int32)], CommandType='"Text"', CommandTimeout='30']
SELECT [s].[Id], [s].[ProductId], [s].[ProductName], [s].[Quantity], [s].[SaleId], [s].[TotalPrice], [s].[UnitPrice], [s0].[Id], [s0].[AfterTaxAmount], [s0].[CreatedAt], [s0].[DiscountedAmount], [s0].[InvoiceDate], [s0].[InvoiceNo], [s0].[PrincipalAmount], [s0].[Template], [s0].[TotalAmount]
FROM [SaleItems] AS [s]
INNER JOIN [Sales] AS [s0] ON [s].[SaleId] = [s0].[Id]
WHERE DATEPART(year, [s0].[InvoiceDate]) = @__currentYear_0
2025-07-19 20:51:53.732 +05:30 [INF] Executed DbCommand (1ms) [Parameters=[@__productIds_0='?' (Size = 4000)], CommandType='"Text"', CommandTimeout='30']
SELECT [p].[ProductId], [p].[CategoryId], [p].[CostPrice], [p].[Description], [p].[Name], [p].[ProductCode], [p].[ProductKey], [p].[SellPrice], [p].[SupplierId]
FROM [Products] AS [p]
WHERE [p].[ProductId] IN (
    SELECT [p0].[value]
    FROM OPENJSON(@__productIds_0) WITH ([value] int '$') AS [p0]
)
2025-07-19 20:51:53.733 +05:30 [INF] Executing OkObjectResult, writing value of type 'AuthNet.Models.DTO.YearlyProfitDto'.
2025-07-19 20:51:53.733 +05:30 [INF] Executed action AuthNet.Controllers.SalesController.GetCurrentYearProfit (AuthNet) in 15.9806ms
2025-07-19 20:51:53.733 +05:30 [INF] Executed endpoint 'AuthNet.Controllers.SalesController.GetCurrentYearProfit (AuthNet)'
2025-07-19 20:51:53.733 +05:30 [INF] Request finished HTTP/1.1 GET https://localhost:7165/api/Sales/CurrentYearProfit - 200 null application/json; charset=utf-8 17.2103ms
2025-07-19 20:51:53.750 +05:30 [INF] Request starting HTTP/1.1 GET https://localhost:7165/api/Tasks - null null
2025-07-19 20:51:53.750 +05:30 [INF] Executing endpoint 'AuthNet.Controllers.TasksController.GetTasks (AuthNet)'
2025-07-19 20:51:53.750 +05:30 [INF] Route matched with {action = "GetTasks", controller = "Tasks"}. Executing controller action with signature Microsoft.AspNetCore.Mvc.IActionResult GetTasks() on controller AuthNet.Controllers.TasksController (AuthNet).
2025-07-19 20:51:53.758 +05:30 [INF] Executed DbCommand (6ms) [Parameters=[], CommandType='"Text"', CommandTimeout='30']
SELECT [t].[Id], [t].[Title], [t].[DueDate]
FROM [Tasks] AS [t]
2025-07-19 20:51:53.758 +05:30 [INF] Executing OkObjectResult, writing value of type 'System.Collections.Generic.List`1[[AuthNet.Models.DTO.TaskItemDto, AuthNet, Version=1.0.0.0, Culture=neutral, PublicKeyToken=null]]'.
2025-07-19 20:51:53.758 +05:30 [INF] Executed action AuthNet.Controllers.TasksController.GetTasks (AuthNet) in 7.9158ms
2025-07-19 20:51:53.758 +05:30 [INF] Executed endpoint 'AuthNet.Controllers.TasksController.GetTasks (AuthNet)'
2025-07-19 20:51:53.758 +05:30 [INF] Request finished HTTP/1.1 GET https://localhost:7165/api/Tasks - 200 null application/json; charset=utf-8 8.4333ms
2025-07-19 20:51:53.777 +05:30 [INF] Request starting HTTP/1.1 GET https://localhost:7165/api/Settings/Get - null null
2025-07-19 20:51:53.779 +05:30 [INF] Executing endpoint 'AuthNet.Controllers.SettingsController.GetCompanyInfo (AuthNet)'
2025-07-19 20:51:53.780 +05:30 [INF] Route matched with {action = "GetCompanyInfo", controller = "Settings"}. Executing controller action with signature System.Threading.Tasks.Task`1[Microsoft.AspNetCore.Mvc.IActionResult] GetCompanyInfo() on controller AuthNet.Controllers.SettingsController (AuthNet).
2025-07-19 20:51:53.788 +05:30 [INF] Executed DbCommand (8ms) [Parameters=[], CommandType='"Text"', CommandTimeout='30']
SELECT TOP(1) [c].[Id], [c].[Address], [c].[ContactNumber], [c].[Email], [c].[GSTIN], [c].[LogoFileExtension], [c].[LogoFilePath], [c].[LogoFileSizeInBytes], [c].[LogoName], [c].[Name], [c].[SignFileExtension], [c].[SignFilePath], [c].[SignFileSizeInBytes], [c].[SignName]
FROM [CompanyInfos] AS [c]
2025-07-19 20:51:53.788 +05:30 [INF] Executing OkObjectResult, writing value of type 'AuthNet.Models.DTO.CompanyInfoResponseDto'.
2025-07-19 20:51:53.789 +05:30 [INF] Executed action AuthNet.Controllers.SettingsController.GetCompanyInfo (AuthNet) in 8.994ms
2025-07-19 20:51:53.789 +05:30 [INF] Executed endpoint 'AuthNet.Controllers.SettingsController.GetCompanyInfo (AuthNet)'
2025-07-19 20:51:53.789 +05:30 [INF] Request finished HTTP/1.1 GET https://localhost:7165/api/Settings/Get - 200 null application/json; charset=utf-8 11.7996ms
2025-07-19 20:51:56.635 +05:30 [INF] Request starting HTTP/2 GET https://localhost:7165/swagger/index.html - null null
2025-07-19 20:51:56.667 +05:30 [INF] Request finished HTTP/2 GET https://localhost:7165/swagger/index.html - 200 null text/html;charset=utf-8 32.006ms
2025-07-19 20:51:57.006 +05:30 [INF] Request starting HTTP/2 GET https://localhost:7165/_framework/aspnetcore-browser-refresh.js - null null
2025-07-19 20:51:57.007 +05:30 [INF] Request starting HTTP/2 GET https://localhost:7165/_vs/browserLink - null null
2025-07-19 20:51:57.011 +05:30 [INF] Request finished HTTP/2 GET https://localhost:7165/_framework/aspnetcore-browser-refresh.js - 200 16499 application/javascript; charset=utf-8 4.9812ms
2025-07-19 20:51:57.031 +05:30 [INF] Request finished HTTP/2 GET https://localhost:7165/_vs/browserLink - 200 null text/javascript; charset=UTF-8 23.1792ms
2025-07-19 20:51:57.140 +05:30 [INF] Request starting HTTP/2 GET https://localhost:7165/swagger/v1/swagger.json - null null
2025-07-19 20:51:57.284 +05:30 [INF] Request finished HTTP/2 GET https://localhost:7165/swagger/v1/swagger.json - 200 null application/json;charset=utf-8 143.7155ms
2025-07-19 20:52:04.952 +05:30 [INF] Request starting HTTP/2 GET https://localhost:7165/api/Sales/WeeklyProfit - null null
2025-07-19 20:52:04.957 +05:30 [WRN] Error unprotecting the session cookie.
System.Security.Cryptography.CryptographicException: The payload was invalid. For more information go to https://aka.ms/aspnet/dataprotectionwarning
   at Microsoft.AspNetCore.DataProtection.Cng.CbcAuthenticatedEncryptor.DecryptImpl(Byte* pbCiphertext, UInt32 cbCiphertext, Byte* pbAdditionalAuthenticatedData, UInt32 cbAdditionalAuthenticatedData)
   at Microsoft.AspNetCore.DataProtection.Cng.Internal.CngAuthenticatedEncryptorBase.Decrypt(ArraySegment`1 ciphertext, ArraySegment`1 additionalAuthenticatedData)
   at Microsoft.AspNetCore.DataProtection.KeyManagement.KeyRingBasedDataProtector.UnprotectCore(Byte[] protectedData, Boolean allowOperationsOnRevokedKeys, UnprotectStatus& status)
   at Microsoft.AspNetCore.DataProtection.KeyManagement.KeyRingBasedDataProtector.Unprotect(Byte[] protectedData)
   at Microsoft.AspNetCore.Session.CookieProtection.Unprotect(IDataProtector protector, String protectedText, ILogger logger)
2025-07-19 20:52:04.958 +05:30 [INF] Executing endpoint 'AuthNet.Controllers.SalesController.GetWeeklyProfit (AuthNet)'
2025-07-19 20:52:04.975 +05:30 [INF] Route matched with {action = "GetWeeklyProfit", controller = "Sales"}. Executing controller action with signature System.Threading.Tasks.Task`1[Microsoft.AspNetCore.Mvc.IActionResult] GetWeeklyProfit() on controller AuthNet.Controllers.SalesController (AuthNet).
2025-07-19 20:52:05.009 +05:30 [INF] Executed DbCommand (13ms) [Parameters=[@__startDate_0='?' (DbType = DateTime2), @__endDate_1='?' (DbType = DateTime2)], CommandType='"Text"', CommandTimeout='30']
SELECT [s].[Id], [s].[ProductId], [s].[ProductName], [s].[Quantity], [s].[SaleId], [s].[TotalPrice], [s].[UnitPrice], [s0].[Id], [s0].[AfterTaxAmount], [s0].[CreatedAt], [s0].[DiscountedAmount], [s0].[InvoiceDate], [s0].[InvoiceNo], [s0].[PrincipalAmount], [s0].[Template], [s0].[TotalAmount]
FROM [SaleItems] AS [s]
INNER JOIN [Sales] AS [s0] ON [s].[SaleId] = [s0].[Id]
WHERE CONVERT(date, [s0].[InvoiceDate]) >= @__startDate_0 AND CONVERT(date, [s0].[InvoiceDate]) <= @__endDate_1
2025-07-19 20:52:05.021 +05:30 [INF] Executed DbCommand (10ms) [Parameters=[@__productIds_0='?' (Size = 4000)], CommandType='"Text"', CommandTimeout='30']
SELECT [p].[ProductId], [p].[CategoryId], [p].[CostPrice], [p].[Description], [p].[Name], [p].[ProductCode], [p].[ProductKey], [p].[SellPrice], [p].[SupplierId]
FROM [Products] AS [p]
WHERE [p].[ProductId] IN (
    SELECT [p0].[value]
    FROM OPENJSON(@__productIds_0) WITH ([value] int '$') AS [p0]
)
2025-07-19 20:52:05.046 +05:30 [INF] Executing OkObjectResult, writing value of type 'System.Collections.Generic.List`1[[AuthNet.Models.DTO.DailyProfitDto, AuthNet, Version=1.0.0.0, Culture=neutral, PublicKeyToken=null]]'.
2025-07-19 20:52:05.049 +05:30 [INF] Executed action AuthNet.Controllers.SalesController.GetWeeklyProfit (AuthNet) in 73.4114ms
2025-07-19 20:52:05.049 +05:30 [INF] Executed endpoint 'AuthNet.Controllers.SalesController.GetWeeklyProfit (AuthNet)'
2025-07-19 20:52:05.049 +05:30 [INF] Request finished HTTP/2 GET https://localhost:7165/api/Sales/WeeklyProfit - 200 null application/json; charset=utf-8 97.0492ms
2025-07-19 20:52:25.979 +05:30 [INF] Request starting HTTP/1.1 POST https://localhost:7165/api/Auth/login - application/json; charset=utf-8 null
2025-07-19 20:52:25.990 +05:30 [INF] Executing endpoint 'AuthNet.Controllers.AuthController.Login (AuthNet)'
2025-07-19 20:52:25.996 +05:30 [INF] Route matched with {action = "Login", controller = "Auth"}. Executing controller action with signature System.Threading.Tasks.Task`1[Microsoft.AspNetCore.Mvc.IActionResult] Login(AuthNet.Models.DTO.LoginDto) on controller AuthNet.Controllers.AuthController (AuthNet).
2025-07-19 20:52:26.018 +05:30 [INF] Executed DbCommand (14ms) [Parameters=[@__username_0='?' (Size = 100)], CommandType='"Text"', CommandTimeout='30']
SELECT TOP(1) [u].[UserId], [u].[CreatedAt], [u].[Email], [u].[Firstname], [u].[Lastname], [u].[PasswordHash], [u].[Role], [u].[Username]
FROM [Users] AS [u]
WHERE [u].[Username] = @__username_0
2025-07-19 20:52:26.491 +05:30 [INF] Executing OkObjectResult, writing value of type 'AuthNet.Models.DTO.ServiceResponse`1[[AuthNet.Models.DTO.LoginResponseDto, AuthNet, Version=1.0.0.0, Culture=neutral, PublicKeyToken=null]]'.
2025-07-19 20:52:26.498 +05:30 [INF] Executed action AuthNet.Controllers.AuthController.Login (AuthNet) in 501.2248ms
2025-07-19 20:52:26.498 +05:30 [INF] Executed endpoint 'AuthNet.Controllers.AuthController.Login (AuthNet)'
2025-07-19 20:52:26.498 +05:30 [INF] Request finished HTTP/1.1 POST https://localhost:7165/api/Auth/login - 200 null application/json; charset=utf-8 519.4018ms
2025-07-19 20:52:26.546 +05:30 [INF] Request starting HTTP/1.1 GET https://localhost:7165/api/Sales/DailyProfit - null null
2025-07-19 20:52:26.556 +05:30 [INF] Executing endpoint 'AuthNet.Controllers.SalesController.GetDailyProfit (AuthNet)'
2025-07-19 20:52:26.565 +05:30 [INF] Route matched with {action = "GetDailyProfit", controller = "Sales"}. Executing controller action with signature System.Threading.Tasks.Task`1[Microsoft.AspNetCore.Mvc.IActionResult] GetDailyProfit() on controller AuthNet.Controllers.SalesController (AuthNet).
2025-07-19 20:52:26.577 +05:30 [INF] Executed DbCommand (10ms) [Parameters=[@__date_Date_0='?' (DbType = DateTime2)], CommandType='"Text"', CommandTimeout='30']
SELECT [s].[Id], [s].[ProductId], [s].[ProductName], [s].[Quantity], [s].[SaleId], [s].[TotalPrice], [s].[UnitPrice], [s0].[Id], [s0].[AfterTaxAmount], [s0].[CreatedAt], [s0].[DiscountedAmount], [s0].[InvoiceDate], [s0].[InvoiceNo], [s0].[PrincipalAmount], [s0].[Template], [s0].[TotalAmount]
FROM [SaleItems] AS [s]
INNER JOIN [Sales] AS [s0] ON [s].[SaleId] = [s0].[Id]
WHERE CONVERT(date, [s0].[InvoiceDate]) = @__date_Date_0
2025-07-19 20:52:26.590 +05:30 [INF] Executed DbCommand (13ms) [Parameters=[@__productIds_0='?' (Size = 4000)], CommandType='"Text"', CommandTimeout='30']
SELECT [p].[ProductId], [p].[CategoryId], [p].[CostPrice], [p].[Description], [p].[Name], [p].[ProductCode], [p].[ProductKey], [p].[SellPrice], [p].[SupplierId]
FROM [Products] AS [p]
WHERE [p].[ProductId] IN (
    SELECT [p0].[value]
    FROM OPENJSON(@__productIds_0) WITH ([value] int '$') AS [p0]
)
2025-07-19 20:52:26.591 +05:30 [INF] Executing OkObjectResult, writing value of type 'AuthNet.Models.DTO.DailyProfitDto'.
2025-07-19 20:52:26.591 +05:30 [INF] Executed action AuthNet.Controllers.SalesController.GetDailyProfit (AuthNet) in 25.6141ms
2025-07-19 20:52:26.591 +05:30 [INF] Executed endpoint 'AuthNet.Controllers.SalesController.GetDailyProfit (AuthNet)'
2025-07-19 20:52:26.591 +05:30 [INF] Request finished HTTP/1.1 GET https://localhost:7165/api/Sales/DailyProfit - 200 null application/json; charset=utf-8 45.046ms
2025-07-19 20:52:26.624 +05:30 [INF] Request starting HTTP/1.1 GET https://localhost:7165/api/Sales/CurrentMonthProfit - null null
2025-07-19 20:52:26.624 +05:30 [INF] Executing endpoint 'AuthNet.Controllers.SalesController.GetCurrentMonthProfit (AuthNet)'
2025-07-19 20:52:26.637 +05:30 [INF] Route matched with {action = "GetCurrentMonthProfit", controller = "Sales"}. Executing controller action with signature System.Threading.Tasks.Task`1[Microsoft.AspNetCore.Mvc.IActionResult] GetCurrentMonthProfit() on controller AuthNet.Controllers.SalesController (AuthNet).
2025-07-19 20:52:26.653 +05:30 [INF] Executed DbCommand (14ms) [Parameters=[@__currentYear_0='?' (DbType = Int32), @__currentMonth_1='?' (DbType = Int32)], CommandType='"Text"', CommandTimeout='30']
SELECT [s].[Id], [s].[ProductId], [s].[ProductName], [s].[Quantity], [s].[SaleId], [s].[TotalPrice], [s].[UnitPrice], [s0].[Id], [s0].[AfterTaxAmount], [s0].[CreatedAt], [s0].[DiscountedAmount], [s0].[InvoiceDate], [s0].[InvoiceNo], [s0].[PrincipalAmount], [s0].[Template], [s0].[TotalAmount]
FROM [SaleItems] AS [s]
INNER JOIN [Sales] AS [s0] ON [s].[SaleId] = [s0].[Id]
WHERE DATEPART(year, [s0].[InvoiceDate]) = @__currentYear_0 AND DATEPART(month, [s0].[InvoiceDate]) = @__currentMonth_1
2025-07-19 20:52:26.655 +05:30 [INF] Executed DbCommand (2ms) [Parameters=[@__productIds_0='?' (Size = 4000)], CommandType='"Text"', CommandTimeout='30']
SELECT [p].[ProductId], [p].[CategoryId], [p].[CostPrice], [p].[Description], [p].[Name], [p].[ProductCode], [p].[ProductKey], [p].[SellPrice], [p].[SupplierId]
FROM [Products] AS [p]
WHERE [p].[ProductId] IN (
    SELECT [p0].[value]
    FROM OPENJSON(@__productIds_0) WITH ([value] int '$') AS [p0]
)
2025-07-19 20:52:26.656 +05:30 [INF] Executing OkObjectResult, writing value of type 'AuthNet.Models.DTO.MonthlyProfitDto'.
2025-07-19 20:52:26.658 +05:30 [INF] Executed action AuthNet.Controllers.SalesController.GetCurrentMonthProfit (AuthNet) in 21.3599ms
2025-07-19 20:52:26.658 +05:30 [INF] Executed endpoint 'AuthNet.Controllers.SalesController.GetCurrentMonthProfit (AuthNet)'
2025-07-19 20:52:26.659 +05:30 [INF] Request finished HTTP/1.1 GET https://localhost:7165/api/Sales/CurrentMonthProfit - 200 null application/json; charset=utf-8 34.7287ms
2025-07-19 20:52:26.681 +05:30 [INF] Request starting HTTP/1.1 GET https://localhost:7165/api/Sales/CurrentYearProfit - null null
2025-07-19 20:52:26.682 +05:30 [INF] Executing endpoint 'AuthNet.Controllers.SalesController.GetCurrentYearProfit (AuthNet)'
2025-07-19 20:52:26.689 +05:30 [INF] Route matched with {action = "GetCurrentYearProfit", controller = "Sales"}. Executing controller action with signature System.Threading.Tasks.Task`1[Microsoft.AspNetCore.Mvc.IActionResult] GetCurrentYearProfit() on controller AuthNet.Controllers.SalesController (AuthNet).
2025-07-19 20:52:26.698 +05:30 [INF] Executed DbCommand (7ms) [Parameters=[@__currentYear_0='?' (DbType = Int32)], CommandType='"Text"', CommandTimeout='30']
SELECT [s].[Id], [s].[ProductId], [s].[ProductName], [s].[Quantity], [s].[SaleId], [s].[TotalPrice], [s].[UnitPrice], [s0].[Id], [s0].[AfterTaxAmount], [s0].[CreatedAt], [s0].[DiscountedAmount], [s0].[InvoiceDate], [s0].[InvoiceNo], [s0].[PrincipalAmount], [s0].[Template], [s0].[TotalAmount]
FROM [SaleItems] AS [s]
INNER JOIN [Sales] AS [s0] ON [s].[SaleId] = [s0].[Id]
WHERE DATEPART(year, [s0].[InvoiceDate]) = @__currentYear_0
2025-07-19 20:52:26.700 +05:30 [INF] Executed DbCommand (1ms) [Parameters=[@__productIds_0='?' (Size = 4000)], CommandType='"Text"', CommandTimeout='30']
SELECT [p].[ProductId], [p].[CategoryId], [p].[CostPrice], [p].[Description], [p].[Name], [p].[ProductCode], [p].[ProductKey], [p].[SellPrice], [p].[SupplierId]
FROM [Products] AS [p]
WHERE [p].[ProductId] IN (
    SELECT [p0].[value]
    FROM OPENJSON(@__productIds_0) WITH ([value] int '$') AS [p0]
)
2025-07-19 20:52:26.701 +05:30 [INF] Executing OkObjectResult, writing value of type 'AuthNet.Models.DTO.YearlyProfitDto'.
2025-07-19 20:52:26.702 +05:30 [INF] Executed action AuthNet.Controllers.SalesController.GetCurrentYearProfit (AuthNet) in 13.3963ms
2025-07-19 20:52:26.702 +05:30 [INF] Executed endpoint 'AuthNet.Controllers.SalesController.GetCurrentYearProfit (AuthNet)'
2025-07-19 20:52:26.703 +05:30 [INF] Request finished HTTP/1.1 GET https://localhost:7165/api/Sales/CurrentYearProfit - 200 null application/json; charset=utf-8 21.6904ms
2025-07-19 20:52:26.724 +05:30 [INF] Request starting HTTP/1.1 GET https://localhost:7165/api/Tasks - null null
2025-07-19 20:52:26.724 +05:30 [INF] Executing endpoint 'AuthNet.Controllers.TasksController.GetTasks (AuthNet)'
2025-07-19 20:52:26.726 +05:30 [INF] Route matched with {action = "GetTasks", controller = "Tasks"}. Executing controller action with signature Microsoft.AspNetCore.Mvc.IActionResult GetTasks() on controller AuthNet.Controllers.TasksController (AuthNet).
2025-07-19 20:52:26.730 +05:30 [INF] Executed DbCommand (3ms) [Parameters=[], CommandType='"Text"', CommandTimeout='30']
SELECT [t].[Id], [t].[Title], [t].[DueDate]
FROM [Tasks] AS [t]
2025-07-19 20:52:26.731 +05:30 [INF] Executing OkObjectResult, writing value of type 'System.Collections.Generic.List`1[[AuthNet.Models.DTO.TaskItemDto, AuthNet, Version=1.0.0.0, Culture=neutral, PublicKeyToken=null]]'.
2025-07-19 20:52:26.732 +05:30 [INF] Executed action AuthNet.Controllers.TasksController.GetTasks (AuthNet) in 5.9843ms
2025-07-19 20:52:26.733 +05:30 [INF] Executed endpoint 'AuthNet.Controllers.TasksController.GetTasks (AuthNet)'
2025-07-19 20:52:26.733 +05:30 [INF] Request finished HTTP/1.1 GET https://localhost:7165/api/Tasks - 200 null application/json; charset=utf-8 9.0865ms
2025-07-19 20:52:26.781 +05:30 [INF] Request starting HTTP/1.1 GET https://localhost:7165/api/Settings/Get - null null
2025-07-19 20:52:26.782 +05:30 [INF] Executing endpoint 'AuthNet.Controllers.SettingsController.GetCompanyInfo (AuthNet)'
2025-07-19 20:52:26.791 +05:30 [INF] Route matched with {action = "GetCompanyInfo", controller = "Settings"}. Executing controller action with signature System.Threading.Tasks.Task`1[Microsoft.AspNetCore.Mvc.IActionResult] GetCompanyInfo() on controller AuthNet.Controllers.SettingsController (AuthNet).
2025-07-19 20:52:26.806 +05:30 [INF] Executed DbCommand (12ms) [Parameters=[], CommandType='"Text"', CommandTimeout='30']
SELECT TOP(1) [c].[Id], [c].[Address], [c].[ContactNumber], [c].[Email], [c].[GSTIN], [c].[LogoFileExtension], [c].[LogoFilePath], [c].[LogoFileSizeInBytes], [c].[LogoName], [c].[Name], [c].[SignFileExtension], [c].[SignFilePath], [c].[SignFileSizeInBytes], [c].[SignName]
FROM [CompanyInfos] AS [c]
2025-07-19 20:52:26.806 +05:30 [INF] Executing OkObjectResult, writing value of type 'AuthNet.Models.DTO.CompanyInfoResponseDto'.
2025-07-19 20:52:26.812 +05:30 [INF] Executed action AuthNet.Controllers.SettingsController.GetCompanyInfo (AuthNet) in 20.5423ms
2025-07-19 20:52:26.812 +05:30 [INF] Executed endpoint 'AuthNet.Controllers.SettingsController.GetCompanyInfo (AuthNet)'
2025-07-19 20:52:26.812 +05:30 [INF] Request finished HTTP/1.1 GET https://localhost:7165/api/Settings/Get - 200 null application/json; charset=utf-8 31.6868ms
2025-07-19 20:52:30.556 +05:30 [INF] Request starting HTTP/1.1 GET https://localhost:7165/api/Products - null null
2025-07-19 20:52:30.557 +05:30 [INF] Executing endpoint 'AuthNet.Controllers.ProductsController.GetAll (AuthNet)'
2025-07-19 20:52:30.563 +05:30 [INF] Route matched with {action = "GetAll", controller = "Products"}. Executing controller action with signature System.Threading.Tasks.Task`1[Microsoft.AspNetCore.Mvc.IActionResult] GetAll() on controller AuthNet.Controllers.ProductsController (AuthNet).
2025-07-19 20:52:30.573 +05:30 [INF] Executed DbCommand (8ms) [Parameters=[], CommandType='"Text"', CommandTimeout='30']
SELECT [p].[ProductId], [p].[CategoryId], [p].[CostPrice], [p].[Description], [p].[Name], [p].[ProductCode], [p].[ProductKey], [p].[SellPrice], [p].[SupplierId]
FROM [Products] AS [p]
2025-07-19 20:52:30.574 +05:30 [INF] Executing OkObjectResult, writing value of type 'System.Collections.Generic.List`1[[AuthNet.Models.Domain.Product, AuthNet, Version=1.0.0.0, Culture=neutral, PublicKeyToken=null]]'.
2025-07-19 20:52:30.581 +05:30 [INF] Executed action AuthNet.Controllers.ProductsController.GetAll (AuthNet) in 17.436ms
2025-07-19 20:52:30.581 +05:30 [INF] Executed endpoint 'AuthNet.Controllers.ProductsController.GetAll (AuthNet)'
2025-07-19 20:52:30.582 +05:30 [INF] Request finished HTTP/1.1 GET https://localhost:7165/api/Products - 200 null application/json; charset=utf-8 25.3333ms
2025-07-19 20:52:30.610 +05:30 [INF] Request starting HTTP/1.1 GET https://localhost:7165/api/InvoiceTemplates - null null
2025-07-19 20:52:30.611 +05:30 [INF] Executing endpoint 'AuthNet.Controllers.InvoiceTemplatesController.GetAll (AuthNet)'
2025-07-19 20:52:30.625 +05:30 [INF] Route matched with {action = "GetAll", controller = "InvoiceTemplates"}. Executing controller action with signature System.Threading.Tasks.Task`1[Microsoft.AspNetCore.Mvc.IActionResult] GetAll() on controller AuthNet.Controllers.InvoiceTemplatesController (AuthNet).
2025-07-19 20:52:30.632 +05:30 [INF] Executed DbCommand (5ms) [Parameters=[], CommandType='"Text"', CommandTimeout='30']
SELECT [i].[Id], [i].[Layout], [i].[Notes], [i].[TermsAndConditions]
FROM [InvoiceTemplates] AS [i]
2025-07-19 20:52:30.633 +05:30 [INF] Executing OkObjectResult, writing value of type 'System.Collections.Generic.List`1[[AuthNet.Models.Domain.InvoiceTemplate, AuthNet, Version=1.0.0.0, Culture=neutral, PublicKeyToken=null]]'.
2025-07-19 20:52:30.636 +05:30 [INF] Executed action AuthNet.Controllers.InvoiceTemplatesController.GetAll (AuthNet) in 11.1713ms
2025-07-19 20:52:30.636 +05:30 [INF] Executed endpoint 'AuthNet.Controllers.InvoiceTemplatesController.GetAll (AuthNet)'
2025-07-19 20:52:30.637 +05:30 [INF] Request finished HTTP/1.1 GET https://localhost:7165/api/InvoiceTemplates - 200 null application/json; charset=utf-8 27.7679ms
2025-07-19 20:52:30.658 +05:30 [INF] Request starting HTTP/1.1 GET https://localhost:7165/api/categories - null null
2025-07-19 20:52:30.659 +05:30 [INF] Executing endpoint 'AuthNet.Controllers.CategoriesController.GetAll (AuthNet)'
2025-07-19 20:52:30.665 +05:30 [INF] Route matched with {action = "GetAll", controller = "Categories"}. Executing controller action with signature System.Threading.Tasks.Task`1[Microsoft.AspNetCore.Mvc.IActionResult] GetAll() on controller AuthNet.Controllers.CategoriesController (AuthNet).
2025-07-19 20:52:30.672 +05:30 [INF] Executed DbCommand (5ms) [Parameters=[], CommandType='"Text"', CommandTimeout='30']
SELECT [c].[CategoryId], [c].[Description], [c].[Name]
FROM [Categories] AS [c]
2025-07-19 20:52:30.672 +05:30 [INF] Executing OkObjectResult, writing value of type 'System.Collections.Generic.List`1[[AuthNet.Models.Domain.Category, AuthNet, Version=1.0.0.0, Culture=neutral, PublicKeyToken=null]]'.
2025-07-19 20:52:30.674 +05:30 [INF] Executed action AuthNet.Controllers.CategoriesController.GetAll (AuthNet) in 8.6283ms
2025-07-19 20:52:30.674 +05:30 [INF] Executed endpoint 'AuthNet.Controllers.CategoriesController.GetAll (AuthNet)'
2025-07-19 20:52:30.674 +05:30 [INF] Request finished HTTP/1.1 GET https://localhost:7165/api/categories - 200 null application/json; charset=utf-8 15.9125ms
2025-07-19 20:52:30.704 +05:30 [INF] Request starting HTTP/1.1 GET https://localhost:7165/api/Settings/Get - null null
2025-07-19 20:52:30.707 +05:30 [INF] Executing endpoint 'AuthNet.Controllers.SettingsController.GetCompanyInfo (AuthNet)'
2025-07-19 20:52:30.707 +05:30 [INF] Route matched with {action = "GetCompanyInfo", controller = "Settings"}. Executing controller action with signature System.Threading.Tasks.Task`1[Microsoft.AspNetCore.Mvc.IActionResult] GetCompanyInfo() on controller AuthNet.Controllers.SettingsController (AuthNet).
2025-07-19 20:52:30.714 +05:30 [INF] Executed DbCommand (5ms) [Parameters=[], CommandType='"Text"', CommandTimeout='30']
SELECT TOP(1) [c].[Id], [c].[Address], [c].[ContactNumber], [c].[Email], [c].[GSTIN], [c].[LogoFileExtension], [c].[LogoFilePath], [c].[LogoFileSizeInBytes], [c].[LogoName], [c].[Name], [c].[SignFileExtension], [c].[SignFilePath], [c].[SignFileSizeInBytes], [c].[SignName]
FROM [CompanyInfos] AS [c]
2025-07-19 20:52:30.715 +05:30 [INF] Executing OkObjectResult, writing value of type 'AuthNet.Models.DTO.CompanyInfoResponseDto'.
2025-07-19 20:52:30.715 +05:30 [INF] Executed action AuthNet.Controllers.SettingsController.GetCompanyInfo (AuthNet) in 7.2714ms
2025-07-19 20:52:30.715 +05:30 [INF] Executed endpoint 'AuthNet.Controllers.SettingsController.GetCompanyInfo (AuthNet)'
2025-07-19 20:52:30.715 +05:30 [INF] Request finished HTTP/1.1 GET https://localhost:7165/api/Settings/Get - 200 null application/json; charset=utf-8 11.2955ms
2025-07-19 20:52:30.737 +05:30 [INF] Request starting HTTP/1.1 GET https://localhost:7165/api/TaxSettings - null null
2025-07-19 20:52:30.737 +05:30 [INF] Executing endpoint 'AuthNet.Controllers.TaxSettingsController.GetAll (AuthNet)'
2025-07-19 20:52:30.743 +05:30 [INF] Route matched with {action = "GetAll", controller = "TaxSettings"}. Executing controller action with signature System.Threading.Tasks.Task`1[Microsoft.AspNetCore.Mvc.IActionResult] GetAll() on controller AuthNet.Controllers.TaxSettingsController (AuthNet).
2025-07-19 20:52:30.750 +05:30 [INF] Executed DbCommand (5ms) [Parameters=[], CommandType='"Text"', CommandTimeout='30']
SELECT TOP(1) [t].[Id], [t].[CGST], [t].[IGST], [t].[SGST]
FROM [TaxSettings] AS [t]
2025-07-19 20:52:30.753 +05:30 [INF] Executing OkObjectResult, writing value of type 'AuthNet.Models.DTO.TaxSettingResponseDto'.
2025-07-19 20:52:30.763 +05:30 [INF] Executed action AuthNet.Controllers.TaxSettingsController.GetAll (AuthNet) in 20.3222ms
2025-07-19 20:52:30.763 +05:30 [INF] Executed endpoint 'AuthNet.Controllers.TaxSettingsController.GetAll (AuthNet)'
2025-07-19 20:52:30.764 +05:30 [INF] Request finished HTTP/1.1 GET https://localhost:7165/api/TaxSettings - 200 null application/json; charset=utf-8 27.2878ms
2025-07-19 20:52:35.174 +05:30 [INF] Request starting HTTP/2 OPTIONS https://localhost:7165/api/Sales - null null
2025-07-19 20:52:35.174 +05:30 [INF] CORS policy execution successful.
2025-07-19 20:52:35.174 +05:30 [INF] Request finished HTTP/2 OPTIONS https://localhost:7165/api/Sales - 204 null null 0.7088ms
2025-07-19 20:52:35.178 +05:30 [INF] Request starting HTTP/2 POST https://localhost:7165/api/Sales - application/json 163
2025-07-19 20:52:35.179 +05:30 [INF] CORS policy execution successful.
2025-07-19 20:52:35.179 +05:30 [INF] Executing endpoint 'AuthNet.Controllers.SalesController.Create (AuthNet)'
2025-07-19 20:52:35.187 +05:30 [INF] Route matched with {action = "Create", controller = "Sales"}. Executing controller action with signature System.Threading.Tasks.Task`1[Microsoft.AspNetCore.Mvc.IActionResult] Create(AuthNet.Models.DTO.SaleDto) on controller AuthNet.Controllers.SalesController (AuthNet).
2025-07-19 20:52:35.234 +05:30 [INF] Executed DbCommand (23ms) [Parameters=[@p0='?' (Precision = 18) (Scale = 2) (DbType = Decimal), @p1='?' (DbType = DateTime2), @p2='?' (Precision = 18) (Scale = 2) (DbType = Decimal), @p3='?' (DbType = DateTime2), @p4='?' (Size = 4000), @p5='?' (Precision = 18) (Scale = 2) (DbType = Decimal), @p6='?' (Size = 4000), @p7='?' (Precision = 18) (Scale = 2) (DbType = Decimal)], CommandType='"Text"', CommandTimeout='30']
SET IMPLICIT_TRANSACTIONS OFF;
SET NOCOUNT ON;
INSERT INTO [Sales] ([AfterTaxAmount], [CreatedAt], [DiscountedAmount], [InvoiceDate], [InvoiceNo], [PrincipalAmount], [Template], [TotalAmount])
OUTPUT INSERTED.[Id]
VALUES (@p0, @p1, @p2, @p3, @p4, @p5, @p6, @p7);
2025-07-19 20:52:35.243 +05:30 [INF] Executed DbCommand (8ms) [Parameters=[@p8='?' (DbType = Int32), @p9='?' (Size = 4000), @p10='?' (DbType = Int32), @p11='?' (DbType = Int32), @p12='?' (Precision = 18) (Scale = 2) (DbType = Decimal), @p13='?' (Precision = 18) (Scale = 2) (DbType = Decimal)], CommandType='"Text"', CommandTimeout='30']
SET IMPLICIT_TRANSACTIONS OFF;
SET NOCOUNT ON;
INSERT INTO [SaleItems] ([ProductId], [ProductName], [Quantity], [SaleId], [TotalPrice], [UnitPrice])
OUTPUT INSERTED.[Id]
VALUES (@p8, @p9, @p10, @p11, @p12, @p13);
2025-07-19 20:52:35.245 +05:30 [INF] Executing OkObjectResult, writing value of type '<>f__AnonymousType3`2[[System.Boolean, System.Private.CoreLib, Version=8.0.0.0, Culture=neutral, PublicKeyToken=7cec85d7bea7798e],[System.String, System.Private.CoreLib, Version=8.0.0.0, Culture=neutral, PublicKeyToken=7cec85d7bea7798e]]'.
2025-07-19 20:52:35.247 +05:30 [INF] Executed action AuthNet.Controllers.SalesController.Create (AuthNet) in 59.5565ms
2025-07-19 20:52:35.247 +05:30 [INF] Executed endpoint 'AuthNet.Controllers.SalesController.Create (AuthNet)'
2025-07-19 20:52:35.247 +05:30 [INF] Request finished HTTP/2 POST https://localhost:7165/api/Sales - 200 null application/json; charset=utf-8 68.7246ms
2025-07-19 20:52:37.410 +05:30 [INF] Request starting HTTP/1.1 GET https://localhost:7165/api/Sales/DailyProfit - null null
2025-07-19 20:52:37.410 +05:30 [INF] Executing endpoint 'AuthNet.Controllers.SalesController.GetDailyProfit (AuthNet)'
2025-07-19 20:52:37.410 +05:30 [INF] Route matched with {action = "GetDailyProfit", controller = "Sales"}. Executing controller action with signature System.Threading.Tasks.Task`1[Microsoft.AspNetCore.Mvc.IActionResult] GetDailyProfit() on controller AuthNet.Controllers.SalesController (AuthNet).
2025-07-19 20:52:37.446 +05:30 [INF] Executed DbCommand (33ms) [Parameters=[@__date_Date_0='?' (DbType = DateTime2)], CommandType='"Text"', CommandTimeout='30']
SELECT [s].[Id], [s].[ProductId], [s].[ProductName], [s].[Quantity], [s].[SaleId], [s].[TotalPrice], [s].[UnitPrice], [s0].[Id], [s0].[AfterTaxAmount], [s0].[CreatedAt], [s0].[DiscountedAmount], [s0].[InvoiceDate], [s0].[InvoiceNo], [s0].[PrincipalAmount], [s0].[Template], [s0].[TotalAmount]
FROM [SaleItems] AS [s]
INNER JOIN [Sales] AS [s0] ON [s].[SaleId] = [s0].[Id]
WHERE CONVERT(date, [s0].[InvoiceDate]) = @__date_Date_0
2025-07-19 20:52:37.461 +05:30 [INF] Executed DbCommand (15ms) [Parameters=[@__productIds_0='?' (Size = 4000)], CommandType='"Text"', CommandTimeout='30']
SELECT [p].[ProductId], [p].[CategoryId], [p].[CostPrice], [p].[Description], [p].[Name], [p].[ProductCode], [p].[ProductKey], [p].[SellPrice], [p].[SupplierId]
FROM [Products] AS [p]
WHERE [p].[ProductId] IN (
    SELECT [p0].[value]
    FROM OPENJSON(@__productIds_0) WITH ([value] int '$') AS [p0]
)
2025-07-19 20:52:37.462 +05:30 [INF] Executing OkObjectResult, writing value of type 'AuthNet.Models.DTO.DailyProfitDto'.
2025-07-19 20:52:37.462 +05:30 [INF] Executed action AuthNet.Controllers.SalesController.GetDailyProfit (AuthNet) in 51.6311ms
2025-07-19 20:52:37.462 +05:30 [INF] Executed endpoint 'AuthNet.Controllers.SalesController.GetDailyProfit (AuthNet)'
2025-07-19 20:52:37.463 +05:30 [INF] Request finished HTTP/1.1 GET https://localhost:7165/api/Sales/DailyProfit - 200 null application/json; charset=utf-8 52.9045ms
2025-07-19 20:52:37.483 +05:30 [INF] Request starting HTTP/1.1 GET https://localhost:7165/api/Sales/CurrentMonthProfit - null null
2025-07-19 20:52:37.484 +05:30 [INF] Executing endpoint 'AuthNet.Controllers.SalesController.GetCurrentMonthProfit (AuthNet)'
2025-07-19 20:52:37.484 +05:30 [INF] Route matched with {action = "GetCurrentMonthProfit", controller = "Sales"}. Executing controller action with signature System.Threading.Tasks.Task`1[Microsoft.AspNetCore.Mvc.IActionResult] GetCurrentMonthProfit() on controller AuthNet.Controllers.SalesController (AuthNet).
2025-07-19 20:52:37.497 +05:30 [INF] Executed DbCommand (9ms) [Parameters=[@__currentYear_0='?' (DbType = Int32), @__currentMonth_1='?' (DbType = Int32)], CommandType='"Text"', CommandTimeout='30']
SELECT [s].[Id], [s].[ProductId], [s].[ProductName], [s].[Quantity], [s].[SaleId], [s].[TotalPrice], [s].[UnitPrice], [s0].[Id], [s0].[AfterTaxAmount], [s0].[CreatedAt], [s0].[DiscountedAmount], [s0].[InvoiceDate], [s0].[InvoiceNo], [s0].[PrincipalAmount], [s0].[Template], [s0].[TotalAmount]
FROM [SaleItems] AS [s]
INNER JOIN [Sales] AS [s0] ON [s].[SaleId] = [s0].[Id]
WHERE DATEPART(year, [s0].[InvoiceDate]) = @__currentYear_0 AND DATEPART(month, [s0].[InvoiceDate]) = @__currentMonth_1
2025-07-19 20:52:37.499 +05:30 [INF] Executed DbCommand (1ms) [Parameters=[@__productIds_0='?' (Size = 4000)], CommandType='"Text"', CommandTimeout='30']
SELECT [p].[ProductId], [p].[CategoryId], [p].[CostPrice], [p].[Description], [p].[Name], [p].[ProductCode], [p].[ProductKey], [p].[SellPrice], [p].[SupplierId]
FROM [Products] AS [p]
WHERE [p].[ProductId] IN (
    SELECT [p0].[value]
    FROM OPENJSON(@__productIds_0) WITH ([value] int '$') AS [p0]
)
2025-07-19 20:52:37.500 +05:30 [INF] Executing OkObjectResult, writing value of type 'AuthNet.Models.DTO.MonthlyProfitDto'.
2025-07-19 20:52:37.500 +05:30 [INF] Executed action AuthNet.Controllers.SalesController.GetCurrentMonthProfit (AuthNet) in 16.0937ms
2025-07-19 20:52:37.500 +05:30 [INF] Executed endpoint 'AuthNet.Controllers.SalesController.GetCurrentMonthProfit (AuthNet)'
2025-07-19 20:52:37.500 +05:30 [INF] Request finished HTTP/1.1 GET https://localhost:7165/api/Sales/CurrentMonthProfit - 200 null application/json; charset=utf-8 17.3178ms
2025-07-19 20:52:37.523 +05:30 [INF] Request starting HTTP/1.1 GET https://localhost:7165/api/Sales/CurrentYearProfit - null null
2025-07-19 20:52:37.524 +05:30 [INF] Executing endpoint 'AuthNet.Controllers.SalesController.GetCurrentYearProfit (AuthNet)'
2025-07-19 20:52:37.524 +05:30 [INF] Route matched with {action = "GetCurrentYearProfit", controller = "Sales"}. Executing controller action with signature System.Threading.Tasks.Task`1[Microsoft.AspNetCore.Mvc.IActionResult] GetCurrentYearProfit() on controller AuthNet.Controllers.SalesController (AuthNet).
2025-07-19 20:52:37.540 +05:30 [INF] Executed DbCommand (14ms) [Parameters=[@__currentYear_0='?' (DbType = Int32)], CommandType='"Text"', CommandTimeout='30']
SELECT [s].[Id], [s].[ProductId], [s].[ProductName], [s].[Quantity], [s].[SaleId], [s].[TotalPrice], [s].[UnitPrice], [s0].[Id], [s0].[AfterTaxAmount], [s0].[CreatedAt], [s0].[DiscountedAmount], [s0].[InvoiceDate], [s0].[InvoiceNo], [s0].[PrincipalAmount], [s0].[Template], [s0].[TotalAmount]
FROM [SaleItems] AS [s]
INNER JOIN [Sales] AS [s0] ON [s].[SaleId] = [s0].[Id]
WHERE DATEPART(year, [s0].[InvoiceDate]) = @__currentYear_0
2025-07-19 20:52:37.543 +05:30 [INF] Executed DbCommand (2ms) [Parameters=[@__productIds_0='?' (Size = 4000)], CommandType='"Text"', CommandTimeout='30']
SELECT [p].[ProductId], [p].[CategoryId], [p].[CostPrice], [p].[Description], [p].[Name], [p].[ProductCode], [p].[ProductKey], [p].[SellPrice], [p].[SupplierId]
FROM [Products] AS [p]
WHERE [p].[ProductId] IN (
    SELECT [p0].[value]
    FROM OPENJSON(@__productIds_0) WITH ([value] int '$') AS [p0]
)
2025-07-19 20:52:37.544 +05:30 [INF] Executing OkObjectResult, writing value of type 'AuthNet.Models.DTO.YearlyProfitDto'.
2025-07-19 20:52:37.544 +05:30 [INF] Executed action AuthNet.Controllers.SalesController.GetCurrentYearProfit (AuthNet) in 20.0527ms
2025-07-19 20:52:37.544 +05:30 [INF] Executed endpoint 'AuthNet.Controllers.SalesController.GetCurrentYearProfit (AuthNet)'
2025-07-19 20:52:37.545 +05:30 [INF] Request finished HTTP/1.1 GET https://localhost:7165/api/Sales/CurrentYearProfit - 200 null application/json; charset=utf-8 21.7533ms
2025-07-19 20:52:37.568 +05:30 [INF] Request starting HTTP/1.1 GET https://localhost:7165/api/Tasks - null null
2025-07-19 20:52:37.569 +05:30 [INF] Executing endpoint 'AuthNet.Controllers.TasksController.GetTasks (AuthNet)'
2025-07-19 20:52:37.569 +05:30 [INF] Route matched with {action = "GetTasks", controller = "Tasks"}. Executing controller action with signature Microsoft.AspNetCore.Mvc.IActionResult GetTasks() on controller AuthNet.Controllers.TasksController (AuthNet).
2025-07-19 20:52:37.575 +05:30 [INF] Executed DbCommand (4ms) [Parameters=[], CommandType='"Text"', CommandTimeout='30']
SELECT [t].[Id], [t].[Title], [t].[DueDate]
FROM [Tasks] AS [t]
2025-07-19 20:52:37.575 +05:30 [INF] Executing OkObjectResult, writing value of type 'System.Collections.Generic.List`1[[AuthNet.Models.DTO.TaskItemDto, AuthNet, Version=1.0.0.0, Culture=neutral, PublicKeyToken=null]]'.
2025-07-19 20:52:37.575 +05:30 [INF] Executed action AuthNet.Controllers.TasksController.GetTasks (AuthNet) in 6.1781ms
2025-07-19 20:52:37.575 +05:30 [INF] Executed endpoint 'AuthNet.Controllers.TasksController.GetTasks (AuthNet)'
2025-07-19 20:52:37.575 +05:30 [INF] Request finished HTTP/1.1 GET https://localhost:7165/api/Tasks - 200 null application/json; charset=utf-8 7.8327ms
2025-07-19 20:52:37.597 +05:30 [INF] Request starting HTTP/1.1 GET https://localhost:7165/api/Settings/Get - null null
2025-07-19 20:52:37.597 +05:30 [INF] Executing endpoint 'AuthNet.Controllers.SettingsController.GetCompanyInfo (AuthNet)'
2025-07-19 20:52:37.597 +05:30 [INF] Route matched with {action = "GetCompanyInfo", controller = "Settings"}. Executing controller action with signature System.Threading.Tasks.Task`1[Microsoft.AspNetCore.Mvc.IActionResult] GetCompanyInfo() on controller AuthNet.Controllers.SettingsController (AuthNet).
2025-07-19 20:52:37.608 +05:30 [INF] Executed DbCommand (9ms) [Parameters=[], CommandType='"Text"', CommandTimeout='30']
SELECT TOP(1) [c].[Id], [c].[Address], [c].[ContactNumber], [c].[Email], [c].[GSTIN], [c].[LogoFileExtension], [c].[LogoFilePath], [c].[LogoFileSizeInBytes], [c].[LogoName], [c].[Name], [c].[SignFileExtension], [c].[SignFilePath], [c].[SignFileSizeInBytes], [c].[SignName]
FROM [CompanyInfos] AS [c]
2025-07-19 20:52:37.608 +05:30 [INF] Executing OkObjectResult, writing value of type 'AuthNet.Models.DTO.CompanyInfoResponseDto'.
2025-07-19 20:52:37.608 +05:30 [INF] Executed action AuthNet.Controllers.SettingsController.GetCompanyInfo (AuthNet) in 10.975ms
2025-07-19 20:52:37.608 +05:30 [INF] Executed endpoint 'AuthNet.Controllers.SettingsController.GetCompanyInfo (AuthNet)'
2025-07-19 20:52:37.609 +05:30 [INF] Request finished HTTP/1.1 GET https://localhost:7165/api/Settings/Get - 200 null application/json; charset=utf-8 11.9927ms
2025-07-19 20:52:45.128 +05:30 [INF] Request starting HTTP/2 GET https://localhost:7165/api/Sales/WeeklyProfit - null null
2025-07-19 20:52:45.129 +05:30 [WRN] Error unprotecting the session cookie.
System.Security.Cryptography.CryptographicException: The payload was invalid. For more information go to https://aka.ms/aspnet/dataprotectionwarning
   at Microsoft.AspNetCore.DataProtection.Cng.CbcAuthenticatedEncryptor.DecryptImpl(Byte* pbCiphertext, UInt32 cbCiphertext, Byte* pbAdditionalAuthenticatedData, UInt32 cbAdditionalAuthenticatedData)
   at Microsoft.AspNetCore.DataProtection.Cng.Internal.CngAuthenticatedEncryptorBase.Decrypt(ArraySegment`1 ciphertext, ArraySegment`1 additionalAuthenticatedData)
   at Microsoft.AspNetCore.DataProtection.KeyManagement.KeyRingBasedDataProtector.UnprotectCore(Byte[] protectedData, Boolean allowOperationsOnRevokedKeys, UnprotectStatus& status)
   at Microsoft.AspNetCore.DataProtection.KeyManagement.KeyRingBasedDataProtector.Unprotect(Byte[] protectedData)
   at Microsoft.AspNetCore.Session.CookieProtection.Unprotect(IDataProtector protector, String protectedText, ILogger logger)
2025-07-19 20:52:45.129 +05:30 [INF] Executing endpoint 'AuthNet.Controllers.SalesController.GetWeeklyProfit (AuthNet)'
2025-07-19 20:52:45.129 +05:30 [INF] Route matched with {action = "GetWeeklyProfit", controller = "Sales"}. Executing controller action with signature System.Threading.Tasks.Task`1[Microsoft.AspNetCore.Mvc.IActionResult] GetWeeklyProfit() on controller AuthNet.Controllers.SalesController (AuthNet).
2025-07-19 20:52:45.185 +05:30 [INF] Executed DbCommand (55ms) [Parameters=[@__startDate_0='?' (DbType = DateTime2), @__endDate_1='?' (DbType = DateTime2)], CommandType='"Text"', CommandTimeout='30']
SELECT [s].[Id], [s].[ProductId], [s].[ProductName], [s].[Quantity], [s].[SaleId], [s].[TotalPrice], [s].[UnitPrice], [s0].[Id], [s0].[AfterTaxAmount], [s0].[CreatedAt], [s0].[DiscountedAmount], [s0].[InvoiceDate], [s0].[InvoiceNo], [s0].[PrincipalAmount], [s0].[Template], [s0].[TotalAmount]
FROM [SaleItems] AS [s]
INNER JOIN [Sales] AS [s0] ON [s].[SaleId] = [s0].[Id]
WHERE CONVERT(date, [s0].[InvoiceDate]) >= @__startDate_0 AND CONVERT(date, [s0].[InvoiceDate]) <= @__endDate_1
2025-07-19 20:52:45.193 +05:30 [INF] Executed DbCommand (7ms) [Parameters=[@__productIds_0='?' (Size = 4000)], CommandType='"Text"', CommandTimeout='30']
SELECT [p].[ProductId], [p].[CategoryId], [p].[CostPrice], [p].[Description], [p].[Name], [p].[ProductCode], [p].[ProductKey], [p].[SellPrice], [p].[SupplierId]
FROM [Products] AS [p]
WHERE [p].[ProductId] IN (
    SELECT [p0].[value]
    FROM OPENJSON(@__productIds_0) WITH ([value] int '$') AS [p0]
)
2025-07-19 20:52:45.194 +05:30 [INF] Executing OkObjectResult, writing value of type 'System.Collections.Generic.List`1[[AuthNet.Models.DTO.DailyProfitDto, AuthNet, Version=1.0.0.0, Culture=neutral, PublicKeyToken=null]]'.
2025-07-19 20:52:45.194 +05:30 [INF] Executed action AuthNet.Controllers.SalesController.GetWeeklyProfit (AuthNet) in 65.2487ms
2025-07-19 20:52:45.194 +05:30 [INF] Executed endpoint 'AuthNet.Controllers.SalesController.GetWeeklyProfit (AuthNet)'
2025-07-19 20:52:45.195 +05:30 [INF] Request finished HTTP/2 GET https://localhost:7165/api/Sales/WeeklyProfit - 200 null application/json; charset=utf-8 67.0866ms
2025-07-19 21:26:54.913 +05:30 [INF] Request starting HTTP/1.1 GET https://localhost:7165/api/Sales/DailyProfit - null null
2025-07-19 21:26:54.913 +05:30 [INF] Executing endpoint 'AuthNet.Controllers.SalesController.GetDailyProfit (AuthNet)'
2025-07-19 21:26:54.913 +05:30 [INF] Route matched with {action = "GetDailyProfit", controller = "Sales"}. Executing controller action with signature System.Threading.Tasks.Task`1[Microsoft.AspNetCore.Mvc.IActionResult] GetDailyProfit() on controller AuthNet.Controllers.SalesController (AuthNet).
2025-07-19 21:26:54.984 +05:30 [INF] Executed DbCommand (15ms) [Parameters=[@__date_Date_0='?' (DbType = DateTime2)], CommandType='"Text"', CommandTimeout='30']
SELECT [s].[Id], [s].[ProductId], [s].[ProductName], [s].[Quantity], [s].[SaleId], [s].[TotalPrice], [s].[UnitPrice], [s0].[Id], [s0].[AfterTaxAmount], [s0].[CreatedAt], [s0].[DiscountedAmount], [s0].[InvoiceDate], [s0].[InvoiceNo], [s0].[PrincipalAmount], [s0].[Template], [s0].[TotalAmount]
FROM [SaleItems] AS [s]
INNER JOIN [Sales] AS [s0] ON [s].[SaleId] = [s0].[Id]
WHERE CONVERT(date, [s0].[InvoiceDate]) = @__date_Date_0
2025-07-19 21:26:55.000 +05:30 [INF] Executed DbCommand (14ms) [Parameters=[@__productIds_0='?' (Size = 4000)], CommandType='"Text"', CommandTimeout='30']
SELECT [p].[ProductId], [p].[CategoryId], [p].[CostPrice], [p].[Description], [p].[Name], [p].[ProductCode], [p].[ProductKey], [p].[SellPrice], [p].[SupplierId]
FROM [Products] AS [p]
WHERE [p].[ProductId] IN (
    SELECT [p0].[value]
    FROM OPENJSON(@__productIds_0) WITH ([value] int '$') AS [p0]
)
2025-07-19 21:26:55.000 +05:30 [INF] Executing OkObjectResult, writing value of type 'AuthNet.Models.DTO.DailyProfitDto'.
2025-07-19 21:26:55.000 +05:30 [INF] Executed action AuthNet.Controllers.SalesController.GetDailyProfit (AuthNet) in 86.7859ms
2025-07-19 21:26:55.000 +05:30 [INF] Executed endpoint 'AuthNet.Controllers.SalesController.GetDailyProfit (AuthNet)'
2025-07-19 21:26:55.001 +05:30 [INF] Request finished HTTP/1.1 GET https://localhost:7165/api/Sales/DailyProfit - 200 null application/json; charset=utf-8 87.7665ms
2025-07-19 21:26:55.022 +05:30 [INF] Request starting HTTP/1.1 GET https://localhost:7165/api/Sales/CurrentMonthProfit - null null
2025-07-19 21:26:55.022 +05:30 [INF] Executing endpoint 'AuthNet.Controllers.SalesController.GetCurrentMonthProfit (AuthNet)'
2025-07-19 21:26:55.022 +05:30 [INF] Route matched with {action = "GetCurrentMonthProfit", controller = "Sales"}. Executing controller action with signature System.Threading.Tasks.Task`1[Microsoft.AspNetCore.Mvc.IActionResult] GetCurrentMonthProfit() on controller AuthNet.Controllers.SalesController (AuthNet).
2025-07-19 21:26:55.033 +05:30 [INF] Executed DbCommand (10ms) [Parameters=[@__currentYear_0='?' (DbType = Int32), @__currentMonth_1='?' (DbType = Int32)], CommandType='"Text"', CommandTimeout='30']
SELECT [s].[Id], [s].[ProductId], [s].[ProductName], [s].[Quantity], [s].[SaleId], [s].[TotalPrice], [s].[UnitPrice], [s0].[Id], [s0].[AfterTaxAmount], [s0].[CreatedAt], [s0].[DiscountedAmount], [s0].[InvoiceDate], [s0].[InvoiceNo], [s0].[PrincipalAmount], [s0].[Template], [s0].[TotalAmount]
FROM [SaleItems] AS [s]
INNER JOIN [Sales] AS [s0] ON [s].[SaleId] = [s0].[Id]
WHERE DATEPART(year, [s0].[InvoiceDate]) = @__currentYear_0 AND DATEPART(month, [s0].[InvoiceDate]) = @__currentMonth_1
2025-07-19 21:26:55.035 +05:30 [INF] Executed DbCommand (1ms) [Parameters=[@__productIds_0='?' (Size = 4000)], CommandType='"Text"', CommandTimeout='30']
SELECT [p].[ProductId], [p].[CategoryId], [p].[CostPrice], [p].[Description], [p].[Name], [p].[ProductCode], [p].[ProductKey], [p].[SellPrice], [p].[SupplierId]
FROM [Products] AS [p]
WHERE [p].[ProductId] IN (
    SELECT [p0].[value]
    FROM OPENJSON(@__productIds_0) WITH ([value] int '$') AS [p0]
)
2025-07-19 21:26:55.035 +05:30 [INF] Executing OkObjectResult, writing value of type 'AuthNet.Models.DTO.MonthlyProfitDto'.
2025-07-19 21:26:55.035 +05:30 [INF] Executed action AuthNet.Controllers.SalesController.GetCurrentMonthProfit (AuthNet) in 12.9825ms
2025-07-19 21:26:55.035 +05:30 [INF] Executed endpoint 'AuthNet.Controllers.SalesController.GetCurrentMonthProfit (AuthNet)'
2025-07-19 21:26:55.035 +05:30 [INF] Request finished HTTP/1.1 GET https://localhost:7165/api/Sales/CurrentMonthProfit - 200 null application/json; charset=utf-8 13.6709ms
2025-07-19 21:26:55.190 +05:30 [INF] Request starting HTTP/1.1 GET https://localhost:7165/api/Sales/CurrentYearProfit - null null
2025-07-19 21:26:55.191 +05:30 [INF] Executing endpoint 'AuthNet.Controllers.SalesController.GetCurrentYearProfit (AuthNet)'
2025-07-19 21:26:55.191 +05:30 [INF] Route matched with {action = "GetCurrentYearProfit", controller = "Sales"}. Executing controller action with signature System.Threading.Tasks.Task`1[Microsoft.AspNetCore.Mvc.IActionResult] GetCurrentYearProfit() on controller AuthNet.Controllers.SalesController (AuthNet).
2025-07-19 21:26:55.201 +05:30 [INF] Executed DbCommand (9ms) [Parameters=[@__currentYear_0='?' (DbType = Int32)], CommandType='"Text"', CommandTimeout='30']
SELECT [s].[Id], [s].[ProductId], [s].[ProductName], [s].[Quantity], [s].[SaleId], [s].[TotalPrice], [s].[UnitPrice], [s0].[Id], [s0].[AfterTaxAmount], [s0].[CreatedAt], [s0].[DiscountedAmount], [s0].[InvoiceDate], [s0].[InvoiceNo], [s0].[PrincipalAmount], [s0].[Template], [s0].[TotalAmount]
FROM [SaleItems] AS [s]
INNER JOIN [Sales] AS [s0] ON [s].[SaleId] = [s0].[Id]
WHERE DATEPART(year, [s0].[InvoiceDate]) = @__currentYear_0
2025-07-19 21:26:55.206 +05:30 [INF] Executed DbCommand (4ms) [Parameters=[@__productIds_0='?' (Size = 4000)], CommandType='"Text"', CommandTimeout='30']
SELECT [p].[ProductId], [p].[CategoryId], [p].[CostPrice], [p].[Description], [p].[Name], [p].[ProductCode], [p].[ProductKey], [p].[SellPrice], [p].[SupplierId]
FROM [Products] AS [p]
WHERE [p].[ProductId] IN (
    SELECT [p0].[value]
    FROM OPENJSON(@__productIds_0) WITH ([value] int '$') AS [p0]
)
2025-07-19 21:26:55.207 +05:30 [INF] Executing OkObjectResult, writing value of type 'AuthNet.Models.DTO.YearlyProfitDto'.
2025-07-19 21:26:55.208 +05:30 [INF] Executed action AuthNet.Controllers.SalesController.GetCurrentYearProfit (AuthNet) in 16.4294ms
2025-07-19 21:26:55.208 +05:30 [INF] Executed endpoint 'AuthNet.Controllers.SalesController.GetCurrentYearProfit (AuthNet)'
2025-07-19 21:26:55.213 +05:30 [INF] Request finished HTTP/1.1 GET https://localhost:7165/api/Sales/CurrentYearProfit - 200 null application/json; charset=utf-8 17.8954ms
2025-07-19 21:26:55.433 +05:30 [INF] Request starting HTTP/1.1 GET https://localhost:7165/api/Tasks - null null
2025-07-19 21:26:55.434 +05:30 [INF] Executing endpoint 'AuthNet.Controllers.TasksController.GetTasks (AuthNet)'
2025-07-19 21:26:55.434 +05:30 [INF] Route matched with {action = "GetTasks", controller = "Tasks"}. Executing controller action with signature Microsoft.AspNetCore.Mvc.IActionResult GetTasks() on controller AuthNet.Controllers.TasksController (AuthNet).
2025-07-19 21:26:55.444 +05:30 [INF] Executed DbCommand (9ms) [Parameters=[], CommandType='"Text"', CommandTimeout='30']
SELECT [t].[Id], [t].[Title], [t].[DueDate]
FROM [Tasks] AS [t]
2025-07-19 21:26:55.444 +05:30 [INF] Executing OkObjectResult, writing value of type 'System.Collections.Generic.List`1[[AuthNet.Models.DTO.TaskItemDto, AuthNet, Version=1.0.0.0, Culture=neutral, PublicKeyToken=null]]'.
2025-07-19 21:26:55.444 +05:30 [INF] Executed action AuthNet.Controllers.TasksController.GetTasks (AuthNet) in 10.4668ms
2025-07-19 21:26:55.444 +05:30 [INF] Executed endpoint 'AuthNet.Controllers.TasksController.GetTasks (AuthNet)'
2025-07-19 21:26:55.444 +05:30 [INF] Request finished HTTP/1.1 GET https://localhost:7165/api/Tasks - 200 null application/json; charset=utf-8 10.9839ms
2025-07-19 21:26:55.470 +05:30 [INF] Request starting HTTP/1.1 GET https://localhost:7165/api/Settings/Get - null null
2025-07-19 21:26:55.471 +05:30 [INF] Executing endpoint 'AuthNet.Controllers.SettingsController.GetCompanyInfo (AuthNet)'
2025-07-19 21:26:55.471 +05:30 [INF] Route matched with {action = "GetCompanyInfo", controller = "Settings"}. Executing controller action with signature System.Threading.Tasks.Task`1[Microsoft.AspNetCore.Mvc.IActionResult] GetCompanyInfo() on controller AuthNet.Controllers.SettingsController (AuthNet).
2025-07-19 21:26:55.478 +05:30 [INF] Executed DbCommand (6ms) [Parameters=[], CommandType='"Text"', CommandTimeout='30']
SELECT TOP(1) [c].[Id], [c].[Address], [c].[ContactNumber], [c].[Email], [c].[GSTIN], [c].[LogoFileExtension], [c].[LogoFilePath], [c].[LogoFileSizeInBytes], [c].[LogoName], [c].[Name], [c].[SignFileExtension], [c].[SignFilePath], [c].[SignFileSizeInBytes], [c].[SignName]
FROM [CompanyInfos] AS [c]
2025-07-19 21:26:55.478 +05:30 [INF] Executing OkObjectResult, writing value of type 'AuthNet.Models.DTO.CompanyInfoResponseDto'.
2025-07-19 21:26:55.478 +05:30 [INF] Executed action AuthNet.Controllers.SettingsController.GetCompanyInfo (AuthNet) in 7.5195ms
2025-07-19 21:26:55.478 +05:30 [INF] Executed endpoint 'AuthNet.Controllers.SettingsController.GetCompanyInfo (AuthNet)'
2025-07-19 21:26:55.479 +05:30 [INF] Request finished HTTP/1.1 GET https://localhost:7165/api/Settings/Get - 200 null application/json; charset=utf-8 8.285ms
2025-07-19 21:26:56.012 +05:30 [INF] Request starting HTTP/2 GET https://localhost:7165/swagger/index.html - null null
2025-07-19 21:26:56.132 +05:30 [INF] Request finished HTTP/2 GET https://localhost:7165/swagger/index.html - 200 null text/html;charset=utf-8 120.129ms
2025-07-19 21:26:56.158 +05:30 [INF] Request starting HTTP/2 GET https://localhost:7165/_framework/aspnetcore-browser-refresh.js - null null
2025-07-19 21:26:56.212 +05:30 [INF] Request starting HTTP/2 GET https://localhost:7165/_vs/browserLink - null null
2025-07-19 21:26:56.215 +05:30 [INF] Request finished HTTP/2 GET https://localhost:7165/_framework/aspnetcore-browser-refresh.js - 200 16499 application/javascript; charset=utf-8 58.3753ms
2025-07-19 21:26:56.465 +05:30 [INF] Request finished HTTP/2 GET https://localhost:7165/_vs/browserLink - 200 null text/javascript; charset=UTF-8 253.0978ms
2025-07-19 21:26:57.629 +05:30 [INF] Request starting HTTP/2 GET https://localhost:7165/swagger/v1/swagger.json - null null
2025-07-19 21:26:57.670 +05:30 [INF] Request finished HTTP/2 GET https://localhost:7165/swagger/v1/swagger.json - 200 null application/json;charset=utf-8 40.353ms
2025-07-19 21:27:09.833 +05:30 [INF] Request starting HTTP/1.1 POST https://localhost:7165/api/Auth/login - application/json; charset=utf-8 null
2025-07-19 21:27:09.834 +05:30 [INF] Executing endpoint 'AuthNet.Controllers.AuthController.Login (AuthNet)'
2025-07-19 21:27:09.846 +05:30 [INF] Route matched with {action = "Login", controller = "Auth"}. Executing controller action with signature System.Threading.Tasks.Task`1[Microsoft.AspNetCore.Mvc.IActionResult] Login(AuthNet.Models.DTO.LoginDto) on controller AuthNet.Controllers.AuthController (AuthNet).
2025-07-19 21:27:09.863 +05:30 [INF] Executed DbCommand (10ms) [Parameters=[@__username_0='?' (Size = 100)], CommandType='"Text"', CommandTimeout='30']
SELECT TOP(1) [u].[UserId], [u].[CreatedAt], [u].[Email], [u].[Firstname], [u].[Lastname], [u].[PasswordHash], [u].[Role], [u].[Username]
FROM [Users] AS [u]
WHERE [u].[Username] = @__username_0
2025-07-19 21:27:10.151 +05:30 [INF] Executing OkObjectResult, writing value of type 'AuthNet.Models.DTO.ServiceResponse`1[[AuthNet.Models.DTO.LoginResponseDto, AuthNet, Version=1.0.0.0, Culture=neutral, PublicKeyToken=null]]'.
2025-07-19 21:27:10.164 +05:30 [INF] Executed action AuthNet.Controllers.AuthController.Login (AuthNet) in 318.0997ms
2025-07-19 21:27:10.165 +05:30 [INF] Executed endpoint 'AuthNet.Controllers.AuthController.Login (AuthNet)'
2025-07-19 21:27:10.165 +05:30 [INF] Request finished HTTP/1.1 POST https://localhost:7165/api/Auth/login - 200 null application/json; charset=utf-8 331.6769ms
2025-07-19 21:27:10.215 +05:30 [INF] Request starting HTTP/1.1 GET https://localhost:7165/api/Sales/DailyProfit - null null
2025-07-19 21:27:10.225 +05:30 [INF] Executing endpoint 'AuthNet.Controllers.SalesController.GetDailyProfit (AuthNet)'
2025-07-19 21:27:10.232 +05:30 [INF] Route matched with {action = "GetDailyProfit", controller = "Sales"}. Executing controller action with signature System.Threading.Tasks.Task`1[Microsoft.AspNetCore.Mvc.IActionResult] GetDailyProfit() on controller AuthNet.Controllers.SalesController (AuthNet).
2025-07-19 21:27:10.241 +05:30 [INF] Executed DbCommand (8ms) [Parameters=[@__date_Date_0='?' (DbType = DateTime2)], CommandType='"Text"', CommandTimeout='30']
SELECT [s].[Id], [s].[ProductId], [s].[ProductName], [s].[Quantity], [s].[SaleId], [s].[TotalPrice], [s].[UnitPrice], [s0].[Id], [s0].[AfterTaxAmount], [s0].[CreatedAt], [s0].[DiscountedAmount], [s0].[InvoiceDate], [s0].[InvoiceNo], [s0].[PrincipalAmount], [s0].[Template], [s0].[TotalAmount]
FROM [SaleItems] AS [s]
INNER JOIN [Sales] AS [s0] ON [s].[SaleId] = [s0].[Id]
WHERE CONVERT(date, [s0].[InvoiceDate]) = @__date_Date_0
2025-07-19 21:27:10.250 +05:30 [INF] Executed DbCommand (8ms) [Parameters=[@__productIds_0='?' (Size = 4000)], CommandType='"Text"', CommandTimeout='30']
SELECT [p].[ProductId], [p].[CategoryId], [p].[CostPrice], [p].[Description], [p].[Name], [p].[ProductCode], [p].[ProductKey], [p].[SellPrice], [p].[SupplierId]
FROM [Products] AS [p]
WHERE [p].[ProductId] IN (
    SELECT [p0].[value]
    FROM OPENJSON(@__productIds_0) WITH ([value] int '$') AS [p0]
)
2025-07-19 21:27:10.250 +05:30 [INF] Executing OkObjectResult, writing value of type 'AuthNet.Models.DTO.DailyProfitDto'.
2025-07-19 21:27:10.253 +05:30 [INF] Executed action AuthNet.Controllers.SalesController.GetDailyProfit (AuthNet) in 21.4796ms
2025-07-19 21:27:10.254 +05:30 [INF] Executed endpoint 'AuthNet.Controllers.SalesController.GetDailyProfit (AuthNet)'
2025-07-19 21:27:10.254 +05:30 [INF] Request finished HTTP/1.1 GET https://localhost:7165/api/Sales/DailyProfit - 200 null application/json; charset=utf-8 38.6133ms
2025-07-19 21:27:10.286 +05:30 [INF] Request starting HTTP/1.1 GET https://localhost:7165/api/Sales/CurrentMonthProfit - null null
2025-07-19 21:27:10.292 +05:30 [INF] Executing endpoint 'AuthNet.Controllers.SalesController.GetCurrentMonthProfit (AuthNet)'
2025-07-19 21:27:10.302 +05:30 [INF] Route matched with {action = "GetCurrentMonthProfit", controller = "Sales"}. Executing controller action with signature System.Threading.Tasks.Task`1[Microsoft.AspNetCore.Mvc.IActionResult] GetCurrentMonthProfit() on controller AuthNet.Controllers.SalesController (AuthNet).
2025-07-19 21:27:10.317 +05:30 [INF] Executed DbCommand (13ms) [Parameters=[@__currentYear_0='?' (DbType = Int32), @__currentMonth_1='?' (DbType = Int32)], CommandType='"Text"', CommandTimeout='30']
SELECT [s].[Id], [s].[ProductId], [s].[ProductName], [s].[Quantity], [s].[SaleId], [s].[TotalPrice], [s].[UnitPrice], [s0].[Id], [s0].[AfterTaxAmount], [s0].[CreatedAt], [s0].[DiscountedAmount], [s0].[InvoiceDate], [s0].[InvoiceNo], [s0].[PrincipalAmount], [s0].[Template], [s0].[TotalAmount]
FROM [SaleItems] AS [s]
INNER JOIN [Sales] AS [s0] ON [s].[SaleId] = [s0].[Id]
WHERE DATEPART(year, [s0].[InvoiceDate]) = @__currentYear_0 AND DATEPART(month, [s0].[InvoiceDate]) = @__currentMonth_1
2025-07-19 21:27:10.331 +05:30 [INF] Executed DbCommand (13ms) [Parameters=[@__productIds_0='?' (Size = 4000)], CommandType='"Text"', CommandTimeout='30']
SELECT [p].[ProductId], [p].[CategoryId], [p].[CostPrice], [p].[Description], [p].[Name], [p].[ProductCode], [p].[ProductKey], [p].[SellPrice], [p].[SupplierId]
FROM [Products] AS [p]
WHERE [p].[ProductId] IN (
    SELECT [p0].[value]
    FROM OPENJSON(@__productIds_0) WITH ([value] int '$') AS [p0]
)
2025-07-19 21:27:10.331 +05:30 [INF] Executing OkObjectResult, writing value of type 'AuthNet.Models.DTO.MonthlyProfitDto'.
2025-07-19 21:27:10.333 +05:30 [INF] Executed action AuthNet.Controllers.SalesController.GetCurrentMonthProfit (AuthNet) in 31.0675ms
2025-07-19 21:27:10.333 +05:30 [INF] Executed endpoint 'AuthNet.Controllers.SalesController.GetCurrentMonthProfit (AuthNet)'
2025-07-19 21:27:10.333 +05:30 [INF] Request finished HTTP/1.1 GET https://localhost:7165/api/Sales/CurrentMonthProfit - 200 null application/json; charset=utf-8 47.3405ms
2025-07-19 21:27:10.367 +05:30 [INF] Request starting HTTP/1.1 GET https://localhost:7165/api/Sales/CurrentYearProfit - null null
2025-07-19 21:27:10.368 +05:30 [INF] Executing endpoint 'AuthNet.Controllers.SalesController.GetCurrentYearProfit (AuthNet)'
2025-07-19 21:27:10.378 +05:30 [INF] Route matched with {action = "GetCurrentYearProfit", controller = "Sales"}. Executing controller action with signature System.Threading.Tasks.Task`1[Microsoft.AspNetCore.Mvc.IActionResult] GetCurrentYearProfit() on controller AuthNet.Controllers.SalesController (AuthNet).
2025-07-19 21:27:10.399 +05:30 [INF] Executed DbCommand (21ms) [Parameters=[@__currentYear_0='?' (DbType = Int32)], CommandType='"Text"', CommandTimeout='30']
SELECT [s].[Id], [s].[ProductId], [s].[ProductName], [s].[Quantity], [s].[SaleId], [s].[TotalPrice], [s].[UnitPrice], [s0].[Id], [s0].[AfterTaxAmount], [s0].[CreatedAt], [s0].[DiscountedAmount], [s0].[InvoiceDate], [s0].[InvoiceNo], [s0].[PrincipalAmount], [s0].[Template], [s0].[TotalAmount]
FROM [SaleItems] AS [s]
INNER JOIN [Sales] AS [s0] ON [s].[SaleId] = [s0].[Id]
WHERE DATEPART(year, [s0].[InvoiceDate]) = @__currentYear_0
2025-07-19 21:27:10.414 +05:30 [INF] Executed DbCommand (13ms) [Parameters=[@__productIds_0='?' (Size = 4000)], CommandType='"Text"', CommandTimeout='30']
SELECT [p].[ProductId], [p].[CategoryId], [p].[CostPrice], [p].[Description], [p].[Name], [p].[ProductCode], [p].[ProductKey], [p].[SellPrice], [p].[SupplierId]
FROM [Products] AS [p]
WHERE [p].[ProductId] IN (
    SELECT [p0].[value]
    FROM OPENJSON(@__productIds_0) WITH ([value] int '$') AS [p0]
)
2025-07-19 21:27:10.414 +05:30 [INF] Executing OkObjectResult, writing value of type 'AuthNet.Models.DTO.YearlyProfitDto'.
2025-07-19 21:27:10.416 +05:30 [INF] Executed action AuthNet.Controllers.SalesController.GetCurrentYearProfit (AuthNet) in 38.0775ms
2025-07-19 21:27:10.416 +05:30 [INF] Executed endpoint 'AuthNet.Controllers.SalesController.GetCurrentYearProfit (AuthNet)'
2025-07-19 21:27:10.416 +05:30 [INF] Request finished HTTP/1.1 GET https://localhost:7165/api/Sales/CurrentYearProfit - 200 null application/json; charset=utf-8 49.0884ms
2025-07-19 21:27:10.448 +05:30 [INF] Request starting HTTP/1.1 GET https://localhost:7165/api/Tasks - null null
2025-07-19 21:27:10.448 +05:30 [INF] Executing endpoint 'AuthNet.Controllers.TasksController.GetTasks (AuthNet)'
2025-07-19 21:27:10.451 +05:30 [INF] Route matched with {action = "GetTasks", controller = "Tasks"}. Executing controller action with signature Microsoft.AspNetCore.Mvc.IActionResult GetTasks() on controller AuthNet.Controllers.TasksController (AuthNet).
2025-07-19 21:27:10.460 +05:30 [INF] Executed DbCommand (7ms) [Parameters=[], CommandType='"Text"', CommandTimeout='30']
SELECT [t].[Id], [t].[Title], [t].[DueDate]
FROM [Tasks] AS [t]
2025-07-19 21:27:10.460 +05:30 [INF] Executing OkObjectResult, writing value of type 'System.Collections.Generic.List`1[[AuthNet.Models.DTO.TaskItemDto, AuthNet, Version=1.0.0.0, Culture=neutral, PublicKeyToken=null]]'.
2025-07-19 21:27:10.462 +05:30 [INF] Executed action AuthNet.Controllers.TasksController.GetTasks (AuthNet) in 11.2972ms
2025-07-19 21:27:10.462 +05:30 [INF] Executed endpoint 'AuthNet.Controllers.TasksController.GetTasks (AuthNet)'
2025-07-19 21:27:10.463 +05:30 [INF] Request finished HTTP/1.1 GET https://localhost:7165/api/Tasks - 200 null application/json; charset=utf-8 14.882ms
2025-07-19 21:27:10.486 +05:30 [INF] Request starting HTTP/1.1 GET https://localhost:7165/api/Settings/Get - null null
2025-07-19 21:27:10.487 +05:30 [INF] Executing endpoint 'AuthNet.Controllers.SettingsController.GetCompanyInfo (AuthNet)'
2025-07-19 21:27:10.498 +05:30 [INF] Route matched with {action = "GetCompanyInfo", controller = "Settings"}. Executing controller action with signature System.Threading.Tasks.Task`1[Microsoft.AspNetCore.Mvc.IActionResult] GetCompanyInfo() on controller AuthNet.Controllers.SettingsController (AuthNet).
2025-07-19 21:27:10.533 +05:30 [INF] Executed DbCommand (33ms) [Parameters=[], CommandType='"Text"', CommandTimeout='30']
SELECT TOP(1) [c].[Id], [c].[Address], [c].[ContactNumber], [c].[Email], [c].[GSTIN], [c].[LogoFileExtension], [c].[LogoFilePath], [c].[LogoFileSizeInBytes], [c].[LogoName], [c].[Name], [c].[SignFileExtension], [c].[SignFilePath], [c].[SignFileSizeInBytes], [c].[SignName]
FROM [CompanyInfos] AS [c]
2025-07-19 21:27:10.534 +05:30 [INF] Executing OkObjectResult, writing value of type 'AuthNet.Models.DTO.CompanyInfoResponseDto'.
2025-07-19 21:27:10.539 +05:30 [INF] Executed action AuthNet.Controllers.SettingsController.GetCompanyInfo (AuthNet) in 40.9519ms
2025-07-19 21:27:10.540 +05:30 [INF] Executed endpoint 'AuthNet.Controllers.SettingsController.GetCompanyInfo (AuthNet)'
2025-07-19 21:27:10.541 +05:30 [INF] Request finished HTTP/1.1 GET https://localhost:7165/api/Settings/Get - 200 null application/json; charset=utf-8 55.0797ms
2025-07-19 21:32:41.189 +05:30 [INF] Request starting HTTP/1.1 GET https://localhost:7165/api/Sales/DailyProfit - null null
2025-07-19 21:32:41.189 +05:30 [INF] Executing endpoint 'AuthNet.Controllers.SalesController.GetDailyProfit (AuthNet)'
2025-07-19 21:32:41.189 +05:30 [INF] Route matched with {action = "GetDailyProfit", controller = "Sales"}. Executing controller action with signature System.Threading.Tasks.Task`1[Microsoft.AspNetCore.Mvc.IActionResult] GetDailyProfit() on controller AuthNet.Controllers.SalesController (AuthNet).
2025-07-19 21:32:41.248 +05:30 [INF] Executed DbCommand (35ms) [Parameters=[@__date_Date_0='?' (DbType = DateTime2)], CommandType='"Text"', CommandTimeout='30']
SELECT [s].[Id], [s].[ProductId], [s].[ProductName], [s].[Quantity], [s].[SaleId], [s].[TotalPrice], [s].[UnitPrice], [s0].[Id], [s0].[AfterTaxAmount], [s0].[CreatedAt], [s0].[DiscountedAmount], [s0].[InvoiceDate], [s0].[InvoiceNo], [s0].[PrincipalAmount], [s0].[Template], [s0].[TotalAmount]
FROM [SaleItems] AS [s]
INNER JOIN [Sales] AS [s0] ON [s].[SaleId] = [s0].[Id]
WHERE CONVERT(date, [s0].[InvoiceDate]) = @__date_Date_0
2025-07-19 21:32:41.256 +05:30 [INF] Executed DbCommand (7ms) [Parameters=[@__productIds_0='?' (Size = 4000)], CommandType='"Text"', CommandTimeout='30']
SELECT [p].[ProductId], [p].[CategoryId], [p].[CostPrice], [p].[Description], [p].[Name], [p].[ProductCode], [p].[ProductKey], [p].[SellPrice], [p].[SupplierId]
FROM [Products] AS [p]
WHERE [p].[ProductId] IN (
    SELECT [p0].[value]
    FROM OPENJSON(@__productIds_0) WITH ([value] int '$') AS [p0]
)
2025-07-19 21:32:41.257 +05:30 [INF] Executing OkObjectResult, writing value of type 'AuthNet.Models.DTO.DailyProfitDto'.
2025-07-19 21:32:41.257 +05:30 [INF] Executed action AuthNet.Controllers.SalesController.GetDailyProfit (AuthNet) in 67.6085ms
2025-07-19 21:32:41.257 +05:30 [INF] Executed endpoint 'AuthNet.Controllers.SalesController.GetDailyProfit (AuthNet)'
2025-07-19 21:32:41.257 +05:30 [INF] Request finished HTTP/1.1 GET https://localhost:7165/api/Sales/DailyProfit - 200 null application/json; charset=utf-8 68.3867ms
2025-07-19 21:32:41.273 +05:30 [INF] Request starting HTTP/1.1 GET https://localhost:7165/api/Sales/CurrentMonthProfit - null null
2025-07-19 21:32:41.273 +05:30 [INF] Executing endpoint 'AuthNet.Controllers.SalesController.GetCurrentMonthProfit (AuthNet)'
2025-07-19 21:32:41.274 +05:30 [INF] Route matched with {action = "GetCurrentMonthProfit", controller = "Sales"}. Executing controller action with signature System.Threading.Tasks.Task`1[Microsoft.AspNetCore.Mvc.IActionResult] GetCurrentMonthProfit() on controller AuthNet.Controllers.SalesController (AuthNet).
2025-07-19 21:32:41.294 +05:30 [INF] Executed DbCommand (17ms) [Parameters=[@__currentYear_0='?' (DbType = Int32), @__currentMonth_1='?' (DbType = Int32)], CommandType='"Text"', CommandTimeout='30']
SELECT [s].[Id], [s].[ProductId], [s].[ProductName], [s].[Quantity], [s].[SaleId], [s].[TotalPrice], [s].[UnitPrice], [s0].[Id], [s0].[AfterTaxAmount], [s0].[CreatedAt], [s0].[DiscountedAmount], [s0].[InvoiceDate], [s0].[InvoiceNo], [s0].[PrincipalAmount], [s0].[Template], [s0].[TotalAmount]
FROM [SaleItems] AS [s]
INNER JOIN [Sales] AS [s0] ON [s].[SaleId] = [s0].[Id]
WHERE DATEPART(year, [s0].[InvoiceDate]) = @__currentYear_0 AND DATEPART(month, [s0].[InvoiceDate]) = @__currentMonth_1
2025-07-19 21:32:41.296 +05:30 [INF] Executed DbCommand (1ms) [Parameters=[@__productIds_0='?' (Size = 4000)], CommandType='"Text"', CommandTimeout='30']
SELECT [p].[ProductId], [p].[CategoryId], [p].[CostPrice], [p].[Description], [p].[Name], [p].[ProductCode], [p].[ProductKey], [p].[SellPrice], [p].[SupplierId]
FROM [Products] AS [p]
WHERE [p].[ProductId] IN (
    SELECT [p0].[value]
    FROM OPENJSON(@__productIds_0) WITH ([value] int '$') AS [p0]
)
2025-07-19 21:32:41.297 +05:30 [INF] Executing OkObjectResult, writing value of type 'AuthNet.Models.DTO.MonthlyProfitDto'.
2025-07-19 21:32:41.297 +05:30 [INF] Executed action AuthNet.Controllers.SalesController.GetCurrentMonthProfit (AuthNet) in 23.2422ms
2025-07-19 21:32:41.297 +05:30 [INF] Executed endpoint 'AuthNet.Controllers.SalesController.GetCurrentMonthProfit (AuthNet)'
2025-07-19 21:32:41.297 +05:30 [INF] Request finished HTTP/1.1 GET https://localhost:7165/api/Sales/CurrentMonthProfit - 200 null application/json; charset=utf-8 24.5275ms
2025-07-19 21:32:41.316 +05:30 [INF] Request starting HTTP/1.1 GET https://localhost:7165/api/Sales/CurrentYearProfit - null null
2025-07-19 21:32:41.316 +05:30 [INF] Executing endpoint 'AuthNet.Controllers.SalesController.GetCurrentYearProfit (AuthNet)'
2025-07-19 21:32:41.316 +05:30 [INF] Route matched with {action = "GetCurrentYearProfit", controller = "Sales"}. Executing controller action with signature System.Threading.Tasks.Task`1[Microsoft.AspNetCore.Mvc.IActionResult] GetCurrentYearProfit() on controller AuthNet.Controllers.SalesController (AuthNet).
2025-07-19 21:32:41.328 +05:30 [INF] Executed DbCommand (11ms) [Parameters=[@__currentYear_0='?' (DbType = Int32)], CommandType='"Text"', CommandTimeout='30']
SELECT [s].[Id], [s].[ProductId], [s].[ProductName], [s].[Quantity], [s].[SaleId], [s].[TotalPrice], [s].[UnitPrice], [s0].[Id], [s0].[AfterTaxAmount], [s0].[CreatedAt], [s0].[DiscountedAmount], [s0].[InvoiceDate], [s0].[InvoiceNo], [s0].[PrincipalAmount], [s0].[Template], [s0].[TotalAmount]
FROM [SaleItems] AS [s]
INNER JOIN [Sales] AS [s0] ON [s].[SaleId] = [s0].[Id]
WHERE DATEPART(year, [s0].[InvoiceDate]) = @__currentYear_0
2025-07-19 21:32:41.332 +05:30 [INF] Executed DbCommand (3ms) [Parameters=[@__productIds_0='?' (Size = 4000)], CommandType='"Text"', CommandTimeout='30']
SELECT [p].[ProductId], [p].[CategoryId], [p].[CostPrice], [p].[Description], [p].[Name], [p].[ProductCode], [p].[ProductKey], [p].[SellPrice], [p].[SupplierId]
FROM [Products] AS [p]
WHERE [p].[ProductId] IN (
    SELECT [p0].[value]
    FROM OPENJSON(@__productIds_0) WITH ([value] int '$') AS [p0]
)
2025-07-19 21:32:41.332 +05:30 [INF] Executing OkObjectResult, writing value of type 'AuthNet.Models.DTO.YearlyProfitDto'.
2025-07-19 21:32:41.333 +05:30 [INF] Executed action AuthNet.Controllers.SalesController.GetCurrentYearProfit (AuthNet) in 16.2541ms
2025-07-19 21:32:41.333 +05:30 [INF] Executed endpoint 'AuthNet.Controllers.SalesController.GetCurrentYearProfit (AuthNet)'
2025-07-19 21:32:41.333 +05:30 [INF] Request finished HTTP/1.1 GET https://localhost:7165/api/Sales/CurrentYearProfit - 200 null application/json; charset=utf-8 17.2372ms
2025-07-19 21:32:41.351 +05:30 [INF] Request starting HTTP/1.1 GET https://localhost:7165/api/Tasks - null null
2025-07-19 21:32:41.351 +05:30 [INF] Executing endpoint 'AuthNet.Controllers.TasksController.GetTasks (AuthNet)'
2025-07-19 21:32:41.351 +05:30 [INF] Route matched with {action = "GetTasks", controller = "Tasks"}. Executing controller action with signature Microsoft.AspNetCore.Mvc.IActionResult GetTasks() on controller AuthNet.Controllers.TasksController (AuthNet).
2025-07-19 21:32:41.364 +05:30 [INF] Executed DbCommand (12ms) [Parameters=[], CommandType='"Text"', CommandTimeout='30']
SELECT [t].[Id], [t].[Title], [t].[DueDate]
FROM [Tasks] AS [t]
2025-07-19 21:32:41.364 +05:30 [INF] Executing OkObjectResult, writing value of type 'System.Collections.Generic.List`1[[AuthNet.Models.DTO.TaskItemDto, AuthNet, Version=1.0.0.0, Culture=neutral, PublicKeyToken=null]]'.
2025-07-19 21:32:41.365 +05:30 [INF] Executed action AuthNet.Controllers.TasksController.GetTasks (AuthNet) in 13.0997ms
2025-07-19 21:32:41.365 +05:30 [INF] Executed endpoint 'AuthNet.Controllers.TasksController.GetTasks (AuthNet)'
2025-07-19 21:32:41.365 +05:30 [INF] Request finished HTTP/1.1 GET https://localhost:7165/api/Tasks - 200 null application/json; charset=utf-8 14.0124ms
2025-07-19 21:32:41.382 +05:30 [INF] Request starting HTTP/1.1 GET https://localhost:7165/api/Settings/Get - null null
2025-07-19 21:32:41.385 +05:30 [INF] Executing endpoint 'AuthNet.Controllers.SettingsController.GetCompanyInfo (AuthNet)'
2025-07-19 21:32:41.385 +05:30 [INF] Route matched with {action = "GetCompanyInfo", controller = "Settings"}. Executing controller action with signature System.Threading.Tasks.Task`1[Microsoft.AspNetCore.Mvc.IActionResult] GetCompanyInfo() on controller AuthNet.Controllers.SettingsController (AuthNet).
2025-07-19 21:32:41.415 +05:30 [INF] Executed DbCommand (29ms) [Parameters=[], CommandType='"Text"', CommandTimeout='30']
SELECT TOP(1) [c].[Id], [c].[Address], [c].[ContactNumber], [c].[Email], [c].[GSTIN], [c].[LogoFileExtension], [c].[LogoFilePath], [c].[LogoFileSizeInBytes], [c].[LogoName], [c].[Name], [c].[SignFileExtension], [c].[SignFilePath], [c].[SignFileSizeInBytes], [c].[SignName]
FROM [CompanyInfos] AS [c]
2025-07-19 21:32:41.416 +05:30 [INF] Executing OkObjectResult, writing value of type 'AuthNet.Models.DTO.CompanyInfoResponseDto'.
2025-07-19 21:32:41.416 +05:30 [INF] Executed action AuthNet.Controllers.SettingsController.GetCompanyInfo (AuthNet) in 30.9309ms
2025-07-19 21:32:41.416 +05:30 [INF] Executed endpoint 'AuthNet.Controllers.SettingsController.GetCompanyInfo (AuthNet)'
2025-07-19 21:32:41.416 +05:30 [INF] Request finished HTTP/1.1 GET https://localhost:7165/api/Settings/Get - 200 null application/json; charset=utf-8 34.4815ms
2025-07-19 21:32:50.072 +05:30 [INF] Request starting HTTP/1.1 GET https://localhost:7165/api/Sales/DailyProfit - null null
2025-07-19 21:32:50.073 +05:30 [INF] Executing endpoint 'AuthNet.Controllers.SalesController.GetDailyProfit (AuthNet)'
2025-07-19 21:32:50.073 +05:30 [INF] Route matched with {action = "GetDailyProfit", controller = "Sales"}. Executing controller action with signature System.Threading.Tasks.Task`1[Microsoft.AspNetCore.Mvc.IActionResult] GetDailyProfit() on controller AuthNet.Controllers.SalesController (AuthNet).
2025-07-19 21:32:50.106 +05:30 [INF] Executed DbCommand (29ms) [Parameters=[@__date_Date_0='?' (DbType = DateTime2)], CommandType='"Text"', CommandTimeout='30']
SELECT [s].[Id], [s].[ProductId], [s].[ProductName], [s].[Quantity], [s].[SaleId], [s].[TotalPrice], [s].[UnitPrice], [s0].[Id], [s0].[AfterTaxAmount], [s0].[CreatedAt], [s0].[DiscountedAmount], [s0].[InvoiceDate], [s0].[InvoiceNo], [s0].[PrincipalAmount], [s0].[Template], [s0].[TotalAmount]
FROM [SaleItems] AS [s]
INNER JOIN [Sales] AS [s0] ON [s].[SaleId] = [s0].[Id]
WHERE CONVERT(date, [s0].[InvoiceDate]) = @__date_Date_0
2025-07-19 21:32:50.129 +05:30 [INF] Executed DbCommand (22ms) [Parameters=[@__productIds_0='?' (Size = 4000)], CommandType='"Text"', CommandTimeout='30']
SELECT [p].[ProductId], [p].[CategoryId], [p].[CostPrice], [p].[Description], [p].[Name], [p].[ProductCode], [p].[ProductKey], [p].[SellPrice], [p].[SupplierId]
FROM [Products] AS [p]
WHERE [p].[ProductId] IN (
    SELECT [p0].[value]
    FROM OPENJSON(@__productIds_0) WITH ([value] int '$') AS [p0]
)
2025-07-19 21:32:50.130 +05:30 [INF] Executing OkObjectResult, writing value of type 'AuthNet.Models.DTO.DailyProfitDto'.
2025-07-19 21:32:50.130 +05:30 [INF] Executed action AuthNet.Controllers.SalesController.GetDailyProfit (AuthNet) in 57.1599ms
2025-07-19 21:32:50.130 +05:30 [INF] Executed endpoint 'AuthNet.Controllers.SalesController.GetDailyProfit (AuthNet)'
2025-07-19 21:32:50.131 +05:30 [INF] Request finished HTTP/1.1 GET https://localhost:7165/api/Sales/DailyProfit - 200 null application/json; charset=utf-8 58.2806ms
2025-07-19 21:32:50.177 +05:30 [INF] Request starting HTTP/1.1 GET https://localhost:7165/api/Sales/CurrentMonthProfit - null null
2025-07-19 21:32:50.178 +05:30 [INF] Executing endpoint 'AuthNet.Controllers.SalesController.GetCurrentMonthProfit (AuthNet)'
2025-07-19 21:32:50.178 +05:30 [INF] Route matched with {action = "GetCurrentMonthProfit", controller = "Sales"}. Executing controller action with signature System.Threading.Tasks.Task`1[Microsoft.AspNetCore.Mvc.IActionResult] GetCurrentMonthProfit() on controller AuthNet.Controllers.SalesController (AuthNet).
2025-07-19 21:32:50.199 +05:30 [INF] Executed DbCommand (19ms) [Parameters=[@__currentYear_0='?' (DbType = Int32), @__currentMonth_1='?' (DbType = Int32)], CommandType='"Text"', CommandTimeout='30']
SELECT [s].[Id], [s].[ProductId], [s].[ProductName], [s].[Quantity], [s].[SaleId], [s].[TotalPrice], [s].[UnitPrice], [s0].[Id], [s0].[AfterTaxAmount], [s0].[CreatedAt], [s0].[DiscountedAmount], [s0].[InvoiceDate], [s0].[InvoiceNo], [s0].[PrincipalAmount], [s0].[Template], [s0].[TotalAmount]
FROM [SaleItems] AS [s]
INNER JOIN [Sales] AS [s0] ON [s].[SaleId] = [s0].[Id]
WHERE DATEPART(year, [s0].[InvoiceDate]) = @__currentYear_0 AND DATEPART(month, [s0].[InvoiceDate]) = @__currentMonth_1
2025-07-19 21:32:50.203 +05:30 [INF] Executed DbCommand (2ms) [Parameters=[@__productIds_0='?' (Size = 4000)], CommandType='"Text"', CommandTimeout='30']
SELECT [p].[ProductId], [p].[CategoryId], [p].[CostPrice], [p].[Description], [p].[Name], [p].[ProductCode], [p].[ProductKey], [p].[SellPrice], [p].[SupplierId]
FROM [Products] AS [p]
WHERE [p].[ProductId] IN (
    SELECT [p0].[value]
    FROM OPENJSON(@__productIds_0) WITH ([value] int '$') AS [p0]
)
2025-07-19 21:32:50.203 +05:30 [INF] Executing OkObjectResult, writing value of type 'AuthNet.Models.DTO.MonthlyProfitDto'.
2025-07-19 21:32:50.203 +05:30 [INF] Executed action AuthNet.Controllers.SalesController.GetCurrentMonthProfit (AuthNet) in 25.1275ms
2025-07-19 21:32:50.203 +05:30 [INF] Executed endpoint 'AuthNet.Controllers.SalesController.GetCurrentMonthProfit (AuthNet)'
2025-07-19 21:32:50.204 +05:30 [INF] Request finished HTTP/1.1 GET https://localhost:7165/api/Sales/CurrentMonthProfit - 200 null application/json; charset=utf-8 26.3334ms
2025-07-19 21:32:50.218 +05:30 [INF] Request starting HTTP/1.1 GET https://localhost:7165/api/Sales/CurrentYearProfit - null null
2025-07-19 21:32:50.218 +05:30 [INF] Executing endpoint 'AuthNet.Controllers.SalesController.GetCurrentYearProfit (AuthNet)'
2025-07-19 21:32:50.218 +05:30 [INF] Route matched with {action = "GetCurrentYearProfit", controller = "Sales"}. Executing controller action with signature System.Threading.Tasks.Task`1[Microsoft.AspNetCore.Mvc.IActionResult] GetCurrentYearProfit() on controller AuthNet.Controllers.SalesController (AuthNet).
2025-07-19 21:32:50.228 +05:30 [INF] Executed DbCommand (8ms) [Parameters=[@__currentYear_0='?' (DbType = Int32)], CommandType='"Text"', CommandTimeout='30']
SELECT [s].[Id], [s].[ProductId], [s].[ProductName], [s].[Quantity], [s].[SaleId], [s].[TotalPrice], [s].[UnitPrice], [s0].[Id], [s0].[AfterTaxAmount], [s0].[CreatedAt], [s0].[DiscountedAmount], [s0].[InvoiceDate], [s0].[InvoiceNo], [s0].[PrincipalAmount], [s0].[Template], [s0].[TotalAmount]
FROM [SaleItems] AS [s]
INNER JOIN [Sales] AS [s0] ON [s].[SaleId] = [s0].[Id]
WHERE DATEPART(year, [s0].[InvoiceDate]) = @__currentYear_0
2025-07-19 21:32:50.231 +05:30 [INF] Executed DbCommand (2ms) [Parameters=[@__productIds_0='?' (Size = 4000)], CommandType='"Text"', CommandTimeout='30']
SELECT [p].[ProductId], [p].[CategoryId], [p].[CostPrice], [p].[Description], [p].[Name], [p].[ProductCode], [p].[ProductKey], [p].[SellPrice], [p].[SupplierId]
FROM [Products] AS [p]
WHERE [p].[ProductId] IN (
    SELECT [p0].[value]
    FROM OPENJSON(@__productIds_0) WITH ([value] int '$') AS [p0]
)
2025-07-19 21:32:50.231 +05:30 [INF] Executing OkObjectResult, writing value of type 'AuthNet.Models.DTO.YearlyProfitDto'.
2025-07-19 21:32:50.231 +05:30 [INF] Executed action AuthNet.Controllers.SalesController.GetCurrentYearProfit (AuthNet) in 13.0227ms
2025-07-19 21:32:50.232 +05:30 [INF] Executed endpoint 'AuthNet.Controllers.SalesController.GetCurrentYearProfit (AuthNet)'
2025-07-19 21:32:50.232 +05:30 [INF] Request finished HTTP/1.1 GET https://localhost:7165/api/Sales/CurrentYearProfit - 200 null application/json; charset=utf-8 13.9706ms
2025-07-19 21:32:50.247 +05:30 [INF] Request starting HTTP/1.1 GET https://localhost:7165/api/Tasks - null null
2025-07-19 21:32:50.247 +05:30 [INF] Executing endpoint 'AuthNet.Controllers.TasksController.GetTasks (AuthNet)'
2025-07-19 21:32:50.247 +05:30 [INF] Route matched with {action = "GetTasks", controller = "Tasks"}. Executing controller action with signature Microsoft.AspNetCore.Mvc.IActionResult GetTasks() on controller AuthNet.Controllers.TasksController (AuthNet).
2025-07-19 21:32:50.255 +05:30 [INF] Executed DbCommand (7ms) [Parameters=[], CommandType='"Text"', CommandTimeout='30']
SELECT [t].[Id], [t].[Title], [t].[DueDate]
FROM [Tasks] AS [t]
2025-07-19 21:32:50.255 +05:30 [INF] Executing OkObjectResult, writing value of type 'System.Collections.Generic.List`1[[AuthNet.Models.DTO.TaskItemDto, AuthNet, Version=1.0.0.0, Culture=neutral, PublicKeyToken=null]]'.
2025-07-19 21:32:50.256 +05:30 [INF] Executed action AuthNet.Controllers.TasksController.GetTasks (AuthNet) in 8.3846ms
2025-07-19 21:32:50.256 +05:30 [INF] Executed endpoint 'AuthNet.Controllers.TasksController.GetTasks (AuthNet)'
2025-07-19 21:32:50.256 +05:30 [INF] Request finished HTTP/1.1 GET https://localhost:7165/api/Tasks - 200 null application/json; charset=utf-8 9.1581ms
2025-07-19 21:32:50.273 +05:30 [INF] Request starting HTTP/1.1 GET https://localhost:7165/api/Settings/Get - null null
2025-07-19 21:32:50.273 +05:30 [INF] Executing endpoint 'AuthNet.Controllers.SettingsController.GetCompanyInfo (AuthNet)'
2025-07-19 21:32:50.273 +05:30 [INF] Route matched with {action = "GetCompanyInfo", controller = "Settings"}. Executing controller action with signature System.Threading.Tasks.Task`1[Microsoft.AspNetCore.Mvc.IActionResult] GetCompanyInfo() on controller AuthNet.Controllers.SettingsController (AuthNet).
2025-07-19 21:32:50.281 +05:30 [INF] Executed DbCommand (7ms) [Parameters=[], CommandType='"Text"', CommandTimeout='30']
SELECT TOP(1) [c].[Id], [c].[Address], [c].[ContactNumber], [c].[Email], [c].[GSTIN], [c].[LogoFileExtension], [c].[LogoFilePath], [c].[LogoFileSizeInBytes], [c].[LogoName], [c].[Name], [c].[SignFileExtension], [c].[SignFilePath], [c].[SignFileSizeInBytes], [c].[SignName]
FROM [CompanyInfos] AS [c]
2025-07-19 21:32:50.282 +05:30 [INF] Executing OkObjectResult, writing value of type 'AuthNet.Models.DTO.CompanyInfoResponseDto'.
2025-07-19 21:32:50.282 +05:30 [INF] Executed action AuthNet.Controllers.SettingsController.GetCompanyInfo (AuthNet) in 8.6758ms
2025-07-19 21:32:50.282 +05:30 [INF] Executed endpoint 'AuthNet.Controllers.SettingsController.GetCompanyInfo (AuthNet)'
2025-07-19 21:32:50.282 +05:30 [INF] Request finished HTTP/1.1 GET https://localhost:7165/api/Settings/Get - 200 null application/json; charset=utf-8 9.6752ms
2025-07-19 21:32:56.280 +05:30 [INF] Request starting HTTP/1.1 GET https://localhost:7165/api/Sales/DailyProfit - null null
2025-07-19 21:32:56.282 +05:30 [INF] Executing endpoint 'AuthNet.Controllers.SalesController.GetDailyProfit (AuthNet)'
2025-07-19 21:32:56.283 +05:30 [INF] Route matched with {action = "GetDailyProfit", controller = "Sales"}. Executing controller action with signature System.Threading.Tasks.Task`1[Microsoft.AspNetCore.Mvc.IActionResult] GetDailyProfit() on controller AuthNet.Controllers.SalesController (AuthNet).
2025-07-19 21:32:56.311 +05:30 [INF] Executed DbCommand (15ms) [Parameters=[@__date_Date_0='?' (DbType = DateTime2)], CommandType='"Text"', CommandTimeout='30']
SELECT [s].[Id], [s].[ProductId], [s].[ProductName], [s].[Quantity], [s].[SaleId], [s].[TotalPrice], [s].[UnitPrice], [s0].[Id], [s0].[AfterTaxAmount], [s0].[CreatedAt], [s0].[DiscountedAmount], [s0].[InvoiceDate], [s0].[InvoiceNo], [s0].[PrincipalAmount], [s0].[Template], [s0].[TotalAmount]
FROM [SaleItems] AS [s]
INNER JOIN [Sales] AS [s0] ON [s].[SaleId] = [s0].[Id]
WHERE CONVERT(date, [s0].[InvoiceDate]) = @__date_Date_0
2025-07-19 21:32:56.320 +05:30 [INF] Executed DbCommand (8ms) [Parameters=[@__productIds_0='?' (Size = 4000)], CommandType='"Text"', CommandTimeout='30']
SELECT [p].[ProductId], [p].[CategoryId], [p].[CostPrice], [p].[Description], [p].[Name], [p].[ProductCode], [p].[ProductKey], [p].[SellPrice], [p].[SupplierId]
FROM [Products] AS [p]
WHERE [p].[ProductId] IN (
    SELECT [p0].[value]
    FROM OPENJSON(@__productIds_0) WITH ([value] int '$') AS [p0]
)
2025-07-19 21:32:56.320 +05:30 [INF] Executing OkObjectResult, writing value of type 'AuthNet.Models.DTO.DailyProfitDto'.
2025-07-19 21:32:56.320 +05:30 [INF] Executed action AuthNet.Controllers.SalesController.GetDailyProfit (AuthNet) in 37.2403ms
2025-07-19 21:32:56.320 +05:30 [INF] Executed endpoint 'AuthNet.Controllers.SalesController.GetDailyProfit (AuthNet)'
2025-07-19 21:32:56.321 +05:30 [INF] Request finished HTTP/1.1 GET https://localhost:7165/api/Sales/DailyProfit - 200 null application/json; charset=utf-8 40.978ms
2025-07-19 21:32:56.339 +05:30 [INF] Request starting HTTP/1.1 GET https://localhost:7165/api/Sales/CurrentMonthProfit - null null
2025-07-19 21:32:56.340 +05:30 [INF] Executing endpoint 'AuthNet.Controllers.SalesController.GetCurrentMonthProfit (AuthNet)'
2025-07-19 21:32:56.340 +05:30 [INF] Route matched with {action = "GetCurrentMonthProfit", controller = "Sales"}. Executing controller action with signature System.Threading.Tasks.Task`1[Microsoft.AspNetCore.Mvc.IActionResult] GetCurrentMonthProfit() on controller AuthNet.Controllers.SalesController (AuthNet).
2025-07-19 21:32:56.350 +05:30 [INF] Executed DbCommand (8ms) [Parameters=[@__currentYear_0='?' (DbType = Int32), @__currentMonth_1='?' (DbType = Int32)], CommandType='"Text"', CommandTimeout='30']
SELECT [s].[Id], [s].[ProductId], [s].[ProductName], [s].[Quantity], [s].[SaleId], [s].[TotalPrice], [s].[UnitPrice], [s0].[Id], [s0].[AfterTaxAmount], [s0].[CreatedAt], [s0].[DiscountedAmount], [s0].[InvoiceDate], [s0].[InvoiceNo], [s0].[PrincipalAmount], [s0].[Template], [s0].[TotalAmount]
FROM [SaleItems] AS [s]
INNER JOIN [Sales] AS [s0] ON [s].[SaleId] = [s0].[Id]
WHERE DATEPART(year, [s0].[InvoiceDate]) = @__currentYear_0 AND DATEPART(month, [s0].[InvoiceDate]) = @__currentMonth_1
2025-07-19 21:32:56.352 +05:30 [INF] Executed DbCommand (1ms) [Parameters=[@__productIds_0='?' (Size = 4000)], CommandType='"Text"', CommandTimeout='30']
SELECT [p].[ProductId], [p].[CategoryId], [p].[CostPrice], [p].[Description], [p].[Name], [p].[ProductCode], [p].[ProductKey], [p].[SellPrice], [p].[SupplierId]
FROM [Products] AS [p]
WHERE [p].[ProductId] IN (
    SELECT [p0].[value]
    FROM OPENJSON(@__productIds_0) WITH ([value] int '$') AS [p0]
)
2025-07-19 21:32:56.353 +05:30 [INF] Executing OkObjectResult, writing value of type 'AuthNet.Models.DTO.MonthlyProfitDto'.
2025-07-19 21:32:56.353 +05:30 [INF] Executed action AuthNet.Controllers.SalesController.GetCurrentMonthProfit (AuthNet) in 12.7855ms
2025-07-19 21:32:56.353 +05:30 [INF] Executed endpoint 'AuthNet.Controllers.SalesController.GetCurrentMonthProfit (AuthNet)'
2025-07-19 21:32:56.353 +05:30 [INF] Request finished HTTP/1.1 GET https://localhost:7165/api/Sales/CurrentMonthProfit - 200 null application/json; charset=utf-8 13.9668ms
2025-07-19 21:32:56.371 +05:30 [INF] Request starting HTTP/1.1 GET https://localhost:7165/api/Sales/CurrentYearProfit - null null
2025-07-19 21:32:56.372 +05:30 [INF] Executing endpoint 'AuthNet.Controllers.SalesController.GetCurrentYearProfit (AuthNet)'
2025-07-19 21:32:56.372 +05:30 [INF] Route matched with {action = "GetCurrentYearProfit", controller = "Sales"}. Executing controller action with signature System.Threading.Tasks.Task`1[Microsoft.AspNetCore.Mvc.IActionResult] GetCurrentYearProfit() on controller AuthNet.Controllers.SalesController (AuthNet).
2025-07-19 21:32:56.382 +05:30 [INF] Executed DbCommand (9ms) [Parameters=[@__currentYear_0='?' (DbType = Int32)], CommandType='"Text"', CommandTimeout='30']
SELECT [s].[Id], [s].[ProductId], [s].[ProductName], [s].[Quantity], [s].[SaleId], [s].[TotalPrice], [s].[UnitPrice], [s0].[Id], [s0].[AfterTaxAmount], [s0].[CreatedAt], [s0].[DiscountedAmount], [s0].[InvoiceDate], [s0].[InvoiceNo], [s0].[PrincipalAmount], [s0].[Template], [s0].[TotalAmount]
FROM [SaleItems] AS [s]
INNER JOIN [Sales] AS [s0] ON [s].[SaleId] = [s0].[Id]
WHERE DATEPART(year, [s0].[InvoiceDate]) = @__currentYear_0
2025-07-19 21:32:56.385 +05:30 [INF] Executed DbCommand (1ms) [Parameters=[@__productIds_0='?' (Size = 4000)], CommandType='"Text"', CommandTimeout='30']
SELECT [p].[ProductId], [p].[CategoryId], [p].[CostPrice], [p].[Description], [p].[Name], [p].[ProductCode], [p].[ProductKey], [p].[SellPrice], [p].[SupplierId]
FROM [Products] AS [p]
WHERE [p].[ProductId] IN (
    SELECT [p0].[value]
    FROM OPENJSON(@__productIds_0) WITH ([value] int '$') AS [p0]
)
2025-07-19 21:32:56.385 +05:30 [INF] Executing OkObjectResult, writing value of type 'AuthNet.Models.DTO.YearlyProfitDto'.
2025-07-19 21:32:56.386 +05:30 [INF] Executed action AuthNet.Controllers.SalesController.GetCurrentYearProfit (AuthNet) in 13.7037ms
2025-07-19 21:32:56.386 +05:30 [INF] Executed endpoint 'AuthNet.Controllers.SalesController.GetCurrentYearProfit (AuthNet)'
2025-07-19 21:32:56.386 +05:30 [INF] Request finished HTTP/1.1 GET https://localhost:7165/api/Sales/CurrentYearProfit - 200 null application/json; charset=utf-8 15.0098ms
2025-07-19 21:32:56.407 +05:30 [INF] Request starting HTTP/1.1 GET https://localhost:7165/api/Tasks - null null
2025-07-19 21:32:56.407 +05:30 [INF] Executing endpoint 'AuthNet.Controllers.TasksController.GetTasks (AuthNet)'
2025-07-19 21:32:56.407 +05:30 [INF] Route matched with {action = "GetTasks", controller = "Tasks"}. Executing controller action with signature Microsoft.AspNetCore.Mvc.IActionResult GetTasks() on controller AuthNet.Controllers.TasksController (AuthNet).
2025-07-19 21:32:56.419 +05:30 [INF] Executed DbCommand (10ms) [Parameters=[], CommandType='"Text"', CommandTimeout='30']
SELECT [t].[Id], [t].[Title], [t].[DueDate]
FROM [Tasks] AS [t]
2025-07-19 21:32:56.419 +05:30 [INF] Executing OkObjectResult, writing value of type 'System.Collections.Generic.List`1[[AuthNet.Models.DTO.TaskItemDto, AuthNet, Version=1.0.0.0, Culture=neutral, PublicKeyToken=null]]'.
2025-07-19 21:32:56.419 +05:30 [INF] Executed action AuthNet.Controllers.TasksController.GetTasks (AuthNet) in 11.7838ms
2025-07-19 21:32:56.419 +05:30 [INF] Executed endpoint 'AuthNet.Controllers.TasksController.GetTasks (AuthNet)'
2025-07-19 21:32:56.420 +05:30 [INF] Request finished HTTP/1.1 GET https://localhost:7165/api/Tasks - 200 null application/json; charset=utf-8 13.0062ms
2025-07-19 21:32:56.448 +05:30 [INF] Request starting HTTP/1.1 GET https://localhost:7165/api/Settings/Get - null null
2025-07-19 21:32:56.448 +05:30 [INF] Executing endpoint 'AuthNet.Controllers.SettingsController.GetCompanyInfo (AuthNet)'
2025-07-19 21:32:56.448 +05:30 [INF] Route matched with {action = "GetCompanyInfo", controller = "Settings"}. Executing controller action with signature System.Threading.Tasks.Task`1[Microsoft.AspNetCore.Mvc.IActionResult] GetCompanyInfo() on controller AuthNet.Controllers.SettingsController (AuthNet).
2025-07-19 21:32:56.453 +05:30 [INF] Executed DbCommand (4ms) [Parameters=[], CommandType='"Text"', CommandTimeout='30']
SELECT TOP(1) [c].[Id], [c].[Address], [c].[ContactNumber], [c].[Email], [c].[GSTIN], [c].[LogoFileExtension], [c].[LogoFilePath], [c].[LogoFileSizeInBytes], [c].[LogoName], [c].[Name], [c].[SignFileExtension], [c].[SignFilePath], [c].[SignFileSizeInBytes], [c].[SignName]
FROM [CompanyInfos] AS [c]
2025-07-19 21:32:56.453 +05:30 [INF] Executing OkObjectResult, writing value of type 'AuthNet.Models.DTO.CompanyInfoResponseDto'.
2025-07-19 21:32:56.454 +05:30 [INF] Executed action AuthNet.Controllers.SettingsController.GetCompanyInfo (AuthNet) in 5.403ms
2025-07-19 21:32:56.454 +05:30 [INF] Executed endpoint 'AuthNet.Controllers.SettingsController.GetCompanyInfo (AuthNet)'
2025-07-19 21:32:56.454 +05:30 [INF] Request finished HTTP/1.1 GET https://localhost:7165/api/Settings/Get - 200 null application/json; charset=utf-8 6.3548ms
2025-07-19 21:33:50.127 +05:30 [INF] Request starting HTTP/1.1 GET https://localhost:7165/api/Sales/DailyProfit - null null
2025-07-19 21:33:50.127 +05:30 [INF] Executing endpoint 'AuthNet.Controllers.SalesController.GetDailyProfit (AuthNet)'
2025-07-19 21:33:50.127 +05:30 [INF] Route matched with {action = "GetDailyProfit", controller = "Sales"}. Executing controller action with signature System.Threading.Tasks.Task`1[Microsoft.AspNetCore.Mvc.IActionResult] GetDailyProfit() on controller AuthNet.Controllers.SalesController (AuthNet).
2025-07-19 21:33:50.145 +05:30 [INF] Executed DbCommand (14ms) [Parameters=[@__date_Date_0='?' (DbType = DateTime2)], CommandType='"Text"', CommandTimeout='30']
SELECT [s].[Id], [s].[ProductId], [s].[ProductName], [s].[Quantity], [s].[SaleId], [s].[TotalPrice], [s].[UnitPrice], [s0].[Id], [s0].[AfterTaxAmount], [s0].[CreatedAt], [s0].[DiscountedAmount], [s0].[InvoiceDate], [s0].[InvoiceNo], [s0].[PrincipalAmount], [s0].[Template], [s0].[TotalAmount]
FROM [SaleItems] AS [s]
INNER JOIN [Sales] AS [s0] ON [s].[SaleId] = [s0].[Id]
WHERE CONVERT(date, [s0].[InvoiceDate]) = @__date_Date_0
2025-07-19 21:33:50.166 +05:30 [INF] Executed DbCommand (13ms) [Parameters=[@__productIds_0='?' (Size = 4000)], CommandType='"Text"', CommandTimeout='30']
SELECT [p].[ProductId], [p].[CategoryId], [p].[CostPrice], [p].[Description], [p].[Name], [p].[ProductCode], [p].[ProductKey], [p].[SellPrice], [p].[SupplierId]
FROM [Products] AS [p]
WHERE [p].[ProductId] IN (
    SELECT [p0].[value]
    FROM OPENJSON(@__productIds_0) WITH ([value] int '$') AS [p0]
)
2025-07-19 21:33:50.167 +05:30 [INF] Executing OkObjectResult, writing value of type 'AuthNet.Models.DTO.DailyProfitDto'.
2025-07-19 21:33:50.167 +05:30 [INF] Executed action AuthNet.Controllers.SalesController.GetDailyProfit (AuthNet) in 39.428ms
2025-07-19 21:33:50.167 +05:30 [INF] Executed endpoint 'AuthNet.Controllers.SalesController.GetDailyProfit (AuthNet)'
2025-07-19 21:33:50.167 +05:30 [INF] Request finished HTTP/1.1 GET https://localhost:7165/api/Sales/DailyProfit - 200 null application/json; charset=utf-8 41.0299ms
2025-07-19 21:33:50.187 +05:30 [INF] Request starting HTTP/1.1 GET https://localhost:7165/api/Sales/CurrentMonthProfit - null null
2025-07-19 21:33:50.187 +05:30 [INF] Executing endpoint 'AuthNet.Controllers.SalesController.GetCurrentMonthProfit (AuthNet)'
2025-07-19 21:33:50.187 +05:30 [INF] Route matched with {action = "GetCurrentMonthProfit", controller = "Sales"}. Executing controller action with signature System.Threading.Tasks.Task`1[Microsoft.AspNetCore.Mvc.IActionResult] GetCurrentMonthProfit() on controller AuthNet.Controllers.SalesController (AuthNet).
2025-07-19 21:33:50.201 +05:30 [INF] Executed DbCommand (10ms) [Parameters=[@__currentYear_0='?' (DbType = Int32), @__currentMonth_1='?' (DbType = Int32)], CommandType='"Text"', CommandTimeout='30']
SELECT [s].[Id], [s].[ProductId], [s].[ProductName], [s].[Quantity], [s].[SaleId], [s].[TotalPrice], [s].[UnitPrice], [s0].[Id], [s0].[AfterTaxAmount], [s0].[CreatedAt], [s0].[DiscountedAmount], [s0].[InvoiceDate], [s0].[InvoiceNo], [s0].[PrincipalAmount], [s0].[Template], [s0].[TotalAmount]
FROM [SaleItems] AS [s]
INNER JOIN [Sales] AS [s0] ON [s].[SaleId] = [s0].[Id]
WHERE DATEPART(year, [s0].[InvoiceDate]) = @__currentYear_0 AND DATEPART(month, [s0].[InvoiceDate]) = @__currentMonth_1
2025-07-19 21:33:50.214 +05:30 [INF] Executed DbCommand (11ms) [Parameters=[@__productIds_0='?' (Size = 4000)], CommandType='"Text"', CommandTimeout='30']
SELECT [p].[ProductId], [p].[CategoryId], [p].[CostPrice], [p].[Description], [p].[Name], [p].[ProductCode], [p].[ProductKey], [p].[SellPrice], [p].[SupplierId]
FROM [Products] AS [p]
WHERE [p].[ProductId] IN (
    SELECT [p0].[value]
    FROM OPENJSON(@__productIds_0) WITH ([value] int '$') AS [p0]
)
2025-07-19 21:33:50.215 +05:30 [INF] Executing OkObjectResult, writing value of type 'AuthNet.Models.DTO.MonthlyProfitDto'.
2025-07-19 21:33:50.215 +05:30 [INF] Executed action AuthNet.Controllers.SalesController.GetCurrentMonthProfit (AuthNet) in 27.5917ms
2025-07-19 21:33:50.215 +05:30 [INF] Executed endpoint 'AuthNet.Controllers.SalesController.GetCurrentMonthProfit (AuthNet)'
2025-07-19 21:33:50.215 +05:30 [INF] Request finished HTTP/1.1 GET https://localhost:7165/api/Sales/CurrentMonthProfit - 200 null application/json; charset=utf-8 28.5865ms
2025-07-19 21:33:50.230 +05:30 [INF] Request starting HTTP/1.1 GET https://localhost:7165/api/Sales/CurrentYearProfit - null null
2025-07-19 21:33:50.231 +05:30 [INF] Executing endpoint 'AuthNet.Controllers.SalesController.GetCurrentYearProfit (AuthNet)'
2025-07-19 21:33:50.231 +05:30 [INF] Route matched with {action = "GetCurrentYearProfit", controller = "Sales"}. Executing controller action with signature System.Threading.Tasks.Task`1[Microsoft.AspNetCore.Mvc.IActionResult] GetCurrentYearProfit() on controller AuthNet.Controllers.SalesController (AuthNet).
2025-07-19 21:33:50.238 +05:30 [INF] Executed DbCommand (6ms) [Parameters=[@__currentYear_0='?' (DbType = Int32)], CommandType='"Text"', CommandTimeout='30']
SELECT [s].[Id], [s].[ProductId], [s].[ProductName], [s].[Quantity], [s].[SaleId], [s].[TotalPrice], [s].[UnitPrice], [s0].[Id], [s0].[AfterTaxAmount], [s0].[CreatedAt], [s0].[DiscountedAmount], [s0].[InvoiceDate], [s0].[InvoiceNo], [s0].[PrincipalAmount], [s0].[Template], [s0].[TotalAmount]
FROM [SaleItems] AS [s]
INNER JOIN [Sales] AS [s0] ON [s].[SaleId] = [s0].[Id]
WHERE DATEPART(year, [s0].[InvoiceDate]) = @__currentYear_0
2025-07-19 21:33:50.242 +05:30 [INF] Executed DbCommand (3ms) [Parameters=[@__productIds_0='?' (Size = 4000)], CommandType='"Text"', CommandTimeout='30']
SELECT [p].[ProductId], [p].[CategoryId], [p].[CostPrice], [p].[Description], [p].[Name], [p].[ProductCode], [p].[ProductKey], [p].[SellPrice], [p].[SupplierId]
FROM [Products] AS [p]
WHERE [p].[ProductId] IN (
    SELECT [p0].[value]
    FROM OPENJSON(@__productIds_0) WITH ([value] int '$') AS [p0]
)
2025-07-19 21:33:50.242 +05:30 [INF] Executing OkObjectResult, writing value of type 'AuthNet.Models.DTO.YearlyProfitDto'.
2025-07-19 21:33:50.243 +05:30 [INF] Executed action AuthNet.Controllers.SalesController.GetCurrentYearProfit (AuthNet) in 11.573ms
2025-07-19 21:33:50.243 +05:30 [INF] Executed endpoint 'AuthNet.Controllers.SalesController.GetCurrentYearProfit (AuthNet)'
2025-07-19 21:33:50.243 +05:30 [INF] Request finished HTTP/1.1 GET https://localhost:7165/api/Sales/CurrentYearProfit - 200 null application/json; charset=utf-8 12.5855ms
2025-07-19 21:33:50.255 +05:30 [INF] Request starting HTTP/1.1 GET https://localhost:7165/api/Tasks - null null
2025-07-19 21:33:50.256 +05:30 [INF] Executing endpoint 'AuthNet.Controllers.TasksController.GetTasks (AuthNet)'
2025-07-19 21:33:50.256 +05:30 [INF] Route matched with {action = "GetTasks", controller = "Tasks"}. Executing controller action with signature Microsoft.AspNetCore.Mvc.IActionResult GetTasks() on controller AuthNet.Controllers.TasksController (AuthNet).
2025-07-19 21:33:50.258 +05:30 [INF] Executed DbCommand (1ms) [Parameters=[], CommandType='"Text"', CommandTimeout='30']
SELECT [t].[Id], [t].[Title], [t].[DueDate]
FROM [Tasks] AS [t]
2025-07-19 21:33:50.259 +05:30 [INF] Executing OkObjectResult, writing value of type 'System.Collections.Generic.List`1[[AuthNet.Models.DTO.TaskItemDto, AuthNet, Version=1.0.0.0, Culture=neutral, PublicKeyToken=null]]'.
2025-07-19 21:33:50.259 +05:30 [INF] Executed action AuthNet.Controllers.TasksController.GetTasks (AuthNet) in 2.5608ms
2025-07-19 21:33:50.259 +05:30 [INF] Executed endpoint 'AuthNet.Controllers.TasksController.GetTasks (AuthNet)'
2025-07-19 21:33:50.259 +05:30 [INF] Request finished HTTP/1.1 GET https://localhost:7165/api/Tasks - 200 null application/json; charset=utf-8 3.649ms
2025-07-19 21:33:50.274 +05:30 [INF] Request starting HTTP/1.1 GET https://localhost:7165/api/Settings/Get - null null
2025-07-19 21:33:50.275 +05:30 [INF] Executing endpoint 'AuthNet.Controllers.SettingsController.GetCompanyInfo (AuthNet)'
2025-07-19 21:33:50.275 +05:30 [INF] Route matched with {action = "GetCompanyInfo", controller = "Settings"}. Executing controller action with signature System.Threading.Tasks.Task`1[Microsoft.AspNetCore.Mvc.IActionResult] GetCompanyInfo() on controller AuthNet.Controllers.SettingsController (AuthNet).
2025-07-19 21:33:50.284 +05:30 [INF] Executed DbCommand (7ms) [Parameters=[], CommandType='"Text"', CommandTimeout='30']
SELECT TOP(1) [c].[Id], [c].[Address], [c].[ContactNumber], [c].[Email], [c].[GSTIN], [c].[LogoFileExtension], [c].[LogoFilePath], [c].[LogoFileSizeInBytes], [c].[LogoName], [c].[Name], [c].[SignFileExtension], [c].[SignFilePath], [c].[SignFileSizeInBytes], [c].[SignName]
FROM [CompanyInfos] AS [c]
2025-07-19 21:33:50.284 +05:30 [INF] Executing OkObjectResult, writing value of type 'AuthNet.Models.DTO.CompanyInfoResponseDto'.
2025-07-19 21:33:50.284 +05:30 [INF] Executed action AuthNet.Controllers.SettingsController.GetCompanyInfo (AuthNet) in 9.4545ms
2025-07-19 21:33:50.285 +05:30 [INF] Executed endpoint 'AuthNet.Controllers.SettingsController.GetCompanyInfo (AuthNet)'
2025-07-19 21:33:50.285 +05:30 [INF] Request finished HTTP/1.1 GET https://localhost:7165/api/Settings/Get - 200 null application/json; charset=utf-8 10.3115ms
2025-07-19 21:34:04.177 +05:30 [INF] Request starting HTTP/1.1 GET https://localhost:7165/api/Sales/DailyProfit - null null
2025-07-19 21:34:04.178 +05:30 [INF] Executing endpoint 'AuthNet.Controllers.SalesController.GetDailyProfit (AuthNet)'
2025-07-19 21:34:04.178 +05:30 [INF] Route matched with {action = "GetDailyProfit", controller = "Sales"}. Executing controller action with signature System.Threading.Tasks.Task`1[Microsoft.AspNetCore.Mvc.IActionResult] GetDailyProfit() on controller AuthNet.Controllers.SalesController (AuthNet).
2025-07-19 21:34:04.190 +05:30 [INF] Executed DbCommand (7ms) [Parameters=[@__date_Date_0='?' (DbType = DateTime2)], CommandType='"Text"', CommandTimeout='30']
SELECT [s].[Id], [s].[ProductId], [s].[ProductName], [s].[Quantity], [s].[SaleId], [s].[TotalPrice], [s].[UnitPrice], [s0].[Id], [s0].[AfterTaxAmount], [s0].[CreatedAt], [s0].[DiscountedAmount], [s0].[InvoiceDate], [s0].[InvoiceNo], [s0].[PrincipalAmount], [s0].[Template], [s0].[TotalAmount]
FROM [SaleItems] AS [s]
INNER JOIN [Sales] AS [s0] ON [s].[SaleId] = [s0].[Id]
WHERE CONVERT(date, [s0].[InvoiceDate]) = @__date_Date_0
2025-07-19 21:34:04.198 +05:30 [INF] Executed DbCommand (7ms) [Parameters=[@__productIds_0='?' (Size = 4000)], CommandType='"Text"', CommandTimeout='30']
SELECT [p].[ProductId], [p].[CategoryId], [p].[CostPrice], [p].[Description], [p].[Name], [p].[ProductCode], [p].[ProductKey], [p].[SellPrice], [p].[SupplierId]
FROM [Products] AS [p]
WHERE [p].[ProductId] IN (
    SELECT [p0].[value]
    FROM OPENJSON(@__productIds_0) WITH ([value] int '$') AS [p0]
)
2025-07-19 21:34:04.198 +05:30 [INF] Executing OkObjectResult, writing value of type 'AuthNet.Models.DTO.DailyProfitDto'.
2025-07-19 21:34:04.198 +05:30 [INF] Executed action AuthNet.Controllers.SalesController.GetDailyProfit (AuthNet) in 20.0703ms
2025-07-19 21:34:04.198 +05:30 [INF] Executed endpoint 'AuthNet.Controllers.SalesController.GetDailyProfit (AuthNet)'
2025-07-19 21:34:04.198 +05:30 [INF] Request finished HTTP/1.1 GET https://localhost:7165/api/Sales/DailyProfit - 200 null application/json; charset=utf-8 21.3273ms
2025-07-19 21:34:04.213 +05:30 [INF] Request starting HTTP/1.1 GET https://localhost:7165/api/Sales/CurrentMonthProfit - null null
2025-07-19 21:34:04.214 +05:30 [INF] Executing endpoint 'AuthNet.Controllers.SalesController.GetCurrentMonthProfit (AuthNet)'
2025-07-19 21:34:04.214 +05:30 [INF] Route matched with {action = "GetCurrentMonthProfit", controller = "Sales"}. Executing controller action with signature System.Threading.Tasks.Task`1[Microsoft.AspNetCore.Mvc.IActionResult] GetCurrentMonthProfit() on controller AuthNet.Controllers.SalesController (AuthNet).
2025-07-19 21:34:04.244 +05:30 [INF] Executed DbCommand (29ms) [Parameters=[@__currentYear_0='?' (DbType = Int32), @__currentMonth_1='?' (DbType = Int32)], CommandType='"Text"', CommandTimeout='30']
SELECT [s].[Id], [s].[ProductId], [s].[ProductName], [s].[Quantity], [s].[SaleId], [s].[TotalPrice], [s].[UnitPrice], [s0].[Id], [s0].[AfterTaxAmount], [s0].[CreatedAt], [s0].[DiscountedAmount], [s0].[InvoiceDate], [s0].[InvoiceNo], [s0].[PrincipalAmount], [s0].[Template], [s0].[TotalAmount]
FROM [SaleItems] AS [s]
INNER JOIN [Sales] AS [s0] ON [s].[SaleId] = [s0].[Id]
WHERE DATEPART(year, [s0].[InvoiceDate]) = @__currentYear_0 AND DATEPART(month, [s0].[InvoiceDate]) = @__currentMonth_1
2025-07-19 21:34:04.249 +05:30 [INF] Executed DbCommand (4ms) [Parameters=[@__productIds_0='?' (Size = 4000)], CommandType='"Text"', CommandTimeout='30']
SELECT [p].[ProductId], [p].[CategoryId], [p].[CostPrice], [p].[Description], [p].[Name], [p].[ProductCode], [p].[ProductKey], [p].[SellPrice], [p].[SupplierId]
FROM [Products] AS [p]
WHERE [p].[ProductId] IN (
    SELECT [p0].[value]
    FROM OPENJSON(@__productIds_0) WITH ([value] int '$') AS [p0]
)
2025-07-19 21:34:04.250 +05:30 [INF] Executing OkObjectResult, writing value of type 'AuthNet.Models.DTO.MonthlyProfitDto'.
2025-07-19 21:34:04.250 +05:30 [INF] Executed action AuthNet.Controllers.SalesController.GetCurrentMonthProfit (AuthNet) in 36.0204ms
2025-07-19 21:34:04.250 +05:30 [INF] Executed endpoint 'AuthNet.Controllers.SalesController.GetCurrentMonthProfit (AuthNet)'
2025-07-19 21:34:04.250 +05:30 [INF] Request finished HTTP/1.1 GET https://localhost:7165/api/Sales/CurrentMonthProfit - 200 null application/json; charset=utf-8 36.9266ms
2025-07-19 21:34:04.263 +05:30 [INF] Request starting HTTP/1.1 GET https://localhost:7165/api/Sales/CurrentYearProfit - null null
2025-07-19 21:34:04.264 +05:30 [INF] Executing endpoint 'AuthNet.Controllers.SalesController.GetCurrentYearProfit (AuthNet)'
2025-07-19 21:34:04.264 +05:30 [INF] Route matched with {action = "GetCurrentYearProfit", controller = "Sales"}. Executing controller action with signature System.Threading.Tasks.Task`1[Microsoft.AspNetCore.Mvc.IActionResult] GetCurrentYearProfit() on controller AuthNet.Controllers.SalesController (AuthNet).
2025-07-19 21:34:04.273 +05:30 [INF] Executed DbCommand (8ms) [Parameters=[@__currentYear_0='?' (DbType = Int32)], CommandType='"Text"', CommandTimeout='30']
SELECT [s].[Id], [s].[ProductId], [s].[ProductName], [s].[Quantity], [s].[SaleId], [s].[TotalPrice], [s].[UnitPrice], [s0].[Id], [s0].[AfterTaxAmount], [s0].[CreatedAt], [s0].[DiscountedAmount], [s0].[InvoiceDate], [s0].[InvoiceNo], [s0].[PrincipalAmount], [s0].[Template], [s0].[TotalAmount]
FROM [SaleItems] AS [s]
INNER JOIN [Sales] AS [s0] ON [s].[SaleId] = [s0].[Id]
WHERE DATEPART(year, [s0].[InvoiceDate]) = @__currentYear_0
2025-07-19 21:34:04.274 +05:30 [INF] Executed DbCommand (1ms) [Parameters=[@__productIds_0='?' (Size = 4000)], CommandType='"Text"', CommandTimeout='30']
SELECT [p].[ProductId], [p].[CategoryId], [p].[CostPrice], [p].[Description], [p].[Name], [p].[ProductCode], [p].[ProductKey], [p].[SellPrice], [p].[SupplierId]
FROM [Products] AS [p]
WHERE [p].[ProductId] IN (
    SELECT [p0].[value]
    FROM OPENJSON(@__productIds_0) WITH ([value] int '$') AS [p0]
)
2025-07-19 21:34:04.275 +05:30 [INF] Executing OkObjectResult, writing value of type 'AuthNet.Models.DTO.YearlyProfitDto'.
2025-07-19 21:34:04.275 +05:30 [INF] Executed action AuthNet.Controllers.SalesController.GetCurrentYearProfit (AuthNet) in 10.6824ms
2025-07-19 21:34:04.275 +05:30 [INF] Executed endpoint 'AuthNet.Controllers.SalesController.GetCurrentYearProfit (AuthNet)'
2025-07-19 21:34:04.275 +05:30 [INF] Request finished HTTP/1.1 GET https://localhost:7165/api/Sales/CurrentYearProfit - 200 null application/json; charset=utf-8 11.8156ms
2025-07-19 21:34:04.293 +05:30 [INF] Request starting HTTP/1.1 GET https://localhost:7165/api/Tasks - null null
2025-07-19 21:34:04.293 +05:30 [INF] Executing endpoint 'AuthNet.Controllers.TasksController.GetTasks (AuthNet)'
2025-07-19 21:34:04.293 +05:30 [INF] Route matched with {action = "GetTasks", controller = "Tasks"}. Executing controller action with signature Microsoft.AspNetCore.Mvc.IActionResult GetTasks() on controller AuthNet.Controllers.TasksController (AuthNet).
2025-07-19 21:34:04.298 +05:30 [INF] Executed DbCommand (3ms) [Parameters=[], CommandType='"Text"', CommandTimeout='30']
SELECT [t].[Id], [t].[Title], [t].[DueDate]
FROM [Tasks] AS [t]
2025-07-19 21:34:04.298 +05:30 [INF] Executing OkObjectResult, writing value of type 'System.Collections.Generic.List`1[[AuthNet.Models.DTO.TaskItemDto, AuthNet, Version=1.0.0.0, Culture=neutral, PublicKeyToken=null]]'.
2025-07-19 21:34:04.298 +05:30 [INF] Executed action AuthNet.Controllers.TasksController.GetTasks (AuthNet) in 4.6405ms
2025-07-19 21:34:04.298 +05:30 [INF] Executed endpoint 'AuthNet.Controllers.TasksController.GetTasks (AuthNet)'
2025-07-19 21:34:04.298 +05:30 [INF] Request finished HTTP/1.1 GET https://localhost:7165/api/Tasks - 200 null application/json; charset=utf-8 5.1892ms
2025-07-19 21:34:04.319 +05:30 [INF] Request starting HTTP/1.1 GET https://localhost:7165/api/Settings/Get - null null
2025-07-19 21:34:04.319 +05:30 [INF] Executing endpoint 'AuthNet.Controllers.SettingsController.GetCompanyInfo (AuthNet)'
2025-07-19 21:34:04.319 +05:30 [INF] Route matched with {action = "GetCompanyInfo", controller = "Settings"}. Executing controller action with signature System.Threading.Tasks.Task`1[Microsoft.AspNetCore.Mvc.IActionResult] GetCompanyInfo() on controller AuthNet.Controllers.SettingsController (AuthNet).
2025-07-19 21:34:04.328 +05:30 [INF] Executed DbCommand (7ms) [Parameters=[], CommandType='"Text"', CommandTimeout='30']
SELECT TOP(1) [c].[Id], [c].[Address], [c].[ContactNumber], [c].[Email], [c].[GSTIN], [c].[LogoFileExtension], [c].[LogoFilePath], [c].[LogoFileSizeInBytes], [c].[LogoName], [c].[Name], [c].[SignFileExtension], [c].[SignFilePath], [c].[SignFileSizeInBytes], [c].[SignName]
FROM [CompanyInfos] AS [c]
2025-07-19 21:34:04.328 +05:30 [INF] Executing OkObjectResult, writing value of type 'AuthNet.Models.DTO.CompanyInfoResponseDto'.
2025-07-19 21:34:04.328 +05:30 [INF] Executed action AuthNet.Controllers.SettingsController.GetCompanyInfo (AuthNet) in 8.9045ms
2025-07-19 21:34:04.328 +05:30 [INF] Executed endpoint 'AuthNet.Controllers.SettingsController.GetCompanyInfo (AuthNet)'
2025-07-19 21:34:04.329 +05:30 [INF] Request finished HTTP/1.1 GET https://localhost:7165/api/Settings/Get - 200 null application/json; charset=utf-8 10.0868ms
2025-07-19 21:34:13.386 +05:30 [INF] Request starting HTTP/1.1 GET https://localhost:7165/api/Sales/DailyProfit - null null
2025-07-19 21:34:13.387 +05:30 [INF] Executing endpoint 'AuthNet.Controllers.SalesController.GetDailyProfit (AuthNet)'
2025-07-19 21:34:13.387 +05:30 [INF] Route matched with {action = "GetDailyProfit", controller = "Sales"}. Executing controller action with signature System.Threading.Tasks.Task`1[Microsoft.AspNetCore.Mvc.IActionResult] GetDailyProfit() on controller AuthNet.Controllers.SalesController (AuthNet).
2025-07-19 21:34:13.400 +05:30 [INF] Executed DbCommand (9ms) [Parameters=[@__date_Date_0='?' (DbType = DateTime2)], CommandType='"Text"', CommandTimeout='30']
SELECT [s].[Id], [s].[ProductId], [s].[ProductName], [s].[Quantity], [s].[SaleId], [s].[TotalPrice], [s].[UnitPrice], [s0].[Id], [s0].[AfterTaxAmount], [s0].[CreatedAt], [s0].[DiscountedAmount], [s0].[InvoiceDate], [s0].[InvoiceNo], [s0].[PrincipalAmount], [s0].[Template], [s0].[TotalAmount]
FROM [SaleItems] AS [s]
INNER JOIN [Sales] AS [s0] ON [s].[SaleId] = [s0].[Id]
WHERE CONVERT(date, [s0].[InvoiceDate]) = @__date_Date_0
2025-07-19 21:34:13.410 +05:30 [INF] Executed DbCommand (8ms) [Parameters=[@__productIds_0='?' (Size = 4000)], CommandType='"Text"', CommandTimeout='30']
SELECT [p].[ProductId], [p].[CategoryId], [p].[CostPrice], [p].[Description], [p].[Name], [p].[ProductCode], [p].[ProductKey], [p].[SellPrice], [p].[SupplierId]
FROM [Products] AS [p]
WHERE [p].[ProductId] IN (
    SELECT [p0].[value]
    FROM OPENJSON(@__productIds_0) WITH ([value] int '$') AS [p0]
)
2025-07-19 21:34:13.410 +05:30 [INF] Executing OkObjectResult, writing value of type 'AuthNet.Models.DTO.DailyProfitDto'.
2025-07-19 21:34:13.410 +05:30 [INF] Executed action AuthNet.Controllers.SalesController.GetDailyProfit (AuthNet) in 22.4459ms
2025-07-19 21:34:13.410 +05:30 [INF] Executed endpoint 'AuthNet.Controllers.SalesController.GetDailyProfit (AuthNet)'
2025-07-19 21:34:13.410 +05:30 [INF] Request finished HTTP/1.1 GET https://localhost:7165/api/Sales/DailyProfit - 200 null application/json; charset=utf-8 24.0527ms
2025-07-19 21:34:13.429 +05:30 [INF] Request starting HTTP/1.1 GET https://localhost:7165/api/Sales/CurrentMonthProfit - null null
2025-07-19 21:34:13.429 +05:30 [INF] Executing endpoint 'AuthNet.Controllers.SalesController.GetCurrentMonthProfit (AuthNet)'
2025-07-19 21:34:13.429 +05:30 [INF] Route matched with {action = "GetCurrentMonthProfit", controller = "Sales"}. Executing controller action with signature System.Threading.Tasks.Task`1[Microsoft.AspNetCore.Mvc.IActionResult] GetCurrentMonthProfit() on controller AuthNet.Controllers.SalesController (AuthNet).
2025-07-19 21:34:13.440 +05:30 [INF] Executed DbCommand (9ms) [Parameters=[@__currentYear_0='?' (DbType = Int32), @__currentMonth_1='?' (DbType = Int32)], CommandType='"Text"', CommandTimeout='30']
SELECT [s].[Id], [s].[ProductId], [s].[ProductName], [s].[Quantity], [s].[SaleId], [s].[TotalPrice], [s].[UnitPrice], [s0].[Id], [s0].[AfterTaxAmount], [s0].[CreatedAt], [s0].[DiscountedAmount], [s0].[InvoiceDate], [s0].[InvoiceNo], [s0].[PrincipalAmount], [s0].[Template], [s0].[TotalAmount]
FROM [SaleItems] AS [s]
INNER JOIN [Sales] AS [s0] ON [s].[SaleId] = [s0].[Id]
WHERE DATEPART(year, [s0].[InvoiceDate]) = @__currentYear_0 AND DATEPART(month, [s0].[InvoiceDate]) = @__currentMonth_1
2025-07-19 21:34:13.442 +05:30 [INF] Executed DbCommand (1ms) [Parameters=[@__productIds_0='?' (Size = 4000)], CommandType='"Text"', CommandTimeout='30']
SELECT [p].[ProductId], [p].[CategoryId], [p].[CostPrice], [p].[Description], [p].[Name], [p].[ProductCode], [p].[ProductKey], [p].[SellPrice], [p].[SupplierId]
FROM [Products] AS [p]
WHERE [p].[ProductId] IN (
    SELECT [p0].[value]
    FROM OPENJSON(@__productIds_0) WITH ([value] int '$') AS [p0]
)
2025-07-19 21:34:13.443 +05:30 [INF] Executing OkObjectResult, writing value of type 'AuthNet.Models.DTO.MonthlyProfitDto'.
2025-07-19 21:34:13.443 +05:30 [INF] Executed action AuthNet.Controllers.SalesController.GetCurrentMonthProfit (AuthNet) in 13.174ms
2025-07-19 21:34:13.443 +05:30 [INF] Executed endpoint 'AuthNet.Controllers.SalesController.GetCurrentMonthProfit (AuthNet)'
2025-07-19 21:34:13.443 +05:30 [INF] Request finished HTTP/1.1 GET https://localhost:7165/api/Sales/CurrentMonthProfit - 200 null application/json; charset=utf-8 14.4359ms
2025-07-19 21:34:13.461 +05:30 [INF] Request starting HTTP/1.1 GET https://localhost:7165/api/Sales/CurrentYearProfit - null null
2025-07-19 21:34:13.461 +05:30 [INF] Executing endpoint 'AuthNet.Controllers.SalesController.GetCurrentYearProfit (AuthNet)'
2025-07-19 21:34:13.461 +05:30 [INF] Route matched with {action = "GetCurrentYearProfit", controller = "Sales"}. Executing controller action with signature System.Threading.Tasks.Task`1[Microsoft.AspNetCore.Mvc.IActionResult] GetCurrentYearProfit() on controller AuthNet.Controllers.SalesController (AuthNet).
2025-07-19 21:34:13.473 +05:30 [INF] Executed DbCommand (10ms) [Parameters=[@__currentYear_0='?' (DbType = Int32)], CommandType='"Text"', CommandTimeout='30']
SELECT [s].[Id], [s].[ProductId], [s].[ProductName], [s].[Quantity], [s].[SaleId], [s].[TotalPrice], [s].[UnitPrice], [s0].[Id], [s0].[AfterTaxAmount], [s0].[CreatedAt], [s0].[DiscountedAmount], [s0].[InvoiceDate], [s0].[InvoiceNo], [s0].[PrincipalAmount], [s0].[Template], [s0].[TotalAmount]
FROM [SaleItems] AS [s]
INNER JOIN [Sales] AS [s0] ON [s].[SaleId] = [s0].[Id]
WHERE DATEPART(year, [s0].[InvoiceDate]) = @__currentYear_0
2025-07-19 21:34:13.476 +05:30 [INF] Executed DbCommand (1ms) [Parameters=[@__productIds_0='?' (Size = 4000)], CommandType='"Text"', CommandTimeout='30']
SELECT [p].[ProductId], [p].[CategoryId], [p].[CostPrice], [p].[Description], [p].[Name], [p].[ProductCode], [p].[ProductKey], [p].[SellPrice], [p].[SupplierId]
FROM [Products] AS [p]
WHERE [p].[ProductId] IN (
    SELECT [p0].[value]
    FROM OPENJSON(@__productIds_0) WITH ([value] int '$') AS [p0]
)
2025-07-19 21:34:13.476 +05:30 [INF] Executing OkObjectResult, writing value of type 'AuthNet.Models.DTO.YearlyProfitDto'.
2025-07-19 21:34:13.476 +05:30 [INF] Executed action AuthNet.Controllers.SalesController.GetCurrentYearProfit (AuthNet) in 14.7084ms
2025-07-19 21:34:13.476 +05:30 [INF] Executed endpoint 'AuthNet.Controllers.SalesController.GetCurrentYearProfit (AuthNet)'
2025-07-19 21:34:13.476 +05:30 [INF] Request finished HTTP/1.1 GET https://localhost:7165/api/Sales/CurrentYearProfit - 200 null application/json; charset=utf-8 15.6671ms
2025-07-19 21:34:13.503 +05:30 [INF] Request starting HTTP/1.1 GET https://localhost:7165/api/Tasks - null null
2025-07-19 21:34:13.503 +05:30 [INF] Executing endpoint 'AuthNet.Controllers.TasksController.GetTasks (AuthNet)'
2025-07-19 21:34:13.504 +05:30 [INF] Route matched with {action = "GetTasks", controller = "Tasks"}. Executing controller action with signature Microsoft.AspNetCore.Mvc.IActionResult GetTasks() on controller AuthNet.Controllers.TasksController (AuthNet).
2025-07-19 21:34:13.508 +05:30 [INF] Executed DbCommand (2ms) [Parameters=[], CommandType='"Text"', CommandTimeout='30']
SELECT [t].[Id], [t].[Title], [t].[DueDate]
FROM [Tasks] AS [t]
2025-07-19 21:34:13.508 +05:30 [INF] Executing OkObjectResult, writing value of type 'System.Collections.Generic.List`1[[AuthNet.Models.DTO.TaskItemDto, AuthNet, Version=1.0.0.0, Culture=neutral, PublicKeyToken=null]]'.
2025-07-19 21:34:13.508 +05:30 [INF] Executed action AuthNet.Controllers.TasksController.GetTasks (AuthNet) in 4.3987ms
2025-07-19 21:34:13.508 +05:30 [INF] Executed endpoint 'AuthNet.Controllers.TasksController.GetTasks (AuthNet)'
2025-07-19 21:34:13.509 +05:30 [INF] Request finished HTTP/1.1 GET https://localhost:7165/api/Tasks - 200 null application/json; charset=utf-8 6.0324ms
2025-07-19 21:34:13.530 +05:30 [INF] Request starting HTTP/1.1 GET https://localhost:7165/api/Settings/Get - null null
2025-07-19 21:34:13.531 +05:30 [INF] Executing endpoint 'AuthNet.Controllers.SettingsController.GetCompanyInfo (AuthNet)'
2025-07-19 21:34:13.531 +05:30 [INF] Route matched with {action = "GetCompanyInfo", controller = "Settings"}. Executing controller action with signature System.Threading.Tasks.Task`1[Microsoft.AspNetCore.Mvc.IActionResult] GetCompanyInfo() on controller AuthNet.Controllers.SettingsController (AuthNet).
2025-07-19 21:34:13.540 +05:30 [INF] Executed DbCommand (7ms) [Parameters=[], CommandType='"Text"', CommandTimeout='30']
SELECT TOP(1) [c].[Id], [c].[Address], [c].[ContactNumber], [c].[Email], [c].[GSTIN], [c].[LogoFileExtension], [c].[LogoFilePath], [c].[LogoFileSizeInBytes], [c].[LogoName], [c].[Name], [c].[SignFileExtension], [c].[SignFilePath], [c].[SignFileSizeInBytes], [c].[SignName]
FROM [CompanyInfos] AS [c]
2025-07-19 21:34:13.541 +05:30 [INF] Executing OkObjectResult, writing value of type 'AuthNet.Models.DTO.CompanyInfoResponseDto'.
2025-07-19 21:34:13.541 +05:30 [INF] Executed action AuthNet.Controllers.SettingsController.GetCompanyInfo (AuthNet) in 9.6699ms
2025-07-19 21:34:13.541 +05:30 [INF] Executed endpoint 'AuthNet.Controllers.SettingsController.GetCompanyInfo (AuthNet)'
2025-07-19 21:34:13.541 +05:30 [INF] Request finished HTTP/1.1 GET https://localhost:7165/api/Settings/Get - 200 null application/json; charset=utf-8 11.0718ms
2025-07-19 21:34:17.361 +05:30 [INF] Request starting HTTP/1.1 GET https://localhost:7165/api/Sales/DailyProfit - null null
2025-07-19 21:34:17.361 +05:30 [INF] Executing endpoint 'AuthNet.Controllers.SalesController.GetDailyProfit (AuthNet)'
2025-07-19 21:34:17.361 +05:30 [INF] Route matched with {action = "GetDailyProfit", controller = "Sales"}. Executing controller action with signature System.Threading.Tasks.Task`1[Microsoft.AspNetCore.Mvc.IActionResult] GetDailyProfit() on controller AuthNet.Controllers.SalesController (AuthNet).
2025-07-19 21:34:17.381 +05:30 [INF] Executed DbCommand (16ms) [Parameters=[@__date_Date_0='?' (DbType = DateTime2)], CommandType='"Text"', CommandTimeout='30']
SELECT [s].[Id], [s].[ProductId], [s].[ProductName], [s].[Quantity], [s].[SaleId], [s].[TotalPrice], [s].[UnitPrice], [s0].[Id], [s0].[AfterTaxAmount], [s0].[CreatedAt], [s0].[DiscountedAmount], [s0].[InvoiceDate], [s0].[InvoiceNo], [s0].[PrincipalAmount], [s0].[Template], [s0].[TotalAmount]
FROM [SaleItems] AS [s]
INNER JOIN [Sales] AS [s0] ON [s].[SaleId] = [s0].[Id]
WHERE CONVERT(date, [s0].[InvoiceDate]) = @__date_Date_0
2025-07-19 21:34:17.396 +05:30 [INF] Executed DbCommand (14ms) [Parameters=[@__productIds_0='?' (Size = 4000)], CommandType='"Text"', CommandTimeout='30']
SELECT [p].[ProductId], [p].[CategoryId], [p].[CostPrice], [p].[Description], [p].[Name], [p].[ProductCode], [p].[ProductKey], [p].[SellPrice], [p].[SupplierId]
FROM [Products] AS [p]
WHERE [p].[ProductId] IN (
    SELECT [p0].[value]
    FROM OPENJSON(@__productIds_0) WITH ([value] int '$') AS [p0]
)
2025-07-19 21:34:17.396 +05:30 [INF] Executing OkObjectResult, writing value of type 'AuthNet.Models.DTO.DailyProfitDto'.
2025-07-19 21:34:17.396 +05:30 [INF] Executed action AuthNet.Controllers.SalesController.GetDailyProfit (AuthNet) in 34.9013ms
2025-07-19 21:34:17.396 +05:30 [INF] Executed endpoint 'AuthNet.Controllers.SalesController.GetDailyProfit (AuthNet)'
2025-07-19 21:34:17.397 +05:30 [INF] Request finished HTTP/1.1 GET https://localhost:7165/api/Sales/DailyProfit - 200 null application/json; charset=utf-8 35.9895ms
2025-07-19 21:34:17.417 +05:30 [INF] Request starting HTTP/1.1 GET https://localhost:7165/api/Sales/CurrentMonthProfit - null null
2025-07-19 21:34:17.418 +05:30 [INF] Executing endpoint 'AuthNet.Controllers.SalesController.GetCurrentMonthProfit (AuthNet)'
2025-07-19 21:34:17.418 +05:30 [INF] Route matched with {action = "GetCurrentMonthProfit", controller = "Sales"}. Executing controller action with signature System.Threading.Tasks.Task`1[Microsoft.AspNetCore.Mvc.IActionResult] GetCurrentMonthProfit() on controller AuthNet.Controllers.SalesController (AuthNet).
2025-07-19 21:34:17.430 +05:30 [INF] Executed DbCommand (10ms) [Parameters=[@__currentYear_0='?' (DbType = Int32), @__currentMonth_1='?' (DbType = Int32)], CommandType='"Text"', CommandTimeout='30']
SELECT [s].[Id], [s].[ProductId], [s].[ProductName], [s].[Quantity], [s].[SaleId], [s].[TotalPrice], [s].[UnitPrice], [s0].[Id], [s0].[AfterTaxAmount], [s0].[CreatedAt], [s0].[DiscountedAmount], [s0].[InvoiceDate], [s0].[InvoiceNo], [s0].[PrincipalAmount], [s0].[Template], [s0].[TotalAmount]
FROM [SaleItems] AS [s]
INNER JOIN [Sales] AS [s0] ON [s].[SaleId] = [s0].[Id]
WHERE DATEPART(year, [s0].[InvoiceDate]) = @__currentYear_0 AND DATEPART(month, [s0].[InvoiceDate]) = @__currentMonth_1
2025-07-19 21:34:17.432 +05:30 [INF] Executed DbCommand (1ms) [Parameters=[@__productIds_0='?' (Size = 4000)], CommandType='"Text"', CommandTimeout='30']
SELECT [p].[ProductId], [p].[CategoryId], [p].[CostPrice], [p].[Description], [p].[Name], [p].[ProductCode], [p].[ProductKey], [p].[SellPrice], [p].[SupplierId]
FROM [Products] AS [p]
WHERE [p].[ProductId] IN (
    SELECT [p0].[value]
    FROM OPENJSON(@__productIds_0) WITH ([value] int '$') AS [p0]
)
2025-07-19 21:34:17.433 +05:30 [INF] Executing OkObjectResult, writing value of type 'AuthNet.Models.DTO.MonthlyProfitDto'.
2025-07-19 21:34:17.433 +05:30 [INF] Executed action AuthNet.Controllers.SalesController.GetCurrentMonthProfit (AuthNet) in 14.6904ms
2025-07-19 21:34:17.433 +05:30 [INF] Executed endpoint 'AuthNet.Controllers.SalesController.GetCurrentMonthProfit (AuthNet)'
2025-07-19 21:34:17.433 +05:30 [INF] Request finished HTTP/1.1 GET https://localhost:7165/api/Sales/CurrentMonthProfit - 200 null application/json; charset=utf-8 15.8182ms
2025-07-19 21:34:17.456 +05:30 [INF] Request starting HTTP/1.1 GET https://localhost:7165/api/Sales/CurrentYearProfit - null null
2025-07-19 21:34:17.456 +05:30 [INF] Executing endpoint 'AuthNet.Controllers.SalesController.GetCurrentYearProfit (AuthNet)'
2025-07-19 21:34:17.456 +05:30 [INF] Route matched with {action = "GetCurrentYearProfit", controller = "Sales"}. Executing controller action with signature System.Threading.Tasks.Task`1[Microsoft.AspNetCore.Mvc.IActionResult] GetCurrentYearProfit() on controller AuthNet.Controllers.SalesController (AuthNet).
2025-07-19 21:34:17.466 +05:30 [INF] Executed DbCommand (8ms) [Parameters=[@__currentYear_0='?' (DbType = Int32)], CommandType='"Text"', CommandTimeout='30']
SELECT [s].[Id], [s].[ProductId], [s].[ProductName], [s].[Quantity], [s].[SaleId], [s].[TotalPrice], [s].[UnitPrice], [s0].[Id], [s0].[AfterTaxAmount], [s0].[CreatedAt], [s0].[DiscountedAmount], [s0].[InvoiceDate], [s0].[InvoiceNo], [s0].[PrincipalAmount], [s0].[Template], [s0].[TotalAmount]
FROM [SaleItems] AS [s]
INNER JOIN [Sales] AS [s0] ON [s].[SaleId] = [s0].[Id]
WHERE DATEPART(year, [s0].[InvoiceDate]) = @__currentYear_0
2025-07-19 21:34:17.469 +05:30 [INF] Executed DbCommand (1ms) [Parameters=[@__productIds_0='?' (Size = 4000)], CommandType='"Text"', CommandTimeout='30']
SELECT [p].[ProductId], [p].[CategoryId], [p].[CostPrice], [p].[Description], [p].[Name], [p].[ProductCode], [p].[ProductKey], [p].[SellPrice], [p].[SupplierId]
FROM [Products] AS [p]
WHERE [p].[ProductId] IN (
    SELECT [p0].[value]
    FROM OPENJSON(@__productIds_0) WITH ([value] int '$') AS [p0]
)
2025-07-19 21:34:17.469 +05:30 [INF] Executing OkObjectResult, writing value of type 'AuthNet.Models.DTO.YearlyProfitDto'.
2025-07-19 21:34:17.469 +05:30 [INF] Executed action AuthNet.Controllers.SalesController.GetCurrentYearProfit (AuthNet) in 13.2187ms
2025-07-19 21:34:17.470 +05:30 [INF] Executed endpoint 'AuthNet.Controllers.SalesController.GetCurrentYearProfit (AuthNet)'
2025-07-19 21:34:17.470 +05:30 [INF] Request finished HTTP/1.1 GET https://localhost:7165/api/Sales/CurrentYearProfit - 200 null application/json; charset=utf-8 14.2455ms
2025-07-19 21:34:17.509 +05:30 [INF] Request starting HTTP/1.1 GET https://localhost:7165/api/Tasks - null null
2025-07-19 21:34:17.509 +05:30 [INF] Executing endpoint 'AuthNet.Controllers.TasksController.GetTasks (AuthNet)'
2025-07-19 21:34:17.509 +05:30 [INF] Route matched with {action = "GetTasks", controller = "Tasks"}. Executing controller action with signature Microsoft.AspNetCore.Mvc.IActionResult GetTasks() on controller AuthNet.Controllers.TasksController (AuthNet).
2025-07-19 21:34:17.514 +05:30 [INF] Executed DbCommand (3ms) [Parameters=[], CommandType='"Text"', CommandTimeout='30']
SELECT [t].[Id], [t].[Title], [t].[DueDate]
FROM [Tasks] AS [t]
2025-07-19 21:34:17.515 +05:30 [INF] Executing OkObjectResult, writing value of type 'System.Collections.Generic.List`1[[AuthNet.Models.DTO.TaskItemDto, AuthNet, Version=1.0.0.0, Culture=neutral, PublicKeyToken=null]]'.
2025-07-19 21:34:17.515 +05:30 [INF] Executed action AuthNet.Controllers.TasksController.GetTasks (AuthNet) in 5.4221ms
2025-07-19 21:34:17.515 +05:30 [INF] Executed endpoint 'AuthNet.Controllers.TasksController.GetTasks (AuthNet)'
2025-07-19 21:34:17.515 +05:30 [INF] Request finished HTTP/1.1 GET https://localhost:7165/api/Tasks - 200 null application/json; charset=utf-8 6.1339ms
2025-07-19 21:34:17.560 +05:30 [INF] Request starting HTTP/1.1 GET https://localhost:7165/api/Settings/Get - null null
2025-07-19 21:34:17.560 +05:30 [INF] Executing endpoint 'AuthNet.Controllers.SettingsController.GetCompanyInfo (AuthNet)'
2025-07-19 21:34:17.560 +05:30 [INF] Route matched with {action = "GetCompanyInfo", controller = "Settings"}. Executing controller action with signature System.Threading.Tasks.Task`1[Microsoft.AspNetCore.Mvc.IActionResult] GetCompanyInfo() on controller AuthNet.Controllers.SettingsController (AuthNet).
2025-07-19 21:34:17.602 +05:30 [INF] Executed DbCommand (40ms) [Parameters=[], CommandType='"Text"', CommandTimeout='30']
SELECT TOP(1) [c].[Id], [c].[Address], [c].[ContactNumber], [c].[Email], [c].[GSTIN], [c].[LogoFileExtension], [c].[LogoFilePath], [c].[LogoFileSizeInBytes], [c].[LogoName], [c].[Name], [c].[SignFileExtension], [c].[SignFilePath], [c].[SignFileSizeInBytes], [c].[SignName]
FROM [CompanyInfos] AS [c]
2025-07-19 21:34:17.602 +05:30 [INF] Executing OkObjectResult, writing value of type 'AuthNet.Models.DTO.CompanyInfoResponseDto'.
2025-07-19 21:34:17.603 +05:30 [INF] Executed action AuthNet.Controllers.SettingsController.GetCompanyInfo (AuthNet) in 42.5458ms
2025-07-19 21:34:17.603 +05:30 [INF] Executed endpoint 'AuthNet.Controllers.SettingsController.GetCompanyInfo (AuthNet)'
2025-07-19 21:34:17.603 +05:30 [INF] Request finished HTTP/1.1 GET https://localhost:7165/api/Settings/Get - 200 null application/json; charset=utf-8 43.5879ms
2025-07-19 21:34:21.052 +05:30 [INF] Request starting HTTP/1.1 GET https://localhost:7165/api/Sales/DailyProfit - null null
2025-07-19 21:34:21.057 +05:30 [INF] Executing endpoint 'AuthNet.Controllers.SalesController.GetDailyProfit (AuthNet)'
2025-07-19 21:34:21.058 +05:30 [INF] Route matched with {action = "GetDailyProfit", controller = "Sales"}. Executing controller action with signature System.Threading.Tasks.Task`1[Microsoft.AspNetCore.Mvc.IActionResult] GetDailyProfit() on controller AuthNet.Controllers.SalesController (AuthNet).
2025-07-19 21:34:21.080 +05:30 [INF] Executed DbCommand (18ms) [Parameters=[@__date_Date_0='?' (DbType = DateTime2)], CommandType='"Text"', CommandTimeout='30']
SELECT [s].[Id], [s].[ProductId], [s].[ProductName], [s].[Quantity], [s].[SaleId], [s].[TotalPrice], [s].[UnitPrice], [s0].[Id], [s0].[AfterTaxAmount], [s0].[CreatedAt], [s0].[DiscountedAmount], [s0].[InvoiceDate], [s0].[InvoiceNo], [s0].[PrincipalAmount], [s0].[Template], [s0].[TotalAmount]
FROM [SaleItems] AS [s]
INNER JOIN [Sales] AS [s0] ON [s].[SaleId] = [s0].[Id]
WHERE CONVERT(date, [s0].[InvoiceDate]) = @__date_Date_0
2025-07-19 21:34:21.091 +05:30 [INF] Executed DbCommand (11ms) [Parameters=[@__productIds_0='?' (Size = 4000)], CommandType='"Text"', CommandTimeout='30']
SELECT [p].[ProductId], [p].[CategoryId], [p].[CostPrice], [p].[Description], [p].[Name], [p].[ProductCode], [p].[ProductKey], [p].[SellPrice], [p].[SupplierId]
FROM [Products] AS [p]
WHERE [p].[ProductId] IN (
    SELECT [p0].[value]
    FROM OPENJSON(@__productIds_0) WITH ([value] int '$') AS [p0]
)
2025-07-19 21:34:21.091 +05:30 [INF] Executing OkObjectResult, writing value of type 'AuthNet.Models.DTO.DailyProfitDto'.
2025-07-19 21:34:21.092 +05:30 [INF] Executed action AuthNet.Controllers.SalesController.GetDailyProfit (AuthNet) in 33.6411ms
2025-07-19 21:34:21.092 +05:30 [INF] Executed endpoint 'AuthNet.Controllers.SalesController.GetDailyProfit (AuthNet)'
2025-07-19 21:34:21.092 +05:30 [INF] Request finished HTTP/1.1 GET https://localhost:7165/api/Sales/DailyProfit - 200 null application/json; charset=utf-8 39.6844ms
2025-07-19 21:34:21.116 +05:30 [INF] Request starting HTTP/1.1 GET https://localhost:7165/api/Sales/CurrentMonthProfit - null null
2025-07-19 21:34:21.116 +05:30 [INF] Executing endpoint 'AuthNet.Controllers.SalesController.GetCurrentMonthProfit (AuthNet)'
2025-07-19 21:34:21.116 +05:30 [INF] Route matched with {action = "GetCurrentMonthProfit", controller = "Sales"}. Executing controller action with signature System.Threading.Tasks.Task`1[Microsoft.AspNetCore.Mvc.IActionResult] GetCurrentMonthProfit() on controller AuthNet.Controllers.SalesController (AuthNet).
2025-07-19 21:34:21.126 +05:30 [INF] Executed DbCommand (8ms) [Parameters=[@__currentYear_0='?' (DbType = Int32), @__currentMonth_1='?' (DbType = Int32)], CommandType='"Text"', CommandTimeout='30']
SELECT [s].[Id], [s].[ProductId], [s].[ProductName], [s].[Quantity], [s].[SaleId], [s].[TotalPrice], [s].[UnitPrice], [s0].[Id], [s0].[AfterTaxAmount], [s0].[CreatedAt], [s0].[DiscountedAmount], [s0].[InvoiceDate], [s0].[InvoiceNo], [s0].[PrincipalAmount], [s0].[Template], [s0].[TotalAmount]
FROM [SaleItems] AS [s]
INNER JOIN [Sales] AS [s0] ON [s].[SaleId] = [s0].[Id]
WHERE DATEPART(year, [s0].[InvoiceDate]) = @__currentYear_0 AND DATEPART(month, [s0].[InvoiceDate]) = @__currentMonth_1
2025-07-19 21:34:21.127 +05:30 [INF] Executed DbCommand (1ms) [Parameters=[@__productIds_0='?' (Size = 4000)], CommandType='"Text"', CommandTimeout='30']
SELECT [p].[ProductId], [p].[CategoryId], [p].[CostPrice], [p].[Description], [p].[Name], [p].[ProductCode], [p].[ProductKey], [p].[SellPrice], [p].[SupplierId]
FROM [Products] AS [p]
WHERE [p].[ProductId] IN (
    SELECT [p0].[value]
    FROM OPENJSON(@__productIds_0) WITH ([value] int '$') AS [p0]
)
2025-07-19 21:34:21.127 +05:30 [INF] Executing OkObjectResult, writing value of type 'AuthNet.Models.DTO.MonthlyProfitDto'.
2025-07-19 21:34:21.128 +05:30 [INF] Executed action AuthNet.Controllers.SalesController.GetCurrentMonthProfit (AuthNet) in 11.3142ms
2025-07-19 21:34:21.128 +05:30 [INF] Executed endpoint 'AuthNet.Controllers.SalesController.GetCurrentMonthProfit (AuthNet)'
2025-07-19 21:34:21.128 +05:30 [INF] Request finished HTTP/1.1 GET https://localhost:7165/api/Sales/CurrentMonthProfit - 200 null application/json; charset=utf-8 12.5335ms
2025-07-19 21:34:21.145 +05:30 [INF] Request starting HTTP/1.1 GET https://localhost:7165/api/Sales/CurrentYearProfit - null null
2025-07-19 21:34:21.146 +05:30 [INF] Executing endpoint 'AuthNet.Controllers.SalesController.GetCurrentYearProfit (AuthNet)'
2025-07-19 21:34:21.146 +05:30 [INF] Route matched with {action = "GetCurrentYearProfit", controller = "Sales"}. Executing controller action with signature System.Threading.Tasks.Task`1[Microsoft.AspNetCore.Mvc.IActionResult] GetCurrentYearProfit() on controller AuthNet.Controllers.SalesController (AuthNet).
2025-07-19 21:34:21.155 +05:30 [INF] Executed DbCommand (8ms) [Parameters=[@__currentYear_0='?' (DbType = Int32)], CommandType='"Text"', CommandTimeout='30']
SELECT [s].[Id], [s].[ProductId], [s].[ProductName], [s].[Quantity], [s].[SaleId], [s].[TotalPrice], [s].[UnitPrice], [s0].[Id], [s0].[AfterTaxAmount], [s0].[CreatedAt], [s0].[DiscountedAmount], [s0].[InvoiceDate], [s0].[InvoiceNo], [s0].[PrincipalAmount], [s0].[Template], [s0].[TotalAmount]
FROM [SaleItems] AS [s]
INNER JOIN [Sales] AS [s0] ON [s].[SaleId] = [s0].[Id]
WHERE DATEPART(year, [s0].[InvoiceDate]) = @__currentYear_0
2025-07-19 21:34:21.157 +05:30 [INF] Executed DbCommand (2ms) [Parameters=[@__productIds_0='?' (Size = 4000)], CommandType='"Text"', CommandTimeout='30']
SELECT [p].[ProductId], [p].[CategoryId], [p].[CostPrice], [p].[Description], [p].[Name], [p].[ProductCode], [p].[ProductKey], [p].[SellPrice], [p].[SupplierId]
FROM [Products] AS [p]
WHERE [p].[ProductId] IN (
    SELECT [p0].[value]
    FROM OPENJSON(@__productIds_0) WITH ([value] int '$') AS [p0]
)
2025-07-19 21:34:21.158 +05:30 [INF] Executing OkObjectResult, writing value of type 'AuthNet.Models.DTO.YearlyProfitDto'.
2025-07-19 21:34:21.158 +05:30 [INF] Executed action AuthNet.Controllers.SalesController.GetCurrentYearProfit (AuthNet) in 12.0107ms
2025-07-19 21:34:21.158 +05:30 [INF] Executed endpoint 'AuthNet.Controllers.SalesController.GetCurrentYearProfit (AuthNet)'
2025-07-19 21:34:21.159 +05:30 [INF] Request finished HTTP/1.1 GET https://localhost:7165/api/Sales/CurrentYearProfit - 200 null application/json; charset=utf-8 13.44ms
2025-07-19 21:34:21.179 +05:30 [INF] Request starting HTTP/1.1 GET https://localhost:7165/api/Tasks - null null
2025-07-19 21:34:21.179 +05:30 [INF] Executing endpoint 'AuthNet.Controllers.TasksController.GetTasks (AuthNet)'
2025-07-19 21:34:21.179 +05:30 [INF] Route matched with {action = "GetTasks", controller = "Tasks"}. Executing controller action with signature Microsoft.AspNetCore.Mvc.IActionResult GetTasks() on controller AuthNet.Controllers.TasksController (AuthNet).
2025-07-19 21:34:21.183 +05:30 [INF] Executed DbCommand (2ms) [Parameters=[], CommandType='"Text"', CommandTimeout='30']
SELECT [t].[Id], [t].[Title], [t].[DueDate]
FROM [Tasks] AS [t]
2025-07-19 21:34:21.184 +05:30 [INF] Executing OkObjectResult, writing value of type 'System.Collections.Generic.List`1[[AuthNet.Models.DTO.TaskItemDto, AuthNet, Version=1.0.0.0, Culture=neutral, PublicKeyToken=null]]'.
2025-07-19 21:34:21.184 +05:30 [INF] Executed action AuthNet.Controllers.TasksController.GetTasks (AuthNet) in 4.2475ms
2025-07-19 21:34:21.184 +05:30 [INF] Executed endpoint 'AuthNet.Controllers.TasksController.GetTasks (AuthNet)'
2025-07-19 21:34:21.184 +05:30 [INF] Request finished HTTP/1.1 GET https://localhost:7165/api/Tasks - 200 null application/json; charset=utf-8 5.4183ms
2025-07-19 21:34:21.206 +05:30 [INF] Request starting HTTP/1.1 GET https://localhost:7165/api/Settings/Get - null null
2025-07-19 21:34:21.206 +05:30 [INF] Executing endpoint 'AuthNet.Controllers.SettingsController.GetCompanyInfo (AuthNet)'
2025-07-19 21:34:21.206 +05:30 [INF] Route matched with {action = "GetCompanyInfo", controller = "Settings"}. Executing controller action with signature System.Threading.Tasks.Task`1[Microsoft.AspNetCore.Mvc.IActionResult] GetCompanyInfo() on controller AuthNet.Controllers.SettingsController (AuthNet).
2025-07-19 21:34:21.212 +05:30 [INF] Executed DbCommand (5ms) [Parameters=[], CommandType='"Text"', CommandTimeout='30']
SELECT TOP(1) [c].[Id], [c].[Address], [c].[ContactNumber], [c].[Email], [c].[GSTIN], [c].[LogoFileExtension], [c].[LogoFilePath], [c].[LogoFileSizeInBytes], [c].[LogoName], [c].[Name], [c].[SignFileExtension], [c].[SignFilePath], [c].[SignFileSizeInBytes], [c].[SignName]
FROM [CompanyInfos] AS [c]
2025-07-19 21:34:21.212 +05:30 [INF] Executing OkObjectResult, writing value of type 'AuthNet.Models.DTO.CompanyInfoResponseDto'.
2025-07-19 21:34:21.213 +05:30 [INF] Executed action AuthNet.Controllers.SettingsController.GetCompanyInfo (AuthNet) in 6.1349ms
2025-07-19 21:34:21.213 +05:30 [INF] Executed endpoint 'AuthNet.Controllers.SettingsController.GetCompanyInfo (AuthNet)'
2025-07-19 21:34:21.213 +05:30 [INF] Request finished HTTP/1.1 GET https://localhost:7165/api/Settings/Get - 200 null application/json; charset=utf-8 7.1368ms
2025-07-19 21:34:53.755 +05:30 [INF] User profile is available. Using 'C:\Users\Admin\AppData\Local\ASP.NET\DataProtection-Keys' as key repository and Windows DPAPI to encrypt keys at rest.
2025-07-19 21:34:54.563 +05:30 [INF] Now listening on: https://localhost:7165
2025-07-19 21:34:54.564 +05:30 [INF] Now listening on: http://localhost:5008
2025-07-19 21:34:55.534 +05:30 [INF] Application started. Press Ctrl+C to shut down.
2025-07-19 21:34:55.564 +05:30 [INF] Hosting environment: Development
2025-07-19 21:34:55.564 +05:30 [INF] Content root path: C:\Users\Admin\AuthNet\AuthNet
2025-07-19 21:34:56.730 +05:30 [INF] Request starting HTTP/2 GET https://localhost:7165/swagger/index.html - null null
2025-07-19 21:34:58.194 +05:30 [INF] Request finished HTTP/2 GET https://localhost:7165/swagger/index.html - 200 null text/html;charset=utf-8 1481.3661ms
2025-07-19 21:34:58.237 +05:30 [INF] Request starting HTTP/2 GET https://localhost:7165/_framework/aspnetcore-browser-refresh.js - null null
2025-07-19 21:34:58.394 +05:30 [INF] Request starting HTTP/2 GET https://localhost:7165/_vs/browserLink - null null
2025-07-19 21:34:58.570 +05:30 [INF] Request finished HTTP/2 GET https://localhost:7165/_framework/aspnetcore-browser-refresh.js - 200 16499 application/javascript; charset=utf-8 333.1565ms
2025-07-19 21:34:58.727 +05:30 [INF] Request finished HTTP/2 GET https://localhost:7165/_vs/browserLink - 200 null text/javascript; charset=UTF-8 332.8732ms
2025-07-19 21:34:58.734 +05:30 [INF] Request starting HTTP/1.1 GET https://localhost:7165/api/Sales/DailyProfit - null null
2025-07-19 21:34:58.824 +05:30 [INF] Request starting HTTP/2 GET https://localhost:7165/swagger/v1/swagger.json - null null
2025-07-19 21:34:59.146 +05:30 [INF] Request finished HTTP/2 GET https://localhost:7165/swagger/v1/swagger.json - 200 null application/json;charset=utf-8 321.5693ms
2025-07-19 21:34:59.195 +05:30 [INF] Executing endpoint 'AuthNet.Controllers.SalesController.GetDailyProfit (AuthNet)'
2025-07-19 21:34:59.280 +05:30 [INF] Route matched with {action = "GetDailyProfit", controller = "Sales"}. Executing controller action with signature System.Threading.Tasks.Task`1[Microsoft.AspNetCore.Mvc.IActionResult] GetDailyProfit() on controller AuthNet.Controllers.SalesController (AuthNet).
2025-07-19 21:35:02.575 +05:30 [WRN] No store type was specified for the decimal property 'TotalAmount' on entity type 'Order'. This will cause values to be silently truncated if they do not fit in the default precision and scale. Explicitly specify the SQL server column type that can accommodate all the values in 'OnModelCreating' using 'HasColumnType', specify precision and scale using 'HasPrecision', or configure a value converter using 'HasConversion'.
2025-07-19 21:35:02.575 +05:30 [WRN] No store type was specified for the decimal property 'UnitPrice' on entity type 'OrderItem'. This will cause values to be silently truncated if they do not fit in the default precision and scale. Explicitly specify the SQL server column type that can accommodate all the values in 'OnModelCreating' using 'HasColumnType', specify precision and scale using 'HasPrecision', or configure a value converter using 'HasConversion'.
2025-07-19 21:35:02.576 +05:30 [WRN] No store type was specified for the decimal property 'CostPrice' on entity type 'Product'. This will cause values to be silently truncated if they do not fit in the default precision and scale. Explicitly specify the SQL server column type that can accommodate all the values in 'OnModelCreating' using 'HasColumnType', specify precision and scale using 'HasPrecision', or configure a value converter using 'HasConversion'.
2025-07-19 21:35:02.576 +05:30 [WRN] No store type was specified for the decimal property 'SellPrice' on entity type 'Product'. This will cause values to be silently truncated if they do not fit in the default precision and scale. Explicitly specify the SQL server column type that can accommodate all the values in 'OnModelCreating' using 'HasColumnType', specify precision and scale using 'HasPrecision', or configure a value converter using 'HasConversion'.
2025-07-19 21:35:02.576 +05:30 [WRN] No store type was specified for the decimal property 'TotalAmount' on entity type 'PurchaseOrder'. This will cause values to be silently truncated if they do not fit in the default precision and scale. Explicitly specify the SQL server column type that can accommodate all the values in 'OnModelCreating' using 'HasColumnType', specify precision and scale using 'HasPrecision', or configure a value converter using 'HasConversion'.
2025-07-19 21:35:02.576 +05:30 [WRN] No store type was specified for the decimal property 'UnitPrice' on entity type 'PurchaseOrderItems'. This will cause values to be silently truncated if they do not fit in the default precision and scale. Explicitly specify the SQL server column type that can accommodate all the values in 'OnModelCreating' using 'HasColumnType', specify precision and scale using 'HasPrecision', or configure a value converter using 'HasConversion'.
2025-07-19 21:35:02.576 +05:30 [WRN] No store type was specified for the decimal property 'AfterTaxAmount' on entity type 'Sale'. This will cause values to be silently truncated if they do not fit in the default precision and scale. Explicitly specify the SQL server column type that can accommodate all the values in 'OnModelCreating' using 'HasColumnType', specify precision and scale using 'HasPrecision', or configure a value converter using 'HasConversion'.
2025-07-19 21:35:02.576 +05:30 [WRN] No store type was specified for the decimal property 'DiscountedAmount' on entity type 'Sale'. This will cause values to be silently truncated if they do not fit in the default precision and scale. Explicitly specify the SQL server column type that can accommodate all the values in 'OnModelCreating' using 'HasColumnType', specify precision and scale using 'HasPrecision', or configure a value converter using 'HasConversion'.
2025-07-19 21:35:02.576 +05:30 [WRN] No store type was specified for the decimal property 'PrincipalAmount' on entity type 'Sale'. This will cause values to be silently truncated if they do not fit in the default precision and scale. Explicitly specify the SQL server column type that can accommodate all the values in 'OnModelCreating' using 'HasColumnType', specify precision and scale using 'HasPrecision', or configure a value converter using 'HasConversion'.
2025-07-19 21:35:02.576 +05:30 [WRN] No store type was specified for the decimal property 'TotalAmount' on entity type 'Sale'. This will cause values to be silently truncated if they do not fit in the default precision and scale. Explicitly specify the SQL server column type that can accommodate all the values in 'OnModelCreating' using 'HasColumnType', specify precision and scale using 'HasPrecision', or configure a value converter using 'HasConversion'.
2025-07-19 21:35:02.577 +05:30 [WRN] No store type was specified for the decimal property 'TotalPrice' on entity type 'SaleItem'. This will cause values to be silently truncated if they do not fit in the default precision and scale. Explicitly specify the SQL server column type that can accommodate all the values in 'OnModelCreating' using 'HasColumnType', specify precision and scale using 'HasPrecision', or configure a value converter using 'HasConversion'.
2025-07-19 21:35:02.577 +05:30 [WRN] No store type was specified for the decimal property 'UnitPrice' on entity type 'SaleItem'. This will cause values to be silently truncated if they do not fit in the default precision and scale. Explicitly specify the SQL server column type that can accommodate all the values in 'OnModelCreating' using 'HasColumnType', specify precision and scale using 'HasPrecision', or configure a value converter using 'HasConversion'.
2025-07-19 21:35:02.577 +05:30 [WRN] No store type was specified for the decimal property 'CGST' on entity type 'TaxSetting'. This will cause values to be silently truncated if they do not fit in the default precision and scale. Explicitly specify the SQL server column type that can accommodate all the values in 'OnModelCreating' using 'HasColumnType', specify precision and scale using 'HasPrecision', or configure a value converter using 'HasConversion'.
2025-07-19 21:35:02.577 +05:30 [WRN] No store type was specified for the decimal property 'IGST' on entity type 'TaxSetting'. This will cause values to be silently truncated if they do not fit in the default precision and scale. Explicitly specify the SQL server column type that can accommodate all the values in 'OnModelCreating' using 'HasColumnType', specify precision and scale using 'HasPrecision', or configure a value converter using 'HasConversion'.
2025-07-19 21:35:02.577 +05:30 [WRN] No store type was specified for the decimal property 'SGST' on entity type 'TaxSetting'. This will cause values to be silently truncated if they do not fit in the default precision and scale. Explicitly specify the SQL server column type that can accommodate all the values in 'OnModelCreating' using 'HasColumnType', specify precision and scale using 'HasPrecision', or configure a value converter using 'HasConversion'.
2025-07-19 21:35:05.705 +05:30 [INF] Executed DbCommand (454ms) [Parameters=[@__date_Date_0='?' (DbType = DateTime2)], CommandType='"Text"', CommandTimeout='30']
SELECT [s].[Id], [s].[ProductId], [s].[ProductName], [s].[Quantity], [s].[SaleId], [s].[TotalPrice], [s].[UnitPrice], [s0].[Id], [s0].[AfterTaxAmount], [s0].[CreatedAt], [s0].[DiscountedAmount], [s0].[InvoiceDate], [s0].[InvoiceNo], [s0].[PrincipalAmount], [s0].[Template], [s0].[TotalAmount]
FROM [SaleItems] AS [s]
INNER JOIN [Sales] AS [s0] ON [s].[SaleId] = [s0].[Id]
WHERE CONVERT(date, [s0].[InvoiceDate]) = @__date_Date_0
2025-07-19 21:35:06.577 +05:30 [INF] Executed DbCommand (19ms) [Parameters=[@__productIds_0='?' (Size = 4000)], CommandType='"Text"', CommandTimeout='30']
SELECT [p].[ProductId], [p].[CategoryId], [p].[CostPrice], [p].[Description], [p].[Name], [p].[ProductCode], [p].[ProductKey], [p].[SellPrice], [p].[SupplierId]
FROM [Products] AS [p]
WHERE [p].[ProductId] IN (
    SELECT [p0].[value]
    FROM OPENJSON(@__productIds_0) WITH ([value] int '$') AS [p0]
)
2025-07-19 21:35:06.626 +05:30 [INF] Executing OkObjectResult, writing value of type 'AuthNet.Models.DTO.DailyProfitDto'.
2025-07-19 21:35:06.689 +05:30 [INF] Executed action AuthNet.Controllers.SalesController.GetDailyProfit (AuthNet) in 7403.3164ms
2025-07-19 21:35:06.690 +05:30 [INF] Executed endpoint 'AuthNet.Controllers.SalesController.GetDailyProfit (AuthNet)'
2025-07-19 21:35:06.706 +05:30 [INF] Request finished HTTP/1.1 GET https://localhost:7165/api/Sales/DailyProfit - 200 null application/json; charset=utf-8 7974.0203ms
2025-07-19 21:35:06.752 +05:30 [INF] Request starting HTTP/1.1 GET https://localhost:7165/api/Sales/CurrentMonthProfit - null null
2025-07-19 21:35:06.762 +05:30 [INF] Executing endpoint 'AuthNet.Controllers.SalesController.GetCurrentMonthProfit (AuthNet)'
2025-07-19 21:35:06.771 +05:30 [INF] Route matched with {action = "GetCurrentMonthProfit", controller = "Sales"}. Executing controller action with signature System.Threading.Tasks.Task`1[Microsoft.AspNetCore.Mvc.IActionResult] GetCurrentMonthProfit() on controller AuthNet.Controllers.SalesController (AuthNet).
2025-07-19 21:35:06.835 +05:30 [INF] Executed DbCommand (9ms) [Parameters=[@__currentYear_0='?' (DbType = Int32), @__currentMonth_1='?' (DbType = Int32)], CommandType='"Text"', CommandTimeout='30']
SELECT [s].[Id], [s].[ProductId], [s].[ProductName], [s].[Quantity], [s].[SaleId], [s].[TotalPrice], [s].[UnitPrice], [s0].[Id], [s0].[AfterTaxAmount], [s0].[CreatedAt], [s0].[DiscountedAmount], [s0].[InvoiceDate], [s0].[InvoiceNo], [s0].[PrincipalAmount], [s0].[Template], [s0].[TotalAmount]
FROM [SaleItems] AS [s]
INNER JOIN [Sales] AS [s0] ON [s].[SaleId] = [s0].[Id]
WHERE DATEPART(year, [s0].[InvoiceDate]) = @__currentYear_0 AND DATEPART(month, [s0].[InvoiceDate]) = @__currentMonth_1
2025-07-19 21:35:06.851 +05:30 [INF] Executed DbCommand (7ms) [Parameters=[@__productIds_0='?' (Size = 4000)], CommandType='"Text"', CommandTimeout='30']
SELECT [p].[ProductId], [p].[CategoryId], [p].[CostPrice], [p].[Description], [p].[Name], [p].[ProductCode], [p].[ProductKey], [p].[SellPrice], [p].[SupplierId]
FROM [Products] AS [p]
WHERE [p].[ProductId] IN (
    SELECT [p0].[value]
    FROM OPENJSON(@__productIds_0) WITH ([value] int '$') AS [p0]
)
2025-07-19 21:35:06.854 +05:30 [INF] Executing OkObjectResult, writing value of type 'AuthNet.Models.DTO.MonthlyProfitDto'.
2025-07-19 21:35:06.863 +05:30 [INF] Executed action AuthNet.Controllers.SalesController.GetCurrentMonthProfit (AuthNet) in 92.4679ms
2025-07-19 21:35:06.864 +05:30 [INF] Executed endpoint 'AuthNet.Controllers.SalesController.GetCurrentMonthProfit (AuthNet)'
2025-07-19 21:35:06.865 +05:30 [INF] Request finished HTTP/1.1 GET https://localhost:7165/api/Sales/CurrentMonthProfit - 200 null application/json; charset=utf-8 112.9604ms
2025-07-19 21:35:06.885 +05:30 [INF] Request starting HTTP/1.1 GET https://localhost:7165/api/Sales/CurrentYearProfit - null null
2025-07-19 21:35:06.891 +05:30 [INF] Executing endpoint 'AuthNet.Controllers.SalesController.GetCurrentYearProfit (AuthNet)'
2025-07-19 21:35:06.897 +05:30 [INF] Route matched with {action = "GetCurrentYearProfit", controller = "Sales"}. Executing controller action with signature System.Threading.Tasks.Task`1[Microsoft.AspNetCore.Mvc.IActionResult] GetCurrentYearProfit() on controller AuthNet.Controllers.SalesController (AuthNet).
2025-07-19 21:35:07.070 +05:30 [INF] Executed DbCommand (14ms) [Parameters=[@__currentYear_0='?' (DbType = Int32)], CommandType='"Text"', CommandTimeout='30']
SELECT [s].[Id], [s].[ProductId], [s].[ProductName], [s].[Quantity], [s].[SaleId], [s].[TotalPrice], [s].[UnitPrice], [s0].[Id], [s0].[AfterTaxAmount], [s0].[CreatedAt], [s0].[DiscountedAmount], [s0].[InvoiceDate], [s0].[InvoiceNo], [s0].[PrincipalAmount], [s0].[Template], [s0].[TotalAmount]
FROM [SaleItems] AS [s]
INNER JOIN [Sales] AS [s0] ON [s].[SaleId] = [s0].[Id]
WHERE DATEPART(year, [s0].[InvoiceDate]) = @__currentYear_0
2025-07-19 21:35:07.087 +05:30 [INF] Executed DbCommand (14ms) [Parameters=[@__productIds_0='?' (Size = 4000)], CommandType='"Text"', CommandTimeout='30']
SELECT [p].[ProductId], [p].[CategoryId], [p].[CostPrice], [p].[Description], [p].[Name], [p].[ProductCode], [p].[ProductKey], [p].[SellPrice], [p].[SupplierId]
FROM [Products] AS [p]
WHERE [p].[ProductId] IN (
    SELECT [p0].[value]
    FROM OPENJSON(@__productIds_0) WITH ([value] int '$') AS [p0]
)
2025-07-19 21:35:07.089 +05:30 [INF] Executing OkObjectResult, writing value of type 'AuthNet.Models.DTO.YearlyProfitDto'.
2025-07-19 21:35:07.090 +05:30 [INF] Executed action AuthNet.Controllers.SalesController.GetCurrentYearProfit (AuthNet) in 193.5883ms
2025-07-19 21:35:07.090 +05:30 [INF] Executed endpoint 'AuthNet.Controllers.SalesController.GetCurrentYearProfit (AuthNet)'
2025-07-19 21:35:07.091 +05:30 [INF] Request finished HTTP/1.1 GET https://localhost:7165/api/Sales/CurrentYearProfit - 200 null application/json; charset=utf-8 206.1189ms
2025-07-19 21:35:07.141 +05:30 [INF] Request starting HTTP/1.1 GET https://localhost:7165/api/Tasks - null null
2025-07-19 21:35:07.142 +05:30 [INF] Executing endpoint 'AuthNet.Controllers.TasksController.GetTasks (AuthNet)'
2025-07-19 21:35:07.144 +05:30 [INF] Route matched with {action = "GetTasks", controller = "Tasks"}. Executing controller action with signature Microsoft.AspNetCore.Mvc.IActionResult GetTasks() on controller AuthNet.Controllers.TasksController (AuthNet).
2025-07-19 21:35:07.177 +05:30 [INF] Executed DbCommand (8ms) [Parameters=[], CommandType='"Text"', CommandTimeout='30']
SELECT [t].[Id], [t].[Title], [t].[DueDate]
FROM [Tasks] AS [t]
2025-07-19 21:35:07.183 +05:30 [INF] Executing OkObjectResult, writing value of type 'System.Collections.Generic.List`1[[AuthNet.Models.DTO.TaskItemDto, AuthNet, Version=1.0.0.0, Culture=neutral, PublicKeyToken=null]]'.
2025-07-19 21:35:07.192 +05:30 [INF] Executed action AuthNet.Controllers.TasksController.GetTasks (AuthNet) in 48.3925ms
2025-07-19 21:35:07.192 +05:30 [INF] Executed endpoint 'AuthNet.Controllers.TasksController.GetTasks (AuthNet)'
2025-07-19 21:35:07.193 +05:30 [INF] Request finished HTTP/1.1 GET https://localhost:7165/api/Tasks - 200 null application/json; charset=utf-8 51.4355ms
2025-07-19 21:35:07.218 +05:30 [INF] Request starting HTTP/1.1 GET https://localhost:7165/api/Settings/Get - null null
2025-07-19 21:35:07.220 +05:30 [INF] Executing endpoint 'AuthNet.Controllers.SettingsController.GetCompanyInfo (AuthNet)'
2025-07-19 21:35:07.230 +05:30 [INF] Route matched with {action = "GetCompanyInfo", controller = "Settings"}. Executing controller action with signature System.Threading.Tasks.Task`1[Microsoft.AspNetCore.Mvc.IActionResult] GetCompanyInfo() on controller AuthNet.Controllers.SettingsController (AuthNet).
2025-07-19 21:35:07.252 +05:30 [WRN] The query uses the 'First'/'FirstOrDefault' operator without 'OrderBy' and filter operators. This may lead to unpredictable results.
2025-07-19 21:35:07.280 +05:30 [INF] Executed DbCommand (11ms) [Parameters=[], CommandType='"Text"', CommandTimeout='30']
SELECT TOP(1) [c].[Id], [c].[Address], [c].[ContactNumber], [c].[Email], [c].[GSTIN], [c].[LogoFileExtension], [c].[LogoFilePath], [c].[LogoFileSizeInBytes], [c].[LogoName], [c].[Name], [c].[SignFileExtension], [c].[SignFilePath], [c].[SignFileSizeInBytes], [c].[SignName]
FROM [CompanyInfos] AS [c]
2025-07-19 21:35:07.364 +05:30 [INF] Executing OkObjectResult, writing value of type 'AuthNet.Models.DTO.CompanyInfoResponseDto'.
2025-07-19 21:35:07.370 +05:30 [INF] Executed action AuthNet.Controllers.SettingsController.GetCompanyInfo (AuthNet) in 139.9133ms
2025-07-19 21:35:07.370 +05:30 [INF] Executed endpoint 'AuthNet.Controllers.SettingsController.GetCompanyInfo (AuthNet)'
2025-07-19 21:35:07.371 +05:30 [INF] Request finished HTTP/1.1 GET https://localhost:7165/api/Settings/Get - 200 null application/json; charset=utf-8 153.1405ms
2025-07-19 21:35:12.257 +05:30 [INF] Request starting HTTP/1.1 POST https://localhost:7165/api/Auth/login - application/json; charset=utf-8 null
2025-07-19 21:35:12.261 +05:30 [INF] Executing endpoint 'AuthNet.Controllers.AuthController.Login (AuthNet)'
2025-07-19 21:35:12.293 +05:30 [INF] Route matched with {action = "Login", controller = "Auth"}. Executing controller action with signature System.Threading.Tasks.Task`1[Microsoft.AspNetCore.Mvc.IActionResult] Login(AuthNet.Models.DTO.LoginDto) on controller AuthNet.Controllers.AuthController (AuthNet).
2025-07-19 21:35:12.459 +05:30 [INF] Executed DbCommand (20ms) [Parameters=[@__username_0='?' (Size = 100)], CommandType='"Text"', CommandTimeout='30']
SELECT TOP(1) [u].[UserId], [u].[CreatedAt], [u].[Email], [u].[Firstname], [u].[Lastname], [u].[PasswordHash], [u].[Role], [u].[Username]
FROM [Users] AS [u]
WHERE [u].[Username] = @__username_0
2025-07-19 21:35:13.736 +05:30 [INF] Executing OkObjectResult, writing value of type 'AuthNet.Models.DTO.ServiceResponse`1[[AuthNet.Models.DTO.LoginResponseDto, AuthNet, Version=1.0.0.0, Culture=neutral, PublicKeyToken=null]]'.
2025-07-19 21:35:13.742 +05:30 [INF] Executed action AuthNet.Controllers.AuthController.Login (AuthNet) in 1448.9116ms
2025-07-19 21:35:13.742 +05:30 [INF] Executed endpoint 'AuthNet.Controllers.AuthController.Login (AuthNet)'
2025-07-19 21:35:13.743 +05:30 [INF] Request finished HTTP/1.1 POST https://localhost:7165/api/Auth/login - 200 null application/json; charset=utf-8 1486.478ms
2025-07-19 21:35:13.821 +05:30 [INF] Request starting HTTP/1.1 GET https://localhost:7165/api/Sales/DailyProfit - null null
2025-07-19 21:35:13.822 +05:30 [INF] Executing endpoint 'AuthNet.Controllers.SalesController.GetDailyProfit (AuthNet)'
2025-07-19 21:35:13.823 +05:30 [INF] Route matched with {action = "GetDailyProfit", controller = "Sales"}. Executing controller action with signature System.Threading.Tasks.Task`1[Microsoft.AspNetCore.Mvc.IActionResult] GetDailyProfit() on controller AuthNet.Controllers.SalesController (AuthNet).
2025-07-19 21:35:13.847 +05:30 [INF] Executed DbCommand (20ms) [Parameters=[@__date_Date_0='?' (DbType = DateTime2)], CommandType='"Text"', CommandTimeout='30']
SELECT [s].[Id], [s].[ProductId], [s].[ProductName], [s].[Quantity], [s].[SaleId], [s].[TotalPrice], [s].[UnitPrice], [s0].[Id], [s0].[AfterTaxAmount], [s0].[CreatedAt], [s0].[DiscountedAmount], [s0].[InvoiceDate], [s0].[InvoiceNo], [s0].[PrincipalAmount], [s0].[Template], [s0].[TotalAmount]
FROM [SaleItems] AS [s]
INNER JOIN [Sales] AS [s0] ON [s].[SaleId] = [s0].[Id]
WHERE CONVERT(date, [s0].[InvoiceDate]) = @__date_Date_0
2025-07-19 21:35:13.860 +05:30 [INF] Executed DbCommand (11ms) [Parameters=[@__productIds_0='?' (Size = 4000)], CommandType='"Text"', CommandTimeout='30']
SELECT [p].[ProductId], [p].[CategoryId], [p].[CostPrice], [p].[Description], [p].[Name], [p].[ProductCode], [p].[ProductKey], [p].[SellPrice], [p].[SupplierId]
FROM [Products] AS [p]
WHERE [p].[ProductId] IN (
    SELECT [p0].[value]
    FROM OPENJSON(@__productIds_0) WITH ([value] int '$') AS [p0]
)
2025-07-19 21:35:13.861 +05:30 [INF] Executing OkObjectResult, writing value of type 'AuthNet.Models.DTO.DailyProfitDto'.
2025-07-19 21:35:13.861 +05:30 [INF] Executed action AuthNet.Controllers.SalesController.GetDailyProfit (AuthNet) in 38.3239ms
2025-07-19 21:35:13.861 +05:30 [INF] Executed endpoint 'AuthNet.Controllers.SalesController.GetDailyProfit (AuthNet)'
2025-07-19 21:35:13.862 +05:30 [INF] Request finished HTTP/1.1 GET https://localhost:7165/api/Sales/DailyProfit - 200 null application/json; charset=utf-8 41.367ms
2025-07-19 21:35:13.878 +05:30 [INF] Request starting HTTP/1.1 GET https://localhost:7165/api/Sales/CurrentMonthProfit - null null
2025-07-19 21:35:13.879 +05:30 [INF] Executing endpoint 'AuthNet.Controllers.SalesController.GetCurrentMonthProfit (AuthNet)'
2025-07-19 21:35:13.879 +05:30 [INF] Route matched with {action = "GetCurrentMonthProfit", controller = "Sales"}. Executing controller action with signature System.Threading.Tasks.Task`1[Microsoft.AspNetCore.Mvc.IActionResult] GetCurrentMonthProfit() on controller AuthNet.Controllers.SalesController (AuthNet).
2025-07-19 21:35:13.893 +05:30 [INF] Executed DbCommand (12ms) [Parameters=[@__currentYear_0='?' (DbType = Int32), @__currentMonth_1='?' (DbType = Int32)], CommandType='"Text"', CommandTimeout='30']
SELECT [s].[Id], [s].[ProductId], [s].[ProductName], [s].[Quantity], [s].[SaleId], [s].[TotalPrice], [s].[UnitPrice], [s0].[Id], [s0].[AfterTaxAmount], [s0].[CreatedAt], [s0].[DiscountedAmount], [s0].[InvoiceDate], [s0].[InvoiceNo], [s0].[PrincipalAmount], [s0].[Template], [s0].[TotalAmount]
FROM [SaleItems] AS [s]
INNER JOIN [Sales] AS [s0] ON [s].[SaleId] = [s0].[Id]
WHERE DATEPART(year, [s0].[InvoiceDate]) = @__currentYear_0 AND DATEPART(month, [s0].[InvoiceDate]) = @__currentMonth_1
2025-07-19 21:35:13.898 +05:30 [INF] Executed DbCommand (1ms) [Parameters=[@__productIds_0='?' (Size = 4000)], CommandType='"Text"', CommandTimeout='30']
SELECT [p].[ProductId], [p].[CategoryId], [p].[CostPrice], [p].[Description], [p].[Name], [p].[ProductCode], [p].[ProductKey], [p].[SellPrice], [p].[SupplierId]
FROM [Products] AS [p]
WHERE [p].[ProductId] IN (
    SELECT [p0].[value]
    FROM OPENJSON(@__productIds_0) WITH ([value] int '$') AS [p0]
)
2025-07-19 21:35:13.899 +05:30 [INF] Executing OkObjectResult, writing value of type 'AuthNet.Models.DTO.MonthlyProfitDto'.
2025-07-19 21:35:13.900 +05:30 [INF] Executed action AuthNet.Controllers.SalesController.GetCurrentMonthProfit (AuthNet) in 20.5101ms
2025-07-19 21:35:13.900 +05:30 [INF] Executed endpoint 'AuthNet.Controllers.SalesController.GetCurrentMonthProfit (AuthNet)'
2025-07-19 21:35:13.900 +05:30 [INF] Request finished HTTP/1.1 GET https://localhost:7165/api/Sales/CurrentMonthProfit - 200 null application/json; charset=utf-8 22.4596ms
2025-07-19 21:35:13.928 +05:30 [INF] Request starting HTTP/1.1 GET https://localhost:7165/api/Sales/CurrentYearProfit - null null
2025-07-19 21:35:13.929 +05:30 [INF] Executing endpoint 'AuthNet.Controllers.SalesController.GetCurrentYearProfit (AuthNet)'
2025-07-19 21:35:13.929 +05:30 [INF] Route matched with {action = "GetCurrentYearProfit", controller = "Sales"}. Executing controller action with signature System.Threading.Tasks.Task`1[Microsoft.AspNetCore.Mvc.IActionResult] GetCurrentYearProfit() on controller AuthNet.Controllers.SalesController (AuthNet).
2025-07-19 21:35:13.946 +05:30 [INF] Executed DbCommand (13ms) [Parameters=[@__currentYear_0='?' (DbType = Int32)], CommandType='"Text"', CommandTimeout='30']
SELECT [s].[Id], [s].[ProductId], [s].[ProductName], [s].[Quantity], [s].[SaleId], [s].[TotalPrice], [s].[UnitPrice], [s0].[Id], [s0].[AfterTaxAmount], [s0].[CreatedAt], [s0].[DiscountedAmount], [s0].[InvoiceDate], [s0].[InvoiceNo], [s0].[PrincipalAmount], [s0].[Template], [s0].[TotalAmount]
FROM [SaleItems] AS [s]
INNER JOIN [Sales] AS [s0] ON [s].[SaleId] = [s0].[Id]
WHERE DATEPART(year, [s0].[InvoiceDate]) = @__currentYear_0
2025-07-19 21:35:13.954 +05:30 [INF] Executed DbCommand (4ms) [Parameters=[@__productIds_0='?' (Size = 4000)], CommandType='"Text"', CommandTimeout='30']
SELECT [p].[ProductId], [p].[CategoryId], [p].[CostPrice], [p].[Description], [p].[Name], [p].[ProductCode], [p].[ProductKey], [p].[SellPrice], [p].[SupplierId]
FROM [Products] AS [p]
WHERE [p].[ProductId] IN (
    SELECT [p0].[value]
    FROM OPENJSON(@__productIds_0) WITH ([value] int '$') AS [p0]
)
2025-07-19 21:35:13.955 +05:30 [INF] Executing OkObjectResult, writing value of type 'AuthNet.Models.DTO.YearlyProfitDto'.
2025-07-19 21:35:13.956 +05:30 [INF] Executed action AuthNet.Controllers.SalesController.GetCurrentYearProfit (AuthNet) in 26.207ms
2025-07-19 21:35:13.956 +05:30 [INF] Executed endpoint 'AuthNet.Controllers.SalesController.GetCurrentYearProfit (AuthNet)'
2025-07-19 21:35:13.957 +05:30 [INF] Request finished HTTP/1.1 GET https://localhost:7165/api/Sales/CurrentYearProfit - 200 null application/json; charset=utf-8 28.7453ms
2025-07-19 21:35:13.982 +05:30 [INF] Request starting HTTP/1.1 GET https://localhost:7165/api/Tasks - null null
2025-07-19 21:35:13.983 +05:30 [INF] Executing endpoint 'AuthNet.Controllers.TasksController.GetTasks (AuthNet)'
2025-07-19 21:35:13.984 +05:30 [INF] Route matched with {action = "GetTasks", controller = "Tasks"}. Executing controller action with signature Microsoft.AspNetCore.Mvc.IActionResult GetTasks() on controller AuthNet.Controllers.TasksController (AuthNet).
2025-07-19 21:35:14.007 +05:30 [INF] Executed DbCommand (15ms) [Parameters=[], CommandType='"Text"', CommandTimeout='30']
SELECT [t].[Id], [t].[Title], [t].[DueDate]
FROM [Tasks] AS [t]
2025-07-19 21:35:14.008 +05:30 [INF] Executing OkObjectResult, writing value of type 'System.Collections.Generic.List`1[[AuthNet.Models.DTO.TaskItemDto, AuthNet, Version=1.0.0.0, Culture=neutral, PublicKeyToken=null]]'.
2025-07-19 21:35:14.009 +05:30 [INF] Executed action AuthNet.Controllers.TasksController.GetTasks (AuthNet) in 25.159ms
2025-07-19 21:35:14.009 +05:30 [INF] Executed endpoint 'AuthNet.Controllers.TasksController.GetTasks (AuthNet)'
2025-07-19 21:35:14.010 +05:30 [INF] Request finished HTTP/1.1 GET https://localhost:7165/api/Tasks - 200 null application/json; charset=utf-8 27.6023ms
2025-07-19 21:35:14.054 +05:30 [INF] Request starting HTTP/1.1 GET https://localhost:7165/api/Settings/Get - null null
2025-07-19 21:35:14.061 +05:30 [INF] Executing endpoint 'AuthNet.Controllers.SettingsController.GetCompanyInfo (AuthNet)'
2025-07-19 21:35:14.062 +05:30 [INF] Route matched with {action = "GetCompanyInfo", controller = "Settings"}. Executing controller action with signature System.Threading.Tasks.Task`1[Microsoft.AspNetCore.Mvc.IActionResult] GetCompanyInfo() on controller AuthNet.Controllers.SettingsController (AuthNet).
2025-07-19 21:35:14.073 +05:30 [INF] Executed DbCommand (8ms) [Parameters=[], CommandType='"Text"', CommandTimeout='30']
SELECT TOP(1) [c].[Id], [c].[Address], [c].[ContactNumber], [c].[Email], [c].[GSTIN], [c].[LogoFileExtension], [c].[LogoFilePath], [c].[LogoFileSizeInBytes], [c].[LogoName], [c].[Name], [c].[SignFileExtension], [c].[SignFilePath], [c].[SignFileSizeInBytes], [c].[SignName]
FROM [CompanyInfos] AS [c]
2025-07-19 21:35:14.074 +05:30 [INF] Executing OkObjectResult, writing value of type 'AuthNet.Models.DTO.CompanyInfoResponseDto'.
2025-07-19 21:35:14.074 +05:30 [INF] Executed action AuthNet.Controllers.SettingsController.GetCompanyInfo (AuthNet) in 12.6523ms
2025-07-19 21:35:14.075 +05:30 [INF] Executed endpoint 'AuthNet.Controllers.SettingsController.GetCompanyInfo (AuthNet)'
2025-07-19 21:35:14.076 +05:30 [INF] Request finished HTTP/1.1 GET https://localhost:7165/api/Settings/Get - 200 null application/json; charset=utf-8 22.1631ms
2025-07-19 21:37:01.546 +05:30 [INF] Request starting HTTP/2 GET https://localhost:7165/api/Sales/WeeklyProfit - null null
2025-07-19 21:37:01.585 +05:30 [WRN] Error unprotecting the session cookie.
System.Security.Cryptography.CryptographicException: The payload was invalid. For more information go to https://aka.ms/aspnet/dataprotectionwarning
   at Microsoft.AspNetCore.DataProtection.Cng.CbcAuthenticatedEncryptor.DecryptImpl(Byte* pbCiphertext, UInt32 cbCiphertext, Byte* pbAdditionalAuthenticatedData, UInt32 cbAdditionalAuthenticatedData)
   at Microsoft.AspNetCore.DataProtection.Cng.Internal.CngAuthenticatedEncryptorBase.Decrypt(ArraySegment`1 ciphertext, ArraySegment`1 additionalAuthenticatedData)
   at Microsoft.AspNetCore.DataProtection.KeyManagement.KeyRingBasedDataProtector.UnprotectCore(Byte[] protectedData, Boolean allowOperationsOnRevokedKeys, UnprotectStatus& status)
   at Microsoft.AspNetCore.DataProtection.KeyManagement.KeyRingBasedDataProtector.Unprotect(Byte[] protectedData)
   at Microsoft.AspNetCore.Session.CookieProtection.Unprotect(IDataProtector protector, String protectedText, ILogger logger)
2025-07-19 21:37:01.645 +05:30 [INF] Executing endpoint 'AuthNet.Controllers.SalesController.GetWeeklyProfit (AuthNet)'
2025-07-19 21:37:01.656 +05:30 [INF] Route matched with {action = "GetWeeklyProfit", controller = "Sales"}. Executing controller action with signature System.Threading.Tasks.Task`1[Microsoft.AspNetCore.Mvc.IActionResult] GetWeeklyProfit() on controller AuthNet.Controllers.SalesController (AuthNet).
2025-07-19 21:37:01.737 +05:30 [INF] Executed DbCommand (33ms) [Parameters=[@__startDate_0='?' (DbType = DateTime2), @__endDate_1='?' (DbType = DateTime2)], CommandType='"Text"', CommandTimeout='30']
SELECT [s].[Id], [s].[ProductId], [s].[ProductName], [s].[Quantity], [s].[SaleId], [s].[TotalPrice], [s].[UnitPrice], [s0].[Id], [s0].[AfterTaxAmount], [s0].[CreatedAt], [s0].[DiscountedAmount], [s0].[InvoiceDate], [s0].[InvoiceNo], [s0].[PrincipalAmount], [s0].[Template], [s0].[TotalAmount]
FROM [SaleItems] AS [s]
INNER JOIN [Sales] AS [s0] ON [s].[SaleId] = [s0].[Id]
WHERE CONVERT(date, [s0].[InvoiceDate]) >= @__startDate_0 AND CONVERT(date, [s0].[InvoiceDate]) <= @__endDate_1
2025-07-19 21:37:01.760 +05:30 [INF] Executed DbCommand (20ms) [Parameters=[@__productIds_0='?' (Size = 4000)], CommandType='"Text"', CommandTimeout='30']
SELECT [p].[ProductId], [p].[CategoryId], [p].[CostPrice], [p].[Description], [p].[Name], [p].[ProductCode], [p].[ProductKey], [p].[SellPrice], [p].[SupplierId]
FROM [Products] AS [p]
WHERE [p].[ProductId] IN (
    SELECT [p0].[value]
    FROM OPENJSON(@__productIds_0) WITH ([value] int '$') AS [p0]
)
2025-07-19 21:37:01.780 +05:30 [INF] Executing OkObjectResult, writing value of type 'System.Collections.Generic.List`1[[AuthNet.Models.DTO.DailyProfitDto, AuthNet, Version=1.0.0.0, Culture=neutral, PublicKeyToken=null]]'.
2025-07-19 21:37:01.782 +05:30 [INF] Executed action AuthNet.Controllers.SalesController.GetWeeklyProfit (AuthNet) in 125.1735ms
2025-07-19 21:37:01.782 +05:30 [INF] Executed endpoint 'AuthNet.Controllers.SalesController.GetWeeklyProfit (AuthNet)'
2025-07-19 21:37:01.782 +05:30 [INF] Request finished HTTP/2 GET https://localhost:7165/api/Sales/WeeklyProfit - 200 null application/json; charset=utf-8 236.9683ms
2025-07-19 21:37:09.723 +05:30 [INF] Request starting HTTP/2 GET https://localhost:7165/api/Sales/WeeklyProfit - null null
2025-07-19 21:37:09.838 +05:30 [WRN] Error unprotecting the session cookie.
System.Security.Cryptography.CryptographicException: The payload was invalid. For more information go to https://aka.ms/aspnet/dataprotectionwarning
   at Microsoft.AspNetCore.DataProtection.Cng.CbcAuthenticatedEncryptor.DecryptImpl(Byte* pbCiphertext, UInt32 cbCiphertext, Byte* pbAdditionalAuthenticatedData, UInt32 cbAdditionalAuthenticatedData)
   at Microsoft.AspNetCore.DataProtection.Cng.Internal.CngAuthenticatedEncryptorBase.Decrypt(ArraySegment`1 ciphertext, ArraySegment`1 additionalAuthenticatedData)
   at Microsoft.AspNetCore.DataProtection.KeyManagement.KeyRingBasedDataProtector.UnprotectCore(Byte[] protectedData, Boolean allowOperationsOnRevokedKeys, UnprotectStatus& status)
   at Microsoft.AspNetCore.DataProtection.KeyManagement.KeyRingBasedDataProtector.Unprotect(Byte[] protectedData)
   at Microsoft.AspNetCore.Session.CookieProtection.Unprotect(IDataProtector protector, String protectedText, ILogger logger)
2025-07-19 21:37:09.838 +05:30 [INF] Executing endpoint 'AuthNet.Controllers.SalesController.GetWeeklyProfit (AuthNet)'
2025-07-19 21:37:09.838 +05:30 [INF] Route matched with {action = "GetWeeklyProfit", controller = "Sales"}. Executing controller action with signature System.Threading.Tasks.Task`1[Microsoft.AspNetCore.Mvc.IActionResult] GetWeeklyProfit() on controller AuthNet.Controllers.SalesController (AuthNet).
2025-07-19 21:37:09.888 +05:30 [INF] Executed DbCommand (48ms) [Parameters=[@__startDate_0='?' (DbType = DateTime2), @__endDate_1='?' (DbType = DateTime2)], CommandType='"Text"', CommandTimeout='30']
SELECT [s].[Id], [s].[ProductId], [s].[ProductName], [s].[Quantity], [s].[SaleId], [s].[TotalPrice], [s].[UnitPrice], [s0].[Id], [s0].[AfterTaxAmount], [s0].[CreatedAt], [s0].[DiscountedAmount], [s0].[InvoiceDate], [s0].[InvoiceNo], [s0].[PrincipalAmount], [s0].[Template], [s0].[TotalAmount]
FROM [SaleItems] AS [s]
INNER JOIN [Sales] AS [s0] ON [s].[SaleId] = [s0].[Id]
WHERE CONVERT(date, [s0].[InvoiceDate]) >= @__startDate_0 AND CONVERT(date, [s0].[InvoiceDate]) <= @__endDate_1
2025-07-19 21:37:09.906 +05:30 [INF] Executed DbCommand (17ms) [Parameters=[@__productIds_0='?' (Size = 4000)], CommandType='"Text"', CommandTimeout='30']
SELECT [p].[ProductId], [p].[CategoryId], [p].[CostPrice], [p].[Description], [p].[Name], [p].[ProductCode], [p].[ProductKey], [p].[SellPrice], [p].[SupplierId]
FROM [Products] AS [p]
WHERE [p].[ProductId] IN (
    SELECT [p0].[value]
    FROM OPENJSON(@__productIds_0) WITH ([value] int '$') AS [p0]
)
2025-07-19 21:37:09.910 +05:30 [INF] Executing OkObjectResult, writing value of type 'System.Collections.Generic.List`1[[AuthNet.Models.DTO.DailyProfitDto, AuthNet, Version=1.0.0.0, Culture=neutral, PublicKeyToken=null]]'.
2025-07-19 21:37:09.911 +05:30 [INF] Executed action AuthNet.Controllers.SalesController.GetWeeklyProfit (AuthNet) in 72.6058ms
2025-07-19 21:37:09.911 +05:30 [INF] Executed endpoint 'AuthNet.Controllers.SalesController.GetWeeklyProfit (AuthNet)'
2025-07-19 21:37:09.911 +05:30 [INF] Request finished HTTP/2 GET https://localhost:7165/api/Sales/WeeklyProfit - 200 null application/json; charset=utf-8 188.1455ms
2025-07-19 21:37:10.208 +05:30 [INF] Request starting HTTP/2 GET https://localhost:7165/favicon.ico - null null
2025-07-19 21:37:10.210 +05:30 [WRN] Error unprotecting the session cookie.
System.Security.Cryptography.CryptographicException: The payload was invalid. For more information go to https://aka.ms/aspnet/dataprotectionwarning
   at Microsoft.AspNetCore.DataProtection.Cng.CbcAuthenticatedEncryptor.DecryptImpl(Byte* pbCiphertext, UInt32 cbCiphertext, Byte* pbAdditionalAuthenticatedData, UInt32 cbAdditionalAuthenticatedData)
   at Microsoft.AspNetCore.DataProtection.Cng.Internal.CngAuthenticatedEncryptorBase.Decrypt(ArraySegment`1 ciphertext, ArraySegment`1 additionalAuthenticatedData)
   at Microsoft.AspNetCore.DataProtection.KeyManagement.KeyRingBasedDataProtector.UnprotectCore(Byte[] protectedData, Boolean allowOperationsOnRevokedKeys, UnprotectStatus& status)
   at Microsoft.AspNetCore.DataProtection.KeyManagement.KeyRingBasedDataProtector.Unprotect(Byte[] protectedData)
   at Microsoft.AspNetCore.Session.CookieProtection.Unprotect(IDataProtector protector, String protectedText, ILogger logger)
2025-07-19 21:37:10.211 +05:30 [INF] Request finished HTTP/2 GET https://localhost:7165/favicon.ico - 404 0 null 2.8334ms
2025-07-19 21:37:10.213 +05:30 [INF] Request reached the end of the middleware pipeline without being handled by application code. Request path: GET https://localhost:7165/favicon.ico, Response status code: 404
2025-07-19 21:42:05.471 +05:30 [INF] Request starting HTTP/1.1 GET https://localhost:7165/api/Sales/DailyProfit - null null
2025-07-19 21:42:05.473 +05:30 [INF] Executing endpoint 'AuthNet.Controllers.SalesController.GetDailyProfit (AuthNet)'
2025-07-19 21:42:05.474 +05:30 [INF] Route matched with {action = "GetDailyProfit", controller = "Sales"}. Executing controller action with signature System.Threading.Tasks.Task`1[Microsoft.AspNetCore.Mvc.IActionResult] GetDailyProfit() on controller AuthNet.Controllers.SalesController (AuthNet).
2025-07-19 21:42:05.530 +05:30 [INF] Executed DbCommand (19ms) [Parameters=[@__date_Date_0='?' (DbType = DateTime2)], CommandType='"Text"', CommandTimeout='30']
SELECT [s].[Id], [s].[ProductId], [s].[ProductName], [s].[Quantity], [s].[SaleId], [s].[TotalPrice], [s].[UnitPrice], [s0].[Id], [s0].[AfterTaxAmount], [s0].[CreatedAt], [s0].[DiscountedAmount], [s0].[InvoiceDate], [s0].[InvoiceNo], [s0].[PrincipalAmount], [s0].[Template], [s0].[TotalAmount]
FROM [SaleItems] AS [s]
INNER JOIN [Sales] AS [s0] ON [s].[SaleId] = [s0].[Id]
WHERE CONVERT(date, [s0].[InvoiceDate]) = @__date_Date_0
2025-07-19 21:42:05.588 +05:30 [INF] Executed DbCommand (57ms) [Parameters=[@__productIds_0='?' (Size = 4000)], CommandType='"Text"', CommandTimeout='30']
SELECT [p].[ProductId], [p].[CategoryId], [p].[CostPrice], [p].[Description], [p].[Name], [p].[ProductCode], [p].[ProductKey], [p].[SellPrice], [p].[SupplierId]
FROM [Products] AS [p]
WHERE [p].[ProductId] IN (
    SELECT [p0].[value]
    FROM OPENJSON(@__productIds_0) WITH ([value] int '$') AS [p0]
)
2025-07-19 21:42:05.589 +05:30 [INF] Executing OkObjectResult, writing value of type 'AuthNet.Models.DTO.DailyProfitDto'.
2025-07-19 21:42:05.590 +05:30 [INF] Executed action AuthNet.Controllers.SalesController.GetDailyProfit (AuthNet) in 116.0882ms
2025-07-19 21:42:05.590 +05:30 [INF] Executed endpoint 'AuthNet.Controllers.SalesController.GetDailyProfit (AuthNet)'
2025-07-19 21:42:05.591 +05:30 [INF] Request finished HTTP/1.1 GET https://localhost:7165/api/Sales/DailyProfit - 200 null application/json; charset=utf-8 119.534ms
2025-07-19 21:42:05.628 +05:30 [INF] Request starting HTTP/1.1 GET https://localhost:7165/api/Sales/CurrentMonthProfit - null null
2025-07-19 21:42:05.629 +05:30 [INF] Executing endpoint 'AuthNet.Controllers.SalesController.GetCurrentMonthProfit (AuthNet)'
2025-07-19 21:42:05.629 +05:30 [INF] Route matched with {action = "GetCurrentMonthProfit", controller = "Sales"}. Executing controller action with signature System.Threading.Tasks.Task`1[Microsoft.AspNetCore.Mvc.IActionResult] GetCurrentMonthProfit() on controller AuthNet.Controllers.SalesController (AuthNet).
2025-07-19 21:42:05.640 +05:30 [INF] Executed DbCommand (9ms) [Parameters=[@__currentYear_0='?' (DbType = Int32), @__currentMonth_1='?' (DbType = Int32)], CommandType='"Text"', CommandTimeout='30']
SELECT [s].[Id], [s].[ProductId], [s].[ProductName], [s].[Quantity], [s].[SaleId], [s].[TotalPrice], [s].[UnitPrice], [s0].[Id], [s0].[AfterTaxAmount], [s0].[CreatedAt], [s0].[DiscountedAmount], [s0].[InvoiceDate], [s0].[InvoiceNo], [s0].[PrincipalAmount], [s0].[Template], [s0].[TotalAmount]
FROM [SaleItems] AS [s]
INNER JOIN [Sales] AS [s0] ON [s].[SaleId] = [s0].[Id]
WHERE DATEPART(year, [s0].[InvoiceDate]) = @__currentYear_0 AND DATEPART(month, [s0].[InvoiceDate]) = @__currentMonth_1
2025-07-19 21:42:05.642 +05:30 [INF] Executed DbCommand (1ms) [Parameters=[@__productIds_0='?' (Size = 4000)], CommandType='"Text"', CommandTimeout='30']
SELECT [p].[ProductId], [p].[CategoryId], [p].[CostPrice], [p].[Description], [p].[Name], [p].[ProductCode], [p].[ProductKey], [p].[SellPrice], [p].[SupplierId]
FROM [Products] AS [p]
WHERE [p].[ProductId] IN (
    SELECT [p0].[value]
    FROM OPENJSON(@__productIds_0) WITH ([value] int '$') AS [p0]
)
2025-07-19 21:42:05.643 +05:30 [INF] Executing OkObjectResult, writing value of type 'AuthNet.Models.DTO.MonthlyProfitDto'.
2025-07-19 21:42:05.643 +05:30 [INF] Executed action AuthNet.Controllers.SalesController.GetCurrentMonthProfit (AuthNet) in 14.1847ms
2025-07-19 21:42:05.643 +05:30 [INF] Executed endpoint 'AuthNet.Controllers.SalesController.GetCurrentMonthProfit (AuthNet)'
2025-07-19 21:42:05.643 +05:30 [INF] Request finished HTTP/1.1 GET https://localhost:7165/api/Sales/CurrentMonthProfit - 200 null application/json; charset=utf-8 15.3522ms
2025-07-19 21:42:05.658 +05:30 [INF] Request starting HTTP/1.1 GET https://localhost:7165/api/Sales/CurrentYearProfit - null null
2025-07-19 21:42:05.658 +05:30 [INF] Executing endpoint 'AuthNet.Controllers.SalesController.GetCurrentYearProfit (AuthNet)'
2025-07-19 21:42:05.658 +05:30 [INF] Route matched with {action = "GetCurrentYearProfit", controller = "Sales"}. Executing controller action with signature System.Threading.Tasks.Task`1[Microsoft.AspNetCore.Mvc.IActionResult] GetCurrentYearProfit() on controller AuthNet.Controllers.SalesController (AuthNet).
2025-07-19 21:42:05.673 +05:30 [INF] Executed DbCommand (14ms) [Parameters=[@__currentYear_0='?' (DbType = Int32)], CommandType='"Text"', CommandTimeout='30']
SELECT [s].[Id], [s].[ProductId], [s].[ProductName], [s].[Quantity], [s].[SaleId], [s].[TotalPrice], [s].[UnitPrice], [s0].[Id], [s0].[AfterTaxAmount], [s0].[CreatedAt], [s0].[DiscountedAmount], [s0].[InvoiceDate], [s0].[InvoiceNo], [s0].[PrincipalAmount], [s0].[Template], [s0].[TotalAmount]
FROM [SaleItems] AS [s]
INNER JOIN [Sales] AS [s0] ON [s].[SaleId] = [s0].[Id]
WHERE DATEPART(year, [s0].[InvoiceDate]) = @__currentYear_0
2025-07-19 21:42:05.687 +05:30 [INF] Executed DbCommand (12ms) [Parameters=[@__productIds_0='?' (Size = 4000)], CommandType='"Text"', CommandTimeout='30']
SELECT [p].[ProductId], [p].[CategoryId], [p].[CostPrice], [p].[Description], [p].[Name], [p].[ProductCode], [p].[ProductKey], [p].[SellPrice], [p].[SupplierId]
FROM [Products] AS [p]
WHERE [p].[ProductId] IN (
    SELECT [p0].[value]
    FROM OPENJSON(@__productIds_0) WITH ([value] int '$') AS [p0]
)
2025-07-19 21:42:05.688 +05:30 [INF] Executing OkObjectResult, writing value of type 'AuthNet.Models.DTO.YearlyProfitDto'.
2025-07-19 21:42:05.688 +05:30 [INF] Executed action AuthNet.Controllers.SalesController.GetCurrentYearProfit (AuthNet) in 30.1255ms
2025-07-19 21:42:05.688 +05:30 [INF] Executed endpoint 'AuthNet.Controllers.SalesController.GetCurrentYearProfit (AuthNet)'
2025-07-19 21:42:05.689 +05:30 [INF] Request finished HTTP/1.1 GET https://localhost:7165/api/Sales/CurrentYearProfit - 200 null application/json; charset=utf-8 31.2567ms
2025-07-19 21:42:05.711 +05:30 [INF] Request starting HTTP/1.1 GET https://localhost:7165/api/Tasks - null null
2025-07-19 21:42:05.712 +05:30 [INF] Executing endpoint 'AuthNet.Controllers.TasksController.GetTasks (AuthNet)'
2025-07-19 21:42:05.712 +05:30 [INF] Route matched with {action = "GetTasks", controller = "Tasks"}. Executing controller action with signature Microsoft.AspNetCore.Mvc.IActionResult GetTasks() on controller AuthNet.Controllers.TasksController (AuthNet).
2025-07-19 21:42:05.718 +05:30 [INF] Executed DbCommand (4ms) [Parameters=[], CommandType='"Text"', CommandTimeout='30']
SELECT [t].[Id], [t].[Title], [t].[DueDate]
FROM [Tasks] AS [t]
2025-07-19 21:42:05.718 +05:30 [INF] Executing OkObjectResult, writing value of type 'System.Collections.Generic.List`1[[AuthNet.Models.DTO.TaskItemDto, AuthNet, Version=1.0.0.0, Culture=neutral, PublicKeyToken=null]]'.
2025-07-19 21:42:05.719 +05:30 [INF] Executed action AuthNet.Controllers.TasksController.GetTasks (AuthNet) in 6.8475ms
2025-07-19 21:42:05.719 +05:30 [INF] Executed endpoint 'AuthNet.Controllers.TasksController.GetTasks (AuthNet)'
2025-07-19 21:42:05.719 +05:30 [INF] Request finished HTTP/1.1 GET https://localhost:7165/api/Tasks - 200 null application/json; charset=utf-8 7.7617ms
2025-07-19 21:42:05.736 +05:30 [INF] Request starting HTTP/1.1 GET https://localhost:7165/api/Settings/Get - null null
2025-07-19 21:42:05.736 +05:30 [INF] Executing endpoint 'AuthNet.Controllers.SettingsController.GetCompanyInfo (AuthNet)'
2025-07-19 21:42:05.736 +05:30 [INF] Route matched with {action = "GetCompanyInfo", controller = "Settings"}. Executing controller action with signature System.Threading.Tasks.Task`1[Microsoft.AspNetCore.Mvc.IActionResult] GetCompanyInfo() on controller AuthNet.Controllers.SettingsController (AuthNet).
2025-07-19 21:42:05.751 +05:30 [INF] Executed DbCommand (12ms) [Parameters=[], CommandType='"Text"', CommandTimeout='30']
SELECT TOP(1) [c].[Id], [c].[Address], [c].[ContactNumber], [c].[Email], [c].[GSTIN], [c].[LogoFileExtension], [c].[LogoFilePath], [c].[LogoFileSizeInBytes], [c].[LogoName], [c].[Name], [c].[SignFileExtension], [c].[SignFilePath], [c].[SignFileSizeInBytes], [c].[SignName]
FROM [CompanyInfos] AS [c]
2025-07-19 21:42:05.752 +05:30 [INF] Executing OkObjectResult, writing value of type 'AuthNet.Models.DTO.CompanyInfoResponseDto'.
2025-07-19 21:42:05.752 +05:30 [INF] Executed action AuthNet.Controllers.SettingsController.GetCompanyInfo (AuthNet) in 15.6781ms
2025-07-19 21:42:05.752 +05:30 [INF] Executed endpoint 'AuthNet.Controllers.SettingsController.GetCompanyInfo (AuthNet)'
2025-07-19 21:42:05.753 +05:30 [INF] Request finished HTTP/1.1 GET https://localhost:7165/api/Settings/Get - 200 null application/json; charset=utf-8 16.9021ms
2025-07-19 21:42:09.754 +05:30 [INF] Request starting HTTP/1.1 GET https://localhost:7165/api/Sales/DailyProfit - null null
2025-07-19 21:42:09.755 +05:30 [INF] Executing endpoint 'AuthNet.Controllers.SalesController.GetDailyProfit (AuthNet)'
2025-07-19 21:42:09.755 +05:30 [INF] Route matched with {action = "GetDailyProfit", controller = "Sales"}. Executing controller action with signature System.Threading.Tasks.Task`1[Microsoft.AspNetCore.Mvc.IActionResult] GetDailyProfit() on controller AuthNet.Controllers.SalesController (AuthNet).
2025-07-19 21:42:09.761 +05:30 [INF] Executed DbCommand (4ms) [Parameters=[@__date_Date_0='?' (DbType = DateTime2)], CommandType='"Text"', CommandTimeout='30']
SELECT [s].[Id], [s].[ProductId], [s].[ProductName], [s].[Quantity], [s].[SaleId], [s].[TotalPrice], [s].[UnitPrice], [s0].[Id], [s0].[AfterTaxAmount], [s0].[CreatedAt], [s0].[DiscountedAmount], [s0].[InvoiceDate], [s0].[InvoiceNo], [s0].[PrincipalAmount], [s0].[Template], [s0].[TotalAmount]
FROM [SaleItems] AS [s]
INNER JOIN [Sales] AS [s0] ON [s].[SaleId] = [s0].[Id]
WHERE CONVERT(date, [s0].[InvoiceDate]) = @__date_Date_0
2025-07-19 21:42:09.764 +05:30 [INF] Executed DbCommand (2ms) [Parameters=[@__productIds_0='?' (Size = 4000)], CommandType='"Text"', CommandTimeout='30']
SELECT [p].[ProductId], [p].[CategoryId], [p].[CostPrice], [p].[Description], [p].[Name], [p].[ProductCode], [p].[ProductKey], [p].[SellPrice], [p].[SupplierId]
FROM [Products] AS [p]
WHERE [p].[ProductId] IN (
    SELECT [p0].[value]
    FROM OPENJSON(@__productIds_0) WITH ([value] int '$') AS [p0]
)
2025-07-19 21:42:09.767 +05:30 [INF] Executing OkObjectResult, writing value of type 'AuthNet.Models.DTO.DailyProfitDto'.
2025-07-19 21:42:09.767 +05:30 [INF] Executed action AuthNet.Controllers.SalesController.GetDailyProfit (AuthNet) in 12.2258ms
2025-07-19 21:42:09.768 +05:30 [INF] Executed endpoint 'AuthNet.Controllers.SalesController.GetDailyProfit (AuthNet)'
2025-07-19 21:42:09.768 +05:30 [INF] Request finished HTTP/1.1 GET https://localhost:7165/api/Sales/DailyProfit - 200 null application/json; charset=utf-8 14.1286ms
2025-07-19 21:42:09.785 +05:30 [INF] Request starting HTTP/1.1 GET https://localhost:7165/api/Sales/CurrentMonthProfit - null null
2025-07-19 21:42:09.786 +05:30 [INF] Executing endpoint 'AuthNet.Controllers.SalesController.GetCurrentMonthProfit (AuthNet)'
2025-07-19 21:42:09.786 +05:30 [INF] Route matched with {action = "GetCurrentMonthProfit", controller = "Sales"}. Executing controller action with signature System.Threading.Tasks.Task`1[Microsoft.AspNetCore.Mvc.IActionResult] GetCurrentMonthProfit() on controller AuthNet.Controllers.SalesController (AuthNet).
2025-07-19 21:42:09.792 +05:30 [INF] Executed DbCommand (4ms) [Parameters=[@__currentYear_0='?' (DbType = Int32), @__currentMonth_1='?' (DbType = Int32)], CommandType='"Text"', CommandTimeout='30']
SELECT [s].[Id], [s].[ProductId], [s].[ProductName], [s].[Quantity], [s].[SaleId], [s].[TotalPrice], [s].[UnitPrice], [s0].[Id], [s0].[AfterTaxAmount], [s0].[CreatedAt], [s0].[DiscountedAmount], [s0].[InvoiceDate], [s0].[InvoiceNo], [s0].[PrincipalAmount], [s0].[Template], [s0].[TotalAmount]
FROM [SaleItems] AS [s]
INNER JOIN [Sales] AS [s0] ON [s].[SaleId] = [s0].[Id]
WHERE DATEPART(year, [s0].[InvoiceDate]) = @__currentYear_0 AND DATEPART(month, [s0].[InvoiceDate]) = @__currentMonth_1
2025-07-19 21:42:09.794 +05:30 [INF] Executed DbCommand (2ms) [Parameters=[@__productIds_0='?' (Size = 4000)], CommandType='"Text"', CommandTimeout='30']
SELECT [p].[ProductId], [p].[CategoryId], [p].[CostPrice], [p].[Description], [p].[Name], [p].[ProductCode], [p].[ProductKey], [p].[SellPrice], [p].[SupplierId]
FROM [Products] AS [p]
WHERE [p].[ProductId] IN (
    SELECT [p0].[value]
    FROM OPENJSON(@__productIds_0) WITH ([value] int '$') AS [p0]
)
2025-07-19 21:42:09.795 +05:30 [INF] Executing OkObjectResult, writing value of type 'AuthNet.Models.DTO.MonthlyProfitDto'.
2025-07-19 21:42:09.796 +05:30 [INF] Executed action AuthNet.Controllers.SalesController.GetCurrentMonthProfit (AuthNet) in 9.7958ms
2025-07-19 21:42:09.796 +05:30 [INF] Executed endpoint 'AuthNet.Controllers.SalesController.GetCurrentMonthProfit (AuthNet)'
2025-07-19 21:42:09.796 +05:30 [INF] Request finished HTTP/1.1 GET https://localhost:7165/api/Sales/CurrentMonthProfit - 200 null application/json; charset=utf-8 11.0174ms
2025-07-19 21:42:09.978 +05:30 [INF] Request starting HTTP/1.1 GET https://localhost:7165/api/Sales/CurrentYearProfit - null null
2025-07-19 21:42:09.979 +05:30 [INF] Executing endpoint 'AuthNet.Controllers.SalesController.GetCurrentYearProfit (AuthNet)'
2025-07-19 21:42:09.979 +05:30 [INF] Route matched with {action = "GetCurrentYearProfit", controller = "Sales"}. Executing controller action with signature System.Threading.Tasks.Task`1[Microsoft.AspNetCore.Mvc.IActionResult] GetCurrentYearProfit() on controller AuthNet.Controllers.SalesController (AuthNet).
2025-07-19 21:42:09.995 +05:30 [INF] Executed DbCommand (13ms) [Parameters=[@__currentYear_0='?' (DbType = Int32)], CommandType='"Text"', CommandTimeout='30']
SELECT [s].[Id], [s].[ProductId], [s].[ProductName], [s].[Quantity], [s].[SaleId], [s].[TotalPrice], [s].[UnitPrice], [s0].[Id], [s0].[AfterTaxAmount], [s0].[CreatedAt], [s0].[DiscountedAmount], [s0].[InvoiceDate], [s0].[InvoiceNo], [s0].[PrincipalAmount], [s0].[Template], [s0].[TotalAmount]
FROM [SaleItems] AS [s]
INNER JOIN [Sales] AS [s0] ON [s].[SaleId] = [s0].[Id]
WHERE DATEPART(year, [s0].[InvoiceDate]) = @__currentYear_0
2025-07-19 21:42:10.003 +05:30 [INF] Executed DbCommand (5ms) [Parameters=[@__productIds_0='?' (Size = 4000)], CommandType='"Text"', CommandTimeout='30']
SELECT [p].[ProductId], [p].[CategoryId], [p].[CostPrice], [p].[Description], [p].[Name], [p].[ProductCode], [p].[ProductKey], [p].[SellPrice], [p].[SupplierId]
FROM [Products] AS [p]
WHERE [p].[ProductId] IN (
    SELECT [p0].[value]
    FROM OPENJSON(@__productIds_0) WITH ([value] int '$') AS [p0]
)
2025-07-19 21:42:10.003 +05:30 [INF] Executing OkObjectResult, writing value of type 'AuthNet.Models.DTO.YearlyProfitDto'.
2025-07-19 21:42:10.004 +05:30 [INF] Executed action AuthNet.Controllers.SalesController.GetCurrentYearProfit (AuthNet) in 24.2378ms
2025-07-19 21:42:10.004 +05:30 [INF] Executed endpoint 'AuthNet.Controllers.SalesController.GetCurrentYearProfit (AuthNet)'
2025-07-19 21:42:10.004 +05:30 [INF] Request finished HTTP/1.1 GET https://localhost:7165/api/Sales/CurrentYearProfit - 200 null application/json; charset=utf-8 26.2149ms
2025-07-19 21:42:10.033 +05:30 [INF] Request starting HTTP/1.1 GET https://localhost:7165/api/Tasks - null null
2025-07-19 21:42:10.034 +05:30 [INF] Executing endpoint 'AuthNet.Controllers.TasksController.GetTasks (AuthNet)'
2025-07-19 21:42:10.034 +05:30 [INF] Route matched with {action = "GetTasks", controller = "Tasks"}. Executing controller action with signature Microsoft.AspNetCore.Mvc.IActionResult GetTasks() on controller AuthNet.Controllers.TasksController (AuthNet).
2025-07-19 21:42:10.037 +05:30 [INF] Executed DbCommand (1ms) [Parameters=[], CommandType='"Text"', CommandTimeout='30']
SELECT [t].[Id], [t].[Title], [t].[DueDate]
FROM [Tasks] AS [t]
2025-07-19 21:42:10.037 +05:30 [INF] Executing OkObjectResult, writing value of type 'System.Collections.Generic.List`1[[AuthNet.Models.DTO.TaskItemDto, AuthNet, Version=1.0.0.0, Culture=neutral, PublicKeyToken=null]]'.
2025-07-19 21:42:10.037 +05:30 [INF] Executed action AuthNet.Controllers.TasksController.GetTasks (AuthNet) in 3.0305ms
2025-07-19 21:42:10.038 +05:30 [INF] Executed endpoint 'AuthNet.Controllers.TasksController.GetTasks (AuthNet)'
2025-07-19 21:42:10.038 +05:30 [INF] Request finished HTTP/1.1 GET https://localhost:7165/api/Tasks - 200 null application/json; charset=utf-8 9.7671ms
2025-07-19 21:42:10.054 +05:30 [INF] Request starting HTTP/1.1 GET https://localhost:7165/api/Settings/Get - null null
2025-07-19 21:42:10.054 +05:30 [INF] Executing endpoint 'AuthNet.Controllers.SettingsController.GetCompanyInfo (AuthNet)'
2025-07-19 21:42:10.055 +05:30 [INF] Route matched with {action = "GetCompanyInfo", controller = "Settings"}. Executing controller action with signature System.Threading.Tasks.Task`1[Microsoft.AspNetCore.Mvc.IActionResult] GetCompanyInfo() on controller AuthNet.Controllers.SettingsController (AuthNet).
2025-07-19 21:42:10.058 +05:30 [INF] Executed DbCommand (2ms) [Parameters=[], CommandType='"Text"', CommandTimeout='30']
SELECT TOP(1) [c].[Id], [c].[Address], [c].[ContactNumber], [c].[Email], [c].[GSTIN], [c].[LogoFileExtension], [c].[LogoFilePath], [c].[LogoFileSizeInBytes], [c].[LogoName], [c].[Name], [c].[SignFileExtension], [c].[SignFilePath], [c].[SignFileSizeInBytes], [c].[SignName]
FROM [CompanyInfos] AS [c]
2025-07-19 21:42:10.059 +05:30 [INF] Executing OkObjectResult, writing value of type 'AuthNet.Models.DTO.CompanyInfoResponseDto'.
2025-07-19 21:42:10.059 +05:30 [INF] Executed action AuthNet.Controllers.SettingsController.GetCompanyInfo (AuthNet) in 4.8733ms
2025-07-19 21:42:10.060 +05:30 [INF] Executed endpoint 'AuthNet.Controllers.SettingsController.GetCompanyInfo (AuthNet)'
2025-07-19 21:42:10.061 +05:30 [INF] Request finished HTTP/1.1 GET https://localhost:7165/api/Settings/Get - 200 null application/json; charset=utf-8 6.4905ms
2025-07-19 21:42:27.619 +05:30 [INF] Request starting HTTP/1.1 GET https://localhost:7165/api/Sales/DailyProfit - null null
2025-07-19 21:42:27.620 +05:30 [INF] Executing endpoint 'AuthNet.Controllers.SalesController.GetDailyProfit (AuthNet)'
2025-07-19 21:42:27.620 +05:30 [INF] Route matched with {action = "GetDailyProfit", controller = "Sales"}. Executing controller action with signature System.Threading.Tasks.Task`1[Microsoft.AspNetCore.Mvc.IActionResult] GetDailyProfit() on controller AuthNet.Controllers.SalesController (AuthNet).
2025-07-19 21:42:27.648 +05:30 [INF] Executed DbCommand (25ms) [Parameters=[@__date_Date_0='?' (DbType = DateTime2)], CommandType='"Text"', CommandTimeout='30']
SELECT [s].[Id], [s].[ProductId], [s].[ProductName], [s].[Quantity], [s].[SaleId], [s].[TotalPrice], [s].[UnitPrice], [s0].[Id], [s0].[AfterTaxAmount], [s0].[CreatedAt], [s0].[DiscountedAmount], [s0].[InvoiceDate], [s0].[InvoiceNo], [s0].[PrincipalAmount], [s0].[Template], [s0].[TotalAmount]
FROM [SaleItems] AS [s]
INNER JOIN [Sales] AS [s0] ON [s].[SaleId] = [s0].[Id]
WHERE CONVERT(date, [s0].[InvoiceDate]) = @__date_Date_0
2025-07-19 21:42:27.651 +05:30 [INF] Executed DbCommand (1ms) [Parameters=[@__productIds_0='?' (Size = 4000)], CommandType='"Text"', CommandTimeout='30']
SELECT [p].[ProductId], [p].[CategoryId], [p].[CostPrice], [p].[Description], [p].[Name], [p].[ProductCode], [p].[ProductKey], [p].[SellPrice], [p].[SupplierId]
FROM [Products] AS [p]
WHERE [p].[ProductId] IN (
    SELECT [p0].[value]
    FROM OPENJSON(@__productIds_0) WITH ([value] int '$') AS [p0]
)
2025-07-19 21:42:27.651 +05:30 [INF] Executing OkObjectResult, writing value of type 'AuthNet.Models.DTO.DailyProfitDto'.
2025-07-19 21:42:27.653 +05:30 [INF] Executed action AuthNet.Controllers.SalesController.GetDailyProfit (AuthNet) in 32.4671ms
2025-07-19 21:42:27.653 +05:30 [INF] Executed endpoint 'AuthNet.Controllers.SalesController.GetDailyProfit (AuthNet)'
2025-07-19 21:42:27.653 +05:30 [INF] Request finished HTTP/1.1 GET https://localhost:7165/api/Sales/DailyProfit - 200 null application/json; charset=utf-8 34.3205ms
2025-07-19 21:42:27.666 +05:30 [INF] Request starting HTTP/1.1 GET https://localhost:7165/api/Sales/CurrentMonthProfit - null null
2025-07-19 21:42:27.666 +05:30 [INF] Executing endpoint 'AuthNet.Controllers.SalesController.GetCurrentMonthProfit (AuthNet)'
2025-07-19 21:42:27.666 +05:30 [INF] Route matched with {action = "GetCurrentMonthProfit", controller = "Sales"}. Executing controller action with signature System.Threading.Tasks.Task`1[Microsoft.AspNetCore.Mvc.IActionResult] GetCurrentMonthProfit() on controller AuthNet.Controllers.SalesController (AuthNet).
2025-07-19 21:42:27.671 +05:30 [INF] Executed DbCommand (3ms) [Parameters=[@__currentYear_0='?' (DbType = Int32), @__currentMonth_1='?' (DbType = Int32)], CommandType='"Text"', CommandTimeout='30']
SELECT [s].[Id], [s].[ProductId], [s].[ProductName], [s].[Quantity], [s].[SaleId], [s].[TotalPrice], [s].[UnitPrice], [s0].[Id], [s0].[AfterTaxAmount], [s0].[CreatedAt], [s0].[DiscountedAmount], [s0].[InvoiceDate], [s0].[InvoiceNo], [s0].[PrincipalAmount], [s0].[Template], [s0].[TotalAmount]
FROM [SaleItems] AS [s]
INNER JOIN [Sales] AS [s0] ON [s].[SaleId] = [s0].[Id]
WHERE DATEPART(year, [s0].[InvoiceDate]) = @__currentYear_0 AND DATEPART(month, [s0].[InvoiceDate]) = @__currentMonth_1
2025-07-19 21:42:27.674 +05:30 [INF] Executed DbCommand (2ms) [Parameters=[@__productIds_0='?' (Size = 4000)], CommandType='"Text"', CommandTimeout='30']
SELECT [p].[ProductId], [p].[CategoryId], [p].[CostPrice], [p].[Description], [p].[Name], [p].[ProductCode], [p].[ProductKey], [p].[SellPrice], [p].[SupplierId]
FROM [Products] AS [p]
WHERE [p].[ProductId] IN (
    SELECT [p0].[value]
    FROM OPENJSON(@__productIds_0) WITH ([value] int '$') AS [p0]
)
2025-07-19 21:42:27.675 +05:30 [INF] Executing OkObjectResult, writing value of type 'AuthNet.Models.DTO.MonthlyProfitDto'.
2025-07-19 21:42:27.675 +05:30 [INF] Executed action AuthNet.Controllers.SalesController.GetCurrentMonthProfit (AuthNet) in 8.9824ms
2025-07-19 21:42:27.675 +05:30 [INF] Executed endpoint 'AuthNet.Controllers.SalesController.GetCurrentMonthProfit (AuthNet)'
2025-07-19 21:42:27.676 +05:30 [INF] Request finished HTTP/1.1 GET https://localhost:7165/api/Sales/CurrentMonthProfit - 200 null application/json; charset=utf-8 10.3509ms
2025-07-19 21:42:27.690 +05:30 [INF] Request starting HTTP/1.1 GET https://localhost:7165/api/Sales/CurrentYearProfit - null null
2025-07-19 21:42:27.691 +05:30 [INF] Executing endpoint 'AuthNet.Controllers.SalesController.GetCurrentYearProfit (AuthNet)'
2025-07-19 21:42:27.691 +05:30 [INF] Route matched with {action = "GetCurrentYearProfit", controller = "Sales"}. Executing controller action with signature System.Threading.Tasks.Task`1[Microsoft.AspNetCore.Mvc.IActionResult] GetCurrentYearProfit() on controller AuthNet.Controllers.SalesController (AuthNet).
2025-07-19 21:42:27.697 +05:30 [INF] Executed DbCommand (4ms) [Parameters=[@__currentYear_0='?' (DbType = Int32)], CommandType='"Text"', CommandTimeout='30']
SELECT [s].[Id], [s].[ProductId], [s].[ProductName], [s].[Quantity], [s].[SaleId], [s].[TotalPrice], [s].[UnitPrice], [s0].[Id], [s0].[AfterTaxAmount], [s0].[CreatedAt], [s0].[DiscountedAmount], [s0].[InvoiceDate], [s0].[InvoiceNo], [s0].[PrincipalAmount], [s0].[Template], [s0].[TotalAmount]
FROM [SaleItems] AS [s]
INNER JOIN [Sales] AS [s0] ON [s].[SaleId] = [s0].[Id]
WHERE DATEPART(year, [s0].[InvoiceDate]) = @__currentYear_0
2025-07-19 21:42:27.701 +05:30 [INF] Executed DbCommand (3ms) [Parameters=[@__productIds_0='?' (Size = 4000)], CommandType='"Text"', CommandTimeout='30']
SELECT [p].[ProductId], [p].[CategoryId], [p].[CostPrice], [p].[Description], [p].[Name], [p].[ProductCode], [p].[ProductKey], [p].[SellPrice], [p].[SupplierId]
FROM [Products] AS [p]
WHERE [p].[ProductId] IN (
    SELECT [p0].[value]
    FROM OPENJSON(@__productIds_0) WITH ([value] int '$') AS [p0]
)
2025-07-19 21:42:27.702 +05:30 [INF] Executing OkObjectResult, writing value of type 'AuthNet.Models.DTO.YearlyProfitDto'.
2025-07-19 21:42:27.702 +05:30 [INF] Executed action AuthNet.Controllers.SalesController.GetCurrentYearProfit (AuthNet) in 11.0699ms
2025-07-19 21:42:27.702 +05:30 [INF] Executed endpoint 'AuthNet.Controllers.SalesController.GetCurrentYearProfit (AuthNet)'
2025-07-19 21:42:27.703 +05:30 [INF] Request finished HTTP/1.1 GET https://localhost:7165/api/Sales/CurrentYearProfit - 200 null application/json; charset=utf-8 12.2471ms
2025-07-19 21:42:27.722 +05:30 [INF] Request starting HTTP/1.1 GET https://localhost:7165/api/Tasks - null null
2025-07-19 21:42:27.722 +05:30 [INF] Executing endpoint 'AuthNet.Controllers.TasksController.GetTasks (AuthNet)'
2025-07-19 21:42:27.722 +05:30 [INF] Route matched with {action = "GetTasks", controller = "Tasks"}. Executing controller action with signature Microsoft.AspNetCore.Mvc.IActionResult GetTasks() on controller AuthNet.Controllers.TasksController (AuthNet).
2025-07-19 21:42:27.725 +05:30 [INF] Executed DbCommand (1ms) [Parameters=[], CommandType='"Text"', CommandTimeout='30']
SELECT [t].[Id], [t].[Title], [t].[DueDate]
FROM [Tasks] AS [t]
2025-07-19 21:42:27.725 +05:30 [INF] Executing OkObjectResult, writing value of type 'System.Collections.Generic.List`1[[AuthNet.Models.DTO.TaskItemDto, AuthNet, Version=1.0.0.0, Culture=neutral, PublicKeyToken=null]]'.
2025-07-19 21:42:27.725 +05:30 [INF] Executed action AuthNet.Controllers.TasksController.GetTasks (AuthNet) in 2.6085ms
2025-07-19 21:42:27.725 +05:30 [INF] Executed endpoint 'AuthNet.Controllers.TasksController.GetTasks (AuthNet)'
2025-07-19 21:42:27.725 +05:30 [INF] Request finished HTTP/1.1 GET https://localhost:7165/api/Tasks - 200 null application/json; charset=utf-8 3.6411ms
2025-07-19 21:42:27.746 +05:30 [INF] Request starting HTTP/1.1 GET https://localhost:7165/api/Settings/Get - null null
2025-07-19 21:42:27.747 +05:30 [INF] Executing endpoint 'AuthNet.Controllers.SettingsController.GetCompanyInfo (AuthNet)'
2025-07-19 21:42:27.747 +05:30 [INF] Route matched with {action = "GetCompanyInfo", controller = "Settings"}. Executing controller action with signature System.Threading.Tasks.Task`1[Microsoft.AspNetCore.Mvc.IActionResult] GetCompanyInfo() on controller AuthNet.Controllers.SettingsController (AuthNet).
2025-07-19 21:42:27.750 +05:30 [INF] Executed DbCommand (1ms) [Parameters=[], CommandType='"Text"', CommandTimeout='30']
SELECT TOP(1) [c].[Id], [c].[Address], [c].[ContactNumber], [c].[Email], [c].[GSTIN], [c].[LogoFileExtension], [c].[LogoFilePath], [c].[LogoFileSizeInBytes], [c].[LogoName], [c].[Name], [c].[SignFileExtension], [c].[SignFilePath], [c].[SignFileSizeInBytes], [c].[SignName]
FROM [CompanyInfos] AS [c]
2025-07-19 21:42:27.751 +05:30 [INF] Executing OkObjectResult, writing value of type 'AuthNet.Models.DTO.CompanyInfoResponseDto'.
2025-07-19 21:42:27.752 +05:30 [INF] Executed action AuthNet.Controllers.SettingsController.GetCompanyInfo (AuthNet) in 4.6785ms
2025-07-19 21:42:27.752 +05:30 [INF] Executed endpoint 'AuthNet.Controllers.SettingsController.GetCompanyInfo (AuthNet)'
2025-07-19 21:42:27.752 +05:30 [INF] Request finished HTTP/1.1 GET https://localhost:7165/api/Settings/Get - 200 null application/json; charset=utf-8 5.8149ms
2025-07-19 21:42:33.506 +05:30 [INF] Request starting HTTP/1.1 GET https://localhost:7165/api/Sales/DailyProfit - null null
2025-07-19 21:42:33.507 +05:30 [INF] Executing endpoint 'AuthNet.Controllers.SalesController.GetDailyProfit (AuthNet)'
2025-07-19 21:42:33.508 +05:30 [INF] Route matched with {action = "GetDailyProfit", controller = "Sales"}. Executing controller action with signature System.Threading.Tasks.Task`1[Microsoft.AspNetCore.Mvc.IActionResult] GetDailyProfit() on controller AuthNet.Controllers.SalesController (AuthNet).
2025-07-19 21:42:33.541 +05:30 [INF] Executed DbCommand (31ms) [Parameters=[@__date_Date_0='?' (DbType = DateTime2)], CommandType='"Text"', CommandTimeout='30']
SELECT [s].[Id], [s].[ProductId], [s].[ProductName], [s].[Quantity], [s].[SaleId], [s].[TotalPrice], [s].[UnitPrice], [s0].[Id], [s0].[AfterTaxAmount], [s0].[CreatedAt], [s0].[DiscountedAmount], [s0].[InvoiceDate], [s0].[InvoiceNo], [s0].[PrincipalAmount], [s0].[Template], [s0].[TotalAmount]
FROM [SaleItems] AS [s]
INNER JOIN [Sales] AS [s0] ON [s].[SaleId] = [s0].[Id]
WHERE CONVERT(date, [s0].[InvoiceDate]) = @__date_Date_0
2025-07-19 21:42:33.561 +05:30 [INF] Executed DbCommand (18ms) [Parameters=[@__productIds_0='?' (Size = 4000)], CommandType='"Text"', CommandTimeout='30']
SELECT [p].[ProductId], [p].[CategoryId], [p].[CostPrice], [p].[Description], [p].[Name], [p].[ProductCode], [p].[ProductKey], [p].[SellPrice], [p].[SupplierId]
FROM [Products] AS [p]
WHERE [p].[ProductId] IN (
    SELECT [p0].[value]
    FROM OPENJSON(@__productIds_0) WITH ([value] int '$') AS [p0]
)
2025-07-19 21:42:33.561 +05:30 [INF] Executing OkObjectResult, writing value of type 'AuthNet.Models.DTO.DailyProfitDto'.
2025-07-19 21:42:33.562 +05:30 [INF] Executed action AuthNet.Controllers.SalesController.GetDailyProfit (AuthNet) in 54.0388ms
2025-07-19 21:42:33.562 +05:30 [INF] Executed endpoint 'AuthNet.Controllers.SalesController.GetDailyProfit (AuthNet)'
2025-07-19 21:42:33.562 +05:30 [INF] Request finished HTTP/1.1 GET https://localhost:7165/api/Sales/DailyProfit - 200 null application/json; charset=utf-8 56.8418ms
2025-07-19 21:42:33.592 +05:30 [INF] Request starting HTTP/1.1 GET https://localhost:7165/api/Sales/CurrentMonthProfit - null null
2025-07-19 21:42:33.593 +05:30 [INF] Executing endpoint 'AuthNet.Controllers.SalesController.GetCurrentMonthProfit (AuthNet)'
2025-07-19 21:42:33.594 +05:30 [INF] Route matched with {action = "GetCurrentMonthProfit", controller = "Sales"}. Executing controller action with signature System.Threading.Tasks.Task`1[Microsoft.AspNetCore.Mvc.IActionResult] GetCurrentMonthProfit() on controller AuthNet.Controllers.SalesController (AuthNet).
2025-07-19 21:42:33.639 +05:30 [INF] Executed DbCommand (42ms) [Parameters=[@__currentYear_0='?' (DbType = Int32), @__currentMonth_1='?' (DbType = Int32)], CommandType='"Text"', CommandTimeout='30']
SELECT [s].[Id], [s].[ProductId], [s].[ProductName], [s].[Quantity], [s].[SaleId], [s].[TotalPrice], [s].[UnitPrice], [s0].[Id], [s0].[AfterTaxAmount], [s0].[CreatedAt], [s0].[DiscountedAmount], [s0].[InvoiceDate], [s0].[InvoiceNo], [s0].[PrincipalAmount], [s0].[Template], [s0].[TotalAmount]
FROM [SaleItems] AS [s]
INNER JOIN [Sales] AS [s0] ON [s].[SaleId] = [s0].[Id]
WHERE DATEPART(year, [s0].[InvoiceDate]) = @__currentYear_0 AND DATEPART(month, [s0].[InvoiceDate]) = @__currentMonth_1
2025-07-19 21:42:33.653 +05:30 [INF] Executed DbCommand (13ms) [Parameters=[@__productIds_0='?' (Size = 4000)], CommandType='"Text"', CommandTimeout='30']
SELECT [p].[ProductId], [p].[CategoryId], [p].[CostPrice], [p].[Description], [p].[Name], [p].[ProductCode], [p].[ProductKey], [p].[SellPrice], [p].[SupplierId]
FROM [Products] AS [p]
WHERE [p].[ProductId] IN (
    SELECT [p0].[value]
    FROM OPENJSON(@__productIds_0) WITH ([value] int '$') AS [p0]
)
2025-07-19 21:42:33.654 +05:30 [INF] Executing OkObjectResult, writing value of type 'AuthNet.Models.DTO.MonthlyProfitDto'.
2025-07-19 21:42:33.654 +05:30 [INF] Executed action AuthNet.Controllers.SalesController.GetCurrentMonthProfit (AuthNet) in 59.9834ms
2025-07-19 21:42:33.654 +05:30 [INF] Executed endpoint 'AuthNet.Controllers.SalesController.GetCurrentMonthProfit (AuthNet)'
2025-07-19 21:42:33.654 +05:30 [INF] Request finished HTTP/1.1 GET https://localhost:7165/api/Sales/CurrentMonthProfit - 200 null application/json; charset=utf-8 62.3506ms
2025-07-19 21:42:33.676 +05:30 [INF] Request starting HTTP/1.1 GET https://localhost:7165/api/Sales/CurrentYearProfit - null null
2025-07-19 21:42:33.677 +05:30 [INF] Executing endpoint 'AuthNet.Controllers.SalesController.GetCurrentYearProfit (AuthNet)'
2025-07-19 21:42:33.677 +05:30 [INF] Route matched with {action = "GetCurrentYearProfit", controller = "Sales"}. Executing controller action with signature System.Threading.Tasks.Task`1[Microsoft.AspNetCore.Mvc.IActionResult] GetCurrentYearProfit() on controller AuthNet.Controllers.SalesController (AuthNet).
2025-07-19 21:42:33.692 +05:30 [INF] Executed DbCommand (13ms) [Parameters=[@__currentYear_0='?' (DbType = Int32)], CommandType='"Text"', CommandTimeout='30']
SELECT [s].[Id], [s].[ProductId], [s].[ProductName], [s].[Quantity], [s].[SaleId], [s].[TotalPrice], [s].[UnitPrice], [s0].[Id], [s0].[AfterTaxAmount], [s0].[CreatedAt], [s0].[DiscountedAmount], [s0].[InvoiceDate], [s0].[InvoiceNo], [s0].[PrincipalAmount], [s0].[Template], [s0].[TotalAmount]
FROM [SaleItems] AS [s]
INNER JOIN [Sales] AS [s0] ON [s].[SaleId] = [s0].[Id]
WHERE DATEPART(year, [s0].[InvoiceDate]) = @__currentYear_0
2025-07-19 21:42:33.696 +05:30 [INF] Executed DbCommand (3ms) [Parameters=[@__productIds_0='?' (Size = 4000)], CommandType='"Text"', CommandTimeout='30']
SELECT [p].[ProductId], [p].[CategoryId], [p].[CostPrice], [p].[Description], [p].[Name], [p].[ProductCode], [p].[ProductKey], [p].[SellPrice], [p].[SupplierId]
FROM [Products] AS [p]
WHERE [p].[ProductId] IN (
    SELECT [p0].[value]
    FROM OPENJSON(@__productIds_0) WITH ([value] int '$') AS [p0]
)
2025-07-19 21:42:33.697 +05:30 [INF] Executing OkObjectResult, writing value of type 'AuthNet.Models.DTO.YearlyProfitDto'.
2025-07-19 21:42:33.697 +05:30 [INF] Executed action AuthNet.Controllers.SalesController.GetCurrentYearProfit (AuthNet) in 19.6555ms
2025-07-19 21:42:33.698 +05:30 [INF] Executed endpoint 'AuthNet.Controllers.SalesController.GetCurrentYearProfit (AuthNet)'
2025-07-19 21:42:33.698 +05:30 [INF] Request finished HTTP/1.1 GET https://localhost:7165/api/Sales/CurrentYearProfit - 200 null application/json; charset=utf-8 22.4722ms
2025-07-19 21:42:33.727 +05:30 [INF] Request starting HTTP/1.1 GET https://localhost:7165/api/Tasks - null null
2025-07-19 21:42:33.728 +05:30 [INF] Executing endpoint 'AuthNet.Controllers.TasksController.GetTasks (AuthNet)'
2025-07-19 21:42:33.728 +05:30 [INF] Route matched with {action = "GetTasks", controller = "Tasks"}. Executing controller action with signature Microsoft.AspNetCore.Mvc.IActionResult GetTasks() on controller AuthNet.Controllers.TasksController (AuthNet).
2025-07-19 21:42:33.740 +05:30 [INF] Executed DbCommand (11ms) [Parameters=[], CommandType='"Text"', CommandTimeout='30']
SELECT [t].[Id], [t].[Title], [t].[DueDate]
FROM [Tasks] AS [t]
2025-07-19 21:42:33.740 +05:30 [INF] Executing OkObjectResult, writing value of type 'System.Collections.Generic.List`1[[AuthNet.Models.DTO.TaskItemDto, AuthNet, Version=1.0.0.0, Culture=neutral, PublicKeyToken=null]]'.
2025-07-19 21:42:33.741 +05:30 [INF] Executed action AuthNet.Controllers.TasksController.GetTasks (AuthNet) in 13.0158ms
2025-07-19 21:42:33.741 +05:30 [INF] Executed endpoint 'AuthNet.Controllers.TasksController.GetTasks (AuthNet)'
2025-07-19 21:42:33.741 +05:30 [INF] Request finished HTTP/1.1 GET https://localhost:7165/api/Tasks - 200 null application/json; charset=utf-8 14.5035ms
2025-07-19 21:42:33.769 +05:30 [INF] Request starting HTTP/1.1 GET https://localhost:7165/api/Settings/Get - null null
2025-07-19 21:42:33.770 +05:30 [INF] Executing endpoint 'AuthNet.Controllers.SettingsController.GetCompanyInfo (AuthNet)'
2025-07-19 21:42:33.770 +05:30 [INF] Route matched with {action = "GetCompanyInfo", controller = "Settings"}. Executing controller action with signature System.Threading.Tasks.Task`1[Microsoft.AspNetCore.Mvc.IActionResult] GetCompanyInfo() on controller AuthNet.Controllers.SettingsController (AuthNet).
2025-07-19 21:42:33.780 +05:30 [INF] Executed DbCommand (9ms) [Parameters=[], CommandType='"Text"', CommandTimeout='30']
SELECT TOP(1) [c].[Id], [c].[Address], [c].[ContactNumber], [c].[Email], [c].[GSTIN], [c].[LogoFileExtension], [c].[LogoFilePath], [c].[LogoFileSizeInBytes], [c].[LogoName], [c].[Name], [c].[SignFileExtension], [c].[SignFilePath], [c].[SignFileSizeInBytes], [c].[SignName]
FROM [CompanyInfos] AS [c]
2025-07-19 21:42:33.784 +05:30 [INF] Executing OkObjectResult, writing value of type 'AuthNet.Models.DTO.CompanyInfoResponseDto'.
2025-07-19 21:42:33.784 +05:30 [INF] Executed action AuthNet.Controllers.SettingsController.GetCompanyInfo (AuthNet) in 14.405ms
2025-07-19 21:42:33.784 +05:30 [INF] Executed endpoint 'AuthNet.Controllers.SettingsController.GetCompanyInfo (AuthNet)'
2025-07-19 21:42:33.785 +05:30 [INF] Request finished HTTP/1.1 GET https://localhost:7165/api/Settings/Get - 200 null application/json; charset=utf-8 15.9706ms
2025-07-19 21:42:49.462 +05:30 [INF] User profile is available. Using 'C:\Users\Admin\AppData\Local\ASP.NET\DataProtection-Keys' as key repository and Windows DPAPI to encrypt keys at rest.
2025-07-19 21:42:49.923 +05:30 [INF] Now listening on: https://localhost:7165
2025-07-19 21:42:49.924 +05:30 [INF] Now listening on: http://localhost:5008
2025-07-19 21:42:50.146 +05:30 [INF] Application started. Press Ctrl+C to shut down.
2025-07-19 21:42:50.147 +05:30 [INF] Hosting environment: Development
2025-07-19 21:42:50.147 +05:30 [INF] Content root path: C:\Users\Admin\AuthNet\AuthNet
2025-07-19 21:42:51.325 +05:30 [INF] Request starting HTTP/2 GET https://localhost:7165/swagger/index.html - null null
2025-07-19 21:42:51.929 +05:30 [INF] Request finished HTTP/2 GET https://localhost:7165/swagger/index.html - 200 null text/html;charset=utf-8 620.2855ms
2025-07-19 21:42:51.969 +05:30 [INF] Request starting HTTP/2 GET https://localhost:7165/_framework/aspnetcore-browser-refresh.js - null null
2025-07-19 21:42:51.969 +05:30 [INF] Request starting HTTP/2 GET https://localhost:7165/_vs/browserLink - null null
2025-07-19 21:42:51.982 +05:30 [INF] Request finished HTTP/2 GET https://localhost:7165/_framework/aspnetcore-browser-refresh.js - 200 16499 application/javascript; charset=utf-8 13.0574ms
2025-07-19 21:42:52.073 +05:30 [INF] Request starting HTTP/1.1 GET https://localhost:7165/api/Sales/DailyProfit - null null
2025-07-19 21:42:52.090 +05:30 [INF] Request finished HTTP/2 GET https://localhost:7165/_vs/browserLink - 200 null text/javascript; charset=UTF-8 121.1008ms
2025-07-19 21:42:52.308 +05:30 [INF] Executing endpoint 'AuthNet.Controllers.SalesController.GetDailyProfit (AuthNet)'
2025-07-19 21:42:52.390 +05:30 [INF] Route matched with {action = "GetDailyProfit", controller = "Sales"}. Executing controller action with signature System.Threading.Tasks.Task`1[Microsoft.AspNetCore.Mvc.IActionResult] GetDailyProfit() on controller AuthNet.Controllers.SalesController (AuthNet).
2025-07-19 21:42:53.411 +05:30 [INF] Request starting HTTP/2 GET https://localhost:7165/swagger/v1/swagger.json - null null
2025-07-19 21:42:53.536 +05:30 [INF] Request finished HTTP/2 GET https://localhost:7165/swagger/v1/swagger.json - 200 null application/json;charset=utf-8 124.7188ms
2025-07-19 21:42:54.640 +05:30 [WRN] No store type was specified for the decimal property 'TotalAmount' on entity type 'Order'. This will cause values to be silently truncated if they do not fit in the default precision and scale. Explicitly specify the SQL server column type that can accommodate all the values in 'OnModelCreating' using 'HasColumnType', specify precision and scale using 'HasPrecision', or configure a value converter using 'HasConversion'.
2025-07-19 21:42:54.641 +05:30 [WRN] No store type was specified for the decimal property 'UnitPrice' on entity type 'OrderItem'. This will cause values to be silently truncated if they do not fit in the default precision and scale. Explicitly specify the SQL server column type that can accommodate all the values in 'OnModelCreating' using 'HasColumnType', specify precision and scale using 'HasPrecision', or configure a value converter using 'HasConversion'.
2025-07-19 21:42:54.641 +05:30 [WRN] No store type was specified for the decimal property 'CostPrice' on entity type 'Product'. This will cause values to be silently truncated if they do not fit in the default precision and scale. Explicitly specify the SQL server column type that can accommodate all the values in 'OnModelCreating' using 'HasColumnType', specify precision and scale using 'HasPrecision', or configure a value converter using 'HasConversion'.
2025-07-19 21:42:54.641 +05:30 [WRN] No store type was specified for the decimal property 'SellPrice' on entity type 'Product'. This will cause values to be silently truncated if they do not fit in the default precision and scale. Explicitly specify the SQL server column type that can accommodate all the values in 'OnModelCreating' using 'HasColumnType', specify precision and scale using 'HasPrecision', or configure a value converter using 'HasConversion'.
2025-07-19 21:42:54.642 +05:30 [WRN] No store type was specified for the decimal property 'TotalAmount' on entity type 'PurchaseOrder'. This will cause values to be silently truncated if they do not fit in the default precision and scale. Explicitly specify the SQL server column type that can accommodate all the values in 'OnModelCreating' using 'HasColumnType', specify precision and scale using 'HasPrecision', or configure a value converter using 'HasConversion'.
2025-07-19 21:42:54.643 +05:30 [WRN] No store type was specified for the decimal property 'UnitPrice' on entity type 'PurchaseOrderItems'. This will cause values to be silently truncated if they do not fit in the default precision and scale. Explicitly specify the SQL server column type that can accommodate all the values in 'OnModelCreating' using 'HasColumnType', specify precision and scale using 'HasPrecision', or configure a value converter using 'HasConversion'.
2025-07-19 21:42:54.643 +05:30 [WRN] No store type was specified for the decimal property 'AfterTaxAmount' on entity type 'Sale'. This will cause values to be silently truncated if they do not fit in the default precision and scale. Explicitly specify the SQL server column type that can accommodate all the values in 'OnModelCreating' using 'HasColumnType', specify precision and scale using 'HasPrecision', or configure a value converter using 'HasConversion'.
2025-07-19 21:42:54.644 +05:30 [WRN] No store type was specified for the decimal property 'DiscountedAmount' on entity type 'Sale'. This will cause values to be silently truncated if they do not fit in the default precision and scale. Explicitly specify the SQL server column type that can accommodate all the values in 'OnModelCreating' using 'HasColumnType', specify precision and scale using 'HasPrecision', or configure a value converter using 'HasConversion'.
2025-07-19 21:42:54.644 +05:30 [WRN] No store type was specified for the decimal property 'PrincipalAmount' on entity type 'Sale'. This will cause values to be silently truncated if they do not fit in the default precision and scale. Explicitly specify the SQL server column type that can accommodate all the values in 'OnModelCreating' using 'HasColumnType', specify precision and scale using 'HasPrecision', or configure a value converter using 'HasConversion'.
2025-07-19 21:42:54.644 +05:30 [WRN] No store type was specified for the decimal property 'TotalAmount' on entity type 'Sale'. This will cause values to be silently truncated if they do not fit in the default precision and scale. Explicitly specify the SQL server column type that can accommodate all the values in 'OnModelCreating' using 'HasColumnType', specify precision and scale using 'HasPrecision', or configure a value converter using 'HasConversion'.
2025-07-19 21:42:54.644 +05:30 [WRN] No store type was specified for the decimal property 'TotalPrice' on entity type 'SaleItem'. This will cause values to be silently truncated if they do not fit in the default precision and scale. Explicitly specify the SQL server column type that can accommodate all the values in 'OnModelCreating' using 'HasColumnType', specify precision and scale using 'HasPrecision', or configure a value converter using 'HasConversion'.
2025-07-19 21:42:54.644 +05:30 [WRN] No store type was specified for the decimal property 'UnitPrice' on entity type 'SaleItem'. This will cause values to be silently truncated if they do not fit in the default precision and scale. Explicitly specify the SQL server column type that can accommodate all the values in 'OnModelCreating' using 'HasColumnType', specify precision and scale using 'HasPrecision', or configure a value converter using 'HasConversion'.
2025-07-19 21:42:54.644 +05:30 [WRN] No store type was specified for the decimal property 'CGST' on entity type 'TaxSetting'. This will cause values to be silently truncated if they do not fit in the default precision and scale. Explicitly specify the SQL server column type that can accommodate all the values in 'OnModelCreating' using 'HasColumnType', specify precision and scale using 'HasPrecision', or configure a value converter using 'HasConversion'.
2025-07-19 21:42:54.645 +05:30 [WRN] No store type was specified for the decimal property 'IGST' on entity type 'TaxSetting'. This will cause values to be silently truncated if they do not fit in the default precision and scale. Explicitly specify the SQL server column type that can accommodate all the values in 'OnModelCreating' using 'HasColumnType', specify precision and scale using 'HasPrecision', or configure a value converter using 'HasConversion'.
2025-07-19 21:42:54.645 +05:30 [WRN] No store type was specified for the decimal property 'SGST' on entity type 'TaxSetting'. This will cause values to be silently truncated if they do not fit in the default precision and scale. Explicitly specify the SQL server column type that can accommodate all the values in 'OnModelCreating' using 'HasColumnType', specify precision and scale using 'HasPrecision', or configure a value converter using 'HasConversion'.
2025-07-19 21:42:56.646 +05:30 [INF] Executed DbCommand (153ms) [Parameters=[@__date_Date_0='?' (DbType = DateTime2)], CommandType='"Text"', CommandTimeout='30']
SELECT [s].[Id], [s].[ProductId], [s].[ProductName], [s].[Quantity], [s].[SaleId], [s].[TotalPrice], [s].[UnitPrice], [s0].[Id], [s0].[AfterTaxAmount], [s0].[CreatedAt], [s0].[DiscountedAmount], [s0].[InvoiceDate], [s0].[InvoiceNo], [s0].[PrincipalAmount], [s0].[Template], [s0].[TotalAmount]
FROM [SaleItems] AS [s]
INNER JOIN [Sales] AS [s0] ON [s].[SaleId] = [s0].[Id]
WHERE CONVERT(date, [s0].[InvoiceDate]) = @__date_Date_0
2025-07-19 21:42:57.143 +05:30 [INF] Executed DbCommand (12ms) [Parameters=[@__productIds_0='?' (Size = 4000)], CommandType='"Text"', CommandTimeout='30']
SELECT [p].[ProductId], [p].[CategoryId], [p].[CostPrice], [p].[Description], [p].[Name], [p].[ProductCode], [p].[ProductKey], [p].[SellPrice], [p].[SupplierId]
FROM [Products] AS [p]
WHERE [p].[ProductId] IN (
    SELECT [p0].[value]
    FROM OPENJSON(@__productIds_0) WITH ([value] int '$') AS [p0]
)
2025-07-19 21:42:57.249 +05:30 [INF] Executing OkObjectResult, writing value of type 'AuthNet.Models.DTO.DailyProfitDto'.
2025-07-19 21:42:57.330 +05:30 [INF] Executed action AuthNet.Controllers.SalesController.GetDailyProfit (AuthNet) in 4931.9062ms
2025-07-19 21:42:57.331 +05:30 [INF] Executed endpoint 'AuthNet.Controllers.SalesController.GetDailyProfit (AuthNet)'
2025-07-19 21:42:57.355 +05:30 [INF] Request finished HTTP/1.1 GET https://localhost:7165/api/Sales/DailyProfit - 200 null application/json; charset=utf-8 5285.3944ms
2025-07-19 21:42:57.398 +05:30 [INF] Request starting HTTP/1.1 GET https://localhost:7165/api/Sales/CurrentMonthProfit - null null
2025-07-19 21:42:57.409 +05:30 [INF] Executing endpoint 'AuthNet.Controllers.SalesController.GetCurrentMonthProfit (AuthNet)'
2025-07-19 21:42:57.420 +05:30 [INF] Route matched with {action = "GetCurrentMonthProfit", controller = "Sales"}. Executing controller action with signature System.Threading.Tasks.Task`1[Microsoft.AspNetCore.Mvc.IActionResult] GetCurrentMonthProfit() on controller AuthNet.Controllers.SalesController (AuthNet).
2025-07-19 21:42:57.538 +05:30 [INF] Executed DbCommand (13ms) [Parameters=[@__currentYear_0='?' (DbType = Int32), @__currentMonth_1='?' (DbType = Int32)], CommandType='"Text"', CommandTimeout='30']
SELECT [s].[Id], [s].[ProductId], [s].[ProductName], [s].[Quantity], [s].[SaleId], [s].[TotalPrice], [s].[UnitPrice], [s0].[Id], [s0].[AfterTaxAmount], [s0].[CreatedAt], [s0].[DiscountedAmount], [s0].[InvoiceDate], [s0].[InvoiceNo], [s0].[PrincipalAmount], [s0].[Template], [s0].[TotalAmount]
FROM [SaleItems] AS [s]
INNER JOIN [Sales] AS [s0] ON [s].[SaleId] = [s0].[Id]
WHERE DATEPART(year, [s0].[InvoiceDate]) = @__currentYear_0 AND DATEPART(month, [s0].[InvoiceDate]) = @__currentMonth_1
2025-07-19 21:42:57.566 +05:30 [INF] Executed DbCommand (20ms) [Parameters=[@__productIds_0='?' (Size = 4000)], CommandType='"Text"', CommandTimeout='30']
SELECT [p].[ProductId], [p].[CategoryId], [p].[CostPrice], [p].[Description], [p].[Name], [p].[ProductCode], [p].[ProductKey], [p].[SellPrice], [p].[SupplierId]
FROM [Products] AS [p]
WHERE [p].[ProductId] IN (
    SELECT [p0].[value]
    FROM OPENJSON(@__productIds_0) WITH ([value] int '$') AS [p0]
)
2025-07-19 21:42:57.569 +05:30 [INF] Executing OkObjectResult, writing value of type 'AuthNet.Models.DTO.MonthlyProfitDto'.
2025-07-19 21:42:57.574 +05:30 [INF] Executed action AuthNet.Controllers.SalesController.GetCurrentMonthProfit (AuthNet) in 153.2732ms
2025-07-19 21:42:57.574 +05:30 [INF] Executed endpoint 'AuthNet.Controllers.SalesController.GetCurrentMonthProfit (AuthNet)'
2025-07-19 21:42:57.575 +05:30 [INF] Request finished HTTP/1.1 GET https://localhost:7165/api/Sales/CurrentMonthProfit - 200 null application/json; charset=utf-8 176.9247ms
2025-07-19 21:42:57.599 +05:30 [INF] Request starting HTTP/1.1 GET https://localhost:7165/api/Sales/CurrentYearProfit - null null
2025-07-19 21:42:57.603 +05:30 [INF] Executing endpoint 'AuthNet.Controllers.SalesController.GetCurrentYearProfit (AuthNet)'
2025-07-19 21:42:57.609 +05:30 [INF] Route matched with {action = "GetCurrentYearProfit", controller = "Sales"}. Executing controller action with signature System.Threading.Tasks.Task`1[Microsoft.AspNetCore.Mvc.IActionResult] GetCurrentYearProfit() on controller AuthNet.Controllers.SalesController (AuthNet).
2025-07-19 21:42:57.873 +05:30 [INF] Executed DbCommand (18ms) [Parameters=[@__currentYear_0='?' (DbType = Int32)], CommandType='"Text"', CommandTimeout='30']
SELECT [s].[Id], [s].[ProductId], [s].[ProductName], [s].[Quantity], [s].[SaleId], [s].[TotalPrice], [s].[UnitPrice], [s0].[Id], [s0].[AfterTaxAmount], [s0].[CreatedAt], [s0].[DiscountedAmount], [s0].[InvoiceDate], [s0].[InvoiceNo], [s0].[PrincipalAmount], [s0].[Template], [s0].[TotalAmount]
FROM [SaleItems] AS [s]
INNER JOIN [Sales] AS [s0] ON [s].[SaleId] = [s0].[Id]
WHERE DATEPART(year, [s0].[InvoiceDate]) = @__currentYear_0
2025-07-19 21:42:57.900 +05:30 [INF] Executed DbCommand (11ms) [Parameters=[@__productIds_0='?' (Size = 4000)], CommandType='"Text"', CommandTimeout='30']
SELECT [p].[ProductId], [p].[CategoryId], [p].[CostPrice], [p].[Description], [p].[Name], [p].[ProductCode], [p].[ProductKey], [p].[SellPrice], [p].[SupplierId]
FROM [Products] AS [p]
WHERE [p].[ProductId] IN (
    SELECT [p0].[value]
    FROM OPENJSON(@__productIds_0) WITH ([value] int '$') AS [p0]
)
2025-07-19 21:42:57.903 +05:30 [INF] Executing OkObjectResult, writing value of type 'AuthNet.Models.DTO.YearlyProfitDto'.
2025-07-19 21:42:57.905 +05:30 [INF] Executed action AuthNet.Controllers.SalesController.GetCurrentYearProfit (AuthNet) in 296.2177ms
2025-07-19 21:42:57.906 +05:30 [INF] Executed endpoint 'AuthNet.Controllers.SalesController.GetCurrentYearProfit (AuthNet)'
2025-07-19 21:42:57.907 +05:30 [INF] Request finished HTTP/1.1 GET https://localhost:7165/api/Sales/CurrentYearProfit - 200 null application/json; charset=utf-8 307.7315ms
2025-07-19 21:42:57.932 +05:30 [INF] Request starting HTTP/1.1 GET https://localhost:7165/api/Tasks - null null
2025-07-19 21:42:57.934 +05:30 [INF] Executing endpoint 'AuthNet.Controllers.TasksController.GetTasks (AuthNet)'
2025-07-19 21:42:57.936 +05:30 [INF] Route matched with {action = "GetTasks", controller = "Tasks"}. Executing controller action with signature Microsoft.AspNetCore.Mvc.IActionResult GetTasks() on controller AuthNet.Controllers.TasksController (AuthNet).
2025-07-19 21:42:57.982 +05:30 [INF] Executed DbCommand (6ms) [Parameters=[], CommandType='"Text"', CommandTimeout='30']
SELECT [t].[Id], [t].[Title], [t].[DueDate]
FROM [Tasks] AS [t]
2025-07-19 21:42:57.994 +05:30 [INF] Executing OkObjectResult, writing value of type 'System.Collections.Generic.List`1[[AuthNet.Models.DTO.TaskItemDto, AuthNet, Version=1.0.0.0, Culture=neutral, PublicKeyToken=null]]'.
2025-07-19 21:42:58.004 +05:30 [INF] Executed action AuthNet.Controllers.TasksController.GetTasks (AuthNet) in 68.0965ms
2025-07-19 21:42:58.004 +05:30 [INF] Executed endpoint 'AuthNet.Controllers.TasksController.GetTasks (AuthNet)'
2025-07-19 21:42:58.005 +05:30 [INF] Request finished HTTP/1.1 GET https://localhost:7165/api/Tasks - 200 null application/json; charset=utf-8 72.6752ms
2025-07-19 21:42:58.042 +05:30 [INF] Request starting HTTP/1.1 GET https://localhost:7165/api/Settings/Get - null null
2025-07-19 21:42:58.044 +05:30 [INF] Executing endpoint 'AuthNet.Controllers.SettingsController.GetCompanyInfo (AuthNet)'
2025-07-19 21:42:58.052 +05:30 [INF] Route matched with {action = "GetCompanyInfo", controller = "Settings"}. Executing controller action with signature System.Threading.Tasks.Task`1[Microsoft.AspNetCore.Mvc.IActionResult] GetCompanyInfo() on controller AuthNet.Controllers.SettingsController (AuthNet).
2025-07-19 21:42:58.073 +05:30 [WRN] The query uses the 'First'/'FirstOrDefault' operator without 'OrderBy' and filter operators. This may lead to unpredictable results.
2025-07-19 21:42:58.119 +05:30 [INF] Executed DbCommand (13ms) [Parameters=[], CommandType='"Text"', CommandTimeout='30']
SELECT TOP(1) [c].[Id], [c].[Address], [c].[ContactNumber], [c].[Email], [c].[GSTIN], [c].[LogoFileExtension], [c].[LogoFilePath], [c].[LogoFileSizeInBytes], [c].[LogoName], [c].[Name], [c].[SignFileExtension], [c].[SignFilePath], [c].[SignFileSizeInBytes], [c].[SignName]
FROM [CompanyInfos] AS [c]
2025-07-19 21:42:58.188 +05:30 [INF] Executing OkObjectResult, writing value of type 'AuthNet.Models.DTO.CompanyInfoResponseDto'.
2025-07-19 21:42:58.196 +05:30 [INF] Executed action AuthNet.Controllers.SettingsController.GetCompanyInfo (AuthNet) in 143.9946ms
2025-07-19 21:42:58.196 +05:30 [INF] Executed endpoint 'AuthNet.Controllers.SettingsController.GetCompanyInfo (AuthNet)'
2025-07-19 21:42:58.197 +05:30 [INF] Request finished HTTP/1.1 GET https://localhost:7165/api/Settings/Get - 200 null application/json; charset=utf-8 155.1004ms
2025-07-19 21:43:02.408 +05:30 [INF] Request starting HTTP/1.1 POST https://localhost:7165/api/Auth/login - application/json; charset=utf-8 null
2025-07-19 21:43:02.411 +05:30 [INF] Executing endpoint 'AuthNet.Controllers.AuthController.Login (AuthNet)'
2025-07-19 21:43:02.442 +05:30 [INF] Route matched with {action = "Login", controller = "Auth"}. Executing controller action with signature System.Threading.Tasks.Task`1[Microsoft.AspNetCore.Mvc.IActionResult] Login(AuthNet.Models.DTO.LoginDto) on controller AuthNet.Controllers.AuthController (AuthNet).
2025-07-19 21:43:02.558 +05:30 [INF] Executed DbCommand (9ms) [Parameters=[@__username_0='?' (Size = 100)], CommandType='"Text"', CommandTimeout='30']
SELECT TOP(1) [u].[UserId], [u].[CreatedAt], [u].[Email], [u].[Firstname], [u].[Lastname], [u].[PasswordHash], [u].[Role], [u].[Username]
FROM [Users] AS [u]
WHERE [u].[Username] = @__username_0
2025-07-19 21:43:03.987 +05:30 [INF] Executing OkObjectResult, writing value of type 'AuthNet.Models.DTO.ServiceResponse`1[[AuthNet.Models.DTO.LoginResponseDto, AuthNet, Version=1.0.0.0, Culture=neutral, PublicKeyToken=null]]'.
2025-07-19 21:43:03.993 +05:30 [INF] Executed action AuthNet.Controllers.AuthController.Login (AuthNet) in 1550.2863ms
2025-07-19 21:43:03.993 +05:30 [INF] Executed endpoint 'AuthNet.Controllers.AuthController.Login (AuthNet)'
2025-07-19 21:43:03.995 +05:30 [INF] Request finished HTTP/1.1 POST https://localhost:7165/api/Auth/login - 200 null application/json; charset=utf-8 1586.7029ms
2025-07-19 21:43:04.047 +05:30 [INF] Request starting HTTP/1.1 GET https://localhost:7165/api/Sales/DailyProfit - null null
2025-07-19 21:43:04.049 +05:30 [INF] Executing endpoint 'AuthNet.Controllers.SalesController.GetDailyProfit (AuthNet)'
2025-07-19 21:43:04.049 +05:30 [INF] Route matched with {action = "GetDailyProfit", controller = "Sales"}. Executing controller action with signature System.Threading.Tasks.Task`1[Microsoft.AspNetCore.Mvc.IActionResult] GetDailyProfit() on controller AuthNet.Controllers.SalesController (AuthNet).
2025-07-19 21:43:04.075 +05:30 [INF] Executed DbCommand (20ms) [Parameters=[@__date_Date_0='?' (DbType = DateTime2)], CommandType='"Text"', CommandTimeout='30']
SELECT [s].[Id], [s].[ProductId], [s].[ProductName], [s].[Quantity], [s].[SaleId], [s].[TotalPrice], [s].[UnitPrice], [s0].[Id], [s0].[AfterTaxAmount], [s0].[CreatedAt], [s0].[DiscountedAmount], [s0].[InvoiceDate], [s0].[InvoiceNo], [s0].[PrincipalAmount], [s0].[Template], [s0].[TotalAmount]
FROM [SaleItems] AS [s]
INNER JOIN [Sales] AS [s0] ON [s].[SaleId] = [s0].[Id]
WHERE CONVERT(date, [s0].[InvoiceDate]) = @__date_Date_0
2025-07-19 21:43:04.098 +05:30 [INF] Executed DbCommand (20ms) [Parameters=[@__productIds_0='?' (Size = 4000)], CommandType='"Text"', CommandTimeout='30']
SELECT [p].[ProductId], [p].[CategoryId], [p].[CostPrice], [p].[Description], [p].[Name], [p].[ProductCode], [p].[ProductKey], [p].[SellPrice], [p].[SupplierId]
FROM [Products] AS [p]
WHERE [p].[ProductId] IN (
    SELECT [p0].[value]
    FROM OPENJSON(@__productIds_0) WITH ([value] int '$') AS [p0]
)
2025-07-19 21:43:04.099 +05:30 [INF] Executing OkObjectResult, writing value of type 'AuthNet.Models.DTO.DailyProfitDto'.
2025-07-19 21:43:04.100 +05:30 [INF] Executed action AuthNet.Controllers.SalesController.GetDailyProfit (AuthNet) in 50.8377ms
2025-07-19 21:43:04.100 +05:30 [INF] Executed endpoint 'AuthNet.Controllers.SalesController.GetDailyProfit (AuthNet)'
2025-07-19 21:43:04.101 +05:30 [INF] Request finished HTTP/1.1 GET https://localhost:7165/api/Sales/DailyProfit - 200 null application/json; charset=utf-8 53.8826ms
2025-07-19 21:43:04.167 +05:30 [INF] Request starting HTTP/1.1 GET https://localhost:7165/api/Sales/CurrentMonthProfit - null null
2025-07-19 21:43:04.169 +05:30 [INF] Executing endpoint 'AuthNet.Controllers.SalesController.GetCurrentMonthProfit (AuthNet)'
2025-07-19 21:43:04.169 +05:30 [INF] Route matched with {action = "GetCurrentMonthProfit", controller = "Sales"}. Executing controller action with signature System.Threading.Tasks.Task`1[Microsoft.AspNetCore.Mvc.IActionResult] GetCurrentMonthProfit() on controller AuthNet.Controllers.SalesController (AuthNet).
2025-07-19 21:43:04.188 +05:30 [INF] Executed DbCommand (15ms) [Parameters=[@__currentYear_0='?' (DbType = Int32), @__currentMonth_1='?' (DbType = Int32)], CommandType='"Text"', CommandTimeout='30']
SELECT [s].[Id], [s].[ProductId], [s].[ProductName], [s].[Quantity], [s].[SaleId], [s].[TotalPrice], [s].[UnitPrice], [s0].[Id], [s0].[AfterTaxAmount], [s0].[CreatedAt], [s0].[DiscountedAmount], [s0].[InvoiceDate], [s0].[InvoiceNo], [s0].[PrincipalAmount], [s0].[Template], [s0].[TotalAmount]
FROM [SaleItems] AS [s]
INNER JOIN [Sales] AS [s0] ON [s].[SaleId] = [s0].[Id]
WHERE DATEPART(year, [s0].[InvoiceDate]) = @__currentYear_0 AND DATEPART(month, [s0].[InvoiceDate]) = @__currentMonth_1
2025-07-19 21:43:04.209 +05:30 [INF] Executed DbCommand (17ms) [Parameters=[@__productIds_0='?' (Size = 4000)], CommandType='"Text"', CommandTimeout='30']
SELECT [p].[ProductId], [p].[CategoryId], [p].[CostPrice], [p].[Description], [p].[Name], [p].[ProductCode], [p].[ProductKey], [p].[SellPrice], [p].[SupplierId]
FROM [Products] AS [p]
WHERE [p].[ProductId] IN (
    SELECT [p0].[value]
    FROM OPENJSON(@__productIds_0) WITH ([value] int '$') AS [p0]
)
2025-07-19 21:43:04.211 +05:30 [INF] Executing OkObjectResult, writing value of type 'AuthNet.Models.DTO.MonthlyProfitDto'.
2025-07-19 21:43:04.212 +05:30 [INF] Executed action AuthNet.Controllers.SalesController.GetCurrentMonthProfit (AuthNet) in 43.0643ms
2025-07-19 21:43:04.212 +05:30 [INF] Executed endpoint 'AuthNet.Controllers.SalesController.GetCurrentMonthProfit (AuthNet)'
2025-07-19 21:43:04.213 +05:30 [INF] Request finished HTTP/1.1 GET https://localhost:7165/api/Sales/CurrentMonthProfit - 200 null application/json; charset=utf-8 45.7752ms
2025-07-19 21:43:04.239 +05:30 [INF] Request starting HTTP/1.1 GET https://localhost:7165/api/Sales/CurrentYearProfit - null null
2025-07-19 21:43:04.240 +05:30 [INF] Executing endpoint 'AuthNet.Controllers.SalesController.GetCurrentYearProfit (AuthNet)'
2025-07-19 21:43:04.240 +05:30 [INF] Route matched with {action = "GetCurrentYearProfit", controller = "Sales"}. Executing controller action with signature System.Threading.Tasks.Task`1[Microsoft.AspNetCore.Mvc.IActionResult] GetCurrentYearProfit() on controller AuthNet.Controllers.SalesController (AuthNet).
2025-07-19 21:43:04.262 +05:30 [INF] Executed DbCommand (16ms) [Parameters=[@__currentYear_0='?' (DbType = Int32)], CommandType='"Text"', CommandTimeout='30']
SELECT [s].[Id], [s].[ProductId], [s].[ProductName], [s].[Quantity], [s].[SaleId], [s].[TotalPrice], [s].[UnitPrice], [s0].[Id], [s0].[AfterTaxAmount], [s0].[CreatedAt], [s0].[DiscountedAmount], [s0].[InvoiceDate], [s0].[InvoiceNo], [s0].[PrincipalAmount], [s0].[Template], [s0].[TotalAmount]
FROM [SaleItems] AS [s]
INNER JOIN [Sales] AS [s0] ON [s].[SaleId] = [s0].[Id]
WHERE DATEPART(year, [s0].[InvoiceDate]) = @__currentYear_0
2025-07-19 21:43:04.273 +05:30 [INF] Executed DbCommand (3ms) [Parameters=[@__productIds_0='?' (Size = 4000)], CommandType='"Text"', CommandTimeout='30']
SELECT [p].[ProductId], [p].[CategoryId], [p].[CostPrice], [p].[Description], [p].[Name], [p].[ProductCode], [p].[ProductKey], [p].[SellPrice], [p].[SupplierId]
FROM [Products] AS [p]
WHERE [p].[ProductId] IN (
    SELECT [p0].[value]
    FROM OPENJSON(@__productIds_0) WITH ([value] int '$') AS [p0]
)
2025-07-19 21:43:04.274 +05:30 [INF] Executing OkObjectResult, writing value of type 'AuthNet.Models.DTO.YearlyProfitDto'.
2025-07-19 21:43:04.275 +05:30 [INF] Executed action AuthNet.Controllers.SalesController.GetCurrentYearProfit (AuthNet) in 34.1849ms
2025-07-19 21:43:04.275 +05:30 [INF] Executed endpoint 'AuthNet.Controllers.SalesController.GetCurrentYearProfit (AuthNet)'
2025-07-19 21:43:04.276 +05:30 [INF] Request finished HTTP/1.1 GET https://localhost:7165/api/Sales/CurrentYearProfit - 200 null application/json; charset=utf-8 37.088ms
2025-07-19 21:43:04.299 +05:30 [INF] Request starting HTTP/1.1 GET https://localhost:7165/api/Tasks - null null
2025-07-19 21:43:04.300 +05:30 [INF] Executing endpoint 'AuthNet.Controllers.TasksController.GetTasks (AuthNet)'
2025-07-19 21:43:04.300 +05:30 [INF] Route matched with {action = "GetTasks", controller = "Tasks"}. Executing controller action with signature Microsoft.AspNetCore.Mvc.IActionResult GetTasks() on controller AuthNet.Controllers.TasksController (AuthNet).
2025-07-19 21:43:04.309 +05:30 [INF] Executed DbCommand (3ms) [Parameters=[], CommandType='"Text"', CommandTimeout='30']
SELECT [t].[Id], [t].[Title], [t].[DueDate]
FROM [Tasks] AS [t]
2025-07-19 21:43:04.310 +05:30 [INF] Executing OkObjectResult, writing value of type 'System.Collections.Generic.List`1[[AuthNet.Models.DTO.TaskItemDto, AuthNet, Version=1.0.0.0, Culture=neutral, PublicKeyToken=null]]'.
2025-07-19 21:43:04.310 +05:30 [INF] Executed action AuthNet.Controllers.TasksController.GetTasks (AuthNet) in 9.83ms
2025-07-19 21:43:04.311 +05:30 [INF] Executed endpoint 'AuthNet.Controllers.TasksController.GetTasks (AuthNet)'
2025-07-19 21:43:04.311 +05:30 [INF] Request finished HTTP/1.1 GET https://localhost:7165/api/Tasks - 200 null application/json; charset=utf-8 11.9493ms
2025-07-19 21:43:04.337 +05:30 [INF] Request starting HTTP/1.1 GET https://localhost:7165/api/Settings/Get - null null
2025-07-19 21:43:04.342 +05:30 [INF] Executing endpoint 'AuthNet.Controllers.SettingsController.GetCompanyInfo (AuthNet)'
2025-07-19 21:43:04.343 +05:30 [INF] Route matched with {action = "GetCompanyInfo", controller = "Settings"}. Executing controller action with signature System.Threading.Tasks.Task`1[Microsoft.AspNetCore.Mvc.IActionResult] GetCompanyInfo() on controller AuthNet.Controllers.SettingsController (AuthNet).
2025-07-19 21:43:04.389 +05:30 [INF] Executed DbCommand (42ms) [Parameters=[], CommandType='"Text"', CommandTimeout='30']
SELECT TOP(1) [c].[Id], [c].[Address], [c].[ContactNumber], [c].[Email], [c].[GSTIN], [c].[LogoFileExtension], [c].[LogoFilePath], [c].[LogoFileSizeInBytes], [c].[LogoName], [c].[Name], [c].[SignFileExtension], [c].[SignFilePath], [c].[SignFileSizeInBytes], [c].[SignName]
FROM [CompanyInfos] AS [c]
2025-07-19 21:43:04.390 +05:30 [INF] Executing OkObjectResult, writing value of type 'AuthNet.Models.DTO.CompanyInfoResponseDto'.
2025-07-19 21:43:04.391 +05:30 [INF] Executed action AuthNet.Controllers.SettingsController.GetCompanyInfo (AuthNet) in 48.0097ms
2025-07-19 21:43:04.391 +05:30 [INF] Executed endpoint 'AuthNet.Controllers.SettingsController.GetCompanyInfo (AuthNet)'
2025-07-19 21:43:04.392 +05:30 [INF] Request finished HTTP/1.1 GET https://localhost:7165/api/Settings/Get - 200 null application/json; charset=utf-8 54.9418ms
2025-07-19 21:59:05.339 +05:30 [INF] User profile is available. Using 'C:\Users\Admin\AppData\Local\ASP.NET\DataProtection-Keys' as key repository and Windows DPAPI to encrypt keys at rest.
2025-07-19 21:59:06.697 +05:30 [INF] Now listening on: https://localhost:7165
2025-07-19 21:59:06.698 +05:30 [INF] Now listening on: http://localhost:5008
2025-07-19 21:59:07.138 +05:30 [INF] Application started. Press Ctrl+C to shut down.
2025-07-19 21:59:07.138 +05:30 [INF] Hosting environment: Development
2025-07-19 21:59:07.138 +05:30 [INF] Content root path: C:\Users\Admin\AuthNet\AuthNet
2025-07-19 21:59:07.983 +05:30 [INF] Request starting HTTP/1.1 GET https://localhost:7165/api/Sales/DailyProfit - null null
2025-07-19 21:59:07.983 +05:30 [INF] Request starting HTTP/2 GET https://localhost:7165/swagger/index.html - null null
2025-07-19 21:59:08.700 +05:30 [INF] Executing endpoint 'AuthNet.Controllers.SalesController.GetDailyProfit (AuthNet)'
2025-07-19 21:59:08.766 +05:30 [INF] Route matched with {action = "GetDailyProfit", controller = "Sales"}. Executing controller action with signature System.Threading.Tasks.Task`1[Microsoft.AspNetCore.Mvc.IActionResult] GetDailyProfit() on controller AuthNet.Controllers.SalesController (AuthNet).
2025-07-19 21:59:09.184 +05:30 [INF] Request finished HTTP/2 GET https://localhost:7165/swagger/index.html - 200 null text/html;charset=utf-8 1218.4205ms
2025-07-19 21:59:09.265 +05:30 [INF] Request starting HTTP/2 GET https://localhost:7165/_framework/aspnetcore-browser-refresh.js - null null
2025-07-19 21:59:09.273 +05:30 [INF] Request starting HTTP/2 GET https://localhost:7165/_vs/browserLink - null null
2025-07-19 21:59:09.291 +05:30 [INF] Request finished HTTP/2 GET https://localhost:7165/_framework/aspnetcore-browser-refresh.js - 200 16499 application/javascript; charset=utf-8 26.1912ms
2025-07-19 21:59:09.555 +05:30 [INF] Request finished HTTP/2 GET https://localhost:7165/_vs/browserLink - 200 null text/javascript; charset=UTF-8 281.9529ms
2025-07-19 21:59:10.051 +05:30 [INF] Request starting HTTP/2 GET https://localhost:7165/swagger/v1/swagger.json - null null
2025-07-19 21:59:10.166 +05:30 [INF] Request finished HTTP/2 GET https://localhost:7165/swagger/v1/swagger.json - 200 null application/json;charset=utf-8 114.4974ms
2025-07-19 21:59:11.121 +05:30 [WRN] No store type was specified for the decimal property 'TotalAmount' on entity type 'Order'. This will cause values to be silently truncated if they do not fit in the default precision and scale. Explicitly specify the SQL server column type that can accommodate all the values in 'OnModelCreating' using 'HasColumnType', specify precision and scale using 'HasPrecision', or configure a value converter using 'HasConversion'.
2025-07-19 21:59:11.122 +05:30 [WRN] No store type was specified for the decimal property 'UnitPrice' on entity type 'OrderItem'. This will cause values to be silently truncated if they do not fit in the default precision and scale. Explicitly specify the SQL server column type that can accommodate all the values in 'OnModelCreating' using 'HasColumnType', specify precision and scale using 'HasPrecision', or configure a value converter using 'HasConversion'.
2025-07-19 21:59:11.122 +05:30 [WRN] No store type was specified for the decimal property 'CostPrice' on entity type 'Product'. This will cause values to be silently truncated if they do not fit in the default precision and scale. Explicitly specify the SQL server column type that can accommodate all the values in 'OnModelCreating' using 'HasColumnType', specify precision and scale using 'HasPrecision', or configure a value converter using 'HasConversion'.
2025-07-19 21:59:11.122 +05:30 [WRN] No store type was specified for the decimal property 'SellPrice' on entity type 'Product'. This will cause values to be silently truncated if they do not fit in the default precision and scale. Explicitly specify the SQL server column type that can accommodate all the values in 'OnModelCreating' using 'HasColumnType', specify precision and scale using 'HasPrecision', or configure a value converter using 'HasConversion'.
2025-07-19 21:59:11.122 +05:30 [WRN] No store type was specified for the decimal property 'TotalAmount' on entity type 'PurchaseOrder'. This will cause values to be silently truncated if they do not fit in the default precision and scale. Explicitly specify the SQL server column type that can accommodate all the values in 'OnModelCreating' using 'HasColumnType', specify precision and scale using 'HasPrecision', or configure a value converter using 'HasConversion'.
2025-07-19 21:59:11.122 +05:30 [WRN] No store type was specified for the decimal property 'UnitPrice' on entity type 'PurchaseOrderItems'. This will cause values to be silently truncated if they do not fit in the default precision and scale. Explicitly specify the SQL server column type that can accommodate all the values in 'OnModelCreating' using 'HasColumnType', specify precision and scale using 'HasPrecision', or configure a value converter using 'HasConversion'.
2025-07-19 21:59:11.122 +05:30 [WRN] No store type was specified for the decimal property 'AfterTaxAmount' on entity type 'Sale'. This will cause values to be silently truncated if they do not fit in the default precision and scale. Explicitly specify the SQL server column type that can accommodate all the values in 'OnModelCreating' using 'HasColumnType', specify precision and scale using 'HasPrecision', or configure a value converter using 'HasConversion'.
2025-07-19 21:59:11.122 +05:30 [WRN] No store type was specified for the decimal property 'DiscountedAmount' on entity type 'Sale'. This will cause values to be silently truncated if they do not fit in the default precision and scale. Explicitly specify the SQL server column type that can accommodate all the values in 'OnModelCreating' using 'HasColumnType', specify precision and scale using 'HasPrecision', or configure a value converter using 'HasConversion'.
2025-07-19 21:59:11.122 +05:30 [WRN] No store type was specified for the decimal property 'PrincipalAmount' on entity type 'Sale'. This will cause values to be silently truncated if they do not fit in the default precision and scale. Explicitly specify the SQL server column type that can accommodate all the values in 'OnModelCreating' using 'HasColumnType', specify precision and scale using 'HasPrecision', or configure a value converter using 'HasConversion'.
2025-07-19 21:59:11.122 +05:30 [WRN] No store type was specified for the decimal property 'TotalAmount' on entity type 'Sale'. This will cause values to be silently truncated if they do not fit in the default precision and scale. Explicitly specify the SQL server column type that can accommodate all the values in 'OnModelCreating' using 'HasColumnType', specify precision and scale using 'HasPrecision', or configure a value converter using 'HasConversion'.
2025-07-19 21:59:11.122 +05:30 [WRN] No store type was specified for the decimal property 'TotalPrice' on entity type 'SaleItem'. This will cause values to be silently truncated if they do not fit in the default precision and scale. Explicitly specify the SQL server column type that can accommodate all the values in 'OnModelCreating' using 'HasColumnType', specify precision and scale using 'HasPrecision', or configure a value converter using 'HasConversion'.
2025-07-19 21:59:11.122 +05:30 [WRN] No store type was specified for the decimal property 'UnitPrice' on entity type 'SaleItem'. This will cause values to be silently truncated if they do not fit in the default precision and scale. Explicitly specify the SQL server column type that can accommodate all the values in 'OnModelCreating' using 'HasColumnType', specify precision and scale using 'HasPrecision', or configure a value converter using 'HasConversion'.
2025-07-19 21:59:11.122 +05:30 [WRN] No store type was specified for the decimal property 'CGST' on entity type 'TaxSetting'. This will cause values to be silently truncated if they do not fit in the default precision and scale. Explicitly specify the SQL server column type that can accommodate all the values in 'OnModelCreating' using 'HasColumnType', specify precision and scale using 'HasPrecision', or configure a value converter using 'HasConversion'.
2025-07-19 21:59:11.122 +05:30 [WRN] No store type was specified for the decimal property 'IGST' on entity type 'TaxSetting'. This will cause values to be silently truncated if they do not fit in the default precision and scale. Explicitly specify the SQL server column type that can accommodate all the values in 'OnModelCreating' using 'HasColumnType', specify precision and scale using 'HasPrecision', or configure a value converter using 'HasConversion'.
2025-07-19 21:59:11.122 +05:30 [WRN] No store type was specified for the decimal property 'SGST' on entity type 'TaxSetting'. This will cause values to be silently truncated if they do not fit in the default precision and scale. Explicitly specify the SQL server column type that can accommodate all the values in 'OnModelCreating' using 'HasColumnType', specify precision and scale using 'HasPrecision', or configure a value converter using 'HasConversion'.
2025-07-19 21:59:12.969 +05:30 [INF] Executed DbCommand (255ms) [Parameters=[@__date_Date_0='?' (DbType = DateTime2)], CommandType='"Text"', CommandTimeout='30']
SELECT [s].[Id], [s].[ProductId], [s].[ProductName], [s].[Quantity], [s].[SaleId], [s].[TotalPrice], [s].[UnitPrice], [s0].[Id], [s0].[AfterTaxAmount], [s0].[CreatedAt], [s0].[DiscountedAmount], [s0].[InvoiceDate], [s0].[InvoiceNo], [s0].[PrincipalAmount], [s0].[Template], [s0].[TotalAmount]
FROM [SaleItems] AS [s]
INNER JOIN [Sales] AS [s0] ON [s].[SaleId] = [s0].[Id]
WHERE CONVERT(date, [s0].[InvoiceDate]) = @__date_Date_0
2025-07-19 21:59:13.257 +05:30 [INF] Executed DbCommand (9ms) [Parameters=[@__productIds_0='?' (Size = 4000)], CommandType='"Text"', CommandTimeout='30']
SELECT [p].[ProductId], [p].[CategoryId], [p].[CostPrice], [p].[Description], [p].[Name], [p].[ProductCode], [p].[ProductKey], [p].[SellPrice], [p].[SupplierId]
FROM [Products] AS [p]
WHERE [p].[ProductId] IN (
    SELECT [p0].[value]
    FROM OPENJSON(@__productIds_0) WITH ([value] int '$') AS [p0]
)
2025-07-19 21:59:13.292 +05:30 [INF] Executing OkObjectResult, writing value of type 'AuthNet.Models.DTO.DailyProfitDto'.
2025-07-19 21:59:13.341 +05:30 [INF] Executed action AuthNet.Controllers.SalesController.GetDailyProfit (AuthNet) in 4566.93ms
2025-07-19 21:59:13.342 +05:30 [INF] Executed endpoint 'AuthNet.Controllers.SalesController.GetDailyProfit (AuthNet)'
2025-07-19 21:59:13.359 +05:30 [INF] Request finished HTTP/1.1 GET https://localhost:7165/api/Sales/DailyProfit - 200 null application/json; charset=utf-8 5394.9247ms
2025-07-19 21:59:13.395 +05:30 [INF] Request starting HTTP/1.1 GET https://localhost:7165/api/Sales/CurrentMonthProfit - null null
2025-07-19 21:59:13.407 +05:30 [INF] Executing endpoint 'AuthNet.Controllers.SalesController.GetCurrentMonthProfit (AuthNet)'
2025-07-19 21:59:13.415 +05:30 [INF] Route matched with {action = "GetCurrentMonthProfit", controller = "Sales"}. Executing controller action with signature System.Threading.Tasks.Task`1[Microsoft.AspNetCore.Mvc.IActionResult] GetCurrentMonthProfit() on controller AuthNet.Controllers.SalesController (AuthNet).
2025-07-19 21:59:13.479 +05:30 [INF] Executed DbCommand (10ms) [Parameters=[@__currentYear_0='?' (DbType = Int32), @__currentMonth_1='?' (DbType = Int32)], CommandType='"Text"', CommandTimeout='30']
SELECT [s].[Id], [s].[ProductId], [s].[ProductName], [s].[Quantity], [s].[SaleId], [s].[TotalPrice], [s].[UnitPrice], [s0].[Id], [s0].[AfterTaxAmount], [s0].[CreatedAt], [s0].[DiscountedAmount], [s0].[InvoiceDate], [s0].[InvoiceNo], [s0].[PrincipalAmount], [s0].[Template], [s0].[TotalAmount]
FROM [SaleItems] AS [s]
INNER JOIN [Sales] AS [s0] ON [s].[SaleId] = [s0].[Id]
WHERE DATEPART(year, [s0].[InvoiceDate]) = @__currentYear_0 AND DATEPART(month, [s0].[InvoiceDate]) = @__currentMonth_1
2025-07-19 21:59:13.494 +05:30 [INF] Executed DbCommand (7ms) [Parameters=[@__productIds_0='?' (Size = 4000)], CommandType='"Text"', CommandTimeout='30']
SELECT [p].[ProductId], [p].[CategoryId], [p].[CostPrice], [p].[Description], [p].[Name], [p].[ProductCode], [p].[ProductKey], [p].[SellPrice], [p].[SupplierId]
FROM [Products] AS [p]
WHERE [p].[ProductId] IN (
    SELECT [p0].[value]
    FROM OPENJSON(@__productIds_0) WITH ([value] int '$') AS [p0]
)
2025-07-19 21:59:13.496 +05:30 [INF] Executing OkObjectResult, writing value of type 'AuthNet.Models.DTO.MonthlyProfitDto'.
2025-07-19 21:59:13.498 +05:30 [INF] Executed action AuthNet.Controllers.SalesController.GetCurrentMonthProfit (AuthNet) in 82.4645ms
2025-07-19 21:59:13.498 +05:30 [INF] Executed endpoint 'AuthNet.Controllers.SalesController.GetCurrentMonthProfit (AuthNet)'
2025-07-19 21:59:13.499 +05:30 [INF] Request finished HTTP/1.1 GET https://localhost:7165/api/Sales/CurrentMonthProfit - 200 null application/json; charset=utf-8 104.117ms
2025-07-19 21:59:13.514 +05:30 [INF] Request starting HTTP/1.1 GET https://localhost:7165/api/Sales/CurrentYearProfit - null null
2025-07-19 21:59:13.517 +05:30 [INF] Executing endpoint 'AuthNet.Controllers.SalesController.GetCurrentYearProfit (AuthNet)'
2025-07-19 21:59:13.523 +05:30 [INF] Route matched with {action = "GetCurrentYearProfit", controller = "Sales"}. Executing controller action with signature System.Threading.Tasks.Task`1[Microsoft.AspNetCore.Mvc.IActionResult] GetCurrentYearProfit() on controller AuthNet.Controllers.SalesController (AuthNet).
2025-07-19 21:59:13.637 +05:30 [INF] Executed DbCommand (8ms) [Parameters=[@__currentYear_0='?' (DbType = Int32)], CommandType='"Text"', CommandTimeout='30']
SELECT [s].[Id], [s].[ProductId], [s].[ProductName], [s].[Quantity], [s].[SaleId], [s].[TotalPrice], [s].[UnitPrice], [s0].[Id], [s0].[AfterTaxAmount], [s0].[CreatedAt], [s0].[DiscountedAmount], [s0].[InvoiceDate], [s0].[InvoiceNo], [s0].[PrincipalAmount], [s0].[Template], [s0].[TotalAmount]
FROM [SaleItems] AS [s]
INNER JOIN [Sales] AS [s0] ON [s].[SaleId] = [s0].[Id]
WHERE DATEPART(year, [s0].[InvoiceDate]) = @__currentYear_0
2025-07-19 21:59:13.670 +05:30 [INF] Executed DbCommand (32ms) [Parameters=[@__productIds_0='?' (Size = 4000)], CommandType='"Text"', CommandTimeout='30']
SELECT [p].[ProductId], [p].[CategoryId], [p].[CostPrice], [p].[Description], [p].[Name], [p].[ProductCode], [p].[ProductKey], [p].[SellPrice], [p].[SupplierId]
FROM [Products] AS [p]
WHERE [p].[ProductId] IN (
    SELECT [p0].[value]
    FROM OPENJSON(@__productIds_0) WITH ([value] int '$') AS [p0]
)
2025-07-19 21:59:13.672 +05:30 [INF] Executing OkObjectResult, writing value of type 'AuthNet.Models.DTO.YearlyProfitDto'.
2025-07-19 21:59:13.681 +05:30 [INF] Executed action AuthNet.Controllers.SalesController.GetCurrentYearProfit (AuthNet) in 157.8993ms
2025-07-19 21:59:13.681 +05:30 [INF] Executed endpoint 'AuthNet.Controllers.SalesController.GetCurrentYearProfit (AuthNet)'
2025-07-19 21:59:13.681 +05:30 [INF] Request finished HTTP/1.1 GET https://localhost:7165/api/Sales/CurrentYearProfit - 200 null application/json; charset=utf-8 167.729ms
2025-07-19 21:59:13.704 +05:30 [INF] Request starting HTTP/1.1 GET https://localhost:7165/api/Tasks - null null
2025-07-19 21:59:13.705 +05:30 [INF] Executing endpoint 'AuthNet.Controllers.TasksController.GetTasks (AuthNet)'
2025-07-19 21:59:13.707 +05:30 [INF] Route matched with {action = "GetTasks", controller = "Tasks"}. Executing controller action with signature Microsoft.AspNetCore.Mvc.IActionResult GetTasks() on controller AuthNet.Controllers.TasksController (AuthNet).
2025-07-19 21:59:13.746 +05:30 [INF] Executed DbCommand (15ms) [Parameters=[], CommandType='"Text"', CommandTimeout='30']
SELECT [t].[Id], [t].[Title], [t].[DueDate]
FROM [Tasks] AS [t]
2025-07-19 21:59:13.755 +05:30 [INF] Executing OkObjectResult, writing value of type 'System.Collections.Generic.List`1[[AuthNet.Models.DTO.TaskItemDto, AuthNet, Version=1.0.0.0, Culture=neutral, PublicKeyToken=null]]'.
2025-07-19 21:59:13.761 +05:30 [INF] Executed action AuthNet.Controllers.TasksController.GetTasks (AuthNet) in 54.1629ms
2025-07-19 21:59:13.761 +05:30 [INF] Executed endpoint 'AuthNet.Controllers.TasksController.GetTasks (AuthNet)'
2025-07-19 21:59:13.762 +05:30 [INF] Request finished HTTP/1.1 GET https://localhost:7165/api/Tasks - 200 null application/json; charset=utf-8 57.6882ms
2025-07-19 21:59:13.780 +05:30 [INF] Request starting HTTP/1.1 GET https://localhost:7165/api/Settings/Get - null null
2025-07-19 21:59:13.781 +05:30 [INF] Executing endpoint 'AuthNet.Controllers.SettingsController.GetCompanyInfo (AuthNet)'
2025-07-19 21:59:13.785 +05:30 [INF] Route matched with {action = "GetCompanyInfo", controller = "Settings"}. Executing controller action with signature System.Threading.Tasks.Task`1[Microsoft.AspNetCore.Mvc.IActionResult] GetCompanyInfo() on controller AuthNet.Controllers.SettingsController (AuthNet).
2025-07-19 21:59:13.793 +05:30 [WRN] The query uses the 'First'/'FirstOrDefault' operator without 'OrderBy' and filter operators. This may lead to unpredictable results.
2025-07-19 21:59:13.807 +05:30 [INF] Executed DbCommand (7ms) [Parameters=[], CommandType='"Text"', CommandTimeout='30']
SELECT TOP(1) [c].[Id], [c].[Address], [c].[ContactNumber], [c].[Email], [c].[GSTIN], [c].[LogoFileExtension], [c].[LogoFilePath], [c].[LogoFileSizeInBytes], [c].[LogoName], [c].[Name], [c].[SignFileExtension], [c].[SignFilePath], [c].[SignFileSizeInBytes], [c].[SignName]
FROM [CompanyInfos] AS [c]
2025-07-19 21:59:13.840 +05:30 [INF] Executing OkObjectResult, writing value of type 'AuthNet.Models.DTO.CompanyInfoResponseDto'.
2025-07-19 21:59:13.842 +05:30 [INF] Executed action AuthNet.Controllers.SettingsController.GetCompanyInfo (AuthNet) in 57.2134ms
2025-07-19 21:59:13.842 +05:30 [INF] Executed endpoint 'AuthNet.Controllers.SettingsController.GetCompanyInfo (AuthNet)'
2025-07-19 21:59:13.843 +05:30 [INF] Request finished HTTP/1.1 GET https://localhost:7165/api/Settings/Get - 200 null application/json; charset=utf-8 62.9866ms
2025-07-19 22:00:04.830 +05:30 [INF] Request starting HTTP/1.1 GET https://localhost:7165/api/Sales/DailyProfit - null null
2025-07-19 22:00:04.838 +05:30 [INF] Executing endpoint 'AuthNet.Controllers.SalesController.GetDailyProfit (AuthNet)'
2025-07-19 22:00:04.838 +05:30 [INF] Route matched with {action = "GetDailyProfit", controller = "Sales"}. Executing controller action with signature System.Threading.Tasks.Task`1[Microsoft.AspNetCore.Mvc.IActionResult] GetDailyProfit() on controller AuthNet.Controllers.SalesController (AuthNet).
2025-07-19 22:00:04.864 +05:30 [INF] Executed DbCommand (18ms) [Parameters=[@__date_Date_0='?' (DbType = DateTime2)], CommandType='"Text"', CommandTimeout='30']
SELECT [s].[Id], [s].[ProductId], [s].[ProductName], [s].[Quantity], [s].[SaleId], [s].[TotalPrice], [s].[UnitPrice], [s0].[Id], [s0].[AfterTaxAmount], [s0].[CreatedAt], [s0].[DiscountedAmount], [s0].[InvoiceDate], [s0].[InvoiceNo], [s0].[PrincipalAmount], [s0].[Template], [s0].[TotalAmount]
FROM [SaleItems] AS [s]
INNER JOIN [Sales] AS [s0] ON [s].[SaleId] = [s0].[Id]
WHERE CONVERT(date, [s0].[InvoiceDate]) = @__date_Date_0
2025-07-19 22:00:04.881 +05:30 [INF] Executed DbCommand (13ms) [Parameters=[@__productIds_0='?' (Size = 4000)], CommandType='"Text"', CommandTimeout='30']
SELECT [p].[ProductId], [p].[CategoryId], [p].[CostPrice], [p].[Description], [p].[Name], [p].[ProductCode], [p].[ProductKey], [p].[SellPrice], [p].[SupplierId]
FROM [Products] AS [p]
WHERE [p].[ProductId] IN (
    SELECT [p0].[value]
    FROM OPENJSON(@__productIds_0) WITH ([value] int '$') AS [p0]
)
2025-07-19 22:00:04.885 +05:30 [INF] Executing OkObjectResult, writing value of type 'AuthNet.Models.DTO.DailyProfitDto'.
2025-07-19 22:00:04.926 +05:30 [INF] Executed action AuthNet.Controllers.SalesController.GetDailyProfit (AuthNet) in 87.6349ms
2025-07-19 22:00:04.926 +05:30 [INF] Executed endpoint 'AuthNet.Controllers.SalesController.GetDailyProfit (AuthNet)'
2025-07-19 22:00:04.927 +05:30 [INF] Request finished HTTP/1.1 GET https://localhost:7165/api/Sales/DailyProfit - 200 null application/json; charset=utf-8 102.1909ms
2025-07-19 22:00:05.192 +05:30 [INF] Request starting HTTP/1.1 GET https://localhost:7165/api/Sales/CurrentMonthProfit - null null
2025-07-19 22:00:05.194 +05:30 [INF] Executing endpoint 'AuthNet.Controllers.SalesController.GetCurrentMonthProfit (AuthNet)'
2025-07-19 22:00:05.194 +05:30 [INF] Route matched with {action = "GetCurrentMonthProfit", controller = "Sales"}. Executing controller action with signature System.Threading.Tasks.Task`1[Microsoft.AspNetCore.Mvc.IActionResult] GetCurrentMonthProfit() on controller AuthNet.Controllers.SalesController (AuthNet).
2025-07-19 22:00:05.222 +05:30 [INF] Executed DbCommand (24ms) [Parameters=[@__currentYear_0='?' (DbType = Int32), @__currentMonth_1='?' (DbType = Int32)], CommandType='"Text"', CommandTimeout='30']
SELECT [s].[Id], [s].[ProductId], [s].[ProductName], [s].[Quantity], [s].[SaleId], [s].[TotalPrice], [s].[UnitPrice], [s0].[Id], [s0].[AfterTaxAmount], [s0].[CreatedAt], [s0].[DiscountedAmount], [s0].[InvoiceDate], [s0].[InvoiceNo], [s0].[PrincipalAmount], [s0].[Template], [s0].[TotalAmount]
FROM [SaleItems] AS [s]
INNER JOIN [Sales] AS [s0] ON [s].[SaleId] = [s0].[Id]
WHERE DATEPART(year, [s0].[InvoiceDate]) = @__currentYear_0 AND DATEPART(month, [s0].[InvoiceDate]) = @__currentMonth_1
2025-07-19 22:00:05.240 +05:30 [INF] Executed DbCommand (15ms) [Parameters=[@__productIds_0='?' (Size = 4000)], CommandType='"Text"', CommandTimeout='30']
SELECT [p].[ProductId], [p].[CategoryId], [p].[CostPrice], [p].[Description], [p].[Name], [p].[ProductCode], [p].[ProductKey], [p].[SellPrice], [p].[SupplierId]
FROM [Products] AS [p]
WHERE [p].[ProductId] IN (
    SELECT [p0].[value]
    FROM OPENJSON(@__productIds_0) WITH ([value] int '$') AS [p0]
)
2025-07-19 22:00:05.241 +05:30 [INF] Executing OkObjectResult, writing value of type 'AuthNet.Models.DTO.MonthlyProfitDto'.
2025-07-19 22:00:05.242 +05:30 [INF] Executed action AuthNet.Controllers.SalesController.GetCurrentMonthProfit (AuthNet) in 47.7954ms
2025-07-19 22:00:05.242 +05:30 [INF] Executed endpoint 'AuthNet.Controllers.SalesController.GetCurrentMonthProfit (AuthNet)'
2025-07-19 22:00:05.243 +05:30 [INF] Request finished HTTP/1.1 GET https://localhost:7165/api/Sales/CurrentMonthProfit - 200 null application/json; charset=utf-8 50.2902ms
2025-07-19 22:00:05.263 +05:30 [INF] Request starting HTTP/1.1 GET https://localhost:7165/api/Sales/CurrentYearProfit - null null
2025-07-19 22:00:05.264 +05:30 [INF] Executing endpoint 'AuthNet.Controllers.SalesController.GetCurrentYearProfit (AuthNet)'
2025-07-19 22:00:05.264 +05:30 [INF] Route matched with {action = "GetCurrentYearProfit", controller = "Sales"}. Executing controller action with signature System.Threading.Tasks.Task`1[Microsoft.AspNetCore.Mvc.IActionResult] GetCurrentYearProfit() on controller AuthNet.Controllers.SalesController (AuthNet).
2025-07-19 22:00:05.285 +05:30 [INF] Executed DbCommand (17ms) [Parameters=[@__currentYear_0='?' (DbType = Int32)], CommandType='"Text"', CommandTimeout='30']
SELECT [s].[Id], [s].[ProductId], [s].[ProductName], [s].[Quantity], [s].[SaleId], [s].[TotalPrice], [s].[UnitPrice], [s0].[Id], [s0].[AfterTaxAmount], [s0].[CreatedAt], [s0].[DiscountedAmount], [s0].[InvoiceDate], [s0].[InvoiceNo], [s0].[PrincipalAmount], [s0].[Template], [s0].[TotalAmount]
FROM [SaleItems] AS [s]
INNER JOIN [Sales] AS [s0] ON [s].[SaleId] = [s0].[Id]
WHERE DATEPART(year, [s0].[InvoiceDate]) = @__currentYear_0
2025-07-19 22:00:05.290 +05:30 [INF] Executed DbCommand (2ms) [Parameters=[@__productIds_0='?' (Size = 4000)], CommandType='"Text"', CommandTimeout='30']
SELECT [p].[ProductId], [p].[CategoryId], [p].[CostPrice], [p].[Description], [p].[Name], [p].[ProductCode], [p].[ProductKey], [p].[SellPrice], [p].[SupplierId]
FROM [Products] AS [p]
WHERE [p].[ProductId] IN (
    SELECT [p0].[value]
    FROM OPENJSON(@__productIds_0) WITH ([value] int '$') AS [p0]
)
2025-07-19 22:00:05.291 +05:30 [INF] Executing OkObjectResult, writing value of type 'AuthNet.Models.DTO.YearlyProfitDto'.
2025-07-19 22:00:05.292 +05:30 [INF] Executed action AuthNet.Controllers.SalesController.GetCurrentYearProfit (AuthNet) in 27.8947ms
2025-07-19 22:00:05.292 +05:30 [INF] Executed endpoint 'AuthNet.Controllers.SalesController.GetCurrentYearProfit (AuthNet)'
2025-07-19 22:00:05.292 +05:30 [INF] Request finished HTTP/1.1 GET https://localhost:7165/api/Sales/CurrentYearProfit - 200 null application/json; charset=utf-8 29.5755ms
2025-07-19 22:00:05.310 +05:30 [INF] Request starting HTTP/1.1 GET https://localhost:7165/api/Tasks - null null
2025-07-19 22:00:05.311 +05:30 [INF] Executing endpoint 'AuthNet.Controllers.TasksController.GetTasks (AuthNet)'
2025-07-19 22:00:05.311 +05:30 [INF] Route matched with {action = "GetTasks", controller = "Tasks"}. Executing controller action with signature Microsoft.AspNetCore.Mvc.IActionResult GetTasks() on controller AuthNet.Controllers.TasksController (AuthNet).
2025-07-19 22:00:05.330 +05:30 [INF] Executed DbCommand (11ms) [Parameters=[], CommandType='"Text"', CommandTimeout='30']
SELECT [t].[Id], [t].[Title], [t].[DueDate]
FROM [Tasks] AS [t]
2025-07-19 22:00:05.330 +05:30 [INF] Executing OkObjectResult, writing value of type 'System.Collections.Generic.List`1[[AuthNet.Models.DTO.TaskItemDto, AuthNet, Version=1.0.0.0, Culture=neutral, PublicKeyToken=null]]'.
2025-07-19 22:00:05.331 +05:30 [INF] Executed action AuthNet.Controllers.TasksController.GetTasks (AuthNet) in 19.6441ms
2025-07-19 22:00:05.331 +05:30 [INF] Executed endpoint 'AuthNet.Controllers.TasksController.GetTasks (AuthNet)'
2025-07-19 22:00:05.331 +05:30 [INF] Request finished HTTP/1.1 GET https://localhost:7165/api/Tasks - 200 null application/json; charset=utf-8 21.4909ms
2025-07-19 22:00:05.377 +05:30 [INF] Request starting HTTP/1.1 GET https://localhost:7165/api/Settings/Get - null null
2025-07-19 22:00:05.380 +05:30 [INF] Executing endpoint 'AuthNet.Controllers.SettingsController.GetCompanyInfo (AuthNet)'
2025-07-19 22:00:05.380 +05:30 [INF] Route matched with {action = "GetCompanyInfo", controller = "Settings"}. Executing controller action with signature System.Threading.Tasks.Task`1[Microsoft.AspNetCore.Mvc.IActionResult] GetCompanyInfo() on controller AuthNet.Controllers.SettingsController (AuthNet).
2025-07-19 22:00:05.397 +05:30 [INF] Executed DbCommand (12ms) [Parameters=[], CommandType='"Text"', CommandTimeout='30']
SELECT TOP(1) [c].[Id], [c].[Address], [c].[ContactNumber], [c].[Email], [c].[GSTIN], [c].[LogoFileExtension], [c].[LogoFilePath], [c].[LogoFileSizeInBytes], [c].[LogoName], [c].[Name], [c].[SignFileExtension], [c].[SignFilePath], [c].[SignFileSizeInBytes], [c].[SignName]
FROM [CompanyInfos] AS [c]
2025-07-19 22:00:05.398 +05:30 [INF] Executing OkObjectResult, writing value of type 'AuthNet.Models.DTO.CompanyInfoResponseDto'.
2025-07-19 22:00:05.398 +05:30 [INF] Executed action AuthNet.Controllers.SettingsController.GetCompanyInfo (AuthNet) in 18.4475ms
2025-07-19 22:00:05.398 +05:30 [INF] Executed endpoint 'AuthNet.Controllers.SettingsController.GetCompanyInfo (AuthNet)'
2025-07-19 22:00:05.400 +05:30 [INF] Request finished HTTP/1.1 GET https://localhost:7165/api/Settings/Get - 200 null application/json; charset=utf-8 21.891ms
2025-07-19 22:00:21.362 +05:30 [INF] Request starting HTTP/1.1 GET https://localhost:7165/api/Sales/DailyProfit - null null
2025-07-19 22:00:21.363 +05:30 [INF] Executing endpoint 'AuthNet.Controllers.SalesController.GetDailyProfit (AuthNet)'
2025-07-19 22:00:21.363 +05:30 [INF] Route matched with {action = "GetDailyProfit", controller = "Sales"}. Executing controller action with signature System.Threading.Tasks.Task`1[Microsoft.AspNetCore.Mvc.IActionResult] GetDailyProfit() on controller AuthNet.Controllers.SalesController (AuthNet).
2025-07-19 22:00:21.381 +05:30 [INF] Executed DbCommand (15ms) [Parameters=[@__date_Date_0='?' (DbType = DateTime2)], CommandType='"Text"', CommandTimeout='30']
SELECT [s].[Id], [s].[ProductId], [s].[ProductName], [s].[Quantity], [s].[SaleId], [s].[TotalPrice], [s].[UnitPrice], [s0].[Id], [s0].[AfterTaxAmount], [s0].[CreatedAt], [s0].[DiscountedAmount], [s0].[InvoiceDate], [s0].[InvoiceNo], [s0].[PrincipalAmount], [s0].[Template], [s0].[TotalAmount]
FROM [SaleItems] AS [s]
INNER JOIN [Sales] AS [s0] ON [s].[SaleId] = [s0].[Id]
WHERE CONVERT(date, [s0].[InvoiceDate]) = @__date_Date_0
2025-07-19 22:00:21.391 +05:30 [INF] Executed DbCommand (7ms) [Parameters=[@__productIds_0='?' (Size = 4000)], CommandType='"Text"', CommandTimeout='30']
SELECT [p].[ProductId], [p].[CategoryId], [p].[CostPrice], [p].[Description], [p].[Name], [p].[ProductCode], [p].[ProductKey], [p].[SellPrice], [p].[SupplierId]
FROM [Products] AS [p]
WHERE [p].[ProductId] IN (
    SELECT [p0].[value]
    FROM OPENJSON(@__productIds_0) WITH ([value] int '$') AS [p0]
)
2025-07-19 22:00:21.392 +05:30 [INF] Executing OkObjectResult, writing value of type 'AuthNet.Models.DTO.DailyProfitDto'.
2025-07-19 22:00:21.392 +05:30 [INF] Executed action AuthNet.Controllers.SalesController.GetDailyProfit (AuthNet) in 28.8874ms
2025-07-19 22:00:21.392 +05:30 [INF] Executed endpoint 'AuthNet.Controllers.SalesController.GetDailyProfit (AuthNet)'
2025-07-19 22:00:21.393 +05:30 [INF] Request finished HTTP/1.1 GET https://localhost:7165/api/Sales/DailyProfit - 200 null application/json; charset=utf-8 31.1199ms
2025-07-19 22:00:21.410 +05:30 [INF] Request starting HTTP/1.1 GET https://localhost:7165/api/Sales/CurrentMonthProfit - null null
2025-07-19 22:00:21.411 +05:30 [INF] Executing endpoint 'AuthNet.Controllers.SalesController.GetCurrentMonthProfit (AuthNet)'
2025-07-19 22:00:21.411 +05:30 [INF] Route matched with {action = "GetCurrentMonthProfit", controller = "Sales"}. Executing controller action with signature System.Threading.Tasks.Task`1[Microsoft.AspNetCore.Mvc.IActionResult] GetCurrentMonthProfit() on controller AuthNet.Controllers.SalesController (AuthNet).
2025-07-19 22:00:21.420 +05:30 [INF] Executed DbCommand (6ms) [Parameters=[@__currentYear_0='?' (DbType = Int32), @__currentMonth_1='?' (DbType = Int32)], CommandType='"Text"', CommandTimeout='30']
SELECT [s].[Id], [s].[ProductId], [s].[ProductName], [s].[Quantity], [s].[SaleId], [s].[TotalPrice], [s].[UnitPrice], [s0].[Id], [s0].[AfterTaxAmount], [s0].[CreatedAt], [s0].[DiscountedAmount], [s0].[InvoiceDate], [s0].[InvoiceNo], [s0].[PrincipalAmount], [s0].[Template], [s0].[TotalAmount]
FROM [SaleItems] AS [s]
INNER JOIN [Sales] AS [s0] ON [s].[SaleId] = [s0].[Id]
WHERE DATEPART(year, [s0].[InvoiceDate]) = @__currentYear_0 AND DATEPART(month, [s0].[InvoiceDate]) = @__currentMonth_1
2025-07-19 22:00:21.423 +05:30 [INF] Executed DbCommand (1ms) [Parameters=[@__productIds_0='?' (Size = 4000)], CommandType='"Text"', CommandTimeout='30']
SELECT [p].[ProductId], [p].[CategoryId], [p].[CostPrice], [p].[Description], [p].[Name], [p].[ProductCode], [p].[ProductKey], [p].[SellPrice], [p].[SupplierId]
FROM [Products] AS [p]
WHERE [p].[ProductId] IN (
    SELECT [p0].[value]
    FROM OPENJSON(@__productIds_0) WITH ([value] int '$') AS [p0]
)
2025-07-19 22:00:21.424 +05:30 [INF] Executing OkObjectResult, writing value of type 'AuthNet.Models.DTO.MonthlyProfitDto'.
2025-07-19 22:00:21.425 +05:30 [INF] Executed action AuthNet.Controllers.SalesController.GetCurrentMonthProfit (AuthNet) in 13.2102ms
2025-07-19 22:00:21.425 +05:30 [INF] Executed endpoint 'AuthNet.Controllers.SalesController.GetCurrentMonthProfit (AuthNet)'
2025-07-19 22:00:21.425 +05:30 [INF] Request finished HTTP/1.1 GET https://localhost:7165/api/Sales/CurrentMonthProfit - 200 null application/json; charset=utf-8 15.0934ms
2025-07-19 22:00:21.437 +05:30 [INF] Request starting HTTP/1.1 GET https://localhost:7165/api/Sales/CurrentYearProfit - null null
2025-07-19 22:00:21.438 +05:30 [INF] Executing endpoint 'AuthNet.Controllers.SalesController.GetCurrentYearProfit (AuthNet)'
2025-07-19 22:00:21.438 +05:30 [INF] Route matched with {action = "GetCurrentYearProfit", controller = "Sales"}. Executing controller action with signature System.Threading.Tasks.Task`1[Microsoft.AspNetCore.Mvc.IActionResult] GetCurrentYearProfit() on controller AuthNet.Controllers.SalesController (AuthNet).
2025-07-19 22:00:21.443 +05:30 [INF] Executed DbCommand (4ms) [Parameters=[@__currentYear_0='?' (DbType = Int32)], CommandType='"Text"', CommandTimeout='30']
SELECT [s].[Id], [s].[ProductId], [s].[ProductName], [s].[Quantity], [s].[SaleId], [s].[TotalPrice], [s].[UnitPrice], [s0].[Id], [s0].[AfterTaxAmount], [s0].[CreatedAt], [s0].[DiscountedAmount], [s0].[InvoiceDate], [s0].[InvoiceNo], [s0].[PrincipalAmount], [s0].[Template], [s0].[TotalAmount]
FROM [SaleItems] AS [s]
INNER JOIN [Sales] AS [s0] ON [s].[SaleId] = [s0].[Id]
WHERE DATEPART(year, [s0].[InvoiceDate]) = @__currentYear_0
2025-07-19 22:00:21.447 +05:30 [INF] Executed DbCommand (2ms) [Parameters=[@__productIds_0='?' (Size = 4000)], CommandType='"Text"', CommandTimeout='30']
SELECT [p].[ProductId], [p].[CategoryId], [p].[CostPrice], [p].[Description], [p].[Name], [p].[ProductCode], [p].[ProductKey], [p].[SellPrice], [p].[SupplierId]
FROM [Products] AS [p]
WHERE [p].[ProductId] IN (
    SELECT [p0].[value]
    FROM OPENJSON(@__productIds_0) WITH ([value] int '$') AS [p0]
)
2025-07-19 22:00:21.448 +05:30 [INF] Executing OkObjectResult, writing value of type 'AuthNet.Models.DTO.YearlyProfitDto'.
2025-07-19 22:00:21.450 +05:30 [INF] Executed action AuthNet.Controllers.SalesController.GetCurrentYearProfit (AuthNet) in 11.5587ms
2025-07-19 22:00:21.450 +05:30 [INF] Executed endpoint 'AuthNet.Controllers.SalesController.GetCurrentYearProfit (AuthNet)'
2025-07-19 22:00:21.450 +05:30 [INF] Request finished HTTP/1.1 GET https://localhost:7165/api/Sales/CurrentYearProfit - 200 null application/json; charset=utf-8 13.1179ms
2025-07-19 22:00:21.464 +05:30 [INF] Request starting HTTP/1.1 GET https://localhost:7165/api/Tasks - null null
2025-07-19 22:00:21.465 +05:30 [INF] Executing endpoint 'AuthNet.Controllers.TasksController.GetTasks (AuthNet)'
2025-07-19 22:00:21.465 +05:30 [INF] Route matched with {action = "GetTasks", controller = "Tasks"}. Executing controller action with signature Microsoft.AspNetCore.Mvc.IActionResult GetTasks() on controller AuthNet.Controllers.TasksController (AuthNet).
2025-07-19 22:00:21.474 +05:30 [INF] Executed DbCommand (3ms) [Parameters=[], CommandType='"Text"', CommandTimeout='30']
SELECT [t].[Id], [t].[Title], [t].[DueDate]
FROM [Tasks] AS [t]
2025-07-19 22:00:21.474 +05:30 [INF] Executing OkObjectResult, writing value of type 'System.Collections.Generic.List`1[[AuthNet.Models.DTO.TaskItemDto, AuthNet, Version=1.0.0.0, Culture=neutral, PublicKeyToken=null]]'.
2025-07-19 22:00:21.475 +05:30 [INF] Executed action AuthNet.Controllers.TasksController.GetTasks (AuthNet) in 9.4921ms
2025-07-19 22:00:21.475 +05:30 [INF] Executed endpoint 'AuthNet.Controllers.TasksController.GetTasks (AuthNet)'
2025-07-19 22:00:21.475 +05:30 [INF] Request finished HTTP/1.1 GET https://localhost:7165/api/Tasks - 200 null application/json; charset=utf-8 11.7653ms
2025-07-19 22:00:21.489 +05:30 [INF] Request starting HTTP/1.1 GET https://localhost:7165/api/Settings/Get - null null
2025-07-19 22:00:21.490 +05:30 [INF] Executing endpoint 'AuthNet.Controllers.SettingsController.GetCompanyInfo (AuthNet)'
2025-07-19 22:00:21.490 +05:30 [INF] Route matched with {action = "GetCompanyInfo", controller = "Settings"}. Executing controller action with signature System.Threading.Tasks.Task`1[Microsoft.AspNetCore.Mvc.IActionResult] GetCompanyInfo() on controller AuthNet.Controllers.SettingsController (AuthNet).
2025-07-19 22:00:21.502 +05:30 [INF] Executed DbCommand (9ms) [Parameters=[], CommandType='"Text"', CommandTimeout='30']
SELECT TOP(1) [c].[Id], [c].[Address], [c].[ContactNumber], [c].[Email], [c].[GSTIN], [c].[LogoFileExtension], [c].[LogoFilePath], [c].[LogoFileSizeInBytes], [c].[LogoName], [c].[Name], [c].[SignFileExtension], [c].[SignFilePath], [c].[SignFileSizeInBytes], [c].[SignName]
FROM [CompanyInfos] AS [c]
2025-07-19 22:00:21.503 +05:30 [INF] Executing OkObjectResult, writing value of type 'AuthNet.Models.DTO.CompanyInfoResponseDto'.
2025-07-19 22:00:21.503 +05:30 [INF] Executed action AuthNet.Controllers.SettingsController.GetCompanyInfo (AuthNet) in 13.2498ms
2025-07-19 22:00:21.503 +05:30 [INF] Executed endpoint 'AuthNet.Controllers.SettingsController.GetCompanyInfo (AuthNet)'
2025-07-19 22:00:21.505 +05:30 [INF] Request finished HTTP/1.1 GET https://localhost:7165/api/Settings/Get - 200 null application/json; charset=utf-8 15.609ms
2025-07-19 22:00:28.861 +05:30 [INF] Request starting HTTP/1.1 POST https://localhost:7165/api/Auth/login - application/json; charset=utf-8 null
2025-07-19 22:00:28.861 +05:30 [INF] Executing endpoint 'AuthNet.Controllers.AuthController.Login (AuthNet)'
2025-07-19 22:00:28.873 +05:30 [INF] Route matched with {action = "Login", controller = "Auth"}. Executing controller action with signature System.Threading.Tasks.Task`1[Microsoft.AspNetCore.Mvc.IActionResult] Login(AuthNet.Models.DTO.LoginDto) on controller AuthNet.Controllers.AuthController (AuthNet).
2025-07-19 22:00:29.056 +05:30 [INF] Executed DbCommand (10ms) [Parameters=[@__username_0='?' (Size = 100)], CommandType='"Text"', CommandTimeout='30']
SELECT TOP(1) [u].[UserId], [u].[CreatedAt], [u].[Email], [u].[Firstname], [u].[Lastname], [u].[PasswordHash], [u].[Role], [u].[Username]
FROM [Users] AS [u]
WHERE [u].[Username] = @__username_0
2025-07-19 22:00:29.709 +05:30 [INF] Executing OkObjectResult, writing value of type 'AuthNet.Models.DTO.ServiceResponse`1[[AuthNet.Models.DTO.LoginResponseDto, AuthNet, Version=1.0.0.0, Culture=neutral, PublicKeyToken=null]]'.
2025-07-19 22:00:29.713 +05:30 [INF] Executed action AuthNet.Controllers.AuthController.Login (AuthNet) in 839.2625ms
2025-07-19 22:00:29.713 +05:30 [INF] Executed endpoint 'AuthNet.Controllers.AuthController.Login (AuthNet)'
2025-07-19 22:00:29.713 +05:30 [INF] Request finished HTTP/1.1 POST https://localhost:7165/api/Auth/login - 200 null application/json; charset=utf-8 852.5348ms
2025-07-19 22:00:29.740 +05:30 [INF] Request starting HTTP/1.1 GET https://localhost:7165/api/Sales/DailyProfit - null null
2025-07-19 22:00:29.740 +05:30 [INF] Executing endpoint 'AuthNet.Controllers.SalesController.GetDailyProfit (AuthNet)'
2025-07-19 22:00:29.740 +05:30 [INF] Route matched with {action = "GetDailyProfit", controller = "Sales"}. Executing controller action with signature System.Threading.Tasks.Task`1[Microsoft.AspNetCore.Mvc.IActionResult] GetDailyProfit() on controller AuthNet.Controllers.SalesController (AuthNet).
2025-07-19 22:00:29.748 +05:30 [INF] Executed DbCommand (5ms) [Parameters=[@__date_Date_0='?' (DbType = DateTime2)], CommandType='"Text"', CommandTimeout='30']
SELECT [s].[Id], [s].[ProductId], [s].[ProductName], [s].[Quantity], [s].[SaleId], [s].[TotalPrice], [s].[UnitPrice], [s0].[Id], [s0].[AfterTaxAmount], [s0].[CreatedAt], [s0].[DiscountedAmount], [s0].[InvoiceDate], [s0].[InvoiceNo], [s0].[PrincipalAmount], [s0].[Template], [s0].[TotalAmount]
FROM [SaleItems] AS [s]
INNER JOIN [Sales] AS [s0] ON [s].[SaleId] = [s0].[Id]
WHERE CONVERT(date, [s0].[InvoiceDate]) = @__date_Date_0
2025-07-19 22:00:29.754 +05:30 [INF] Executed DbCommand (5ms) [Parameters=[@__productIds_0='?' (Size = 4000)], CommandType='"Text"', CommandTimeout='30']
SELECT [p].[ProductId], [p].[CategoryId], [p].[CostPrice], [p].[Description], [p].[Name], [p].[ProductCode], [p].[ProductKey], [p].[SellPrice], [p].[SupplierId]
FROM [Products] AS [p]
WHERE [p].[ProductId] IN (
    SELECT [p0].[value]
    FROM OPENJSON(@__productIds_0) WITH ([value] int '$') AS [p0]
)
2025-07-19 22:00:29.754 +05:30 [INF] Executing OkObjectResult, writing value of type 'AuthNet.Models.DTO.DailyProfitDto'.
2025-07-19 22:00:29.755 +05:30 [INF] Executed action AuthNet.Controllers.SalesController.GetDailyProfit (AuthNet) in 13.9764ms
2025-07-19 22:00:29.755 +05:30 [INF] Executed endpoint 'AuthNet.Controllers.SalesController.GetDailyProfit (AuthNet)'
2025-07-19 22:00:29.755 +05:30 [INF] Request finished HTTP/1.1 GET https://localhost:7165/api/Sales/DailyProfit - 200 null application/json; charset=utf-8 14.9913ms
2025-07-19 22:00:29.767 +05:30 [INF] Request starting HTTP/1.1 GET https://localhost:7165/api/Sales/CurrentMonthProfit - null null
2025-07-19 22:00:29.768 +05:30 [INF] Executing endpoint 'AuthNet.Controllers.SalesController.GetCurrentMonthProfit (AuthNet)'
2025-07-19 22:00:29.768 +05:30 [INF] Route matched with {action = "GetCurrentMonthProfit", controller = "Sales"}. Executing controller action with signature System.Threading.Tasks.Task`1[Microsoft.AspNetCore.Mvc.IActionResult] GetCurrentMonthProfit() on controller AuthNet.Controllers.SalesController (AuthNet).
2025-07-19 22:00:29.775 +05:30 [INF] Executed DbCommand (6ms) [Parameters=[@__currentYear_0='?' (DbType = Int32), @__currentMonth_1='?' (DbType = Int32)], CommandType='"Text"', CommandTimeout='30']
SELECT [s].[Id], [s].[ProductId], [s].[ProductName], [s].[Quantity], [s].[SaleId], [s].[TotalPrice], [s].[UnitPrice], [s0].[Id], [s0].[AfterTaxAmount], [s0].[CreatedAt], [s0].[DiscountedAmount], [s0].[InvoiceDate], [s0].[InvoiceNo], [s0].[PrincipalAmount], [s0].[Template], [s0].[TotalAmount]
FROM [SaleItems] AS [s]
INNER JOIN [Sales] AS [s0] ON [s].[SaleId] = [s0].[Id]
WHERE DATEPART(year, [s0].[InvoiceDate]) = @__currentYear_0 AND DATEPART(month, [s0].[InvoiceDate]) = @__currentMonth_1
2025-07-19 22:00:29.782 +05:30 [INF] Executed DbCommand (6ms) [Parameters=[@__productIds_0='?' (Size = 4000)], CommandType='"Text"', CommandTimeout='30']
SELECT [p].[ProductId], [p].[CategoryId], [p].[CostPrice], [p].[Description], [p].[Name], [p].[ProductCode], [p].[ProductKey], [p].[SellPrice], [p].[SupplierId]
FROM [Products] AS [p]
WHERE [p].[ProductId] IN (
    SELECT [p0].[value]
    FROM OPENJSON(@__productIds_0) WITH ([value] int '$') AS [p0]
)
2025-07-19 22:00:29.783 +05:30 [INF] Executing OkObjectResult, writing value of type 'AuthNet.Models.DTO.MonthlyProfitDto'.
2025-07-19 22:00:29.783 +05:30 [INF] Executed action AuthNet.Controllers.SalesController.GetCurrentMonthProfit (AuthNet) in 14.9767ms
2025-07-19 22:00:29.783 +05:30 [INF] Executed endpoint 'AuthNet.Controllers.SalesController.GetCurrentMonthProfit (AuthNet)'
2025-07-19 22:00:29.783 +05:30 [INF] Request finished HTTP/1.1 GET https://localhost:7165/api/Sales/CurrentMonthProfit - 200 null application/json; charset=utf-8 16.1643ms
2025-07-19 22:00:29.819 +05:30 [INF] Request starting HTTP/1.1 GET https://localhost:7165/api/Sales/CurrentYearProfit - null null
2025-07-19 22:00:29.820 +05:30 [INF] Executing endpoint 'AuthNet.Controllers.SalesController.GetCurrentYearProfit (AuthNet)'
2025-07-19 22:00:29.820 +05:30 [INF] Route matched with {action = "GetCurrentYearProfit", controller = "Sales"}. Executing controller action with signature System.Threading.Tasks.Task`1[Microsoft.AspNetCore.Mvc.IActionResult] GetCurrentYearProfit() on controller AuthNet.Controllers.SalesController (AuthNet).
2025-07-19 22:00:29.827 +05:30 [INF] Executed DbCommand (6ms) [Parameters=[@__currentYear_0='?' (DbType = Int32)], CommandType='"Text"', CommandTimeout='30']
SELECT [s].[Id], [s].[ProductId], [s].[ProductName], [s].[Quantity], [s].[SaleId], [s].[TotalPrice], [s].[UnitPrice], [s0].[Id], [s0].[AfterTaxAmount], [s0].[CreatedAt], [s0].[DiscountedAmount], [s0].[InvoiceDate], [s0].[InvoiceNo], [s0].[PrincipalAmount], [s0].[Template], [s0].[TotalAmount]
FROM [SaleItems] AS [s]
INNER JOIN [Sales] AS [s0] ON [s].[SaleId] = [s0].[Id]
WHERE DATEPART(year, [s0].[InvoiceDate]) = @__currentYear_0
2025-07-19 22:00:29.834 +05:30 [INF] Executed DbCommand (7ms) [Parameters=[@__productIds_0='?' (Size = 4000)], CommandType='"Text"', CommandTimeout='30']
SELECT [p].[ProductId], [p].[CategoryId], [p].[CostPrice], [p].[Description], [p].[Name], [p].[ProductCode], [p].[ProductKey], [p].[SellPrice], [p].[SupplierId]
FROM [Products] AS [p]
WHERE [p].[ProductId] IN (
    SELECT [p0].[value]
    FROM OPENJSON(@__productIds_0) WITH ([value] int '$') AS [p0]
)
2025-07-19 22:00:29.835 +05:30 [INF] Executing OkObjectResult, writing value of type 'AuthNet.Models.DTO.YearlyProfitDto'.
2025-07-19 22:00:29.835 +05:30 [INF] Executed action AuthNet.Controllers.SalesController.GetCurrentYearProfit (AuthNet) in 15.0252ms
2025-07-19 22:00:29.835 +05:30 [INF] Executed endpoint 'AuthNet.Controllers.SalesController.GetCurrentYearProfit (AuthNet)'
2025-07-19 22:00:29.836 +05:30 [INF] Request finished HTTP/1.1 GET https://localhost:7165/api/Sales/CurrentYearProfit - 200 null application/json; charset=utf-8 16.4181ms
2025-07-19 22:00:29.849 +05:30 [INF] Request starting HTTP/1.1 GET https://localhost:7165/api/Tasks - null null
2025-07-19 22:00:29.850 +05:30 [INF] Executing endpoint 'AuthNet.Controllers.TasksController.GetTasks (AuthNet)'
2025-07-19 22:00:29.850 +05:30 [INF] Route matched with {action = "GetTasks", controller = "Tasks"}. Executing controller action with signature Microsoft.AspNetCore.Mvc.IActionResult GetTasks() on controller AuthNet.Controllers.TasksController (AuthNet).
2025-07-19 22:00:29.853 +05:30 [INF] Executed DbCommand (2ms) [Parameters=[], CommandType='"Text"', CommandTimeout='30']
SELECT [t].[Id], [t].[Title], [t].[DueDate]
FROM [Tasks] AS [t]
2025-07-19 22:00:29.853 +05:30 [INF] Executing OkObjectResult, writing value of type 'System.Collections.Generic.List`1[[AuthNet.Models.DTO.TaskItemDto, AuthNet, Version=1.0.0.0, Culture=neutral, PublicKeyToken=null]]'.
2025-07-19 22:00:29.853 +05:30 [INF] Executed action AuthNet.Controllers.TasksController.GetTasks (AuthNet) in 3.3702ms
2025-07-19 22:00:29.854 +05:30 [INF] Executed endpoint 'AuthNet.Controllers.TasksController.GetTasks (AuthNet)'
2025-07-19 22:00:29.854 +05:30 [INF] Request finished HTTP/1.1 GET https://localhost:7165/api/Tasks - 200 null application/json; charset=utf-8 4.6986ms
2025-07-19 22:00:29.869 +05:30 [INF] Request starting HTTP/1.1 GET https://localhost:7165/api/Settings/Get - null null
2025-07-19 22:00:29.869 +05:30 [INF] Executing endpoint 'AuthNet.Controllers.SettingsController.GetCompanyInfo (AuthNet)'
2025-07-19 22:00:29.870 +05:30 [INF] Route matched with {action = "GetCompanyInfo", controller = "Settings"}. Executing controller action with signature System.Threading.Tasks.Task`1[Microsoft.AspNetCore.Mvc.IActionResult] GetCompanyInfo() on controller AuthNet.Controllers.SettingsController (AuthNet).
2025-07-19 22:00:29.875 +05:30 [INF] Executed DbCommand (4ms) [Parameters=[], CommandType='"Text"', CommandTimeout='30']
SELECT TOP(1) [c].[Id], [c].[Address], [c].[ContactNumber], [c].[Email], [c].[GSTIN], [c].[LogoFileExtension], [c].[LogoFilePath], [c].[LogoFileSizeInBytes], [c].[LogoName], [c].[Name], [c].[SignFileExtension], [c].[SignFilePath], [c].[SignFileSizeInBytes], [c].[SignName]
FROM [CompanyInfos] AS [c]
2025-07-19 22:00:29.875 +05:30 [INF] Executing OkObjectResult, writing value of type 'AuthNet.Models.DTO.CompanyInfoResponseDto'.
2025-07-19 22:00:29.876 +05:30 [INF] Executed action AuthNet.Controllers.SettingsController.GetCompanyInfo (AuthNet) in 6.1755ms
2025-07-19 22:00:29.876 +05:30 [INF] Executed endpoint 'AuthNet.Controllers.SettingsController.GetCompanyInfo (AuthNet)'
2025-07-19 22:00:29.877 +05:30 [INF] Request finished HTTP/1.1 GET https://localhost:7165/api/Settings/Get - 200 null application/json; charset=utf-8 7.8092ms
2025-07-19 22:04:40.920 +05:30 [INF] User profile is available. Using 'C:\Users\Admin\AppData\Local\ASP.NET\DataProtection-Keys' as key repository and Windows DPAPI to encrypt keys at rest.
2025-07-19 22:04:41.472 +05:30 [INF] Now listening on: https://localhost:7165
2025-07-19 22:04:41.475 +05:30 [INF] Now listening on: http://localhost:5008
2025-07-19 22:04:41.857 +05:30 [INF] Application started. Press Ctrl+C to shut down.
2025-07-19 22:04:41.857 +05:30 [INF] Hosting environment: Development
2025-07-19 22:04:41.857 +05:30 [INF] Content root path: C:\Users\Admin\AuthNet\AuthNet
2025-07-19 22:04:42.946 +05:30 [INF] Request starting HTTP/2 GET https://localhost:7165/swagger/index.html - null null
2025-07-19 22:04:43.712 +05:30 [INF] Request finished HTTP/2 GET https://localhost:7165/swagger/index.html - 200 null text/html;charset=utf-8 778.012ms
2025-07-19 22:04:43.760 +05:30 [INF] Request starting HTTP/2 GET https://localhost:7165/_vs/browserLink - null null
2025-07-19 22:04:43.760 +05:30 [INF] Request starting HTTP/2 GET https://localhost:7165/_framework/aspnetcore-browser-refresh.js - null null
2025-07-19 22:04:43.761 +05:30 [INF] Request starting HTTP/1.1 GET https://localhost:7165/api/Sales/DailyProfit - null null
2025-07-19 22:04:43.776 +05:30 [INF] Request finished HTTP/2 GET https://localhost:7165/_framework/aspnetcore-browser-refresh.js - 200 16499 application/javascript; charset=utf-8 15.7403ms
2025-07-19 22:04:44.284 +05:30 [INF] Request finished HTTP/2 GET https://localhost:7165/_vs/browserLink - 200 null text/javascript; charset=UTF-8 524.2748ms
2025-07-19 22:04:44.314 +05:30 [INF] Executing endpoint 'AuthNet.Controllers.SalesController.GetDailyProfit (AuthNet)'
2025-07-19 22:04:44.460 +05:30 [INF] Route matched with {action = "GetDailyProfit", controller = "Sales"}. Executing controller action with signature System.Threading.Tasks.Task`1[Microsoft.AspNetCore.Mvc.IActionResult] GetDailyProfit() on controller AuthNet.Controllers.SalesController (AuthNet).
2025-07-19 22:04:44.550 +05:30 [INF] Request starting HTTP/2 GET https://localhost:7165/swagger/v1/swagger.json - null null
2025-07-19 22:04:44.718 +05:30 [INF] Request finished HTTP/2 GET https://localhost:7165/swagger/v1/swagger.json - 200 null application/json;charset=utf-8 168.0784ms
2025-07-19 22:04:47.377 +05:30 [WRN] No store type was specified for the decimal property 'TotalAmount' on entity type 'Order'. This will cause values to be silently truncated if they do not fit in the default precision and scale. Explicitly specify the SQL server column type that can accommodate all the values in 'OnModelCreating' using 'HasColumnType', specify precision and scale using 'HasPrecision', or configure a value converter using 'HasConversion'.
2025-07-19 22:04:47.377 +05:30 [WRN] No store type was specified for the decimal property 'UnitPrice' on entity type 'OrderItem'. This will cause values to be silently truncated if they do not fit in the default precision and scale. Explicitly specify the SQL server column type that can accommodate all the values in 'OnModelCreating' using 'HasColumnType', specify precision and scale using 'HasPrecision', or configure a value converter using 'HasConversion'.
2025-07-19 22:04:47.377 +05:30 [WRN] No store type was specified for the decimal property 'CostPrice' on entity type 'Product'. This will cause values to be silently truncated if they do not fit in the default precision and scale. Explicitly specify the SQL server column type that can accommodate all the values in 'OnModelCreating' using 'HasColumnType', specify precision and scale using 'HasPrecision', or configure a value converter using 'HasConversion'.
2025-07-19 22:04:47.377 +05:30 [WRN] No store type was specified for the decimal property 'SellPrice' on entity type 'Product'. This will cause values to be silently truncated if they do not fit in the default precision and scale. Explicitly specify the SQL server column type that can accommodate all the values in 'OnModelCreating' using 'HasColumnType', specify precision and scale using 'HasPrecision', or configure a value converter using 'HasConversion'.
2025-07-19 22:04:47.377 +05:30 [WRN] No store type was specified for the decimal property 'TotalAmount' on entity type 'PurchaseOrder'. This will cause values to be silently truncated if they do not fit in the default precision and scale. Explicitly specify the SQL server column type that can accommodate all the values in 'OnModelCreating' using 'HasColumnType', specify precision and scale using 'HasPrecision', or configure a value converter using 'HasConversion'.
2025-07-19 22:04:47.377 +05:30 [WRN] No store type was specified for the decimal property 'UnitPrice' on entity type 'PurchaseOrderItems'. This will cause values to be silently truncated if they do not fit in the default precision and scale. Explicitly specify the SQL server column type that can accommodate all the values in 'OnModelCreating' using 'HasColumnType', specify precision and scale using 'HasPrecision', or configure a value converter using 'HasConversion'.
2025-07-19 22:04:47.377 +05:30 [WRN] No store type was specified for the decimal property 'AfterTaxAmount' on entity type 'Sale'. This will cause values to be silently truncated if they do not fit in the default precision and scale. Explicitly specify the SQL server column type that can accommodate all the values in 'OnModelCreating' using 'HasColumnType', specify precision and scale using 'HasPrecision', or configure a value converter using 'HasConversion'.
2025-07-19 22:04:47.377 +05:30 [WRN] No store type was specified for the decimal property 'DiscountedAmount' on entity type 'Sale'. This will cause values to be silently truncated if they do not fit in the default precision and scale. Explicitly specify the SQL server column type that can accommodate all the values in 'OnModelCreating' using 'HasColumnType', specify precision and scale using 'HasPrecision', or configure a value converter using 'HasConversion'.
2025-07-19 22:04:47.378 +05:30 [WRN] No store type was specified for the decimal property 'PrincipalAmount' on entity type 'Sale'. This will cause values to be silently truncated if they do not fit in the default precision and scale. Explicitly specify the SQL server column type that can accommodate all the values in 'OnModelCreating' using 'HasColumnType', specify precision and scale using 'HasPrecision', or configure a value converter using 'HasConversion'.
2025-07-19 22:04:47.378 +05:30 [WRN] No store type was specified for the decimal property 'TotalAmount' on entity type 'Sale'. This will cause values to be silently truncated if they do not fit in the default precision and scale. Explicitly specify the SQL server column type that can accommodate all the values in 'OnModelCreating' using 'HasColumnType', specify precision and scale using 'HasPrecision', or configure a value converter using 'HasConversion'.
2025-07-19 22:04:47.378 +05:30 [WRN] No store type was specified for the decimal property 'TotalPrice' on entity type 'SaleItem'. This will cause values to be silently truncated if they do not fit in the default precision and scale. Explicitly specify the SQL server column type that can accommodate all the values in 'OnModelCreating' using 'HasColumnType', specify precision and scale using 'HasPrecision', or configure a value converter using 'HasConversion'.
2025-07-19 22:04:47.378 +05:30 [WRN] No store type was specified for the decimal property 'UnitPrice' on entity type 'SaleItem'. This will cause values to be silently truncated if they do not fit in the default precision and scale. Explicitly specify the SQL server column type that can accommodate all the values in 'OnModelCreating' using 'HasColumnType', specify precision and scale using 'HasPrecision', or configure a value converter using 'HasConversion'.
2025-07-19 22:04:47.378 +05:30 [WRN] No store type was specified for the decimal property 'CGST' on entity type 'TaxSetting'. This will cause values to be silently truncated if they do not fit in the default precision and scale. Explicitly specify the SQL server column type that can accommodate all the values in 'OnModelCreating' using 'HasColumnType', specify precision and scale using 'HasPrecision', or configure a value converter using 'HasConversion'.
2025-07-19 22:04:47.378 +05:30 [WRN] No store type was specified for the decimal property 'IGST' on entity type 'TaxSetting'. This will cause values to be silently truncated if they do not fit in the default precision and scale. Explicitly specify the SQL server column type that can accommodate all the values in 'OnModelCreating' using 'HasColumnType', specify precision and scale using 'HasPrecision', or configure a value converter using 'HasConversion'.
2025-07-19 22:04:47.378 +05:30 [WRN] No store type was specified for the decimal property 'SGST' on entity type 'TaxSetting'. This will cause values to be silently truncated if they do not fit in the default precision and scale. Explicitly specify the SQL server column type that can accommodate all the values in 'OnModelCreating' using 'HasColumnType', specify precision and scale using 'HasPrecision', or configure a value converter using 'HasConversion'.
2025-07-19 22:04:49.230 +05:30 [INF] Executed DbCommand (120ms) [Parameters=[@__date_Date_0='?' (DbType = DateTime2)], CommandType='"Text"', CommandTimeout='30']
SELECT [s].[Id], [s].[ProductId], [s].[ProductName], [s].[Quantity], [s].[SaleId], [s].[TotalPrice], [s].[UnitPrice], [s0].[Id], [s0].[AfterTaxAmount], [s0].[CreatedAt], [s0].[DiscountedAmount], [s0].[InvoiceDate], [s0].[InvoiceNo], [s0].[PrincipalAmount], [s0].[Template], [s0].[TotalAmount]
FROM [SaleItems] AS [s]
INNER JOIN [Sales] AS [s0] ON [s].[SaleId] = [s0].[Id]
WHERE CONVERT(date, [s0].[InvoiceDate]) = @__date_Date_0
2025-07-19 22:04:49.746 +05:30 [INF] Executed DbCommand (77ms) [Parameters=[@__productIds_0='?' (Size = 4000)], CommandType='"Text"', CommandTimeout='30']
SELECT [p].[ProductId], [p].[CategoryId], [p].[CostPrice], [p].[Description], [p].[Name], [p].[ProductCode], [p].[ProductKey], [p].[SellPrice], [p].[SupplierId]
FROM [Products] AS [p]
WHERE [p].[ProductId] IN (
    SELECT [p0].[value]
    FROM OPENJSON(@__productIds_0) WITH ([value] int '$') AS [p0]
)
2025-07-19 22:04:49.998 +05:30 [INF] Executing OkObjectResult, writing value of type 'AuthNet.Models.DTO.DailyProfitDto'.
2025-07-19 22:04:50.149 +05:30 [INF] Executed action AuthNet.Controllers.SalesController.GetDailyProfit (AuthNet) in 5682.2014ms
2025-07-19 22:04:50.150 +05:30 [INF] Executed endpoint 'AuthNet.Controllers.SalesController.GetDailyProfit (AuthNet)'
2025-07-19 22:04:50.168 +05:30 [INF] Request finished HTTP/1.1 GET https://localhost:7165/api/Sales/DailyProfit - 200 null application/json; charset=utf-8 6409.9758ms
2025-07-19 22:04:50.238 +05:30 [INF] Request starting HTTP/1.1 GET https://localhost:7165/api/Sales/CurrentMonthProfit - null null
2025-07-19 22:04:50.247 +05:30 [INF] Executing endpoint 'AuthNet.Controllers.SalesController.GetCurrentMonthProfit (AuthNet)'
2025-07-19 22:04:50.256 +05:30 [INF] Route matched with {action = "GetCurrentMonthProfit", controller = "Sales"}. Executing controller action with signature System.Threading.Tasks.Task`1[Microsoft.AspNetCore.Mvc.IActionResult] GetCurrentMonthProfit() on controller AuthNet.Controllers.SalesController (AuthNet).
2025-07-19 22:04:50.343 +05:30 [INF] Executed DbCommand (12ms) [Parameters=[@__currentYear_0='?' (DbType = Int32), @__currentMonth_1='?' (DbType = Int32)], CommandType='"Text"', CommandTimeout='30']
SELECT [s].[Id], [s].[ProductId], [s].[ProductName], [s].[Quantity], [s].[SaleId], [s].[TotalPrice], [s].[UnitPrice], [s0].[Id], [s0].[AfterTaxAmount], [s0].[CreatedAt], [s0].[DiscountedAmount], [s0].[InvoiceDate], [s0].[InvoiceNo], [s0].[PrincipalAmount], [s0].[Template], [s0].[TotalAmount]
FROM [SaleItems] AS [s]
INNER JOIN [Sales] AS [s0] ON [s].[SaleId] = [s0].[Id]
WHERE DATEPART(year, [s0].[InvoiceDate]) = @__currentYear_0 AND DATEPART(month, [s0].[InvoiceDate]) = @__currentMonth_1
2025-07-19 22:04:50.364 +05:30 [INF] Executed DbCommand (12ms) [Parameters=[@__productIds_0='?' (Size = 4000)], CommandType='"Text"', CommandTimeout='30']
SELECT [p].[ProductId], [p].[CategoryId], [p].[CostPrice], [p].[Description], [p].[Name], [p].[ProductCode], [p].[ProductKey], [p].[SellPrice], [p].[SupplierId]
FROM [Products] AS [p]
WHERE [p].[ProductId] IN (
    SELECT [p0].[value]
    FROM OPENJSON(@__productIds_0) WITH ([value] int '$') AS [p0]
)
2025-07-19 22:04:50.366 +05:30 [INF] Executing OkObjectResult, writing value of type 'AuthNet.Models.DTO.MonthlyProfitDto'.
2025-07-19 22:04:50.369 +05:30 [INF] Executed action AuthNet.Controllers.SalesController.GetCurrentMonthProfit (AuthNet) in 111.8216ms
2025-07-19 22:04:50.369 +05:30 [INF] Executed endpoint 'AuthNet.Controllers.SalesController.GetCurrentMonthProfit (AuthNet)'
2025-07-19 22:04:50.370 +05:30 [INF] Request finished HTTP/1.1 GET https://localhost:7165/api/Sales/CurrentMonthProfit - 200 null application/json; charset=utf-8 132.1793ms
2025-07-19 22:04:50.399 +05:30 [INF] Request starting HTTP/1.1 GET https://localhost:7165/api/Sales/CurrentYearProfit - null null
2025-07-19 22:04:50.412 +05:30 [INF] Executing endpoint 'AuthNet.Controllers.SalesController.GetCurrentYearProfit (AuthNet)'
2025-07-19 22:04:50.420 +05:30 [INF] Route matched with {action = "GetCurrentYearProfit", controller = "Sales"}. Executing controller action with signature System.Threading.Tasks.Task`1[Microsoft.AspNetCore.Mvc.IActionResult] GetCurrentYearProfit() on controller AuthNet.Controllers.SalesController (AuthNet).
2025-07-19 22:04:50.585 +05:30 [INF] Executed DbCommand (12ms) [Parameters=[@__currentYear_0='?' (DbType = Int32)], CommandType='"Text"', CommandTimeout='30']
SELECT [s].[Id], [s].[ProductId], [s].[ProductName], [s].[Quantity], [s].[SaleId], [s].[TotalPrice], [s].[UnitPrice], [s0].[Id], [s0].[AfterTaxAmount], [s0].[CreatedAt], [s0].[DiscountedAmount], [s0].[InvoiceDate], [s0].[InvoiceNo], [s0].[PrincipalAmount], [s0].[Template], [s0].[TotalAmount]
FROM [SaleItems] AS [s]
INNER JOIN [Sales] AS [s0] ON [s].[SaleId] = [s0].[Id]
WHERE DATEPART(year, [s0].[InvoiceDate]) = @__currentYear_0
2025-07-19 22:04:50.597 +05:30 [INF] Executed DbCommand (8ms) [Parameters=[@__productIds_0='?' (Size = 4000)], CommandType='"Text"', CommandTimeout='30']
SELECT [p].[ProductId], [p].[CategoryId], [p].[CostPrice], [p].[Description], [p].[Name], [p].[ProductCode], [p].[ProductKey], [p].[SellPrice], [p].[SupplierId]
FROM [Products] AS [p]
WHERE [p].[ProductId] IN (
    SELECT [p0].[value]
    FROM OPENJSON(@__productIds_0) WITH ([value] int '$') AS [p0]
)
2025-07-19 22:04:50.599 +05:30 [INF] Executing OkObjectResult, writing value of type 'AuthNet.Models.DTO.YearlyProfitDto'.
2025-07-19 22:04:50.601 +05:30 [INF] Executed action AuthNet.Controllers.SalesController.GetCurrentYearProfit (AuthNet) in 180.9015ms
2025-07-19 22:04:50.601 +05:30 [INF] Executed endpoint 'AuthNet.Controllers.SalesController.GetCurrentYearProfit (AuthNet)'
2025-07-19 22:04:50.602 +05:30 [INF] Request finished HTTP/1.1 GET https://localhost:7165/api/Sales/CurrentYearProfit - 200 null application/json; charset=utf-8 202.9756ms
2025-07-19 22:04:50.617 +05:30 [INF] Request starting HTTP/1.1 GET https://localhost:7165/api/Tasks - null null
2025-07-19 22:04:50.618 +05:30 [INF] Executing endpoint 'AuthNet.Controllers.TasksController.GetTasks (AuthNet)'
2025-07-19 22:04:50.620 +05:30 [INF] Route matched with {action = "GetTasks", controller = "Tasks"}. Executing controller action with signature Microsoft.AspNetCore.Mvc.IActionResult GetTasks() on controller AuthNet.Controllers.TasksController (AuthNet).
2025-07-19 22:04:50.652 +05:30 [INF] Executed DbCommand (11ms) [Parameters=[], CommandType='"Text"', CommandTimeout='30']
SELECT [t].[Id], [t].[Title], [t].[DueDate]
FROM [Tasks] AS [t]
2025-07-19 22:04:50.659 +05:30 [INF] Executing OkObjectResult, writing value of type 'System.Collections.Generic.List`1[[AuthNet.Models.DTO.TaskItemDto, AuthNet, Version=1.0.0.0, Culture=neutral, PublicKeyToken=null]]'.
2025-07-19 22:04:50.667 +05:30 [INF] Executed action AuthNet.Controllers.TasksController.GetTasks (AuthNet) in 47.2227ms
2025-07-19 22:04:50.668 +05:30 [INF] Executed endpoint 'AuthNet.Controllers.TasksController.GetTasks (AuthNet)'
2025-07-19 22:04:50.668 +05:30 [INF] Request finished HTTP/1.1 GET https://localhost:7165/api/Tasks - 200 null application/json; charset=utf-8 50.7973ms
2025-07-19 22:04:50.690 +05:30 [INF] Request starting HTTP/1.1 GET https://localhost:7165/api/Settings/Get - null null
2025-07-19 22:04:50.691 +05:30 [INF] Executing endpoint 'AuthNet.Controllers.SettingsController.GetCompanyInfo (AuthNet)'
2025-07-19 22:04:50.697 +05:30 [INF] Route matched with {action = "GetCompanyInfo", controller = "Settings"}. Executing controller action with signature System.Threading.Tasks.Task`1[Microsoft.AspNetCore.Mvc.IActionResult] GetCompanyInfo() on controller AuthNet.Controllers.SettingsController (AuthNet).
2025-07-19 22:04:50.713 +05:30 [WRN] The query uses the 'First'/'FirstOrDefault' operator without 'OrderBy' and filter operators. This may lead to unpredictable results.
2025-07-19 22:04:50.727 +05:30 [INF] Executed DbCommand (6ms) [Parameters=[], CommandType='"Text"', CommandTimeout='30']
SELECT TOP(1) [c].[Id], [c].[Address], [c].[ContactNumber], [c].[Email], [c].[GSTIN], [c].[LogoFileExtension], [c].[LogoFilePath], [c].[LogoFileSizeInBytes], [c].[LogoName], [c].[Name], [c].[SignFileExtension], [c].[SignFilePath], [c].[SignFileSizeInBytes], [c].[SignName]
FROM [CompanyInfos] AS [c]
2025-07-19 22:04:50.756 +05:30 [INF] Executing OkObjectResult, writing value of type 'AuthNet.Models.DTO.CompanyInfoResponseDto'.
2025-07-19 22:04:50.759 +05:30 [INF] Executed action AuthNet.Controllers.SettingsController.GetCompanyInfo (AuthNet) in 61.0621ms
2025-07-19 22:04:50.759 +05:30 [INF] Executed endpoint 'AuthNet.Controllers.SettingsController.GetCompanyInfo (AuthNet)'
2025-07-19 22:04:50.759 +05:30 [INF] Request finished HTTP/1.1 GET https://localhost:7165/api/Settings/Get - 200 null application/json; charset=utf-8 69.8864ms
2025-07-19 22:05:01.243 +05:30 [INF] Request starting HTTP/1.1 GET https://localhost:7165/api/Sales/DailyProfit - null null
2025-07-19 22:05:01.244 +05:30 [INF] Executing endpoint 'AuthNet.Controllers.SalesController.GetDailyProfit (AuthNet)'
2025-07-19 22:05:01.244 +05:30 [INF] Route matched with {action = "GetDailyProfit", controller = "Sales"}. Executing controller action with signature System.Threading.Tasks.Task`1[Microsoft.AspNetCore.Mvc.IActionResult] GetDailyProfit() on controller AuthNet.Controllers.SalesController (AuthNet).
2025-07-19 22:05:01.256 +05:30 [INF] Executed DbCommand (7ms) [Parameters=[@__date_Date_0='?' (DbType = DateTime2)], CommandType='"Text"', CommandTimeout='30']
SELECT [s].[Id], [s].[ProductId], [s].[ProductName], [s].[Quantity], [s].[SaleId], [s].[TotalPrice], [s].[UnitPrice], [s0].[Id], [s0].[AfterTaxAmount], [s0].[CreatedAt], [s0].[DiscountedAmount], [s0].[InvoiceDate], [s0].[InvoiceNo], [s0].[PrincipalAmount], [s0].[Template], [s0].[TotalAmount]
FROM [SaleItems] AS [s]
INNER JOIN [Sales] AS [s0] ON [s].[SaleId] = [s0].[Id]
WHERE CONVERT(date, [s0].[InvoiceDate]) = @__date_Date_0
2025-07-19 22:05:01.266 +05:30 [INF] Executed DbCommand (8ms) [Parameters=[@__productIds_0='?' (Size = 4000)], CommandType='"Text"', CommandTimeout='30']
SELECT [p].[ProductId], [p].[CategoryId], [p].[CostPrice], [p].[Description], [p].[Name], [p].[ProductCode], [p].[ProductKey], [p].[SellPrice], [p].[SupplierId]
FROM [Products] AS [p]
WHERE [p].[ProductId] IN (
    SELECT [p0].[value]
    FROM OPENJSON(@__productIds_0) WITH ([value] int '$') AS [p0]
)
2025-07-19 22:05:01.267 +05:30 [INF] Executing OkObjectResult, writing value of type 'AuthNet.Models.DTO.DailyProfitDto'.
2025-07-19 22:05:01.268 +05:30 [INF] Executed action AuthNet.Controllers.SalesController.GetDailyProfit (AuthNet) in 23.7467ms
2025-07-19 22:05:01.268 +05:30 [INF] Executed endpoint 'AuthNet.Controllers.SalesController.GetDailyProfit (AuthNet)'
2025-07-19 22:05:01.270 +05:30 [INF] Request finished HTTP/1.1 GET https://localhost:7165/api/Sales/DailyProfit - 200 null application/json; charset=utf-8 26.8782ms
2025-07-19 22:05:01.288 +05:30 [INF] Request starting HTTP/1.1 GET https://localhost:7165/api/Sales/CurrentMonthProfit - null null
2025-07-19 22:05:01.289 +05:30 [INF] Executing endpoint 'AuthNet.Controllers.SalesController.GetCurrentMonthProfit (AuthNet)'
2025-07-19 22:05:01.289 +05:30 [INF] Route matched with {action = "GetCurrentMonthProfit", controller = "Sales"}. Executing controller action with signature System.Threading.Tasks.Task`1[Microsoft.AspNetCore.Mvc.IActionResult] GetCurrentMonthProfit() on controller AuthNet.Controllers.SalesController (AuthNet).
2025-07-19 22:05:01.299 +05:30 [INF] Executed DbCommand (6ms) [Parameters=[@__currentYear_0='?' (DbType = Int32), @__currentMonth_1='?' (DbType = Int32)], CommandType='"Text"', CommandTimeout='30']
SELECT [s].[Id], [s].[ProductId], [s].[ProductName], [s].[Quantity], [s].[SaleId], [s].[TotalPrice], [s].[UnitPrice], [s0].[Id], [s0].[AfterTaxAmount], [s0].[CreatedAt], [s0].[DiscountedAmount], [s0].[InvoiceDate], [s0].[InvoiceNo], [s0].[PrincipalAmount], [s0].[Template], [s0].[TotalAmount]
FROM [SaleItems] AS [s]
INNER JOIN [Sales] AS [s0] ON [s].[SaleId] = [s0].[Id]
WHERE DATEPART(year, [s0].[InvoiceDate]) = @__currentYear_0 AND DATEPART(month, [s0].[InvoiceDate]) = @__currentMonth_1
2025-07-19 22:05:01.309 +05:30 [INF] Executed DbCommand (8ms) [Parameters=[@__productIds_0='?' (Size = 4000)], CommandType='"Text"', CommandTimeout='30']
SELECT [p].[ProductId], [p].[CategoryId], [p].[CostPrice], [p].[Description], [p].[Name], [p].[ProductCode], [p].[ProductKey], [p].[SellPrice], [p].[SupplierId]
FROM [Products] AS [p]
WHERE [p].[ProductId] IN (
    SELECT [p0].[value]
    FROM OPENJSON(@__productIds_0) WITH ([value] int '$') AS [p0]
)
2025-07-19 22:05:01.310 +05:30 [INF] Executing OkObjectResult, writing value of type 'AuthNet.Models.DTO.MonthlyProfitDto'.
2025-07-19 22:05:01.310 +05:30 [INF] Executed action AuthNet.Controllers.SalesController.GetCurrentMonthProfit (AuthNet) in 21.0629ms
2025-07-19 22:05:01.310 +05:30 [INF] Executed endpoint 'AuthNet.Controllers.SalesController.GetCurrentMonthProfit (AuthNet)'
2025-07-19 22:05:01.311 +05:30 [INF] Request finished HTTP/1.1 GET https://localhost:7165/api/Sales/CurrentMonthProfit - 200 null application/json; charset=utf-8 23.4039ms
2025-07-19 22:05:01.325 +05:30 [INF] Request starting HTTP/1.1 GET https://localhost:7165/api/Sales/CurrentYearProfit - null null
2025-07-19 22:05:01.325 +05:30 [INF] Executing endpoint 'AuthNet.Controllers.SalesController.GetCurrentYearProfit (AuthNet)'
2025-07-19 22:05:01.326 +05:30 [INF] Route matched with {action = "GetCurrentYearProfit", controller = "Sales"}. Executing controller action with signature System.Threading.Tasks.Task`1[Microsoft.AspNetCore.Mvc.IActionResult] GetCurrentYearProfit() on controller AuthNet.Controllers.SalesController (AuthNet).
2025-07-19 22:05:01.335 +05:30 [INF] Executed DbCommand (6ms) [Parameters=[@__currentYear_0='?' (DbType = Int32)], CommandType='"Text"', CommandTimeout='30']
SELECT [s].[Id], [s].[ProductId], [s].[ProductName], [s].[Quantity], [s].[SaleId], [s].[TotalPrice], [s].[UnitPrice], [s0].[Id], [s0].[AfterTaxAmount], [s0].[CreatedAt], [s0].[DiscountedAmount], [s0].[InvoiceDate], [s0].[InvoiceNo], [s0].[PrincipalAmount], [s0].[Template], [s0].[TotalAmount]
FROM [SaleItems] AS [s]
INNER JOIN [Sales] AS [s0] ON [s].[SaleId] = [s0].[Id]
WHERE DATEPART(year, [s0].[InvoiceDate]) = @__currentYear_0
2025-07-19 22:05:01.346 +05:30 [INF] Executed DbCommand (6ms) [Parameters=[@__productIds_0='?' (Size = 4000)], CommandType='"Text"', CommandTimeout='30']
SELECT [p].[ProductId], [p].[CategoryId], [p].[CostPrice], [p].[Description], [p].[Name], [p].[ProductCode], [p].[ProductKey], [p].[SellPrice], [p].[SupplierId]
FROM [Products] AS [p]
WHERE [p].[ProductId] IN (
    SELECT [p0].[value]
    FROM OPENJSON(@__productIds_0) WITH ([value] int '$') AS [p0]
)
2025-07-19 22:05:01.347 +05:30 [INF] Executing OkObjectResult, writing value of type 'AuthNet.Models.DTO.YearlyProfitDto'.
2025-07-19 22:05:01.347 +05:30 [INF] Executed action AuthNet.Controllers.SalesController.GetCurrentYearProfit (AuthNet) in 21.2865ms
2025-07-19 22:05:01.347 +05:30 [INF] Executed endpoint 'AuthNet.Controllers.SalesController.GetCurrentYearProfit (AuthNet)'
2025-07-19 22:05:01.348 +05:30 [INF] Request finished HTTP/1.1 GET https://localhost:7165/api/Sales/CurrentYearProfit - 200 null application/json; charset=utf-8 23.0962ms
2025-07-19 22:05:01.362 +05:30 [INF] Request starting HTTP/1.1 GET https://localhost:7165/api/Tasks - null null
2025-07-19 22:05:01.363 +05:30 [INF] Executing endpoint 'AuthNet.Controllers.TasksController.GetTasks (AuthNet)'
2025-07-19 22:05:01.363 +05:30 [INF] Route matched with {action = "GetTasks", controller = "Tasks"}. Executing controller action with signature Microsoft.AspNetCore.Mvc.IActionResult GetTasks() on controller AuthNet.Controllers.TasksController (AuthNet).
2025-07-19 22:05:01.368 +05:30 [INF] Executed DbCommand (2ms) [Parameters=[], CommandType='"Text"', CommandTimeout='30']
SELECT [t].[Id], [t].[Title], [t].[DueDate]
FROM [Tasks] AS [t]
2025-07-19 22:05:01.373 +05:30 [INF] Executing OkObjectResult, writing value of type 'System.Collections.Generic.List`1[[AuthNet.Models.DTO.TaskItemDto, AuthNet, Version=1.0.0.0, Culture=neutral, PublicKeyToken=null]]'.
2025-07-19 22:05:01.374 +05:30 [INF] Executed action AuthNet.Controllers.TasksController.GetTasks (AuthNet) in 11.2783ms
2025-07-19 22:05:01.374 +05:30 [INF] Executed endpoint 'AuthNet.Controllers.TasksController.GetTasks (AuthNet)'
2025-07-19 22:05:01.375 +05:30 [INF] Request finished HTTP/1.1 GET https://localhost:7165/api/Tasks - 200 null application/json; charset=utf-8 12.8481ms
2025-07-19 22:05:01.398 +05:30 [INF] Request starting HTTP/1.1 GET https://localhost:7165/api/Settings/Get - null null
2025-07-19 22:05:01.402 +05:30 [INF] Executing endpoint 'AuthNet.Controllers.SettingsController.GetCompanyInfo (AuthNet)'
2025-07-19 22:05:01.403 +05:30 [INF] Route matched with {action = "GetCompanyInfo", controller = "Settings"}. Executing controller action with signature System.Threading.Tasks.Task`1[Microsoft.AspNetCore.Mvc.IActionResult] GetCompanyInfo() on controller AuthNet.Controllers.SettingsController (AuthNet).
2025-07-19 22:05:01.412 +05:30 [INF] Executed DbCommand (4ms) [Parameters=[], CommandType='"Text"', CommandTimeout='30']
SELECT TOP(1) [c].[Id], [c].[Address], [c].[ContactNumber], [c].[Email], [c].[GSTIN], [c].[LogoFileExtension], [c].[LogoFilePath], [c].[LogoFileSizeInBytes], [c].[LogoName], [c].[Name], [c].[SignFileExtension], [c].[SignFilePath], [c].[SignFileSizeInBytes], [c].[SignName]
FROM [CompanyInfos] AS [c]
2025-07-19 22:05:01.413 +05:30 [INF] Executing OkObjectResult, writing value of type 'AuthNet.Models.DTO.CompanyInfoResponseDto'.
2025-07-19 22:05:01.413 +05:30 [INF] Executed action AuthNet.Controllers.SettingsController.GetCompanyInfo (AuthNet) in 10.0674ms
2025-07-19 22:05:01.413 +05:30 [INF] Executed endpoint 'AuthNet.Controllers.SettingsController.GetCompanyInfo (AuthNet)'
2025-07-19 22:05:01.414 +05:30 [INF] Request finished HTTP/1.1 GET https://localhost:7165/api/Settings/Get - 200 null application/json; charset=utf-8 16.1111ms
2025-07-19 22:05:04.798 +05:30 [INF] Request starting HTTP/1.1 POST https://localhost:7165/api/Auth/login - application/json; charset=utf-8 null
2025-07-19 22:05:04.799 +05:30 [INF] Executing endpoint 'AuthNet.Controllers.AuthController.Login (AuthNet)'
2025-07-19 22:05:04.815 +05:30 [INF] Route matched with {action = "Login", controller = "Auth"}. Executing controller action with signature System.Threading.Tasks.Task`1[Microsoft.AspNetCore.Mvc.IActionResult] Login(AuthNet.Models.DTO.LoginDto) on controller AuthNet.Controllers.AuthController (AuthNet).
2025-07-19 22:05:04.908 +05:30 [INF] Executed DbCommand (8ms) [Parameters=[@__username_0='?' (Size = 100)], CommandType='"Text"', CommandTimeout='30']
SELECT TOP(1) [u].[UserId], [u].[CreatedAt], [u].[Email], [u].[Firstname], [u].[Lastname], [u].[PasswordHash], [u].[Role], [u].[Username]
FROM [Users] AS [u]
WHERE [u].[Username] = @__username_0
2025-07-19 22:05:05.588 +05:30 [INF] Executing OkObjectResult, writing value of type 'AuthNet.Models.DTO.ServiceResponse`1[[AuthNet.Models.DTO.LoginResponseDto, AuthNet, Version=1.0.0.0, Culture=neutral, PublicKeyToken=null]]'.
2025-07-19 22:05:05.594 +05:30 [INF] Executed action AuthNet.Controllers.AuthController.Login (AuthNet) in 779.2544ms
2025-07-19 22:05:05.594 +05:30 [INF] Executed endpoint 'AuthNet.Controllers.AuthController.Login (AuthNet)'
2025-07-19 22:05:05.595 +05:30 [INF] Request finished HTTP/1.1 POST https://localhost:7165/api/Auth/login - 200 null application/json; charset=utf-8 796.9814ms
2025-07-19 22:05:05.629 +05:30 [INF] Request starting HTTP/1.1 GET https://localhost:7165/api/Sales/DailyProfit - null null
2025-07-19 22:05:05.630 +05:30 [INF] Executing endpoint 'AuthNet.Controllers.SalesController.GetDailyProfit (AuthNet)'
2025-07-19 22:05:05.630 +05:30 [INF] Route matched with {action = "GetDailyProfit", controller = "Sales"}. Executing controller action with signature System.Threading.Tasks.Task`1[Microsoft.AspNetCore.Mvc.IActionResult] GetDailyProfit() on controller AuthNet.Controllers.SalesController (AuthNet).
2025-07-19 22:05:05.638 +05:30 [INF] Executed DbCommand (6ms) [Parameters=[@__date_Date_0='?' (DbType = DateTime2)], CommandType='"Text"', CommandTimeout='30']
SELECT [s].[Id], [s].[ProductId], [s].[ProductName], [s].[Quantity], [s].[SaleId], [s].[TotalPrice], [s].[UnitPrice], [s0].[Id], [s0].[AfterTaxAmount], [s0].[CreatedAt], [s0].[DiscountedAmount], [s0].[InvoiceDate], [s0].[InvoiceNo], [s0].[PrincipalAmount], [s0].[Template], [s0].[TotalAmount]
FROM [SaleItems] AS [s]
INNER JOIN [Sales] AS [s0] ON [s].[SaleId] = [s0].[Id]
WHERE CONVERT(date, [s0].[InvoiceDate]) = @__date_Date_0
2025-07-19 22:05:05.647 +05:30 [INF] Executed DbCommand (7ms) [Parameters=[@__productIds_0='?' (Size = 4000)], CommandType='"Text"', CommandTimeout='30']
SELECT [p].[ProductId], [p].[CategoryId], [p].[CostPrice], [p].[Description], [p].[Name], [p].[ProductCode], [p].[ProductKey], [p].[SellPrice], [p].[SupplierId]
FROM [Products] AS [p]
WHERE [p].[ProductId] IN (
    SELECT [p0].[value]
    FROM OPENJSON(@__productIds_0) WITH ([value] int '$') AS [p0]
)
2025-07-19 22:05:05.647 +05:30 [INF] Executing OkObjectResult, writing value of type 'AuthNet.Models.DTO.DailyProfitDto'.
2025-07-19 22:05:05.647 +05:30 [INF] Executed action AuthNet.Controllers.SalesController.GetDailyProfit (AuthNet) in 17.2237ms
2025-07-19 22:05:05.648 +05:30 [INF] Executed endpoint 'AuthNet.Controllers.SalesController.GetDailyProfit (AuthNet)'
2025-07-19 22:05:05.648 +05:30 [INF] Request finished HTTP/1.1 GET https://localhost:7165/api/Sales/DailyProfit - 200 null application/json; charset=utf-8 18.7881ms
2025-07-19 22:05:05.660 +05:30 [INF] Request starting HTTP/1.1 GET https://localhost:7165/api/Sales/CurrentMonthProfit - null null
2025-07-19 22:05:05.661 +05:30 [INF] Executing endpoint 'AuthNet.Controllers.SalesController.GetCurrentMonthProfit (AuthNet)'
2025-07-19 22:05:05.661 +05:30 [INF] Route matched with {action = "GetCurrentMonthProfit", controller = "Sales"}. Executing controller action with signature System.Threading.Tasks.Task`1[Microsoft.AspNetCore.Mvc.IActionResult] GetCurrentMonthProfit() on controller AuthNet.Controllers.SalesController (AuthNet).
2025-07-19 22:05:05.667 +05:30 [INF] Executed DbCommand (5ms) [Parameters=[@__currentYear_0='?' (DbType = Int32), @__currentMonth_1='?' (DbType = Int32)], CommandType='"Text"', CommandTimeout='30']
SELECT [s].[Id], [s].[ProductId], [s].[ProductName], [s].[Quantity], [s].[SaleId], [s].[TotalPrice], [s].[UnitPrice], [s0].[Id], [s0].[AfterTaxAmount], [s0].[CreatedAt], [s0].[DiscountedAmount], [s0].[InvoiceDate], [s0].[InvoiceNo], [s0].[PrincipalAmount], [s0].[Template], [s0].[TotalAmount]
FROM [SaleItems] AS [s]
INNER JOIN [Sales] AS [s0] ON [s].[SaleId] = [s0].[Id]
WHERE DATEPART(year, [s0].[InvoiceDate]) = @__currentYear_0 AND DATEPART(month, [s0].[InvoiceDate]) = @__currentMonth_1
2025-07-19 22:05:05.674 +05:30 [INF] Executed DbCommand (7ms) [Parameters=[@__productIds_0='?' (Size = 4000)], CommandType='"Text"', CommandTimeout='30']
SELECT [p].[ProductId], [p].[CategoryId], [p].[CostPrice], [p].[Description], [p].[Name], [p].[ProductCode], [p].[ProductKey], [p].[SellPrice], [p].[SupplierId]
FROM [Products] AS [p]
WHERE [p].[ProductId] IN (
    SELECT [p0].[value]
    FROM OPENJSON(@__productIds_0) WITH ([value] int '$') AS [p0]
)
2025-07-19 22:05:05.675 +05:30 [INF] Executing OkObjectResult, writing value of type 'AuthNet.Models.DTO.MonthlyProfitDto'.
2025-07-19 22:05:05.675 +05:30 [INF] Executed action AuthNet.Controllers.SalesController.GetCurrentMonthProfit (AuthNet) in 14.1126ms
2025-07-19 22:05:05.675 +05:30 [INF] Executed endpoint 'AuthNet.Controllers.SalesController.GetCurrentMonthProfit (AuthNet)'
2025-07-19 22:05:05.676 +05:30 [INF] Request finished HTTP/1.1 GET https://localhost:7165/api/Sales/CurrentMonthProfit - 200 null application/json; charset=utf-8 15.4359ms
2025-07-19 22:05:05.689 +05:30 [INF] Request starting HTTP/1.1 GET https://localhost:7165/api/Sales/CurrentYearProfit - null null
2025-07-19 22:05:05.689 +05:30 [INF] Executing endpoint 'AuthNet.Controllers.SalesController.GetCurrentYearProfit (AuthNet)'
2025-07-19 22:05:05.689 +05:30 [INF] Route matched with {action = "GetCurrentYearProfit", controller = "Sales"}. Executing controller action with signature System.Threading.Tasks.Task`1[Microsoft.AspNetCore.Mvc.IActionResult] GetCurrentYearProfit() on controller AuthNet.Controllers.SalesController (AuthNet).
2025-07-19 22:05:05.695 +05:30 [INF] Executed DbCommand (4ms) [Parameters=[@__currentYear_0='?' (DbType = Int32)], CommandType='"Text"', CommandTimeout='30']
SELECT [s].[Id], [s].[ProductId], [s].[ProductName], [s].[Quantity], [s].[SaleId], [s].[TotalPrice], [s].[UnitPrice], [s0].[Id], [s0].[AfterTaxAmount], [s0].[CreatedAt], [s0].[DiscountedAmount], [s0].[InvoiceDate], [s0].[InvoiceNo], [s0].[PrincipalAmount], [s0].[Template], [s0].[TotalAmount]
FROM [SaleItems] AS [s]
INNER JOIN [Sales] AS [s0] ON [s].[SaleId] = [s0].[Id]
WHERE DATEPART(year, [s0].[InvoiceDate]) = @__currentYear_0
2025-07-19 22:05:05.696 +05:30 [INF] Executed DbCommand (1ms) [Parameters=[@__productIds_0='?' (Size = 4000)], CommandType='"Text"', CommandTimeout='30']
SELECT [p].[ProductId], [p].[CategoryId], [p].[CostPrice], [p].[Description], [p].[Name], [p].[ProductCode], [p].[ProductKey], [p].[SellPrice], [p].[SupplierId]
FROM [Products] AS [p]
WHERE [p].[ProductId] IN (
    SELECT [p0].[value]
    FROM OPENJSON(@__productIds_0) WITH ([value] int '$') AS [p0]
)
2025-07-19 22:05:05.697 +05:30 [INF] Executing OkObjectResult, writing value of type 'AuthNet.Models.DTO.YearlyProfitDto'.
2025-07-19 22:05:05.697 +05:30 [INF] Executed action AuthNet.Controllers.SalesController.GetCurrentYearProfit (AuthNet) in 7.5866ms
2025-07-19 22:05:05.697 +05:30 [INF] Executed endpoint 'AuthNet.Controllers.SalesController.GetCurrentYearProfit (AuthNet)'
2025-07-19 22:05:05.697 +05:30 [INF] Request finished HTTP/1.1 GET https://localhost:7165/api/Sales/CurrentYearProfit - 200 null application/json; charset=utf-8 8.8135ms
2025-07-19 22:05:05.711 +05:30 [INF] Request starting HTTP/1.1 GET https://localhost:7165/api/Tasks - null null
2025-07-19 22:05:05.711 +05:30 [INF] Executing endpoint 'AuthNet.Controllers.TasksController.GetTasks (AuthNet)'
2025-07-19 22:05:05.711 +05:30 [INF] Route matched with {action = "GetTasks", controller = "Tasks"}. Executing controller action with signature Microsoft.AspNetCore.Mvc.IActionResult GetTasks() on controller AuthNet.Controllers.TasksController (AuthNet).
2025-07-19 22:05:05.714 +05:30 [INF] Executed DbCommand (1ms) [Parameters=[], CommandType='"Text"', CommandTimeout='30']
SELECT [t].[Id], [t].[Title], [t].[DueDate]
FROM [Tasks] AS [t]
2025-07-19 22:05:05.715 +05:30 [INF] Executing OkObjectResult, writing value of type 'System.Collections.Generic.List`1[[AuthNet.Models.DTO.TaskItemDto, AuthNet, Version=1.0.0.0, Culture=neutral, PublicKeyToken=null]]'.
2025-07-19 22:05:05.715 +05:30 [INF] Executed action AuthNet.Controllers.TasksController.GetTasks (AuthNet) in 3.6091ms
2025-07-19 22:05:05.715 +05:30 [INF] Executed endpoint 'AuthNet.Controllers.TasksController.GetTasks (AuthNet)'
2025-07-19 22:05:05.715 +05:30 [INF] Request finished HTTP/1.1 GET https://localhost:7165/api/Tasks - 200 null application/json; charset=utf-8 4.8202ms
2025-07-19 22:05:05.731 +05:30 [INF] Request starting HTTP/1.1 GET https://localhost:7165/api/Settings/Get - null null
2025-07-19 22:05:05.732 +05:30 [INF] Executing endpoint 'AuthNet.Controllers.SettingsController.GetCompanyInfo (AuthNet)'
2025-07-19 22:05:05.732 +05:30 [INF] Route matched with {action = "GetCompanyInfo", controller = "Settings"}. Executing controller action with signature System.Threading.Tasks.Task`1[Microsoft.AspNetCore.Mvc.IActionResult] GetCompanyInfo() on controller AuthNet.Controllers.SettingsController (AuthNet).
2025-07-19 22:05:05.738 +05:30 [INF] Executed DbCommand (4ms) [Parameters=[], CommandType='"Text"', CommandTimeout='30']
SELECT TOP(1) [c].[Id], [c].[Address], [c].[ContactNumber], [c].[Email], [c].[GSTIN], [c].[LogoFileExtension], [c].[LogoFilePath], [c].[LogoFileSizeInBytes], [c].[LogoName], [c].[Name], [c].[SignFileExtension], [c].[SignFilePath], [c].[SignFileSizeInBytes], [c].[SignName]
FROM [CompanyInfos] AS [c]
2025-07-19 22:05:05.738 +05:30 [INF] Executing OkObjectResult, writing value of type 'AuthNet.Models.DTO.CompanyInfoResponseDto'.
2025-07-19 22:05:05.738 +05:30 [INF] Executed action AuthNet.Controllers.SettingsController.GetCompanyInfo (AuthNet) in 6.5916ms
2025-07-19 22:05:05.738 +05:30 [INF] Executed endpoint 'AuthNet.Controllers.SettingsController.GetCompanyInfo (AuthNet)'
2025-07-19 22:05:05.739 +05:30 [INF] Request finished HTTP/1.1 GET https://localhost:7165/api/Settings/Get - 200 null application/json; charset=utf-8 8.0553ms
2025-07-19 22:11:20.211 +05:30 [INF] Request starting HTTP/1.1 GET https://localhost:7165/api/Sales/DailyProfit - null null
2025-07-19 22:11:20.212 +05:30 [INF] Executing endpoint 'AuthNet.Controllers.SalesController.GetDailyProfit (AuthNet)'
2025-07-19 22:11:20.212 +05:30 [INF] Route matched with {action = "GetDailyProfit", controller = "Sales"}. Executing controller action with signature System.Threading.Tasks.Task`1[Microsoft.AspNetCore.Mvc.IActionResult] GetDailyProfit() on controller AuthNet.Controllers.SalesController (AuthNet).
2025-07-19 22:11:20.271 +05:30 [INF] Executed DbCommand (17ms) [Parameters=[@__date_Date_0='?' (DbType = DateTime2)], CommandType='"Text"', CommandTimeout='30']
SELECT [s].[Id], [s].[ProductId], [s].[ProductName], [s].[Quantity], [s].[SaleId], [s].[TotalPrice], [s].[UnitPrice], [s0].[Id], [s0].[AfterTaxAmount], [s0].[CreatedAt], [s0].[DiscountedAmount], [s0].[InvoiceDate], [s0].[InvoiceNo], [s0].[PrincipalAmount], [s0].[Template], [s0].[TotalAmount]
FROM [SaleItems] AS [s]
INNER JOIN [Sales] AS [s0] ON [s].[SaleId] = [s0].[Id]
WHERE CONVERT(date, [s0].[InvoiceDate]) = @__date_Date_0
2025-07-19 22:11:20.280 +05:30 [INF] Executed DbCommand (7ms) [Parameters=[@__productIds_0='?' (Size = 4000)], CommandType='"Text"', CommandTimeout='30']
SELECT [p].[ProductId], [p].[CategoryId], [p].[CostPrice], [p].[Description], [p].[Name], [p].[ProductCode], [p].[ProductKey], [p].[SellPrice], [p].[SupplierId]
FROM [Products] AS [p]
WHERE [p].[ProductId] IN (
    SELECT [p0].[value]
    FROM OPENJSON(@__productIds_0) WITH ([value] int '$') AS [p0]
)
2025-07-19 22:11:20.280 +05:30 [INF] Executing OkObjectResult, writing value of type 'AuthNet.Models.DTO.DailyProfitDto'.
2025-07-19 22:11:20.281 +05:30 [INF] Executed action AuthNet.Controllers.SalesController.GetDailyProfit (AuthNet) in 68.6195ms
2025-07-19 22:11:20.281 +05:30 [INF] Executed endpoint 'AuthNet.Controllers.SalesController.GetDailyProfit (AuthNet)'
2025-07-19 22:11:20.281 +05:30 [INF] Request finished HTTP/1.1 GET https://localhost:7165/api/Sales/DailyProfit - 200 null application/json; charset=utf-8 70.6951ms
2025-07-19 22:11:20.305 +05:30 [INF] Request starting HTTP/1.1 GET https://localhost:7165/api/Sales/CurrentMonthProfit - null null
2025-07-19 22:11:20.306 +05:30 [INF] Executing endpoint 'AuthNet.Controllers.SalesController.GetCurrentMonthProfit (AuthNet)'
2025-07-19 22:11:20.306 +05:30 [INF] Route matched with {action = "GetCurrentMonthProfit", controller = "Sales"}. Executing controller action with signature System.Threading.Tasks.Task`1[Microsoft.AspNetCore.Mvc.IActionResult] GetCurrentMonthProfit() on controller AuthNet.Controllers.SalesController (AuthNet).
2025-07-19 22:11:20.317 +05:30 [INF] Executed DbCommand (9ms) [Parameters=[@__currentYear_0='?' (DbType = Int32), @__currentMonth_1='?' (DbType = Int32)], CommandType='"Text"', CommandTimeout='30']
SELECT [s].[Id], [s].[ProductId], [s].[ProductName], [s].[Quantity], [s].[SaleId], [s].[TotalPrice], [s].[UnitPrice], [s0].[Id], [s0].[AfterTaxAmount], [s0].[CreatedAt], [s0].[DiscountedAmount], [s0].[InvoiceDate], [s0].[InvoiceNo], [s0].[PrincipalAmount], [s0].[Template], [s0].[TotalAmount]
FROM [SaleItems] AS [s]
INNER JOIN [Sales] AS [s0] ON [s].[SaleId] = [s0].[Id]
WHERE DATEPART(year, [s0].[InvoiceDate]) = @__currentYear_0 AND DATEPART(month, [s0].[InvoiceDate]) = @__currentMonth_1
2025-07-19 22:11:20.321 +05:30 [INF] Executed DbCommand (2ms) [Parameters=[@__productIds_0='?' (Size = 4000)], CommandType='"Text"', CommandTimeout='30']
SELECT [p].[ProductId], [p].[CategoryId], [p].[CostPrice], [p].[Description], [p].[Name], [p].[ProductCode], [p].[ProductKey], [p].[SellPrice], [p].[SupplierId]
FROM [Products] AS [p]
WHERE [p].[ProductId] IN (
    SELECT [p0].[value]
    FROM OPENJSON(@__productIds_0) WITH ([value] int '$') AS [p0]
)
2025-07-19 22:11:20.321 +05:30 [INF] Executing OkObjectResult, writing value of type 'AuthNet.Models.DTO.MonthlyProfitDto'.
2025-07-19 22:11:20.322 +05:30 [INF] Executed action AuthNet.Controllers.SalesController.GetCurrentMonthProfit (AuthNet) in 15.0435ms
2025-07-19 22:11:20.322 +05:30 [INF] Executed endpoint 'AuthNet.Controllers.SalesController.GetCurrentMonthProfit (AuthNet)'
2025-07-19 22:11:20.323 +05:30 [INF] Request finished HTTP/1.1 GET https://localhost:7165/api/Sales/CurrentMonthProfit - 200 null application/json; charset=utf-8 18.0185ms
2025-07-19 22:11:20.338 +05:30 [INF] Request starting HTTP/1.1 GET https://localhost:7165/api/Sales/CurrentYearProfit - null null
2025-07-19 22:11:20.338 +05:30 [INF] Executing endpoint 'AuthNet.Controllers.SalesController.GetCurrentYearProfit (AuthNet)'
2025-07-19 22:11:20.338 +05:30 [INF] Route matched with {action = "GetCurrentYearProfit", controller = "Sales"}. Executing controller action with signature System.Threading.Tasks.Task`1[Microsoft.AspNetCore.Mvc.IActionResult] GetCurrentYearProfit() on controller AuthNet.Controllers.SalesController (AuthNet).
2025-07-19 22:11:20.345 +05:30 [INF] Executed DbCommand (5ms) [Parameters=[@__currentYear_0='?' (DbType = Int32)], CommandType='"Text"', CommandTimeout='30']
SELECT [s].[Id], [s].[ProductId], [s].[ProductName], [s].[Quantity], [s].[SaleId], [s].[TotalPrice], [s].[UnitPrice], [s0].[Id], [s0].[AfterTaxAmount], [s0].[CreatedAt], [s0].[DiscountedAmount], [s0].[InvoiceDate], [s0].[InvoiceNo], [s0].[PrincipalAmount], [s0].[Template], [s0].[TotalAmount]
FROM [SaleItems] AS [s]
INNER JOIN [Sales] AS [s0] ON [s].[SaleId] = [s0].[Id]
WHERE DATEPART(year, [s0].[InvoiceDate]) = @__currentYear_0
2025-07-19 22:11:20.347 +05:30 [INF] Executed DbCommand (1ms) [Parameters=[@__productIds_0='?' (Size = 4000)], CommandType='"Text"', CommandTimeout='30']
SELECT [p].[ProductId], [p].[CategoryId], [p].[CostPrice], [p].[Description], [p].[Name], [p].[ProductCode], [p].[ProductKey], [p].[SellPrice], [p].[SupplierId]
FROM [Products] AS [p]
WHERE [p].[ProductId] IN (
    SELECT [p0].[value]
    FROM OPENJSON(@__productIds_0) WITH ([value] int '$') AS [p0]
)
2025-07-19 22:11:20.347 +05:30 [INF] Executing OkObjectResult, writing value of type 'AuthNet.Models.DTO.YearlyProfitDto'.
2025-07-19 22:11:20.347 +05:30 [INF] Executed action AuthNet.Controllers.SalesController.GetCurrentYearProfit (AuthNet) in 9.0043ms
2025-07-19 22:11:20.347 +05:30 [INF] Executed endpoint 'AuthNet.Controllers.SalesController.GetCurrentYearProfit (AuthNet)'
2025-07-19 22:11:20.348 +05:30 [INF] Request finished HTTP/1.1 GET https://localhost:7165/api/Sales/CurrentYearProfit - 200 null application/json; charset=utf-8 10.1763ms
2025-07-19 22:11:20.365 +05:30 [INF] Request starting HTTP/1.1 GET https://localhost:7165/api/Tasks - null null
2025-07-19 22:11:20.365 +05:30 [INF] Executing endpoint 'AuthNet.Controllers.TasksController.GetTasks (AuthNet)'
2025-07-19 22:11:20.365 +05:30 [INF] Route matched with {action = "GetTasks", controller = "Tasks"}. Executing controller action with signature Microsoft.AspNetCore.Mvc.IActionResult GetTasks() on controller AuthNet.Controllers.TasksController (AuthNet).
2025-07-19 22:11:20.371 +05:30 [INF] Executed DbCommand (4ms) [Parameters=[], CommandType='"Text"', CommandTimeout='30']
SELECT [t].[Id], [t].[Title], [t].[DueDate]
FROM [Tasks] AS [t]
2025-07-19 22:11:20.371 +05:30 [INF] Executing OkObjectResult, writing value of type 'System.Collections.Generic.List`1[[AuthNet.Models.DTO.TaskItemDto, AuthNet, Version=1.0.0.0, Culture=neutral, PublicKeyToken=null]]'.
2025-07-19 22:11:20.371 +05:30 [INF] Executed action AuthNet.Controllers.TasksController.GetTasks (AuthNet) in 6.2101ms
2025-07-19 22:11:20.371 +05:30 [INF] Executed endpoint 'AuthNet.Controllers.TasksController.GetTasks (AuthNet)'
2025-07-19 22:11:20.372 +05:30 [INF] Request finished HTTP/1.1 GET https://localhost:7165/api/Tasks - 200 null application/json; charset=utf-8 7.3357ms
2025-07-19 22:11:20.396 +05:30 [INF] Request starting HTTP/1.1 GET https://localhost:7165/api/Settings/Get - null null
2025-07-19 22:11:20.396 +05:30 [INF] Executing endpoint 'AuthNet.Controllers.SettingsController.GetCompanyInfo (AuthNet)'
2025-07-19 22:11:20.396 +05:30 [INF] Route matched with {action = "GetCompanyInfo", controller = "Settings"}. Executing controller action with signature System.Threading.Tasks.Task`1[Microsoft.AspNetCore.Mvc.IActionResult] GetCompanyInfo() on controller AuthNet.Controllers.SettingsController (AuthNet).
2025-07-19 22:11:20.406 +05:30 [INF] Executed DbCommand (9ms) [Parameters=[], CommandType='"Text"', CommandTimeout='30']
SELECT TOP(1) [c].[Id], [c].[Address], [c].[ContactNumber], [c].[Email], [c].[GSTIN], [c].[LogoFileExtension], [c].[LogoFilePath], [c].[LogoFileSizeInBytes], [c].[LogoName], [c].[Name], [c].[SignFileExtension], [c].[SignFilePath], [c].[SignFileSizeInBytes], [c].[SignName]
FROM [CompanyInfos] AS [c]
2025-07-19 22:11:20.407 +05:30 [INF] Executing OkObjectResult, writing value of type 'AuthNet.Models.DTO.CompanyInfoResponseDto'.
2025-07-19 22:11:20.407 +05:30 [INF] Executed action AuthNet.Controllers.SettingsController.GetCompanyInfo (AuthNet) in 10.5091ms
2025-07-19 22:11:20.407 +05:30 [INF] Executed endpoint 'AuthNet.Controllers.SettingsController.GetCompanyInfo (AuthNet)'
2025-07-19 22:11:20.407 +05:30 [INF] Request finished HTTP/1.1 GET https://localhost:7165/api/Settings/Get - 200 null application/json; charset=utf-8 11.9193ms
2025-07-19 22:11:21.033 +05:30 [INF] Request starting HTTP/2 GET https://localhost:7165/api/Sales/WeeklyProfit - null null
2025-07-19 22:11:21.043 +05:30 [INF] CORS policy execution successful.
2025-07-19 22:11:21.044 +05:30 [INF] Executing endpoint 'AuthNet.Controllers.SalesController.GetWeeklyProfit (AuthNet)'
2025-07-19 22:11:21.050 +05:30 [INF] Route matched with {action = "GetWeeklyProfit", controller = "Sales"}. Executing controller action with signature System.Threading.Tasks.Task`1[Microsoft.AspNetCore.Mvc.IActionResult] GetWeeklyProfit() on controller AuthNet.Controllers.SalesController (AuthNet).
2025-07-19 22:11:21.083 +05:30 [INF] Executed DbCommand (8ms) [Parameters=[@__startDate_0='?' (DbType = DateTime2), @__endDate_1='?' (DbType = DateTime2)], CommandType='"Text"', CommandTimeout='30']
SELECT [s].[Id], [s].[ProductId], [s].[ProductName], [s].[Quantity], [s].[SaleId], [s].[TotalPrice], [s].[UnitPrice], [s0].[Id], [s0].[AfterTaxAmount], [s0].[CreatedAt], [s0].[DiscountedAmount], [s0].[InvoiceDate], [s0].[InvoiceNo], [s0].[PrincipalAmount], [s0].[Template], [s0].[TotalAmount]
FROM [SaleItems] AS [s]
INNER JOIN [Sales] AS [s0] ON [s].[SaleId] = [s0].[Id]
WHERE CONVERT(date, [s0].[InvoiceDate]) >= @__startDate_0 AND CONVERT(date, [s0].[InvoiceDate]) <= @__endDate_1
2025-07-19 22:11:21.096 +05:30 [INF] Executed DbCommand (12ms) [Parameters=[@__productIds_0='?' (Size = 4000)], CommandType='"Text"', CommandTimeout='30']
SELECT [p].[ProductId], [p].[CategoryId], [p].[CostPrice], [p].[Description], [p].[Name], [p].[ProductCode], [p].[ProductKey], [p].[SellPrice], [p].[SupplierId]
FROM [Products] AS [p]
WHERE [p].[ProductId] IN (
    SELECT [p0].[value]
    FROM OPENJSON(@__productIds_0) WITH ([value] int '$') AS [p0]
)
2025-07-19 22:11:21.126 +05:30 [INF] Executing OkObjectResult, writing value of type 'System.Collections.Generic.List`1[[AuthNet.Models.DTO.DailyProfitDto, AuthNet, Version=1.0.0.0, Culture=neutral, PublicKeyToken=null]]'.
2025-07-19 22:11:21.128 +05:30 [INF] Executed action AuthNet.Controllers.SalesController.GetWeeklyProfit (AuthNet) in 77.9248ms
2025-07-19 22:11:21.128 +05:30 [INF] Executed endpoint 'AuthNet.Controllers.SalesController.GetWeeklyProfit (AuthNet)'
2025-07-19 22:11:21.128 +05:30 [INF] Request finished HTTP/2 GET https://localhost:7165/api/Sales/WeeklyProfit - 200 null application/json; charset=utf-8 95.444ms
2025-07-19 22:11:21.682 +05:30 [INF] Request starting HTTP/2 GET https://localhost:7165/swagger/index.html - null null
2025-07-19 22:11:21.726 +05:30 [INF] Request finished HTTP/2 GET https://localhost:7165/swagger/index.html - 200 null text/html;charset=utf-8 44.3354ms
2025-07-19 22:11:21.783 +05:30 [INF] Request starting HTTP/2 GET https://localhost:7165/_framework/aspnetcore-browser-refresh.js - null null
2025-07-19 22:11:21.964 +05:30 [INF] Request finished HTTP/2 GET https://localhost:7165/_framework/aspnetcore-browser-refresh.js - 200 16499 application/javascript; charset=utf-8 180.4477ms
2025-07-19 22:11:21.964 +05:30 [INF] Request starting HTTP/2 GET https://localhost:7165/_vs/browserLink - null null
2025-07-19 22:11:22.280 +05:30 [INF] Request finished HTTP/2 GET https://localhost:7165/_vs/browserLink - 200 null text/javascript; charset=UTF-8 316.5999ms
2025-07-19 22:11:22.715 +05:30 [INF] Request starting HTTP/2 GET https://localhost:7165/swagger/v1/swagger.json - null null
2025-07-19 22:11:22.797 +05:30 [INF] Request finished HTTP/2 GET https://localhost:7165/swagger/v1/swagger.json - 200 null application/json;charset=utf-8 81.3369ms
2025-07-19 22:13:01.281 +05:30 [INF] User profile is available. Using 'C:\Users\Admin\AppData\Local\ASP.NET\DataProtection-Keys' as key repository and Windows DPAPI to encrypt keys at rest.
2025-07-19 22:13:01.890 +05:30 [INF] Now listening on: https://localhost:7165
2025-07-19 22:13:01.891 +05:30 [INF] Now listening on: http://localhost:5008
2025-07-19 22:13:02.139 +05:30 [INF] Application started. Press Ctrl+C to shut down.
2025-07-19 22:13:02.141 +05:30 [INF] Hosting environment: Development
2025-07-19 22:13:02.141 +05:30 [INF] Content root path: C:\Users\Admin\AuthNet\AuthNet
2025-07-19 22:13:04.716 +05:30 [INF] Request starting HTTP/2 GET https://localhost:7165/swagger/index.html - null null
2025-07-19 22:13:05.561 +05:30 [INF] Request finished HTTP/2 GET https://localhost:7165/swagger/index.html - 200 null text/html;charset=utf-8 863.5408ms
2025-07-19 22:13:05.724 +05:30 [INF] Request starting HTTP/2 GET https://localhost:7165/_framework/aspnetcore-browser-refresh.js - null null
2025-07-19 22:13:05.778 +05:30 [INF] Request starting HTTP/2 GET https://localhost:7165/_vs/browserLink - null null
2025-07-19 22:13:05.800 +05:30 [INF] Request finished HTTP/2 GET https://localhost:7165/_framework/aspnetcore-browser-refresh.js - 200 16499 application/javascript; charset=utf-8 75.9339ms
2025-07-19 22:13:05.925 +05:30 [INF] Request starting HTTP/1.1 GET https://localhost:7165/api/Sales/DailyProfit - null null
2025-07-19 22:13:05.934 +05:30 [INF] Request finished HTTP/2 GET https://localhost:7165/_vs/browserLink - 200 null text/javascript; charset=UTF-8 156.3104ms
2025-07-19 22:13:06.153 +05:30 [INF] Executing endpoint 'AuthNet.Controllers.SalesController.GetDailyProfit (AuthNet)'
2025-07-19 22:13:06.209 +05:30 [INF] Route matched with {action = "GetDailyProfit", controller = "Sales"}. Executing controller action with signature System.Threading.Tasks.Task`1[Microsoft.AspNetCore.Mvc.IActionResult] GetDailyProfit() on controller AuthNet.Controllers.SalesController (AuthNet).
2025-07-19 22:13:06.294 +05:30 [INF] Request starting HTTP/2 GET https://localhost:7165/swagger/v1/swagger.json - null null
2025-07-19 22:13:06.490 +05:30 [INF] Request finished HTTP/2 GET https://localhost:7165/swagger/v1/swagger.json - 200 null application/json;charset=utf-8 195.3942ms
2025-07-19 22:13:08.323 +05:30 [WRN] No store type was specified for the decimal property 'TotalAmount' on entity type 'Order'. This will cause values to be silently truncated if they do not fit in the default precision and scale. Explicitly specify the SQL server column type that can accommodate all the values in 'OnModelCreating' using 'HasColumnType', specify precision and scale using 'HasPrecision', or configure a value converter using 'HasConversion'.
2025-07-19 22:13:08.324 +05:30 [WRN] No store type was specified for the decimal property 'UnitPrice' on entity type 'OrderItem'. This will cause values to be silently truncated if they do not fit in the default precision and scale. Explicitly specify the SQL server column type that can accommodate all the values in 'OnModelCreating' using 'HasColumnType', specify precision and scale using 'HasPrecision', or configure a value converter using 'HasConversion'.
2025-07-19 22:13:08.324 +05:30 [WRN] No store type was specified for the decimal property 'CostPrice' on entity type 'Product'. This will cause values to be silently truncated if they do not fit in the default precision and scale. Explicitly specify the SQL server column type that can accommodate all the values in 'OnModelCreating' using 'HasColumnType', specify precision and scale using 'HasPrecision', or configure a value converter using 'HasConversion'.
2025-07-19 22:13:08.324 +05:30 [WRN] No store type was specified for the decimal property 'SellPrice' on entity type 'Product'. This will cause values to be silently truncated if they do not fit in the default precision and scale. Explicitly specify the SQL server column type that can accommodate all the values in 'OnModelCreating' using 'HasColumnType', specify precision and scale using 'HasPrecision', or configure a value converter using 'HasConversion'.
2025-07-19 22:13:08.324 +05:30 [WRN] No store type was specified for the decimal property 'TotalAmount' on entity type 'PurchaseOrder'. This will cause values to be silently truncated if they do not fit in the default precision and scale. Explicitly specify the SQL server column type that can accommodate all the values in 'OnModelCreating' using 'HasColumnType', specify precision and scale using 'HasPrecision', or configure a value converter using 'HasConversion'.
2025-07-19 22:13:08.324 +05:30 [WRN] No store type was specified for the decimal property 'UnitPrice' on entity type 'PurchaseOrderItems'. This will cause values to be silently truncated if they do not fit in the default precision and scale. Explicitly specify the SQL server column type that can accommodate all the values in 'OnModelCreating' using 'HasColumnType', specify precision and scale using 'HasPrecision', or configure a value converter using 'HasConversion'.
2025-07-19 22:13:08.324 +05:30 [WRN] No store type was specified for the decimal property 'AfterTaxAmount' on entity type 'Sale'. This will cause values to be silently truncated if they do not fit in the default precision and scale. Explicitly specify the SQL server column type that can accommodate all the values in 'OnModelCreating' using 'HasColumnType', specify precision and scale using 'HasPrecision', or configure a value converter using 'HasConversion'.
2025-07-19 22:13:08.325 +05:30 [WRN] No store type was specified for the decimal property 'DiscountedAmount' on entity type 'Sale'. This will cause values to be silently truncated if they do not fit in the default precision and scale. Explicitly specify the SQL server column type that can accommodate all the values in 'OnModelCreating' using 'HasColumnType', specify precision and scale using 'HasPrecision', or configure a value converter using 'HasConversion'.
2025-07-19 22:13:08.325 +05:30 [WRN] No store type was specified for the decimal property 'PrincipalAmount' on entity type 'Sale'. This will cause values to be silently truncated if they do not fit in the default precision and scale. Explicitly specify the SQL server column type that can accommodate all the values in 'OnModelCreating' using 'HasColumnType', specify precision and scale using 'HasPrecision', or configure a value converter using 'HasConversion'.
2025-07-19 22:13:08.325 +05:30 [WRN] No store type was specified for the decimal property 'TotalAmount' on entity type 'Sale'. This will cause values to be silently truncated if they do not fit in the default precision and scale. Explicitly specify the SQL server column type that can accommodate all the values in 'OnModelCreating' using 'HasColumnType', specify precision and scale using 'HasPrecision', or configure a value converter using 'HasConversion'.
2025-07-19 22:13:08.325 +05:30 [WRN] No store type was specified for the decimal property 'TotalPrice' on entity type 'SaleItem'. This will cause values to be silently truncated if they do not fit in the default precision and scale. Explicitly specify the SQL server column type that can accommodate all the values in 'OnModelCreating' using 'HasColumnType', specify precision and scale using 'HasPrecision', or configure a value converter using 'HasConversion'.
2025-07-19 22:13:08.325 +05:30 [WRN] No store type was specified for the decimal property 'UnitPrice' on entity type 'SaleItem'. This will cause values to be silently truncated if they do not fit in the default precision and scale. Explicitly specify the SQL server column type that can accommodate all the values in 'OnModelCreating' using 'HasColumnType', specify precision and scale using 'HasPrecision', or configure a value converter using 'HasConversion'.
2025-07-19 22:13:08.325 +05:30 [WRN] No store type was specified for the decimal property 'CGST' on entity type 'TaxSetting'. This will cause values to be silently truncated if they do not fit in the default precision and scale. Explicitly specify the SQL server column type that can accommodate all the values in 'OnModelCreating' using 'HasColumnType', specify precision and scale using 'HasPrecision', or configure a value converter using 'HasConversion'.
2025-07-19 22:13:08.325 +05:30 [WRN] No store type was specified for the decimal property 'IGST' on entity type 'TaxSetting'. This will cause values to be silently truncated if they do not fit in the default precision and scale. Explicitly specify the SQL server column type that can accommodate all the values in 'OnModelCreating' using 'HasColumnType', specify precision and scale using 'HasPrecision', or configure a value converter using 'HasConversion'.
2025-07-19 22:13:08.325 +05:30 [WRN] No store type was specified for the decimal property 'SGST' on entity type 'TaxSetting'. This will cause values to be silently truncated if they do not fit in the default precision and scale. Explicitly specify the SQL server column type that can accommodate all the values in 'OnModelCreating' using 'HasColumnType', specify precision and scale using 'HasPrecision', or configure a value converter using 'HasConversion'.
2025-07-19 22:13:09.906 +05:30 [INF] Executed DbCommand (86ms) [Parameters=[@__date_Date_0='?' (DbType = DateTime2)], CommandType='"Text"', CommandTimeout='30']
SELECT [s].[Id], [s].[ProductId], [s].[ProductName], [s].[Quantity], [s].[SaleId], [s].[TotalPrice], [s].[UnitPrice], [s0].[Id], [s0].[AfterTaxAmount], [s0].[CreatedAt], [s0].[DiscountedAmount], [s0].[InvoiceDate], [s0].[InvoiceNo], [s0].[PrincipalAmount], [s0].[Template], [s0].[TotalAmount]
FROM [SaleItems] AS [s]
INNER JOIN [Sales] AS [s0] ON [s].[SaleId] = [s0].[Id]
WHERE CONVERT(date, [s0].[InvoiceDate]) = @__date_Date_0
2025-07-19 22:13:10.190 +05:30 [INF] Executed DbCommand (11ms) [Parameters=[@__productIds_0='?' (Size = 4000)], CommandType='"Text"', CommandTimeout='30']
SELECT [p].[ProductId], [p].[CategoryId], [p].[CostPrice], [p].[Description], [p].[Name], [p].[ProductCode], [p].[ProductKey], [p].[SellPrice], [p].[SupplierId]
FROM [Products] AS [p]
WHERE [p].[ProductId] IN (
    SELECT [p0].[value]
    FROM OPENJSON(@__productIds_0) WITH ([value] int '$') AS [p0]
)
2025-07-19 22:13:10.258 +05:30 [INF] Executing OkObjectResult, writing value of type 'AuthNet.Models.DTO.DailyProfitDto'.
2025-07-19 22:13:10.308 +05:30 [INF] Executed action AuthNet.Controllers.SalesController.GetDailyProfit (AuthNet) in 4092.7378ms
2025-07-19 22:13:10.310 +05:30 [INF] Executed endpoint 'AuthNet.Controllers.SalesController.GetDailyProfit (AuthNet)'
2025-07-19 22:13:10.325 +05:30 [INF] Request finished HTTP/1.1 GET https://localhost:7165/api/Sales/DailyProfit - 200 null application/json; charset=utf-8 4402.7355ms
2025-07-19 22:13:10.352 +05:30 [INF] Request starting HTTP/1.1 GET https://localhost:7165/api/Sales/CurrentMonthProfit - null null
2025-07-19 22:13:10.359 +05:30 [INF] Executing endpoint 'AuthNet.Controllers.SalesController.GetCurrentMonthProfit (AuthNet)'
2025-07-19 22:13:10.363 +05:30 [INF] Route matched with {action = "GetCurrentMonthProfit", controller = "Sales"}. Executing controller action with signature System.Threading.Tasks.Task`1[Microsoft.AspNetCore.Mvc.IActionResult] GetCurrentMonthProfit() on controller AuthNet.Controllers.SalesController (AuthNet).
2025-07-19 22:13:10.405 +05:30 [INF] Executed DbCommand (7ms) [Parameters=[@__currentYear_0='?' (DbType = Int32), @__currentMonth_1='?' (DbType = Int32)], CommandType='"Text"', CommandTimeout='30']
SELECT [s].[Id], [s].[ProductId], [s].[ProductName], [s].[Quantity], [s].[SaleId], [s].[TotalPrice], [s].[UnitPrice], [s0].[Id], [s0].[AfterTaxAmount], [s0].[CreatedAt], [s0].[DiscountedAmount], [s0].[InvoiceDate], [s0].[InvoiceNo], [s0].[PrincipalAmount], [s0].[Template], [s0].[TotalAmount]
FROM [SaleItems] AS [s]
INNER JOIN [Sales] AS [s0] ON [s].[SaleId] = [s0].[Id]
WHERE DATEPART(year, [s0].[InvoiceDate]) = @__currentYear_0 AND DATEPART(month, [s0].[InvoiceDate]) = @__currentMonth_1
2025-07-19 22:13:10.418 +05:30 [INF] Executed DbCommand (7ms) [Parameters=[@__productIds_0='?' (Size = 4000)], CommandType='"Text"', CommandTimeout='30']
SELECT [p].[ProductId], [p].[CategoryId], [p].[CostPrice], [p].[Description], [p].[Name], [p].[ProductCode], [p].[ProductKey], [p].[SellPrice], [p].[SupplierId]
FROM [Products] AS [p]
WHERE [p].[ProductId] IN (
    SELECT [p0].[value]
    FROM OPENJSON(@__productIds_0) WITH ([value] int '$') AS [p0]
)
2025-07-19 22:13:10.419 +05:30 [INF] Executing OkObjectResult, writing value of type 'AuthNet.Models.DTO.MonthlyProfitDto'.
2025-07-19 22:13:10.422 +05:30 [INF] Executed action AuthNet.Controllers.SalesController.GetCurrentMonthProfit (AuthNet) in 57.25ms
2025-07-19 22:13:10.422 +05:30 [INF] Executed endpoint 'AuthNet.Controllers.SalesController.GetCurrentMonthProfit (AuthNet)'
2025-07-19 22:13:10.423 +05:30 [INF] Request finished HTTP/1.1 GET https://localhost:7165/api/Sales/CurrentMonthProfit - 200 null application/json; charset=utf-8 70.4251ms
2025-07-19 22:13:10.442 +05:30 [INF] Request starting HTTP/1.1 GET https://localhost:7165/api/Sales/CurrentYearProfit - null null
2025-07-19 22:13:10.445 +05:30 [INF] Executing endpoint 'AuthNet.Controllers.SalesController.GetCurrentYearProfit (AuthNet)'
2025-07-19 22:13:10.454 +05:30 [INF] Route matched with {action = "GetCurrentYearProfit", controller = "Sales"}. Executing controller action with signature System.Threading.Tasks.Task`1[Microsoft.AspNetCore.Mvc.IActionResult] GetCurrentYearProfit() on controller AuthNet.Controllers.SalesController (AuthNet).
2025-07-19 22:13:10.588 +05:30 [INF] Executed DbCommand (7ms) [Parameters=[@__currentYear_0='?' (DbType = Int32)], CommandType='"Text"', CommandTimeout='30']
SELECT [s].[Id], [s].[ProductId], [s].[ProductName], [s].[Quantity], [s].[SaleId], [s].[TotalPrice], [s].[UnitPrice], [s0].[Id], [s0].[AfterTaxAmount], [s0].[CreatedAt], [s0].[DiscountedAmount], [s0].[InvoiceDate], [s0].[InvoiceNo], [s0].[PrincipalAmount], [s0].[Template], [s0].[TotalAmount]
FROM [SaleItems] AS [s]
INNER JOIN [Sales] AS [s0] ON [s].[SaleId] = [s0].[Id]
WHERE DATEPART(year, [s0].[InvoiceDate]) = @__currentYear_0
2025-07-19 22:13:10.595 +05:30 [INF] Executed DbCommand (5ms) [Parameters=[@__productIds_0='?' (Size = 4000)], CommandType='"Text"', CommandTimeout='30']
SELECT [p].[ProductId], [p].[CategoryId], [p].[CostPrice], [p].[Description], [p].[Name], [p].[ProductCode], [p].[ProductKey], [p].[SellPrice], [p].[SupplierId]
FROM [Products] AS [p]
WHERE [p].[ProductId] IN (
    SELECT [p0].[value]
    FROM OPENJSON(@__productIds_0) WITH ([value] int '$') AS [p0]
)
2025-07-19 22:13:10.596 +05:30 [INF] Executing OkObjectResult, writing value of type 'AuthNet.Models.DTO.YearlyProfitDto'.
2025-07-19 22:13:10.598 +05:30 [INF] Executed action AuthNet.Controllers.SalesController.GetCurrentYearProfit (AuthNet) in 143.7163ms
2025-07-19 22:13:10.598 +05:30 [INF] Executed endpoint 'AuthNet.Controllers.SalesController.GetCurrentYearProfit (AuthNet)'
2025-07-19 22:13:10.598 +05:30 [INF] Request finished HTTP/1.1 GET https://localhost:7165/api/Sales/CurrentYearProfit - 200 null application/json; charset=utf-8 157.1273ms
2025-07-19 22:13:10.611 +05:30 [INF] Request starting HTTP/1.1 GET https://localhost:7165/api/Tasks - null null
2025-07-19 22:13:10.612 +05:30 [INF] Executing endpoint 'AuthNet.Controllers.TasksController.GetTasks (AuthNet)'
2025-07-19 22:13:10.615 +05:30 [INF] Route matched with {action = "GetTasks", controller = "Tasks"}. Executing controller action with signature Microsoft.AspNetCore.Mvc.IActionResult GetTasks() on controller AuthNet.Controllers.TasksController (AuthNet).
2025-07-19 22:13:10.638 +05:30 [INF] Executed DbCommand (4ms) [Parameters=[], CommandType='"Text"', CommandTimeout='30']
SELECT [t].[Id], [t].[Title], [t].[DueDate]
FROM [Tasks] AS [t]
2025-07-19 22:13:10.642 +05:30 [INF] Executing OkObjectResult, writing value of type 'System.Collections.Generic.List`1[[AuthNet.Models.DTO.TaskItemDto, AuthNet, Version=1.0.0.0, Culture=neutral, PublicKeyToken=null]]'.
2025-07-19 22:13:10.646 +05:30 [INF] Executed action AuthNet.Controllers.TasksController.GetTasks (AuthNet) in 30.6678ms
2025-07-19 22:13:10.646 +05:30 [INF] Executed endpoint 'AuthNet.Controllers.TasksController.GetTasks (AuthNet)'
2025-07-19 22:13:10.647 +05:30 [INF] Request finished HTTP/1.1 GET https://localhost:7165/api/Tasks - 200 null application/json; charset=utf-8 35.8713ms
2025-07-19 22:13:10.664 +05:30 [INF] Request starting HTTP/1.1 GET https://localhost:7165/api/Settings/Get - null null
2025-07-19 22:13:10.665 +05:30 [INF] Executing endpoint 'AuthNet.Controllers.SettingsController.GetCompanyInfo (AuthNet)'
2025-07-19 22:13:10.671 +05:30 [INF] Route matched with {action = "GetCompanyInfo", controller = "Settings"}. Executing controller action with signature System.Threading.Tasks.Task`1[Microsoft.AspNetCore.Mvc.IActionResult] GetCompanyInfo() on controller AuthNet.Controllers.SettingsController (AuthNet).
2025-07-19 22:13:10.707 +05:30 [WRN] The query uses the 'First'/'FirstOrDefault' operator without 'OrderBy' and filter operators. This may lead to unpredictable results.
2025-07-19 22:13:10.728 +05:30 [INF] Executed DbCommand (7ms) [Parameters=[], CommandType='"Text"', CommandTimeout='30']
SELECT TOP(1) [c].[Id], [c].[Address], [c].[ContactNumber], [c].[Email], [c].[GSTIN], [c].[LogoFileExtension], [c].[LogoFilePath], [c].[LogoFileSizeInBytes], [c].[LogoName], [c].[Name], [c].[SignFileExtension], [c].[SignFilePath], [c].[SignFileSizeInBytes], [c].[SignName]
FROM [CompanyInfos] AS [c]
2025-07-19 22:13:10.786 +05:30 [INF] Executing OkObjectResult, writing value of type 'AuthNet.Models.DTO.CompanyInfoResponseDto'.
2025-07-19 22:13:10.789 +05:30 [INF] Executed action AuthNet.Controllers.SettingsController.GetCompanyInfo (AuthNet) in 117.3934ms
2025-07-19 22:13:10.789 +05:30 [INF] Executed endpoint 'AuthNet.Controllers.SettingsController.GetCompanyInfo (AuthNet)'
2025-07-19 22:13:10.789 +05:30 [INF] Request finished HTTP/1.1 GET https://localhost:7165/api/Settings/Get - 200 null application/json; charset=utf-8 125.2383ms
2025-07-19 22:13:11.619 +05:30 [INF] Request starting HTTP/2 GET https://localhost:7165/api/Sales/WeeklyProfit - null null
2025-07-19 22:13:11.622 +05:30 [INF] CORS policy execution successful.
2025-07-19 22:13:11.624 +05:30 [INF] Executing endpoint 'AuthNet.Controllers.SalesController.GetWeeklyProfit (AuthNet)'
2025-07-19 22:13:11.632 +05:30 [INF] Route matched with {action = "GetWeeklyProfit", controller = "Sales"}. Executing controller action with signature System.Threading.Tasks.Task`1[Microsoft.AspNetCore.Mvc.IActionResult] GetWeeklyProfit() on controller AuthNet.Controllers.SalesController (AuthNet).
2025-07-19 22:13:11.660 +05:30 [INF] Executed DbCommand (7ms) [Parameters=[@__startDate_0='?' (DbType = DateTime2), @__endDate_1='?' (DbType = DateTime2)], CommandType='"Text"', CommandTimeout='30']
SELECT [s].[Id], [s].[ProductId], [s].[ProductName], [s].[Quantity], [s].[SaleId], [s].[TotalPrice], [s].[UnitPrice], [s0].[Id], [s0].[AfterTaxAmount], [s0].[CreatedAt], [s0].[DiscountedAmount], [s0].[InvoiceDate], [s0].[InvoiceNo], [s0].[PrincipalAmount], [s0].[Template], [s0].[TotalAmount]
FROM [SaleItems] AS [s]
INNER JOIN [Sales] AS [s0] ON [s].[SaleId] = [s0].[Id]
WHERE CONVERT(date, [s0].[InvoiceDate]) >= @__startDate_0 AND CONVERT(date, [s0].[InvoiceDate]) <= @__endDate_1
2025-07-19 22:13:11.672 +05:30 [INF] Executed DbCommand (7ms) [Parameters=[@__productIds_0='?' (Size = 4000)], CommandType='"Text"', CommandTimeout='30']
SELECT [p].[ProductId], [p].[CategoryId], [p].[CostPrice], [p].[Description], [p].[Name], [p].[ProductCode], [p].[ProductKey], [p].[SellPrice], [p].[SupplierId]
FROM [Products] AS [p]
WHERE [p].[ProductId] IN (
    SELECT [p0].[value]
    FROM OPENJSON(@__productIds_0) WITH ([value] int '$') AS [p0]
)
2025-07-19 22:13:11.687 +05:30 [INF] Executing OkObjectResult, writing value of type 'System.Collections.Generic.List`1[[AuthNet.Models.DTO.DailyProfitDto, AuthNet, Version=1.0.0.0, Culture=neutral, PublicKeyToken=null]]'.
2025-07-19 22:13:11.689 +05:30 [INF] Executed action AuthNet.Controllers.SalesController.GetWeeklyProfit (AuthNet) in 56.6388ms
2025-07-19 22:13:11.689 +05:30 [INF] Executed endpoint 'AuthNet.Controllers.SalesController.GetWeeklyProfit (AuthNet)'
2025-07-19 22:13:11.689 +05:30 [INF] Request finished HTTP/2 GET https://localhost:7165/api/Sales/WeeklyProfit - 200 null application/json; charset=utf-8 70.8722ms
2025-07-19 22:13:15.366 +05:30 [INF] Request starting HTTP/1.1 POST https://localhost:7165/api/Auth/login - application/json; charset=utf-8 null
2025-07-19 22:13:15.368 +05:30 [INF] Executing endpoint 'AuthNet.Controllers.AuthController.Login (AuthNet)'
2025-07-19 22:13:15.384 +05:30 [INF] Route matched with {action = "Login", controller = "Auth"}. Executing controller action with signature System.Threading.Tasks.Task`1[Microsoft.AspNetCore.Mvc.IActionResult] Login(AuthNet.Models.DTO.LoginDto) on controller AuthNet.Controllers.AuthController (AuthNet).
2025-07-19 22:13:15.490 +05:30 [INF] Executed DbCommand (6ms) [Parameters=[@__username_0='?' (Size = 100)], CommandType='"Text"', CommandTimeout='30']
SELECT TOP(1) [u].[UserId], [u].[CreatedAt], [u].[Email], [u].[Firstname], [u].[Lastname], [u].[PasswordHash], [u].[Role], [u].[Username]
FROM [Users] AS [u]
WHERE [u].[Username] = @__username_0
2025-07-19 22:13:16.245 +05:30 [INF] Executing OkObjectResult, writing value of type 'AuthNet.Models.DTO.ServiceResponse`1[[AuthNet.Models.DTO.LoginResponseDto, AuthNet, Version=1.0.0.0, Culture=neutral, PublicKeyToken=null]]'.
2025-07-19 22:13:16.253 +05:30 [INF] Executed action AuthNet.Controllers.AuthController.Login (AuthNet) in 868.2091ms
2025-07-19 22:13:16.253 +05:30 [INF] Executed endpoint 'AuthNet.Controllers.AuthController.Login (AuthNet)'
2025-07-19 22:13:16.254 +05:30 [INF] Request finished HTTP/1.1 POST https://localhost:7165/api/Auth/login - 200 null application/json; charset=utf-8 888.3742ms
2025-07-19 22:13:16.287 +05:30 [INF] Request starting HTTP/1.1 GET https://localhost:7165/api/Sales/DailyProfit - null null
2025-07-19 22:13:16.288 +05:30 [INF] Executing endpoint 'AuthNet.Controllers.SalesController.GetDailyProfit (AuthNet)'
2025-07-19 22:13:16.288 +05:30 [INF] Route matched with {action = "GetDailyProfit", controller = "Sales"}. Executing controller action with signature System.Threading.Tasks.Task`1[Microsoft.AspNetCore.Mvc.IActionResult] GetDailyProfit() on controller AuthNet.Controllers.SalesController (AuthNet).
2025-07-19 22:13:16.298 +05:30 [INF] Executed DbCommand (7ms) [Parameters=[@__date_Date_0='?' (DbType = DateTime2)], CommandType='"Text"', CommandTimeout='30']
SELECT [s].[Id], [s].[ProductId], [s].[ProductName], [s].[Quantity], [s].[SaleId], [s].[TotalPrice], [s].[UnitPrice], [s0].[Id], [s0].[AfterTaxAmount], [s0].[CreatedAt], [s0].[DiscountedAmount], [s0].[InvoiceDate], [s0].[InvoiceNo], [s0].[PrincipalAmount], [s0].[Template], [s0].[TotalAmount]
FROM [SaleItems] AS [s]
INNER JOIN [Sales] AS [s0] ON [s].[SaleId] = [s0].[Id]
WHERE CONVERT(date, [s0].[InvoiceDate]) = @__date_Date_0
2025-07-19 22:13:16.305 +05:30 [INF] Executed DbCommand (6ms) [Parameters=[@__productIds_0='?' (Size = 4000)], CommandType='"Text"', CommandTimeout='30']
SELECT [p].[ProductId], [p].[CategoryId], [p].[CostPrice], [p].[Description], [p].[Name], [p].[ProductCode], [p].[ProductKey], [p].[SellPrice], [p].[SupplierId]
FROM [Products] AS [p]
WHERE [p].[ProductId] IN (
    SELECT [p0].[value]
    FROM OPENJSON(@__productIds_0) WITH ([value] int '$') AS [p0]
)
2025-07-19 22:13:16.306 +05:30 [INF] Executing OkObjectResult, writing value of type 'AuthNet.Models.DTO.DailyProfitDto'.
2025-07-19 22:13:16.306 +05:30 [INF] Executed action AuthNet.Controllers.SalesController.GetDailyProfit (AuthNet) in 18.2297ms
2025-07-19 22:13:16.307 +05:30 [INF] Executed endpoint 'AuthNet.Controllers.SalesController.GetDailyProfit (AuthNet)'
2025-07-19 22:13:16.307 +05:30 [INF] Request finished HTTP/1.1 GET https://localhost:7165/api/Sales/DailyProfit - 200 null application/json; charset=utf-8 20.5386ms
2025-07-19 22:13:16.341 +05:30 [INF] Request starting HTTP/1.1 GET https://localhost:7165/api/Sales/CurrentMonthProfit - null null
2025-07-19 22:13:16.341 +05:30 [INF] Executing endpoint 'AuthNet.Controllers.SalesController.GetCurrentMonthProfit (AuthNet)'
2025-07-19 22:13:16.342 +05:30 [INF] Route matched with {action = "GetCurrentMonthProfit", controller = "Sales"}. Executing controller action with signature System.Threading.Tasks.Task`1[Microsoft.AspNetCore.Mvc.IActionResult] GetCurrentMonthProfit() on controller AuthNet.Controllers.SalesController (AuthNet).
2025-07-19 22:13:16.351 +05:30 [INF] Executed DbCommand (8ms) [Parameters=[@__currentYear_0='?' (DbType = Int32), @__currentMonth_1='?' (DbType = Int32)], CommandType='"Text"', CommandTimeout='30']
SELECT [s].[Id], [s].[ProductId], [s].[ProductName], [s].[Quantity], [s].[SaleId], [s].[TotalPrice], [s].[UnitPrice], [s0].[Id], [s0].[AfterTaxAmount], [s0].[CreatedAt], [s0].[DiscountedAmount], [s0].[InvoiceDate], [s0].[InvoiceNo], [s0].[PrincipalAmount], [s0].[Template], [s0].[TotalAmount]
FROM [SaleItems] AS [s]
INNER JOIN [Sales] AS [s0] ON [s].[SaleId] = [s0].[Id]
WHERE DATEPART(year, [s0].[InvoiceDate]) = @__currentYear_0 AND DATEPART(month, [s0].[InvoiceDate]) = @__currentMonth_1
2025-07-19 22:13:16.357 +05:30 [INF] Executed DbCommand (4ms) [Parameters=[@__productIds_0='?' (Size = 4000)], CommandType='"Text"', CommandTimeout='30']
SELECT [p].[ProductId], [p].[CategoryId], [p].[CostPrice], [p].[Description], [p].[Name], [p].[ProductCode], [p].[ProductKey], [p].[SellPrice], [p].[SupplierId]
FROM [Products] AS [p]
WHERE [p].[ProductId] IN (
    SELECT [p0].[value]
    FROM OPENJSON(@__productIds_0) WITH ([value] int '$') AS [p0]
)
2025-07-19 22:13:16.358 +05:30 [INF] Executing OkObjectResult, writing value of type 'AuthNet.Models.DTO.MonthlyProfitDto'.
2025-07-19 22:13:16.358 +05:30 [INF] Executed action AuthNet.Controllers.SalesController.GetCurrentMonthProfit (AuthNet) in 16.6429ms
2025-07-19 22:13:16.358 +05:30 [INF] Executed endpoint 'AuthNet.Controllers.SalesController.GetCurrentMonthProfit (AuthNet)'
2025-07-19 22:13:16.359 +05:30 [INF] Request finished HTTP/1.1 GET https://localhost:7165/api/Sales/CurrentMonthProfit - 200 null application/json; charset=utf-8 18.3145ms
2025-07-19 22:13:16.370 +05:30 [INF] Request starting HTTP/1.1 GET https://localhost:7165/api/Sales/CurrentYearProfit - null null
2025-07-19 22:13:16.371 +05:30 [INF] Executing endpoint 'AuthNet.Controllers.SalesController.GetCurrentYearProfit (AuthNet)'
2025-07-19 22:13:16.371 +05:30 [INF] Route matched with {action = "GetCurrentYearProfit", controller = "Sales"}. Executing controller action with signature System.Threading.Tasks.Task`1[Microsoft.AspNetCore.Mvc.IActionResult] GetCurrentYearProfit() on controller AuthNet.Controllers.SalesController (AuthNet).
2025-07-19 22:13:16.377 +05:30 [INF] Executed DbCommand (5ms) [Parameters=[@__currentYear_0='?' (DbType = Int32)], CommandType='"Text"', CommandTimeout='30']
SELECT [s].[Id], [s].[ProductId], [s].[ProductName], [s].[Quantity], [s].[SaleId], [s].[TotalPrice], [s].[UnitPrice], [s0].[Id], [s0].[AfterTaxAmount], [s0].[CreatedAt], [s0].[DiscountedAmount], [s0].[InvoiceDate], [s0].[InvoiceNo], [s0].[PrincipalAmount], [s0].[Template], [s0].[TotalAmount]
FROM [SaleItems] AS [s]
INNER JOIN [Sales] AS [s0] ON [s].[SaleId] = [s0].[Id]
WHERE DATEPART(year, [s0].[InvoiceDate]) = @__currentYear_0
2025-07-19 22:13:16.380 +05:30 [INF] Executed DbCommand (2ms) [Parameters=[@__productIds_0='?' (Size = 4000)], CommandType='"Text"', CommandTimeout='30']
SELECT [p].[ProductId], [p].[CategoryId], [p].[CostPrice], [p].[Description], [p].[Name], [p].[ProductCode], [p].[ProductKey], [p].[SellPrice], [p].[SupplierId]
FROM [Products] AS [p]
WHERE [p].[ProductId] IN (
    SELECT [p0].[value]
    FROM OPENJSON(@__productIds_0) WITH ([value] int '$') AS [p0]
)
2025-07-19 22:13:16.381 +05:30 [INF] Executing OkObjectResult, writing value of type 'AuthNet.Models.DTO.YearlyProfitDto'.
2025-07-19 22:13:16.382 +05:30 [INF] Executed action AuthNet.Controllers.SalesController.GetCurrentYearProfit (AuthNet) in 10.5775ms
2025-07-19 22:13:16.382 +05:30 [INF] Executed endpoint 'AuthNet.Controllers.SalesController.GetCurrentYearProfit (AuthNet)'
2025-07-19 22:13:16.382 +05:30 [INF] Request finished HTTP/1.1 GET https://localhost:7165/api/Sales/CurrentYearProfit - 200 null application/json; charset=utf-8 12.0134ms
2025-07-19 22:13:16.393 +05:30 [INF] Request starting HTTP/1.1 GET https://localhost:7165/api/Tasks - null null
2025-07-19 22:13:16.394 +05:30 [INF] Executing endpoint 'AuthNet.Controllers.TasksController.GetTasks (AuthNet)'
2025-07-19 22:13:16.394 +05:30 [INF] Route matched with {action = "GetTasks", controller = "Tasks"}. Executing controller action with signature Microsoft.AspNetCore.Mvc.IActionResult GetTasks() on controller AuthNet.Controllers.TasksController (AuthNet).
2025-07-19 22:13:16.400 +05:30 [INF] Executed DbCommand (1ms) [Parameters=[], CommandType='"Text"', CommandTimeout='30']
SELECT [t].[Id], [t].[Title], [t].[DueDate]
FROM [Tasks] AS [t]
2025-07-19 22:13:16.400 +05:30 [INF] Executing OkObjectResult, writing value of type 'System.Collections.Generic.List`1[[AuthNet.Models.DTO.TaskItemDto, AuthNet, Version=1.0.0.0, Culture=neutral, PublicKeyToken=null]]'.
2025-07-19 22:13:16.400 +05:30 [INF] Executed action AuthNet.Controllers.TasksController.GetTasks (AuthNet) in 6.6057ms
2025-07-19 22:13:16.401 +05:30 [INF] Executed endpoint 'AuthNet.Controllers.TasksController.GetTasks (AuthNet)'
2025-07-19 22:13:16.401 +05:30 [INF] Request finished HTTP/1.1 GET https://localhost:7165/api/Tasks - 200 null application/json; charset=utf-8 7.7685ms
2025-07-19 22:13:16.412 +05:30 [INF] Request starting HTTP/1.1 GET https://localhost:7165/api/Settings/Get - null null
2025-07-19 22:13:16.414 +05:30 [INF] Executing endpoint 'AuthNet.Controllers.SettingsController.GetCompanyInfo (AuthNet)'
2025-07-19 22:13:16.414 +05:30 [INF] Route matched with {action = "GetCompanyInfo", controller = "Settings"}. Executing controller action with signature System.Threading.Tasks.Task`1[Microsoft.AspNetCore.Mvc.IActionResult] GetCompanyInfo() on controller AuthNet.Controllers.SettingsController (AuthNet).
2025-07-19 22:13:16.420 +05:30 [INF] Executed DbCommand (3ms) [Parameters=[], CommandType='"Text"', CommandTimeout='30']
SELECT TOP(1) [c].[Id], [c].[Address], [c].[ContactNumber], [c].[Email], [c].[GSTIN], [c].[LogoFileExtension], [c].[LogoFilePath], [c].[LogoFileSizeInBytes], [c].[LogoName], [c].[Name], [c].[SignFileExtension], [c].[SignFilePath], [c].[SignFileSizeInBytes], [c].[SignName]
FROM [CompanyInfos] AS [c]
2025-07-19 22:13:16.420 +05:30 [INF] Executing OkObjectResult, writing value of type 'AuthNet.Models.DTO.CompanyInfoResponseDto'.
2025-07-19 22:13:16.421 +05:30 [INF] Executed action AuthNet.Controllers.SettingsController.GetCompanyInfo (AuthNet) in 6.2772ms
2025-07-19 22:13:16.421 +05:30 [INF] Executed endpoint 'AuthNet.Controllers.SettingsController.GetCompanyInfo (AuthNet)'
2025-07-19 22:13:16.421 +05:30 [INF] Request finished HTTP/1.1 GET https://localhost:7165/api/Settings/Get - 200 null application/json; charset=utf-8 9.6634ms
2025-07-19 22:13:16.650 +05:30 [INF] Request starting HTTP/2 GET https://localhost:7165/api/Sales/WeeklyProfit - null null
2025-07-19 22:13:16.651 +05:30 [INF] CORS policy execution successful.
2025-07-19 22:13:16.651 +05:30 [INF] Executing endpoint 'AuthNet.Controllers.SalesController.GetWeeklyProfit (AuthNet)'
2025-07-19 22:13:16.651 +05:30 [INF] Route matched with {action = "GetWeeklyProfit", controller = "Sales"}. Executing controller action with signature System.Threading.Tasks.Task`1[Microsoft.AspNetCore.Mvc.IActionResult] GetWeeklyProfit() on controller AuthNet.Controllers.SalesController (AuthNet).
2025-07-19 22:13:16.672 +05:30 [INF] Executed DbCommand (17ms) [Parameters=[@__startDate_0='?' (DbType = DateTime2), @__endDate_1='?' (DbType = DateTime2)], CommandType='"Text"', CommandTimeout='30']
SELECT [s].[Id], [s].[ProductId], [s].[ProductName], [s].[Quantity], [s].[SaleId], [s].[TotalPrice], [s].[UnitPrice], [s0].[Id], [s0].[AfterTaxAmount], [s0].[CreatedAt], [s0].[DiscountedAmount], [s0].[InvoiceDate], [s0].[InvoiceNo], [s0].[PrincipalAmount], [s0].[Template], [s0].[TotalAmount]
FROM [SaleItems] AS [s]
INNER JOIN [Sales] AS [s0] ON [s].[SaleId] = [s0].[Id]
WHERE CONVERT(date, [s0].[InvoiceDate]) >= @__startDate_0 AND CONVERT(date, [s0].[InvoiceDate]) <= @__endDate_1
2025-07-19 22:13:16.687 +05:30 [INF] Executed DbCommand (12ms) [Parameters=[@__productIds_0='?' (Size = 4000)], CommandType='"Text"', CommandTimeout='30']
SELECT [p].[ProductId], [p].[CategoryId], [p].[CostPrice], [p].[Description], [p].[Name], [p].[ProductCode], [p].[ProductKey], [p].[SellPrice], [p].[SupplierId]
FROM [Products] AS [p]
WHERE [p].[ProductId] IN (
    SELECT [p0].[value]
    FROM OPENJSON(@__productIds_0) WITH ([value] int '$') AS [p0]
)
2025-07-19 22:13:16.688 +05:30 [INF] Executing OkObjectResult, writing value of type 'System.Collections.Generic.List`1[[AuthNet.Models.DTO.DailyProfitDto, AuthNet, Version=1.0.0.0, Culture=neutral, PublicKeyToken=null]]'.
2025-07-19 22:13:16.689 +05:30 [INF] Executed action AuthNet.Controllers.SalesController.GetWeeklyProfit (AuthNet) in 37.4104ms
2025-07-19 22:13:16.689 +05:30 [INF] Executed endpoint 'AuthNet.Controllers.SalesController.GetWeeklyProfit (AuthNet)'
2025-07-19 22:13:16.689 +05:30 [INF] Request finished HTTP/2 GET https://localhost:7165/api/Sales/WeeklyProfit - 200 null application/json; charset=utf-8 43.4687ms
2025-07-19 22:18:49.652 +05:30 [INF] User profile is available. Using 'C:\Users\Admin\AppData\Local\ASP.NET\DataProtection-Keys' as key repository and Windows DPAPI to encrypt keys at rest.
2025-07-19 22:18:50.695 +05:30 [INF] Now listening on: https://localhost:7165
2025-07-19 22:18:50.696 +05:30 [INF] Now listening on: http://localhost:5008
2025-07-19 22:18:51.008 +05:30 [INF] Application started. Press Ctrl+C to shut down.
2025-07-19 22:18:51.008 +05:30 [INF] Hosting environment: Development
2025-07-19 22:18:51.009 +05:30 [INF] Content root path: C:\Users\Admin\AuthNet\AuthNet
2025-07-19 22:18:52.054 +05:30 [INF] Request starting HTTP/2 GET https://localhost:7165/swagger/index.html - null null
2025-07-19 22:18:52.668 +05:30 [INF] Request finished HTTP/2 GET https://localhost:7165/swagger/index.html - 200 null text/html;charset=utf-8 639.1337ms
2025-07-19 22:18:52.673 +05:30 [INF] Request starting HTTP/2 GET https://localhost:7165/_framework/aspnetcore-browser-refresh.js - null null
2025-07-19 22:18:52.675 +05:30 [INF] Request starting HTTP/2 GET https://localhost:7165/_vs/browserLink - null null
2025-07-19 22:18:52.690 +05:30 [INF] Request finished HTTP/2 GET https://localhost:7165/_framework/aspnetcore-browser-refresh.js - 200 16499 application/javascript; charset=utf-8 17.6747ms
2025-07-19 22:18:52.845 +05:30 [INF] Request starting HTTP/1.1 GET https://localhost:7165/api/Sales/DailyProfit - null null
2025-07-19 22:18:52.857 +05:30 [INF] Request finished HTTP/2 GET https://localhost:7165/_vs/browserLink - 200 null text/javascript; charset=UTF-8 182.8998ms
2025-07-19 22:18:53.239 +05:30 [INF] Request starting HTTP/2 GET https://localhost:7165/swagger/v1/swagger.json - null null
2025-07-19 22:18:53.422 +05:30 [INF] Executing endpoint 'AuthNet.Controllers.SalesController.GetDailyProfit (AuthNet)'
2025-07-19 22:18:53.425 +05:30 [INF] Request finished HTTP/2 GET https://localhost:7165/swagger/v1/swagger.json - 200 null application/json;charset=utf-8 191.1977ms
2025-07-19 22:18:53.520 +05:30 [INF] Route matched with {action = "GetDailyProfit", controller = "Sales"}. Executing controller action with signature System.Threading.Tasks.Task`1[Microsoft.AspNetCore.Mvc.IActionResult] GetDailyProfit() on controller AuthNet.Controllers.SalesController (AuthNet).
2025-07-19 22:18:55.461 +05:30 [WRN] No store type was specified for the decimal property 'TotalAmount' on entity type 'Order'. This will cause values to be silently truncated if they do not fit in the default precision and scale. Explicitly specify the SQL server column type that can accommodate all the values in 'OnModelCreating' using 'HasColumnType', specify precision and scale using 'HasPrecision', or configure a value converter using 'HasConversion'.
2025-07-19 22:18:55.461 +05:30 [WRN] No store type was specified for the decimal property 'UnitPrice' on entity type 'OrderItem'. This will cause values to be silently truncated if they do not fit in the default precision and scale. Explicitly specify the SQL server column type that can accommodate all the values in 'OnModelCreating' using 'HasColumnType', specify precision and scale using 'HasPrecision', or configure a value converter using 'HasConversion'.
2025-07-19 22:18:55.461 +05:30 [WRN] No store type was specified for the decimal property 'CostPrice' on entity type 'Product'. This will cause values to be silently truncated if they do not fit in the default precision and scale. Explicitly specify the SQL server column type that can accommodate all the values in 'OnModelCreating' using 'HasColumnType', specify precision and scale using 'HasPrecision', or configure a value converter using 'HasConversion'.
2025-07-19 22:18:55.461 +05:30 [WRN] No store type was specified for the decimal property 'SellPrice' on entity type 'Product'. This will cause values to be silently truncated if they do not fit in the default precision and scale. Explicitly specify the SQL server column type that can accommodate all the values in 'OnModelCreating' using 'HasColumnType', specify precision and scale using 'HasPrecision', or configure a value converter using 'HasConversion'.
2025-07-19 22:18:55.461 +05:30 [WRN] No store type was specified for the decimal property 'TotalAmount' on entity type 'PurchaseOrder'. This will cause values to be silently truncated if they do not fit in the default precision and scale. Explicitly specify the SQL server column type that can accommodate all the values in 'OnModelCreating' using 'HasColumnType', specify precision and scale using 'HasPrecision', or configure a value converter using 'HasConversion'.
2025-07-19 22:18:55.461 +05:30 [WRN] No store type was specified for the decimal property 'UnitPrice' on entity type 'PurchaseOrderItems'. This will cause values to be silently truncated if they do not fit in the default precision and scale. Explicitly specify the SQL server column type that can accommodate all the values in 'OnModelCreating' using 'HasColumnType', specify precision and scale using 'HasPrecision', or configure a value converter using 'HasConversion'.
2025-07-19 22:18:55.461 +05:30 [WRN] No store type was specified for the decimal property 'AfterTaxAmount' on entity type 'Sale'. This will cause values to be silently truncated if they do not fit in the default precision and scale. Explicitly specify the SQL server column type that can accommodate all the values in 'OnModelCreating' using 'HasColumnType', specify precision and scale using 'HasPrecision', or configure a value converter using 'HasConversion'.
2025-07-19 22:18:55.461 +05:30 [WRN] No store type was specified for the decimal property 'DiscountedAmount' on entity type 'Sale'. This will cause values to be silently truncated if they do not fit in the default precision and scale. Explicitly specify the SQL server column type that can accommodate all the values in 'OnModelCreating' using 'HasColumnType', specify precision and scale using 'HasPrecision', or configure a value converter using 'HasConversion'.
2025-07-19 22:18:55.461 +05:30 [WRN] No store type was specified for the decimal property 'PrincipalAmount' on entity type 'Sale'. This will cause values to be silently truncated if they do not fit in the default precision and scale. Explicitly specify the SQL server column type that can accommodate all the values in 'OnModelCreating' using 'HasColumnType', specify precision and scale using 'HasPrecision', or configure a value converter using 'HasConversion'.
2025-07-19 22:18:55.461 +05:30 [WRN] No store type was specified for the decimal property 'TotalAmount' on entity type 'Sale'. This will cause values to be silently truncated if they do not fit in the default precision and scale. Explicitly specify the SQL server column type that can accommodate all the values in 'OnModelCreating' using 'HasColumnType', specify precision and scale using 'HasPrecision', or configure a value converter using 'HasConversion'.
2025-07-19 22:18:55.461 +05:30 [WRN] No store type was specified for the decimal property 'TotalPrice' on entity type 'SaleItem'. This will cause values to be silently truncated if they do not fit in the default precision and scale. Explicitly specify the SQL server column type that can accommodate all the values in 'OnModelCreating' using 'HasColumnType', specify precision and scale using 'HasPrecision', or configure a value converter using 'HasConversion'.
2025-07-19 22:18:55.461 +05:30 [WRN] No store type was specified for the decimal property 'UnitPrice' on entity type 'SaleItem'. This will cause values to be silently truncated if they do not fit in the default precision and scale. Explicitly specify the SQL server column type that can accommodate all the values in 'OnModelCreating' using 'HasColumnType', specify precision and scale using 'HasPrecision', or configure a value converter using 'HasConversion'.
2025-07-19 22:18:55.461 +05:30 [WRN] No store type was specified for the decimal property 'CGST' on entity type 'TaxSetting'. This will cause values to be silently truncated if they do not fit in the default precision and scale. Explicitly specify the SQL server column type that can accommodate all the values in 'OnModelCreating' using 'HasColumnType', specify precision and scale using 'HasPrecision', or configure a value converter using 'HasConversion'.
2025-07-19 22:18:55.462 +05:30 [WRN] No store type was specified for the decimal property 'IGST' on entity type 'TaxSetting'. This will cause values to be silently truncated if they do not fit in the default precision and scale. Explicitly specify the SQL server column type that can accommodate all the values in 'OnModelCreating' using 'HasColumnType', specify precision and scale using 'HasPrecision', or configure a value converter using 'HasConversion'.
2025-07-19 22:18:55.462 +05:30 [WRN] No store type was specified for the decimal property 'SGST' on entity type 'TaxSetting'. This will cause values to be silently truncated if they do not fit in the default precision and scale. Explicitly specify the SQL server column type that can accommodate all the values in 'OnModelCreating' using 'HasColumnType', specify precision and scale using 'HasPrecision', or configure a value converter using 'HasConversion'.
2025-07-19 22:18:56.731 +05:30 [INF] Executed DbCommand (98ms) [Parameters=[@__date_Date_0='?' (DbType = DateTime2)], CommandType='"Text"', CommandTimeout='30']
SELECT [s].[Id], [s].[ProductId], [s].[ProductName], [s].[Quantity], [s].[SaleId], [s].[TotalPrice], [s].[UnitPrice], [s0].[Id], [s0].[AfterTaxAmount], [s0].[CreatedAt], [s0].[DiscountedAmount], [s0].[InvoiceDate], [s0].[InvoiceNo], [s0].[PrincipalAmount], [s0].[Template], [s0].[TotalAmount]
FROM [SaleItems] AS [s]
INNER JOIN [Sales] AS [s0] ON [s].[SaleId] = [s0].[Id]
WHERE CONVERT(date, [s0].[InvoiceDate]) = @__date_Date_0
2025-07-19 22:18:57.041 +05:30 [INF] Executed DbCommand (20ms) [Parameters=[@__productIds_0='?' (Size = 4000)], CommandType='"Text"', CommandTimeout='30']
SELECT [p].[ProductId], [p].[CategoryId], [p].[CostPrice], [p].[Description], [p].[Name], [p].[ProductCode], [p].[ProductKey], [p].[SellPrice], [p].[SupplierId]
FROM [Products] AS [p]
WHERE [p].[ProductId] IN (
    SELECT [p0].[value]
    FROM OPENJSON(@__productIds_0) WITH ([value] int '$') AS [p0]
)
2025-07-19 22:18:57.090 +05:30 [INF] Executing OkObjectResult, writing value of type 'AuthNet.Models.DTO.DailyProfitDto'.
2025-07-19 22:18:57.127 +05:30 [INF] Executed action AuthNet.Controllers.SalesController.GetDailyProfit (AuthNet) in 3601.5553ms
2025-07-19 22:18:57.128 +05:30 [INF] Executed endpoint 'AuthNet.Controllers.SalesController.GetDailyProfit (AuthNet)'
2025-07-19 22:18:57.146 +05:30 [INF] Request finished HTTP/1.1 GET https://localhost:7165/api/Sales/DailyProfit - 200 null application/json; charset=utf-8 4302.5828ms
2025-07-19 22:18:57.184 +05:30 [INF] Request starting HTTP/1.1 GET https://localhost:7165/api/Sales/CurrentMonthProfit - null null
2025-07-19 22:18:57.192 +05:30 [INF] Executing endpoint 'AuthNet.Controllers.SalesController.GetCurrentMonthProfit (AuthNet)'
2025-07-19 22:18:57.199 +05:30 [INF] Route matched with {action = "GetCurrentMonthProfit", controller = "Sales"}. Executing controller action with signature System.Threading.Tasks.Task`1[Microsoft.AspNetCore.Mvc.IActionResult] GetCurrentMonthProfit() on controller AuthNet.Controllers.SalesController (AuthNet).
2025-07-19 22:18:57.264 +05:30 [INF] Executed DbCommand (8ms) [Parameters=[@__currentYear_0='?' (DbType = Int32), @__currentMonth_1='?' (DbType = Int32)], CommandType='"Text"', CommandTimeout='30']
SELECT [s].[Id], [s].[ProductId], [s].[ProductName], [s].[Quantity], [s].[SaleId], [s].[TotalPrice], [s].[UnitPrice], [s0].[Id], [s0].[AfterTaxAmount], [s0].[CreatedAt], [s0].[DiscountedAmount], [s0].[InvoiceDate], [s0].[InvoiceNo], [s0].[PrincipalAmount], [s0].[Template], [s0].[TotalAmount]
FROM [SaleItems] AS [s]
INNER JOIN [Sales] AS [s0] ON [s].[SaleId] = [s0].[Id]
WHERE DATEPART(year, [s0].[InvoiceDate]) = @__currentYear_0 AND DATEPART(month, [s0].[InvoiceDate]) = @__currentMonth_1
2025-07-19 22:18:57.281 +05:30 [INF] Executed DbCommand (11ms) [Parameters=[@__productIds_0='?' (Size = 4000)], CommandType='"Text"', CommandTimeout='30']
SELECT [p].[ProductId], [p].[CategoryId], [p].[CostPrice], [p].[Description], [p].[Name], [p].[ProductCode], [p].[ProductKey], [p].[SellPrice], [p].[SupplierId]
FROM [Products] AS [p]
WHERE [p].[ProductId] IN (
    SELECT [p0].[value]
    FROM OPENJSON(@__productIds_0) WITH ([value] int '$') AS [p0]
)
2025-07-19 22:18:57.284 +05:30 [INF] Executing OkObjectResult, writing value of type 'AuthNet.Models.DTO.MonthlyProfitDto'.
2025-07-19 22:18:57.287 +05:30 [INF] Executed action AuthNet.Controllers.SalesController.GetCurrentMonthProfit (AuthNet) in 87.6987ms
2025-07-19 22:18:57.287 +05:30 [INF] Executed endpoint 'AuthNet.Controllers.SalesController.GetCurrentMonthProfit (AuthNet)'
2025-07-19 22:18:57.288 +05:30 [INF] Request finished HTTP/1.1 GET https://localhost:7165/api/Sales/CurrentMonthProfit - 200 null application/json; charset=utf-8 103.4606ms
2025-07-19 22:18:57.307 +05:30 [INF] Request starting HTTP/1.1 GET https://localhost:7165/api/Sales/CurrentYearProfit - null null
2025-07-19 22:18:57.310 +05:30 [INF] Executing endpoint 'AuthNet.Controllers.SalesController.GetCurrentYearProfit (AuthNet)'
2025-07-19 22:18:57.314 +05:30 [INF] Route matched with {action = "GetCurrentYearProfit", controller = "Sales"}. Executing controller action with signature System.Threading.Tasks.Task`1[Microsoft.AspNetCore.Mvc.IActionResult] GetCurrentYearProfit() on controller AuthNet.Controllers.SalesController (AuthNet).
2025-07-19 22:18:57.418 +05:30 [INF] Executed DbCommand (7ms) [Parameters=[@__currentYear_0='?' (DbType = Int32)], CommandType='"Text"', CommandTimeout='30']
SELECT [s].[Id], [s].[ProductId], [s].[ProductName], [s].[Quantity], [s].[SaleId], [s].[TotalPrice], [s].[UnitPrice], [s0].[Id], [s0].[AfterTaxAmount], [s0].[CreatedAt], [s0].[DiscountedAmount], [s0].[InvoiceDate], [s0].[InvoiceNo], [s0].[PrincipalAmount], [s0].[Template], [s0].[TotalAmount]
FROM [SaleItems] AS [s]
INNER JOIN [Sales] AS [s0] ON [s].[SaleId] = [s0].[Id]
WHERE DATEPART(year, [s0].[InvoiceDate]) = @__currentYear_0
2025-07-19 22:18:57.424 +05:30 [INF] Executed DbCommand (4ms) [Parameters=[@__productIds_0='?' (Size = 4000)], CommandType='"Text"', CommandTimeout='30']
SELECT [p].[ProductId], [p].[CategoryId], [p].[CostPrice], [p].[Description], [p].[Name], [p].[ProductCode], [p].[ProductKey], [p].[SellPrice], [p].[SupplierId]
FROM [Products] AS [p]
WHERE [p].[ProductId] IN (
    SELECT [p0].[value]
    FROM OPENJSON(@__productIds_0) WITH ([value] int '$') AS [p0]
)
2025-07-19 22:18:57.425 +05:30 [INF] Executing OkObjectResult, writing value of type 'AuthNet.Models.DTO.YearlyProfitDto'.
2025-07-19 22:18:57.427 +05:30 [INF] Executed action AuthNet.Controllers.SalesController.GetCurrentYearProfit (AuthNet) in 112.03ms
2025-07-19 22:18:57.427 +05:30 [INF] Executed endpoint 'AuthNet.Controllers.SalesController.GetCurrentYearProfit (AuthNet)'
2025-07-19 22:18:57.427 +05:30 [INF] Request finished HTTP/1.1 GET https://localhost:7165/api/Sales/CurrentYearProfit - 200 null application/json; charset=utf-8 120.9154ms
2025-07-19 22:18:57.454 +05:30 [INF] Request starting HTTP/1.1 GET https://localhost:7165/api/Tasks - null null
2025-07-19 22:18:57.476 +05:30 [INF] Executing endpoint 'AuthNet.Controllers.TasksController.GetTasks (AuthNet)'
2025-07-19 22:18:57.478 +05:30 [INF] Route matched with {action = "GetTasks", controller = "Tasks"}. Executing controller action with signature Microsoft.AspNetCore.Mvc.IActionResult GetTasks() on controller AuthNet.Controllers.TasksController (AuthNet).
2025-07-19 22:18:57.517 +05:30 [INF] Executed DbCommand (9ms) [Parameters=[], CommandType='"Text"', CommandTimeout='30']
SELECT [t].[Id], [t].[Title], [t].[DueDate]
FROM [Tasks] AS [t]
2025-07-19 22:18:57.523 +05:30 [INF] Executing OkObjectResult, writing value of type 'System.Collections.Generic.List`1[[AuthNet.Models.DTO.TaskItemDto, AuthNet, Version=1.0.0.0, Culture=neutral, PublicKeyToken=null]]'.
2025-07-19 22:18:57.530 +05:30 [INF] Executed action AuthNet.Controllers.TasksController.GetTasks (AuthNet) in 51.6673ms
2025-07-19 22:18:57.530 +05:30 [INF] Executed endpoint 'AuthNet.Controllers.TasksController.GetTasks (AuthNet)'
2025-07-19 22:18:57.531 +05:30 [INF] Request finished HTTP/1.1 GET https://localhost:7165/api/Tasks - 200 null application/json; charset=utf-8 76.1545ms
2025-07-19 22:18:57.553 +05:30 [INF] Request starting HTTP/1.1 GET https://localhost:7165/api/Settings/Get - null null
2025-07-19 22:18:57.555 +05:30 [INF] Executing endpoint 'AuthNet.Controllers.SettingsController.GetCompanyInfo (AuthNet)'
2025-07-19 22:18:57.562 +05:30 [INF] Route matched with {action = "GetCompanyInfo", controller = "Settings"}. Executing controller action with signature System.Threading.Tasks.Task`1[Microsoft.AspNetCore.Mvc.IActionResult] GetCompanyInfo() on controller AuthNet.Controllers.SettingsController (AuthNet).
2025-07-19 22:18:57.587 +05:30 [WRN] The query uses the 'First'/'FirstOrDefault' operator without 'OrderBy' and filter operators. This may lead to unpredictable results.
2025-07-19 22:18:57.607 +05:30 [INF] Executed DbCommand (6ms) [Parameters=[], CommandType='"Text"', CommandTimeout='30']
SELECT TOP(1) [c].[Id], [c].[Address], [c].[ContactNumber], [c].[Email], [c].[GSTIN], [c].[LogoFileExtension], [c].[LogoFilePath], [c].[LogoFileSizeInBytes], [c].[LogoName], [c].[Name], [c].[SignFileExtension], [c].[SignFilePath], [c].[SignFileSizeInBytes], [c].[SignName]
FROM [CompanyInfos] AS [c]
2025-07-19 22:18:57.644 +05:30 [INF] Executing OkObjectResult, writing value of type 'AuthNet.Models.DTO.CompanyInfoResponseDto'.
2025-07-19 22:18:57.646 +05:30 [INF] Executed action AuthNet.Controllers.SettingsController.GetCompanyInfo (AuthNet) in 84.1468ms
2025-07-19 22:18:57.646 +05:30 [INF] Executed endpoint 'AuthNet.Controllers.SettingsController.GetCompanyInfo (AuthNet)'
2025-07-19 22:18:57.647 +05:30 [INF] Request finished HTTP/1.1 GET https://localhost:7165/api/Settings/Get - 200 null application/json; charset=utf-8 93.4383ms
2025-07-19 22:18:58.489 +05:30 [INF] Request starting HTTP/2 GET https://localhost:7165/api/Sales/WeeklyProfit - null null
2025-07-19 22:18:58.492 +05:30 [INF] CORS policy execution successful.
2025-07-19 22:18:58.493 +05:30 [INF] Executing endpoint 'AuthNet.Controllers.SalesController.GetWeeklyProfit (AuthNet)'
2025-07-19 22:18:58.506 +05:30 [INF] Route matched with {action = "GetWeeklyProfit", controller = "Sales"}. Executing controller action with signature System.Threading.Tasks.Task`1[Microsoft.AspNetCore.Mvc.IActionResult] GetWeeklyProfit() on controller AuthNet.Controllers.SalesController (AuthNet).
2025-07-19 22:18:58.537 +05:30 [INF] Executed DbCommand (7ms) [Parameters=[@__startDate_0='?' (DbType = DateTime2), @__endDate_1='?' (DbType = DateTime2)], CommandType='"Text"', CommandTimeout='30']
SELECT [s].[Id], [s].[ProductId], [s].[ProductName], [s].[Quantity], [s].[SaleId], [s].[TotalPrice], [s].[UnitPrice], [s0].[Id], [s0].[AfterTaxAmount], [s0].[CreatedAt], [s0].[DiscountedAmount], [s0].[InvoiceDate], [s0].[InvoiceNo], [s0].[PrincipalAmount], [s0].[Template], [s0].[TotalAmount]
FROM [SaleItems] AS [s]
INNER JOIN [Sales] AS [s0] ON [s].[SaleId] = [s0].[Id]
WHERE CONVERT(date, [s0].[InvoiceDate]) >= @__startDate_0 AND CONVERT(date, [s0].[InvoiceDate]) <= @__endDate_1
2025-07-19 22:18:58.546 +05:30 [INF] Executed DbCommand (5ms) [Parameters=[@__productIds_0='?' (Size = 4000)], CommandType='"Text"', CommandTimeout='30']
SELECT [p].[ProductId], [p].[CategoryId], [p].[CostPrice], [p].[Description], [p].[Name], [p].[ProductCode], [p].[ProductKey], [p].[SellPrice], [p].[SupplierId]
FROM [Products] AS [p]
WHERE [p].[ProductId] IN (
    SELECT [p0].[value]
    FROM OPENJSON(@__productIds_0) WITH ([value] int '$') AS [p0]
)
2025-07-19 22:18:58.558 +05:30 [INF] Executing OkObjectResult, writing value of type 'System.Collections.Generic.List`1[[AuthNet.Models.DTO.DailyProfitDto, AuthNet, Version=1.0.0.0, Culture=neutral, PublicKeyToken=null]]'.
2025-07-19 22:18:58.560 +05:30 [INF] Executed action AuthNet.Controllers.SalesController.GetWeeklyProfit (AuthNet) in 54.4628ms
2025-07-19 22:18:58.561 +05:30 [INF] Executed endpoint 'AuthNet.Controllers.SalesController.GetWeeklyProfit (AuthNet)'
2025-07-19 22:18:58.561 +05:30 [INF] Request finished HTTP/2 GET https://localhost:7165/api/Sales/WeeklyProfit - 200 null application/json; charset=utf-8 72.5512ms
2025-07-19 22:19:01.156 +05:30 [INF] Request starting HTTP/1.1 POST https://localhost:7165/api/Auth/login - application/json; charset=utf-8 null
2025-07-19 22:19:01.158 +05:30 [INF] Executing endpoint 'AuthNet.Controllers.AuthController.Login (AuthNet)'
2025-07-19 22:19:01.184 +05:30 [INF] Route matched with {action = "Login", controller = "Auth"}. Executing controller action with signature System.Threading.Tasks.Task`1[Microsoft.AspNetCore.Mvc.IActionResult] Login(AuthNet.Models.DTO.LoginDto) on controller AuthNet.Controllers.AuthController (AuthNet).
2025-07-19 22:19:01.308 +05:30 [INF] Executed DbCommand (8ms) [Parameters=[@__username_0='?' (Size = 100)], CommandType='"Text"', CommandTimeout='30']
SELECT TOP(1) [u].[UserId], [u].[CreatedAt], [u].[Email], [u].[Firstname], [u].[Lastname], [u].[PasswordHash], [u].[Role], [u].[Username]
FROM [Users] AS [u]
WHERE [u].[Username] = @__username_0
2025-07-19 22:19:02.091 +05:30 [INF] Executing OkObjectResult, writing value of type 'AuthNet.Models.DTO.ServiceResponse`1[[AuthNet.Models.DTO.LoginResponseDto, AuthNet, Version=1.0.0.0, Culture=neutral, PublicKeyToken=null]]'.
2025-07-19 22:19:02.095 +05:30 [INF] Executed action AuthNet.Controllers.AuthController.Login (AuthNet) in 910.4715ms
2025-07-19 22:19:02.095 +05:30 [INF] Executed endpoint 'AuthNet.Controllers.AuthController.Login (AuthNet)'
2025-07-19 22:19:02.096 +05:30 [INF] Request finished HTTP/1.1 POST https://localhost:7165/api/Auth/login - 200 null application/json; charset=utf-8 940.1257ms
2025-07-19 22:19:02.141 +05:30 [INF] Request starting HTTP/1.1 GET https://localhost:7165/api/Sales/DailyProfit - null null
2025-07-19 22:19:02.142 +05:30 [INF] Executing endpoint 'AuthNet.Controllers.SalesController.GetDailyProfit (AuthNet)'
2025-07-19 22:19:02.143 +05:30 [INF] Route matched with {action = "GetDailyProfit", controller = "Sales"}. Executing controller action with signature System.Threading.Tasks.Task`1[Microsoft.AspNetCore.Mvc.IActionResult] GetDailyProfit() on controller AuthNet.Controllers.SalesController (AuthNet).
2025-07-19 22:19:02.157 +05:30 [INF] Executed DbCommand (9ms) [Parameters=[@__date_Date_0='?' (DbType = DateTime2)], CommandType='"Text"', CommandTimeout='30']
SELECT [s].[Id], [s].[ProductId], [s].[ProductName], [s].[Quantity], [s].[SaleId], [s].[TotalPrice], [s].[UnitPrice], [s0].[Id], [s0].[AfterTaxAmount], [s0].[CreatedAt], [s0].[DiscountedAmount], [s0].[InvoiceDate], [s0].[InvoiceNo], [s0].[PrincipalAmount], [s0].[Template], [s0].[TotalAmount]
FROM [SaleItems] AS [s]
INNER JOIN [Sales] AS [s0] ON [s].[SaleId] = [s0].[Id]
WHERE CONVERT(date, [s0].[InvoiceDate]) = @__date_Date_0
2025-07-19 22:19:02.168 +05:30 [INF] Executed DbCommand (9ms) [Parameters=[@__productIds_0='?' (Size = 4000)], CommandType='"Text"', CommandTimeout='30']
SELECT [p].[ProductId], [p].[CategoryId], [p].[CostPrice], [p].[Description], [p].[Name], [p].[ProductCode], [p].[ProductKey], [p].[SellPrice], [p].[SupplierId]
FROM [Products] AS [p]
WHERE [p].[ProductId] IN (
    SELECT [p0].[value]
    FROM OPENJSON(@__productIds_0) WITH ([value] int '$') AS [p0]
)
2025-07-19 22:19:02.169 +05:30 [INF] Executing OkObjectResult, writing value of type 'AuthNet.Models.DTO.DailyProfitDto'.
2025-07-19 22:19:02.169 +05:30 [INF] Executed action AuthNet.Controllers.SalesController.GetDailyProfit (AuthNet) in 26.1691ms
2025-07-19 22:19:02.169 +05:30 [INF] Executed endpoint 'AuthNet.Controllers.SalesController.GetDailyProfit (AuthNet)'
2025-07-19 22:19:02.170 +05:30 [INF] Request finished HTTP/1.1 GET https://localhost:7165/api/Sales/DailyProfit - 200 null application/json; charset=utf-8 28.9738ms
2025-07-19 22:19:02.187 +05:30 [INF] Request starting HTTP/1.1 GET https://localhost:7165/api/Sales/CurrentMonthProfit - null null
2025-07-19 22:19:02.188 +05:30 [INF] Executing endpoint 'AuthNet.Controllers.SalesController.GetCurrentMonthProfit (AuthNet)'
2025-07-19 22:19:02.188 +05:30 [INF] Route matched with {action = "GetCurrentMonthProfit", controller = "Sales"}. Executing controller action with signature System.Threading.Tasks.Task`1[Microsoft.AspNetCore.Mvc.IActionResult] GetCurrentMonthProfit() on controller AuthNet.Controllers.SalesController (AuthNet).
2025-07-19 22:19:02.199 +05:30 [INF] Executed DbCommand (7ms) [Parameters=[@__currentYear_0='?' (DbType = Int32), @__currentMonth_1='?' (DbType = Int32)], CommandType='"Text"', CommandTimeout='30']
SELECT [s].[Id], [s].[ProductId], [s].[ProductName], [s].[Quantity], [s].[SaleId], [s].[TotalPrice], [s].[UnitPrice], [s0].[Id], [s0].[AfterTaxAmount], [s0].[CreatedAt], [s0].[DiscountedAmount], [s0].[InvoiceDate], [s0].[InvoiceNo], [s0].[PrincipalAmount], [s0].[Template], [s0].[TotalAmount]
FROM [SaleItems] AS [s]
INNER JOIN [Sales] AS [s0] ON [s].[SaleId] = [s0].[Id]
WHERE DATEPART(year, [s0].[InvoiceDate]) = @__currentYear_0 AND DATEPART(month, [s0].[InvoiceDate]) = @__currentMonth_1
2025-07-19 22:19:02.208 +05:30 [INF] Executed DbCommand (7ms) [Parameters=[@__productIds_0='?' (Size = 4000)], CommandType='"Text"', CommandTimeout='30']
SELECT [p].[ProductId], [p].[CategoryId], [p].[CostPrice], [p].[Description], [p].[Name], [p].[ProductCode], [p].[ProductKey], [p].[SellPrice], [p].[SupplierId]
FROM [Products] AS [p]
WHERE [p].[ProductId] IN (
    SELECT [p0].[value]
    FROM OPENJSON(@__productIds_0) WITH ([value] int '$') AS [p0]
)
2025-07-19 22:19:02.209 +05:30 [INF] Executing OkObjectResult, writing value of type 'AuthNet.Models.DTO.MonthlyProfitDto'.
2025-07-19 22:19:02.209 +05:30 [INF] Executed action AuthNet.Controllers.SalesController.GetCurrentMonthProfit (AuthNet) in 20.7221ms
2025-07-19 22:19:02.209 +05:30 [INF] Executed endpoint 'AuthNet.Controllers.SalesController.GetCurrentMonthProfit (AuthNet)'
2025-07-19 22:19:02.210 +05:30 [INF] Request finished HTTP/1.1 GET https://localhost:7165/api/Sales/CurrentMonthProfit - 200 null application/json; charset=utf-8 22.6169ms
2025-07-19 22:19:02.225 +05:30 [INF] Request starting HTTP/1.1 GET https://localhost:7165/api/Sales/CurrentYearProfit - null null
2025-07-19 22:19:02.225 +05:30 [INF] Executing endpoint 'AuthNet.Controllers.SalesController.GetCurrentYearProfit (AuthNet)'
2025-07-19 22:19:02.226 +05:30 [INF] Route matched with {action = "GetCurrentYearProfit", controller = "Sales"}. Executing controller action with signature System.Threading.Tasks.Task`1[Microsoft.AspNetCore.Mvc.IActionResult] GetCurrentYearProfit() on controller AuthNet.Controllers.SalesController (AuthNet).
2025-07-19 22:19:02.239 +05:30 [INF] Executed DbCommand (10ms) [Parameters=[@__currentYear_0='?' (DbType = Int32)], CommandType='"Text"', CommandTimeout='30']
SELECT [s].[Id], [s].[ProductId], [s].[ProductName], [s].[Quantity], [s].[SaleId], [s].[TotalPrice], [s].[UnitPrice], [s0].[Id], [s0].[AfterTaxAmount], [s0].[CreatedAt], [s0].[DiscountedAmount], [s0].[InvoiceDate], [s0].[InvoiceNo], [s0].[PrincipalAmount], [s0].[Template], [s0].[TotalAmount]
FROM [SaleItems] AS [s]
INNER JOIN [Sales] AS [s0] ON [s].[SaleId] = [s0].[Id]
WHERE DATEPART(year, [s0].[InvoiceDate]) = @__currentYear_0
2025-07-19 22:19:02.245 +05:30 [INF] Executed DbCommand (4ms) [Parameters=[@__productIds_0='?' (Size = 4000)], CommandType='"Text"', CommandTimeout='30']
SELECT [p].[ProductId], [p].[CategoryId], [p].[CostPrice], [p].[Description], [p].[Name], [p].[ProductCode], [p].[ProductKey], [p].[SellPrice], [p].[SupplierId]
FROM [Products] AS [p]
WHERE [p].[ProductId] IN (
    SELECT [p0].[value]
    FROM OPENJSON(@__productIds_0) WITH ([value] int '$') AS [p0]
)
2025-07-19 22:19:02.245 +05:30 [INF] Executing OkObjectResult, writing value of type 'AuthNet.Models.DTO.YearlyProfitDto'.
2025-07-19 22:19:02.246 +05:30 [INF] Executed action AuthNet.Controllers.SalesController.GetCurrentYearProfit (AuthNet) in 19.9684ms
2025-07-19 22:19:02.246 +05:30 [INF] Executed endpoint 'AuthNet.Controllers.SalesController.GetCurrentYearProfit (AuthNet)'
2025-07-19 22:19:02.246 +05:30 [INF] Request finished HTTP/1.1 GET https://localhost:7165/api/Sales/CurrentYearProfit - 200 null application/json; charset=utf-8 21.6889ms
2025-07-19 22:19:02.258 +05:30 [INF] Request starting HTTP/1.1 GET https://localhost:7165/api/Tasks - null null
2025-07-19 22:19:02.258 +05:30 [INF] Executing endpoint 'AuthNet.Controllers.TasksController.GetTasks (AuthNet)'
2025-07-19 22:19:02.258 +05:30 [INF] Route matched with {action = "GetTasks", controller = "Tasks"}. Executing controller action with signature Microsoft.AspNetCore.Mvc.IActionResult GetTasks() on controller AuthNet.Controllers.TasksController (AuthNet).
2025-07-19 22:19:02.262 +05:30 [INF] Executed DbCommand (1ms) [Parameters=[], CommandType='"Text"', CommandTimeout='30']
SELECT [t].[Id], [t].[Title], [t].[DueDate]
FROM [Tasks] AS [t]
2025-07-19 22:19:02.263 +05:30 [INF] Executing OkObjectResult, writing value of type 'System.Collections.Generic.List`1[[AuthNet.Models.DTO.TaskItemDto, AuthNet, Version=1.0.0.0, Culture=neutral, PublicKeyToken=null]]'.
2025-07-19 22:19:02.263 +05:30 [INF] Executed action AuthNet.Controllers.TasksController.GetTasks (AuthNet) in 4.4397ms
2025-07-19 22:19:02.263 +05:30 [INF] Executed endpoint 'AuthNet.Controllers.TasksController.GetTasks (AuthNet)'
2025-07-19 22:19:02.263 +05:30 [INF] Request finished HTTP/1.1 GET https://localhost:7165/api/Tasks - 200 null application/json; charset=utf-8 5.6592ms
2025-07-19 22:19:02.277 +05:30 [INF] Request starting HTTP/1.1 GET https://localhost:7165/api/Settings/Get - null null
2025-07-19 22:19:02.279 +05:30 [INF] Executing endpoint 'AuthNet.Controllers.SettingsController.GetCompanyInfo (AuthNet)'
2025-07-19 22:19:02.279 +05:30 [INF] Route matched with {action = "GetCompanyInfo", controller = "Settings"}. Executing controller action with signature System.Threading.Tasks.Task`1[Microsoft.AspNetCore.Mvc.IActionResult] GetCompanyInfo() on controller AuthNet.Controllers.SettingsController (AuthNet).
2025-07-19 22:19:02.288 +05:30 [INF] Executed DbCommand (4ms) [Parameters=[], CommandType='"Text"', CommandTimeout='30']
SELECT TOP(1) [c].[Id], [c].[Address], [c].[ContactNumber], [c].[Email], [c].[GSTIN], [c].[LogoFileExtension], [c].[LogoFilePath], [c].[LogoFileSizeInBytes], [c].[LogoName], [c].[Name], [c].[SignFileExtension], [c].[SignFilePath], [c].[SignFileSizeInBytes], [c].[SignName]
FROM [CompanyInfos] AS [c]
2025-07-19 22:19:02.288 +05:30 [INF] Executing OkObjectResult, writing value of type 'AuthNet.Models.DTO.CompanyInfoResponseDto'.
2025-07-19 22:19:02.288 +05:30 [INF] Executed action AuthNet.Controllers.SettingsController.GetCompanyInfo (AuthNet) in 8.9093ms
2025-07-19 22:19:02.288 +05:30 [INF] Executed endpoint 'AuthNet.Controllers.SettingsController.GetCompanyInfo (AuthNet)'
2025-07-19 22:19:02.289 +05:30 [INF] Request finished HTTP/1.1 GET https://localhost:7165/api/Settings/Get - 200 null application/json; charset=utf-8 12.4943ms
2025-07-19 22:19:02.486 +05:30 [INF] Request starting HTTP/2 GET https://localhost:7165/api/Sales/WeeklyProfit - null null
2025-07-19 22:19:02.487 +05:30 [INF] CORS policy execution successful.
2025-07-19 22:19:02.487 +05:30 [INF] Executing endpoint 'AuthNet.Controllers.SalesController.GetWeeklyProfit (AuthNet)'
2025-07-19 22:19:02.487 +05:30 [INF] Route matched with {action = "GetWeeklyProfit", controller = "Sales"}. Executing controller action with signature System.Threading.Tasks.Task`1[Microsoft.AspNetCore.Mvc.IActionResult] GetWeeklyProfit() on controller AuthNet.Controllers.SalesController (AuthNet).
2025-07-19 22:19:02.505 +05:30 [INF] Executed DbCommand (14ms) [Parameters=[@__startDate_0='?' (DbType = DateTime2), @__endDate_1='?' (DbType = DateTime2)], CommandType='"Text"', CommandTimeout='30']
SELECT [s].[Id], [s].[ProductId], [s].[ProductName], [s].[Quantity], [s].[SaleId], [s].[TotalPrice], [s].[UnitPrice], [s0].[Id], [s0].[AfterTaxAmount], [s0].[CreatedAt], [s0].[DiscountedAmount], [s0].[InvoiceDate], [s0].[InvoiceNo], [s0].[PrincipalAmount], [s0].[Template], [s0].[TotalAmount]
FROM [SaleItems] AS [s]
INNER JOIN [Sales] AS [s0] ON [s].[SaleId] = [s0].[Id]
WHERE CONVERT(date, [s0].[InvoiceDate]) >= @__startDate_0 AND CONVERT(date, [s0].[InvoiceDate]) <= @__endDate_1
2025-07-19 22:19:02.524 +05:30 [INF] Executed DbCommand (16ms) [Parameters=[@__productIds_0='?' (Size = 4000)], CommandType='"Text"', CommandTimeout='30']
SELECT [p].[ProductId], [p].[CategoryId], [p].[CostPrice], [p].[Description], [p].[Name], [p].[ProductCode], [p].[ProductKey], [p].[SellPrice], [p].[SupplierId]
FROM [Products] AS [p]
WHERE [p].[ProductId] IN (
    SELECT [p0].[value]
    FROM OPENJSON(@__productIds_0) WITH ([value] int '$') AS [p0]
)
2025-07-19 22:19:02.526 +05:30 [INF] Executing OkObjectResult, writing value of type 'System.Collections.Generic.List`1[[AuthNet.Models.DTO.DailyProfitDto, AuthNet, Version=1.0.0.0, Culture=neutral, PublicKeyToken=null]]'.
2025-07-19 22:19:02.527 +05:30 [INF] Executed action AuthNet.Controllers.SalesController.GetWeeklyProfit (AuthNet) in 39.1814ms
2025-07-19 22:19:02.527 +05:30 [INF] Executed endpoint 'AuthNet.Controllers.SalesController.GetWeeklyProfit (AuthNet)'
2025-07-19 22:19:02.527 +05:30 [INF] Request finished HTTP/2 GET https://localhost:7165/api/Sales/WeeklyProfit - 200 null application/json; charset=utf-8 41.0969ms
2025-07-19 22:20:00.184 +05:30 [INF] Request starting HTTP/1.1 GET https://localhost:7165/api/Sales/DailyProfit - null null
2025-07-19 22:20:00.185 +05:30 [INF] Executing endpoint 'AuthNet.Controllers.SalesController.GetDailyProfit (AuthNet)'
2025-07-19 22:20:00.185 +05:30 [INF] Route matched with {action = "GetDailyProfit", controller = "Sales"}. Executing controller action with signature System.Threading.Tasks.Task`1[Microsoft.AspNetCore.Mvc.IActionResult] GetDailyProfit() on controller AuthNet.Controllers.SalesController (AuthNet).
2025-07-19 22:20:00.202 +05:30 [INF] Executed DbCommand (15ms) [Parameters=[@__date_Date_0='?' (DbType = DateTime2)], CommandType='"Text"', CommandTimeout='30']
SELECT [s].[Id], [s].[ProductId], [s].[ProductName], [s].[Quantity], [s].[SaleId], [s].[TotalPrice], [s].[UnitPrice], [s0].[Id], [s0].[AfterTaxAmount], [s0].[CreatedAt], [s0].[DiscountedAmount], [s0].[InvoiceDate], [s0].[InvoiceNo], [s0].[PrincipalAmount], [s0].[Template], [s0].[TotalAmount]
FROM [SaleItems] AS [s]
INNER JOIN [Sales] AS [s0] ON [s].[SaleId] = [s0].[Id]
WHERE CONVERT(date, [s0].[InvoiceDate]) = @__date_Date_0
2025-07-19 22:20:00.209 +05:30 [INF] Executed DbCommand (6ms) [Parameters=[@__productIds_0='?' (Size = 4000)], CommandType='"Text"', CommandTimeout='30']
SELECT [p].[ProductId], [p].[CategoryId], [p].[CostPrice], [p].[Description], [p].[Name], [p].[ProductCode], [p].[ProductKey], [p].[SellPrice], [p].[SupplierId]
FROM [Products] AS [p]
WHERE [p].[ProductId] IN (
    SELECT [p0].[value]
    FROM OPENJSON(@__productIds_0) WITH ([value] int '$') AS [p0]
)
2025-07-19 22:20:00.210 +05:30 [INF] Executing OkObjectResult, writing value of type 'AuthNet.Models.DTO.DailyProfitDto'.
2025-07-19 22:20:00.210 +05:30 [INF] Executed action AuthNet.Controllers.SalesController.GetDailyProfit (AuthNet) in 24.8083ms
2025-07-19 22:20:00.210 +05:30 [INF] Executed endpoint 'AuthNet.Controllers.SalesController.GetDailyProfit (AuthNet)'
2025-07-19 22:20:00.211 +05:30 [INF] Request finished HTTP/1.1 GET https://localhost:7165/api/Sales/DailyProfit - 200 null application/json; charset=utf-8 26.5262ms
2025-07-19 22:20:00.230 +05:30 [INF] Request starting HTTP/1.1 GET https://localhost:7165/api/Sales/CurrentMonthProfit - null null
2025-07-19 22:20:00.230 +05:30 [INF] Executing endpoint 'AuthNet.Controllers.SalesController.GetCurrentMonthProfit (AuthNet)'
2025-07-19 22:20:00.231 +05:30 [INF] Route matched with {action = "GetCurrentMonthProfit", controller = "Sales"}. Executing controller action with signature System.Threading.Tasks.Task`1[Microsoft.AspNetCore.Mvc.IActionResult] GetCurrentMonthProfit() on controller AuthNet.Controllers.SalesController (AuthNet).
2025-07-19 22:20:00.237 +05:30 [INF] Executed DbCommand (5ms) [Parameters=[@__currentYear_0='?' (DbType = Int32), @__currentMonth_1='?' (DbType = Int32)], CommandType='"Text"', CommandTimeout='30']
SELECT [s].[Id], [s].[ProductId], [s].[ProductName], [s].[Quantity], [s].[SaleId], [s].[TotalPrice], [s].[UnitPrice], [s0].[Id], [s0].[AfterTaxAmount], [s0].[CreatedAt], [s0].[DiscountedAmount], [s0].[InvoiceDate], [s0].[InvoiceNo], [s0].[PrincipalAmount], [s0].[Template], [s0].[TotalAmount]
FROM [SaleItems] AS [s]
INNER JOIN [Sales] AS [s0] ON [s].[SaleId] = [s0].[Id]
WHERE DATEPART(year, [s0].[InvoiceDate]) = @__currentYear_0 AND DATEPART(month, [s0].[InvoiceDate]) = @__currentMonth_1
2025-07-19 22:20:00.240 +05:30 [INF] Executed DbCommand (2ms) [Parameters=[@__productIds_0='?' (Size = 4000)], CommandType='"Text"', CommandTimeout='30']
SELECT [p].[ProductId], [p].[CategoryId], [p].[CostPrice], [p].[Description], [p].[Name], [p].[ProductCode], [p].[ProductKey], [p].[SellPrice], [p].[SupplierId]
FROM [Products] AS [p]
WHERE [p].[ProductId] IN (
    SELECT [p0].[value]
    FROM OPENJSON(@__productIds_0) WITH ([value] int '$') AS [p0]
)
2025-07-19 22:20:00.240 +05:30 [INF] Executing OkObjectResult, writing value of type 'AuthNet.Models.DTO.MonthlyProfitDto'.
2025-07-19 22:20:00.241 +05:30 [INF] Executed action AuthNet.Controllers.SalesController.GetCurrentMonthProfit (AuthNet) in 9.8294ms
2025-07-19 22:20:00.241 +05:30 [INF] Executed endpoint 'AuthNet.Controllers.SalesController.GetCurrentMonthProfit (AuthNet)'
2025-07-19 22:20:00.241 +05:30 [INF] Request finished HTTP/1.1 GET https://localhost:7165/api/Sales/CurrentMonthProfit - 200 null application/json; charset=utf-8 11.1533ms
2025-07-19 22:20:00.268 +05:30 [INF] Request starting HTTP/1.1 GET https://localhost:7165/api/Sales/CurrentYearProfit - null null
2025-07-19 22:20:00.269 +05:30 [INF] Executing endpoint 'AuthNet.Controllers.SalesController.GetCurrentYearProfit (AuthNet)'
2025-07-19 22:20:00.269 +05:30 [INF] Route matched with {action = "GetCurrentYearProfit", controller = "Sales"}. Executing controller action with signature System.Threading.Tasks.Task`1[Microsoft.AspNetCore.Mvc.IActionResult] GetCurrentYearProfit() on controller AuthNet.Controllers.SalesController (AuthNet).
2025-07-19 22:20:00.279 +05:30 [INF] Executed DbCommand (8ms) [Parameters=[@__currentYear_0='?' (DbType = Int32)], CommandType='"Text"', CommandTimeout='30']
SELECT [s].[Id], [s].[ProductId], [s].[ProductName], [s].[Quantity], [s].[SaleId], [s].[TotalPrice], [s].[UnitPrice], [s0].[Id], [s0].[AfterTaxAmount], [s0].[CreatedAt], [s0].[DiscountedAmount], [s0].[InvoiceDate], [s0].[InvoiceNo], [s0].[PrincipalAmount], [s0].[Template], [s0].[TotalAmount]
FROM [SaleItems] AS [s]
INNER JOIN [Sales] AS [s0] ON [s].[SaleId] = [s0].[Id]
WHERE DATEPART(year, [s0].[InvoiceDate]) = @__currentYear_0
2025-07-19 22:20:00.282 +05:30 [INF] Executed DbCommand (1ms) [Parameters=[@__productIds_0='?' (Size = 4000)], CommandType='"Text"', CommandTimeout='30']
SELECT [p].[ProductId], [p].[CategoryId], [p].[CostPrice], [p].[Description], [p].[Name], [p].[ProductCode], [p].[ProductKey], [p].[SellPrice], [p].[SupplierId]
FROM [Products] AS [p]
WHERE [p].[ProductId] IN (
    SELECT [p0].[value]
    FROM OPENJSON(@__productIds_0) WITH ([value] int '$') AS [p0]
)
2025-07-19 22:20:00.282 +05:30 [INF] Executing OkObjectResult, writing value of type 'AuthNet.Models.DTO.YearlyProfitDto'.
2025-07-19 22:20:00.283 +05:30 [INF] Executed action AuthNet.Controllers.SalesController.GetCurrentYearProfit (AuthNet) in 13.5546ms
2025-07-19 22:20:00.283 +05:30 [INF] Executed endpoint 'AuthNet.Controllers.SalesController.GetCurrentYearProfit (AuthNet)'
2025-07-19 22:20:00.283 +05:30 [INF] Request finished HTTP/1.1 GET https://localhost:7165/api/Sales/CurrentYearProfit - 200 null application/json; charset=utf-8 14.6092ms
2025-07-19 22:20:00.298 +05:30 [INF] Request starting HTTP/1.1 GET https://localhost:7165/api/Tasks - null null
2025-07-19 22:20:00.299 +05:30 [INF] Executing endpoint 'AuthNet.Controllers.TasksController.GetTasks (AuthNet)'
2025-07-19 22:20:00.299 +05:30 [INF] Route matched with {action = "GetTasks", controller = "Tasks"}. Executing controller action with signature Microsoft.AspNetCore.Mvc.IActionResult GetTasks() on controller AuthNet.Controllers.TasksController (AuthNet).
2025-07-19 22:20:00.303 +05:30 [INF] Executed DbCommand (3ms) [Parameters=[], CommandType='"Text"', CommandTimeout='30']
SELECT [t].[Id], [t].[Title], [t].[DueDate]
FROM [Tasks] AS [t]
2025-07-19 22:20:00.304 +05:30 [INF] Executing OkObjectResult, writing value of type 'System.Collections.Generic.List`1[[AuthNet.Models.DTO.TaskItemDto, AuthNet, Version=1.0.0.0, Culture=neutral, PublicKeyToken=null]]'.
2025-07-19 22:20:00.304 +05:30 [INF] Executed action AuthNet.Controllers.TasksController.GetTasks (AuthNet) in 4.7822ms
2025-07-19 22:20:00.304 +05:30 [INF] Executed endpoint 'AuthNet.Controllers.TasksController.GetTasks (AuthNet)'
2025-07-19 22:20:00.304 +05:30 [INF] Request finished HTTP/1.1 GET https://localhost:7165/api/Tasks - 200 null application/json; charset=utf-8 5.8651ms
2025-07-19 22:20:00.323 +05:30 [INF] Request starting HTTP/1.1 GET https://localhost:7165/api/Settings/Get - null null
2025-07-19 22:20:00.324 +05:30 [INF] Executing endpoint 'AuthNet.Controllers.SettingsController.GetCompanyInfo (AuthNet)'
2025-07-19 22:20:00.325 +05:30 [INF] Route matched with {action = "GetCompanyInfo", controller = "Settings"}. Executing controller action with signature System.Threading.Tasks.Task`1[Microsoft.AspNetCore.Mvc.IActionResult] GetCompanyInfo() on controller AuthNet.Controllers.SettingsController (AuthNet).
2025-07-19 22:20:00.340 +05:30 [INF] Executed DbCommand (12ms) [Parameters=[], CommandType='"Text"', CommandTimeout='30']
SELECT TOP(1) [c].[Id], [c].[Address], [c].[ContactNumber], [c].[Email], [c].[GSTIN], [c].[LogoFileExtension], [c].[LogoFilePath], [c].[LogoFileSizeInBytes], [c].[LogoName], [c].[Name], [c].[SignFileExtension], [c].[SignFilePath], [c].[SignFileSizeInBytes], [c].[SignName]
FROM [CompanyInfos] AS [c]
2025-07-19 22:20:00.341 +05:30 [INF] Executing OkObjectResult, writing value of type 'AuthNet.Models.DTO.CompanyInfoResponseDto'.
2025-07-19 22:20:00.341 +05:30 [INF] Executed action AuthNet.Controllers.SettingsController.GetCompanyInfo (AuthNet) in 16.7178ms
2025-07-19 22:20:00.341 +05:30 [INF] Executed endpoint 'AuthNet.Controllers.SettingsController.GetCompanyInfo (AuthNet)'
2025-07-19 22:20:00.342 +05:30 [INF] Request finished HTTP/1.1 GET https://localhost:7165/api/Settings/Get - 200 null application/json; charset=utf-8 18.4412ms
2025-07-19 22:20:00.654 +05:30 [INF] Request starting HTTP/2 GET https://localhost:7165/api/Sales/WeeklyProfit - null null
2025-07-19 22:20:00.655 +05:30 [INF] CORS policy execution successful.
2025-07-19 22:20:00.655 +05:30 [INF] Executing endpoint 'AuthNet.Controllers.SalesController.GetWeeklyProfit (AuthNet)'
2025-07-19 22:20:00.655 +05:30 [INF] Route matched with {action = "GetWeeklyProfit", controller = "Sales"}. Executing controller action with signature System.Threading.Tasks.Task`1[Microsoft.AspNetCore.Mvc.IActionResult] GetWeeklyProfit() on controller AuthNet.Controllers.SalesController (AuthNet).
2025-07-19 22:20:00.688 +05:30 [INF] Executed DbCommand (31ms) [Parameters=[@__startDate_0='?' (DbType = DateTime2), @__endDate_1='?' (DbType = DateTime2)], CommandType='"Text"', CommandTimeout='30']
SELECT [s].[Id], [s].[ProductId], [s].[ProductName], [s].[Quantity], [s].[SaleId], [s].[TotalPrice], [s].[UnitPrice], [s0].[Id], [s0].[AfterTaxAmount], [s0].[CreatedAt], [s0].[DiscountedAmount], [s0].[InvoiceDate], [s0].[InvoiceNo], [s0].[PrincipalAmount], [s0].[Template], [s0].[TotalAmount]
FROM [SaleItems] AS [s]
INNER JOIN [Sales] AS [s0] ON [s].[SaleId] = [s0].[Id]
WHERE CONVERT(date, [s0].[InvoiceDate]) >= @__startDate_0 AND CONVERT(date, [s0].[InvoiceDate]) <= @__endDate_1
2025-07-19 22:20:00.699 +05:30 [INF] Executed DbCommand (9ms) [Parameters=[@__productIds_0='?' (Size = 4000)], CommandType='"Text"', CommandTimeout='30']
SELECT [p].[ProductId], [p].[CategoryId], [p].[CostPrice], [p].[Description], [p].[Name], [p].[ProductCode], [p].[ProductKey], [p].[SellPrice], [p].[SupplierId]
FROM [Products] AS [p]
WHERE [p].[ProductId] IN (
    SELECT [p0].[value]
    FROM OPENJSON(@__productIds_0) WITH ([value] int '$') AS [p0]
)
2025-07-19 22:20:00.700 +05:30 [INF] Executing OkObjectResult, writing value of type 'System.Collections.Generic.List`1[[AuthNet.Models.DTO.DailyProfitDto, AuthNet, Version=1.0.0.0, Culture=neutral, PublicKeyToken=null]]'.
2025-07-19 22:20:00.700 +05:30 [INF] Executed action AuthNet.Controllers.SalesController.GetWeeklyProfit (AuthNet) in 44.9378ms
2025-07-19 22:20:00.700 +05:30 [INF] Executed endpoint 'AuthNet.Controllers.SalesController.GetWeeklyProfit (AuthNet)'
2025-07-19 22:20:00.700 +05:30 [INF] Request finished HTTP/2 GET https://localhost:7165/api/Sales/WeeklyProfit - 200 null application/json; charset=utf-8 46.1174ms
2025-07-19 22:20:01.140 +05:30 [INF] Request starting HTTP/2 GET https://localhost:7165/swagger/index.html - null null
2025-07-19 22:20:01.160 +05:30 [INF] Request finished HTTP/2 GET https://localhost:7165/swagger/index.html - 200 null text/html;charset=utf-8 20.4838ms
2025-07-19 22:20:01.219 +05:30 [INF] Request starting HTTP/2 GET https://localhost:7165/_framework/aspnetcore-browser-refresh.js - null null
2025-07-19 22:20:01.220 +05:30 [INF] Request starting HTTP/2 GET https://localhost:7165/_vs/browserLink - null null
2025-07-19 22:20:01.223 +05:30 [INF] Request finished HTTP/2 GET https://localhost:7165/_framework/aspnetcore-browser-refresh.js - 200 16499 application/javascript; charset=utf-8 4.1113ms
2025-07-19 22:20:01.343 +05:30 [INF] Request finished HTTP/2 GET https://localhost:7165/_vs/browserLink - 200 null text/javascript; charset=UTF-8 123.3917ms
2025-07-19 22:20:02.418 +05:30 [INF] Request starting HTTP/2 GET https://localhost:7165/swagger/v1/swagger.json - null null
2025-07-19 22:20:02.481 +05:30 [INF] Request finished HTTP/2 GET https://localhost:7165/swagger/v1/swagger.json - 200 null application/json;charset=utf-8 63.549ms
2025-07-19 22:23:18.982 +05:30 [INF] Request starting HTTP/1.1 GET https://localhost:7165/api/Sales/DailyProfit - null null
2025-07-19 22:23:18.984 +05:30 [INF] Executing endpoint 'AuthNet.Controllers.SalesController.GetDailyProfit (AuthNet)'
2025-07-19 22:23:18.996 +05:30 [INF] Route matched with {action = "GetDailyProfit", controller = "Sales"}. Executing controller action with signature System.Threading.Tasks.Task`1[Microsoft.AspNetCore.Mvc.IActionResult] GetDailyProfit() on controller AuthNet.Controllers.SalesController (AuthNet).
2025-07-19 22:23:19.013 +05:30 [INF] Executed DbCommand (14ms) [Parameters=[@__date_Date_0='?' (DbType = DateTime2)], CommandType='"Text"', CommandTimeout='30']
SELECT [s].[Id], [s].[ProductId], [s].[ProductName], [s].[Quantity], [s].[SaleId], [s].[TotalPrice], [s].[UnitPrice], [s0].[Id], [s0].[AfterTaxAmount], [s0].[CreatedAt], [s0].[DiscountedAmount], [s0].[InvoiceDate], [s0].[InvoiceNo], [s0].[PrincipalAmount], [s0].[Template], [s0].[TotalAmount]
FROM [SaleItems] AS [s]
INNER JOIN [Sales] AS [s0] ON [s].[SaleId] = [s0].[Id]
WHERE CONVERT(date, [s0].[InvoiceDate]) = @__date_Date_0
2025-07-19 22:23:19.023 +05:30 [INF] Executed DbCommand (9ms) [Parameters=[@__productIds_0='?' (Size = 4000)], CommandType='"Text"', CommandTimeout='30']
SELECT [p].[ProductId], [p].[CategoryId], [p].[CostPrice], [p].[Description], [p].[Name], [p].[ProductCode], [p].[ProductKey], [p].[SellPrice], [p].[SupplierId]
FROM [Products] AS [p]
WHERE [p].[ProductId] IN (
    SELECT [p0].[value]
    FROM OPENJSON(@__productIds_0) WITH ([value] int '$') AS [p0]
)
2025-07-19 22:23:19.023 +05:30 [INF] Executing OkObjectResult, writing value of type 'AuthNet.Models.DTO.DailyProfitDto'.
2025-07-19 22:23:19.025 +05:30 [INF] Executed action AuthNet.Controllers.SalesController.GetDailyProfit (AuthNet) in 29.0314ms
2025-07-19 22:23:19.025 +05:30 [INF] Executed endpoint 'AuthNet.Controllers.SalesController.GetDailyProfit (AuthNet)'
2025-07-19 22:23:19.025 +05:30 [INF] Request finished HTTP/1.1 GET https://localhost:7165/api/Sales/DailyProfit - 200 null application/json; charset=utf-8 43.3336ms
2025-07-19 22:23:19.034 +05:30 [INF] Request starting HTTP/2 GET https://localhost:7165/swagger/index.html - null null
2025-07-19 22:23:19.042 +05:30 [INF] Request starting HTTP/1.1 GET https://localhost:7165/api/Sales/CurrentMonthProfit - null null
2025-07-19 22:23:19.043 +05:30 [INF] Executing endpoint 'AuthNet.Controllers.SalesController.GetCurrentMonthProfit (AuthNet)'
2025-07-19 22:23:19.048 +05:30 [INF] Request finished HTTP/2 GET https://localhost:7165/swagger/index.html - 200 null text/html;charset=utf-8 15.2138ms
2025-07-19 22:23:19.049 +05:30 [INF] Route matched with {action = "GetCurrentMonthProfit", controller = "Sales"}. Executing controller action with signature System.Threading.Tasks.Task`1[Microsoft.AspNetCore.Mvc.IActionResult] GetCurrentMonthProfit() on controller AuthNet.Controllers.SalesController (AuthNet).
2025-07-19 22:23:19.072 +05:30 [INF] Executed DbCommand (22ms) [Parameters=[@__currentYear_0='?' (DbType = Int32), @__currentMonth_1='?' (DbType = Int32)], CommandType='"Text"', CommandTimeout='30']
SELECT [s].[Id], [s].[ProductId], [s].[ProductName], [s].[Quantity], [s].[SaleId], [s].[TotalPrice], [s].[UnitPrice], [s0].[Id], [s0].[AfterTaxAmount], [s0].[CreatedAt], [s0].[DiscountedAmount], [s0].[InvoiceDate], [s0].[InvoiceNo], [s0].[PrincipalAmount], [s0].[Template], [s0].[TotalAmount]
FROM [SaleItems] AS [s]
INNER JOIN [Sales] AS [s0] ON [s].[SaleId] = [s0].[Id]
WHERE DATEPART(year, [s0].[InvoiceDate]) = @__currentYear_0 AND DATEPART(month, [s0].[InvoiceDate]) = @__currentMonth_1
2025-07-19 22:23:19.074 +05:30 [INF] Request starting HTTP/2 GET https://localhost:7165/_framework/aspnetcore-browser-refresh.js - null null
2025-07-19 22:23:19.074 +05:30 [INF] Request starting HTTP/2 GET https://localhost:7165/_vs/browserLink - null null
2025-07-19 22:23:19.077 +05:30 [INF] Request finished HTTP/2 GET https://localhost:7165/_framework/aspnetcore-browser-refresh.js - 200 16499 application/javascript; charset=utf-8 3.4906ms
2025-07-19 22:23:19.079 +05:30 [INF] Executed DbCommand (4ms) [Parameters=[@__productIds_0='?' (Size = 4000)], CommandType='"Text"', CommandTimeout='30']
SELECT [p].[ProductId], [p].[CategoryId], [p].[CostPrice], [p].[Description], [p].[Name], [p].[ProductCode], [p].[ProductKey], [p].[SellPrice], [p].[SupplierId]
FROM [Products] AS [p]
WHERE [p].[ProductId] IN (
    SELECT [p0].[value]
    FROM OPENJSON(@__productIds_0) WITH ([value] int '$') AS [p0]
)
2025-07-19 22:23:19.080 +05:30 [INF] Executing OkObjectResult, writing value of type 'AuthNet.Models.DTO.MonthlyProfitDto'.
2025-07-19 22:23:19.083 +05:30 [INF] Executed action AuthNet.Controllers.SalesController.GetCurrentMonthProfit (AuthNet) in 33.8756ms
2025-07-19 22:23:19.088 +05:30 [INF] Executed endpoint 'AuthNet.Controllers.SalesController.GetCurrentMonthProfit (AuthNet)'
2025-07-19 22:23:19.092 +05:30 [INF] Request finished HTTP/1.1 GET https://localhost:7165/api/Sales/CurrentMonthProfit - 200 null application/json; charset=utf-8 50.0719ms
2025-07-19 22:23:19.107 +05:30 [INF] Request starting HTTP/1.1 GET https://localhost:7165/api/Sales/CurrentYearProfit - null null
2025-07-19 22:23:19.112 +05:30 [INF] Request finished HTTP/2 GET https://localhost:7165/_vs/browserLink - 200 null text/javascript; charset=UTF-8 38.5339ms
2025-07-19 22:23:19.120 +05:30 [INF] Executing endpoint 'AuthNet.Controllers.SalesController.GetCurrentYearProfit (AuthNet)'
2025-07-19 22:23:19.124 +05:30 [INF] Route matched with {action = "GetCurrentYearProfit", controller = "Sales"}. Executing controller action with signature System.Threading.Tasks.Task`1[Microsoft.AspNetCore.Mvc.IActionResult] GetCurrentYearProfit() on controller AuthNet.Controllers.SalesController (AuthNet).
2025-07-19 22:23:19.130 +05:30 [INF] Executed DbCommand (5ms) [Parameters=[@__currentYear_0='?' (DbType = Int32)], CommandType='"Text"', CommandTimeout='30']
SELECT [s].[Id], [s].[ProductId], [s].[ProductName], [s].[Quantity], [s].[SaleId], [s].[TotalPrice], [s].[UnitPrice], [s0].[Id], [s0].[AfterTaxAmount], [s0].[CreatedAt], [s0].[DiscountedAmount], [s0].[InvoiceDate], [s0].[InvoiceNo], [s0].[PrincipalAmount], [s0].[Template], [s0].[TotalAmount]
FROM [SaleItems] AS [s]
INNER JOIN [Sales] AS [s0] ON [s].[SaleId] = [s0].[Id]
WHERE DATEPART(year, [s0].[InvoiceDate]) = @__currentYear_0
2025-07-19 22:23:19.132 +05:30 [INF] Executed DbCommand (1ms) [Parameters=[@__productIds_0='?' (Size = 4000)], CommandType='"Text"', CommandTimeout='30']
SELECT [p].[ProductId], [p].[CategoryId], [p].[CostPrice], [p].[Description], [p].[Name], [p].[ProductCode], [p].[ProductKey], [p].[SellPrice], [p].[SupplierId]
FROM [Products] AS [p]
WHERE [p].[ProductId] IN (
    SELECT [p0].[value]
    FROM OPENJSON(@__productIds_0) WITH ([value] int '$') AS [p0]
)
2025-07-19 22:23:19.132 +05:30 [INF] Executing OkObjectResult, writing value of type 'AuthNet.Models.DTO.YearlyProfitDto'.
2025-07-19 22:23:19.133 +05:30 [INF] Executed action AuthNet.Controllers.SalesController.GetCurrentYearProfit (AuthNet) in 9.2328ms
2025-07-19 22:23:19.133 +05:30 [INF] Executed endpoint 'AuthNet.Controllers.SalesController.GetCurrentYearProfit (AuthNet)'
2025-07-19 22:23:19.133 +05:30 [INF] Request finished HTTP/1.1 GET https://localhost:7165/api/Sales/CurrentYearProfit - 200 null application/json; charset=utf-8 26.2151ms
2025-07-19 22:23:19.148 +05:30 [INF] Request starting HTTP/1.1 GET https://localhost:7165/api/Tasks - null null
2025-07-19 22:23:19.149 +05:30 [INF] Executing endpoint 'AuthNet.Controllers.TasksController.GetTasks (AuthNet)'
2025-07-19 22:23:19.151 +05:30 [INF] Route matched with {action = "GetTasks", controller = "Tasks"}. Executing controller action with signature Microsoft.AspNetCore.Mvc.IActionResult GetTasks() on controller AuthNet.Controllers.TasksController (AuthNet).
2025-07-19 22:23:19.157 +05:30 [INF] Executed DbCommand (3ms) [Parameters=[], CommandType='"Text"', CommandTimeout='30']
SELECT [t].[Id], [t].[Title], [t].[DueDate]
FROM [Tasks] AS [t]
2025-07-19 22:23:19.157 +05:30 [INF] Executing OkObjectResult, writing value of type 'System.Collections.Generic.List`1[[AuthNet.Models.DTO.TaskItemDto, AuthNet, Version=1.0.0.0, Culture=neutral, PublicKeyToken=null]]'.
2025-07-19 22:23:19.159 +05:30 [INF] Executed action AuthNet.Controllers.TasksController.GetTasks (AuthNet) in 7.9234ms
2025-07-19 22:23:19.159 +05:30 [INF] Executed endpoint 'AuthNet.Controllers.TasksController.GetTasks (AuthNet)'
2025-07-19 22:23:19.159 +05:30 [INF] Request finished HTTP/1.1 GET https://localhost:7165/api/Tasks - 200 null application/json; charset=utf-8 10.5405ms
2025-07-19 22:23:19.177 +05:30 [INF] Request starting HTTP/1.1 GET https://localhost:7165/api/Settings/Get - null null
2025-07-19 22:23:19.177 +05:30 [INF] Executing endpoint 'AuthNet.Controllers.SettingsController.GetCompanyInfo (AuthNet)'
2025-07-19 22:23:19.181 +05:30 [INF] Route matched with {action = "GetCompanyInfo", controller = "Settings"}. Executing controller action with signature System.Threading.Tasks.Task`1[Microsoft.AspNetCore.Mvc.IActionResult] GetCompanyInfo() on controller AuthNet.Controllers.SettingsController (AuthNet).
2025-07-19 22:23:19.191 +05:30 [INF] Executed DbCommand (9ms) [Parameters=[], CommandType='"Text"', CommandTimeout='30']
SELECT TOP(1) [c].[Id], [c].[Address], [c].[ContactNumber], [c].[Email], [c].[GSTIN], [c].[LogoFileExtension], [c].[LogoFilePath], [c].[LogoFileSizeInBytes], [c].[LogoName], [c].[Name], [c].[SignFileExtension], [c].[SignFilePath], [c].[SignFileSizeInBytes], [c].[SignName]
FROM [CompanyInfos] AS [c]
2025-07-19 22:23:19.192 +05:30 [INF] Executing OkObjectResult, writing value of type 'AuthNet.Models.DTO.CompanyInfoResponseDto'.
2025-07-19 22:23:19.194 +05:30 [INF] Executed action AuthNet.Controllers.SettingsController.GetCompanyInfo (AuthNet) in 12.1911ms
2025-07-19 22:23:19.194 +05:30 [INF] Executed endpoint 'AuthNet.Controllers.SettingsController.GetCompanyInfo (AuthNet)'
2025-07-19 22:23:19.194 +05:30 [INF] Request finished HTTP/1.1 GET https://localhost:7165/api/Settings/Get - 200 null application/json; charset=utf-8 17.7024ms
2025-07-19 22:23:19.242 +05:30 [INF] Request starting HTTP/2 GET https://localhost:7165/swagger/v1/swagger.json - null null
2025-07-19 22:23:19.363 +05:30 [INF] Request finished HTTP/2 GET https://localhost:7165/swagger/v1/swagger.json - 200 null application/json;charset=utf-8 121.4879ms
2025-07-19 22:26:21.969 +05:30 [INF] Request starting HTTP/1.1 GET https://localhost:7165/api/Sales/DailyProfit - null null
2025-07-19 22:26:21.969 +05:30 [INF] Executing endpoint 'AuthNet.Controllers.SalesController.GetDailyProfit (AuthNet)'
2025-07-19 22:26:21.973 +05:30 [INF] Route matched with {action = "GetDailyProfit", controller = "Sales"}. Executing controller action with signature System.Threading.Tasks.Task`1[Microsoft.AspNetCore.Mvc.IActionResult] GetDailyProfit() on controller AuthNet.Controllers.SalesController (AuthNet).
2025-07-19 22:26:21.988 +05:30 [INF] Executed DbCommand (14ms) [Parameters=[@__date_Date_0='?' (DbType = DateTime2)], CommandType='"Text"', CommandTimeout='30']
SELECT [s].[Id], [s].[ProductId], [s].[ProductName], [s].[Quantity], [s].[SaleId], [s].[TotalPrice], [s].[UnitPrice], [s0].[Id], [s0].[AfterTaxAmount], [s0].[CreatedAt], [s0].[DiscountedAmount], [s0].[InvoiceDate], [s0].[InvoiceNo], [s0].[PrincipalAmount], [s0].[Template], [s0].[TotalAmount]
FROM [SaleItems] AS [s]
INNER JOIN [Sales] AS [s0] ON [s].[SaleId] = [s0].[Id]
WHERE CONVERT(date, [s0].[InvoiceDate]) = @__date_Date_0
2025-07-19 22:26:21.998 +05:30 [INF] Executed DbCommand (9ms) [Parameters=[@__productIds_0='?' (Size = 4000)], CommandType='"Text"', CommandTimeout='30']
SELECT [p].[ProductId], [p].[CategoryId], [p].[CostPrice], [p].[Description], [p].[Name], [p].[ProductCode], [p].[ProductKey], [p].[SellPrice], [p].[SupplierId]
FROM [Products] AS [p]
WHERE [p].[ProductId] IN (
    SELECT [p0].[value]
    FROM OPENJSON(@__productIds_0) WITH ([value] int '$') AS [p0]
)
2025-07-19 22:26:21.999 +05:30 [INF] Executing OkObjectResult, writing value of type 'AuthNet.Models.DTO.DailyProfitDto'.
2025-07-19 22:26:22.003 +05:30 [INF] Executed action AuthNet.Controllers.SalesController.GetDailyProfit (AuthNet) in 30.4387ms
2025-07-19 22:26:22.004 +05:30 [INF] Executed endpoint 'AuthNet.Controllers.SalesController.GetDailyProfit (AuthNet)'
2025-07-19 22:26:22.005 +05:30 [INF] Request finished HTTP/1.1 GET https://localhost:7165/api/Sales/DailyProfit - 200 null application/json; charset=utf-8 36.1944ms
2025-07-19 22:26:22.032 +05:30 [INF] Request starting HTTP/1.1 GET https://localhost:7165/api/Sales/CurrentMonthProfit - null null
2025-07-19 22:26:22.033 +05:30 [INF] Executing endpoint 'AuthNet.Controllers.SalesController.GetCurrentMonthProfit (AuthNet)'
2025-07-19 22:26:22.038 +05:30 [INF] Route matched with {action = "GetCurrentMonthProfit", controller = "Sales"}. Executing controller action with signature System.Threading.Tasks.Task`1[Microsoft.AspNetCore.Mvc.IActionResult] GetCurrentMonthProfit() on controller AuthNet.Controllers.SalesController (AuthNet).
2025-07-19 22:26:22.048 +05:30 [INF] Executed DbCommand (9ms) [Parameters=[@__currentYear_0='?' (DbType = Int32), @__currentMonth_1='?' (DbType = Int32)], CommandType='"Text"', CommandTimeout='30']
SELECT [s].[Id], [s].[ProductId], [s].[ProductName], [s].[Quantity], [s].[SaleId], [s].[TotalPrice], [s].[UnitPrice], [s0].[Id], [s0].[AfterTaxAmount], [s0].[CreatedAt], [s0].[DiscountedAmount], [s0].[InvoiceDate], [s0].[InvoiceNo], [s0].[PrincipalAmount], [s0].[Template], [s0].[TotalAmount]
FROM [SaleItems] AS [s]
INNER JOIN [Sales] AS [s0] ON [s].[SaleId] = [s0].[Id]
WHERE DATEPART(year, [s0].[InvoiceDate]) = @__currentYear_0 AND DATEPART(month, [s0].[InvoiceDate]) = @__currentMonth_1
2025-07-19 22:26:22.050 +05:30 [INF] Executed DbCommand (1ms) [Parameters=[@__productIds_0='?' (Size = 4000)], CommandType='"Text"', CommandTimeout='30']
SELECT [p].[ProductId], [p].[CategoryId], [p].[CostPrice], [p].[Description], [p].[Name], [p].[ProductCode], [p].[ProductKey], [p].[SellPrice], [p].[SupplierId]
FROM [Products] AS [p]
WHERE [p].[ProductId] IN (
    SELECT [p0].[value]
    FROM OPENJSON(@__productIds_0) WITH ([value] int '$') AS [p0]
)
2025-07-19 22:26:22.050 +05:30 [INF] Executing OkObjectResult, writing value of type 'AuthNet.Models.DTO.MonthlyProfitDto'.
2025-07-19 22:26:22.052 +05:30 [INF] Executed action AuthNet.Controllers.SalesController.GetCurrentMonthProfit (AuthNet) in 13.7979ms
2025-07-19 22:26:22.052 +05:30 [INF] Executed endpoint 'AuthNet.Controllers.SalesController.GetCurrentMonthProfit (AuthNet)'
2025-07-19 22:26:22.053 +05:30 [INF] Request finished HTTP/1.1 GET https://localhost:7165/api/Sales/CurrentMonthProfit - 200 null application/json; charset=utf-8 20.8075ms
2025-07-19 22:26:22.066 +05:30 [INF] Request starting HTTP/2 GET https://localhost:7165/swagger/index.html - null null
2025-07-19 22:26:22.072 +05:30 [INF] Request starting HTTP/1.1 GET https://localhost:7165/api/Sales/CurrentYearProfit - null null
2025-07-19 22:26:22.078 +05:30 [INF] Request finished HTTP/2 GET https://localhost:7165/swagger/index.html - 200 null text/html;charset=utf-8 12ms
2025-07-19 22:26:22.088 +05:30 [INF] Executing endpoint 'AuthNet.Controllers.SalesController.GetCurrentYearProfit (AuthNet)'
2025-07-19 22:26:22.107 +05:30 [INF] Route matched with {action = "GetCurrentYearProfit", controller = "Sales"}. Executing controller action with signature System.Threading.Tasks.Task`1[Microsoft.AspNetCore.Mvc.IActionResult] GetCurrentYearProfit() on controller AuthNet.Controllers.SalesController (AuthNet).
2025-07-19 22:26:22.123 +05:30 [INF] Executed DbCommand (15ms) [Parameters=[@__currentYear_0='?' (DbType = Int32)], CommandType='"Text"', CommandTimeout='30']
SELECT [s].[Id], [s].[ProductId], [s].[ProductName], [s].[Quantity], [s].[SaleId], [s].[TotalPrice], [s].[UnitPrice], [s0].[Id], [s0].[AfterTaxAmount], [s0].[CreatedAt], [s0].[DiscountedAmount], [s0].[InvoiceDate], [s0].[InvoiceNo], [s0].[PrincipalAmount], [s0].[Template], [s0].[TotalAmount]
FROM [SaleItems] AS [s]
INNER JOIN [Sales] AS [s0] ON [s].[SaleId] = [s0].[Id]
WHERE DATEPART(year, [s0].[InvoiceDate]) = @__currentYear_0
2025-07-19 22:26:22.131 +05:30 [INF] Executed DbCommand (7ms) [Parameters=[@__productIds_0='?' (Size = 4000)], CommandType='"Text"', CommandTimeout='30']
SELECT [p].[ProductId], [p].[CategoryId], [p].[CostPrice], [p].[Description], [p].[Name], [p].[ProductCode], [p].[ProductKey], [p].[SellPrice], [p].[SupplierId]
FROM [Products] AS [p]
WHERE [p].[ProductId] IN (
    SELECT [p0].[value]
    FROM OPENJSON(@__productIds_0) WITH ([value] int '$') AS [p0]
)
2025-07-19 22:26:22.131 +05:30 [INF] Executing OkObjectResult, writing value of type 'AuthNet.Models.DTO.YearlyProfitDto'.
2025-07-19 22:26:22.133 +05:30 [INF] Executed action AuthNet.Controllers.SalesController.GetCurrentYearProfit (AuthNet) in 26.1661ms
2025-07-19 22:26:22.133 +05:30 [INF] Request starting HTTP/2 GET https://localhost:7165/_framework/aspnetcore-browser-refresh.js - null null
2025-07-19 22:26:22.133 +05:30 [INF] Executed endpoint 'AuthNet.Controllers.SalesController.GetCurrentYearProfit (AuthNet)'
2025-07-19 22:26:22.134 +05:30 [INF] Request starting HTTP/2 GET https://localhost:7165/_vs/browserLink - null null
2025-07-19 22:26:22.134 +05:30 [INF] Request finished HTTP/1.1 GET https://localhost:7165/api/Sales/CurrentYearProfit - 200 null application/json; charset=utf-8 61.8742ms
2025-07-19 22:26:22.139 +05:30 [INF] Request finished HTTP/2 GET https://localhost:7165/_framework/aspnetcore-browser-refresh.js - 200 16499 application/javascript; charset=utf-8 5.4178ms
2025-07-19 22:26:22.183 +05:30 [INF] Request starting HTTP/1.1 GET https://localhost:7165/api/Tasks - null null
2025-07-19 22:26:22.183 +05:30 [INF] Executing endpoint 'AuthNet.Controllers.TasksController.GetTasks (AuthNet)'
2025-07-19 22:26:22.188 +05:30 [INF] Route matched with {action = "GetTasks", controller = "Tasks"}. Executing controller action with signature Microsoft.AspNetCore.Mvc.IActionResult GetTasks() on controller AuthNet.Controllers.TasksController (AuthNet).
2025-07-19 22:26:22.206 +05:30 [INF] Request finished HTTP/2 GET https://localhost:7165/_vs/browserLink - 200 null text/javascript; charset=UTF-8 71.8857ms
2025-07-19 22:26:22.335 +05:30 [INF] Executed DbCommand (145ms) [Parameters=[], CommandType='"Text"', CommandTimeout='30']
SELECT [t].[Id], [t].[Title], [t].[DueDate]
FROM [Tasks] AS [t]
2025-07-19 22:26:22.336 +05:30 [INF] Executing OkObjectResult, writing value of type 'System.Collections.Generic.List`1[[AuthNet.Models.DTO.TaskItemDto, AuthNet, Version=1.0.0.0, Culture=neutral, PublicKeyToken=null]]'.
2025-07-19 22:26:22.337 +05:30 [INF] Executed action AuthNet.Controllers.TasksController.GetTasks (AuthNet) in 149.386ms
2025-07-19 22:26:22.338 +05:30 [INF] Executed endpoint 'AuthNet.Controllers.TasksController.GetTasks (AuthNet)'
2025-07-19 22:26:22.338 +05:30 [INF] Request finished HTTP/1.1 GET https://localhost:7165/api/Tasks - 200 null application/json; charset=utf-8 154.7261ms
2025-07-19 22:26:22.437 +05:30 [INF] Request starting HTTP/1.1 GET https://localhost:7165/api/Settings/Get - null null
2025-07-19 22:26:22.439 +05:30 [INF] Executing endpoint 'AuthNet.Controllers.SettingsController.GetCompanyInfo (AuthNet)'
2025-07-19 22:26:22.446 +05:30 [INF] Route matched with {action = "GetCompanyInfo", controller = "Settings"}. Executing controller action with signature System.Threading.Tasks.Task`1[Microsoft.AspNetCore.Mvc.IActionResult] GetCompanyInfo() on controller AuthNet.Controllers.SettingsController (AuthNet).
2025-07-19 22:26:22.569 +05:30 [INF] Executed DbCommand (122ms) [Parameters=[], CommandType='"Text"', CommandTimeout='30']
SELECT TOP(1) [c].[Id], [c].[Address], [c].[ContactNumber], [c].[Email], [c].[GSTIN], [c].[LogoFileExtension], [c].[LogoFilePath], [c].[LogoFileSizeInBytes], [c].[LogoName], [c].[Name], [c].[SignFileExtension], [c].[SignFilePath], [c].[SignFileSizeInBytes], [c].[SignName]
FROM [CompanyInfos] AS [c]
2025-07-19 22:26:22.570 +05:30 [INF] Executing OkObjectResult, writing value of type 'AuthNet.Models.DTO.CompanyInfoResponseDto'.
2025-07-19 22:26:22.572 +05:30 [INF] Executed action AuthNet.Controllers.SettingsController.GetCompanyInfo (AuthNet) in 126.1139ms
2025-07-19 22:26:22.572 +05:30 [INF] Executed endpoint 'AuthNet.Controllers.SettingsController.GetCompanyInfo (AuthNet)'
2025-07-19 22:26:22.572 +05:30 [INF] Request finished HTTP/1.1 GET https://localhost:7165/api/Settings/Get - 200 null application/json; charset=utf-8 135.1539ms
2025-07-19 22:26:22.822 +05:30 [INF] Request starting HTTP/2 GET https://localhost:7165/api/Sales/WeeklyProfit - null null
2025-07-19 22:26:22.822 +05:30 [INF] CORS policy execution successful.
2025-07-19 22:26:22.823 +05:30 [INF] Executing endpoint 'AuthNet.Controllers.SalesController.GetWeeklyProfit (AuthNet)'
2025-07-19 22:26:22.833 +05:30 [INF] Route matched with {action = "GetWeeklyProfit", controller = "Sales"}. Executing controller action with signature System.Threading.Tasks.Task`1[Microsoft.AspNetCore.Mvc.IActionResult] GetWeeklyProfit() on controller AuthNet.Controllers.SalesController (AuthNet).
2025-07-19 22:26:22.889 +05:30 [INF] Executed DbCommand (54ms) [Parameters=[@__startDate_0='?' (DbType = DateTime2), @__endDate_1='?' (DbType = DateTime2)], CommandType='"Text"', CommandTimeout='30']
SELECT [s].[Id], [s].[ProductId], [s].[ProductName], [s].[Quantity], [s].[SaleId], [s].[TotalPrice], [s].[UnitPrice], [s0].[Id], [s0].[AfterTaxAmount], [s0].[CreatedAt], [s0].[DiscountedAmount], [s0].[InvoiceDate], [s0].[InvoiceNo], [s0].[PrincipalAmount], [s0].[Template], [s0].[TotalAmount]
FROM [SaleItems] AS [s]
INNER JOIN [Sales] AS [s0] ON [s].[SaleId] = [s0].[Id]
WHERE CONVERT(date, [s0].[InvoiceDate]) >= @__startDate_0 AND CONVERT(date, [s0].[InvoiceDate]) <= @__endDate_1
2025-07-19 22:26:23.068 +05:30 [INF] Executed DbCommand (178ms) [Parameters=[@__productIds_0='?' (Size = 4000)], CommandType='"Text"', CommandTimeout='30']
SELECT [p].[ProductId], [p].[CategoryId], [p].[CostPrice], [p].[Description], [p].[Name], [p].[ProductCode], [p].[ProductKey], [p].[SellPrice], [p].[SupplierId]
FROM [Products] AS [p]
WHERE [p].[ProductId] IN (
    SELECT [p0].[value]
    FROM OPENJSON(@__productIds_0) WITH ([value] int '$') AS [p0]
)
2025-07-19 22:26:23.068 +05:30 [INF] Executing OkObjectResult, writing value of type 'System.Collections.Generic.List`1[[AuthNet.Models.DTO.DailyProfitDto, AuthNet, Version=1.0.0.0, Culture=neutral, PublicKeyToken=null]]'.
2025-07-19 22:26:23.069 +05:30 [INF] Executed action AuthNet.Controllers.SalesController.GetWeeklyProfit (AuthNet) in 235.958ms
2025-07-19 22:26:23.069 +05:30 [INF] Executed endpoint 'AuthNet.Controllers.SalesController.GetWeeklyProfit (AuthNet)'
2025-07-19 22:26:23.070 +05:30 [INF] Request finished HTTP/2 GET https://localhost:7165/api/Sales/WeeklyProfit - 200 null application/json; charset=utf-8 247.5512ms
2025-07-19 22:26:24.101 +05:30 [INF] Request starting HTTP/2 GET https://localhost:7165/swagger/v1/swagger.json - null null
2025-07-19 22:26:24.167 +05:30 [INF] Request finished HTTP/2 GET https://localhost:7165/swagger/v1/swagger.json - 200 null application/json;charset=utf-8 66.1178ms
