2025-07-20 07:54:21.565 +05:30 [INF] User profile is available. Using 'C:\Users\Admin\AppData\Local\ASP.NET\DataProtection-Keys' as key repository and Windows DPAPI to encrypt keys at rest.
2025-07-20 07:54:22.931 +05:30 [INF] Now listening on: https://localhost:7165
2025-07-20 07:54:22.932 +05:30 [INF] Now listening on: http://localhost:5008
2025-07-20 07:54:23.453 +05:30 [INF] Request starting HTTP/1.1 GET https://localhost:7165/api/Sales/DailyProfit - null null
2025-07-20 07:54:23.620 +05:30 [INF] Application started. Press Ctrl+C to shut down.
2025-07-20 07:54:23.621 +05:30 [INF] Hosting environment: Development
2025-07-20 07:54:24.068 +05:30 [INF] Content root path: C:\Users\Admin\Source\Repos\AuthNet\AuthNet
2025-07-20 07:54:24.635 +05:30 [INF] Request starting HTTP/2 GET https://localhost:7165/swagger/index.html - null null
2025-07-20 07:54:24.830 +05:30 [INF] Executing endpoint 'AuthNet.Controllers.SalesController.GetDailyProfit (AuthNet)'
2025-07-20 07:54:24.956 +05:30 [INF] Route matched with {action = "GetDailyProfit", controller = "Sales"}. Executing controller action with signature System.Threading.Tasks.Task`1[Microsoft.AspNetCore.Mvc.IActionResult] GetDailyProfit() on controller AuthNet.Controllers.SalesController (AuthNet).
2025-07-20 07:54:25.450 +05:30 [INF] Request starting HTTP/2 GET https://localhost:7165/_framework/aspnetcore-browser-refresh.js - null null
2025-07-20 07:54:25.455 +05:30 [INF] Request starting HTTP/2 GET https://localhost:7165/_vs/browserLink - null null
2025-07-20 07:54:25.455 +05:30 [INF] Request finished HTTP/2 GET https://localhost:7165/swagger/index.html - 200 null text/html;charset=utf-8 821.1955ms
2025-07-20 07:54:25.489 +05:30 [INF] Request finished HTTP/2 GET https://localhost:7165/_framework/aspnetcore-browser-refresh.js - 200 16499 application/javascript; charset=utf-8 38.2635ms
2025-07-20 07:54:25.884 +05:30 [INF] Request finished HTTP/2 GET https://localhost:7165/_vs/browserLink - 200 null text/javascript; charset=UTF-8 429.0497ms
2025-07-20 07:54:26.031 +05:30 [INF] Request starting HTTP/2 GET https://localhost:7165/swagger/v1/swagger.json - null null
2025-07-20 07:54:26.215 +05:30 [INF] Request finished HTTP/2 GET https://localhost:7165/swagger/v1/swagger.json - 200 null application/json;charset=utf-8 184.0756ms
2025-07-20 07:54:28.425 +05:30 [WRN] No store type was specified for the decimal property 'TotalAmount' on entity type 'Order'. This will cause values to be silently truncated if they do not fit in the default precision and scale. Explicitly specify the SQL server column type that can accommodate all the values in 'OnModelCreating' using 'HasColumnType', specify precision and scale using 'HasPrecision', or configure a value converter using 'HasConversion'.
2025-07-20 07:54:28.426 +05:30 [WRN] No store type was specified for the decimal property 'UnitPrice' on entity type 'OrderItem'. This will cause values to be silently truncated if they do not fit in the default precision and scale. Explicitly specify the SQL server column type that can accommodate all the values in 'OnModelCreating' using 'HasColumnType', specify precision and scale using 'HasPrecision', or configure a value converter using 'HasConversion'.
2025-07-20 07:54:28.426 +05:30 [WRN] No store type was specified for the decimal property 'CostPrice' on entity type 'Product'. This will cause values to be silently truncated if they do not fit in the default precision and scale. Explicitly specify the SQL server column type that can accommodate all the values in 'OnModelCreating' using 'HasColumnType', specify precision and scale using 'HasPrecision', or configure a value converter using 'HasConversion'.
2025-07-20 07:54:28.426 +05:30 [WRN] No store type was specified for the decimal property 'SellPrice' on entity type 'Product'. This will cause values to be silently truncated if they do not fit in the default precision and scale. Explicitly specify the SQL server column type that can accommodate all the values in 'OnModelCreating' using 'HasColumnType', specify precision and scale using 'HasPrecision', or configure a value converter using 'HasConversion'.
2025-07-20 07:54:28.426 +05:30 [WRN] No store type was specified for the decimal property 'TotalAmount' on entity type 'PurchaseOrder'. This will cause values to be silently truncated if they do not fit in the default precision and scale. Explicitly specify the SQL server column type that can accommodate all the values in 'OnModelCreating' using 'HasColumnType', specify precision and scale using 'HasPrecision', or configure a value converter using 'HasConversion'.
2025-07-20 07:54:28.426 +05:30 [WRN] No store type was specified for the decimal property 'UnitPrice' on entity type 'PurchaseOrderItems'. This will cause values to be silently truncated if they do not fit in the default precision and scale. Explicitly specify the SQL server column type that can accommodate all the values in 'OnModelCreating' using 'HasColumnType', specify precision and scale using 'HasPrecision', or configure a value converter using 'HasConversion'.
2025-07-20 07:54:28.426 +05:30 [WRN] No store type was specified for the decimal property 'AfterTaxAmount' on entity type 'Sale'. This will cause values to be silently truncated if they do not fit in the default precision and scale. Explicitly specify the SQL server column type that can accommodate all the values in 'OnModelCreating' using 'HasColumnType', specify precision and scale using 'HasPrecision', or configure a value converter using 'HasConversion'.
2025-07-20 07:54:28.426 +05:30 [WRN] No store type was specified for the decimal property 'DiscountedAmount' on entity type 'Sale'. This will cause values to be silently truncated if they do not fit in the default precision and scale. Explicitly specify the SQL server column type that can accommodate all the values in 'OnModelCreating' using 'HasColumnType', specify precision and scale using 'HasPrecision', or configure a value converter using 'HasConversion'.
2025-07-20 07:54:28.426 +05:30 [WRN] No store type was specified for the decimal property 'PrincipalAmount' on entity type 'Sale'. This will cause values to be silently truncated if they do not fit in the default precision and scale. Explicitly specify the SQL server column type that can accommodate all the values in 'OnModelCreating' using 'HasColumnType', specify precision and scale using 'HasPrecision', or configure a value converter using 'HasConversion'.
2025-07-20 07:54:28.426 +05:30 [WRN] No store type was specified for the decimal property 'TotalAmount' on entity type 'Sale'. This will cause values to be silently truncated if they do not fit in the default precision and scale. Explicitly specify the SQL server column type that can accommodate all the values in 'OnModelCreating' using 'HasColumnType', specify precision and scale using 'HasPrecision', or configure a value converter using 'HasConversion'.
2025-07-20 07:54:28.426 +05:30 [WRN] No store type was specified for the decimal property 'TotalPrice' on entity type 'SaleItem'. This will cause values to be silently truncated if they do not fit in the default precision and scale. Explicitly specify the SQL server column type that can accommodate all the values in 'OnModelCreating' using 'HasColumnType', specify precision and scale using 'HasPrecision', or configure a value converter using 'HasConversion'.
2025-07-20 07:54:28.426 +05:30 [WRN] No store type was specified for the decimal property 'UnitPrice' on entity type 'SaleItem'. This will cause values to be silently truncated if they do not fit in the default precision and scale. Explicitly specify the SQL server column type that can accommodate all the values in 'OnModelCreating' using 'HasColumnType', specify precision and scale using 'HasPrecision', or configure a value converter using 'HasConversion'.
2025-07-20 07:54:28.426 +05:30 [WRN] No store type was specified for the decimal property 'CGST' on entity type 'TaxSetting'. This will cause values to be silently truncated if they do not fit in the default precision and scale. Explicitly specify the SQL server column type that can accommodate all the values in 'OnModelCreating' using 'HasColumnType', specify precision and scale using 'HasPrecision', or configure a value converter using 'HasConversion'.
2025-07-20 07:54:28.427 +05:30 [WRN] No store type was specified for the decimal property 'IGST' on entity type 'TaxSetting'. This will cause values to be silently truncated if they do not fit in the default precision and scale. Explicitly specify the SQL server column type that can accommodate all the values in 'OnModelCreating' using 'HasColumnType', specify precision and scale using 'HasPrecision', or configure a value converter using 'HasConversion'.
2025-07-20 07:54:28.427 +05:30 [WRN] No store type was specified for the decimal property 'SGST' on entity type 'TaxSetting'. This will cause values to be silently truncated if they do not fit in the default precision and scale. Explicitly specify the SQL server column type that can accommodate all the values in 'OnModelCreating' using 'HasColumnType', specify precision and scale using 'HasPrecision', or configure a value converter using 'HasConversion'.
2025-07-20 07:54:31.334 +05:30 [INF] Executed DbCommand (256ms) [Parameters=[@__date_Date_0='?' (DbType = DateTime2)], CommandType='"Text"', CommandTimeout='30']
SELECT [s].[Id], [s].[ProductId], [s].[ProductName], [s].[Quantity], [s].[SaleId], [s].[TotalPrice], [s].[UnitPrice], [s0].[Id], [s0].[AfterTaxAmount], [s0].[CreatedAt], [s0].[DiscountedAmount], [s0].[InvoiceDate], [s0].[InvoiceNo], [s0].[PrincipalAmount], [s0].[Template], [s0].[TotalAmount]
FROM [SaleItems] AS [s]
INNER JOIN [Sales] AS [s0] ON [s].[SaleId] = [s0].[Id]
WHERE CONVERT(date, [s0].[InvoiceDate]) = @__date_Date_0
2025-07-20 07:54:31.619 +05:30 [INF] Executed DbCommand (50ms) [Parameters=[@__productIds_0='?' (Size = 4000)], CommandType='"Text"', CommandTimeout='30']
SELECT [p].[ProductId], [p].[CategoryId], [p].[CostPrice], [p].[Description], [p].[Name], [p].[ProductCode], [p].[ProductKey], [p].[SellPrice], [p].[SupplierId]
FROM [Products] AS [p]
WHERE [p].[ProductId] IN (
    SELECT [p0].[value]
    FROM OPENJSON(@__productIds_0) WITH ([value] int '$') AS [p0]
)
2025-07-20 07:54:31.637 +05:30 [INF] Executing OkObjectResult, writing value of type 'AuthNet.Models.DTO.DailyProfitDto'.
2025-07-20 07:54:31.730 +05:30 [INF] Executed action AuthNet.Controllers.SalesController.GetDailyProfit (AuthNet) in 6766.3069ms
2025-07-20 07:54:31.731 +05:30 [INF] Executed endpoint 'AuthNet.Controllers.SalesController.GetDailyProfit (AuthNet)'
2025-07-20 07:54:31.747 +05:30 [INF] Request finished HTTP/1.1 GET https://localhost:7165/api/Sales/DailyProfit - 200 null application/json; charset=utf-8 8311.5847ms
2025-07-20 07:54:31.790 +05:30 [INF] Request starting HTTP/1.1 GET https://localhost:7165/api/Sales/CurrentMonthProfit - null null
2025-07-20 07:54:31.803 +05:30 [INF] Executing endpoint 'AuthNet.Controllers.SalesController.GetCurrentMonthProfit (AuthNet)'
2025-07-20 07:54:31.815 +05:30 [INF] Route matched with {action = "GetCurrentMonthProfit", controller = "Sales"}. Executing controller action with signature System.Threading.Tasks.Task`1[Microsoft.AspNetCore.Mvc.IActionResult] GetCurrentMonthProfit() on controller AuthNet.Controllers.SalesController (AuthNet).
2025-07-20 07:54:31.945 +05:30 [INF] Executed DbCommand (19ms) [Parameters=[@__currentYear_0='?' (DbType = Int32), @__currentMonth_1='?' (DbType = Int32)], CommandType='"Text"', CommandTimeout='30']
SELECT [s].[Id], [s].[ProductId], [s].[ProductName], [s].[Quantity], [s].[SaleId], [s].[TotalPrice], [s].[UnitPrice], [s0].[Id], [s0].[AfterTaxAmount], [s0].[CreatedAt], [s0].[DiscountedAmount], [s0].[InvoiceDate], [s0].[InvoiceNo], [s0].[PrincipalAmount], [s0].[Template], [s0].[TotalAmount]
FROM [SaleItems] AS [s]
INNER JOIN [Sales] AS [s0] ON [s].[SaleId] = [s0].[Id]
WHERE DATEPART(year, [s0].[InvoiceDate]) = @__currentYear_0 AND DATEPART(month, [s0].[InvoiceDate]) = @__currentMonth_1
2025-07-20 07:54:32.152 +05:30 [INF] Executed DbCommand (11ms) [Parameters=[@__productIds_0='?' (Size = 4000)], CommandType='"Text"', CommandTimeout='30']
SELECT [p].[ProductId], [p].[CategoryId], [p].[CostPrice], [p].[Description], [p].[Name], [p].[ProductCode], [p].[ProductKey], [p].[SellPrice], [p].[SupplierId]
FROM [Products] AS [p]
WHERE [p].[ProductId] IN (
    SELECT [p0].[value]
    FROM OPENJSON(@__productIds_0) WITH ([value] int '$') AS [p0]
)
2025-07-20 07:54:32.286 +05:30 [INF] Executing OkObjectResult, writing value of type 'AuthNet.Models.DTO.MonthlyProfitDto'.
2025-07-20 07:54:32.289 +05:30 [INF] Executed action AuthNet.Controllers.SalesController.GetCurrentMonthProfit (AuthNet) in 474.5604ms
2025-07-20 07:54:32.290 +05:30 [INF] Executed endpoint 'AuthNet.Controllers.SalesController.GetCurrentMonthProfit (AuthNet)'
2025-07-20 07:54:32.291 +05:30 [INF] Request finished HTTP/1.1 GET https://localhost:7165/api/Sales/CurrentMonthProfit - 200 null application/json; charset=utf-8 501.2274ms
2025-07-20 07:54:32.324 +05:30 [INF] Request starting HTTP/1.1 GET https://localhost:7165/api/Sales/CurrentYearProfit - null null
2025-07-20 07:54:32.345 +05:30 [INF] Executing endpoint 'AuthNet.Controllers.SalesController.GetCurrentYearProfit (AuthNet)'
2025-07-20 07:54:32.360 +05:30 [INF] Route matched with {action = "GetCurrentYearProfit", controller = "Sales"}. Executing controller action with signature System.Threading.Tasks.Task`1[Microsoft.AspNetCore.Mvc.IActionResult] GetCurrentYearProfit() on controller AuthNet.Controllers.SalesController (AuthNet).
2025-07-20 07:54:32.581 +05:30 [INF] Executed DbCommand (12ms) [Parameters=[@__currentYear_0='?' (DbType = Int32)], CommandType='"Text"', CommandTimeout='30']
SELECT [s].[Id], [s].[ProductId], [s].[ProductName], [s].[Quantity], [s].[SaleId], [s].[TotalPrice], [s].[UnitPrice], [s0].[Id], [s0].[AfterTaxAmount], [s0].[CreatedAt], [s0].[DiscountedAmount], [s0].[InvoiceDate], [s0].[InvoiceNo], [s0].[PrincipalAmount], [s0].[Template], [s0].[TotalAmount]
FROM [SaleItems] AS [s]
INNER JOIN [Sales] AS [s0] ON [s].[SaleId] = [s0].[Id]
WHERE DATEPART(year, [s0].[InvoiceDate]) = @__currentYear_0
2025-07-20 07:54:32.594 +05:30 [INF] Executed DbCommand (10ms) [Parameters=[@__productIds_0='?' (Size = 4000)], CommandType='"Text"', CommandTimeout='30']
SELECT [p].[ProductId], [p].[CategoryId], [p].[CostPrice], [p].[Description], [p].[Name], [p].[ProductCode], [p].[ProductKey], [p].[SellPrice], [p].[SupplierId]
FROM [Products] AS [p]
WHERE [p].[ProductId] IN (
    SELECT [p0].[value]
    FROM OPENJSON(@__productIds_0) WITH ([value] int '$') AS [p0]
)
2025-07-20 07:54:32.596 +05:30 [INF] Executing OkObjectResult, writing value of type 'AuthNet.Models.DTO.YearlyProfitDto'.
2025-07-20 07:54:32.598 +05:30 [INF] Executed action AuthNet.Controllers.SalesController.GetCurrentYearProfit (AuthNet) in 237.6174ms
2025-07-20 07:54:32.598 +05:30 [INF] Executed endpoint 'AuthNet.Controllers.SalesController.GetCurrentYearProfit (AuthNet)'
2025-07-20 07:54:32.599 +05:30 [INF] Request finished HTTP/1.1 GET https://localhost:7165/api/Sales/CurrentYearProfit - 200 null application/json; charset=utf-8 274.9081ms
2025-07-20 07:54:32.621 +05:30 [INF] Request starting HTTP/1.1 GET https://localhost:7165/api/Tasks - null null
2025-07-20 07:54:32.622 +05:30 [INF] Executing endpoint 'AuthNet.Controllers.TasksController.GetTasks (AuthNet)'
2025-07-20 07:54:32.625 +05:30 [INF] Route matched with {action = "GetTasks", controller = "Tasks"}. Executing controller action with signature Microsoft.AspNetCore.Mvc.IActionResult GetTasks() on controller AuthNet.Controllers.TasksController (AuthNet).
2025-07-20 07:54:32.675 +05:30 [INF] Executed DbCommand (10ms) [Parameters=[], CommandType='"Text"', CommandTimeout='30']
SELECT [t].[Id], [t].[Title], [t].[DueDate]
FROM [Tasks] AS [t]
2025-07-20 07:54:32.687 +05:30 [INF] Executing OkObjectResult, writing value of type 'System.Collections.Generic.List`1[[AuthNet.Models.DTO.TaskItemDto, AuthNet, Version=1.0.0.0, Culture=neutral, PublicKeyToken=null]]'.
2025-07-20 07:54:32.701 +05:30 [INF] Executed action AuthNet.Controllers.TasksController.GetTasks (AuthNet) in 75.892ms
2025-07-20 07:54:32.701 +05:30 [INF] Executed endpoint 'AuthNet.Controllers.TasksController.GetTasks (AuthNet)'
2025-07-20 07:54:32.702 +05:30 [INF] Request finished HTTP/1.1 GET https://localhost:7165/api/Tasks - 200 null application/json; charset=utf-8 80.905ms
2025-07-20 07:54:32.724 +05:30 [INF] Request starting HTTP/1.1 GET https://localhost:7165/api/Settings/Get - null null
2025-07-20 07:54:32.726 +05:30 [INF] Executing endpoint 'AuthNet.Controllers.SettingsController.GetCompanyInfo (AuthNet)'
2025-07-20 07:54:32.731 +05:30 [INF] Route matched with {action = "GetCompanyInfo", controller = "Settings"}. Executing controller action with signature System.Threading.Tasks.Task`1[Microsoft.AspNetCore.Mvc.IActionResult] GetCompanyInfo() on controller AuthNet.Controllers.SettingsController (AuthNet).
2025-07-20 07:54:32.747 +05:30 [WRN] The query uses the 'First'/'FirstOrDefault' operator without 'OrderBy' and filter operators. This may lead to unpredictable results.
2025-07-20 07:54:32.773 +05:30 [INF] Executed DbCommand (12ms) [Parameters=[], CommandType='"Text"', CommandTimeout='30']
SELECT TOP(1) [c].[Id], [c].[Address], [c].[ContactNumber], [c].[Email], [c].[GSTIN], [c].[LogoFileExtension], [c].[LogoFilePath], [c].[LogoFileSizeInBytes], [c].[LogoName], [c].[Name], [c].[SignFileExtension], [c].[SignFilePath], [c].[SignFileSizeInBytes], [c].[SignName]
FROM [CompanyInfos] AS [c]
2025-07-20 07:54:32.836 +05:30 [INF] Executing OkObjectResult, writing value of type 'AuthNet.Models.DTO.CompanyInfoResponseDto'.
2025-07-20 07:54:32.842 +05:30 [INF] Executed action AuthNet.Controllers.SettingsController.GetCompanyInfo (AuthNet) in 110.6067ms
2025-07-20 07:54:32.842 +05:30 [INF] Executed endpoint 'AuthNet.Controllers.SettingsController.GetCompanyInfo (AuthNet)'
2025-07-20 07:54:32.842 +05:30 [INF] Request finished HTTP/1.1 GET https://localhost:7165/api/Settings/Get - 200 null application/json; charset=utf-8 117.8905ms
2025-07-20 07:54:33.637 +05:30 [INF] Request starting HTTP/2 GET https://localhost:7165/api/Products/CategoryWiseProductCount - null null
2025-07-20 07:54:33.637 +05:30 [INF] Request starting HTTP/2 GET https://localhost:7165/api/Sales/WeeklyProfit - null null
2025-07-20 07:54:33.641 +05:30 [INF] CORS policy execution successful.
2025-07-20 07:54:33.641 +05:30 [INF] CORS policy execution successful.
2025-07-20 07:54:33.643 +05:30 [INF] Executing endpoint 'AuthNet.Controllers.SalesController.GetWeeklyProfit (AuthNet)'
2025-07-20 07:54:33.643 +05:30 [INF] Executing endpoint 'AuthNet.Controllers.ProductsController.GetCategoryWiseProductCount (AuthNet)'
2025-07-20 07:54:33.649 +05:30 [INF] Route matched with {action = "GetCategoryWiseProductCount", controller = "Products"}. Executing controller action with signature System.Threading.Tasks.Task`1[Microsoft.AspNetCore.Mvc.IActionResult] GetCategoryWiseProductCount() on controller AuthNet.Controllers.ProductsController (AuthNet).
2025-07-20 07:54:33.649 +05:30 [INF] Route matched with {action = "GetWeeklyProfit", controller = "Sales"}. Executing controller action with signature System.Threading.Tasks.Task`1[Microsoft.AspNetCore.Mvc.IActionResult] GetWeeklyProfit() on controller AuthNet.Controllers.SalesController (AuthNet).
2025-07-20 07:54:33.714 +05:30 [INF] Executed DbCommand (45ms) [Parameters=[@__startDate_0='?' (DbType = DateTime2), @__endDate_1='?' (DbType = DateTime2)], CommandType='"Text"', CommandTimeout='30']
SELECT [s].[Id], [s].[ProductId], [s].[ProductName], [s].[Quantity], [s].[SaleId], [s].[TotalPrice], [s].[UnitPrice], [s0].[Id], [s0].[AfterTaxAmount], [s0].[CreatedAt], [s0].[DiscountedAmount], [s0].[InvoiceDate], [s0].[InvoiceNo], [s0].[PrincipalAmount], [s0].[Template], [s0].[TotalAmount]
FROM [SaleItems] AS [s]
INNER JOIN [Sales] AS [s0] ON [s].[SaleId] = [s0].[Id]
WHERE CONVERT(date, [s0].[InvoiceDate]) >= @__startDate_0 AND CONVERT(date, [s0].[InvoiceDate]) <= @__endDate_1
2025-07-20 07:54:33.737 +05:30 [INF] Executed DbCommand (16ms) [Parameters=[@__productIds_0='?' (Size = 4000)], CommandType='"Text"', CommandTimeout='30']
SELECT [p].[ProductId], [p].[CategoryId], [p].[CostPrice], [p].[Description], [p].[Name], [p].[ProductCode], [p].[ProductKey], [p].[SellPrice], [p].[SupplierId]
FROM [Products] AS [p]
WHERE [p].[ProductId] IN (
    SELECT [p0].[value]
    FROM OPENJSON(@__productIds_0) WITH ([value] int '$') AS [p0]
)
2025-07-20 07:54:33.762 +05:30 [INF] Executing OkObjectResult, writing value of type 'System.Collections.Generic.List`1[[AuthNet.Models.DTO.DailyProfitDto, AuthNet, Version=1.0.0.0, Culture=neutral, PublicKeyToken=null]]'.
2025-07-20 07:54:33.765 +05:30 [INF] Executed action AuthNet.Controllers.SalesController.GetWeeklyProfit (AuthNet) in 115.1486ms
2025-07-20 07:54:33.765 +05:30 [INF] Executed endpoint 'AuthNet.Controllers.SalesController.GetWeeklyProfit (AuthNet)'
2025-07-20 07:54:33.765 +05:30 [INF] Request finished HTTP/2 GET https://localhost:7165/api/Sales/WeeklyProfit - 200 null application/json; charset=utf-8 128.0011ms
2025-07-20 07:54:33.827 +05:30 [INF] Executed DbCommand (23ms) [Parameters=[], CommandType='"Text"', CommandTimeout='30']
SELECT [c].[Name] AS [CategoryName], COUNT(*) AS [ProductCount]
FROM [Products] AS [p]
LEFT JOIN [Categories] AS [c] ON [p].[CategoryId] = [c].[CategoryId]
WHERE [c].[CategoryId] IS NOT NULL
GROUP BY [c].[Name]
2025-07-20 07:54:33.828 +05:30 [INF] Executing OkObjectResult, writing value of type 'System.Collections.Generic.List`1[[AuthNet.Models.DTO.CategoryProductCountDto, AuthNet, Version=1.0.0.0, Culture=neutral, PublicKeyToken=null]]'.
2025-07-20 07:54:33.830 +05:30 [INF] Executed action AuthNet.Controllers.ProductsController.GetCategoryWiseProductCount (AuthNet) in 180.8189ms
2025-07-20 07:54:33.831 +05:30 [INF] Executed endpoint 'AuthNet.Controllers.ProductsController.GetCategoryWiseProductCount (AuthNet)'
2025-07-20 07:54:33.831 +05:30 [INF] Request finished HTTP/2 GET https://localhost:7165/api/Products/CategoryWiseProductCount - 200 null application/json; charset=utf-8 193.74ms
2025-07-20 07:54:38.304 +05:30 [INF] Request starting HTTP/1.1 POST https://localhost:7165/api/Auth/login - application/json; charset=utf-8 null
2025-07-20 07:54:38.306 +05:30 [INF] Executing endpoint 'AuthNet.Controllers.AuthController.Login (AuthNet)'
2025-07-20 07:54:38.331 +05:30 [INF] Route matched with {action = "Login", controller = "Auth"}. Executing controller action with signature System.Threading.Tasks.Task`1[Microsoft.AspNetCore.Mvc.IActionResult] Login(AuthNet.Models.DTO.LoginDto) on controller AuthNet.Controllers.AuthController (AuthNet).
2025-07-20 07:54:38.646 +05:30 [INF] Executed DbCommand (10ms) [Parameters=[@__username_0='?' (Size = 100)], CommandType='"Text"', CommandTimeout='30']
SELECT TOP(1) [u].[UserId], [u].[CreatedAt], [u].[Email], [u].[Firstname], [u].[Lastname], [u].[PasswordHash], [u].[Role], [u].[Username]
FROM [Users] AS [u]
WHERE [u].[Username] = @__username_0
2025-07-20 07:54:39.878 +05:30 [INF] Executing OkObjectResult, writing value of type 'AuthNet.Models.DTO.ServiceResponse`1[[AuthNet.Models.DTO.LoginResponseDto, AuthNet, Version=1.0.0.0, Culture=neutral, PublicKeyToken=null]]'.
2025-07-20 07:54:39.885 +05:30 [INF] Executed action AuthNet.Controllers.AuthController.Login (AuthNet) in 1553.9857ms
2025-07-20 07:54:39.886 +05:30 [INF] Executed endpoint 'AuthNet.Controllers.AuthController.Login (AuthNet)'
2025-07-20 07:54:39.886 +05:30 [INF] Request finished HTTP/1.1 POST https://localhost:7165/api/Auth/login - 200 null application/json; charset=utf-8 1582.8217ms
2025-07-20 07:54:39.918 +05:30 [INF] Request starting HTTP/1.1 GET https://localhost:7165/api/Sales/DailyProfit - null null
2025-07-20 07:54:39.919 +05:30 [INF] Executing endpoint 'AuthNet.Controllers.SalesController.GetDailyProfit (AuthNet)'
2025-07-20 07:54:39.920 +05:30 [INF] Route matched with {action = "GetDailyProfit", controller = "Sales"}. Executing controller action with signature System.Threading.Tasks.Task`1[Microsoft.AspNetCore.Mvc.IActionResult] GetDailyProfit() on controller AuthNet.Controllers.SalesController (AuthNet).
2025-07-20 07:54:39.933 +05:30 [INF] Executed DbCommand (10ms) [Parameters=[@__date_Date_0='?' (DbType = DateTime2)], CommandType='"Text"', CommandTimeout='30']
SELECT [s].[Id], [s].[ProductId], [s].[ProductName], [s].[Quantity], [s].[SaleId], [s].[TotalPrice], [s].[UnitPrice], [s0].[Id], [s0].[AfterTaxAmount], [s0].[CreatedAt], [s0].[DiscountedAmount], [s0].[InvoiceDate], [s0].[InvoiceNo], [s0].[PrincipalAmount], [s0].[Template], [s0].[TotalAmount]
FROM [SaleItems] AS [s]
INNER JOIN [Sales] AS [s0] ON [s].[SaleId] = [s0].[Id]
WHERE CONVERT(date, [s0].[InvoiceDate]) = @__date_Date_0
2025-07-20 07:54:39.942 +05:30 [INF] Executed DbCommand (8ms) [Parameters=[@__productIds_0='?' (Size = 4000)], CommandType='"Text"', CommandTimeout='30']
SELECT [p].[ProductId], [p].[CategoryId], [p].[CostPrice], [p].[Description], [p].[Name], [p].[ProductCode], [p].[ProductKey], [p].[SellPrice], [p].[SupplierId]
FROM [Products] AS [p]
WHERE [p].[ProductId] IN (
    SELECT [p0].[value]
    FROM OPENJSON(@__productIds_0) WITH ([value] int '$') AS [p0]
)
2025-07-20 07:54:39.942 +05:30 [INF] Executing OkObjectResult, writing value of type 'AuthNet.Models.DTO.DailyProfitDto'.
2025-07-20 07:54:39.943 +05:30 [INF] Executed action AuthNet.Controllers.SalesController.GetDailyProfit (AuthNet) in 22.9044ms
2025-07-20 07:54:39.943 +05:30 [INF] Executed endpoint 'AuthNet.Controllers.SalesController.GetDailyProfit (AuthNet)'
2025-07-20 07:54:39.944 +05:30 [INF] Request finished HTTP/1.1 GET https://localhost:7165/api/Sales/DailyProfit - 200 null application/json; charset=utf-8 25.8829ms
2025-07-20 07:54:39.956 +05:30 [INF] Request starting HTTP/1.1 GET https://localhost:7165/api/Sales/CurrentMonthProfit - null null
2025-07-20 07:54:39.957 +05:30 [INF] Executing endpoint 'AuthNet.Controllers.SalesController.GetCurrentMonthProfit (AuthNet)'
2025-07-20 07:54:39.957 +05:30 [INF] Route matched with {action = "GetCurrentMonthProfit", controller = "Sales"}. Executing controller action with signature System.Threading.Tasks.Task`1[Microsoft.AspNetCore.Mvc.IActionResult] GetCurrentMonthProfit() on controller AuthNet.Controllers.SalesController (AuthNet).
2025-07-20 07:54:39.970 +05:30 [INF] Executed DbCommand (10ms) [Parameters=[@__currentYear_0='?' (DbType = Int32), @__currentMonth_1='?' (DbType = Int32)], CommandType='"Text"', CommandTimeout='30']
SELECT [s].[Id], [s].[ProductId], [s].[ProductName], [s].[Quantity], [s].[SaleId], [s].[TotalPrice], [s].[UnitPrice], [s0].[Id], [s0].[AfterTaxAmount], [s0].[CreatedAt], [s0].[DiscountedAmount], [s0].[InvoiceDate], [s0].[InvoiceNo], [s0].[PrincipalAmount], [s0].[Template], [s0].[TotalAmount]
FROM [SaleItems] AS [s]
INNER JOIN [Sales] AS [s0] ON [s].[SaleId] = [s0].[Id]
WHERE DATEPART(year, [s0].[InvoiceDate]) = @__currentYear_0 AND DATEPART(month, [s0].[InvoiceDate]) = @__currentMonth_1
2025-07-20 07:54:39.975 +05:30 [INF] Executed DbCommand (2ms) [Parameters=[@__productIds_0='?' (Size = 4000)], CommandType='"Text"', CommandTimeout='30']
SELECT [p].[ProductId], [p].[CategoryId], [p].[CostPrice], [p].[Description], [p].[Name], [p].[ProductCode], [p].[ProductKey], [p].[SellPrice], [p].[SupplierId]
FROM [Products] AS [p]
WHERE [p].[ProductId] IN (
    SELECT [p0].[value]
    FROM OPENJSON(@__productIds_0) WITH ([value] int '$') AS [p0]
)
2025-07-20 07:54:39.976 +05:30 [INF] Executing OkObjectResult, writing value of type 'AuthNet.Models.DTO.MonthlyProfitDto'.
2025-07-20 07:54:39.977 +05:30 [INF] Executed action AuthNet.Controllers.SalesController.GetCurrentMonthProfit (AuthNet) in 19.4925ms
2025-07-20 07:54:39.977 +05:30 [INF] Executed endpoint 'AuthNet.Controllers.SalesController.GetCurrentMonthProfit (AuthNet)'
2025-07-20 07:54:39.977 +05:30 [INF] Request finished HTTP/1.1 GET https://localhost:7165/api/Sales/CurrentMonthProfit - 200 null application/json; charset=utf-8 21.3755ms
2025-07-20 07:54:40.011 +05:30 [INF] Request starting HTTP/1.1 GET https://localhost:7165/api/Sales/CurrentYearProfit - null null
2025-07-20 07:54:40.012 +05:30 [INF] Executing endpoint 'AuthNet.Controllers.SalesController.GetCurrentYearProfit (AuthNet)'
2025-07-20 07:54:40.012 +05:30 [INF] Route matched with {action = "GetCurrentYearProfit", controller = "Sales"}. Executing controller action with signature System.Threading.Tasks.Task`1[Microsoft.AspNetCore.Mvc.IActionResult] GetCurrentYearProfit() on controller AuthNet.Controllers.SalesController (AuthNet).
2025-07-20 07:54:40.021 +05:30 [INF] Executed DbCommand (8ms) [Parameters=[@__currentYear_0='?' (DbType = Int32)], CommandType='"Text"', CommandTimeout='30']
SELECT [s].[Id], [s].[ProductId], [s].[ProductName], [s].[Quantity], [s].[SaleId], [s].[TotalPrice], [s].[UnitPrice], [s0].[Id], [s0].[AfterTaxAmount], [s0].[CreatedAt], [s0].[DiscountedAmount], [s0].[InvoiceDate], [s0].[InvoiceNo], [s0].[PrincipalAmount], [s0].[Template], [s0].[TotalAmount]
FROM [SaleItems] AS [s]
INNER JOIN [Sales] AS [s0] ON [s].[SaleId] = [s0].[Id]
WHERE DATEPART(year, [s0].[InvoiceDate]) = @__currentYear_0
2025-07-20 07:54:40.025 +05:30 [INF] Executed DbCommand (1ms) [Parameters=[@__productIds_0='?' (Size = 4000)], CommandType='"Text"', CommandTimeout='30']
SELECT [p].[ProductId], [p].[CategoryId], [p].[CostPrice], [p].[Description], [p].[Name], [p].[ProductCode], [p].[ProductKey], [p].[SellPrice], [p].[SupplierId]
FROM [Products] AS [p]
WHERE [p].[ProductId] IN (
    SELECT [p0].[value]
    FROM OPENJSON(@__productIds_0) WITH ([value] int '$') AS [p0]
)
2025-07-20 07:54:40.026 +05:30 [INF] Executing OkObjectResult, writing value of type 'AuthNet.Models.DTO.YearlyProfitDto'.
2025-07-20 07:54:40.026 +05:30 [INF] Executed action AuthNet.Controllers.SalesController.GetCurrentYearProfit (AuthNet) in 14.2279ms
2025-07-20 07:54:40.027 +05:30 [INF] Executed endpoint 'AuthNet.Controllers.SalesController.GetCurrentYearProfit (AuthNet)'
2025-07-20 07:54:40.027 +05:30 [INF] Request finished HTTP/1.1 GET https://localhost:7165/api/Sales/CurrentYearProfit - 200 null application/json; charset=utf-8 16.5783ms
2025-07-20 07:54:40.037 +05:30 [INF] Request starting HTTP/1.1 GET https://localhost:7165/api/Tasks - null null
2025-07-20 07:54:40.038 +05:30 [INF] Executing endpoint 'AuthNet.Controllers.TasksController.GetTasks (AuthNet)'
2025-07-20 07:54:40.038 +05:30 [INF] Route matched with {action = "GetTasks", controller = "Tasks"}. Executing controller action with signature Microsoft.AspNetCore.Mvc.IActionResult GetTasks() on controller AuthNet.Controllers.TasksController (AuthNet).
2025-07-20 07:54:40.042 +05:30 [INF] Executed DbCommand (1ms) [Parameters=[], CommandType='"Text"', CommandTimeout='30']
SELECT [t].[Id], [t].[Title], [t].[DueDate]
FROM [Tasks] AS [t]
2025-07-20 07:54:40.043 +05:30 [INF] Executing OkObjectResult, writing value of type 'System.Collections.Generic.List`1[[AuthNet.Models.DTO.TaskItemDto, AuthNet, Version=1.0.0.0, Culture=neutral, PublicKeyToken=null]]'.
2025-07-20 07:54:40.043 +05:30 [INF] Executed action AuthNet.Controllers.TasksController.GetTasks (AuthNet) in 5.0179ms
2025-07-20 07:54:40.043 +05:30 [INF] Executed endpoint 'AuthNet.Controllers.TasksController.GetTasks (AuthNet)'
2025-07-20 07:54:40.044 +05:30 [INF] Request finished HTTP/1.1 GET https://localhost:7165/api/Tasks - 200 null application/json; charset=utf-8 6.3878ms
2025-07-20 07:54:40.054 +05:30 [INF] Request starting HTTP/1.1 GET https://localhost:7165/api/Settings/Get - null null
2025-07-20 07:54:40.056 +05:30 [INF] Executing endpoint 'AuthNet.Controllers.SettingsController.GetCompanyInfo (AuthNet)'
2025-07-20 07:54:40.057 +05:30 [INF] Route matched with {action = "GetCompanyInfo", controller = "Settings"}. Executing controller action with signature System.Threading.Tasks.Task`1[Microsoft.AspNetCore.Mvc.IActionResult] GetCompanyInfo() on controller AuthNet.Controllers.SettingsController (AuthNet).
2025-07-20 07:54:40.065 +05:30 [INF] Executed DbCommand (6ms) [Parameters=[], CommandType='"Text"', CommandTimeout='30']
SELECT TOP(1) [c].[Id], [c].[Address], [c].[ContactNumber], [c].[Email], [c].[GSTIN], [c].[LogoFileExtension], [c].[LogoFilePath], [c].[LogoFileSizeInBytes], [c].[LogoName], [c].[Name], [c].[SignFileExtension], [c].[SignFilePath], [c].[SignFileSizeInBytes], [c].[SignName]
FROM [CompanyInfos] AS [c]
2025-07-20 07:54:40.066 +05:30 [INF] Executing OkObjectResult, writing value of type 'AuthNet.Models.DTO.CompanyInfoResponseDto'.
2025-07-20 07:54:40.067 +05:30 [INF] Executed action AuthNet.Controllers.SettingsController.GetCompanyInfo (AuthNet) in 9.8406ms
2025-07-20 07:54:40.067 +05:30 [INF] Executed endpoint 'AuthNet.Controllers.SettingsController.GetCompanyInfo (AuthNet)'
2025-07-20 07:54:40.067 +05:30 [INF] Request finished HTTP/1.1 GET https://localhost:7165/api/Settings/Get - 200 null application/json; charset=utf-8 13.3717ms
2025-07-20 07:54:40.255 +05:30 [INF] Request starting HTTP/2 GET https://localhost:7165/api/Sales/WeeklyProfit - null null
2025-07-20 07:54:40.256 +05:30 [INF] Request starting HTTP/2 GET https://localhost:7165/api/Products/CategoryWiseProductCount - null null
2025-07-20 07:54:40.256 +05:30 [INF] CORS policy execution successful.
2025-07-20 07:54:40.257 +05:30 [INF] Executing endpoint 'AuthNet.Controllers.SalesController.GetWeeklyProfit (AuthNet)'
2025-07-20 07:54:40.257 +05:30 [INF] Route matched with {action = "GetWeeklyProfit", controller = "Sales"}. Executing controller action with signature System.Threading.Tasks.Task`1[Microsoft.AspNetCore.Mvc.IActionResult] GetWeeklyProfit() on controller AuthNet.Controllers.SalesController (AuthNet).
2025-07-20 07:54:40.260 +05:30 [INF] CORS policy execution successful.
2025-07-20 07:54:40.260 +05:30 [INF] Executing endpoint 'AuthNet.Controllers.ProductsController.GetCategoryWiseProductCount (AuthNet)'
2025-07-20 07:54:40.260 +05:30 [INF] Route matched with {action = "GetCategoryWiseProductCount", controller = "Products"}. Executing controller action with signature System.Threading.Tasks.Task`1[Microsoft.AspNetCore.Mvc.IActionResult] GetCategoryWiseProductCount() on controller AuthNet.Controllers.ProductsController (AuthNet).
2025-07-20 07:54:40.277 +05:30 [INF] Executed DbCommand (17ms) [Parameters=[@__startDate_0='?' (DbType = DateTime2), @__endDate_1='?' (DbType = DateTime2)], CommandType='"Text"', CommandTimeout='30']
SELECT [s].[Id], [s].[ProductId], [s].[ProductName], [s].[Quantity], [s].[SaleId], [s].[TotalPrice], [s].[UnitPrice], [s0].[Id], [s0].[AfterTaxAmount], [s0].[CreatedAt], [s0].[DiscountedAmount], [s0].[InvoiceDate], [s0].[InvoiceNo], [s0].[PrincipalAmount], [s0].[Template], [s0].[TotalAmount]
FROM [SaleItems] AS [s]
INNER JOIN [Sales] AS [s0] ON [s].[SaleId] = [s0].[Id]
WHERE CONVERT(date, [s0].[InvoiceDate]) >= @__startDate_0 AND CONVERT(date, [s0].[InvoiceDate]) <= @__endDate_1
2025-07-20 07:54:40.294 +05:30 [INF] Executed DbCommand (14ms) [Parameters=[@__productIds_0='?' (Size = 4000)], CommandType='"Text"', CommandTimeout='30']
SELECT [p].[ProductId], [p].[CategoryId], [p].[CostPrice], [p].[Description], [p].[Name], [p].[ProductCode], [p].[ProductKey], [p].[SellPrice], [p].[SupplierId]
FROM [Products] AS [p]
WHERE [p].[ProductId] IN (
    SELECT [p0].[value]
    FROM OPENJSON(@__productIds_0) WITH ([value] int '$') AS [p0]
)
2025-07-20 07:54:40.295 +05:30 [INF] Executing OkObjectResult, writing value of type 'System.Collections.Generic.List`1[[AuthNet.Models.DTO.DailyProfitDto, AuthNet, Version=1.0.0.0, Culture=neutral, PublicKeyToken=null]]'.
2025-07-20 07:54:40.296 +05:30 [INF] Executed action AuthNet.Controllers.SalesController.GetWeeklyProfit (AuthNet) in 38.4453ms
2025-07-20 07:54:40.296 +05:30 [INF] Executed endpoint 'AuthNet.Controllers.SalesController.GetWeeklyProfit (AuthNet)'
2025-07-20 07:54:40.297 +05:30 [INF] Request finished HTTP/2 GET https://localhost:7165/api/Sales/WeeklyProfit - 200 null application/json; charset=utf-8 42.0261ms
2025-07-20 07:54:40.447 +05:30 [INF] Executed DbCommand (66ms) [Parameters=[], CommandType='"Text"', CommandTimeout='30']
SELECT [c].[Name] AS [CategoryName], COUNT(*) AS [ProductCount]
FROM [Products] AS [p]
LEFT JOIN [Categories] AS [c] ON [p].[CategoryId] = [c].[CategoryId]
WHERE [c].[CategoryId] IS NOT NULL
GROUP BY [c].[Name]
2025-07-20 07:54:40.448 +05:30 [INF] Executing OkObjectResult, writing value of type 'System.Collections.Generic.List`1[[AuthNet.Models.DTO.CategoryProductCountDto, AuthNet, Version=1.0.0.0, Culture=neutral, PublicKeyToken=null]]'.
2025-07-20 07:54:40.449 +05:30 [INF] Executed action AuthNet.Controllers.ProductsController.GetCategoryWiseProductCount (AuthNet) in 188.5885ms
2025-07-20 07:54:40.449 +05:30 [INF] Executed endpoint 'AuthNet.Controllers.ProductsController.GetCategoryWiseProductCount (AuthNet)'
2025-07-20 07:54:40.449 +05:30 [INF] Request finished HTTP/2 GET https://localhost:7165/api/Products/CategoryWiseProductCount - 200 null application/json; charset=utf-8 193.8674ms
2025-07-20 07:56:19.675 +05:30 [INF] Request starting HTTP/2 GET https://localhost:7165/swagger/index.html - null null
2025-07-20 07:56:19.701 +05:30 [INF] Request finished HTTP/2 GET https://localhost:7165/swagger/index.html - 200 null text/html;charset=utf-8 25.9216ms
2025-07-20 07:56:19.728 +05:30 [INF] Request starting HTTP/2 GET https://localhost:7165/_vs/browserLink - null null
2025-07-20 07:56:19.741 +05:30 [INF] Request starting HTTP/2 GET https://localhost:7165/_framework/aspnetcore-browser-refresh.js - null null
2025-07-20 07:56:19.747 +05:30 [INF] Request finished HTTP/2 GET https://localhost:7165/_framework/aspnetcore-browser-refresh.js - 200 16499 application/javascript; charset=utf-8 6.4526ms
2025-07-20 07:56:19.757 +05:30 [INF] Request finished HTTP/2 GET https://localhost:7165/_vs/browserLink - 200 null text/javascript; charset=UTF-8 29.1467ms
2025-07-20 07:56:19.864 +05:30 [INF] Request starting HTTP/2 GET https://localhost:7165/swagger/v1/swagger.json - null null
2025-07-20 07:56:19.958 +05:30 [INF] Request finished HTTP/2 GET https://localhost:7165/swagger/v1/swagger.json - 200 null application/json;charset=utf-8 94.7888ms
2025-07-20 07:56:20.296 +05:30 [INF] Request starting HTTP/1.1 GET https://localhost:7165/api/Sales/DailyProfit - null null
2025-07-20 07:56:20.298 +05:30 [INF] Executing endpoint 'AuthNet.Controllers.SalesController.GetDailyProfit (AuthNet)'
2025-07-20 07:56:20.307 +05:30 [INF] Route matched with {action = "GetDailyProfit", controller = "Sales"}. Executing controller action with signature System.Threading.Tasks.Task`1[Microsoft.AspNetCore.Mvc.IActionResult] GetDailyProfit() on controller AuthNet.Controllers.SalesController (AuthNet).
2025-07-20 07:56:20.328 +05:30 [INF] Executed DbCommand (15ms) [Parameters=[@__date_Date_0='?' (DbType = DateTime2)], CommandType='"Text"', CommandTimeout='30']
SELECT [s].[Id], [s].[ProductId], [s].[ProductName], [s].[Quantity], [s].[SaleId], [s].[TotalPrice], [s].[UnitPrice], [s0].[Id], [s0].[AfterTaxAmount], [s0].[CreatedAt], [s0].[DiscountedAmount], [s0].[InvoiceDate], [s0].[InvoiceNo], [s0].[PrincipalAmount], [s0].[Template], [s0].[TotalAmount]
FROM [SaleItems] AS [s]
INNER JOIN [Sales] AS [s0] ON [s].[SaleId] = [s0].[Id]
WHERE CONVERT(date, [s0].[InvoiceDate]) = @__date_Date_0
2025-07-20 07:56:20.341 +05:30 [INF] Executed DbCommand (12ms) [Parameters=[@__productIds_0='?' (Size = 4000)], CommandType='"Text"', CommandTimeout='30']
SELECT [p].[ProductId], [p].[CategoryId], [p].[CostPrice], [p].[Description], [p].[Name], [p].[ProductCode], [p].[ProductKey], [p].[SellPrice], [p].[SupplierId]
FROM [Products] AS [p]
WHERE [p].[ProductId] IN (
    SELECT [p0].[value]
    FROM OPENJSON(@__productIds_0) WITH ([value] int '$') AS [p0]
)
2025-07-20 07:56:20.342 +05:30 [INF] Executing OkObjectResult, writing value of type 'AuthNet.Models.DTO.DailyProfitDto'.
2025-07-20 07:56:20.344 +05:30 [INF] Executed action AuthNet.Controllers.SalesController.GetDailyProfit (AuthNet) in 35.9502ms
2025-07-20 07:56:20.344 +05:30 [INF] Executed endpoint 'AuthNet.Controllers.SalesController.GetDailyProfit (AuthNet)'
2025-07-20 07:56:20.344 +05:30 [INF] Request finished HTTP/1.1 GET https://localhost:7165/api/Sales/DailyProfit - 200 null application/json; charset=utf-8 47.8403ms
2025-07-20 07:56:20.362 +05:30 [INF] Request starting HTTP/1.1 GET https://localhost:7165/api/Sales/CurrentMonthProfit - null null
2025-07-20 07:56:20.373 +05:30 [INF] Executing endpoint 'AuthNet.Controllers.SalesController.GetCurrentMonthProfit (AuthNet)'
2025-07-20 07:56:20.383 +05:30 [INF] Route matched with {action = "GetCurrentMonthProfit", controller = "Sales"}. Executing controller action with signature System.Threading.Tasks.Task`1[Microsoft.AspNetCore.Mvc.IActionResult] GetCurrentMonthProfit() on controller AuthNet.Controllers.SalesController (AuthNet).
2025-07-20 07:56:20.400 +05:30 [INF] Executed DbCommand (13ms) [Parameters=[@__currentYear_0='?' (DbType = Int32), @__currentMonth_1='?' (DbType = Int32)], CommandType='"Text"', CommandTimeout='30']
SELECT [s].[Id], [s].[ProductId], [s].[ProductName], [s].[Quantity], [s].[SaleId], [s].[TotalPrice], [s].[UnitPrice], [s0].[Id], [s0].[AfterTaxAmount], [s0].[CreatedAt], [s0].[DiscountedAmount], [s0].[InvoiceDate], [s0].[InvoiceNo], [s0].[PrincipalAmount], [s0].[Template], [s0].[TotalAmount]
FROM [SaleItems] AS [s]
INNER JOIN [Sales] AS [s0] ON [s].[SaleId] = [s0].[Id]
WHERE DATEPART(year, [s0].[InvoiceDate]) = @__currentYear_0 AND DATEPART(month, [s0].[InvoiceDate]) = @__currentMonth_1
2025-07-20 07:56:20.415 +05:30 [INF] Executed DbCommand (13ms) [Parameters=[@__productIds_0='?' (Size = 4000)], CommandType='"Text"', CommandTimeout='30']
SELECT [p].[ProductId], [p].[CategoryId], [p].[CostPrice], [p].[Description], [p].[Name], [p].[ProductCode], [p].[ProductKey], [p].[SellPrice], [p].[SupplierId]
FROM [Products] AS [p]
WHERE [p].[ProductId] IN (
    SELECT [p0].[value]
    FROM OPENJSON(@__productIds_0) WITH ([value] int '$') AS [p0]
)
2025-07-20 07:56:20.416 +05:30 [INF] Executing OkObjectResult, writing value of type 'AuthNet.Models.DTO.MonthlyProfitDto'.
2025-07-20 07:56:20.418 +05:30 [INF] Executed action AuthNet.Controllers.SalesController.GetCurrentMonthProfit (AuthNet) in 34.2956ms
2025-07-20 07:56:20.418 +05:30 [INF] Executed endpoint 'AuthNet.Controllers.SalesController.GetCurrentMonthProfit (AuthNet)'
2025-07-20 07:56:20.419 +05:30 [INF] Request finished HTTP/1.1 GET https://localhost:7165/api/Sales/CurrentMonthProfit - 200 null application/json; charset=utf-8 56.6937ms
2025-07-20 07:56:20.460 +05:30 [INF] Request starting HTTP/1.1 GET https://localhost:7165/api/Sales/CurrentYearProfit - null null
2025-07-20 07:56:20.460 +05:30 [INF] Executing endpoint 'AuthNet.Controllers.SalesController.GetCurrentYearProfit (AuthNet)'
2025-07-20 07:56:20.467 +05:30 [INF] Route matched with {action = "GetCurrentYearProfit", controller = "Sales"}. Executing controller action with signature System.Threading.Tasks.Task`1[Microsoft.AspNetCore.Mvc.IActionResult] GetCurrentYearProfit() on controller AuthNet.Controllers.SalesController (AuthNet).
2025-07-20 07:56:20.480 +05:30 [INF] Executed DbCommand (11ms) [Parameters=[@__currentYear_0='?' (DbType = Int32)], CommandType='"Text"', CommandTimeout='30']
SELECT [s].[Id], [s].[ProductId], [s].[ProductName], [s].[Quantity], [s].[SaleId], [s].[TotalPrice], [s].[UnitPrice], [s0].[Id], [s0].[AfterTaxAmount], [s0].[CreatedAt], [s0].[DiscountedAmount], [s0].[InvoiceDate], [s0].[InvoiceNo], [s0].[PrincipalAmount], [s0].[Template], [s0].[TotalAmount]
FROM [SaleItems] AS [s]
INNER JOIN [Sales] AS [s0] ON [s].[SaleId] = [s0].[Id]
WHERE DATEPART(year, [s0].[InvoiceDate]) = @__currentYear_0
2025-07-20 07:56:20.484 +05:30 [INF] Executed DbCommand (3ms) [Parameters=[@__productIds_0='?' (Size = 4000)], CommandType='"Text"', CommandTimeout='30']
SELECT [p].[ProductId], [p].[CategoryId], [p].[CostPrice], [p].[Description], [p].[Name], [p].[ProductCode], [p].[ProductKey], [p].[SellPrice], [p].[SupplierId]
FROM [Products] AS [p]
WHERE [p].[ProductId] IN (
    SELECT [p0].[value]
    FROM OPENJSON(@__productIds_0) WITH ([value] int '$') AS [p0]
)
2025-07-20 07:56:20.484 +05:30 [INF] Executing OkObjectResult, writing value of type 'AuthNet.Models.DTO.YearlyProfitDto'.
2025-07-20 07:56:20.486 +05:30 [INF] Executed action AuthNet.Controllers.SalesController.GetCurrentYearProfit (AuthNet) in 19.2103ms
2025-07-20 07:56:20.486 +05:30 [INF] Executed endpoint 'AuthNet.Controllers.SalesController.GetCurrentYearProfit (AuthNet)'
2025-07-20 07:56:20.487 +05:30 [INF] Request finished HTTP/1.1 GET https://localhost:7165/api/Sales/CurrentYearProfit - 200 null application/json; charset=utf-8 27.1457ms
2025-07-20 07:56:20.501 +05:30 [INF] Request starting HTTP/1.1 GET https://localhost:7165/api/Tasks - null null
2025-07-20 07:56:20.502 +05:30 [INF] Executing endpoint 'AuthNet.Controllers.TasksController.GetTasks (AuthNet)'
2025-07-20 07:56:20.503 +05:30 [INF] Route matched with {action = "GetTasks", controller = "Tasks"}. Executing controller action with signature Microsoft.AspNetCore.Mvc.IActionResult GetTasks() on controller AuthNet.Controllers.TasksController (AuthNet).
2025-07-20 07:56:20.508 +05:30 [INF] Executed DbCommand (2ms) [Parameters=[], CommandType='"Text"', CommandTimeout='30']
SELECT [t].[Id], [t].[Title], [t].[DueDate]
FROM [Tasks] AS [t]
2025-07-20 07:56:20.508 +05:30 [INF] Executing OkObjectResult, writing value of type 'System.Collections.Generic.List`1[[AuthNet.Models.DTO.TaskItemDto, AuthNet, Version=1.0.0.0, Culture=neutral, PublicKeyToken=null]]'.
2025-07-20 07:56:20.512 +05:30 [INF] Executed action AuthNet.Controllers.TasksController.GetTasks (AuthNet) in 8.8476ms
2025-07-20 07:56:20.512 +05:30 [INF] Executed endpoint 'AuthNet.Controllers.TasksController.GetTasks (AuthNet)'
2025-07-20 07:56:20.513 +05:30 [INF] Request finished HTTP/1.1 GET https://localhost:7165/api/Tasks - 200 null application/json; charset=utf-8 11.7199ms
2025-07-20 07:56:20.529 +05:30 [INF] Request starting HTTP/1.1 GET https://localhost:7165/api/Settings/Get - null null
2025-07-20 07:56:20.530 +05:30 [INF] Executing endpoint 'AuthNet.Controllers.SettingsController.GetCompanyInfo (AuthNet)'
2025-07-20 07:56:20.535 +05:30 [INF] Route matched with {action = "GetCompanyInfo", controller = "Settings"}. Executing controller action with signature System.Threading.Tasks.Task`1[Microsoft.AspNetCore.Mvc.IActionResult] GetCompanyInfo() on controller AuthNet.Controllers.SettingsController (AuthNet).
2025-07-20 07:56:20.543 +05:30 [INF] Executed DbCommand (5ms) [Parameters=[], CommandType='"Text"', CommandTimeout='30']
SELECT TOP(1) [c].[Id], [c].[Address], [c].[ContactNumber], [c].[Email], [c].[GSTIN], [c].[LogoFileExtension], [c].[LogoFilePath], [c].[LogoFileSizeInBytes], [c].[LogoName], [c].[Name], [c].[SignFileExtension], [c].[SignFilePath], [c].[SignFileSizeInBytes], [c].[SignName]
FROM [CompanyInfos] AS [c]
2025-07-20 07:56:20.544 +05:30 [INF] Executing OkObjectResult, writing value of type 'AuthNet.Models.DTO.CompanyInfoResponseDto'.
2025-07-20 07:56:20.547 +05:30 [INF] Executed action AuthNet.Controllers.SettingsController.GetCompanyInfo (AuthNet) in 12.242ms
2025-07-20 07:56:20.547 +05:30 [INF] Executed endpoint 'AuthNet.Controllers.SettingsController.GetCompanyInfo (AuthNet)'
2025-07-20 07:56:20.548 +05:30 [INF] Request finished HTTP/1.1 GET https://localhost:7165/api/Settings/Get - 200 null application/json; charset=utf-8 18.5129ms
2025-07-20 07:56:20.726 +05:30 [INF] Request starting HTTP/2 GET https://localhost:7165/api/Products/CategoryWiseProductCount - null null
2025-07-20 07:56:20.726 +05:30 [INF] Request starting HTTP/2 GET https://localhost:7165/api/Sales/WeeklyProfit - null null
2025-07-20 07:56:20.727 +05:30 [INF] CORS policy execution successful.
2025-07-20 07:56:20.727 +05:30 [INF] CORS policy execution successful.
2025-07-20 07:56:20.727 +05:30 [INF] Executing endpoint 'AuthNet.Controllers.SalesController.GetWeeklyProfit (AuthNet)'
2025-07-20 07:56:20.727 +05:30 [INF] Executing endpoint 'AuthNet.Controllers.ProductsController.GetCategoryWiseProductCount (AuthNet)'
2025-07-20 07:56:20.732 +05:30 [INF] Route matched with {action = "GetWeeklyProfit", controller = "Sales"}. Executing controller action with signature System.Threading.Tasks.Task`1[Microsoft.AspNetCore.Mvc.IActionResult] GetWeeklyProfit() on controller AuthNet.Controllers.SalesController (AuthNet).
2025-07-20 07:56:20.732 +05:30 [INF] Route matched with {action = "GetCategoryWiseProductCount", controller = "Products"}. Executing controller action with signature System.Threading.Tasks.Task`1[Microsoft.AspNetCore.Mvc.IActionResult] GetCategoryWiseProductCount() on controller AuthNet.Controllers.ProductsController (AuthNet).
2025-07-20 07:56:20.752 +05:30 [INF] Executed DbCommand (18ms) [Parameters=[@__startDate_0='?' (DbType = DateTime2), @__endDate_1='?' (DbType = DateTime2)], CommandType='"Text"', CommandTimeout='30']
SELECT [s].[Id], [s].[ProductId], [s].[ProductName], [s].[Quantity], [s].[SaleId], [s].[TotalPrice], [s].[UnitPrice], [s0].[Id], [s0].[AfterTaxAmount], [s0].[CreatedAt], [s0].[DiscountedAmount], [s0].[InvoiceDate], [s0].[InvoiceNo], [s0].[PrincipalAmount], [s0].[Template], [s0].[TotalAmount]
FROM [SaleItems] AS [s]
INNER JOIN [Sales] AS [s0] ON [s].[SaleId] = [s0].[Id]
WHERE CONVERT(date, [s0].[InvoiceDate]) >= @__startDate_0 AND CONVERT(date, [s0].[InvoiceDate]) <= @__endDate_1
2025-07-20 07:56:20.772 +05:30 [INF] Executed DbCommand (14ms) [Parameters=[@__productIds_0='?' (Size = 4000)], CommandType='"Text"', CommandTimeout='30']
SELECT [p].[ProductId], [p].[CategoryId], [p].[CostPrice], [p].[Description], [p].[Name], [p].[ProductCode], [p].[ProductKey], [p].[SellPrice], [p].[SupplierId]
FROM [Products] AS [p]
WHERE [p].[ProductId] IN (
    SELECT [p0].[value]
    FROM OPENJSON(@__productIds_0) WITH ([value] int '$') AS [p0]
)
2025-07-20 07:56:20.773 +05:30 [INF] Executing OkObjectResult, writing value of type 'System.Collections.Generic.List`1[[AuthNet.Models.DTO.DailyProfitDto, AuthNet, Version=1.0.0.0, Culture=neutral, PublicKeyToken=null]]'.
2025-07-20 07:56:20.775 +05:30 [INF] Executed action AuthNet.Controllers.SalesController.GetWeeklyProfit (AuthNet) in 42.5353ms
2025-07-20 07:56:20.775 +05:30 [INF] Executed endpoint 'AuthNet.Controllers.SalesController.GetWeeklyProfit (AuthNet)'
2025-07-20 07:56:20.775 +05:30 [INF] Request finished HTTP/2 GET https://localhost:7165/api/Sales/WeeklyProfit - 200 null application/json; charset=utf-8 49.8175ms
2025-07-20 07:56:20.795 +05:30 [INF] Executed DbCommand (15ms) [Parameters=[], CommandType='"Text"', CommandTimeout='30']
SELECT [c].[Name] AS [CategoryName], COUNT(*) AS [ProductCount]
FROM [Products] AS [p]
LEFT JOIN [Categories] AS [c] ON [p].[CategoryId] = [c].[CategoryId]
WHERE [c].[CategoryId] IS NOT NULL
GROUP BY [c].[Name]
2025-07-20 07:56:20.796 +05:30 [INF] Executing OkObjectResult, writing value of type 'System.Collections.Generic.List`1[[AuthNet.Models.DTO.CategoryProductCountDto, AuthNet, Version=1.0.0.0, Culture=neutral, PublicKeyToken=null]]'.
2025-07-20 07:56:20.797 +05:30 [INF] Executed action AuthNet.Controllers.ProductsController.GetCategoryWiseProductCount (AuthNet) in 65.0923ms
2025-07-20 07:56:20.797 +05:30 [INF] Executed endpoint 'AuthNet.Controllers.ProductsController.GetCategoryWiseProductCount (AuthNet)'
2025-07-20 07:56:20.798 +05:30 [INF] Request finished HTTP/2 GET https://localhost:7165/api/Products/CategoryWiseProductCount - 200 null application/json; charset=utf-8 72.5648ms
2025-07-20 07:57:08.532 +05:30 [INF] Request starting HTTP/2 GET https://localhost:7165/swagger/index.html - null null
2025-07-20 07:57:08.543 +05:30 [INF] Request finished HTTP/2 GET https://localhost:7165/swagger/index.html - 200 null text/html;charset=utf-8 12.2524ms
2025-07-20 07:57:08.581 +05:30 [INF] Request starting HTTP/2 GET https://localhost:7165/_framework/aspnetcore-browser-refresh.js - null null
2025-07-20 07:57:08.582 +05:30 [INF] Request starting HTTP/2 GET https://localhost:7165/_vs/browserLink - null null
2025-07-20 07:57:08.587 +05:30 [INF] Request finished HTTP/2 GET https://localhost:7165/_framework/aspnetcore-browser-refresh.js - 200 16499 application/javascript; charset=utf-8 6.2571ms
2025-07-20 07:57:08.610 +05:30 [INF] Request finished HTTP/2 GET https://localhost:7165/_vs/browserLink - 200 null text/javascript; charset=UTF-8 26.1357ms
2025-07-20 07:57:08.766 +05:30 [INF] Request starting HTTP/1.1 GET https://localhost:7165/api/Sales/DailyProfit - null null
2025-07-20 07:57:08.767 +05:30 [INF] Executing endpoint 'AuthNet.Controllers.SalesController.GetDailyProfit (AuthNet)'
2025-07-20 07:57:08.777 +05:30 [INF] Route matched with {action = "GetDailyProfit", controller = "Sales"}. Executing controller action with signature System.Threading.Tasks.Task`1[Microsoft.AspNetCore.Mvc.IActionResult] GetDailyProfit() on controller AuthNet.Controllers.SalesController (AuthNet).
2025-07-20 07:57:08.797 +05:30 [INF] Executed DbCommand (16ms) [Parameters=[@__date_Date_0='?' (DbType = DateTime2)], CommandType='"Text"', CommandTimeout='30']
SELECT [s].[Id], [s].[ProductId], [s].[ProductName], [s].[Quantity], [s].[SaleId], [s].[TotalPrice], [s].[UnitPrice], [s0].[Id], [s0].[AfterTaxAmount], [s0].[CreatedAt], [s0].[DiscountedAmount], [s0].[InvoiceDate], [s0].[InvoiceNo], [s0].[PrincipalAmount], [s0].[Template], [s0].[TotalAmount]
FROM [SaleItems] AS [s]
INNER JOIN [Sales] AS [s0] ON [s].[SaleId] = [s0].[Id]
WHERE CONVERT(date, [s0].[InvoiceDate]) = @__date_Date_0
2025-07-20 07:57:08.815 +05:30 [INF] Executed DbCommand (16ms) [Parameters=[@__productIds_0='?' (Size = 4000)], CommandType='"Text"', CommandTimeout='30']
SELECT [p].[ProductId], [p].[CategoryId], [p].[CostPrice], [p].[Description], [p].[Name], [p].[ProductCode], [p].[ProductKey], [p].[SellPrice], [p].[SupplierId]
FROM [Products] AS [p]
WHERE [p].[ProductId] IN (
    SELECT [p0].[value]
    FROM OPENJSON(@__productIds_0) WITH ([value] int '$') AS [p0]
)
2025-07-20 07:57:08.815 +05:30 [INF] Executing OkObjectResult, writing value of type 'AuthNet.Models.DTO.DailyProfitDto'.
2025-07-20 07:57:08.817 +05:30 [INF] Executed action AuthNet.Controllers.SalesController.GetDailyProfit (AuthNet) in 39.4611ms
2025-07-20 07:57:08.818 +05:30 [INF] Executed endpoint 'AuthNet.Controllers.SalesController.GetDailyProfit (AuthNet)'
2025-07-20 07:57:08.819 +05:30 [INF] Request finished HTTP/1.1 GET https://localhost:7165/api/Sales/DailyProfit - 200 null application/json; charset=utf-8 53.4049ms
2025-07-20 07:57:08.839 +05:30 [INF] Request starting HTTP/1.1 GET https://localhost:7165/api/Sales/CurrentMonthProfit - null null
2025-07-20 07:57:08.848 +05:30 [INF] Executing endpoint 'AuthNet.Controllers.SalesController.GetCurrentMonthProfit (AuthNet)'
2025-07-20 07:57:08.857 +05:30 [INF] Route matched with {action = "GetCurrentMonthProfit", controller = "Sales"}. Executing controller action with signature System.Threading.Tasks.Task`1[Microsoft.AspNetCore.Mvc.IActionResult] GetCurrentMonthProfit() on controller AuthNet.Controllers.SalesController (AuthNet).
2025-07-20 07:57:08.878 +05:30 [INF] Executed DbCommand (17ms) [Parameters=[@__currentYear_0='?' (DbType = Int32), @__currentMonth_1='?' (DbType = Int32)], CommandType='"Text"', CommandTimeout='30']
SELECT [s].[Id], [s].[ProductId], [s].[ProductName], [s].[Quantity], [s].[SaleId], [s].[TotalPrice], [s].[UnitPrice], [s0].[Id], [s0].[AfterTaxAmount], [s0].[CreatedAt], [s0].[DiscountedAmount], [s0].[InvoiceDate], [s0].[InvoiceNo], [s0].[PrincipalAmount], [s0].[Template], [s0].[TotalAmount]
FROM [SaleItems] AS [s]
INNER JOIN [Sales] AS [s0] ON [s].[SaleId] = [s0].[Id]
WHERE DATEPART(year, [s0].[InvoiceDate]) = @__currentYear_0 AND DATEPART(month, [s0].[InvoiceDate]) = @__currentMonth_1
2025-07-20 07:57:08.883 +05:30 [INF] Executed DbCommand (2ms) [Parameters=[@__productIds_0='?' (Size = 4000)], CommandType='"Text"', CommandTimeout='30']
SELECT [p].[ProductId], [p].[CategoryId], [p].[CostPrice], [p].[Description], [p].[Name], [p].[ProductCode], [p].[ProductKey], [p].[SellPrice], [p].[SupplierId]
FROM [Products] AS [p]
WHERE [p].[ProductId] IN (
    SELECT [p0].[value]
    FROM OPENJSON(@__productIds_0) WITH ([value] int '$') AS [p0]
)
2025-07-20 07:57:08.885 +05:30 [INF] Executing OkObjectResult, writing value of type 'AuthNet.Models.DTO.MonthlyProfitDto'.
2025-07-20 07:57:08.888 +05:30 [INF] Executed action AuthNet.Controllers.SalesController.GetCurrentMonthProfit (AuthNet) in 30.4413ms
2025-07-20 07:57:08.888 +05:30 [INF] Executed endpoint 'AuthNet.Controllers.SalesController.GetCurrentMonthProfit (AuthNet)'
2025-07-20 07:57:08.889 +05:30 [INF] Request finished HTTP/1.1 GET https://localhost:7165/api/Sales/CurrentMonthProfit - 200 null application/json; charset=utf-8 49.9332ms
2025-07-20 07:57:09.009 +05:30 [INF] Request starting HTTP/1.1 GET https://localhost:7165/api/Sales/CurrentYearProfit - null null
2025-07-20 07:57:09.010 +05:30 [INF] Executing endpoint 'AuthNet.Controllers.SalesController.GetCurrentYearProfit (AuthNet)'
2025-07-20 07:57:09.014 +05:30 [INF] Route matched with {action = "GetCurrentYearProfit", controller = "Sales"}. Executing controller action with signature System.Threading.Tasks.Task`1[Microsoft.AspNetCore.Mvc.IActionResult] GetCurrentYearProfit() on controller AuthNet.Controllers.SalesController (AuthNet).
2025-07-20 07:57:09.039 +05:30 [INF] Executed DbCommand (22ms) [Parameters=[@__currentYear_0='?' (DbType = Int32)], CommandType='"Text"', CommandTimeout='30']
SELECT [s].[Id], [s].[ProductId], [s].[ProductName], [s].[Quantity], [s].[SaleId], [s].[TotalPrice], [s].[UnitPrice], [s0].[Id], [s0].[AfterTaxAmount], [s0].[CreatedAt], [s0].[DiscountedAmount], [s0].[InvoiceDate], [s0].[InvoiceNo], [s0].[PrincipalAmount], [s0].[Template], [s0].[TotalAmount]
FROM [SaleItems] AS [s]
INNER JOIN [Sales] AS [s0] ON [s].[SaleId] = [s0].[Id]
WHERE DATEPART(year, [s0].[InvoiceDate]) = @__currentYear_0
2025-07-20 07:57:09.057 +05:30 [INF] Executed DbCommand (17ms) [Parameters=[@__productIds_0='?' (Size = 4000)], CommandType='"Text"', CommandTimeout='30']
SELECT [p].[ProductId], [p].[CategoryId], [p].[CostPrice], [p].[Description], [p].[Name], [p].[ProductCode], [p].[ProductKey], [p].[SellPrice], [p].[SupplierId]
FROM [Products] AS [p]
WHERE [p].[ProductId] IN (
    SELECT [p0].[value]
    FROM OPENJSON(@__productIds_0) WITH ([value] int '$') AS [p0]
)
2025-07-20 07:57:09.058 +05:30 [INF] Executing OkObjectResult, writing value of type 'AuthNet.Models.DTO.YearlyProfitDto'.
2025-07-20 07:57:09.059 +05:30 [INF] Executed action AuthNet.Controllers.SalesController.GetCurrentYearProfit (AuthNet) in 44.459ms
2025-07-20 07:57:09.059 +05:30 [INF] Executed endpoint 'AuthNet.Controllers.SalesController.GetCurrentYearProfit (AuthNet)'
2025-07-20 07:57:09.059 +05:30 [INF] Request finished HTTP/1.1 GET https://localhost:7165/api/Sales/CurrentYearProfit - 200 null application/json; charset=utf-8 50.4297ms
2025-07-20 07:57:09.085 +05:30 [INF] Request starting HTTP/1.1 GET https://localhost:7165/api/Tasks - null null
2025-07-20 07:57:09.086 +05:30 [INF] Executing endpoint 'AuthNet.Controllers.TasksController.GetTasks (AuthNet)'
2025-07-20 07:57:09.089 +05:30 [INF] Route matched with {action = "GetTasks", controller = "Tasks"}. Executing controller action with signature Microsoft.AspNetCore.Mvc.IActionResult GetTasks() on controller AuthNet.Controllers.TasksController (AuthNet).
2025-07-20 07:57:09.094 +05:30 [INF] Executed DbCommand (3ms) [Parameters=[], CommandType='"Text"', CommandTimeout='30']
SELECT [t].[Id], [t].[Title], [t].[DueDate]
FROM [Tasks] AS [t]
2025-07-20 07:57:09.095 +05:30 [INF] Executing OkObjectResult, writing value of type 'System.Collections.Generic.List`1[[AuthNet.Models.DTO.TaskItemDto, AuthNet, Version=1.0.0.0, Culture=neutral, PublicKeyToken=null]]'.
2025-07-20 07:57:09.096 +05:30 [INF] Executed action AuthNet.Controllers.TasksController.GetTasks (AuthNet) in 6.7658ms
2025-07-20 07:57:09.096 +05:30 [INF] Executed endpoint 'AuthNet.Controllers.TasksController.GetTasks (AuthNet)'
2025-07-20 07:57:09.097 +05:30 [INF] Request finished HTTP/1.1 GET https://localhost:7165/api/Tasks - 200 null application/json; charset=utf-8 12.8734ms
2025-07-20 07:57:09.143 +05:30 [INF] Request starting HTTP/2 GET https://localhost:7165/swagger/v1/swagger.json - null null
2025-07-20 07:57:09.161 +05:30 [INF] Request starting HTTP/1.1 GET https://localhost:7165/api/Settings/Get - null null
2025-07-20 07:57:09.162 +05:30 [INF] Executing endpoint 'AuthNet.Controllers.SettingsController.GetCompanyInfo (AuthNet)'
2025-07-20 07:57:09.167 +05:30 [INF] Route matched with {action = "GetCompanyInfo", controller = "Settings"}. Executing controller action with signature System.Threading.Tasks.Task`1[Microsoft.AspNetCore.Mvc.IActionResult] GetCompanyInfo() on controller AuthNet.Controllers.SettingsController (AuthNet).
2025-07-20 07:57:09.174 +05:30 [INF] Executed DbCommand (5ms) [Parameters=[], CommandType='"Text"', CommandTimeout='30']
SELECT TOP(1) [c].[Id], [c].[Address], [c].[ContactNumber], [c].[Email], [c].[GSTIN], [c].[LogoFileExtension], [c].[LogoFilePath], [c].[LogoFileSizeInBytes], [c].[LogoName], [c].[Name], [c].[SignFileExtension], [c].[SignFilePath], [c].[SignFileSizeInBytes], [c].[SignName]
FROM [CompanyInfos] AS [c]
2025-07-20 07:57:09.175 +05:30 [INF] Executing OkObjectResult, writing value of type 'AuthNet.Models.DTO.CompanyInfoResponseDto'.
2025-07-20 07:57:09.177 +05:30 [INF] Executed action AuthNet.Controllers.SettingsController.GetCompanyInfo (AuthNet) in 9.9044ms
2025-07-20 07:57:09.177 +05:30 [INF] Executed endpoint 'AuthNet.Controllers.SettingsController.GetCompanyInfo (AuthNet)'
2025-07-20 07:57:09.177 +05:30 [INF] Request finished HTTP/1.1 GET https://localhost:7165/api/Settings/Get - 200 null application/json; charset=utf-8 15.6719ms
2025-07-20 07:57:09.228 +05:30 [INF] Request finished HTTP/2 GET https://localhost:7165/swagger/v1/swagger.json - 200 null application/json;charset=utf-8 84.9345ms
2025-07-20 07:57:09.461 +05:30 [INF] Request starting HTTP/2 GET https://localhost:7165/api/Sales/WeeklyProfit - null null
2025-07-20 07:57:09.461 +05:30 [INF] Request starting HTTP/2 GET https://localhost:7165/api/Products/CategoryWiseProductCount - null null
2025-07-20 07:57:09.461 +05:30 [INF] CORS policy execution successful.
2025-07-20 07:57:09.463 +05:30 [INF] Executing endpoint 'AuthNet.Controllers.SalesController.GetWeeklyProfit (AuthNet)'
2025-07-20 07:57:09.463 +05:30 [INF] CORS policy execution successful.
2025-07-20 07:57:09.463 +05:30 [INF] Executing endpoint 'AuthNet.Controllers.ProductsController.GetCategoryWiseProductCount (AuthNet)'
2025-07-20 07:57:09.473 +05:30 [INF] Route matched with {action = "GetCategoryWiseProductCount", controller = "Products"}. Executing controller action with signature System.Threading.Tasks.Task`1[Microsoft.AspNetCore.Mvc.IActionResult] GetCategoryWiseProductCount() on controller AuthNet.Controllers.ProductsController (AuthNet).
2025-07-20 07:57:09.474 +05:30 [INF] Route matched with {action = "GetWeeklyProfit", controller = "Sales"}. Executing controller action with signature System.Threading.Tasks.Task`1[Microsoft.AspNetCore.Mvc.IActionResult] GetWeeklyProfit() on controller AuthNet.Controllers.SalesController (AuthNet).
2025-07-20 07:57:09.522 +05:30 [INF] Executed DbCommand (46ms) [Parameters=[], CommandType='"Text"', CommandTimeout='30']
SELECT [c].[Name] AS [CategoryName], COUNT(*) AS [ProductCount]
FROM [Products] AS [p]
LEFT JOIN [Categories] AS [c] ON [p].[CategoryId] = [c].[CategoryId]
WHERE [c].[CategoryId] IS NOT NULL
GROUP BY [c].[Name]
2025-07-20 07:57:09.522 +05:30 [INF] Executing OkObjectResult, writing value of type 'System.Collections.Generic.List`1[[AuthNet.Models.DTO.CategoryProductCountDto, AuthNet, Version=1.0.0.0, Culture=neutral, PublicKeyToken=null]]'.
2025-07-20 07:57:09.524 +05:30 [INF] Executed action AuthNet.Controllers.ProductsController.GetCategoryWiseProductCount (AuthNet) in 50.9083ms
2025-07-20 07:57:09.524 +05:30 [INF] Executed endpoint 'AuthNet.Controllers.ProductsController.GetCategoryWiseProductCount (AuthNet)'
2025-07-20 07:57:09.525 +05:30 [INF] Request finished HTTP/2 GET https://localhost:7165/api/Products/CategoryWiseProductCount - 200 null application/json; charset=utf-8 63.6409ms
2025-07-20 07:57:09.529 +05:30 [INF] Executed DbCommand (47ms) [Parameters=[@__startDate_0='?' (DbType = DateTime2), @__endDate_1='?' (DbType = DateTime2)], CommandType='"Text"', CommandTimeout='30']
SELECT [s].[Id], [s].[ProductId], [s].[ProductName], [s].[Quantity], [s].[SaleId], [s].[TotalPrice], [s].[UnitPrice], [s0].[Id], [s0].[AfterTaxAmount], [s0].[CreatedAt], [s0].[DiscountedAmount], [s0].[InvoiceDate], [s0].[InvoiceNo], [s0].[PrincipalAmount], [s0].[Template], [s0].[TotalAmount]
FROM [SaleItems] AS [s]
INNER JOIN [Sales] AS [s0] ON [s].[SaleId] = [s0].[Id]
WHERE CONVERT(date, [s0].[InvoiceDate]) >= @__startDate_0 AND CONVERT(date, [s0].[InvoiceDate]) <= @__endDate_1
2025-07-20 07:57:09.553 +05:30 [INF] Executed DbCommand (23ms) [Parameters=[@__productIds_0='?' (Size = 4000)], CommandType='"Text"', CommandTimeout='30']
SELECT [p].[ProductId], [p].[CategoryId], [p].[CostPrice], [p].[Description], [p].[Name], [p].[ProductCode], [p].[ProductKey], [p].[SellPrice], [p].[SupplierId]
FROM [Products] AS [p]
WHERE [p].[ProductId] IN (
    SELECT [p0].[value]
    FROM OPENJSON(@__productIds_0) WITH ([value] int '$') AS [p0]
)
2025-07-20 07:57:09.556 +05:30 [INF] Executing OkObjectResult, writing value of type 'System.Collections.Generic.List`1[[AuthNet.Models.DTO.DailyProfitDto, AuthNet, Version=1.0.0.0, Culture=neutral, PublicKeyToken=null]]'.
2025-07-20 07:57:09.559 +05:30 [INF] Executed action AuthNet.Controllers.SalesController.GetWeeklyProfit (AuthNet) in 84.5868ms
2025-07-20 07:57:09.559 +05:30 [INF] Executed endpoint 'AuthNet.Controllers.SalesController.GetWeeklyProfit (AuthNet)'
2025-07-20 07:57:09.560 +05:30 [INF] Request finished HTTP/2 GET https://localhost:7165/api/Sales/WeeklyProfit - 200 null application/json; charset=utf-8 98.8134ms
2025-07-20 07:57:55.277 +05:30 [INF] Request starting HTTP/1.1 GET https://localhost:7165/api/Products - null null
2025-07-20 07:57:55.279 +05:30 [INF] Executing endpoint 'AuthNet.Controllers.ProductsController.GetAll (AuthNet)'
2025-07-20 07:57:55.294 +05:30 [INF] Route matched with {action = "GetAll", controller = "Products"}. Executing controller action with signature System.Threading.Tasks.Task`1[Microsoft.AspNetCore.Mvc.IActionResult] GetAll() on controller AuthNet.Controllers.ProductsController (AuthNet).
2025-07-20 07:57:55.326 +05:30 [INF] Executed DbCommand (14ms) [Parameters=[], CommandType='"Text"', CommandTimeout='30']
SELECT [p].[ProductId], [p].[CategoryId], [p].[CostPrice], [p].[Description], [p].[Name], [p].[ProductCode], [p].[ProductKey], [p].[SellPrice], [p].[SupplierId]
FROM [Products] AS [p]
2025-07-20 07:57:55.341 +05:30 [INF] Executing OkObjectResult, writing value of type 'System.Collections.Generic.List`1[[AuthNet.Models.Domain.Product, AuthNet, Version=1.0.0.0, Culture=neutral, PublicKeyToken=null]]'.
2025-07-20 07:57:55.363 +05:30 [INF] Executed action AuthNet.Controllers.ProductsController.GetAll (AuthNet) in 69.0065ms
2025-07-20 07:57:55.363 +05:30 [INF] Executed endpoint 'AuthNet.Controllers.ProductsController.GetAll (AuthNet)'
2025-07-20 07:57:55.364 +05:30 [INF] Request finished HTTP/1.1 GET https://localhost:7165/api/Products - 200 null application/json; charset=utf-8 86.8993ms
2025-07-20 07:57:55.394 +05:30 [INF] Request starting HTTP/1.1 GET https://localhost:7165/api/InvoiceTemplates - null null
2025-07-20 07:57:55.395 +05:30 [INF] Executing endpoint 'AuthNet.Controllers.InvoiceTemplatesController.GetAll (AuthNet)'
2025-07-20 07:57:55.402 +05:30 [INF] Route matched with {action = "GetAll", controller = "InvoiceTemplates"}. Executing controller action with signature System.Threading.Tasks.Task`1[Microsoft.AspNetCore.Mvc.IActionResult] GetAll() on controller AuthNet.Controllers.InvoiceTemplatesController (AuthNet).
2025-07-20 07:57:55.436 +05:30 [INF] Executed DbCommand (14ms) [Parameters=[], CommandType='"Text"', CommandTimeout='30']
SELECT [i].[Id], [i].[Layout], [i].[Notes], [i].[TermsAndConditions]
FROM [InvoiceTemplates] AS [i]
2025-07-20 07:57:55.457 +05:30 [INF] Executing OkObjectResult, writing value of type 'System.Collections.Generic.List`1[[AuthNet.Models.Domain.InvoiceTemplate, AuthNet, Version=1.0.0.0, Culture=neutral, PublicKeyToken=null]]'.
2025-07-20 07:57:55.460 +05:30 [INF] Executed action AuthNet.Controllers.InvoiceTemplatesController.GetAll (AuthNet) in 57.9918ms
2025-07-20 07:57:55.460 +05:30 [INF] Executed endpoint 'AuthNet.Controllers.InvoiceTemplatesController.GetAll (AuthNet)'
2025-07-20 07:57:55.461 +05:30 [INF] Request finished HTTP/1.1 GET https://localhost:7165/api/InvoiceTemplates - 200 null application/json; charset=utf-8 67.0057ms
2025-07-20 07:57:55.486 +05:30 [INF] Request starting HTTP/1.1 GET https://localhost:7165/api/categories - null null
2025-07-20 07:57:55.487 +05:30 [INF] Executing endpoint 'AuthNet.Controllers.CategoriesController.GetAll (AuthNet)'
2025-07-20 07:57:55.494 +05:30 [INF] Route matched with {action = "GetAll", controller = "Categories"}. Executing controller action with signature System.Threading.Tasks.Task`1[Microsoft.AspNetCore.Mvc.IActionResult] GetAll() on controller AuthNet.Controllers.CategoriesController (AuthNet).
2025-07-20 07:57:55.524 +05:30 [INF] Executed DbCommand (5ms) [Parameters=[], CommandType='"Text"', CommandTimeout='30']
SELECT [c].[CategoryId], [c].[Description], [c].[Name]
FROM [Categories] AS [c]
2025-07-20 07:57:55.537 +05:30 [INF] Executing OkObjectResult, writing value of type 'System.Collections.Generic.List`1[[AuthNet.Models.Domain.Category, AuthNet, Version=1.0.0.0, Culture=neutral, PublicKeyToken=null]]'.
2025-07-20 07:57:55.539 +05:30 [INF] Executed action AuthNet.Controllers.CategoriesController.GetAll (AuthNet) in 45.0436ms
2025-07-20 07:57:55.539 +05:30 [INF] Executed endpoint 'AuthNet.Controllers.CategoriesController.GetAll (AuthNet)'
2025-07-20 07:57:55.540 +05:30 [INF] Request finished HTTP/1.1 GET https://localhost:7165/api/categories - 200 null application/json; charset=utf-8 54.1433ms
2025-07-20 07:57:55.559 +05:30 [INF] Request starting HTTP/1.1 GET https://localhost:7165/api/Settings/Get - null null
2025-07-20 07:57:55.561 +05:30 [INF] Executing endpoint 'AuthNet.Controllers.SettingsController.GetCompanyInfo (AuthNet)'
2025-07-20 07:57:55.561 +05:30 [INF] Route matched with {action = "GetCompanyInfo", controller = "Settings"}. Executing controller action with signature System.Threading.Tasks.Task`1[Microsoft.AspNetCore.Mvc.IActionResult] GetCompanyInfo() on controller AuthNet.Controllers.SettingsController (AuthNet).
2025-07-20 07:57:55.578 +05:30 [INF] Executed DbCommand (15ms) [Parameters=[], CommandType='"Text"', CommandTimeout='30']
SELECT TOP(1) [c].[Id], [c].[Address], [c].[ContactNumber], [c].[Email], [c].[GSTIN], [c].[LogoFileExtension], [c].[LogoFilePath], [c].[LogoFileSizeInBytes], [c].[LogoName], [c].[Name], [c].[SignFileExtension], [c].[SignFilePath], [c].[SignFileSizeInBytes], [c].[SignName]
FROM [CompanyInfos] AS [c]
2025-07-20 07:57:55.579 +05:30 [INF] Executing OkObjectResult, writing value of type 'AuthNet.Models.DTO.CompanyInfoResponseDto'.
2025-07-20 07:57:55.579 +05:30 [INF] Executed action AuthNet.Controllers.SettingsController.GetCompanyInfo (AuthNet) in 17.5852ms
2025-07-20 07:57:55.579 +05:30 [INF] Executed endpoint 'AuthNet.Controllers.SettingsController.GetCompanyInfo (AuthNet)'
2025-07-20 07:57:55.579 +05:30 [INF] Request finished HTTP/1.1 GET https://localhost:7165/api/Settings/Get - 200 null application/json; charset=utf-8 20.4539ms
2025-07-20 07:57:55.605 +05:30 [INF] Request starting HTTP/1.1 GET https://localhost:7165/api/TaxSettings - null null
2025-07-20 07:57:55.605 +05:30 [INF] Executing endpoint 'AuthNet.Controllers.TaxSettingsController.GetAll (AuthNet)'
2025-07-20 07:57:55.611 +05:30 [INF] Route matched with {action = "GetAll", controller = "TaxSettings"}. Executing controller action with signature System.Threading.Tasks.Task`1[Microsoft.AspNetCore.Mvc.IActionResult] GetAll() on controller AuthNet.Controllers.TaxSettingsController (AuthNet).
2025-07-20 07:57:55.617 +05:30 [WRN] The query uses the 'First'/'FirstOrDefault' operator without 'OrderBy' and filter operators. This may lead to unpredictable results.
2025-07-20 07:57:55.636 +05:30 [INF] Executed DbCommand (11ms) [Parameters=[], CommandType='"Text"', CommandTimeout='30']
SELECT TOP(1) [t].[Id], [t].[CGST], [t].[IGST], [t].[SGST]
FROM [TaxSettings] AS [t]
2025-07-20 07:57:55.654 +05:30 [INF] Executing OkObjectResult, writing value of type 'AuthNet.Models.DTO.TaxSettingResponseDto'.
2025-07-20 07:57:55.656 +05:30 [INF] Executed action AuthNet.Controllers.TaxSettingsController.GetAll (AuthNet) in 44.9329ms
2025-07-20 07:57:55.656 +05:30 [INF] Executed endpoint 'AuthNet.Controllers.TaxSettingsController.GetAll (AuthNet)'
2025-07-20 07:57:55.656 +05:30 [INF] Request finished HTTP/1.1 GET https://localhost:7165/api/TaxSettings - 200 null application/json; charset=utf-8 51.5229ms
2025-07-20 07:58:04.038 +05:30 [INF] Request starting HTTP/2 OPTIONS https://localhost:7165/api/Sales - null null
2025-07-20 07:58:04.038 +05:30 [INF] CORS policy execution successful.
2025-07-20 07:58:04.041 +05:30 [INF] Request finished HTTP/2 OPTIONS https://localhost:7165/api/Sales - 204 null null 3.2666ms
2025-07-20 07:58:04.044 +05:30 [INF] Request starting HTTP/2 POST https://localhost:7165/api/Sales - application/json 254
2025-07-20 07:58:04.045 +05:30 [INF] CORS policy execution successful.
2025-07-20 07:58:04.046 +05:30 [INF] Executing endpoint 'AuthNet.Controllers.SalesController.Create (AuthNet)'
2025-07-20 07:58:04.057 +05:30 [INF] Route matched with {action = "Create", controller = "Sales"}. Executing controller action with signature System.Threading.Tasks.Task`1[Microsoft.AspNetCore.Mvc.IActionResult] Create(AuthNet.Models.DTO.SaleDto) on controller AuthNet.Controllers.SalesController (AuthNet).
2025-07-20 07:58:04.535 +05:30 [INF] Executed DbCommand (67ms) [Parameters=[@p0='?' (Precision = 18) (Scale = 2) (DbType = Decimal), @p1='?' (DbType = DateTime2), @p2='?' (Precision = 18) (Scale = 2) (DbType = Decimal), @p3='?' (DbType = DateTime2), @p4='?' (Size = 4000), @p5='?' (Precision = 18) (Scale = 2) (DbType = Decimal), @p6='?' (Size = 4000), @p7='?' (Precision = 18) (Scale = 2) (DbType = Decimal)], CommandType='"Text"', CommandTimeout='30']
SET IMPLICIT_TRANSACTIONS OFF;
SET NOCOUNT ON;
INSERT INTO [Sales] ([AfterTaxAmount], [CreatedAt], [DiscountedAmount], [InvoiceDate], [InvoiceNo], [PrincipalAmount], [Template], [TotalAmount])
OUTPUT INSERTED.[Id]
VALUES (@p0, @p1, @p2, @p3, @p4, @p5, @p6, @p7);
2025-07-20 07:58:04.670 +05:30 [INF] Executed DbCommand (73ms) [Parameters=[@p8='?' (DbType = Int32), @p9='?' (Size = 4000), @p10='?' (DbType = Int32), @p11='?' (DbType = Int32), @p12='?' (Precision = 18) (Scale = 2) (DbType = Decimal), @p13='?' (Precision = 18) (Scale = 2) (DbType = Decimal), @p14='?' (DbType = Int32), @p15='?' (Size = 4000), @p16='?' (DbType = Int32), @p17='?' (DbType = Int32), @p18='?' (Precision = 18) (Scale = 2) (DbType = Decimal), @p19='?' (Precision = 18) (Scale = 2) (DbType = Decimal)], CommandType='"Text"', CommandTimeout='30']
SET IMPLICIT_TRANSACTIONS OFF;
SET NOCOUNT ON;
MERGE [SaleItems] USING (
VALUES (@p8, @p9, @p10, @p11, @p12, @p13, 0),
(@p14, @p15, @p16, @p17, @p18, @p19, 1)) AS i ([ProductId], [ProductName], [Quantity], [SaleId], [TotalPrice], [UnitPrice], _Position) ON 1=0
WHEN NOT MATCHED THEN
INSERT ([ProductId], [ProductName], [Quantity], [SaleId], [TotalPrice], [UnitPrice])
VALUES (i.[ProductId], i.[ProductName], i.[Quantity], i.[SaleId], i.[TotalPrice], i.[UnitPrice])
OUTPUT INSERTED.[Id], i._Position;
2025-07-20 07:58:04.704 +05:30 [INF] Executing OkObjectResult, writing value of type '<>f__AnonymousType3`2[[System.Boolean, System.Private.CoreLib, Version=8.0.0.0, Culture=neutral, PublicKeyToken=7cec85d7bea7798e],[System.String, System.Private.CoreLib, Version=8.0.0.0, Culture=neutral, PublicKeyToken=7cec85d7bea7798e]]'.
2025-07-20 07:58:04.711 +05:30 [INF] Executed action AuthNet.Controllers.SalesController.Create (AuthNet) in 653.595ms
2025-07-20 07:58:04.711 +05:30 [INF] Executed endpoint 'AuthNet.Controllers.SalesController.Create (AuthNet)'
2025-07-20 07:58:04.712 +05:30 [INF] Request finished HTTP/2 POST https://localhost:7165/api/Sales - 200 null application/json; charset=utf-8 667.1826ms
2025-07-20 07:58:07.292 +05:30 [INF] Request starting HTTP/1.1 GET https://localhost:7165/api/Sales/DailyProfit - null null
2025-07-20 07:58:07.292 +05:30 [INF] Executing endpoint 'AuthNet.Controllers.SalesController.GetDailyProfit (AuthNet)'
2025-07-20 07:58:07.293 +05:30 [INF] Route matched with {action = "GetDailyProfit", controller = "Sales"}. Executing controller action with signature System.Threading.Tasks.Task`1[Microsoft.AspNetCore.Mvc.IActionResult] GetDailyProfit() on controller AuthNet.Controllers.SalesController (AuthNet).
2025-07-20 07:58:07.323 +05:30 [INF] Executed DbCommand (28ms) [Parameters=[@__date_Date_0='?' (DbType = DateTime2)], CommandType='"Text"', CommandTimeout='30']
SELECT [s].[Id], [s].[ProductId], [s].[ProductName], [s].[Quantity], [s].[SaleId], [s].[TotalPrice], [s].[UnitPrice], [s0].[Id], [s0].[AfterTaxAmount], [s0].[CreatedAt], [s0].[DiscountedAmount], [s0].[InvoiceDate], [s0].[InvoiceNo], [s0].[PrincipalAmount], [s0].[Template], [s0].[TotalAmount]
FROM [SaleItems] AS [s]
INNER JOIN [Sales] AS [s0] ON [s].[SaleId] = [s0].[Id]
WHERE CONVERT(date, [s0].[InvoiceDate]) = @__date_Date_0
2025-07-20 07:58:07.342 +05:30 [INF] Executed DbCommand (18ms) [Parameters=[@__productIds_0='?' (Size = 4000)], CommandType='"Text"', CommandTimeout='30']
SELECT [p].[ProductId], [p].[CategoryId], [p].[CostPrice], [p].[Description], [p].[Name], [p].[ProductCode], [p].[ProductKey], [p].[SellPrice], [p].[SupplierId]
FROM [Products] AS [p]
WHERE [p].[ProductId] IN (
    SELECT [p0].[value]
    FROM OPENJSON(@__productIds_0) WITH ([value] int '$') AS [p0]
)
2025-07-20 07:58:07.342 +05:30 [INF] Executing OkObjectResult, writing value of type 'AuthNet.Models.DTO.DailyProfitDto'.
2025-07-20 07:58:07.343 +05:30 [INF] Executed action AuthNet.Controllers.SalesController.GetDailyProfit (AuthNet) in 50.1224ms
2025-07-20 07:58:07.343 +05:30 [INF] Executed endpoint 'AuthNet.Controllers.SalesController.GetDailyProfit (AuthNet)'
2025-07-20 07:58:07.343 +05:30 [INF] Request finished HTTP/1.1 GET https://localhost:7165/api/Sales/DailyProfit - 200 null application/json; charset=utf-8 51.3339ms
2025-07-20 07:58:07.362 +05:30 [INF] Request starting HTTP/1.1 GET https://localhost:7165/api/Sales/CurrentMonthProfit - null null
2025-07-20 07:58:07.362 +05:30 [INF] Executing endpoint 'AuthNet.Controllers.SalesController.GetCurrentMonthProfit (AuthNet)'
2025-07-20 07:58:07.363 +05:30 [INF] Route matched with {action = "GetCurrentMonthProfit", controller = "Sales"}. Executing controller action with signature System.Threading.Tasks.Task`1[Microsoft.AspNetCore.Mvc.IActionResult] GetCurrentMonthProfit() on controller AuthNet.Controllers.SalesController (AuthNet).
2025-07-20 07:58:07.378 +05:30 [INF] Executed DbCommand (14ms) [Parameters=[@__currentYear_0='?' (DbType = Int32), @__currentMonth_1='?' (DbType = Int32)], CommandType='"Text"', CommandTimeout='30']
SELECT [s].[Id], [s].[ProductId], [s].[ProductName], [s].[Quantity], [s].[SaleId], [s].[TotalPrice], [s].[UnitPrice], [s0].[Id], [s0].[AfterTaxAmount], [s0].[CreatedAt], [s0].[DiscountedAmount], [s0].[InvoiceDate], [s0].[InvoiceNo], [s0].[PrincipalAmount], [s0].[Template], [s0].[TotalAmount]
FROM [SaleItems] AS [s]
INNER JOIN [Sales] AS [s0] ON [s].[SaleId] = [s0].[Id]
WHERE DATEPART(year, [s0].[InvoiceDate]) = @__currentYear_0 AND DATEPART(month, [s0].[InvoiceDate]) = @__currentMonth_1
2025-07-20 07:58:07.380 +05:30 [INF] Executed DbCommand (2ms) [Parameters=[@__productIds_0='?' (Size = 4000)], CommandType='"Text"', CommandTimeout='30']
SELECT [p].[ProductId], [p].[CategoryId], [p].[CostPrice], [p].[Description], [p].[Name], [p].[ProductCode], [p].[ProductKey], [p].[SellPrice], [p].[SupplierId]
FROM [Products] AS [p]
WHERE [p].[ProductId] IN (
    SELECT [p0].[value]
    FROM OPENJSON(@__productIds_0) WITH ([value] int '$') AS [p0]
)
2025-07-20 07:58:07.380 +05:30 [INF] Executing OkObjectResult, writing value of type 'AuthNet.Models.DTO.MonthlyProfitDto'.
2025-07-20 07:58:07.381 +05:30 [INF] Executed action AuthNet.Controllers.SalesController.GetCurrentMonthProfit (AuthNet) in 17.9532ms
2025-07-20 07:58:07.381 +05:30 [INF] Executed endpoint 'AuthNet.Controllers.SalesController.GetCurrentMonthProfit (AuthNet)'
2025-07-20 07:58:07.381 +05:30 [INF] Request finished HTTP/1.1 GET https://localhost:7165/api/Sales/CurrentMonthProfit - 200 null application/json; charset=utf-8 18.9521ms
2025-07-20 07:58:07.429 +05:30 [INF] Request starting HTTP/1.1 GET https://localhost:7165/api/Sales/CurrentYearProfit - null null
2025-07-20 07:58:07.429 +05:30 [INF] Executing endpoint 'AuthNet.Controllers.SalesController.GetCurrentYearProfit (AuthNet)'
2025-07-20 07:58:07.429 +05:30 [INF] Route matched with {action = "GetCurrentYearProfit", controller = "Sales"}. Executing controller action with signature System.Threading.Tasks.Task`1[Microsoft.AspNetCore.Mvc.IActionResult] GetCurrentYearProfit() on controller AuthNet.Controllers.SalesController (AuthNet).
2025-07-20 07:58:07.437 +05:30 [INF] Executed DbCommand (7ms) [Parameters=[@__currentYear_0='?' (DbType = Int32)], CommandType='"Text"', CommandTimeout='30']
SELECT [s].[Id], [s].[ProductId], [s].[ProductName], [s].[Quantity], [s].[SaleId], [s].[TotalPrice], [s].[UnitPrice], [s0].[Id], [s0].[AfterTaxAmount], [s0].[CreatedAt], [s0].[DiscountedAmount], [s0].[InvoiceDate], [s0].[InvoiceNo], [s0].[PrincipalAmount], [s0].[Template], [s0].[TotalAmount]
FROM [SaleItems] AS [s]
INNER JOIN [Sales] AS [s0] ON [s].[SaleId] = [s0].[Id]
WHERE DATEPART(year, [s0].[InvoiceDate]) = @__currentYear_0
2025-07-20 07:58:07.439 +05:30 [INF] Executed DbCommand (1ms) [Parameters=[@__productIds_0='?' (Size = 4000)], CommandType='"Text"', CommandTimeout='30']
SELECT [p].[ProductId], [p].[CategoryId], [p].[CostPrice], [p].[Description], [p].[Name], [p].[ProductCode], [p].[ProductKey], [p].[SellPrice], [p].[SupplierId]
FROM [Products] AS [p]
WHERE [p].[ProductId] IN (
    SELECT [p0].[value]
    FROM OPENJSON(@__productIds_0) WITH ([value] int '$') AS [p0]
)
2025-07-20 07:58:07.440 +05:30 [INF] Executing OkObjectResult, writing value of type 'AuthNet.Models.DTO.YearlyProfitDto'.
2025-07-20 07:58:07.440 +05:30 [INF] Executed action AuthNet.Controllers.SalesController.GetCurrentYearProfit (AuthNet) in 10.506ms
2025-07-20 07:58:07.440 +05:30 [INF] Executed endpoint 'AuthNet.Controllers.SalesController.GetCurrentYearProfit (AuthNet)'
2025-07-20 07:58:07.440 +05:30 [INF] Request finished HTTP/1.1 GET https://localhost:7165/api/Sales/CurrentYearProfit - 200 null application/json; charset=utf-8 11.5654ms
2025-07-20 07:58:07.454 +05:30 [INF] Request starting HTTP/1.1 GET https://localhost:7165/api/Tasks - null null
2025-07-20 07:58:07.455 +05:30 [INF] Executing endpoint 'AuthNet.Controllers.TasksController.GetTasks (AuthNet)'
2025-07-20 07:58:07.455 +05:30 [INF] Route matched with {action = "GetTasks", controller = "Tasks"}. Executing controller action with signature Microsoft.AspNetCore.Mvc.IActionResult GetTasks() on controller AuthNet.Controllers.TasksController (AuthNet).
2025-07-20 07:58:07.464 +05:30 [INF] Executed DbCommand (8ms) [Parameters=[], CommandType='"Text"', CommandTimeout='30']
SELECT [t].[Id], [t].[Title], [t].[DueDate]
FROM [Tasks] AS [t]
2025-07-20 07:58:07.465 +05:30 [INF] Executing OkObjectResult, writing value of type 'System.Collections.Generic.List`1[[AuthNet.Models.DTO.TaskItemDto, AuthNet, Version=1.0.0.0, Culture=neutral, PublicKeyToken=null]]'.
2025-07-20 07:58:07.465 +05:30 [INF] Executed action AuthNet.Controllers.TasksController.GetTasks (AuthNet) in 10.0008ms
2025-07-20 07:58:07.465 +05:30 [INF] Executed endpoint 'AuthNet.Controllers.TasksController.GetTasks (AuthNet)'
2025-07-20 07:58:07.465 +05:30 [INF] Request finished HTTP/1.1 GET https://localhost:7165/api/Tasks - 200 null application/json; charset=utf-8 10.9869ms
2025-07-20 07:58:07.494 +05:30 [INF] Request starting HTTP/1.1 GET https://localhost:7165/api/Settings/Get - null null
2025-07-20 07:58:07.494 +05:30 [INF] Executing endpoint 'AuthNet.Controllers.SettingsController.GetCompanyInfo (AuthNet)'
2025-07-20 07:58:07.494 +05:30 [INF] Route matched with {action = "GetCompanyInfo", controller = "Settings"}. Executing controller action with signature System.Threading.Tasks.Task`1[Microsoft.AspNetCore.Mvc.IActionResult] GetCompanyInfo() on controller AuthNet.Controllers.SettingsController (AuthNet).
2025-07-20 07:58:07.520 +05:30 [INF] Executed DbCommand (24ms) [Parameters=[], CommandType='"Text"', CommandTimeout='30']
SELECT TOP(1) [c].[Id], [c].[Address], [c].[ContactNumber], [c].[Email], [c].[GSTIN], [c].[LogoFileExtension], [c].[LogoFilePath], [c].[LogoFileSizeInBytes], [c].[LogoName], [c].[Name], [c].[SignFileExtension], [c].[SignFilePath], [c].[SignFileSizeInBytes], [c].[SignName]
FROM [CompanyInfos] AS [c]
2025-07-20 07:58:07.520 +05:30 [INF] Executing OkObjectResult, writing value of type 'AuthNet.Models.DTO.CompanyInfoResponseDto'.
2025-07-20 07:58:07.521 +05:30 [INF] Executed action AuthNet.Controllers.SettingsController.GetCompanyInfo (AuthNet) in 26.5911ms
2025-07-20 07:58:07.521 +05:30 [INF] Executed endpoint 'AuthNet.Controllers.SettingsController.GetCompanyInfo (AuthNet)'
2025-07-20 07:58:07.521 +05:30 [INF] Request finished HTTP/1.1 GET https://localhost:7165/api/Settings/Get - 200 null application/json; charset=utf-8 27.3478ms
2025-07-20 07:58:07.636 +05:30 [INF] Request starting HTTP/2 GET https://localhost:7165/api/Sales/WeeklyProfit - null null
2025-07-20 07:58:07.636 +05:30 [INF] Request starting HTTP/2 GET https://localhost:7165/api/Products/CategoryWiseProductCount - null null
2025-07-20 07:58:07.637 +05:30 [INF] CORS policy execution successful.
2025-07-20 07:58:07.637 +05:30 [INF] Executing endpoint 'AuthNet.Controllers.SalesController.GetWeeklyProfit (AuthNet)'
2025-07-20 07:58:07.638 +05:30 [INF] Route matched with {action = "GetWeeklyProfit", controller = "Sales"}. Executing controller action with signature System.Threading.Tasks.Task`1[Microsoft.AspNetCore.Mvc.IActionResult] GetWeeklyProfit() on controller AuthNet.Controllers.SalesController (AuthNet).
2025-07-20 07:58:07.639 +05:30 [INF] CORS policy execution successful.
2025-07-20 07:58:07.646 +05:30 [INF] Executing endpoint 'AuthNet.Controllers.ProductsController.GetCategoryWiseProductCount (AuthNet)'
2025-07-20 07:58:07.646 +05:30 [INF] Route matched with {action = "GetCategoryWiseProductCount", controller = "Products"}. Executing controller action with signature System.Threading.Tasks.Task`1[Microsoft.AspNetCore.Mvc.IActionResult] GetCategoryWiseProductCount() on controller AuthNet.Controllers.ProductsController (AuthNet).
2025-07-20 07:58:07.677 +05:30 [INF] Executed DbCommand (30ms) [Parameters=[@__startDate_0='?' (DbType = DateTime2), @__endDate_1='?' (DbType = DateTime2)], CommandType='"Text"', CommandTimeout='30']
SELECT [s].[Id], [s].[ProductId], [s].[ProductName], [s].[Quantity], [s].[SaleId], [s].[TotalPrice], [s].[UnitPrice], [s0].[Id], [s0].[AfterTaxAmount], [s0].[CreatedAt], [s0].[DiscountedAmount], [s0].[InvoiceDate], [s0].[InvoiceNo], [s0].[PrincipalAmount], [s0].[Template], [s0].[TotalAmount]
FROM [SaleItems] AS [s]
INNER JOIN [Sales] AS [s0] ON [s].[SaleId] = [s0].[Id]
WHERE CONVERT(date, [s0].[InvoiceDate]) >= @__startDate_0 AND CONVERT(date, [s0].[InvoiceDate]) <= @__endDate_1
2025-07-20 07:58:07.688 +05:30 [INF] Executed DbCommand (9ms) [Parameters=[@__productIds_0='?' (Size = 4000)], CommandType='"Text"', CommandTimeout='30']
SELECT [p].[ProductId], [p].[CategoryId], [p].[CostPrice], [p].[Description], [p].[Name], [p].[ProductCode], [p].[ProductKey], [p].[SellPrice], [p].[SupplierId]
FROM [Products] AS [p]
WHERE [p].[ProductId] IN (
    SELECT [p0].[value]
    FROM OPENJSON(@__productIds_0) WITH ([value] int '$') AS [p0]
)
2025-07-20 07:58:07.688 +05:30 [INF] Executing OkObjectResult, writing value of type 'System.Collections.Generic.List`1[[AuthNet.Models.DTO.DailyProfitDto, AuthNet, Version=1.0.0.0, Culture=neutral, PublicKeyToken=null]]'.
2025-07-20 07:58:07.689 +05:30 [INF] Executed action AuthNet.Controllers.SalesController.GetWeeklyProfit (AuthNet) in 50.8908ms
2025-07-20 07:58:07.689 +05:30 [INF] Executed endpoint 'AuthNet.Controllers.SalesController.GetWeeklyProfit (AuthNet)'
2025-07-20 07:58:07.689 +05:30 [INF] Request finished HTTP/2 GET https://localhost:7165/api/Sales/WeeklyProfit - 200 null application/json; charset=utf-8 52.6502ms
2025-07-20 07:58:07.705 +05:30 [INF] Executed DbCommand (57ms) [Parameters=[], CommandType='"Text"', CommandTimeout='30']
SELECT [c].[Name] AS [CategoryName], COUNT(*) AS [ProductCount]
FROM [Products] AS [p]
LEFT JOIN [Categories] AS [c] ON [p].[CategoryId] = [c].[CategoryId]
WHERE [c].[CategoryId] IS NOT NULL
GROUP BY [c].[Name]
2025-07-20 07:58:07.705 +05:30 [INF] Executing OkObjectResult, writing value of type 'System.Collections.Generic.List`1[[AuthNet.Models.DTO.CategoryProductCountDto, AuthNet, Version=1.0.0.0, Culture=neutral, PublicKeyToken=null]]'.
2025-07-20 07:58:07.705 +05:30 [INF] Executed action AuthNet.Controllers.ProductsController.GetCategoryWiseProductCount (AuthNet) in 59.3398ms
2025-07-20 07:58:07.705 +05:30 [INF] Executed endpoint 'AuthNet.Controllers.ProductsController.GetCategoryWiseProductCount (AuthNet)'
2025-07-20 07:58:07.705 +05:30 [INF] Request finished HTTP/2 GET https://localhost:7165/api/Products/CategoryWiseProductCount - 200 null application/json; charset=utf-8 68.9961ms
2025-07-20 07:59:00.287 +05:30 [INF] Request starting HTTP/1.1 GET https://localhost:7165/api/Sales/DailyProfit - null null
2025-07-20 07:59:00.287 +05:30 [INF] Executing endpoint 'AuthNet.Controllers.SalesController.GetDailyProfit (AuthNet)'
2025-07-20 07:59:00.291 +05:30 [INF] Route matched with {action = "GetDailyProfit", controller = "Sales"}. Executing controller action with signature System.Threading.Tasks.Task`1[Microsoft.AspNetCore.Mvc.IActionResult] GetDailyProfit() on controller AuthNet.Controllers.SalesController (AuthNet).
2025-07-20 07:59:00.316 +05:30 [INF] Executed DbCommand (23ms) [Parameters=[@__date_Date_0='?' (DbType = DateTime2)], CommandType='"Text"', CommandTimeout='30']
SELECT [s].[Id], [s].[ProductId], [s].[ProductName], [s].[Quantity], [s].[SaleId], [s].[TotalPrice], [s].[UnitPrice], [s0].[Id], [s0].[AfterTaxAmount], [s0].[CreatedAt], [s0].[DiscountedAmount], [s0].[InvoiceDate], [s0].[InvoiceNo], [s0].[PrincipalAmount], [s0].[Template], [s0].[TotalAmount]
FROM [SaleItems] AS [s]
INNER JOIN [Sales] AS [s0] ON [s].[SaleId] = [s0].[Id]
WHERE CONVERT(date, [s0].[InvoiceDate]) = @__date_Date_0
2025-07-20 07:59:00.326 +05:30 [INF] Executed DbCommand (9ms) [Parameters=[@__productIds_0='?' (Size = 4000)], CommandType='"Text"', CommandTimeout='30']
SELECT [p].[ProductId], [p].[CategoryId], [p].[CostPrice], [p].[Description], [p].[Name], [p].[ProductCode], [p].[ProductKey], [p].[SellPrice], [p].[SupplierId]
FROM [Products] AS [p]
WHERE [p].[ProductId] IN (
    SELECT [p0].[value]
    FROM OPENJSON(@__productIds_0) WITH ([value] int '$') AS [p0]
)
2025-07-20 07:59:00.327 +05:30 [INF] Executing OkObjectResult, writing value of type 'AuthNet.Models.DTO.DailyProfitDto'.
2025-07-20 07:59:00.327 +05:30 [INF] Executed action AuthNet.Controllers.SalesController.GetDailyProfit (AuthNet) in 35.9857ms
2025-07-20 07:59:00.327 +05:30 [INF] Executed endpoint 'AuthNet.Controllers.SalesController.GetDailyProfit (AuthNet)'
2025-07-20 07:59:00.328 +05:30 [INF] Request finished HTTP/1.1 GET https://localhost:7165/api/Sales/DailyProfit - 200 null application/json; charset=utf-8 42.555ms
2025-07-20 07:59:00.343 +05:30 [INF] Request starting HTTP/1.1 GET https://localhost:7165/api/Sales/CurrentMonthProfit - null null
2025-07-20 07:59:00.343 +05:30 [INF] Executing endpoint 'AuthNet.Controllers.SalesController.GetCurrentMonthProfit (AuthNet)'
2025-07-20 07:59:00.343 +05:30 [INF] Route matched with {action = "GetCurrentMonthProfit", controller = "Sales"}. Executing controller action with signature System.Threading.Tasks.Task`1[Microsoft.AspNetCore.Mvc.IActionResult] GetCurrentMonthProfit() on controller AuthNet.Controllers.SalesController (AuthNet).
2025-07-20 07:59:00.376 +05:30 [INF] Executed DbCommand (27ms) [Parameters=[@__currentYear_0='?' (DbType = Int32), @__currentMonth_1='?' (DbType = Int32)], CommandType='"Text"', CommandTimeout='30']
SELECT [s].[Id], [s].[ProductId], [s].[ProductName], [s].[Quantity], [s].[SaleId], [s].[TotalPrice], [s].[UnitPrice], [s0].[Id], [s0].[AfterTaxAmount], [s0].[CreatedAt], [s0].[DiscountedAmount], [s0].[InvoiceDate], [s0].[InvoiceNo], [s0].[PrincipalAmount], [s0].[Template], [s0].[TotalAmount]
FROM [SaleItems] AS [s]
INNER JOIN [Sales] AS [s0] ON [s].[SaleId] = [s0].[Id]
WHERE DATEPART(year, [s0].[InvoiceDate]) = @__currentYear_0 AND DATEPART(month, [s0].[InvoiceDate]) = @__currentMonth_1
2025-07-20 07:59:00.381 +05:30 [INF] Executed DbCommand (4ms) [Parameters=[@__productIds_0='?' (Size = 4000)], CommandType='"Text"', CommandTimeout='30']
SELECT [p].[ProductId], [p].[CategoryId], [p].[CostPrice], [p].[Description], [p].[Name], [p].[ProductCode], [p].[ProductKey], [p].[SellPrice], [p].[SupplierId]
FROM [Products] AS [p]
WHERE [p].[ProductId] IN (
    SELECT [p0].[value]
    FROM OPENJSON(@__productIds_0) WITH ([value] int '$') AS [p0]
)
2025-07-20 07:59:00.382 +05:30 [INF] Executing OkObjectResult, writing value of type 'AuthNet.Models.DTO.MonthlyProfitDto'.
2025-07-20 07:59:00.382 +05:30 [INF] Executed action AuthNet.Controllers.SalesController.GetCurrentMonthProfit (AuthNet) in 38.8231ms
2025-07-20 07:59:00.382 +05:30 [INF] Executed endpoint 'AuthNet.Controllers.SalesController.GetCurrentMonthProfit (AuthNet)'
2025-07-20 07:59:00.383 +05:30 [INF] Request finished HTTP/1.1 GET https://localhost:7165/api/Sales/CurrentMonthProfit - 200 null application/json; charset=utf-8 39.6336ms
2025-07-20 07:59:00.401 +05:30 [INF] Request starting HTTP/1.1 GET https://localhost:7165/api/Sales/CurrentYearProfit - null null
2025-07-20 07:59:00.401 +05:30 [INF] Executing endpoint 'AuthNet.Controllers.SalesController.GetCurrentYearProfit (AuthNet)'
2025-07-20 07:59:00.401 +05:30 [INF] Route matched with {action = "GetCurrentYearProfit", controller = "Sales"}. Executing controller action with signature System.Threading.Tasks.Task`1[Microsoft.AspNetCore.Mvc.IActionResult] GetCurrentYearProfit() on controller AuthNet.Controllers.SalesController (AuthNet).
2025-07-20 07:59:00.413 +05:30 [INF] Executed DbCommand (11ms) [Parameters=[@__currentYear_0='?' (DbType = Int32)], CommandType='"Text"', CommandTimeout='30']
SELECT [s].[Id], [s].[ProductId], [s].[ProductName], [s].[Quantity], [s].[SaleId], [s].[TotalPrice], [s].[UnitPrice], [s0].[Id], [s0].[AfterTaxAmount], [s0].[CreatedAt], [s0].[DiscountedAmount], [s0].[InvoiceDate], [s0].[InvoiceNo], [s0].[PrincipalAmount], [s0].[Template], [s0].[TotalAmount]
FROM [SaleItems] AS [s]
INNER JOIN [Sales] AS [s0] ON [s].[SaleId] = [s0].[Id]
WHERE DATEPART(year, [s0].[InvoiceDate]) = @__currentYear_0
2025-07-20 07:59:00.416 +05:30 [INF] Executed DbCommand (2ms) [Parameters=[@__productIds_0='?' (Size = 4000)], CommandType='"Text"', CommandTimeout='30']
SELECT [p].[ProductId], [p].[CategoryId], [p].[CostPrice], [p].[Description], [p].[Name], [p].[ProductCode], [p].[ProductKey], [p].[SellPrice], [p].[SupplierId]
FROM [Products] AS [p]
WHERE [p].[ProductId] IN (
    SELECT [p0].[value]
    FROM OPENJSON(@__productIds_0) WITH ([value] int '$') AS [p0]
)
2025-07-20 07:59:00.417 +05:30 [INF] Executing OkObjectResult, writing value of type 'AuthNet.Models.DTO.YearlyProfitDto'.
2025-07-20 07:59:00.418 +05:30 [INF] Executed action AuthNet.Controllers.SalesController.GetCurrentYearProfit (AuthNet) in 16.218ms
2025-07-20 07:59:00.418 +05:30 [INF] Executed endpoint 'AuthNet.Controllers.SalesController.GetCurrentYearProfit (AuthNet)'
2025-07-20 07:59:00.418 +05:30 [INF] Request finished HTTP/1.1 GET https://localhost:7165/api/Sales/CurrentYearProfit - 200 null application/json; charset=utf-8 17.5689ms
2025-07-20 07:59:00.437 +05:30 [INF] Request starting HTTP/1.1 GET https://localhost:7165/api/Tasks - null null
2025-07-20 07:59:00.437 +05:30 [INF] Executing endpoint 'AuthNet.Controllers.TasksController.GetTasks (AuthNet)'
2025-07-20 07:59:00.437 +05:30 [INF] Route matched with {action = "GetTasks", controller = "Tasks"}. Executing controller action with signature Microsoft.AspNetCore.Mvc.IActionResult GetTasks() on controller AuthNet.Controllers.TasksController (AuthNet).
2025-07-20 07:59:00.443 +05:30 [INF] Executed DbCommand (5ms) [Parameters=[], CommandType='"Text"', CommandTimeout='30']
SELECT [t].[Id], [t].[Title], [t].[DueDate]
FROM [Tasks] AS [t]
2025-07-20 07:59:00.443 +05:30 [INF] Executing OkObjectResult, writing value of type 'System.Collections.Generic.List`1[[AuthNet.Models.DTO.TaskItemDto, AuthNet, Version=1.0.0.0, Culture=neutral, PublicKeyToken=null]]'.
2025-07-20 07:59:00.444 +05:30 [INF] Executed action AuthNet.Controllers.TasksController.GetTasks (AuthNet) in 6.5215ms
2025-07-20 07:59:00.444 +05:30 [INF] Executed endpoint 'AuthNet.Controllers.TasksController.GetTasks (AuthNet)'
2025-07-20 07:59:00.444 +05:30 [INF] Request finished HTTP/1.1 GET https://localhost:7165/api/Tasks - 200 null application/json; charset=utf-8 7.2504ms
2025-07-20 07:59:00.472 +05:30 [INF] Request starting HTTP/1.1 GET https://localhost:7165/api/Settings/Get - null null
2025-07-20 07:59:00.472 +05:30 [INF] Executing endpoint 'AuthNet.Controllers.SettingsController.GetCompanyInfo (AuthNet)'
2025-07-20 07:59:00.472 +05:30 [INF] Route matched with {action = "GetCompanyInfo", controller = "Settings"}. Executing controller action with signature System.Threading.Tasks.Task`1[Microsoft.AspNetCore.Mvc.IActionResult] GetCompanyInfo() on controller AuthNet.Controllers.SettingsController (AuthNet).
2025-07-20 07:59:00.486 +05:30 [INF] Executed DbCommand (11ms) [Parameters=[], CommandType='"Text"', CommandTimeout='30']
SELECT TOP(1) [c].[Id], [c].[Address], [c].[ContactNumber], [c].[Email], [c].[GSTIN], [c].[LogoFileExtension], [c].[LogoFilePath], [c].[LogoFileSizeInBytes], [c].[LogoName], [c].[Name], [c].[SignFileExtension], [c].[SignFilePath], [c].[SignFileSizeInBytes], [c].[SignName]
FROM [CompanyInfos] AS [c]
2025-07-20 07:59:00.487 +05:30 [INF] Executing OkObjectResult, writing value of type 'AuthNet.Models.DTO.CompanyInfoResponseDto'.
2025-07-20 07:59:00.487 +05:30 [INF] Executed action AuthNet.Controllers.SettingsController.GetCompanyInfo (AuthNet) in 14.2572ms
2025-07-20 07:59:00.487 +05:30 [INF] Executed endpoint 'AuthNet.Controllers.SettingsController.GetCompanyInfo (AuthNet)'
2025-07-20 07:59:00.487 +05:30 [INF] Request finished HTTP/1.1 GET https://localhost:7165/api/Settings/Get - 200 null application/json; charset=utf-8 15.0721ms
2025-07-20 07:59:00.602 +05:30 [INF] Request starting HTTP/2 GET https://localhost:7165/api/Sales/WeeklyProfit - null null
2025-07-20 07:59:00.603 +05:30 [INF] CORS policy execution successful.
2025-07-20 07:59:00.603 +05:30 [INF] Executing endpoint 'AuthNet.Controllers.SalesController.GetWeeklyProfit (AuthNet)'
2025-07-20 07:59:00.603 +05:30 [INF] Route matched with {action = "GetWeeklyProfit", controller = "Sales"}. Executing controller action with signature System.Threading.Tasks.Task`1[Microsoft.AspNetCore.Mvc.IActionResult] GetWeeklyProfit() on controller AuthNet.Controllers.SalesController (AuthNet).
2025-07-20 07:59:00.604 +05:30 [INF] Request starting HTTP/2 GET https://localhost:7165/api/Products/CategoryWiseProductCount - null null
2025-07-20 07:59:00.605 +05:30 [INF] CORS policy execution successful.
2025-07-20 07:59:00.605 +05:30 [INF] Executing endpoint 'AuthNet.Controllers.ProductsController.GetCategoryWiseProductCount (AuthNet)'
2025-07-20 07:59:00.605 +05:30 [INF] Route matched with {action = "GetCategoryWiseProductCount", controller = "Products"}. Executing controller action with signature System.Threading.Tasks.Task`1[Microsoft.AspNetCore.Mvc.IActionResult] GetCategoryWiseProductCount() on controller AuthNet.Controllers.ProductsController (AuthNet).
2025-07-20 07:59:00.656 +05:30 [INF] Executed DbCommand (51ms) [Parameters=[@__startDate_0='?' (DbType = DateTime2), @__endDate_1='?' (DbType = DateTime2)], CommandType='"Text"', CommandTimeout='30']
SELECT [s].[Id], [s].[ProductId], [s].[ProductName], [s].[Quantity], [s].[SaleId], [s].[TotalPrice], [s].[UnitPrice], [s0].[Id], [s0].[AfterTaxAmount], [s0].[CreatedAt], [s0].[DiscountedAmount], [s0].[InvoiceDate], [s0].[InvoiceNo], [s0].[PrincipalAmount], [s0].[Template], [s0].[TotalAmount]
FROM [SaleItems] AS [s]
INNER JOIN [Sales] AS [s0] ON [s].[SaleId] = [s0].[Id]
WHERE CONVERT(date, [s0].[InvoiceDate]) >= @__startDate_0 AND CONVERT(date, [s0].[InvoiceDate]) <= @__endDate_1
2025-07-20 07:59:00.656 +05:30 [INF] Executed DbCommand (35ms) [Parameters=[], CommandType='"Text"', CommandTimeout='30']
SELECT [c].[Name] AS [CategoryName], COUNT(*) AS [ProductCount]
FROM [Products] AS [p]
LEFT JOIN [Categories] AS [c] ON [p].[CategoryId] = [c].[CategoryId]
WHERE [c].[CategoryId] IS NOT NULL
GROUP BY [c].[Name]
2025-07-20 07:59:00.657 +05:30 [INF] Executing OkObjectResult, writing value of type 'System.Collections.Generic.List`1[[AuthNet.Models.DTO.CategoryProductCountDto, AuthNet, Version=1.0.0.0, Culture=neutral, PublicKeyToken=null]]'.
2025-07-20 07:59:00.657 +05:30 [INF] Executed action AuthNet.Controllers.ProductsController.GetCategoryWiseProductCount (AuthNet) in 37.9295ms
2025-07-20 07:59:00.657 +05:30 [INF] Executed endpoint 'AuthNet.Controllers.ProductsController.GetCategoryWiseProductCount (AuthNet)'
2025-07-20 07:59:00.657 +05:30 [INF] Request finished HTTP/2 GET https://localhost:7165/api/Products/CategoryWiseProductCount - 200 null application/json; charset=utf-8 53.8791ms
2025-07-20 07:59:00.674 +05:30 [INF] Executed DbCommand (16ms) [Parameters=[@__productIds_0='?' (Size = 4000)], CommandType='"Text"', CommandTimeout='30']
SELECT [p].[ProductId], [p].[CategoryId], [p].[CostPrice], [p].[Description], [p].[Name], [p].[ProductCode], [p].[ProductKey], [p].[SellPrice], [p].[SupplierId]
FROM [Products] AS [p]
WHERE [p].[ProductId] IN (
    SELECT [p0].[value]
    FROM OPENJSON(@__productIds_0) WITH ([value] int '$') AS [p0]
)
2025-07-20 07:59:00.675 +05:30 [INF] Executing OkObjectResult, writing value of type 'System.Collections.Generic.List`1[[AuthNet.Models.DTO.DailyProfitDto, AuthNet, Version=1.0.0.0, Culture=neutral, PublicKeyToken=null]]'.
2025-07-20 07:59:00.675 +05:30 [INF] Executed action AuthNet.Controllers.SalesController.GetWeeklyProfit (AuthNet) in 72.0731ms
2025-07-20 07:59:00.675 +05:30 [INF] Executed endpoint 'AuthNet.Controllers.SalesController.GetWeeklyProfit (AuthNet)'
2025-07-20 07:59:00.675 +05:30 [INF] Request finished HTTP/2 GET https://localhost:7165/api/Sales/WeeklyProfit - 200 null application/json; charset=utf-8 73.1732ms
2025-07-20 08:00:38.430 +05:30 [INF] Request starting HTTP/1.1 GET https://localhost:7165/api/Inventory - null null
2025-07-20 08:00:38.432 +05:30 [INF] Executing endpoint 'AuthNet.Controllers.InventoryController.GetAll (AuthNet)'
2025-07-20 08:00:38.442 +05:30 [INF] Route matched with {action = "GetAll", controller = "Inventory"}. Executing controller action with signature System.Threading.Tasks.Task`1[Microsoft.AspNetCore.Mvc.IActionResult] GetAll() on controller AuthNet.Controllers.InventoryController (AuthNet).
2025-07-20 08:00:38.472 +05:30 [INF] Executed DbCommand (11ms) [Parameters=[], CommandType='"Text"', CommandTimeout='30']
SELECT [i].[InventoryId], [i].[LastUpdated], [i].[ProductId], [i].[QuantityInStock], [i].[ReorderLevel]
FROM [Inventories] AS [i]
2025-07-20 08:00:38.492 +05:30 [INF] Executing OkObjectResult, writing value of type 'System.Collections.Generic.List`1[[AuthNet.Models.Domain.Inventory, AuthNet, Version=1.0.0.0, Culture=neutral, PublicKeyToken=null]]'.
2025-07-20 08:00:38.497 +05:30 [INF] Executed action AuthNet.Controllers.InventoryController.GetAll (AuthNet) in 55.6296ms
2025-07-20 08:00:38.498 +05:30 [INF] Executed endpoint 'AuthNet.Controllers.InventoryController.GetAll (AuthNet)'
2025-07-20 08:00:38.498 +05:30 [INF] Request finished HTTP/1.1 GET https://localhost:7165/api/Inventory - 200 null application/json; charset=utf-8 71.7335ms
2025-07-20 08:00:38.544 +05:30 [INF] Request starting HTTP/1.1 GET https://localhost:7165/api/Products - null null
2025-07-20 08:00:38.544 +05:30 [INF] Executing endpoint 'AuthNet.Controllers.ProductsController.GetAll (AuthNet)'
2025-07-20 08:00:38.544 +05:30 [INF] Route matched with {action = "GetAll", controller = "Products"}. Executing controller action with signature System.Threading.Tasks.Task`1[Microsoft.AspNetCore.Mvc.IActionResult] GetAll() on controller AuthNet.Controllers.ProductsController (AuthNet).
2025-07-20 08:00:38.552 +05:30 [INF] Executed DbCommand (6ms) [Parameters=[], CommandType='"Text"', CommandTimeout='30']
SELECT [p].[ProductId], [p].[CategoryId], [p].[CostPrice], [p].[Description], [p].[Name], [p].[ProductCode], [p].[ProductKey], [p].[SellPrice], [p].[SupplierId]
FROM [Products] AS [p]
2025-07-20 08:00:38.552 +05:30 [INF] Executing OkObjectResult, writing value of type 'System.Collections.Generic.List`1[[AuthNet.Models.Domain.Product, AuthNet, Version=1.0.0.0, Culture=neutral, PublicKeyToken=null]]'.
2025-07-20 08:00:38.553 +05:30 [INF] Executed action AuthNet.Controllers.ProductsController.GetAll (AuthNet) in 8.5064ms
2025-07-20 08:00:38.553 +05:30 [INF] Executed endpoint 'AuthNet.Controllers.ProductsController.GetAll (AuthNet)'
2025-07-20 08:00:38.553 +05:30 [INF] Request finished HTTP/1.1 GET https://localhost:7165/api/Products - 200 null application/json; charset=utf-8 9.7604ms
2025-07-20 08:01:13.238 +05:30 [INF] Request starting HTTP/1.1 GET https://localhost:7165/api/Products - null null
2025-07-20 08:01:13.240 +05:30 [INF] Executing endpoint 'AuthNet.Controllers.ProductsController.GetAll (AuthNet)'
2025-07-20 08:01:13.240 +05:30 [INF] Route matched with {action = "GetAll", controller = "Products"}. Executing controller action with signature System.Threading.Tasks.Task`1[Microsoft.AspNetCore.Mvc.IActionResult] GetAll() on controller AuthNet.Controllers.ProductsController (AuthNet).
2025-07-20 08:01:13.257 +05:30 [INF] Executed DbCommand (5ms) [Parameters=[], CommandType='"Text"', CommandTimeout='30']
SELECT [p].[ProductId], [p].[CategoryId], [p].[CostPrice], [p].[Description], [p].[Name], [p].[ProductCode], [p].[ProductKey], [p].[SellPrice], [p].[SupplierId]
FROM [Products] AS [p]
2025-07-20 08:01:13.258 +05:30 [INF] Executing OkObjectResult, writing value of type 'System.Collections.Generic.List`1[[AuthNet.Models.Domain.Product, AuthNet, Version=1.0.0.0, Culture=neutral, PublicKeyToken=null]]'.
2025-07-20 08:01:13.259 +05:30 [INF] Executed action AuthNet.Controllers.ProductsController.GetAll (AuthNet) in 18.9067ms
2025-07-20 08:01:13.259 +05:30 [INF] Executed endpoint 'AuthNet.Controllers.ProductsController.GetAll (AuthNet)'
2025-07-20 08:01:13.260 +05:30 [INF] Request finished HTTP/1.1 GET https://localhost:7165/api/Products - 200 null application/json; charset=utf-8 22.3268ms
2025-07-20 08:01:13.280 +05:30 [INF] Request starting HTTP/1.1 GET https://localhost:7165/api/Inventory - null null
2025-07-20 08:01:13.280 +05:30 [INF] Executing endpoint 'AuthNet.Controllers.InventoryController.GetAll (AuthNet)'
2025-07-20 08:01:13.280 +05:30 [INF] Route matched with {action = "GetAll", controller = "Inventory"}. Executing controller action with signature System.Threading.Tasks.Task`1[Microsoft.AspNetCore.Mvc.IActionResult] GetAll() on controller AuthNet.Controllers.InventoryController (AuthNet).
2025-07-20 08:01:13.287 +05:30 [INF] Executed DbCommand (6ms) [Parameters=[], CommandType='"Text"', CommandTimeout='30']
SELECT [i].[InventoryId], [i].[LastUpdated], [i].[ProductId], [i].[QuantityInStock], [i].[ReorderLevel]
FROM [Inventories] AS [i]
2025-07-20 08:01:13.288 +05:30 [INF] Executing OkObjectResult, writing value of type 'System.Collections.Generic.List`1[[AuthNet.Models.Domain.Inventory, AuthNet, Version=1.0.0.0, Culture=neutral, PublicKeyToken=null]]'.
2025-07-20 08:01:13.289 +05:30 [INF] Executed action AuthNet.Controllers.InventoryController.GetAll (AuthNet) in 8.4527ms
2025-07-20 08:01:13.289 +05:30 [INF] Executed endpoint 'AuthNet.Controllers.InventoryController.GetAll (AuthNet)'
2025-07-20 08:01:13.289 +05:30 [INF] Request finished HTTP/1.1 GET https://localhost:7165/api/Inventory - 200 null application/json; charset=utf-8 9.407ms
2025-07-20 08:01:21.701 +05:30 [INF] Request starting HTTP/1.1 GET https://localhost:7165/api/Inventory - null null
2025-07-20 08:01:21.701 +05:30 [INF] Executing endpoint 'AuthNet.Controllers.InventoryController.GetAll (AuthNet)'
2025-07-20 08:01:21.702 +05:30 [INF] Route matched with {action = "GetAll", controller = "Inventory"}. Executing controller action with signature System.Threading.Tasks.Task`1[Microsoft.AspNetCore.Mvc.IActionResult] GetAll() on controller AuthNet.Controllers.InventoryController (AuthNet).
2025-07-20 08:01:21.705 +05:30 [INF] Executed DbCommand (1ms) [Parameters=[], CommandType='"Text"', CommandTimeout='30']
SELECT [i].[InventoryId], [i].[LastUpdated], [i].[ProductId], [i].[QuantityInStock], [i].[ReorderLevel]
FROM [Inventories] AS [i]
2025-07-20 08:01:21.710 +05:30 [INF] Executing OkObjectResult, writing value of type 'System.Collections.Generic.List`1[[AuthNet.Models.Domain.Inventory, AuthNet, Version=1.0.0.0, Culture=neutral, PublicKeyToken=null]]'.
2025-07-20 08:01:21.710 +05:30 [INF] Executed action AuthNet.Controllers.InventoryController.GetAll (AuthNet) in 8.2876ms
2025-07-20 08:01:21.710 +05:30 [INF] Executed endpoint 'AuthNet.Controllers.InventoryController.GetAll (AuthNet)'
2025-07-20 08:01:21.711 +05:30 [INF] Request finished HTTP/1.1 GET https://localhost:7165/api/Inventory - 200 null application/json; charset=utf-8 9.4415ms
2025-07-20 08:01:21.743 +05:30 [INF] Request starting HTTP/1.1 POST https://localhost:7165/api/Inventory - application/json; charset=utf-8 null
2025-07-20 08:01:21.744 +05:30 [INF] Executing endpoint 'AuthNet.Controllers.InventoryController.Create (AuthNet)'
2025-07-20 08:01:21.749 +05:30 [INF] Route matched with {action = "Create", controller = "Inventory"}. Executing controller action with signature System.Threading.Tasks.Task`1[Microsoft.AspNetCore.Mvc.IActionResult] Create(AuthNet.Models.Domain.Inventory) on controller AuthNet.Controllers.InventoryController (AuthNet).
2025-07-20 08:01:21.796 +05:30 [INF] Executed DbCommand (11ms) [Parameters=[@p0='?' (DbType = DateTime2), @p1='?' (DbType = Int32), @p2='?' (DbType = Int32), @p3='?' (DbType = Int32)], CommandType='"Text"', CommandTimeout='30']
SET IMPLICIT_TRANSACTIONS OFF;
SET NOCOUNT ON;
INSERT INTO [Inventories] ([LastUpdated], [ProductId], [QuantityInStock], [ReorderLevel])
OUTPUT INSERTED.[InventoryId]
VALUES (@p0, @p1, @p2, @p3);
2025-07-20 08:01:21.813 +05:30 [INF] Executed DbCommand (6ms) [Parameters=[@__id_0='?' (DbType = Int32)], CommandType='"Text"', CommandTimeout='30']
SELECT TOP(1) [i].[InventoryId], [i].[LastUpdated], [i].[ProductId], [i].[QuantityInStock], [i].[ReorderLevel]
FROM [Inventories] AS [i]
WHERE [i].[InventoryId] = @__id_0
2025-07-20 08:01:21.816 +05:30 [INF] Executing CreatedAtActionResult, writing value of type 'AuthNet.Models.DTO.InventoryDto'.
2025-07-20 08:01:21.871 +05:30 [INF] Executed action AuthNet.Controllers.InventoryController.Create (AuthNet) in 122.2973ms
2025-07-20 08:01:21.872 +05:30 [INF] Executed endpoint 'AuthNet.Controllers.InventoryController.Create (AuthNet)'
2025-07-20 08:01:21.872 +05:30 [INF] Request finished HTTP/1.1 POST https://localhost:7165/api/Inventory - 201 null application/json; charset=utf-8 128.549ms
2025-07-20 08:01:21.895 +05:30 [INF] Request starting HTTP/1.1 GET https://localhost:7165/api/Inventory - null null
2025-07-20 08:01:21.895 +05:30 [INF] Executing endpoint 'AuthNet.Controllers.InventoryController.GetAll (AuthNet)'
2025-07-20 08:01:21.895 +05:30 [INF] Route matched with {action = "GetAll", controller = "Inventory"}. Executing controller action with signature System.Threading.Tasks.Task`1[Microsoft.AspNetCore.Mvc.IActionResult] GetAll() on controller AuthNet.Controllers.InventoryController (AuthNet).
2025-07-20 08:01:21.901 +05:30 [INF] Executed DbCommand (4ms) [Parameters=[], CommandType='"Text"', CommandTimeout='30']
SELECT [i].[InventoryId], [i].[LastUpdated], [i].[ProductId], [i].[QuantityInStock], [i].[ReorderLevel]
FROM [Inventories] AS [i]
2025-07-20 08:01:21.903 +05:30 [INF] Executing OkObjectResult, writing value of type 'System.Collections.Generic.List`1[[AuthNet.Models.Domain.Inventory, AuthNet, Version=1.0.0.0, Culture=neutral, PublicKeyToken=null]]'.
2025-07-20 08:01:21.903 +05:30 [INF] Executed action AuthNet.Controllers.InventoryController.GetAll (AuthNet) in 7.3929ms
2025-07-20 08:01:21.903 +05:30 [INF] Executed endpoint 'AuthNet.Controllers.InventoryController.GetAll (AuthNet)'
2025-07-20 08:01:21.903 +05:30 [INF] Request finished HTTP/1.1 GET https://localhost:7165/api/Inventory - 200 null application/json; charset=utf-8 8.576ms
2025-07-20 08:01:21.919 +05:30 [INF] Request starting HTTP/1.1 GET https://localhost:7165/api/Products - null null
2025-07-20 08:01:21.919 +05:30 [INF] Executing endpoint 'AuthNet.Controllers.ProductsController.GetAll (AuthNet)'
2025-07-20 08:01:21.919 +05:30 [INF] Route matched with {action = "GetAll", controller = "Products"}. Executing controller action with signature System.Threading.Tasks.Task`1[Microsoft.AspNetCore.Mvc.IActionResult] GetAll() on controller AuthNet.Controllers.ProductsController (AuthNet).
2025-07-20 08:01:21.922 +05:30 [INF] Executed DbCommand (2ms) [Parameters=[], CommandType='"Text"', CommandTimeout='30']
SELECT [p].[ProductId], [p].[CategoryId], [p].[CostPrice], [p].[Description], [p].[Name], [p].[ProductCode], [p].[ProductKey], [p].[SellPrice], [p].[SupplierId]
FROM [Products] AS [p]
2025-07-20 08:01:21.925 +05:30 [INF] Executing OkObjectResult, writing value of type 'System.Collections.Generic.List`1[[AuthNet.Models.Domain.Product, AuthNet, Version=1.0.0.0, Culture=neutral, PublicKeyToken=null]]'.
2025-07-20 08:01:21.925 +05:30 [INF] Executed action AuthNet.Controllers.ProductsController.GetAll (AuthNet) in 5.4708ms
2025-07-20 08:01:21.925 +05:30 [INF] Executed endpoint 'AuthNet.Controllers.ProductsController.GetAll (AuthNet)'
2025-07-20 08:01:21.925 +05:30 [INF] Request finished HTTP/1.1 GET https://localhost:7165/api/Products - 200 null application/json; charset=utf-8 6.645ms
2025-07-20 08:01:29.103 +05:30 [INF] Request starting HTTP/1.1 GET https://localhost:7165/api/Products - null null
2025-07-20 08:01:29.105 +05:30 [INF] Executing endpoint 'AuthNet.Controllers.ProductsController.GetAll (AuthNet)'
2025-07-20 08:01:29.105 +05:30 [INF] Route matched with {action = "GetAll", controller = "Products"}. Executing controller action with signature System.Threading.Tasks.Task`1[Microsoft.AspNetCore.Mvc.IActionResult] GetAll() on controller AuthNet.Controllers.ProductsController (AuthNet).
2025-07-20 08:01:29.113 +05:30 [INF] Executed DbCommand (2ms) [Parameters=[], CommandType='"Text"', CommandTimeout='30']
SELECT [p].[ProductId], [p].[CategoryId], [p].[CostPrice], [p].[Description], [p].[Name], [p].[ProductCode], [p].[ProductKey], [p].[SellPrice], [p].[SupplierId]
FROM [Products] AS [p]
2025-07-20 08:01:29.115 +05:30 [INF] Executing OkObjectResult, writing value of type 'System.Collections.Generic.List`1[[AuthNet.Models.Domain.Product, AuthNet, Version=1.0.0.0, Culture=neutral, PublicKeyToken=null]]'.
2025-07-20 08:01:29.116 +05:30 [INF] Executed action AuthNet.Controllers.ProductsController.GetAll (AuthNet) in 8.6169ms
2025-07-20 08:01:29.116 +05:30 [INF] Executed endpoint 'AuthNet.Controllers.ProductsController.GetAll (AuthNet)'
2025-07-20 08:01:29.116 +05:30 [INF] Request finished HTTP/1.1 GET https://localhost:7165/api/Products - 200 null application/json; charset=utf-8 12.6587ms
2025-07-20 08:01:29.137 +05:30 [INF] Request starting HTTP/1.1 GET https://localhost:7165/api/Inventory - null null
2025-07-20 08:01:29.137 +05:30 [INF] Executing endpoint 'AuthNet.Controllers.InventoryController.GetAll (AuthNet)'
2025-07-20 08:01:29.138 +05:30 [INF] Route matched with {action = "GetAll", controller = "Inventory"}. Executing controller action with signature System.Threading.Tasks.Task`1[Microsoft.AspNetCore.Mvc.IActionResult] GetAll() on controller AuthNet.Controllers.InventoryController (AuthNet).
2025-07-20 08:01:29.147 +05:30 [INF] Executed DbCommand (7ms) [Parameters=[], CommandType='"Text"', CommandTimeout='30']
SELECT [i].[InventoryId], [i].[LastUpdated], [i].[ProductId], [i].[QuantityInStock], [i].[ReorderLevel]
FROM [Inventories] AS [i]
2025-07-20 08:01:29.148 +05:30 [INF] Executing OkObjectResult, writing value of type 'System.Collections.Generic.List`1[[AuthNet.Models.Domain.Inventory, AuthNet, Version=1.0.0.0, Culture=neutral, PublicKeyToken=null]]'.
2025-07-20 08:01:29.148 +05:30 [INF] Executed action AuthNet.Controllers.InventoryController.GetAll (AuthNet) in 10.4612ms
2025-07-20 08:01:29.148 +05:30 [INF] Executed endpoint 'AuthNet.Controllers.InventoryController.GetAll (AuthNet)'
2025-07-20 08:01:29.149 +05:30 [INF] Request finished HTTP/1.1 GET https://localhost:7165/api/Inventory - 200 null application/json; charset=utf-8 12.1808ms
2025-07-20 08:01:36.961 +05:30 [INF] Request starting HTTP/1.1 GET https://localhost:7165/api/Inventory - null null
2025-07-20 08:01:36.961 +05:30 [INF] Executing endpoint 'AuthNet.Controllers.InventoryController.GetAll (AuthNet)'
2025-07-20 08:01:36.961 +05:30 [INF] Route matched with {action = "GetAll", controller = "Inventory"}. Executing controller action with signature System.Threading.Tasks.Task`1[Microsoft.AspNetCore.Mvc.IActionResult] GetAll() on controller AuthNet.Controllers.InventoryController (AuthNet).
2025-07-20 08:01:36.966 +05:30 [INF] Executed DbCommand (3ms) [Parameters=[], CommandType='"Text"', CommandTimeout='30']
SELECT [i].[InventoryId], [i].[LastUpdated], [i].[ProductId], [i].[QuantityInStock], [i].[ReorderLevel]
FROM [Inventories] AS [i]
2025-07-20 08:01:36.968 +05:30 [INF] Executing OkObjectResult, writing value of type 'System.Collections.Generic.List`1[[AuthNet.Models.Domain.Inventory, AuthNet, Version=1.0.0.0, Culture=neutral, PublicKeyToken=null]]'.
2025-07-20 08:01:36.969 +05:30 [INF] Executed action AuthNet.Controllers.InventoryController.GetAll (AuthNet) in 7.8056ms
2025-07-20 08:01:36.969 +05:30 [INF] Executed endpoint 'AuthNet.Controllers.InventoryController.GetAll (AuthNet)'
2025-07-20 08:01:36.970 +05:30 [INF] Request finished HTTP/1.1 GET https://localhost:7165/api/Inventory - 200 null application/json; charset=utf-8 9.2356ms
2025-07-20 08:01:36.990 +05:30 [INF] Request starting HTTP/1.1 POST https://localhost:7165/api/Inventory - application/json; charset=utf-8 null
2025-07-20 08:01:36.992 +05:30 [INF] Executing endpoint 'AuthNet.Controllers.InventoryController.Create (AuthNet)'
2025-07-20 08:01:36.992 +05:30 [INF] Route matched with {action = "Create", controller = "Inventory"}. Executing controller action with signature System.Threading.Tasks.Task`1[Microsoft.AspNetCore.Mvc.IActionResult] Create(AuthNet.Models.Domain.Inventory) on controller AuthNet.Controllers.InventoryController (AuthNet).
2025-07-20 08:01:37.001 +05:30 [INF] Executed DbCommand (6ms) [Parameters=[@p0='?' (DbType = DateTime2), @p1='?' (DbType = Int32), @p2='?' (DbType = Int32), @p3='?' (DbType = Int32)], CommandType='"Text"', CommandTimeout='30']
SET IMPLICIT_TRANSACTIONS OFF;
SET NOCOUNT ON;
INSERT INTO [Inventories] ([LastUpdated], [ProductId], [QuantityInStock], [ReorderLevel])
OUTPUT INSERTED.[InventoryId]
VALUES (@p0, @p1, @p2, @p3);
2025-07-20 08:01:37.004 +05:30 [INF] Executed DbCommand (2ms) [Parameters=[@__id_0='?' (DbType = Int32)], CommandType='"Text"', CommandTimeout='30']
SELECT TOP(1) [i].[InventoryId], [i].[LastUpdated], [i].[ProductId], [i].[QuantityInStock], [i].[ReorderLevel]
FROM [Inventories] AS [i]
WHERE [i].[InventoryId] = @__id_0
2025-07-20 08:01:37.004 +05:30 [INF] Executing CreatedAtActionResult, writing value of type 'AuthNet.Models.DTO.InventoryDto'.
2025-07-20 08:01:37.007 +05:30 [INF] Executed action AuthNet.Controllers.InventoryController.Create (AuthNet) in 15.3603ms
2025-07-20 08:01:37.008 +05:30 [INF] Executed endpoint 'AuthNet.Controllers.InventoryController.Create (AuthNet)'
2025-07-20 08:01:37.008 +05:30 [INF] Request finished HTTP/1.1 POST https://localhost:7165/api/Inventory - 201 null application/json; charset=utf-8 18.1563ms
2025-07-20 08:01:37.036 +05:30 [INF] Request starting HTTP/1.1 GET https://localhost:7165/api/Inventory - null null
2025-07-20 08:01:37.037 +05:30 [INF] Executing endpoint 'AuthNet.Controllers.InventoryController.GetAll (AuthNet)'
2025-07-20 08:01:37.037 +05:30 [INF] Route matched with {action = "GetAll", controller = "Inventory"}. Executing controller action with signature System.Threading.Tasks.Task`1[Microsoft.AspNetCore.Mvc.IActionResult] GetAll() on controller AuthNet.Controllers.InventoryController (AuthNet).
2025-07-20 08:01:37.047 +05:30 [INF] Executed DbCommand (9ms) [Parameters=[], CommandType='"Text"', CommandTimeout='30']
SELECT [i].[InventoryId], [i].[LastUpdated], [i].[ProductId], [i].[QuantityInStock], [i].[ReorderLevel]
FROM [Inventories] AS [i]
2025-07-20 08:01:37.047 +05:30 [INF] Executing OkObjectResult, writing value of type 'System.Collections.Generic.List`1[[AuthNet.Models.Domain.Inventory, AuthNet, Version=1.0.0.0, Culture=neutral, PublicKeyToken=null]]'.
2025-07-20 08:01:37.047 +05:30 [INF] Executed action AuthNet.Controllers.InventoryController.GetAll (AuthNet) in 10.2638ms
2025-07-20 08:01:37.047 +05:30 [INF] Executed endpoint 'AuthNet.Controllers.InventoryController.GetAll (AuthNet)'
2025-07-20 08:01:37.048 +05:30 [INF] Request finished HTTP/1.1 GET https://localhost:7165/api/Inventory - 200 null application/json; charset=utf-8 11.4182ms
2025-07-20 08:01:37.066 +05:30 [INF] Request starting HTTP/1.1 GET https://localhost:7165/api/Products - null null
2025-07-20 08:01:37.066 +05:30 [INF] Executing endpoint 'AuthNet.Controllers.ProductsController.GetAll (AuthNet)'
2025-07-20 08:01:37.066 +05:30 [INF] Route matched with {action = "GetAll", controller = "Products"}. Executing controller action with signature System.Threading.Tasks.Task`1[Microsoft.AspNetCore.Mvc.IActionResult] GetAll() on controller AuthNet.Controllers.ProductsController (AuthNet).
2025-07-20 08:01:37.069 +05:30 [INF] Executed DbCommand (2ms) [Parameters=[], CommandType='"Text"', CommandTimeout='30']
SELECT [p].[ProductId], [p].[CategoryId], [p].[CostPrice], [p].[Description], [p].[Name], [p].[ProductCode], [p].[ProductKey], [p].[SellPrice], [p].[SupplierId]
FROM [Products] AS [p]
2025-07-20 08:01:37.075 +05:30 [INF] Executing OkObjectResult, writing value of type 'System.Collections.Generic.List`1[[AuthNet.Models.Domain.Product, AuthNet, Version=1.0.0.0, Culture=neutral, PublicKeyToken=null]]'.
2025-07-20 08:01:37.075 +05:30 [INF] Executed action AuthNet.Controllers.ProductsController.GetAll (AuthNet) in 8.7123ms
2025-07-20 08:01:37.075 +05:30 [INF] Executed endpoint 'AuthNet.Controllers.ProductsController.GetAll (AuthNet)'
2025-07-20 08:01:37.076 +05:30 [INF] Request finished HTTP/1.1 GET https://localhost:7165/api/Products - 200 null application/json; charset=utf-8 9.8064ms
2025-07-20 08:01:39.986 +05:30 [INF] Request starting HTTP/1.1 GET https://localhost:7165/api/Products - null null
2025-07-20 08:01:39.987 +05:30 [INF] Executing endpoint 'AuthNet.Controllers.ProductsController.GetAll (AuthNet)'
2025-07-20 08:01:39.988 +05:30 [INF] Route matched with {action = "GetAll", controller = "Products"}. Executing controller action with signature System.Threading.Tasks.Task`1[Microsoft.AspNetCore.Mvc.IActionResult] GetAll() on controller AuthNet.Controllers.ProductsController (AuthNet).
2025-07-20 08:01:39.996 +05:30 [INF] Executed DbCommand (6ms) [Parameters=[], CommandType='"Text"', CommandTimeout='30']
SELECT [p].[ProductId], [p].[CategoryId], [p].[CostPrice], [p].[Description], [p].[Name], [p].[ProductCode], [p].[ProductKey], [p].[SellPrice], [p].[SupplierId]
FROM [Products] AS [p]
2025-07-20 08:01:39.996 +05:30 [INF] Executing OkObjectResult, writing value of type 'System.Collections.Generic.List`1[[AuthNet.Models.Domain.Product, AuthNet, Version=1.0.0.0, Culture=neutral, PublicKeyToken=null]]'.
2025-07-20 08:01:39.997 +05:30 [INF] Executed action AuthNet.Controllers.ProductsController.GetAll (AuthNet) in 9.0566ms
2025-07-20 08:01:39.997 +05:30 [INF] Executed endpoint 'AuthNet.Controllers.ProductsController.GetAll (AuthNet)'
2025-07-20 08:01:39.997 +05:30 [INF] Request finished HTTP/1.1 GET https://localhost:7165/api/Products - 200 null application/json; charset=utf-8 11.5186ms
2025-07-20 08:01:40.026 +05:30 [INF] Request starting HTTP/1.1 GET https://localhost:7165/api/Inventory - null null
2025-07-20 08:01:40.026 +05:30 [INF] Executing endpoint 'AuthNet.Controllers.InventoryController.GetAll (AuthNet)'
2025-07-20 08:01:40.026 +05:30 [INF] Route matched with {action = "GetAll", controller = "Inventory"}. Executing controller action with signature System.Threading.Tasks.Task`1[Microsoft.AspNetCore.Mvc.IActionResult] GetAll() on controller AuthNet.Controllers.InventoryController (AuthNet).
2025-07-20 08:01:40.031 +05:30 [INF] Executed DbCommand (3ms) [Parameters=[], CommandType='"Text"', CommandTimeout='30']
SELECT [i].[InventoryId], [i].[LastUpdated], [i].[ProductId], [i].[QuantityInStock], [i].[ReorderLevel]
FROM [Inventories] AS [i]
2025-07-20 08:01:40.032 +05:30 [INF] Executing OkObjectResult, writing value of type 'System.Collections.Generic.List`1[[AuthNet.Models.Domain.Inventory, AuthNet, Version=1.0.0.0, Culture=neutral, PublicKeyToken=null]]'.
2025-07-20 08:01:40.033 +05:30 [INF] Executed action AuthNet.Controllers.InventoryController.GetAll (AuthNet) in 6.4157ms
2025-07-20 08:01:40.033 +05:30 [INF] Executed endpoint 'AuthNet.Controllers.InventoryController.GetAll (AuthNet)'
2025-07-20 08:01:40.033 +05:30 [INF] Request finished HTTP/1.1 GET https://localhost:7165/api/Inventory - 200 null application/json; charset=utf-8 7.8566ms
2025-07-20 08:01:46.263 +05:30 [INF] Request starting HTTP/1.1 GET https://localhost:7165/api/Inventory - null null
2025-07-20 08:01:46.263 +05:30 [INF] Executing endpoint 'AuthNet.Controllers.InventoryController.GetAll (AuthNet)'
2025-07-20 08:01:46.264 +05:30 [INF] Route matched with {action = "GetAll", controller = "Inventory"}. Executing controller action with signature System.Threading.Tasks.Task`1[Microsoft.AspNetCore.Mvc.IActionResult] GetAll() on controller AuthNet.Controllers.InventoryController (AuthNet).
2025-07-20 08:01:46.267 +05:30 [INF] Executed DbCommand (1ms) [Parameters=[], CommandType='"Text"', CommandTimeout='30']
SELECT [i].[InventoryId], [i].[LastUpdated], [i].[ProductId], [i].[QuantityInStock], [i].[ReorderLevel]
FROM [Inventories] AS [i]
2025-07-20 08:01:46.269 +05:30 [INF] Executing OkObjectResult, writing value of type 'System.Collections.Generic.List`1[[AuthNet.Models.Domain.Inventory, AuthNet, Version=1.0.0.0, Culture=neutral, PublicKeyToken=null]]'.
2025-07-20 08:01:46.269 +05:30 [INF] Executed action AuthNet.Controllers.InventoryController.GetAll (AuthNet) in 5.7824ms
2025-07-20 08:01:46.270 +05:30 [INF] Executed endpoint 'AuthNet.Controllers.InventoryController.GetAll (AuthNet)'
2025-07-20 08:01:46.270 +05:30 [INF] Request finished HTTP/1.1 GET https://localhost:7165/api/Inventory - 200 null application/json; charset=utf-8 7.0823ms
2025-07-20 08:01:46.286 +05:30 [INF] Request starting HTTP/1.1 POST https://localhost:7165/api/Inventory - application/json; charset=utf-8 null
2025-07-20 08:01:46.286 +05:30 [INF] Executing endpoint 'AuthNet.Controllers.InventoryController.Create (AuthNet)'
2025-07-20 08:01:46.286 +05:30 [INF] Route matched with {action = "Create", controller = "Inventory"}. Executing controller action with signature System.Threading.Tasks.Task`1[Microsoft.AspNetCore.Mvc.IActionResult] Create(AuthNet.Models.Domain.Inventory) on controller AuthNet.Controllers.InventoryController (AuthNet).
2025-07-20 08:01:46.292 +05:30 [INF] Executed DbCommand (5ms) [Parameters=[@p0='?' (DbType = DateTime2), @p1='?' (DbType = Int32), @p2='?' (DbType = Int32), @p3='?' (DbType = Int32)], CommandType='"Text"', CommandTimeout='30']
SET IMPLICIT_TRANSACTIONS OFF;
SET NOCOUNT ON;
INSERT INTO [Inventories] ([LastUpdated], [ProductId], [QuantityInStock], [ReorderLevel])
OUTPUT INSERTED.[InventoryId]
VALUES (@p0, @p1, @p2, @p3);
2025-07-20 08:01:46.296 +05:30 [INF] Executed DbCommand (1ms) [Parameters=[@__id_0='?' (DbType = Int32)], CommandType='"Text"', CommandTimeout='30']
SELECT TOP(1) [i].[InventoryId], [i].[LastUpdated], [i].[ProductId], [i].[QuantityInStock], [i].[ReorderLevel]
FROM [Inventories] AS [i]
WHERE [i].[InventoryId] = @__id_0
2025-07-20 08:01:46.296 +05:30 [INF] Executing CreatedAtActionResult, writing value of type 'AuthNet.Models.DTO.InventoryDto'.
2025-07-20 08:01:46.296 +05:30 [INF] Executed action AuthNet.Controllers.InventoryController.Create (AuthNet) in 10.3561ms
2025-07-20 08:01:46.296 +05:30 [INF] Executed endpoint 'AuthNet.Controllers.InventoryController.Create (AuthNet)'
2025-07-20 08:01:46.297 +05:30 [INF] Request finished HTTP/1.1 POST https://localhost:7165/api/Inventory - 201 null application/json; charset=utf-8 11.3299ms
2025-07-20 08:01:46.316 +05:30 [INF] Request starting HTTP/1.1 GET https://localhost:7165/api/Inventory - null null
2025-07-20 08:01:46.317 +05:30 [INF] Executing endpoint 'AuthNet.Controllers.InventoryController.GetAll (AuthNet)'
2025-07-20 08:01:46.317 +05:30 [INF] Route matched with {action = "GetAll", controller = "Inventory"}. Executing controller action with signature System.Threading.Tasks.Task`1[Microsoft.AspNetCore.Mvc.IActionResult] GetAll() on controller AuthNet.Controllers.InventoryController (AuthNet).
2025-07-20 08:01:46.326 +05:30 [INF] Executed DbCommand (8ms) [Parameters=[], CommandType='"Text"', CommandTimeout='30']
SELECT [i].[InventoryId], [i].[LastUpdated], [i].[ProductId], [i].[QuantityInStock], [i].[ReorderLevel]
FROM [Inventories] AS [i]
2025-07-20 08:01:46.327 +05:30 [INF] Executing OkObjectResult, writing value of type 'System.Collections.Generic.List`1[[AuthNet.Models.Domain.Inventory, AuthNet, Version=1.0.0.0, Culture=neutral, PublicKeyToken=null]]'.
2025-07-20 08:01:46.327 +05:30 [INF] Executed action AuthNet.Controllers.InventoryController.GetAll (AuthNet) in 9.906ms
2025-07-20 08:01:46.327 +05:30 [INF] Executed endpoint 'AuthNet.Controllers.InventoryController.GetAll (AuthNet)'
2025-07-20 08:01:46.327 +05:30 [INF] Request finished HTTP/1.1 GET https://localhost:7165/api/Inventory - 200 null application/json; charset=utf-8 10.8694ms
2025-07-20 08:01:46.345 +05:30 [INF] Request starting HTTP/1.1 GET https://localhost:7165/api/Products - null null
2025-07-20 08:01:46.345 +05:30 [INF] Executing endpoint 'AuthNet.Controllers.ProductsController.GetAll (AuthNet)'
2025-07-20 08:01:46.345 +05:30 [INF] Route matched with {action = "GetAll", controller = "Products"}. Executing controller action with signature System.Threading.Tasks.Task`1[Microsoft.AspNetCore.Mvc.IActionResult] GetAll() on controller AuthNet.Controllers.ProductsController (AuthNet).
2025-07-20 08:01:46.348 +05:30 [INF] Executed DbCommand (1ms) [Parameters=[], CommandType='"Text"', CommandTimeout='30']
SELECT [p].[ProductId], [p].[CategoryId], [p].[CostPrice], [p].[Description], [p].[Name], [p].[ProductCode], [p].[ProductKey], [p].[SellPrice], [p].[SupplierId]
FROM [Products] AS [p]
2025-07-20 08:01:46.350 +05:30 [INF] Executing OkObjectResult, writing value of type 'System.Collections.Generic.List`1[[AuthNet.Models.Domain.Product, AuthNet, Version=1.0.0.0, Culture=neutral, PublicKeyToken=null]]'.
2025-07-20 08:01:46.351 +05:30 [INF] Executed action AuthNet.Controllers.ProductsController.GetAll (AuthNet) in 5.0624ms
2025-07-20 08:01:46.351 +05:30 [INF] Executed endpoint 'AuthNet.Controllers.ProductsController.GetAll (AuthNet)'
2025-07-20 08:01:46.351 +05:30 [INF] Request finished HTTP/1.1 GET https://localhost:7165/api/Products - 200 null application/json; charset=utf-8 6.0396ms
2025-07-20 08:01:48.612 +05:30 [INF] Request starting HTTP/1.1 GET https://localhost:7165/api/Products - null null
2025-07-20 08:01:48.613 +05:30 [INF] Executing endpoint 'AuthNet.Controllers.ProductsController.GetAll (AuthNet)'
2025-07-20 08:01:48.613 +05:30 [INF] Route matched with {action = "GetAll", controller = "Products"}. Executing controller action with signature System.Threading.Tasks.Task`1[Microsoft.AspNetCore.Mvc.IActionResult] GetAll() on controller AuthNet.Controllers.ProductsController (AuthNet).
2025-07-20 08:01:48.617 +05:30 [INF] Executed DbCommand (2ms) [Parameters=[], CommandType='"Text"', CommandTimeout='30']
SELECT [p].[ProductId], [p].[CategoryId], [p].[CostPrice], [p].[Description], [p].[Name], [p].[ProductCode], [p].[ProductKey], [p].[SellPrice], [p].[SupplierId]
FROM [Products] AS [p]
2025-07-20 08:01:48.619 +05:30 [INF] Executing OkObjectResult, writing value of type 'System.Collections.Generic.List`1[[AuthNet.Models.Domain.Product, AuthNet, Version=1.0.0.0, Culture=neutral, PublicKeyToken=null]]'.
2025-07-20 08:01:48.619 +05:30 [INF] Executed action AuthNet.Controllers.ProductsController.GetAll (AuthNet) in 6.3761ms
2025-07-20 08:01:48.619 +05:30 [INF] Executed endpoint 'AuthNet.Controllers.ProductsController.GetAll (AuthNet)'
2025-07-20 08:01:48.620 +05:30 [INF] Request finished HTTP/1.1 GET https://localhost:7165/api/Products - 200 null application/json; charset=utf-8 7.8026ms
2025-07-20 08:01:48.646 +05:30 [INF] Request starting HTTP/1.1 GET https://localhost:7165/api/Inventory - null null
2025-07-20 08:01:48.646 +05:30 [INF] Executing endpoint 'AuthNet.Controllers.InventoryController.GetAll (AuthNet)'
2025-07-20 08:01:48.646 +05:30 [INF] Route matched with {action = "GetAll", controller = "Inventory"}. Executing controller action with signature System.Threading.Tasks.Task`1[Microsoft.AspNetCore.Mvc.IActionResult] GetAll() on controller AuthNet.Controllers.InventoryController (AuthNet).
2025-07-20 08:01:48.652 +05:30 [INF] Executed DbCommand (3ms) [Parameters=[], CommandType='"Text"', CommandTimeout='30']
SELECT [i].[InventoryId], [i].[LastUpdated], [i].[ProductId], [i].[QuantityInStock], [i].[ReorderLevel]
FROM [Inventories] AS [i]
2025-07-20 08:01:48.654 +05:30 [INF] Executing OkObjectResult, writing value of type 'System.Collections.Generic.List`1[[AuthNet.Models.Domain.Inventory, AuthNet, Version=1.0.0.0, Culture=neutral, PublicKeyToken=null]]'.
2025-07-20 08:01:48.655 +05:30 [INF] Executed action AuthNet.Controllers.InventoryController.GetAll (AuthNet) in 8.7741ms
2025-07-20 08:01:48.655 +05:30 [INF] Executed endpoint 'AuthNet.Controllers.InventoryController.GetAll (AuthNet)'
2025-07-20 08:01:48.656 +05:30 [INF] Request finished HTTP/1.1 GET https://localhost:7165/api/Inventory - 200 null application/json; charset=utf-8 9.8807ms
2025-07-20 08:01:54.528 +05:30 [INF] Request starting HTTP/1.1 GET https://localhost:7165/api/Inventory - null null
2025-07-20 08:01:54.530 +05:30 [INF] Executing endpoint 'AuthNet.Controllers.InventoryController.GetAll (AuthNet)'
2025-07-20 08:01:54.530 +05:30 [INF] Route matched with {action = "GetAll", controller = "Inventory"}. Executing controller action with signature System.Threading.Tasks.Task`1[Microsoft.AspNetCore.Mvc.IActionResult] GetAll() on controller AuthNet.Controllers.InventoryController (AuthNet).
2025-07-20 08:01:54.536 +05:30 [INF] Executed DbCommand (5ms) [Parameters=[], CommandType='"Text"', CommandTimeout='30']
SELECT [i].[InventoryId], [i].[LastUpdated], [i].[ProductId], [i].[QuantityInStock], [i].[ReorderLevel]
FROM [Inventories] AS [i]
2025-07-20 08:01:54.536 +05:30 [INF] Executing OkObjectResult, writing value of type 'System.Collections.Generic.List`1[[AuthNet.Models.Domain.Inventory, AuthNet, Version=1.0.0.0, Culture=neutral, PublicKeyToken=null]]'.
2025-07-20 08:01:54.536 +05:30 [INF] Executed action AuthNet.Controllers.InventoryController.GetAll (AuthNet) in 6.4876ms
2025-07-20 08:01:54.536 +05:30 [INF] Executed endpoint 'AuthNet.Controllers.InventoryController.GetAll (AuthNet)'
2025-07-20 08:01:54.537 +05:30 [INF] Request finished HTTP/1.1 GET https://localhost:7165/api/Inventory - 200 null application/json; charset=utf-8 8.4454ms
2025-07-20 08:01:54.564 +05:30 [INF] Request starting HTTP/1.1 POST https://localhost:7165/api/Inventory - application/json; charset=utf-8 null
2025-07-20 08:01:54.565 +05:30 [INF] Executing endpoint 'AuthNet.Controllers.InventoryController.Create (AuthNet)'
2025-07-20 08:01:54.565 +05:30 [INF] Route matched with {action = "Create", controller = "Inventory"}. Executing controller action with signature System.Threading.Tasks.Task`1[Microsoft.AspNetCore.Mvc.IActionResult] Create(AuthNet.Models.Domain.Inventory) on controller AuthNet.Controllers.InventoryController (AuthNet).
2025-07-20 08:01:54.584 +05:30 [INF] Executed DbCommand (6ms) [Parameters=[@p0='?' (DbType = DateTime2), @p1='?' (DbType = Int32), @p2='?' (DbType = Int32), @p3='?' (DbType = Int32)], CommandType='"Text"', CommandTimeout='30']
SET IMPLICIT_TRANSACTIONS OFF;
SET NOCOUNT ON;
INSERT INTO [Inventories] ([LastUpdated], [ProductId], [QuantityInStock], [ReorderLevel])
OUTPUT INSERTED.[InventoryId]
VALUES (@p0, @p1, @p2, @p3);
2025-07-20 08:01:54.586 +05:30 [INF] Executed DbCommand (1ms) [Parameters=[@__id_0='?' (DbType = Int32)], CommandType='"Text"', CommandTimeout='30']
SELECT TOP(1) [i].[InventoryId], [i].[LastUpdated], [i].[ProductId], [i].[QuantityInStock], [i].[ReorderLevel]
FROM [Inventories] AS [i]
WHERE [i].[InventoryId] = @__id_0
2025-07-20 08:01:54.586 +05:30 [INF] Executing CreatedAtActionResult, writing value of type 'AuthNet.Models.DTO.InventoryDto'.
2025-07-20 08:01:54.586 +05:30 [INF] Executed action AuthNet.Controllers.InventoryController.Create (AuthNet) in 20.7027ms
2025-07-20 08:01:54.586 +05:30 [INF] Executed endpoint 'AuthNet.Controllers.InventoryController.Create (AuthNet)'
2025-07-20 08:01:54.586 +05:30 [INF] Request finished HTTP/1.1 POST https://localhost:7165/api/Inventory - 201 null application/json; charset=utf-8 22.8139ms
2025-07-20 08:01:54.627 +05:30 [INF] Request starting HTTP/1.1 GET https://localhost:7165/api/Inventory - null null
2025-07-20 08:01:54.627 +05:30 [INF] Executing endpoint 'AuthNet.Controllers.InventoryController.GetAll (AuthNet)'
2025-07-20 08:01:54.627 +05:30 [INF] Route matched with {action = "GetAll", controller = "Inventory"}. Executing controller action with signature System.Threading.Tasks.Task`1[Microsoft.AspNetCore.Mvc.IActionResult] GetAll() on controller AuthNet.Controllers.InventoryController (AuthNet).
2025-07-20 08:01:54.630 +05:30 [INF] Executed DbCommand (1ms) [Parameters=[], CommandType='"Text"', CommandTimeout='30']
SELECT [i].[InventoryId], [i].[LastUpdated], [i].[ProductId], [i].[QuantityInStock], [i].[ReorderLevel]
FROM [Inventories] AS [i]
2025-07-20 08:01:54.631 +05:30 [INF] Executing OkObjectResult, writing value of type 'System.Collections.Generic.List`1[[AuthNet.Models.Domain.Inventory, AuthNet, Version=1.0.0.0, Culture=neutral, PublicKeyToken=null]]'.
2025-07-20 08:01:54.631 +05:30 [INF] Executed action AuthNet.Controllers.InventoryController.GetAll (AuthNet) in 4.2303ms
2025-07-20 08:01:54.632 +05:30 [INF] Executed endpoint 'AuthNet.Controllers.InventoryController.GetAll (AuthNet)'
2025-07-20 08:01:54.632 +05:30 [INF] Request finished HTTP/1.1 GET https://localhost:7165/api/Inventory - 200 null application/json; charset=utf-8 5.271ms
2025-07-20 08:01:54.648 +05:30 [INF] Request starting HTTP/1.1 GET https://localhost:7165/api/Products - null null
2025-07-20 08:01:54.649 +05:30 [INF] Executing endpoint 'AuthNet.Controllers.ProductsController.GetAll (AuthNet)'
2025-07-20 08:01:54.649 +05:30 [INF] Route matched with {action = "GetAll", controller = "Products"}. Executing controller action with signature System.Threading.Tasks.Task`1[Microsoft.AspNetCore.Mvc.IActionResult] GetAll() on controller AuthNet.Controllers.ProductsController (AuthNet).
2025-07-20 08:01:54.651 +05:30 [INF] Executed DbCommand (1ms) [Parameters=[], CommandType='"Text"', CommandTimeout='30']
SELECT [p].[ProductId], [p].[CategoryId], [p].[CostPrice], [p].[Description], [p].[Name], [p].[ProductCode], [p].[ProductKey], [p].[SellPrice], [p].[SupplierId]
FROM [Products] AS [p]
2025-07-20 08:01:54.652 +05:30 [INF] Executing OkObjectResult, writing value of type 'System.Collections.Generic.List`1[[AuthNet.Models.Domain.Product, AuthNet, Version=1.0.0.0, Culture=neutral, PublicKeyToken=null]]'.
2025-07-20 08:01:54.653 +05:30 [INF] Executed action AuthNet.Controllers.ProductsController.GetAll (AuthNet) in 3.5393ms
2025-07-20 08:01:54.653 +05:30 [INF] Executed endpoint 'AuthNet.Controllers.ProductsController.GetAll (AuthNet)'
2025-07-20 08:01:54.653 +05:30 [INF] Request finished HTTP/1.1 GET https://localhost:7165/api/Products - 200 null application/json; charset=utf-8 4.6212ms
2025-07-20 08:01:56.781 +05:30 [INF] Request starting HTTP/1.1 GET https://localhost:7165/api/Products - null null
2025-07-20 08:01:56.781 +05:30 [INF] Executing endpoint 'AuthNet.Controllers.ProductsController.GetAll (AuthNet)'
2025-07-20 08:01:56.782 +05:30 [INF] Route matched with {action = "GetAll", controller = "Products"}. Executing controller action with signature System.Threading.Tasks.Task`1[Microsoft.AspNetCore.Mvc.IActionResult] GetAll() on controller AuthNet.Controllers.ProductsController (AuthNet).
2025-07-20 08:01:56.785 +05:30 [INF] Executed DbCommand (2ms) [Parameters=[], CommandType='"Text"', CommandTimeout='30']
SELECT [p].[ProductId], [p].[CategoryId], [p].[CostPrice], [p].[Description], [p].[Name], [p].[ProductCode], [p].[ProductKey], [p].[SellPrice], [p].[SupplierId]
FROM [Products] AS [p]
2025-07-20 08:01:56.787 +05:30 [INF] Executing OkObjectResult, writing value of type 'System.Collections.Generic.List`1[[AuthNet.Models.Domain.Product, AuthNet, Version=1.0.0.0, Culture=neutral, PublicKeyToken=null]]'.
2025-07-20 08:01:56.787 +05:30 [INF] Executed action AuthNet.Controllers.ProductsController.GetAll (AuthNet) in 5.0665ms
2025-07-20 08:01:56.787 +05:30 [INF] Executed endpoint 'AuthNet.Controllers.ProductsController.GetAll (AuthNet)'
2025-07-20 08:01:56.787 +05:30 [INF] Request finished HTTP/1.1 GET https://localhost:7165/api/Products - 200 null application/json; charset=utf-8 5.9813ms
2025-07-20 08:01:56.806 +05:30 [INF] Request starting HTTP/1.1 GET https://localhost:7165/api/Inventory - null null
2025-07-20 08:01:56.807 +05:30 [INF] Executing endpoint 'AuthNet.Controllers.InventoryController.GetAll (AuthNet)'
2025-07-20 08:01:56.807 +05:30 [INF] Route matched with {action = "GetAll", controller = "Inventory"}. Executing controller action with signature System.Threading.Tasks.Task`1[Microsoft.AspNetCore.Mvc.IActionResult] GetAll() on controller AuthNet.Controllers.InventoryController (AuthNet).
2025-07-20 08:01:56.810 +05:30 [INF] Executed DbCommand (2ms) [Parameters=[], CommandType='"Text"', CommandTimeout='30']
SELECT [i].[InventoryId], [i].[LastUpdated], [i].[ProductId], [i].[QuantityInStock], [i].[ReorderLevel]
FROM [Inventories] AS [i]
2025-07-20 08:01:56.812 +05:30 [INF] Executing OkObjectResult, writing value of type 'System.Collections.Generic.List`1[[AuthNet.Models.Domain.Inventory, AuthNet, Version=1.0.0.0, Culture=neutral, PublicKeyToken=null]]'.
2025-07-20 08:01:56.813 +05:30 [INF] Executed action AuthNet.Controllers.InventoryController.GetAll (AuthNet) in 5.4606ms
2025-07-20 08:01:56.813 +05:30 [INF] Executed endpoint 'AuthNet.Controllers.InventoryController.GetAll (AuthNet)'
2025-07-20 08:01:56.813 +05:30 [INF] Request finished HTTP/1.1 GET https://localhost:7165/api/Inventory - 200 null application/json; charset=utf-8 6.871ms
2025-07-20 08:02:03.048 +05:30 [INF] Request starting HTTP/1.1 GET https://localhost:7165/api/Inventory - null null
2025-07-20 08:02:03.049 +05:30 [INF] Executing endpoint 'AuthNet.Controllers.InventoryController.GetAll (AuthNet)'
2025-07-20 08:02:03.049 +05:30 [INF] Route matched with {action = "GetAll", controller = "Inventory"}. Executing controller action with signature System.Threading.Tasks.Task`1[Microsoft.AspNetCore.Mvc.IActionResult] GetAll() on controller AuthNet.Controllers.InventoryController (AuthNet).
2025-07-20 08:02:03.053 +05:30 [INF] Executed DbCommand (2ms) [Parameters=[], CommandType='"Text"', CommandTimeout='30']
SELECT [i].[InventoryId], [i].[LastUpdated], [i].[ProductId], [i].[QuantityInStock], [i].[ReorderLevel]
FROM [Inventories] AS [i]
2025-07-20 08:02:03.058 +05:30 [INF] Executing OkObjectResult, writing value of type 'System.Collections.Generic.List`1[[AuthNet.Models.Domain.Inventory, AuthNet, Version=1.0.0.0, Culture=neutral, PublicKeyToken=null]]'.
2025-07-20 08:02:03.058 +05:30 [INF] Executed action AuthNet.Controllers.InventoryController.GetAll (AuthNet) in 9.4725ms
2025-07-20 08:02:03.059 +05:30 [INF] Executed endpoint 'AuthNet.Controllers.InventoryController.GetAll (AuthNet)'
2025-07-20 08:02:03.059 +05:30 [INF] Request finished HTTP/1.1 GET https://localhost:7165/api/Inventory - 200 null application/json; charset=utf-8 11.1127ms
2025-07-20 08:02:03.077 +05:30 [INF] Request starting HTTP/1.1 POST https://localhost:7165/api/Inventory - application/json; charset=utf-8 null
2025-07-20 08:02:03.078 +05:30 [INF] Executing endpoint 'AuthNet.Controllers.InventoryController.Create (AuthNet)'
2025-07-20 08:02:03.078 +05:30 [INF] Route matched with {action = "Create", controller = "Inventory"}. Executing controller action with signature System.Threading.Tasks.Task`1[Microsoft.AspNetCore.Mvc.IActionResult] Create(AuthNet.Models.Domain.Inventory) on controller AuthNet.Controllers.InventoryController (AuthNet).
2025-07-20 08:02:03.082 +05:30 [INF] Executed DbCommand (2ms) [Parameters=[@p0='?' (DbType = DateTime2), @p1='?' (DbType = Int32), @p2='?' (DbType = Int32), @p3='?' (DbType = Int32)], CommandType='"Text"', CommandTimeout='30']
SET IMPLICIT_TRANSACTIONS OFF;
SET NOCOUNT ON;
INSERT INTO [Inventories] ([LastUpdated], [ProductId], [QuantityInStock], [ReorderLevel])
OUTPUT INSERTED.[InventoryId]
VALUES (@p0, @p1, @p2, @p3);
2025-07-20 08:02:03.085 +05:30 [INF] Executed DbCommand (1ms) [Parameters=[@__id_0='?' (DbType = Int32)], CommandType='"Text"', CommandTimeout='30']
SELECT TOP(1) [i].[InventoryId], [i].[LastUpdated], [i].[ProductId], [i].[QuantityInStock], [i].[ReorderLevel]
FROM [Inventories] AS [i]
WHERE [i].[InventoryId] = @__id_0
2025-07-20 08:02:03.086 +05:30 [INF] Executing CreatedAtActionResult, writing value of type 'AuthNet.Models.DTO.InventoryDto'.
2025-07-20 08:02:03.086 +05:30 [INF] Executed action AuthNet.Controllers.InventoryController.Create (AuthNet) in 8.0363ms
2025-07-20 08:02:03.086 +05:30 [INF] Executed endpoint 'AuthNet.Controllers.InventoryController.Create (AuthNet)'
2025-07-20 08:02:03.086 +05:30 [INF] Request finished HTTP/1.1 POST https://localhost:7165/api/Inventory - 201 null application/json; charset=utf-8 8.9586ms
2025-07-20 08:02:03.130 +05:30 [INF] Request starting HTTP/1.1 GET https://localhost:7165/api/Inventory - null null
2025-07-20 08:02:03.131 +05:30 [INF] Executing endpoint 'AuthNet.Controllers.InventoryController.GetAll (AuthNet)'
2025-07-20 08:02:03.131 +05:30 [INF] Route matched with {action = "GetAll", controller = "Inventory"}. Executing controller action with signature System.Threading.Tasks.Task`1[Microsoft.AspNetCore.Mvc.IActionResult] GetAll() on controller AuthNet.Controllers.InventoryController (AuthNet).
2025-07-20 08:02:03.143 +05:30 [INF] Executed DbCommand (10ms) [Parameters=[], CommandType='"Text"', CommandTimeout='30']
SELECT [i].[InventoryId], [i].[LastUpdated], [i].[ProductId], [i].[QuantityInStock], [i].[ReorderLevel]
FROM [Inventories] AS [i]
2025-07-20 08:02:03.143 +05:30 [INF] Executing OkObjectResult, writing value of type 'System.Collections.Generic.List`1[[AuthNet.Models.Domain.Inventory, AuthNet, Version=1.0.0.0, Culture=neutral, PublicKeyToken=null]]'.
2025-07-20 08:02:03.144 +05:30 [INF] Executed action AuthNet.Controllers.InventoryController.GetAll (AuthNet) in 12.6647ms
2025-07-20 08:02:03.144 +05:30 [INF] Executed endpoint 'AuthNet.Controllers.InventoryController.GetAll (AuthNet)'
2025-07-20 08:02:03.144 +05:30 [INF] Request finished HTTP/1.1 GET https://localhost:7165/api/Inventory - 200 null application/json; charset=utf-8 13.4203ms
2025-07-20 08:02:03.175 +05:30 [INF] Request starting HTTP/1.1 GET https://localhost:7165/api/Products - null null
2025-07-20 08:02:03.175 +05:30 [INF] Executing endpoint 'AuthNet.Controllers.ProductsController.GetAll (AuthNet)'
2025-07-20 08:02:03.175 +05:30 [INF] Route matched with {action = "GetAll", controller = "Products"}. Executing controller action with signature System.Threading.Tasks.Task`1[Microsoft.AspNetCore.Mvc.IActionResult] GetAll() on controller AuthNet.Controllers.ProductsController (AuthNet).
2025-07-20 08:02:03.178 +05:30 [INF] Executed DbCommand (1ms) [Parameters=[], CommandType='"Text"', CommandTimeout='30']
SELECT [p].[ProductId], [p].[CategoryId], [p].[CostPrice], [p].[Description], [p].[Name], [p].[ProductCode], [p].[ProductKey], [p].[SellPrice], [p].[SupplierId]
FROM [Products] AS [p]
2025-07-20 08:02:03.179 +05:30 [INF] Executing OkObjectResult, writing value of type 'System.Collections.Generic.List`1[[AuthNet.Models.Domain.Product, AuthNet, Version=1.0.0.0, Culture=neutral, PublicKeyToken=null]]'.
2025-07-20 08:02:03.180 +05:30 [INF] Executed action AuthNet.Controllers.ProductsController.GetAll (AuthNet) in 4.2762ms
2025-07-20 08:02:03.180 +05:30 [INF] Executed endpoint 'AuthNet.Controllers.ProductsController.GetAll (AuthNet)'
2025-07-20 08:02:03.180 +05:30 [INF] Request finished HTTP/1.1 GET https://localhost:7165/api/Products - 200 null application/json; charset=utf-8 5.3859ms
2025-07-20 08:02:06.749 +05:30 [INF] Request starting HTTP/1.1 GET https://localhost:7165/api/Products - null null
2025-07-20 08:02:06.749 +05:30 [INF] Executing endpoint 'AuthNet.Controllers.ProductsController.GetAll (AuthNet)'
2025-07-20 08:02:06.749 +05:30 [INF] Route matched with {action = "GetAll", controller = "Products"}. Executing controller action with signature System.Threading.Tasks.Task`1[Microsoft.AspNetCore.Mvc.IActionResult] GetAll() on controller AuthNet.Controllers.ProductsController (AuthNet).
2025-07-20 08:02:06.757 +05:30 [INF] Executed DbCommand (5ms) [Parameters=[], CommandType='"Text"', CommandTimeout='30']
SELECT [p].[ProductId], [p].[CategoryId], [p].[CostPrice], [p].[Description], [p].[Name], [p].[ProductCode], [p].[ProductKey], [p].[SellPrice], [p].[SupplierId]
FROM [Products] AS [p]
2025-07-20 08:02:06.758 +05:30 [INF] Executing OkObjectResult, writing value of type 'System.Collections.Generic.List`1[[AuthNet.Models.Domain.Product, AuthNet, Version=1.0.0.0, Culture=neutral, PublicKeyToken=null]]'.
2025-07-20 08:02:06.758 +05:30 [INF] Executed action AuthNet.Controllers.ProductsController.GetAll (AuthNet) in 8.7533ms
2025-07-20 08:02:06.758 +05:30 [INF] Executed endpoint 'AuthNet.Controllers.ProductsController.GetAll (AuthNet)'
2025-07-20 08:02:06.759 +05:30 [INF] Request finished HTTP/1.1 GET https://localhost:7165/api/Products - 200 null application/json; charset=utf-8 9.7189ms
2025-07-20 08:02:06.777 +05:30 [INF] Request starting HTTP/1.1 GET https://localhost:7165/api/Inventory - null null
2025-07-20 08:02:06.778 +05:30 [INF] Executing endpoint 'AuthNet.Controllers.InventoryController.GetAll (AuthNet)'
2025-07-20 08:02:06.778 +05:30 [INF] Route matched with {action = "GetAll", controller = "Inventory"}. Executing controller action with signature System.Threading.Tasks.Task`1[Microsoft.AspNetCore.Mvc.IActionResult] GetAll() on controller AuthNet.Controllers.InventoryController (AuthNet).
2025-07-20 08:02:06.781 +05:30 [INF] Executed DbCommand (2ms) [Parameters=[], CommandType='"Text"', CommandTimeout='30']
SELECT [i].[InventoryId], [i].[LastUpdated], [i].[ProductId], [i].[QuantityInStock], [i].[ReorderLevel]
FROM [Inventories] AS [i]
2025-07-20 08:02:06.783 +05:30 [INF] Executing OkObjectResult, writing value of type 'System.Collections.Generic.List`1[[AuthNet.Models.Domain.Inventory, AuthNet, Version=1.0.0.0, Culture=neutral, PublicKeyToken=null]]'.
2025-07-20 08:02:06.784 +05:30 [INF] Executed action AuthNet.Controllers.InventoryController.GetAll (AuthNet) in 5.8727ms
2025-07-20 08:02:06.784 +05:30 [INF] Executed endpoint 'AuthNet.Controllers.InventoryController.GetAll (AuthNet)'
2025-07-20 08:02:06.784 +05:30 [INF] Request finished HTTP/1.1 GET https://localhost:7165/api/Inventory - 200 null application/json; charset=utf-8 6.8997ms
2025-07-20 08:02:13.145 +05:30 [INF] Request starting HTTP/1.1 GET https://localhost:7165/api/Inventory - null null
2025-07-20 08:02:13.145 +05:30 [INF] Executing endpoint 'AuthNet.Controllers.InventoryController.GetAll (AuthNet)'
2025-07-20 08:02:13.145 +05:30 [INF] Route matched with {action = "GetAll", controller = "Inventory"}. Executing controller action with signature System.Threading.Tasks.Task`1[Microsoft.AspNetCore.Mvc.IActionResult] GetAll() on controller AuthNet.Controllers.InventoryController (AuthNet).
2025-07-20 08:02:13.149 +05:30 [INF] Executed DbCommand (2ms) [Parameters=[], CommandType='"Text"', CommandTimeout='30']
SELECT [i].[InventoryId], [i].[LastUpdated], [i].[ProductId], [i].[QuantityInStock], [i].[ReorderLevel]
FROM [Inventories] AS [i]
2025-07-20 08:02:13.151 +05:30 [INF] Executing OkObjectResult, writing value of type 'System.Collections.Generic.List`1[[AuthNet.Models.Domain.Inventory, AuthNet, Version=1.0.0.0, Culture=neutral, PublicKeyToken=null]]'.
2025-07-20 08:02:13.151 +05:30 [INF] Executed action AuthNet.Controllers.InventoryController.GetAll (AuthNet) in 5.8709ms
2025-07-20 08:02:13.151 +05:30 [INF] Executed endpoint 'AuthNet.Controllers.InventoryController.GetAll (AuthNet)'
2025-07-20 08:02:13.152 +05:30 [INF] Request finished HTTP/1.1 GET https://localhost:7165/api/Inventory - 200 null application/json; charset=utf-8 6.8612ms
2025-07-20 08:02:13.198 +05:30 [INF] Request starting HTTP/1.1 POST https://localhost:7165/api/Inventory - application/json; charset=utf-8 null
2025-07-20 08:02:13.199 +05:30 [INF] Executing endpoint 'AuthNet.Controllers.InventoryController.Create (AuthNet)'
2025-07-20 08:02:13.199 +05:30 [INF] Route matched with {action = "Create", controller = "Inventory"}. Executing controller action with signature System.Threading.Tasks.Task`1[Microsoft.AspNetCore.Mvc.IActionResult] Create(AuthNet.Models.Domain.Inventory) on controller AuthNet.Controllers.InventoryController (AuthNet).
2025-07-20 08:02:13.206 +05:30 [INF] Executed DbCommand (5ms) [Parameters=[@p0='?' (DbType = DateTime2), @p1='?' (DbType = Int32), @p2='?' (DbType = Int32), @p3='?' (DbType = Int32)], CommandType='"Text"', CommandTimeout='30']
SET IMPLICIT_TRANSACTIONS OFF;
SET NOCOUNT ON;
INSERT INTO [Inventories] ([LastUpdated], [ProductId], [QuantityInStock], [ReorderLevel])
OUTPUT INSERTED.[InventoryId]
VALUES (@p0, @p1, @p2, @p3);
2025-07-20 08:02:13.209 +05:30 [INF] Executed DbCommand (1ms) [Parameters=[@__id_0='?' (DbType = Int32)], CommandType='"Text"', CommandTimeout='30']
SELECT TOP(1) [i].[InventoryId], [i].[LastUpdated], [i].[ProductId], [i].[QuantityInStock], [i].[ReorderLevel]
FROM [Inventories] AS [i]
WHERE [i].[InventoryId] = @__id_0
2025-07-20 08:02:13.209 +05:30 [INF] Executing CreatedAtActionResult, writing value of type 'AuthNet.Models.DTO.InventoryDto'.
2025-07-20 08:02:13.210 +05:30 [INF] Executed action AuthNet.Controllers.InventoryController.Create (AuthNet) in 10.86ms
2025-07-20 08:02:13.210 +05:30 [INF] Executed endpoint 'AuthNet.Controllers.InventoryController.Create (AuthNet)'
2025-07-20 08:02:13.210 +05:30 [INF] Request finished HTTP/1.1 POST https://localhost:7165/api/Inventory - 201 null application/json; charset=utf-8 12.0296ms
2025-07-20 08:02:13.244 +05:30 [INF] Request starting HTTP/1.1 GET https://localhost:7165/api/Inventory - null null
2025-07-20 08:02:13.244 +05:30 [INF] Executing endpoint 'AuthNet.Controllers.InventoryController.GetAll (AuthNet)'
2025-07-20 08:02:13.244 +05:30 [INF] Route matched with {action = "GetAll", controller = "Inventory"}. Executing controller action with signature System.Threading.Tasks.Task`1[Microsoft.AspNetCore.Mvc.IActionResult] GetAll() on controller AuthNet.Controllers.InventoryController (AuthNet).
2025-07-20 08:02:13.248 +05:30 [INF] Executed DbCommand (2ms) [Parameters=[], CommandType='"Text"', CommandTimeout='30']
SELECT [i].[InventoryId], [i].[LastUpdated], [i].[ProductId], [i].[QuantityInStock], [i].[ReorderLevel]
FROM [Inventories] AS [i]
2025-07-20 08:02:13.249 +05:30 [INF] Executing OkObjectResult, writing value of type 'System.Collections.Generic.List`1[[AuthNet.Models.Domain.Inventory, AuthNet, Version=1.0.0.0, Culture=neutral, PublicKeyToken=null]]'.
2025-07-20 08:02:13.250 +05:30 [INF] Executed action AuthNet.Controllers.InventoryController.GetAll (AuthNet) in 5.5345ms
2025-07-20 08:02:13.250 +05:30 [INF] Executed endpoint 'AuthNet.Controllers.InventoryController.GetAll (AuthNet)'
2025-07-20 08:02:13.250 +05:30 [INF] Request finished HTTP/1.1 GET https://localhost:7165/api/Inventory - 200 null application/json; charset=utf-8 6.4285ms
2025-07-20 08:02:13.264 +05:30 [INF] Request starting HTTP/1.1 GET https://localhost:7165/api/Products - null null
2025-07-20 08:02:13.264 +05:30 [INF] Executing endpoint 'AuthNet.Controllers.ProductsController.GetAll (AuthNet)'
2025-07-20 08:02:13.264 +05:30 [INF] Route matched with {action = "GetAll", controller = "Products"}. Executing controller action with signature System.Threading.Tasks.Task`1[Microsoft.AspNetCore.Mvc.IActionResult] GetAll() on controller AuthNet.Controllers.ProductsController (AuthNet).
2025-07-20 08:02:13.267 +05:30 [INF] Executed DbCommand (1ms) [Parameters=[], CommandType='"Text"', CommandTimeout='30']
SELECT [p].[ProductId], [p].[CategoryId], [p].[CostPrice], [p].[Description], [p].[Name], [p].[ProductCode], [p].[ProductKey], [p].[SellPrice], [p].[SupplierId]
FROM [Products] AS [p]
2025-07-20 08:02:13.268 +05:30 [INF] Executing OkObjectResult, writing value of type 'System.Collections.Generic.List`1[[AuthNet.Models.Domain.Product, AuthNet, Version=1.0.0.0, Culture=neutral, PublicKeyToken=null]]'.
2025-07-20 08:02:13.268 +05:30 [INF] Executed action AuthNet.Controllers.ProductsController.GetAll (AuthNet) in 3.739ms
2025-07-20 08:02:13.268 +05:30 [INF] Executed endpoint 'AuthNet.Controllers.ProductsController.GetAll (AuthNet)'
2025-07-20 08:02:13.269 +05:30 [INF] Request finished HTTP/1.1 GET https://localhost:7165/api/Products - 200 null application/json; charset=utf-8 4.9709ms
2025-07-20 08:02:16.483 +05:30 [INF] Request starting HTTP/1.1 GET https://localhost:7165/api/Products - null null
2025-07-20 08:02:16.484 +05:30 [INF] Executing endpoint 'AuthNet.Controllers.ProductsController.GetAll (AuthNet)'
2025-07-20 08:02:16.484 +05:30 [INF] Route matched with {action = "GetAll", controller = "Products"}. Executing controller action with signature System.Threading.Tasks.Task`1[Microsoft.AspNetCore.Mvc.IActionResult] GetAll() on controller AuthNet.Controllers.ProductsController (AuthNet).
2025-07-20 08:02:16.492 +05:30 [INF] Executed DbCommand (7ms) [Parameters=[], CommandType='"Text"', CommandTimeout='30']
SELECT [p].[ProductId], [p].[CategoryId], [p].[CostPrice], [p].[Description], [p].[Name], [p].[ProductCode], [p].[ProductKey], [p].[SellPrice], [p].[SupplierId]
FROM [Products] AS [p]
2025-07-20 08:02:16.493 +05:30 [INF] Executing OkObjectResult, writing value of type 'System.Collections.Generic.List`1[[AuthNet.Models.Domain.Product, AuthNet, Version=1.0.0.0, Culture=neutral, PublicKeyToken=null]]'.
2025-07-20 08:02:16.493 +05:30 [INF] Executed action AuthNet.Controllers.ProductsController.GetAll (AuthNet) in 9.2565ms
2025-07-20 08:02:16.493 +05:30 [INF] Executed endpoint 'AuthNet.Controllers.ProductsController.GetAll (AuthNet)'
2025-07-20 08:02:16.494 +05:30 [INF] Request finished HTTP/1.1 GET https://localhost:7165/api/Products - 200 null application/json; charset=utf-8 10.9674ms
2025-07-20 08:02:16.508 +05:30 [INF] Request starting HTTP/1.1 GET https://localhost:7165/api/Inventory - null null
2025-07-20 08:02:16.508 +05:30 [INF] Executing endpoint 'AuthNet.Controllers.InventoryController.GetAll (AuthNet)'
2025-07-20 08:02:16.508 +05:30 [INF] Route matched with {action = "GetAll", controller = "Inventory"}. Executing controller action with signature System.Threading.Tasks.Task`1[Microsoft.AspNetCore.Mvc.IActionResult] GetAll() on controller AuthNet.Controllers.InventoryController (AuthNet).
2025-07-20 08:02:16.512 +05:30 [INF] Executed DbCommand (3ms) [Parameters=[], CommandType='"Text"', CommandTimeout='30']
SELECT [i].[InventoryId], [i].[LastUpdated], [i].[ProductId], [i].[QuantityInStock], [i].[ReorderLevel]
FROM [Inventories] AS [i]
2025-07-20 08:02:16.514 +05:30 [INF] Executing OkObjectResult, writing value of type 'System.Collections.Generic.List`1[[AuthNet.Models.Domain.Inventory, AuthNet, Version=1.0.0.0, Culture=neutral, PublicKeyToken=null]]'.
2025-07-20 08:02:16.514 +05:30 [INF] Executed action AuthNet.Controllers.InventoryController.GetAll (AuthNet) in 5.5562ms
2025-07-20 08:02:16.514 +05:30 [INF] Executed endpoint 'AuthNet.Controllers.InventoryController.GetAll (AuthNet)'
2025-07-20 08:02:16.514 +05:30 [INF] Request finished HTTP/1.1 GET https://localhost:7165/api/Inventory - 200 null application/json; charset=utf-8 6.55ms
2025-07-20 08:02:28.860 +05:30 [INF] Request starting HTTP/1.1 GET https://localhost:7165/api/Settings/Get - null null
2025-07-20 08:02:28.860 +05:30 [INF] Executing endpoint 'AuthNet.Controllers.SettingsController.GetCompanyInfo (AuthNet)'
2025-07-20 08:02:28.860 +05:30 [INF] Route matched with {action = "GetCompanyInfo", controller = "Settings"}. Executing controller action with signature System.Threading.Tasks.Task`1[Microsoft.AspNetCore.Mvc.IActionResult] GetCompanyInfo() on controller AuthNet.Controllers.SettingsController (AuthNet).
2025-07-20 08:02:28.867 +05:30 [INF] Executed DbCommand (6ms) [Parameters=[], CommandType='"Text"', CommandTimeout='30']
SELECT TOP(1) [c].[Id], [c].[Address], [c].[ContactNumber], [c].[Email], [c].[GSTIN], [c].[LogoFileExtension], [c].[LogoFilePath], [c].[LogoFileSizeInBytes], [c].[LogoName], [c].[Name], [c].[SignFileExtension], [c].[SignFilePath], [c].[SignFileSizeInBytes], [c].[SignName]
FROM [CompanyInfos] AS [c]
2025-07-20 08:02:28.868 +05:30 [INF] Executing OkObjectResult, writing value of type 'AuthNet.Models.DTO.CompanyInfoResponseDto'.
2025-07-20 08:02:28.868 +05:30 [INF] Executed action AuthNet.Controllers.SettingsController.GetCompanyInfo (AuthNet) in 8.0236ms
2025-07-20 08:02:28.868 +05:30 [INF] Executed endpoint 'AuthNet.Controllers.SettingsController.GetCompanyInfo (AuthNet)'
2025-07-20 08:02:28.869 +05:30 [INF] Request finished HTTP/1.1 GET https://localhost:7165/api/Settings/Get - 200 null application/json; charset=utf-8 8.836ms
2025-07-20 08:02:32.039 +05:30 [INF] Request starting HTTP/1.1 GET https://localhost:7165/api/TaxSettings - null null
2025-07-20 08:02:32.040 +05:30 [INF] Executing endpoint 'AuthNet.Controllers.TaxSettingsController.GetAll (AuthNet)'
2025-07-20 08:02:32.040 +05:30 [INF] Route matched with {action = "GetAll", controller = "TaxSettings"}. Executing controller action with signature System.Threading.Tasks.Task`1[Microsoft.AspNetCore.Mvc.IActionResult] GetAll() on controller AuthNet.Controllers.TaxSettingsController (AuthNet).
2025-07-20 08:02:32.046 +05:30 [INF] Executed DbCommand (3ms) [Parameters=[], CommandType='"Text"', CommandTimeout='30']
SELECT TOP(1) [t].[Id], [t].[CGST], [t].[IGST], [t].[SGST]
FROM [TaxSettings] AS [t]
2025-07-20 08:02:32.046 +05:30 [INF] Executing OkObjectResult, writing value of type 'AuthNet.Models.DTO.TaxSettingResponseDto'.
2025-07-20 08:02:32.047 +05:30 [INF] Executed action AuthNet.Controllers.TaxSettingsController.GetAll (AuthNet) in 6.787ms
2025-07-20 08:02:32.047 +05:30 [INF] Executed endpoint 'AuthNet.Controllers.TaxSettingsController.GetAll (AuthNet)'
2025-07-20 08:02:32.047 +05:30 [INF] Request finished HTTP/1.1 GET https://localhost:7165/api/TaxSettings - 200 null application/json; charset=utf-8 8.4079ms
2025-07-20 08:05:13.214 +05:30 [INF] Request starting HTTP/2 GET https://localhost:7165/swagger/index.html - null null
2025-07-20 08:05:13.260 +05:30 [INF] Request finished HTTP/2 GET https://localhost:7165/swagger/index.html - 200 null text/html;charset=utf-8 47.4496ms
2025-07-20 08:05:13.386 +05:30 [INF] Request starting HTTP/2 GET https://localhost:7165/_framework/aspnetcore-browser-refresh.js - null null
2025-07-20 08:05:13.388 +05:30 [INF] Request finished HTTP/2 GET https://localhost:7165/_framework/aspnetcore-browser-refresh.js - 200 16499 application/javascript; charset=utf-8 1.6376ms
2025-07-20 08:05:13.391 +05:30 [INF] Request starting HTTP/2 GET https://localhost:7165/_vs/browserLink - null null
2025-07-20 08:05:13.418 +05:30 [INF] Request finished HTTP/2 GET https://localhost:7165/_vs/browserLink - 200 null text/javascript; charset=UTF-8 31.1414ms
2025-07-20 08:05:14.331 +05:30 [INF] Request starting HTTP/2 GET https://localhost:7165/swagger/v1/swagger.json - null null
2025-07-20 08:05:14.400 +05:30 [INF] Request finished HTTP/2 GET https://localhost:7165/swagger/v1/swagger.json - 200 null application/json;charset=utf-8 68.599ms
2025-07-20 08:05:18.269 +05:30 [INF] Request starting HTTP/1.1 GET https://localhost:7165/api/Inventory - null null
2025-07-20 08:05:18.270 +05:30 [INF] Executing endpoint 'AuthNet.Controllers.InventoryController.GetAll (AuthNet)'
2025-07-20 08:05:18.283 +05:30 [INF] Route matched with {action = "GetAll", controller = "Inventory"}. Executing controller action with signature System.Threading.Tasks.Task`1[Microsoft.AspNetCore.Mvc.IActionResult] GetAll() on controller AuthNet.Controllers.InventoryController (AuthNet).
2025-07-20 08:05:18.298 +05:30 [INF] Executed DbCommand (13ms) [Parameters=[], CommandType='"Text"', CommandTimeout='30']
SELECT [i].[InventoryId], [i].[LastUpdated], [i].[ProductId], [i].[QuantityInStock], [i].[ReorderLevel]
FROM [Inventories] AS [i]
2025-07-20 08:05:18.299 +05:30 [INF] Executing OkObjectResult, writing value of type 'System.Collections.Generic.List`1[[AuthNet.Models.Domain.Inventory, AuthNet, Version=1.0.0.0, Culture=neutral, PublicKeyToken=null]]'.
2025-07-20 08:05:18.305 +05:30 [INF] Executed action AuthNet.Controllers.InventoryController.GetAll (AuthNet) in 21.6686ms
2025-07-20 08:05:18.305 +05:30 [INF] Executed endpoint 'AuthNet.Controllers.InventoryController.GetAll (AuthNet)'
2025-07-20 08:05:18.306 +05:30 [INF] Request finished HTTP/1.1 GET https://localhost:7165/api/Inventory - 200 null application/json; charset=utf-8 37.0677ms
2025-07-20 08:05:18.338 +05:30 [INF] Request starting HTTP/1.1 GET https://localhost:7165/api/Products - null null
2025-07-20 08:05:18.351 +05:30 [INF] Executing endpoint 'AuthNet.Controllers.ProductsController.GetAll (AuthNet)'
2025-07-20 08:05:18.358 +05:30 [INF] Route matched with {action = "GetAll", controller = "Products"}. Executing controller action with signature System.Threading.Tasks.Task`1[Microsoft.AspNetCore.Mvc.IActionResult] GetAll() on controller AuthNet.Controllers.ProductsController (AuthNet).
2025-07-20 08:05:18.368 +05:30 [INF] Executed DbCommand (9ms) [Parameters=[], CommandType='"Text"', CommandTimeout='30']
SELECT [p].[ProductId], [p].[CategoryId], [p].[CostPrice], [p].[Description], [p].[Name], [p].[ProductCode], [p].[ProductKey], [p].[SellPrice], [p].[SupplierId]
FROM [Products] AS [p]
2025-07-20 08:05:18.368 +05:30 [INF] Executing OkObjectResult, writing value of type 'System.Collections.Generic.List`1[[AuthNet.Models.Domain.Product, AuthNet, Version=1.0.0.0, Culture=neutral, PublicKeyToken=null]]'.
2025-07-20 08:05:18.371 +05:30 [INF] Executed action AuthNet.Controllers.ProductsController.GetAll (AuthNet) in 13.2494ms
2025-07-20 08:05:18.371 +05:30 [INF] Executed endpoint 'AuthNet.Controllers.ProductsController.GetAll (AuthNet)'
2025-07-20 08:05:18.372 +05:30 [INF] Request finished HTTP/1.1 GET https://localhost:7165/api/Products - 200 null application/json; charset=utf-8 33.1502ms
2025-07-20 08:05:20.060 +05:30 [INF] Request starting HTTP/1.1 GET https://localhost:7165/api/Products - null null
2025-07-20 08:05:20.061 +05:30 [INF] Executing endpoint 'AuthNet.Controllers.ProductsController.GetAll (AuthNet)'
2025-07-20 08:05:20.061 +05:30 [INF] Route matched with {action = "GetAll", controller = "Products"}. Executing controller action with signature System.Threading.Tasks.Task`1[Microsoft.AspNetCore.Mvc.IActionResult] GetAll() on controller AuthNet.Controllers.ProductsController (AuthNet).
2025-07-20 08:05:20.072 +05:30 [INF] Executed DbCommand (8ms) [Parameters=[], CommandType='"Text"', CommandTimeout='30']
SELECT [p].[ProductId], [p].[CategoryId], [p].[CostPrice], [p].[Description], [p].[Name], [p].[ProductCode], [p].[ProductKey], [p].[SellPrice], [p].[SupplierId]
FROM [Products] AS [p]
2025-07-20 08:05:20.072 +05:30 [INF] Executing OkObjectResult, writing value of type 'System.Collections.Generic.List`1[[AuthNet.Models.Domain.Product, AuthNet, Version=1.0.0.0, Culture=neutral, PublicKeyToken=null]]'.
2025-07-20 08:05:20.073 +05:30 [INF] Executed action AuthNet.Controllers.ProductsController.GetAll (AuthNet) in 11.6358ms
2025-07-20 08:05:20.073 +05:30 [INF] Executed endpoint 'AuthNet.Controllers.ProductsController.GetAll (AuthNet)'
2025-07-20 08:05:20.073 +05:30 [INF] Request finished HTTP/1.1 GET https://localhost:7165/api/Products - 200 null application/json; charset=utf-8 12.8301ms
2025-07-20 08:05:20.093 +05:30 [INF] Request starting HTTP/1.1 GET https://localhost:7165/api/Inventory - null null
2025-07-20 08:05:20.093 +05:30 [INF] Executing endpoint 'AuthNet.Controllers.InventoryController.GetAll (AuthNet)'
2025-07-20 08:05:20.094 +05:30 [INF] Route matched with {action = "GetAll", controller = "Inventory"}. Executing controller action with signature System.Threading.Tasks.Task`1[Microsoft.AspNetCore.Mvc.IActionResult] GetAll() on controller AuthNet.Controllers.InventoryController (AuthNet).
2025-07-20 08:05:20.100 +05:30 [INF] Executed DbCommand (5ms) [Parameters=[], CommandType='"Text"', CommandTimeout='30']
SELECT [i].[InventoryId], [i].[LastUpdated], [i].[ProductId], [i].[QuantityInStock], [i].[ReorderLevel]
FROM [Inventories] AS [i]
2025-07-20 08:05:20.102 +05:30 [INF] Executing OkObjectResult, writing value of type 'System.Collections.Generic.List`1[[AuthNet.Models.Domain.Inventory, AuthNet, Version=1.0.0.0, Culture=neutral, PublicKeyToken=null]]'.
2025-07-20 08:05:20.102 +05:30 [INF] Executed action AuthNet.Controllers.InventoryController.GetAll (AuthNet) in 8.7053ms
2025-07-20 08:05:20.102 +05:30 [INF] Executed endpoint 'AuthNet.Controllers.InventoryController.GetAll (AuthNet)'
2025-07-20 08:05:20.103 +05:30 [INF] Request finished HTTP/1.1 GET https://localhost:7165/api/Inventory - 200 null application/json; charset=utf-8 9.8061ms
2025-07-20 08:06:32.078 +05:30 [INF] Request starting HTTP/1.1 GET https://localhost:7165/api/Inventory - null null
2025-07-20 08:06:32.079 +05:30 [INF] Executing endpoint 'AuthNet.Controllers.InventoryController.GetAll (AuthNet)'
2025-07-20 08:06:32.079 +05:30 [INF] Route matched with {action = "GetAll", controller = "Inventory"}. Executing controller action with signature System.Threading.Tasks.Task`1[Microsoft.AspNetCore.Mvc.IActionResult] GetAll() on controller AuthNet.Controllers.InventoryController (AuthNet).
2025-07-20 08:06:32.096 +05:30 [INF] Executed DbCommand (15ms) [Parameters=[], CommandType='"Text"', CommandTimeout='30']
SELECT [i].[InventoryId], [i].[LastUpdated], [i].[ProductId], [i].[QuantityInStock], [i].[ReorderLevel]
FROM [Inventories] AS [i]
2025-07-20 08:06:32.096 +05:30 [INF] Executing OkObjectResult, writing value of type 'System.Collections.Generic.List`1[[AuthNet.Models.Domain.Inventory, AuthNet, Version=1.0.0.0, Culture=neutral, PublicKeyToken=null]]'.
2025-07-20 08:06:32.097 +05:30 [INF] Executed action AuthNet.Controllers.InventoryController.GetAll (AuthNet) in 17.5553ms
2025-07-20 08:06:32.097 +05:30 [INF] Executed endpoint 'AuthNet.Controllers.InventoryController.GetAll (AuthNet)'
2025-07-20 08:06:32.097 +05:30 [INF] Request finished HTTP/1.1 GET https://localhost:7165/api/Inventory - 200 null application/json; charset=utf-8 18.6644ms
2025-07-20 08:06:32.112 +05:30 [INF] Request starting HTTP/1.1 GET https://localhost:7165/api/Products - null null
2025-07-20 08:06:32.112 +05:30 [INF] Executing endpoint 'AuthNet.Controllers.ProductsController.GetAll (AuthNet)'
2025-07-20 08:06:32.112 +05:30 [INF] Route matched with {action = "GetAll", controller = "Products"}. Executing controller action with signature System.Threading.Tasks.Task`1[Microsoft.AspNetCore.Mvc.IActionResult] GetAll() on controller AuthNet.Controllers.ProductsController (AuthNet).
2025-07-20 08:06:32.121 +05:30 [INF] Executed DbCommand (8ms) [Parameters=[], CommandType='"Text"', CommandTimeout='30']
SELECT [p].[ProductId], [p].[CategoryId], [p].[CostPrice], [p].[Description], [p].[Name], [p].[ProductCode], [p].[ProductKey], [p].[SellPrice], [p].[SupplierId]
FROM [Products] AS [p]
2025-07-20 08:06:32.122 +05:30 [INF] Executing OkObjectResult, writing value of type 'System.Collections.Generic.List`1[[AuthNet.Models.Domain.Product, AuthNet, Version=1.0.0.0, Culture=neutral, PublicKeyToken=null]]'.
2025-07-20 08:06:32.122 +05:30 [INF] Executed action AuthNet.Controllers.ProductsController.GetAll (AuthNet) in 9.4293ms
2025-07-20 08:06:32.122 +05:30 [INF] Executed endpoint 'AuthNet.Controllers.ProductsController.GetAll (AuthNet)'
2025-07-20 08:06:32.123 +05:30 [INF] Request finished HTTP/1.1 GET https://localhost:7165/api/Products - 200 null application/json; charset=utf-8 10.7359ms
2025-07-20 08:06:34.218 +05:30 [INF] Request starting HTTP/1.1 GET https://localhost:7165/api/Products - null null
2025-07-20 08:06:34.220 +05:30 [INF] Executing endpoint 'AuthNet.Controllers.ProductsController.GetAll (AuthNet)'
2025-07-20 08:06:34.223 +05:30 [INF] Route matched with {action = "GetAll", controller = "Products"}. Executing controller action with signature System.Threading.Tasks.Task`1[Microsoft.AspNetCore.Mvc.IActionResult] GetAll() on controller AuthNet.Controllers.ProductsController (AuthNet).
2025-07-20 08:06:34.234 +05:30 [INF] Executed DbCommand (4ms) [Parameters=[], CommandType='"Text"', CommandTimeout='30']
SELECT [p].[ProductId], [p].[CategoryId], [p].[CostPrice], [p].[Description], [p].[Name], [p].[ProductCode], [p].[ProductKey], [p].[SellPrice], [p].[SupplierId]
FROM [Products] AS [p]
2025-07-20 08:06:34.235 +05:30 [INF] Executing OkObjectResult, writing value of type 'System.Collections.Generic.List`1[[AuthNet.Models.Domain.Product, AuthNet, Version=1.0.0.0, Culture=neutral, PublicKeyToken=null]]'.
2025-07-20 08:06:34.235 +05:30 [INF] Executed action AuthNet.Controllers.ProductsController.GetAll (AuthNet) in 11.5557ms
2025-07-20 08:06:34.235 +05:30 [INF] Executed endpoint 'AuthNet.Controllers.ProductsController.GetAll (AuthNet)'
2025-07-20 08:06:34.235 +05:30 [INF] Request finished HTTP/1.1 GET https://localhost:7165/api/Products - 200 null application/json; charset=utf-8 17.2088ms
2025-07-20 08:06:34.252 +05:30 [INF] Request starting HTTP/1.1 GET https://localhost:7165/api/Inventory - null null
2025-07-20 08:06:34.252 +05:30 [INF] Executing endpoint 'AuthNet.Controllers.InventoryController.GetAll (AuthNet)'
2025-07-20 08:06:34.252 +05:30 [INF] Route matched with {action = "GetAll", controller = "Inventory"}. Executing controller action with signature System.Threading.Tasks.Task`1[Microsoft.AspNetCore.Mvc.IActionResult] GetAll() on controller AuthNet.Controllers.InventoryController (AuthNet).
2025-07-20 08:06:34.258 +05:30 [INF] Executed DbCommand (2ms) [Parameters=[], CommandType='"Text"', CommandTimeout='30']
SELECT [i].[InventoryId], [i].[LastUpdated], [i].[ProductId], [i].[QuantityInStock], [i].[ReorderLevel]
FROM [Inventories] AS [i]
2025-07-20 08:06:34.260 +05:30 [INF] Executing OkObjectResult, writing value of type 'System.Collections.Generic.List`1[[AuthNet.Models.Domain.Inventory, AuthNet, Version=1.0.0.0, Culture=neutral, PublicKeyToken=null]]'.
2025-07-20 08:06:34.261 +05:30 [INF] Executed action AuthNet.Controllers.InventoryController.GetAll (AuthNet) in 8.0941ms
2025-07-20 08:06:34.261 +05:30 [INF] Executed endpoint 'AuthNet.Controllers.InventoryController.GetAll (AuthNet)'
2025-07-20 08:06:34.261 +05:30 [INF] Request finished HTTP/1.1 GET https://localhost:7165/api/Inventory - 200 null application/json; charset=utf-8 9.1595ms
2025-07-20 08:09:06.790 +05:30 [INF] Request starting HTTP/2 GET https://localhost:7165/swagger/index.html - null null
2025-07-20 08:09:06.848 +05:30 [INF] Request finished HTTP/2 GET https://localhost:7165/swagger/index.html - 200 null text/html;charset=utf-8 57.5738ms
2025-07-20 08:09:06.933 +05:30 [INF] Request starting HTTP/2 GET https://localhost:7165/_framework/aspnetcore-browser-refresh.js - null null
2025-07-20 08:09:06.934 +05:30 [INF] Request starting HTTP/2 GET https://localhost:7165/_vs/browserLink - null null
2025-07-20 08:09:06.944 +05:30 [INF] Request finished HTTP/2 GET https://localhost:7165/_framework/aspnetcore-browser-refresh.js - 200 16499 application/javascript; charset=utf-8 11.3203ms
2025-07-20 08:09:06.972 +05:30 [INF] Request finished HTTP/2 GET https://localhost:7165/_vs/browserLink - 200 null text/javascript; charset=UTF-8 38.6595ms
2025-07-20 08:09:07.060 +05:30 [INF] Request starting HTTP/1.1 GET https://localhost:7165/api/Products - null null
2025-07-20 08:09:07.061 +05:30 [INF] Executing endpoint 'AuthNet.Controllers.ProductsController.GetAll (AuthNet)'
2025-07-20 08:09:07.071 +05:30 [INF] Route matched with {action = "GetAll", controller = "Products"}. Executing controller action with signature System.Threading.Tasks.Task`1[Microsoft.AspNetCore.Mvc.IActionResult] GetAll() on controller AuthNet.Controllers.ProductsController (AuthNet).
2025-07-20 08:09:07.089 +05:30 [INF] Executed DbCommand (17ms) [Parameters=[], CommandType='"Text"', CommandTimeout='30']
SELECT [p].[ProductId], [p].[CategoryId], [p].[CostPrice], [p].[Description], [p].[Name], [p].[ProductCode], [p].[ProductKey], [p].[SellPrice], [p].[SupplierId]
FROM [Products] AS [p]
2025-07-20 08:09:07.090 +05:30 [INF] Executing OkObjectResult, writing value of type 'System.Collections.Generic.List`1[[AuthNet.Models.Domain.Product, AuthNet, Version=1.0.0.0, Culture=neutral, PublicKeyToken=null]]'.
2025-07-20 08:09:07.094 +05:30 [INF] Executed action AuthNet.Controllers.ProductsController.GetAll (AuthNet) in 22.9211ms
2025-07-20 08:09:07.094 +05:30 [INF] Executed endpoint 'AuthNet.Controllers.ProductsController.GetAll (AuthNet)'
2025-07-20 08:09:07.094 +05:30 [INF] Request finished HTTP/1.1 GET https://localhost:7165/api/Products - 200 null application/json; charset=utf-8 34.088ms
2025-07-20 08:09:07.110 +05:30 [INF] Request starting HTTP/1.1 GET https://localhost:7165/api/Inventory - null null
2025-07-20 08:09:07.114 +05:30 [INF] Executing endpoint 'AuthNet.Controllers.InventoryController.GetAll (AuthNet)'
2025-07-20 08:09:07.120 +05:30 [INF] Route matched with {action = "GetAll", controller = "Inventory"}. Executing controller action with signature System.Threading.Tasks.Task`1[Microsoft.AspNetCore.Mvc.IActionResult] GetAll() on controller AuthNet.Controllers.InventoryController (AuthNet).
2025-07-20 08:09:07.125 +05:30 [INF] Executed DbCommand (3ms) [Parameters=[], CommandType='"Text"', CommandTimeout='30']
SELECT [i].[InventoryId], [i].[LastUpdated], [i].[ProductId], [i].[QuantityInStock], [i].[ReorderLevel]
FROM [Inventories] AS [i]
2025-07-20 08:09:07.125 +05:30 [INF] Executing OkObjectResult, writing value of type 'System.Collections.Generic.List`1[[AuthNet.Models.Domain.Inventory, AuthNet, Version=1.0.0.0, Culture=neutral, PublicKeyToken=null]]'.
2025-07-20 08:09:07.127 +05:30 [INF] Executed action AuthNet.Controllers.InventoryController.GetAll (AuthNet) in 6.4418ms
2025-07-20 08:09:07.127 +05:30 [INF] Executed endpoint 'AuthNet.Controllers.InventoryController.GetAll (AuthNet)'
2025-07-20 08:09:07.127 +05:30 [INF] Request finished HTTP/1.1 GET https://localhost:7165/api/Inventory - 200 null application/json; charset=utf-8 17.0508ms
2025-07-20 08:09:07.225 +05:30 [INF] Request starting HTTP/2 GET https://localhost:7165/swagger/v1/swagger.json - null null
2025-07-20 08:09:07.330 +05:30 [INF] Request finished HTTP/2 GET https://localhost:7165/swagger/v1/swagger.json - 200 null application/json;charset=utf-8 105.1489ms
2025-07-20 08:09:10.711 +05:30 [INF] Request starting HTTP/1.1 GET https://localhost:7165/api/Inventory - null null
2025-07-20 08:09:10.711 +05:30 [INF] Executing endpoint 'AuthNet.Controllers.InventoryController.GetAll (AuthNet)'
2025-07-20 08:09:10.711 +05:30 [INF] Route matched with {action = "GetAll", controller = "Inventory"}. Executing controller action with signature System.Threading.Tasks.Task`1[Microsoft.AspNetCore.Mvc.IActionResult] GetAll() on controller AuthNet.Controllers.InventoryController (AuthNet).
2025-07-20 08:09:10.716 +05:30 [INF] Executed DbCommand (4ms) [Parameters=[], CommandType='"Text"', CommandTimeout='30']
SELECT [i].[InventoryId], [i].[LastUpdated], [i].[ProductId], [i].[QuantityInStock], [i].[ReorderLevel]
FROM [Inventories] AS [i]
2025-07-20 08:09:10.717 +05:30 [INF] Executing OkObjectResult, writing value of type 'System.Collections.Generic.List`1[[AuthNet.Models.Domain.Inventory, AuthNet, Version=1.0.0.0, Culture=neutral, PublicKeyToken=null]]'.
2025-07-20 08:09:10.717 +05:30 [INF] Executed action AuthNet.Controllers.InventoryController.GetAll (AuthNet) in 5.5227ms
2025-07-20 08:09:10.717 +05:30 [INF] Executed endpoint 'AuthNet.Controllers.InventoryController.GetAll (AuthNet)'
2025-07-20 08:09:10.718 +05:30 [INF] Request finished HTTP/1.1 GET https://localhost:7165/api/Inventory - 200 null application/json; charset=utf-8 6.6237ms
2025-07-20 08:09:10.733 +05:30 [INF] Request starting HTTP/1.1 GET https://localhost:7165/api/Products - null null
2025-07-20 08:09:10.733 +05:30 [INF] Executing endpoint 'AuthNet.Controllers.ProductsController.GetAll (AuthNet)'
2025-07-20 08:09:10.733 +05:30 [INF] Route matched with {action = "GetAll", controller = "Products"}. Executing controller action with signature System.Threading.Tasks.Task`1[Microsoft.AspNetCore.Mvc.IActionResult] GetAll() on controller AuthNet.Controllers.ProductsController (AuthNet).
2025-07-20 08:09:10.741 +05:30 [INF] Executed DbCommand (6ms) [Parameters=[], CommandType='"Text"', CommandTimeout='30']
SELECT [p].[ProductId], [p].[CategoryId], [p].[CostPrice], [p].[Description], [p].[Name], [p].[ProductCode], [p].[ProductKey], [p].[SellPrice], [p].[SupplierId]
FROM [Products] AS [p]
2025-07-20 08:09:10.741 +05:30 [INF] Executing OkObjectResult, writing value of type 'System.Collections.Generic.List`1[[AuthNet.Models.Domain.Product, AuthNet, Version=1.0.0.0, Culture=neutral, PublicKeyToken=null]]'.
2025-07-20 08:09:10.741 +05:30 [INF] Executed action AuthNet.Controllers.ProductsController.GetAll (AuthNet) in 8.134ms
2025-07-20 08:09:10.742 +05:30 [INF] Executed endpoint 'AuthNet.Controllers.ProductsController.GetAll (AuthNet)'
2025-07-20 08:09:10.742 +05:30 [INF] Request finished HTTP/1.1 GET https://localhost:7165/api/Products - 200 null application/json; charset=utf-8 9.1651ms
2025-07-20 08:10:44.234 +05:30 [INF] Request starting HTTP/1.1 GET https://localhost:7165/api/Inventory - null null
2025-07-20 08:10:44.234 +05:30 [INF] Executing endpoint 'AuthNet.Controllers.InventoryController.GetAll (AuthNet)'
2025-07-20 08:10:44.234 +05:30 [INF] Route matched with {action = "GetAll", controller = "Inventory"}. Executing controller action with signature System.Threading.Tasks.Task`1[Microsoft.AspNetCore.Mvc.IActionResult] GetAll() on controller AuthNet.Controllers.InventoryController (AuthNet).
2025-07-20 08:10:44.240 +05:30 [INF] Executed DbCommand (4ms) [Parameters=[], CommandType='"Text"', CommandTimeout='30']
SELECT [i].[InventoryId], [i].[LastUpdated], [i].[ProductId], [i].[QuantityInStock], [i].[ReorderLevel]
FROM [Inventories] AS [i]
2025-07-20 08:10:44.240 +05:30 [INF] Executing OkObjectResult, writing value of type 'System.Collections.Generic.List`1[[AuthNet.Models.Domain.Inventory, AuthNet, Version=1.0.0.0, Culture=neutral, PublicKeyToken=null]]'.
2025-07-20 08:10:44.241 +05:30 [INF] Executed action AuthNet.Controllers.InventoryController.GetAll (AuthNet) in 6.3184ms
2025-07-20 08:10:44.241 +05:30 [INF] Executed endpoint 'AuthNet.Controllers.InventoryController.GetAll (AuthNet)'
2025-07-20 08:10:44.241 +05:30 [INF] Request finished HTTP/1.1 GET https://localhost:7165/api/Inventory - 200 null application/json; charset=utf-8 7.1365ms
2025-07-20 08:10:44.260 +05:30 [INF] Request starting HTTP/1.1 GET https://localhost:7165/api/Products - null null
2025-07-20 08:10:44.260 +05:30 [INF] Executing endpoint 'AuthNet.Controllers.ProductsController.GetAll (AuthNet)'
2025-07-20 08:10:44.260 +05:30 [INF] Route matched with {action = "GetAll", controller = "Products"}. Executing controller action with signature System.Threading.Tasks.Task`1[Microsoft.AspNetCore.Mvc.IActionResult] GetAll() on controller AuthNet.Controllers.ProductsController (AuthNet).
2025-07-20 08:10:44.267 +05:30 [INF] Executed DbCommand (6ms) [Parameters=[], CommandType='"Text"', CommandTimeout='30']
SELECT [p].[ProductId], [p].[CategoryId], [p].[CostPrice], [p].[Description], [p].[Name], [p].[ProductCode], [p].[ProductKey], [p].[SellPrice], [p].[SupplierId]
FROM [Products] AS [p]
2025-07-20 08:10:44.268 +05:30 [INF] Executing OkObjectResult, writing value of type 'System.Collections.Generic.List`1[[AuthNet.Models.Domain.Product, AuthNet, Version=1.0.0.0, Culture=neutral, PublicKeyToken=null]]'.
2025-07-20 08:10:44.268 +05:30 [INF] Executed action AuthNet.Controllers.ProductsController.GetAll (AuthNet) in 7.5264ms
2025-07-20 08:10:44.268 +05:30 [INF] Executed endpoint 'AuthNet.Controllers.ProductsController.GetAll (AuthNet)'
2025-07-20 08:10:44.268 +05:30 [INF] Request finished HTTP/1.1 GET https://localhost:7165/api/Products - 200 null application/json; charset=utf-8 8.5604ms
2025-07-20 08:10:45.411 +05:30 [INF] Request starting HTTP/1.1 GET https://localhost:7165/api/Products - null null
2025-07-20 08:10:45.412 +05:30 [INF] Executing endpoint 'AuthNet.Controllers.ProductsController.GetAll (AuthNet)'
2025-07-20 08:10:45.412 +05:30 [INF] Route matched with {action = "GetAll", controller = "Products"}. Executing controller action with signature System.Threading.Tasks.Task`1[Microsoft.AspNetCore.Mvc.IActionResult] GetAll() on controller AuthNet.Controllers.ProductsController (AuthNet).
2025-07-20 08:10:45.422 +05:30 [INF] Executed DbCommand (7ms) [Parameters=[], CommandType='"Text"', CommandTimeout='30']
SELECT [p].[ProductId], [p].[CategoryId], [p].[CostPrice], [p].[Description], [p].[Name], [p].[ProductCode], [p].[ProductKey], [p].[SellPrice], [p].[SupplierId]
FROM [Products] AS [p]
2025-07-20 08:10:45.423 +05:30 [INF] Executing OkObjectResult, writing value of type 'System.Collections.Generic.List`1[[AuthNet.Models.Domain.Product, AuthNet, Version=1.0.0.0, Culture=neutral, PublicKeyToken=null]]'.
2025-07-20 08:10:45.423 +05:30 [INF] Executed action AuthNet.Controllers.ProductsController.GetAll (AuthNet) in 11.642ms
2025-07-20 08:10:45.423 +05:30 [INF] Executed endpoint 'AuthNet.Controllers.ProductsController.GetAll (AuthNet)'
2025-07-20 08:10:45.424 +05:30 [INF] Request finished HTTP/1.1 GET https://localhost:7165/api/Products - 200 null application/json; charset=utf-8 12.5372ms
2025-07-20 08:10:45.452 +05:30 [INF] Request starting HTTP/1.1 GET https://localhost:7165/api/InvoiceTemplates - null null
2025-07-20 08:10:45.452 +05:30 [INF] Executing endpoint 'AuthNet.Controllers.InvoiceTemplatesController.GetAll (AuthNet)'
2025-07-20 08:10:45.459 +05:30 [INF] Route matched with {action = "GetAll", controller = "InvoiceTemplates"}. Executing controller action with signature System.Threading.Tasks.Task`1[Microsoft.AspNetCore.Mvc.IActionResult] GetAll() on controller AuthNet.Controllers.InvoiceTemplatesController (AuthNet).
2025-07-20 08:10:45.477 +05:30 [INF] Executed DbCommand (15ms) [Parameters=[], CommandType='"Text"', CommandTimeout='30']
SELECT [i].[Id], [i].[Layout], [i].[Notes], [i].[TermsAndConditions]
FROM [InvoiceTemplates] AS [i]
2025-07-20 08:10:45.477 +05:30 [INF] Executing OkObjectResult, writing value of type 'System.Collections.Generic.List`1[[AuthNet.Models.Domain.InvoiceTemplate, AuthNet, Version=1.0.0.0, Culture=neutral, PublicKeyToken=null]]'.
2025-07-20 08:10:45.482 +05:30 [INF] Executed action AuthNet.Controllers.InvoiceTemplatesController.GetAll (AuthNet) in 22.9505ms
2025-07-20 08:10:45.483 +05:30 [INF] Executed endpoint 'AuthNet.Controllers.InvoiceTemplatesController.GetAll (AuthNet)'
2025-07-20 08:10:45.483 +05:30 [INF] Request finished HTTP/1.1 GET https://localhost:7165/api/InvoiceTemplates - 200 null application/json; charset=utf-8 31.1203ms
2025-07-20 08:10:45.496 +05:30 [INF] Request starting HTTP/1.1 GET https://localhost:7165/api/categories - null null
2025-07-20 08:10:45.496 +05:30 [INF] Executing endpoint 'AuthNet.Controllers.CategoriesController.GetAll (AuthNet)'
2025-07-20 08:10:45.500 +05:30 [INF] Route matched with {action = "GetAll", controller = "Categories"}. Executing controller action with signature System.Threading.Tasks.Task`1[Microsoft.AspNetCore.Mvc.IActionResult] GetAll() on controller AuthNet.Controllers.CategoriesController (AuthNet).
2025-07-20 08:10:45.507 +05:30 [INF] Executed DbCommand (5ms) [Parameters=[], CommandType='"Text"', CommandTimeout='30']
SELECT [c].[CategoryId], [c].[Description], [c].[Name]
FROM [Categories] AS [c]
2025-07-20 08:10:45.507 +05:30 [INF] Executing OkObjectResult, writing value of type 'System.Collections.Generic.List`1[[AuthNet.Models.Domain.Category, AuthNet, Version=1.0.0.0, Culture=neutral, PublicKeyToken=null]]'.
2025-07-20 08:10:45.508 +05:30 [INF] Executed action AuthNet.Controllers.CategoriesController.GetAll (AuthNet) in 7.9218ms
2025-07-20 08:10:45.508 +05:30 [INF] Executed endpoint 'AuthNet.Controllers.CategoriesController.GetAll (AuthNet)'
2025-07-20 08:10:45.509 +05:30 [INF] Request finished HTTP/1.1 GET https://localhost:7165/api/categories - 200 null application/json; charset=utf-8 12.8422ms
2025-07-20 08:10:45.526 +05:30 [INF] Request starting HTTP/1.1 GET https://localhost:7165/api/Settings/Get - null null
2025-07-20 08:10:45.526 +05:30 [INF] Executing endpoint 'AuthNet.Controllers.SettingsController.GetCompanyInfo (AuthNet)'
2025-07-20 08:10:45.532 +05:30 [INF] Route matched with {action = "GetCompanyInfo", controller = "Settings"}. Executing controller action with signature System.Threading.Tasks.Task`1[Microsoft.AspNetCore.Mvc.IActionResult] GetCompanyInfo() on controller AuthNet.Controllers.SettingsController (AuthNet).
2025-07-20 08:10:45.537 +05:30 [INF] Executed DbCommand (4ms) [Parameters=[], CommandType='"Text"', CommandTimeout='30']
SELECT TOP(1) [c].[Id], [c].[Address], [c].[ContactNumber], [c].[Email], [c].[GSTIN], [c].[LogoFileExtension], [c].[LogoFilePath], [c].[LogoFileSizeInBytes], [c].[LogoName], [c].[Name], [c].[SignFileExtension], [c].[SignFilePath], [c].[SignFileSizeInBytes], [c].[SignName]
FROM [CompanyInfos] AS [c]
2025-07-20 08:10:45.537 +05:30 [INF] Executing OkObjectResult, writing value of type 'AuthNet.Models.DTO.CompanyInfoResponseDto'.
2025-07-20 08:10:45.538 +05:30 [INF] Executed action AuthNet.Controllers.SettingsController.GetCompanyInfo (AuthNet) in 5.9736ms
2025-07-20 08:10:45.538 +05:30 [INF] Executed endpoint 'AuthNet.Controllers.SettingsController.GetCompanyInfo (AuthNet)'
2025-07-20 08:10:45.539 +05:30 [INF] Request finished HTTP/1.1 GET https://localhost:7165/api/Settings/Get - 200 null application/json; charset=utf-8 13.0484ms
2025-07-20 08:10:45.553 +05:30 [INF] Request starting HTTP/1.1 GET https://localhost:7165/api/TaxSettings - null null
2025-07-20 08:10:45.554 +05:30 [INF] Executing endpoint 'AuthNet.Controllers.TaxSettingsController.GetAll (AuthNet)'
2025-07-20 08:10:45.557 +05:30 [INF] Route matched with {action = "GetAll", controller = "TaxSettings"}. Executing controller action with signature System.Threading.Tasks.Task`1[Microsoft.AspNetCore.Mvc.IActionResult] GetAll() on controller AuthNet.Controllers.TaxSettingsController (AuthNet).
2025-07-20 08:10:45.562 +05:30 [INF] Executed DbCommand (3ms) [Parameters=[], CommandType='"Text"', CommandTimeout='30']
SELECT TOP(1) [t].[Id], [t].[CGST], [t].[IGST], [t].[SGST]
FROM [TaxSettings] AS [t]
2025-07-20 08:10:45.563 +05:30 [INF] Executing OkObjectResult, writing value of type 'AuthNet.Models.DTO.TaxSettingResponseDto'.
2025-07-20 08:10:45.566 +05:30 [INF] Executed action AuthNet.Controllers.TaxSettingsController.GetAll (AuthNet) in 8.9053ms
2025-07-20 08:10:45.566 +05:30 [INF] Executed endpoint 'AuthNet.Controllers.TaxSettingsController.GetAll (AuthNet)'
2025-07-20 08:10:45.567 +05:30 [INF] Request finished HTTP/1.1 GET https://localhost:7165/api/TaxSettings - 200 null application/json; charset=utf-8 13.3309ms
2025-07-20 08:10:47.171 +05:30 [INF] Request starting HTTP/1.1 GET https://localhost:7165/api/Products - null null
2025-07-20 08:10:47.172 +05:30 [INF] Executing endpoint 'AuthNet.Controllers.ProductsController.GetAll (AuthNet)'
2025-07-20 08:10:47.172 +05:30 [INF] Route matched with {action = "GetAll", controller = "Products"}. Executing controller action with signature System.Threading.Tasks.Task`1[Microsoft.AspNetCore.Mvc.IActionResult] GetAll() on controller AuthNet.Controllers.ProductsController (AuthNet).
2025-07-20 08:10:47.177 +05:30 [INF] Executed DbCommand (4ms) [Parameters=[], CommandType='"Text"', CommandTimeout='30']
SELECT [p].[ProductId], [p].[CategoryId], [p].[CostPrice], [p].[Description], [p].[Name], [p].[ProductCode], [p].[ProductKey], [p].[SellPrice], [p].[SupplierId]
FROM [Products] AS [p]
2025-07-20 08:10:47.177 +05:30 [INF] Executing OkObjectResult, writing value of type 'System.Collections.Generic.List`1[[AuthNet.Models.Domain.Product, AuthNet, Version=1.0.0.0, Culture=neutral, PublicKeyToken=null]]'.
2025-07-20 08:10:47.177 +05:30 [INF] Executed action AuthNet.Controllers.ProductsController.GetAll (AuthNet) in 5.5105ms
2025-07-20 08:10:47.178 +05:30 [INF] Executed endpoint 'AuthNet.Controllers.ProductsController.GetAll (AuthNet)'
2025-07-20 08:10:47.178 +05:30 [INF] Request finished HTTP/1.1 GET https://localhost:7165/api/Products - 200 null application/json; charset=utf-8 6.3288ms
2025-07-20 08:10:58.611 +05:30 [INF] Request starting HTTP/1.1 GET https://localhost:7165/api/Sales/DailyProfit - null null
2025-07-20 08:10:58.612 +05:30 [INF] Executing endpoint 'AuthNet.Controllers.SalesController.GetDailyProfit (AuthNet)'
2025-07-20 08:10:58.621 +05:30 [INF] Route matched with {action = "GetDailyProfit", controller = "Sales"}. Executing controller action with signature System.Threading.Tasks.Task`1[Microsoft.AspNetCore.Mvc.IActionResult] GetDailyProfit() on controller AuthNet.Controllers.SalesController (AuthNet).
2025-07-20 08:10:58.634 +05:30 [INF] Executed DbCommand (12ms) [Parameters=[@__date_Date_0='?' (DbType = DateTime2)], CommandType='"Text"', CommandTimeout='30']
SELECT [s].[Id], [s].[ProductId], [s].[ProductName], [s].[Quantity], [s].[SaleId], [s].[TotalPrice], [s].[UnitPrice], [s0].[Id], [s0].[AfterTaxAmount], [s0].[CreatedAt], [s0].[DiscountedAmount], [s0].[InvoiceDate], [s0].[InvoiceNo], [s0].[PrincipalAmount], [s0].[Template], [s0].[TotalAmount]
FROM [SaleItems] AS [s]
INNER JOIN [Sales] AS [s0] ON [s].[SaleId] = [s0].[Id]
WHERE CONVERT(date, [s0].[InvoiceDate]) = @__date_Date_0
2025-07-20 08:10:58.644 +05:30 [INF] Executed DbCommand (9ms) [Parameters=[@__productIds_0='?' (Size = 4000)], CommandType='"Text"', CommandTimeout='30']
SELECT [p].[ProductId], [p].[CategoryId], [p].[CostPrice], [p].[Description], [p].[Name], [p].[ProductCode], [p].[ProductKey], [p].[SellPrice], [p].[SupplierId]
FROM [Products] AS [p]
WHERE [p].[ProductId] IN (
    SELECT [p0].[value]
    FROM OPENJSON(@__productIds_0) WITH ([value] int '$') AS [p0]
)
2025-07-20 08:10:58.645 +05:30 [INF] Executing OkObjectResult, writing value of type 'AuthNet.Models.DTO.DailyProfitDto'.
2025-07-20 08:10:58.646 +05:30 [INF] Executed action AuthNet.Controllers.SalesController.GetDailyProfit (AuthNet) in 25.2477ms
2025-07-20 08:10:58.646 +05:30 [INF] Executed endpoint 'AuthNet.Controllers.SalesController.GetDailyProfit (AuthNet)'
2025-07-20 08:10:58.647 +05:30 [INF] Request finished HTTP/1.1 GET https://localhost:7165/api/Sales/DailyProfit - 200 null application/json; charset=utf-8 35.9283ms
2025-07-20 08:10:58.671 +05:30 [INF] Request starting HTTP/1.1 GET https://localhost:7165/api/Sales/CurrentMonthProfit - null null
2025-07-20 08:10:58.676 +05:30 [INF] Executing endpoint 'AuthNet.Controllers.SalesController.GetCurrentMonthProfit (AuthNet)'
2025-07-20 08:10:58.689 +05:30 [INF] Route matched with {action = "GetCurrentMonthProfit", controller = "Sales"}. Executing controller action with signature System.Threading.Tasks.Task`1[Microsoft.AspNetCore.Mvc.IActionResult] GetCurrentMonthProfit() on controller AuthNet.Controllers.SalesController (AuthNet).
2025-07-20 08:10:58.703 +05:30 [INF] Executed DbCommand (12ms) [Parameters=[@__currentYear_0='?' (DbType = Int32), @__currentMonth_1='?' (DbType = Int32)], CommandType='"Text"', CommandTimeout='30']
SELECT [s].[Id], [s].[ProductId], [s].[ProductName], [s].[Quantity], [s].[SaleId], [s].[TotalPrice], [s].[UnitPrice], [s0].[Id], [s0].[AfterTaxAmount], [s0].[CreatedAt], [s0].[DiscountedAmount], [s0].[InvoiceDate], [s0].[InvoiceNo], [s0].[PrincipalAmount], [s0].[Template], [s0].[TotalAmount]
FROM [SaleItems] AS [s]
INNER JOIN [Sales] AS [s0] ON [s].[SaleId] = [s0].[Id]
WHERE DATEPART(year, [s0].[InvoiceDate]) = @__currentYear_0 AND DATEPART(month, [s0].[InvoiceDate]) = @__currentMonth_1
2025-07-20 08:10:58.705 +05:30 [INF] Executed DbCommand (1ms) [Parameters=[@__productIds_0='?' (Size = 4000)], CommandType='"Text"', CommandTimeout='30']
SELECT [p].[ProductId], [p].[CategoryId], [p].[CostPrice], [p].[Description], [p].[Name], [p].[ProductCode], [p].[ProductKey], [p].[SellPrice], [p].[SupplierId]
FROM [Products] AS [p]
WHERE [p].[ProductId] IN (
    SELECT [p0].[value]
    FROM OPENJSON(@__productIds_0) WITH ([value] int '$') AS [p0]
)
2025-07-20 08:10:58.706 +05:30 [INF] Executing OkObjectResult, writing value of type 'AuthNet.Models.DTO.MonthlyProfitDto'.
2025-07-20 08:10:58.707 +05:30 [INF] Executed action AuthNet.Controllers.SalesController.GetCurrentMonthProfit (AuthNet) in 17.9966ms
2025-07-20 08:10:58.707 +05:30 [INF] Executed endpoint 'AuthNet.Controllers.SalesController.GetCurrentMonthProfit (AuthNet)'
2025-07-20 08:10:58.707 +05:30 [INF] Request finished HTTP/1.1 GET https://localhost:7165/api/Sales/CurrentMonthProfit - 200 null application/json; charset=utf-8 36.5042ms
2025-07-20 08:10:58.723 +05:30 [INF] Request starting HTTP/1.1 GET https://localhost:7165/api/Sales/CurrentYearProfit - null null
2025-07-20 08:10:58.723 +05:30 [INF] Executing endpoint 'AuthNet.Controllers.SalesController.GetCurrentYearProfit (AuthNet)'
2025-07-20 08:10:58.729 +05:30 [INF] Route matched with {action = "GetCurrentYearProfit", controller = "Sales"}. Executing controller action with signature System.Threading.Tasks.Task`1[Microsoft.AspNetCore.Mvc.IActionResult] GetCurrentYearProfit() on controller AuthNet.Controllers.SalesController (AuthNet).
2025-07-20 08:10:58.737 +05:30 [INF] Executed DbCommand (7ms) [Parameters=[@__currentYear_0='?' (DbType = Int32)], CommandType='"Text"', CommandTimeout='30']
SELECT [s].[Id], [s].[ProductId], [s].[ProductName], [s].[Quantity], [s].[SaleId], [s].[TotalPrice], [s].[UnitPrice], [s0].[Id], [s0].[AfterTaxAmount], [s0].[CreatedAt], [s0].[DiscountedAmount], [s0].[InvoiceDate], [s0].[InvoiceNo], [s0].[PrincipalAmount], [s0].[Template], [s0].[TotalAmount]
FROM [SaleItems] AS [s]
INNER JOIN [Sales] AS [s0] ON [s].[SaleId] = [s0].[Id]
WHERE DATEPART(year, [s0].[InvoiceDate]) = @__currentYear_0
2025-07-20 08:10:58.740 +05:30 [INF] Executed DbCommand (2ms) [Parameters=[@__productIds_0='?' (Size = 4000)], CommandType='"Text"', CommandTimeout='30']
SELECT [p].[ProductId], [p].[CategoryId], [p].[CostPrice], [p].[Description], [p].[Name], [p].[ProductCode], [p].[ProductKey], [p].[SellPrice], [p].[SupplierId]
FROM [Products] AS [p]
WHERE [p].[ProductId] IN (
    SELECT [p0].[value]
    FROM OPENJSON(@__productIds_0) WITH ([value] int '$') AS [p0]
)
2025-07-20 08:10:58.741 +05:30 [INF] Executing OkObjectResult, writing value of type 'AuthNet.Models.DTO.YearlyProfitDto'.
2025-07-20 08:10:58.742 +05:30 [INF] Executed action AuthNet.Controllers.SalesController.GetCurrentYearProfit (AuthNet) in 13.5856ms
2025-07-20 08:10:58.743 +05:30 [INF] Executed endpoint 'AuthNet.Controllers.SalesController.GetCurrentYearProfit (AuthNet)'
2025-07-20 08:10:58.743 +05:30 [INF] Request finished HTTP/1.1 GET https://localhost:7165/api/Sales/CurrentYearProfit - 200 null application/json; charset=utf-8 20.4848ms
2025-07-20 08:10:58.760 +05:30 [INF] Request starting HTTP/1.1 GET https://localhost:7165/api/Tasks - null null
2025-07-20 08:10:58.761 +05:30 [INF] Executing endpoint 'AuthNet.Controllers.TasksController.GetTasks (AuthNet)'
2025-07-20 08:10:58.762 +05:30 [INF] Route matched with {action = "GetTasks", controller = "Tasks"}. Executing controller action with signature Microsoft.AspNetCore.Mvc.IActionResult GetTasks() on controller AuthNet.Controllers.TasksController (AuthNet).
2025-07-20 08:10:58.765 +05:30 [INF] Executed DbCommand (2ms) [Parameters=[], CommandType='"Text"', CommandTimeout='30']
SELECT [t].[Id], [t].[Title], [t].[DueDate]
FROM [Tasks] AS [t]
2025-07-20 08:10:58.766 +05:30 [INF] Executing OkObjectResult, writing value of type 'System.Collections.Generic.List`1[[AuthNet.Models.DTO.TaskItemDto, AuthNet, Version=1.0.0.0, Culture=neutral, PublicKeyToken=null]]'.
2025-07-20 08:10:58.767 +05:30 [INF] Executed action AuthNet.Controllers.TasksController.GetTasks (AuthNet) in 4.882ms
2025-07-20 08:10:58.767 +05:30 [INF] Executed endpoint 'AuthNet.Controllers.TasksController.GetTasks (AuthNet)'
2025-07-20 08:10:58.767 +05:30 [INF] Request finished HTTP/1.1 GET https://localhost:7165/api/Tasks - 200 null application/json; charset=utf-8 7.2232ms
2025-07-20 08:10:58.781 +05:30 [INF] Request starting HTTP/1.1 GET https://localhost:7165/api/Settings/Get - null null
2025-07-20 08:10:58.783 +05:30 [INF] Executing endpoint 'AuthNet.Controllers.SettingsController.GetCompanyInfo (AuthNet)'
2025-07-20 08:10:58.783 +05:30 [INF] Route matched with {action = "GetCompanyInfo", controller = "Settings"}. Executing controller action with signature System.Threading.Tasks.Task`1[Microsoft.AspNetCore.Mvc.IActionResult] GetCompanyInfo() on controller AuthNet.Controllers.SettingsController (AuthNet).
2025-07-20 08:10:58.788 +05:30 [INF] Executed DbCommand (4ms) [Parameters=[], CommandType='"Text"', CommandTimeout='30']
SELECT TOP(1) [c].[Id], [c].[Address], [c].[ContactNumber], [c].[Email], [c].[GSTIN], [c].[LogoFileExtension], [c].[LogoFilePath], [c].[LogoFileSizeInBytes], [c].[LogoName], [c].[Name], [c].[SignFileExtension], [c].[SignFilePath], [c].[SignFileSizeInBytes], [c].[SignName]
FROM [CompanyInfos] AS [c]
2025-07-20 08:10:58.788 +05:30 [INF] Executing OkObjectResult, writing value of type 'AuthNet.Models.DTO.CompanyInfoResponseDto'.
2025-07-20 08:10:58.788 +05:30 [INF] Executed action AuthNet.Controllers.SettingsController.GetCompanyInfo (AuthNet) in 5.4747ms
2025-07-20 08:10:58.789 +05:30 [INF] Executed endpoint 'AuthNet.Controllers.SettingsController.GetCompanyInfo (AuthNet)'
2025-07-20 08:10:58.789 +05:30 [INF] Request finished HTTP/1.1 GET https://localhost:7165/api/Settings/Get - 200 null application/json; charset=utf-8 7.7091ms
2025-07-20 08:10:58.903 +05:30 [INF] Request starting HTTP/2 GET https://localhost:7165/api/Sales/WeeklyProfit - null null
2025-07-20 08:10:58.903 +05:30 [INF] Request starting HTTP/2 GET https://localhost:7165/api/Products/CategoryWiseProductCount - null null
2025-07-20 08:10:58.903 +05:30 [INF] CORS policy execution successful.
2025-07-20 08:10:58.904 +05:30 [INF] Executing endpoint 'AuthNet.Controllers.SalesController.GetWeeklyProfit (AuthNet)'
2025-07-20 08:10:58.904 +05:30 [INF] CORS policy execution successful.
2025-07-20 08:10:58.905 +05:30 [INF] Executing endpoint 'AuthNet.Controllers.ProductsController.GetCategoryWiseProductCount (AuthNet)'
2025-07-20 08:10:58.910 +05:30 [INF] Route matched with {action = "GetWeeklyProfit", controller = "Sales"}. Executing controller action with signature System.Threading.Tasks.Task`1[Microsoft.AspNetCore.Mvc.IActionResult] GetWeeklyProfit() on controller AuthNet.Controllers.SalesController (AuthNet).
2025-07-20 08:10:58.912 +05:30 [INF] Route matched with {action = "GetCategoryWiseProductCount", controller = "Products"}. Executing controller action with signature System.Threading.Tasks.Task`1[Microsoft.AspNetCore.Mvc.IActionResult] GetCategoryWiseProductCount() on controller AuthNet.Controllers.ProductsController (AuthNet).
2025-07-20 08:10:58.937 +05:30 [INF] Executed DbCommand (25ms) [Parameters=[@__startDate_0='?' (DbType = DateTime2), @__endDate_1='?' (DbType = DateTime2)], CommandType='"Text"', CommandTimeout='30']
SELECT [s].[Id], [s].[ProductId], [s].[ProductName], [s].[Quantity], [s].[SaleId], [s].[TotalPrice], [s].[UnitPrice], [s0].[Id], [s0].[AfterTaxAmount], [s0].[CreatedAt], [s0].[DiscountedAmount], [s0].[InvoiceDate], [s0].[InvoiceNo], [s0].[PrincipalAmount], [s0].[Template], [s0].[TotalAmount]
FROM [SaleItems] AS [s]
INNER JOIN [Sales] AS [s0] ON [s].[SaleId] = [s0].[Id]
WHERE CONVERT(date, [s0].[InvoiceDate]) >= @__startDate_0 AND CONVERT(date, [s0].[InvoiceDate]) <= @__endDate_1
2025-07-20 08:10:58.949 +05:30 [INF] Executed DbCommand (9ms) [Parameters=[@__productIds_0='?' (Size = 4000)], CommandType='"Text"', CommandTimeout='30']
SELECT [p].[ProductId], [p].[CategoryId], [p].[CostPrice], [p].[Description], [p].[Name], [p].[ProductCode], [p].[ProductKey], [p].[SellPrice], [p].[SupplierId]
FROM [Products] AS [p]
WHERE [p].[ProductId] IN (
    SELECT [p0].[value]
    FROM OPENJSON(@__productIds_0) WITH ([value] int '$') AS [p0]
)
2025-07-20 08:10:58.949 +05:30 [INF] Executing OkObjectResult, writing value of type 'System.Collections.Generic.List`1[[AuthNet.Models.DTO.DailyProfitDto, AuthNet, Version=1.0.0.0, Culture=neutral, PublicKeyToken=null]]'.
2025-07-20 08:10:58.950 +05:30 [INF] Executed action AuthNet.Controllers.SalesController.GetWeeklyProfit (AuthNet) in 39.8702ms
2025-07-20 08:10:58.950 +05:30 [INF] Executed endpoint 'AuthNet.Controllers.SalesController.GetWeeklyProfit (AuthNet)'
2025-07-20 08:10:58.950 +05:30 [INF] Request finished HTTP/2 GET https://localhost:7165/api/Sales/WeeklyProfit - 200 null application/json; charset=utf-8 47.2698ms
2025-07-20 08:10:58.975 +05:30 [INF] Executed DbCommand (13ms) [Parameters=[], CommandType='"Text"', CommandTimeout='30']
SELECT [c].[Name] AS [CategoryName], COUNT(*) AS [ProductCount]
FROM [Products] AS [p]
LEFT JOIN [Categories] AS [c] ON [p].[CategoryId] = [c].[CategoryId]
WHERE [c].[CategoryId] IS NOT NULL
GROUP BY [c].[Name]
2025-07-20 08:10:58.975 +05:30 [INF] Executing OkObjectResult, writing value of type 'System.Collections.Generic.List`1[[AuthNet.Models.DTO.CategoryProductCountDto, AuthNet, Version=1.0.0.0, Culture=neutral, PublicKeyToken=null]]'.
2025-07-20 08:10:58.976 +05:30 [INF] Executed action AuthNet.Controllers.ProductsController.GetCategoryWiseProductCount (AuthNet) in 64.3372ms
2025-07-20 08:10:58.978 +05:30 [INF] Executed endpoint 'AuthNet.Controllers.ProductsController.GetCategoryWiseProductCount (AuthNet)'
2025-07-20 08:10:58.978 +05:30 [INF] Request finished HTTP/2 GET https://localhost:7165/api/Products/CategoryWiseProductCount - 200 null application/json; charset=utf-8 74.6542ms
2025-07-20 08:13:57.875 +05:30 [INF] Request starting HTTP/2 GET https://localhost:7165/swagger/index.html - null null
2025-07-20 08:13:57.887 +05:30 [INF] Request finished HTTP/2 GET https://localhost:7165/swagger/index.html - 200 null text/html;charset=utf-8 12.4201ms
2025-07-20 08:13:57.909 +05:30 [INF] Request starting HTTP/2 GET https://localhost:7165/_vs/browserLink - null null
2025-07-20 08:13:57.919 +05:30 [INF] Request starting HTTP/2 GET https://localhost:7165/_framework/aspnetcore-browser-refresh.js - null null
2025-07-20 08:13:57.923 +05:30 [INF] Request finished HTTP/2 GET https://localhost:7165/_framework/aspnetcore-browser-refresh.js - 200 16499 application/javascript; charset=utf-8 3.9064ms
2025-07-20 08:13:57.934 +05:30 [INF] Request finished HTTP/2 GET https://localhost:7165/_vs/browserLink - 200 null text/javascript; charset=UTF-8 24.829ms
2025-07-20 08:13:58.029 +05:30 [INF] Request starting HTTP/1.1 GET https://localhost:7165/api/Sales/DailyProfit - null null
2025-07-20 08:13:58.030 +05:30 [INF] Executing endpoint 'AuthNet.Controllers.SalesController.GetDailyProfit (AuthNet)'
2025-07-20 08:13:58.036 +05:30 [INF] Route matched with {action = "GetDailyProfit", controller = "Sales"}. Executing controller action with signature System.Threading.Tasks.Task`1[Microsoft.AspNetCore.Mvc.IActionResult] GetDailyProfit() on controller AuthNet.Controllers.SalesController (AuthNet).
2025-07-20 08:13:58.059 +05:30 [INF] Executed DbCommand (22ms) [Parameters=[@__date_Date_0='?' (DbType = DateTime2)], CommandType='"Text"', CommandTimeout='30']
SELECT [s].[Id], [s].[ProductId], [s].[ProductName], [s].[Quantity], [s].[SaleId], [s].[TotalPrice], [s].[UnitPrice], [s0].[Id], [s0].[AfterTaxAmount], [s0].[CreatedAt], [s0].[DiscountedAmount], [s0].[InvoiceDate], [s0].[InvoiceNo], [s0].[PrincipalAmount], [s0].[Template], [s0].[TotalAmount]
FROM [SaleItems] AS [s]
INNER JOIN [Sales] AS [s0] ON [s].[SaleId] = [s0].[Id]
WHERE CONVERT(date, [s0].[InvoiceDate]) = @__date_Date_0
2025-07-20 08:13:58.072 +05:30 [INF] Executed DbCommand (11ms) [Parameters=[@__productIds_0='?' (Size = 4000)], CommandType='"Text"', CommandTimeout='30']
SELECT [p].[ProductId], [p].[CategoryId], [p].[CostPrice], [p].[Description], [p].[Name], [p].[ProductCode], [p].[ProductKey], [p].[SellPrice], [p].[SupplierId]
FROM [Products] AS [p]
WHERE [p].[ProductId] IN (
    SELECT [p0].[value]
    FROM OPENJSON(@__productIds_0) WITH ([value] int '$') AS [p0]
)
2025-07-20 08:13:58.072 +05:30 [INF] Executing OkObjectResult, writing value of type 'AuthNet.Models.DTO.DailyProfitDto'.
2025-07-20 08:13:58.073 +05:30 [INF] Executed action AuthNet.Controllers.SalesController.GetDailyProfit (AuthNet) in 37.4447ms
2025-07-20 08:13:58.073 +05:30 [INF] Executed endpoint 'AuthNet.Controllers.SalesController.GetDailyProfit (AuthNet)'
2025-07-20 08:13:58.073 +05:30 [INF] Request finished HTTP/1.1 GET https://localhost:7165/api/Sales/DailyProfit - 200 null application/json; charset=utf-8 44.4253ms
2025-07-20 08:13:58.093 +05:30 [INF] Request starting HTTP/1.1 GET https://localhost:7165/api/Sales/CurrentMonthProfit - null null
2025-07-20 08:13:58.099 +05:30 [INF] Executing endpoint 'AuthNet.Controllers.SalesController.GetCurrentMonthProfit (AuthNet)'
2025-07-20 08:13:58.104 +05:30 [INF] Route matched with {action = "GetCurrentMonthProfit", controller = "Sales"}. Executing controller action with signature System.Threading.Tasks.Task`1[Microsoft.AspNetCore.Mvc.IActionResult] GetCurrentMonthProfit() on controller AuthNet.Controllers.SalesController (AuthNet).
2025-07-20 08:13:58.129 +05:30 [INF] Executed DbCommand (21ms) [Parameters=[@__currentYear_0='?' (DbType = Int32), @__currentMonth_1='?' (DbType = Int32)], CommandType='"Text"', CommandTimeout='30']
SELECT [s].[Id], [s].[ProductId], [s].[ProductName], [s].[Quantity], [s].[SaleId], [s].[TotalPrice], [s].[UnitPrice], [s0].[Id], [s0].[AfterTaxAmount], [s0].[CreatedAt], [s0].[DiscountedAmount], [s0].[InvoiceDate], [s0].[InvoiceNo], [s0].[PrincipalAmount], [s0].[Template], [s0].[TotalAmount]
FROM [SaleItems] AS [s]
INNER JOIN [Sales] AS [s0] ON [s].[SaleId] = [s0].[Id]
WHERE DATEPART(year, [s0].[InvoiceDate]) = @__currentYear_0 AND DATEPART(month, [s0].[InvoiceDate]) = @__currentMonth_1
2025-07-20 08:13:58.132 +05:30 [INF] Executed DbCommand (2ms) [Parameters=[@__productIds_0='?' (Size = 4000)], CommandType='"Text"', CommandTimeout='30']
SELECT [p].[ProductId], [p].[CategoryId], [p].[CostPrice], [p].[Description], [p].[Name], [p].[ProductCode], [p].[ProductKey], [p].[SellPrice], [p].[SupplierId]
FROM [Products] AS [p]
WHERE [p].[ProductId] IN (
    SELECT [p0].[value]
    FROM OPENJSON(@__productIds_0) WITH ([value] int '$') AS [p0]
)
2025-07-20 08:13:58.132 +05:30 [INF] Executing OkObjectResult, writing value of type 'AuthNet.Models.DTO.MonthlyProfitDto'.
2025-07-20 08:13:58.134 +05:30 [INF] Executed action AuthNet.Controllers.SalesController.GetCurrentMonthProfit (AuthNet) in 30.2547ms
2025-07-20 08:13:58.134 +05:30 [INF] Executed endpoint 'AuthNet.Controllers.SalesController.GetCurrentMonthProfit (AuthNet)'
2025-07-20 08:13:58.134 +05:30 [INF] Request finished HTTP/1.1 GET https://localhost:7165/api/Sales/CurrentMonthProfit - 200 null application/json; charset=utf-8 41.6353ms
2025-07-20 08:13:58.195 +05:30 [INF] Request starting HTTP/1.1 GET https://localhost:7165/api/Sales/CurrentYearProfit - null null
2025-07-20 08:13:58.196 +05:30 [INF] Executing endpoint 'AuthNet.Controllers.SalesController.GetCurrentYearProfit (AuthNet)'
2025-07-20 08:13:58.200 +05:30 [INF] Route matched with {action = "GetCurrentYearProfit", controller = "Sales"}. Executing controller action with signature System.Threading.Tasks.Task`1[Microsoft.AspNetCore.Mvc.IActionResult] GetCurrentYearProfit() on controller AuthNet.Controllers.SalesController (AuthNet).
2025-07-20 08:13:58.220 +05:30 [INF] Executed DbCommand (19ms) [Parameters=[@__currentYear_0='?' (DbType = Int32)], CommandType='"Text"', CommandTimeout='30']
SELECT [s].[Id], [s].[ProductId], [s].[ProductName], [s].[Quantity], [s].[SaleId], [s].[TotalPrice], [s].[UnitPrice], [s0].[Id], [s0].[AfterTaxAmount], [s0].[CreatedAt], [s0].[DiscountedAmount], [s0].[InvoiceDate], [s0].[InvoiceNo], [s0].[PrincipalAmount], [s0].[Template], [s0].[TotalAmount]
FROM [SaleItems] AS [s]
INNER JOIN [Sales] AS [s0] ON [s].[SaleId] = [s0].[Id]
WHERE DATEPART(year, [s0].[InvoiceDate]) = @__currentYear_0
2025-07-20 08:13:58.492 +05:30 [INF] Executed DbCommand (270ms) [Parameters=[@__productIds_0='?' (Size = 4000)], CommandType='"Text"', CommandTimeout='30']
SELECT [p].[ProductId], [p].[CategoryId], [p].[CostPrice], [p].[Description], [p].[Name], [p].[ProductCode], [p].[ProductKey], [p].[SellPrice], [p].[SupplierId]
FROM [Products] AS [p]
WHERE [p].[ProductId] IN (
    SELECT [p0].[value]
    FROM OPENJSON(@__productIds_0) WITH ([value] int '$') AS [p0]
)
2025-07-20 08:13:58.492 +05:30 [INF] Executing OkObjectResult, writing value of type 'AuthNet.Models.DTO.YearlyProfitDto'.
2025-07-20 08:13:58.493 +05:30 [INF] Executed action AuthNet.Controllers.SalesController.GetCurrentYearProfit (AuthNet) in 293.5216ms
2025-07-20 08:13:58.493 +05:30 [INF] Executed endpoint 'AuthNet.Controllers.SalesController.GetCurrentYearProfit (AuthNet)'
2025-07-20 08:13:58.494 +05:30 [INF] Request finished HTTP/1.1 GET https://localhost:7165/api/Sales/CurrentYearProfit - 200 null application/json; charset=utf-8 298.7216ms
2025-07-20 08:13:58.531 +05:30 [INF] Request starting HTTP/1.1 GET https://localhost:7165/api/Tasks - null null
2025-07-20 08:13:58.531 +05:30 [INF] Executing endpoint 'AuthNet.Controllers.TasksController.GetTasks (AuthNet)'
2025-07-20 08:13:58.533 +05:30 [INF] Route matched with {action = "GetTasks", controller = "Tasks"}. Executing controller action with signature Microsoft.AspNetCore.Mvc.IActionResult GetTasks() on controller AuthNet.Controllers.TasksController (AuthNet).
2025-07-20 08:13:58.539 +05:30 [INF] Executed DbCommand (5ms) [Parameters=[], CommandType='"Text"', CommandTimeout='30']
SELECT [t].[Id], [t].[Title], [t].[DueDate]
FROM [Tasks] AS [t]
2025-07-20 08:13:58.540 +05:30 [INF] Executing OkObjectResult, writing value of type 'System.Collections.Generic.List`1[[AuthNet.Models.DTO.TaskItemDto, AuthNet, Version=1.0.0.0, Culture=neutral, PublicKeyToken=null]]'.
2025-07-20 08:13:58.542 +05:30 [INF] Executed action AuthNet.Controllers.TasksController.GetTasks (AuthNet) in 8.8541ms
2025-07-20 08:13:58.542 +05:30 [INF] Executed endpoint 'AuthNet.Controllers.TasksController.GetTasks (AuthNet)'
2025-07-20 08:13:58.542 +05:30 [INF] Request finished HTTP/1.1 GET https://localhost:7165/api/Tasks - 200 null application/json; charset=utf-8 11.4906ms
2025-07-20 08:13:58.563 +05:30 [INF] Request starting HTTP/1.1 GET https://localhost:7165/api/Settings/Get - null null
2025-07-20 08:13:58.563 +05:30 [INF] Executing endpoint 'AuthNet.Controllers.SettingsController.GetCompanyInfo (AuthNet)'
2025-07-20 08:13:58.569 +05:30 [INF] Route matched with {action = "GetCompanyInfo", controller = "Settings"}. Executing controller action with signature System.Threading.Tasks.Task`1[Microsoft.AspNetCore.Mvc.IActionResult] GetCompanyInfo() on controller AuthNet.Controllers.SettingsController (AuthNet).
2025-07-20 08:13:58.581 +05:30 [INF] Executed DbCommand (10ms) [Parameters=[], CommandType='"Text"', CommandTimeout='30']
SELECT TOP(1) [c].[Id], [c].[Address], [c].[ContactNumber], [c].[Email], [c].[GSTIN], [c].[LogoFileExtension], [c].[LogoFilePath], [c].[LogoFileSizeInBytes], [c].[LogoName], [c].[Name], [c].[SignFileExtension], [c].[SignFilePath], [c].[SignFileSizeInBytes], [c].[SignName]
FROM [CompanyInfos] AS [c]
2025-07-20 08:13:58.581 +05:30 [INF] Executing OkObjectResult, writing value of type 'AuthNet.Models.DTO.CompanyInfoResponseDto'.
2025-07-20 08:13:58.584 +05:30 [INF] Executed action AuthNet.Controllers.SettingsController.GetCompanyInfo (AuthNet) in 15.3248ms
2025-07-20 08:13:58.584 +05:30 [INF] Executed endpoint 'AuthNet.Controllers.SettingsController.GetCompanyInfo (AuthNet)'
2025-07-20 08:13:58.585 +05:30 [INF] Request finished HTTP/1.1 GET https://localhost:7165/api/Settings/Get - 200 null application/json; charset=utf-8 22.0713ms
2025-07-20 08:13:58.596 +05:30 [INF] Request starting HTTP/2 GET https://localhost:7165/swagger/v1/swagger.json - null null
2025-07-20 08:13:58.730 +05:30 [INF] Request finished HTTP/2 GET https://localhost:7165/swagger/v1/swagger.json - 200 null application/json;charset=utf-8 133.7556ms
2025-07-20 08:13:58.778 +05:30 [INF] Request starting HTTP/2 GET https://localhost:7165/api/Sales/WeeklyProfit - null null
2025-07-20 08:13:58.779 +05:30 [INF] CORS policy execution successful.
2025-07-20 08:13:58.779 +05:30 [INF] Executing endpoint 'AuthNet.Controllers.SalesController.GetWeeklyProfit (AuthNet)'
2025-07-20 08:13:58.780 +05:30 [INF] Request starting HTTP/2 GET https://localhost:7165/api/Products/CategoryWiseProductCount - null null
2025-07-20 08:13:58.781 +05:30 [INF] CORS policy execution successful.
2025-07-20 08:13:58.782 +05:30 [INF] Executing endpoint 'AuthNet.Controllers.ProductsController.GetCategoryWiseProductCount (AuthNet)'
2025-07-20 08:13:58.785 +05:30 [INF] Route matched with {action = "GetWeeklyProfit", controller = "Sales"}. Executing controller action with signature System.Threading.Tasks.Task`1[Microsoft.AspNetCore.Mvc.IActionResult] GetWeeklyProfit() on controller AuthNet.Controllers.SalesController (AuthNet).
2025-07-20 08:13:58.797 +05:30 [INF] Route matched with {action = "GetCategoryWiseProductCount", controller = "Products"}. Executing controller action with signature System.Threading.Tasks.Task`1[Microsoft.AspNetCore.Mvc.IActionResult] GetCategoryWiseProductCount() on controller AuthNet.Controllers.ProductsController (AuthNet).
2025-07-20 08:13:58.813 +05:30 [INF] Executed DbCommand (25ms) [Parameters=[@__startDate_0='?' (DbType = DateTime2), @__endDate_1='?' (DbType = DateTime2)], CommandType='"Text"', CommandTimeout='30']
SELECT [s].[Id], [s].[ProductId], [s].[ProductName], [s].[Quantity], [s].[SaleId], [s].[TotalPrice], [s].[UnitPrice], [s0].[Id], [s0].[AfterTaxAmount], [s0].[CreatedAt], [s0].[DiscountedAmount], [s0].[InvoiceDate], [s0].[InvoiceNo], [s0].[PrincipalAmount], [s0].[Template], [s0].[TotalAmount]
FROM [SaleItems] AS [s]
INNER JOIN [Sales] AS [s0] ON [s].[SaleId] = [s0].[Id]
WHERE CONVERT(date, [s0].[InvoiceDate]) >= @__startDate_0 AND CONVERT(date, [s0].[InvoiceDate]) <= @__endDate_1
2025-07-20 08:13:58.829 +05:30 [INF] Executed DbCommand (28ms) [Parameters=[], CommandType='"Text"', CommandTimeout='30']
SELECT [c].[Name] AS [CategoryName], COUNT(*) AS [ProductCount]
FROM [Products] AS [p]
LEFT JOIN [Categories] AS [c] ON [p].[CategoryId] = [c].[CategoryId]
WHERE [c].[CategoryId] IS NOT NULL
GROUP BY [c].[Name]
2025-07-20 08:13:58.843 +05:30 [INF] Executing OkObjectResult, writing value of type 'System.Collections.Generic.List`1[[AuthNet.Models.DTO.CategoryProductCountDto, AuthNet, Version=1.0.0.0, Culture=neutral, PublicKeyToken=null]]'.
2025-07-20 08:13:58.844 +05:30 [INF] Executed DbCommand (24ms) [Parameters=[@__productIds_0='?' (Size = 4000)], CommandType='"Text"', CommandTimeout='30']
SELECT [p].[ProductId], [p].[CategoryId], [p].[CostPrice], [p].[Description], [p].[Name], [p].[ProductCode], [p].[ProductKey], [p].[SellPrice], [p].[SupplierId]
FROM [Products] AS [p]
WHERE [p].[ProductId] IN (
    SELECT [p0].[value]
    FROM OPENJSON(@__productIds_0) WITH ([value] int '$') AS [p0]
)
2025-07-20 08:13:58.844 +05:30 [INF] Executing OkObjectResult, writing value of type 'System.Collections.Generic.List`1[[AuthNet.Models.DTO.DailyProfitDto, AuthNet, Version=1.0.0.0, Culture=neutral, PublicKeyToken=null]]'.
2025-07-20 08:13:58.844 +05:30 [INF] Executed action AuthNet.Controllers.ProductsController.GetCategoryWiseProductCount (AuthNet) in 47.145ms
2025-07-20 08:13:58.844 +05:30 [INF] Executed action AuthNet.Controllers.SalesController.GetWeeklyProfit (AuthNet) in 58.9247ms
2025-07-20 08:13:58.844 +05:30 [INF] Executed endpoint 'AuthNet.Controllers.ProductsController.GetCategoryWiseProductCount (AuthNet)'
2025-07-20 08:13:58.844 +05:30 [INF] Executed endpoint 'AuthNet.Controllers.SalesController.GetWeeklyProfit (AuthNet)'
2025-07-20 08:13:58.845 +05:30 [INF] Request finished HTTP/2 GET https://localhost:7165/api/Sales/WeeklyProfit - 200 null application/json; charset=utf-8 66.307ms
2025-07-20 08:13:58.845 +05:30 [INF] Request finished HTTP/2 GET https://localhost:7165/api/Products/CategoryWiseProductCount - 200 null application/json; charset=utf-8 64.2621ms
2025-07-20 08:15:53.588 +05:30 [INF] Request starting HTTP/2 GET https://localhost:7165/swagger/index.html - null null
2025-07-20 08:15:53.598 +05:30 [INF] Request finished HTTP/2 GET https://localhost:7165/swagger/index.html - 200 null text/html;charset=utf-8 9.8894ms
2025-07-20 08:15:53.636 +05:30 [INF] Request starting HTTP/2 GET https://localhost:7165/_vs/browserLink - null null
2025-07-20 08:15:53.639 +05:30 [INF] Request starting HTTP/2 GET https://localhost:7165/_framework/aspnetcore-browser-refresh.js - null null
2025-07-20 08:15:53.641 +05:30 [INF] Request finished HTTP/2 GET https://localhost:7165/_framework/aspnetcore-browser-refresh.js - 200 16499 application/javascript; charset=utf-8 2.5742ms
2025-07-20 08:15:53.701 +05:30 [INF] Request finished HTTP/2 GET https://localhost:7165/_vs/browserLink - 200 null text/javascript; charset=UTF-8 65.4577ms
2025-07-20 08:15:53.807 +05:30 [INF] Request starting HTTP/1.1 GET https://localhost:7165/api/Sales/DailyProfit - null null
2025-07-20 08:15:53.808 +05:30 [INF] Executing endpoint 'AuthNet.Controllers.SalesController.GetDailyProfit (AuthNet)'
2025-07-20 08:15:53.815 +05:30 [INF] Route matched with {action = "GetDailyProfit", controller = "Sales"}. Executing controller action with signature System.Threading.Tasks.Task`1[Microsoft.AspNetCore.Mvc.IActionResult] GetDailyProfit() on controller AuthNet.Controllers.SalesController (AuthNet).
2025-07-20 08:15:53.844 +05:30 [INF] Executed DbCommand (26ms) [Parameters=[@__date_Date_0='?' (DbType = DateTime2)], CommandType='"Text"', CommandTimeout='30']
SELECT [s].[Id], [s].[ProductId], [s].[ProductName], [s].[Quantity], [s].[SaleId], [s].[TotalPrice], [s].[UnitPrice], [s0].[Id], [s0].[AfterTaxAmount], [s0].[CreatedAt], [s0].[DiscountedAmount], [s0].[InvoiceDate], [s0].[InvoiceNo], [s0].[PrincipalAmount], [s0].[Template], [s0].[TotalAmount]
FROM [SaleItems] AS [s]
INNER JOIN [Sales] AS [s0] ON [s].[SaleId] = [s0].[Id]
WHERE CONVERT(date, [s0].[InvoiceDate]) = @__date_Date_0
2025-07-20 08:15:53.888 +05:30 [INF] Executed DbCommand (43ms) [Parameters=[@__productIds_0='?' (Size = 4000)], CommandType='"Text"', CommandTimeout='30']
SELECT [p].[ProductId], [p].[CategoryId], [p].[CostPrice], [p].[Description], [p].[Name], [p].[ProductCode], [p].[ProductKey], [p].[SellPrice], [p].[SupplierId]
FROM [Products] AS [p]
WHERE [p].[ProductId] IN (
    SELECT [p0].[value]
    FROM OPENJSON(@__productIds_0) WITH ([value] int '$') AS [p0]
)
2025-07-20 08:15:53.889 +05:30 [INF] Executing OkObjectResult, writing value of type 'AuthNet.Models.DTO.DailyProfitDto'.
2025-07-20 08:15:53.891 +05:30 [INF] Executed action AuthNet.Controllers.SalesController.GetDailyProfit (AuthNet) in 75.747ms
2025-07-20 08:15:53.891 +05:30 [INF] Executed endpoint 'AuthNet.Controllers.SalesController.GetDailyProfit (AuthNet)'
2025-07-20 08:15:53.892 +05:30 [INF] Request finished HTTP/1.1 GET https://localhost:7165/api/Sales/DailyProfit - 200 null application/json; charset=utf-8 84.6417ms
2025-07-20 08:15:53.915 +05:30 [INF] Request starting HTTP/1.1 GET https://localhost:7165/api/Sales/CurrentMonthProfit - null null
2025-07-20 08:15:53.926 +05:30 [INF] Executing endpoint 'AuthNet.Controllers.SalesController.GetCurrentMonthProfit (AuthNet)'
2025-07-20 08:15:53.938 +05:30 [INF] Route matched with {action = "GetCurrentMonthProfit", controller = "Sales"}. Executing controller action with signature System.Threading.Tasks.Task`1[Microsoft.AspNetCore.Mvc.IActionResult] GetCurrentMonthProfit() on controller AuthNet.Controllers.SalesController (AuthNet).
2025-07-20 08:15:53.958 +05:30 [INF] Executed DbCommand (16ms) [Parameters=[@__currentYear_0='?' (DbType = Int32), @__currentMonth_1='?' (DbType = Int32)], CommandType='"Text"', CommandTimeout='30']
SELECT [s].[Id], [s].[ProductId], [s].[ProductName], [s].[Quantity], [s].[SaleId], [s].[TotalPrice], [s].[UnitPrice], [s0].[Id], [s0].[AfterTaxAmount], [s0].[CreatedAt], [s0].[DiscountedAmount], [s0].[InvoiceDate], [s0].[InvoiceNo], [s0].[PrincipalAmount], [s0].[Template], [s0].[TotalAmount]
FROM [SaleItems] AS [s]
INNER JOIN [Sales] AS [s0] ON [s].[SaleId] = [s0].[Id]
WHERE DATEPART(year, [s0].[InvoiceDate]) = @__currentYear_0 AND DATEPART(month, [s0].[InvoiceDate]) = @__currentMonth_1
2025-07-20 08:15:53.961 +05:30 [INF] Executed DbCommand (2ms) [Parameters=[@__productIds_0='?' (Size = 4000)], CommandType='"Text"', CommandTimeout='30']
SELECT [p].[ProductId], [p].[CategoryId], [p].[CostPrice], [p].[Description], [p].[Name], [p].[ProductCode], [p].[ProductKey], [p].[SellPrice], [p].[SupplierId]
FROM [Products] AS [p]
WHERE [p].[ProductId] IN (
    SELECT [p0].[value]
    FROM OPENJSON(@__productIds_0) WITH ([value] int '$') AS [p0]
)
2025-07-20 08:15:53.962 +05:30 [INF] Executing OkObjectResult, writing value of type 'AuthNet.Models.DTO.MonthlyProfitDto'.
2025-07-20 08:15:53.963 +05:30 [INF] Executed action AuthNet.Controllers.SalesController.GetCurrentMonthProfit (AuthNet) in 24.5752ms
2025-07-20 08:15:53.963 +05:30 [INF] Executed endpoint 'AuthNet.Controllers.SalesController.GetCurrentMonthProfit (AuthNet)'
2025-07-20 08:15:53.963 +05:30 [INF] Request finished HTTP/1.1 GET https://localhost:7165/api/Sales/CurrentMonthProfit - 200 null application/json; charset=utf-8 48.4386ms
2025-07-20 08:15:53.981 +05:30 [INF] Request starting HTTP/1.1 GET https://localhost:7165/api/Sales/CurrentYearProfit - null null
2025-07-20 08:15:53.981 +05:30 [INF] Executing endpoint 'AuthNet.Controllers.SalesController.GetCurrentYearProfit (AuthNet)'
2025-07-20 08:15:53.991 +05:30 [INF] Route matched with {action = "GetCurrentYearProfit", controller = "Sales"}. Executing controller action with signature System.Threading.Tasks.Task`1[Microsoft.AspNetCore.Mvc.IActionResult] GetCurrentYearProfit() on controller AuthNet.Controllers.SalesController (AuthNet).
2025-07-20 08:15:54.006 +05:30 [INF] Executed DbCommand (13ms) [Parameters=[@__currentYear_0='?' (DbType = Int32)], CommandType='"Text"', CommandTimeout='30']
SELECT [s].[Id], [s].[ProductId], [s].[ProductName], [s].[Quantity], [s].[SaleId], [s].[TotalPrice], [s].[UnitPrice], [s0].[Id], [s0].[AfterTaxAmount], [s0].[CreatedAt], [s0].[DiscountedAmount], [s0].[InvoiceDate], [s0].[InvoiceNo], [s0].[PrincipalAmount], [s0].[Template], [s0].[TotalAmount]
FROM [SaleItems] AS [s]
INNER JOIN [Sales] AS [s0] ON [s].[SaleId] = [s0].[Id]
WHERE DATEPART(year, [s0].[InvoiceDate]) = @__currentYear_0
2025-07-20 08:15:54.009 +05:30 [INF] Executed DbCommand (2ms) [Parameters=[@__productIds_0='?' (Size = 4000)], CommandType='"Text"', CommandTimeout='30']
SELECT [p].[ProductId], [p].[CategoryId], [p].[CostPrice], [p].[Description], [p].[Name], [p].[ProductCode], [p].[ProductKey], [p].[SellPrice], [p].[SupplierId]
FROM [Products] AS [p]
WHERE [p].[ProductId] IN (
    SELECT [p0].[value]
    FROM OPENJSON(@__productIds_0) WITH ([value] int '$') AS [p0]
)
2025-07-20 08:15:54.009 +05:30 [INF] Executing OkObjectResult, writing value of type 'AuthNet.Models.DTO.YearlyProfitDto'.
2025-07-20 08:15:54.011 +05:30 [INF] Executed action AuthNet.Controllers.SalesController.GetCurrentYearProfit (AuthNet) in 19.9772ms
2025-07-20 08:15:54.011 +05:30 [INF] Executed endpoint 'AuthNet.Controllers.SalesController.GetCurrentYearProfit (AuthNet)'
2025-07-20 08:15:54.011 +05:30 [INF] Request finished HTTP/1.1 GET https://localhost:7165/api/Sales/CurrentYearProfit - 200 null application/json; charset=utf-8 30.1883ms
2025-07-20 08:15:54.026 +05:30 [INF] Request starting HTTP/2 GET https://localhost:7165/swagger/v1/swagger.json - null null
2025-07-20 08:15:54.030 +05:30 [INF] Request starting HTTP/1.1 GET https://localhost:7165/api/Tasks - null null
2025-07-20 08:15:54.030 +05:30 [INF] Executing endpoint 'AuthNet.Controllers.TasksController.GetTasks (AuthNet)'
2025-07-20 08:15:54.032 +05:30 [INF] Route matched with {action = "GetTasks", controller = "Tasks"}. Executing controller action with signature Microsoft.AspNetCore.Mvc.IActionResult GetTasks() on controller AuthNet.Controllers.TasksController (AuthNet).
2025-07-20 08:15:54.040 +05:30 [INF] Executed DbCommand (5ms) [Parameters=[], CommandType='"Text"', CommandTimeout='30']
SELECT [t].[Id], [t].[Title], [t].[DueDate]
FROM [Tasks] AS [t]
2025-07-20 08:15:54.040 +05:30 [INF] Executing OkObjectResult, writing value of type 'System.Collections.Generic.List`1[[AuthNet.Models.DTO.TaskItemDto, AuthNet, Version=1.0.0.0, Culture=neutral, PublicKeyToken=null]]'.
2025-07-20 08:15:54.043 +05:30 [INF] Executed action AuthNet.Controllers.TasksController.GetTasks (AuthNet) in 11.0337ms
2025-07-20 08:15:54.043 +05:30 [INF] Executed endpoint 'AuthNet.Controllers.TasksController.GetTasks (AuthNet)'
2025-07-20 08:15:54.043 +05:30 [INF] Request finished HTTP/1.1 GET https://localhost:7165/api/Tasks - 200 null application/json; charset=utf-8 13.0023ms
2025-07-20 08:15:54.070 +05:30 [INF] Request starting HTTP/1.1 GET https://localhost:7165/api/Settings/Get - null null
2025-07-20 08:15:54.070 +05:30 [INF] Executing endpoint 'AuthNet.Controllers.SettingsController.GetCompanyInfo (AuthNet)'
2025-07-20 08:15:54.076 +05:30 [INF] Route matched with {action = "GetCompanyInfo", controller = "Settings"}. Executing controller action with signature System.Threading.Tasks.Task`1[Microsoft.AspNetCore.Mvc.IActionResult] GetCompanyInfo() on controller AuthNet.Controllers.SettingsController (AuthNet).
2025-07-20 08:15:54.087 +05:30 [INF] Executed DbCommand (9ms) [Parameters=[], CommandType='"Text"', CommandTimeout='30']
SELECT TOP(1) [c].[Id], [c].[Address], [c].[ContactNumber], [c].[Email], [c].[GSTIN], [c].[LogoFileExtension], [c].[LogoFilePath], [c].[LogoFileSizeInBytes], [c].[LogoName], [c].[Name], [c].[SignFileExtension], [c].[SignFilePath], [c].[SignFileSizeInBytes], [c].[SignName]
FROM [CompanyInfos] AS [c]
2025-07-20 08:15:54.088 +05:30 [INF] Executing OkObjectResult, writing value of type 'AuthNet.Models.DTO.CompanyInfoResponseDto'.
2025-07-20 08:15:54.090 +05:30 [INF] Request finished HTTP/2 GET https://localhost:7165/swagger/v1/swagger.json - 200 null application/json;charset=utf-8 65.9072ms
2025-07-20 08:15:54.092 +05:30 [INF] Executed action AuthNet.Controllers.SettingsController.GetCompanyInfo (AuthNet) in 15.7053ms
2025-07-20 08:15:54.092 +05:30 [INF] Executed endpoint 'AuthNet.Controllers.SettingsController.GetCompanyInfo (AuthNet)'
2025-07-20 08:15:54.092 +05:30 [INF] Request finished HTTP/1.1 GET https://localhost:7165/api/Settings/Get - 200 null application/json; charset=utf-8 22.26ms
2025-07-20 08:15:54.303 +05:30 [INF] Request starting HTTP/2 GET https://localhost:7165/api/Sales/WeeklyProfit - null null
2025-07-20 08:15:54.303 +05:30 [INF] Request starting HTTP/2 GET https://localhost:7165/api/Products/CategoryWiseProductCount - null null
2025-07-20 08:15:54.303 +05:30 [INF] CORS policy execution successful.
2025-07-20 08:15:54.303 +05:30 [INF] Executing endpoint 'AuthNet.Controllers.SalesController.GetWeeklyProfit (AuthNet)'
2025-07-20 08:15:54.303 +05:30 [INF] CORS policy execution successful.
2025-07-20 08:15:54.303 +05:30 [INF] Executing endpoint 'AuthNet.Controllers.ProductsController.GetCategoryWiseProductCount (AuthNet)'
2025-07-20 08:15:54.310 +05:30 [INF] Route matched with {action = "GetWeeklyProfit", controller = "Sales"}. Executing controller action with signature System.Threading.Tasks.Task`1[Microsoft.AspNetCore.Mvc.IActionResult] GetWeeklyProfit() on controller AuthNet.Controllers.SalesController (AuthNet).
2025-07-20 08:15:54.310 +05:30 [INF] Route matched with {action = "GetCategoryWiseProductCount", controller = "Products"}. Executing controller action with signature System.Threading.Tasks.Task`1[Microsoft.AspNetCore.Mvc.IActionResult] GetCategoryWiseProductCount() on controller AuthNet.Controllers.ProductsController (AuthNet).
2025-07-20 08:15:54.338 +05:30 [INF] Executed DbCommand (27ms) [Parameters=[@__startDate_0='?' (DbType = DateTime2), @__endDate_1='?' (DbType = DateTime2)], CommandType='"Text"', CommandTimeout='30']
SELECT [s].[Id], [s].[ProductId], [s].[ProductName], [s].[Quantity], [s].[SaleId], [s].[TotalPrice], [s].[UnitPrice], [s0].[Id], [s0].[AfterTaxAmount], [s0].[CreatedAt], [s0].[DiscountedAmount], [s0].[InvoiceDate], [s0].[InvoiceNo], [s0].[PrincipalAmount], [s0].[Template], [s0].[TotalAmount]
FROM [SaleItems] AS [s]
INNER JOIN [Sales] AS [s0] ON [s].[SaleId] = [s0].[Id]
WHERE CONVERT(date, [s0].[InvoiceDate]) >= @__startDate_0 AND CONVERT(date, [s0].[InvoiceDate]) <= @__endDate_1
2025-07-20 08:15:54.346 +05:30 [INF] Executed DbCommand (35ms) [Parameters=[], CommandType='"Text"', CommandTimeout='30']
SELECT [c].[Name] AS [CategoryName], COUNT(*) AS [ProductCount]
FROM [Products] AS [p]
LEFT JOIN [Categories] AS [c] ON [p].[CategoryId] = [c].[CategoryId]
WHERE [c].[CategoryId] IS NOT NULL
GROUP BY [c].[Name]
2025-07-20 08:15:54.346 +05:30 [INF] Executing OkObjectResult, writing value of type 'System.Collections.Generic.List`1[[AuthNet.Models.DTO.CategoryProductCountDto, AuthNet, Version=1.0.0.0, Culture=neutral, PublicKeyToken=null]]'.
2025-07-20 08:15:54.354 +05:30 [INF] Executed action AuthNet.Controllers.ProductsController.GetCategoryWiseProductCount (AuthNet) in 43.9188ms
2025-07-20 08:15:54.354 +05:30 [INF] Executed endpoint 'AuthNet.Controllers.ProductsController.GetCategoryWiseProductCount (AuthNet)'
2025-07-20 08:15:54.354 +05:30 [INF] Request finished HTTP/2 GET https://localhost:7165/api/Products/CategoryWiseProductCount - 200 null application/json; charset=utf-8 51.5221ms
2025-07-20 08:15:54.360 +05:30 [INF] Executed DbCommand (21ms) [Parameters=[@__productIds_0='?' (Size = 4000)], CommandType='"Text"', CommandTimeout='30']
SELECT [p].[ProductId], [p].[CategoryId], [p].[CostPrice], [p].[Description], [p].[Name], [p].[ProductCode], [p].[ProductKey], [p].[SellPrice], [p].[SupplierId]
FROM [Products] AS [p]
WHERE [p].[ProductId] IN (
    SELECT [p0].[value]
    FROM OPENJSON(@__productIds_0) WITH ([value] int '$') AS [p0]
)
2025-07-20 08:15:54.360 +05:30 [INF] Executing OkObjectResult, writing value of type 'System.Collections.Generic.List`1[[AuthNet.Models.DTO.DailyProfitDto, AuthNet, Version=1.0.0.0, Culture=neutral, PublicKeyToken=null]]'.
2025-07-20 08:15:54.361 +05:30 [INF] Executed action AuthNet.Controllers.SalesController.GetWeeklyProfit (AuthNet) in 50.9632ms
2025-07-20 08:15:54.361 +05:30 [INF] Executed endpoint 'AuthNet.Controllers.SalesController.GetWeeklyProfit (AuthNet)'
2025-07-20 08:15:54.361 +05:30 [INF] Request finished HTTP/2 GET https://localhost:7165/api/Sales/WeeklyProfit - 200 null application/json; charset=utf-8 58.3899ms
2025-07-20 08:17:04.010 +05:30 [INF] Request starting HTTP/1.1 GET https://localhost:7165/api/Products - null null
2025-07-20 08:17:04.011 +05:30 [INF] Executing endpoint 'AuthNet.Controllers.ProductsController.GetAll (AuthNet)'
2025-07-20 08:17:04.027 +05:30 [INF] Route matched with {action = "GetAll", controller = "Products"}. Executing controller action with signature System.Threading.Tasks.Task`1[Microsoft.AspNetCore.Mvc.IActionResult] GetAll() on controller AuthNet.Controllers.ProductsController (AuthNet).
2025-07-20 08:17:04.050 +05:30 [INF] Executed DbCommand (22ms) [Parameters=[], CommandType='"Text"', CommandTimeout='30']
SELECT [p].[ProductId], [p].[CategoryId], [p].[CostPrice], [p].[Description], [p].[Name], [p].[ProductCode], [p].[ProductKey], [p].[SellPrice], [p].[SupplierId]
FROM [Products] AS [p]
2025-07-20 08:17:04.051 +05:30 [INF] Executing OkObjectResult, writing value of type 'System.Collections.Generic.List`1[[AuthNet.Models.Domain.Product, AuthNet, Version=1.0.0.0, Culture=neutral, PublicKeyToken=null]]'.
2025-07-20 08:17:04.057 +05:30 [INF] Executed action AuthNet.Controllers.ProductsController.GetAll (AuthNet) in 29.9963ms
2025-07-20 08:17:04.058 +05:30 [INF] Executed endpoint 'AuthNet.Controllers.ProductsController.GetAll (AuthNet)'
2025-07-20 08:17:04.058 +05:30 [INF] Request finished HTTP/1.1 GET https://localhost:7165/api/Products - 200 null application/json; charset=utf-8 47.8816ms
2025-07-20 08:17:04.090 +05:30 [INF] Request starting HTTP/1.1 GET https://localhost:7165/api/InvoiceTemplates - null null
2025-07-20 08:17:04.090 +05:30 [INF] Executing endpoint 'AuthNet.Controllers.InvoiceTemplatesController.GetAll (AuthNet)'
2025-07-20 08:17:04.101 +05:30 [INF] Route matched with {action = "GetAll", controller = "InvoiceTemplates"}. Executing controller action with signature System.Threading.Tasks.Task`1[Microsoft.AspNetCore.Mvc.IActionResult] GetAll() on controller AuthNet.Controllers.InvoiceTemplatesController (AuthNet).
2025-07-20 08:17:04.116 +05:30 [INF] Executed DbCommand (13ms) [Parameters=[], CommandType='"Text"', CommandTimeout='30']
SELECT [i].[Id], [i].[Layout], [i].[Notes], [i].[TermsAndConditions]
FROM [InvoiceTemplates] AS [i]
2025-07-20 08:17:04.118 +05:30 [INF] Executing OkObjectResult, writing value of type 'System.Collections.Generic.List`1[[AuthNet.Models.Domain.InvoiceTemplate, AuthNet, Version=1.0.0.0, Culture=neutral, PublicKeyToken=null]]'.
2025-07-20 08:17:04.129 +05:30 [INF] Executed action AuthNet.Controllers.InvoiceTemplatesController.GetAll (AuthNet) in 28.1107ms
2025-07-20 08:17:04.129 +05:30 [INF] Executed endpoint 'AuthNet.Controllers.InvoiceTemplatesController.GetAll (AuthNet)'
2025-07-20 08:17:04.129 +05:30 [INF] Request finished HTTP/1.1 GET https://localhost:7165/api/InvoiceTemplates - 200 null application/json; charset=utf-8 39.6652ms
2025-07-20 08:17:04.147 +05:30 [INF] Request starting HTTP/1.1 GET https://localhost:7165/api/categories - null null
2025-07-20 08:17:04.148 +05:30 [INF] Executing endpoint 'AuthNet.Controllers.CategoriesController.GetAll (AuthNet)'
2025-07-20 08:17:04.150 +05:30 [INF] Route matched with {action = "GetAll", controller = "Categories"}. Executing controller action with signature System.Threading.Tasks.Task`1[Microsoft.AspNetCore.Mvc.IActionResult] GetAll() on controller AuthNet.Controllers.CategoriesController (AuthNet).
2025-07-20 08:17:04.155 +05:30 [INF] Executed DbCommand (4ms) [Parameters=[], CommandType='"Text"', CommandTimeout='30']
SELECT [c].[CategoryId], [c].[Description], [c].[Name]
FROM [Categories] AS [c]
2025-07-20 08:17:04.156 +05:30 [INF] Executing OkObjectResult, writing value of type 'System.Collections.Generic.List`1[[AuthNet.Models.Domain.Category, AuthNet, Version=1.0.0.0, Culture=neutral, PublicKeyToken=null]]'.
2025-07-20 08:17:04.156 +05:30 [INF] Executed action AuthNet.Controllers.CategoriesController.GetAll (AuthNet) in 5.9685ms
2025-07-20 08:17:04.157 +05:30 [INF] Executed endpoint 'AuthNet.Controllers.CategoriesController.GetAll (AuthNet)'
2025-07-20 08:17:04.157 +05:30 [INF] Request finished HTTP/1.1 GET https://localhost:7165/api/categories - 200 null application/json; charset=utf-8 9.9799ms
2025-07-20 08:17:04.171 +05:30 [INF] Request starting HTTP/1.1 GET https://localhost:7165/api/Settings/Get - null null
2025-07-20 08:17:04.173 +05:30 [INF] Executing endpoint 'AuthNet.Controllers.SettingsController.GetCompanyInfo (AuthNet)'
2025-07-20 08:17:04.174 +05:30 [INF] Route matched with {action = "GetCompanyInfo", controller = "Settings"}. Executing controller action with signature System.Threading.Tasks.Task`1[Microsoft.AspNetCore.Mvc.IActionResult] GetCompanyInfo() on controller AuthNet.Controllers.SettingsController (AuthNet).
2025-07-20 08:17:04.182 +05:30 [INF] Executed DbCommand (8ms) [Parameters=[], CommandType='"Text"', CommandTimeout='30']
SELECT TOP(1) [c].[Id], [c].[Address], [c].[ContactNumber], [c].[Email], [c].[GSTIN], [c].[LogoFileExtension], [c].[LogoFilePath], [c].[LogoFileSizeInBytes], [c].[LogoName], [c].[Name], [c].[SignFileExtension], [c].[SignFilePath], [c].[SignFileSizeInBytes], [c].[SignName]
FROM [CompanyInfos] AS [c]
2025-07-20 08:17:04.182 +05:30 [INF] Executing OkObjectResult, writing value of type 'AuthNet.Models.DTO.CompanyInfoResponseDto'.
2025-07-20 08:17:04.183 +05:30 [INF] Executed action AuthNet.Controllers.SettingsController.GetCompanyInfo (AuthNet) in 9.1202ms
2025-07-20 08:17:04.183 +05:30 [INF] Executed endpoint 'AuthNet.Controllers.SettingsController.GetCompanyInfo (AuthNet)'
2025-07-20 08:17:04.183 +05:30 [INF] Request finished HTTP/1.1 GET https://localhost:7165/api/Settings/Get - 200 null application/json; charset=utf-8 11.7099ms
2025-07-20 08:17:04.198 +05:30 [INF] Request starting HTTP/1.1 GET https://localhost:7165/api/TaxSettings - null null
2025-07-20 08:17:04.198 +05:30 [INF] Executing endpoint 'AuthNet.Controllers.TaxSettingsController.GetAll (AuthNet)'
2025-07-20 08:17:04.203 +05:30 [INF] Route matched with {action = "GetAll", controller = "TaxSettings"}. Executing controller action with signature System.Threading.Tasks.Task`1[Microsoft.AspNetCore.Mvc.IActionResult] GetAll() on controller AuthNet.Controllers.TaxSettingsController (AuthNet).
2025-07-20 08:17:04.209 +05:30 [INF] Executed DbCommand (5ms) [Parameters=[], CommandType='"Text"', CommandTimeout='30']
SELECT TOP(1) [t].[Id], [t].[CGST], [t].[IGST], [t].[SGST]
FROM [TaxSettings] AS [t]
2025-07-20 08:17:04.210 +05:30 [INF] Executing OkObjectResult, writing value of type 'AuthNet.Models.DTO.TaxSettingResponseDto'.
2025-07-20 08:17:04.211 +05:30 [INF] Executed action AuthNet.Controllers.TaxSettingsController.GetAll (AuthNet) in 8.3106ms
2025-07-20 08:17:04.211 +05:30 [INF] Executed endpoint 'AuthNet.Controllers.TaxSettingsController.GetAll (AuthNet)'
2025-07-20 08:17:04.212 +05:30 [INF] Request finished HTTP/1.1 GET https://localhost:7165/api/TaxSettings - 200 null application/json; charset=utf-8 14.4295ms
2025-07-20 08:17:08.649 +05:30 [INF] Request starting HTTP/2 OPTIONS https://localhost:7165/api/Sales - null null
2025-07-20 08:17:08.650 +05:30 [INF] CORS policy execution successful.
2025-07-20 08:17:08.651 +05:30 [INF] Request finished HTTP/2 OPTIONS https://localhost:7165/api/Sales - 204 null null 1.8229ms
2025-07-20 08:17:08.653 +05:30 [INF] Request starting HTTP/2 POST https://localhost:7165/api/Sales - application/json 163
2025-07-20 08:17:08.653 +05:30 [INF] CORS policy execution successful.
2025-07-20 08:17:08.654 +05:30 [INF] Executing endpoint 'AuthNet.Controllers.SalesController.Create (AuthNet)'
2025-07-20 08:17:08.662 +05:30 [INF] Route matched with {action = "Create", controller = "Sales"}. Executing controller action with signature System.Threading.Tasks.Task`1[Microsoft.AspNetCore.Mvc.IActionResult] Create(AuthNet.Models.DTO.SaleDto) on controller AuthNet.Controllers.SalesController (AuthNet).
2025-07-20 08:17:08.692 +05:30 [INF] Executed DbCommand (15ms) [Parameters=[@p0='?' (Precision = 18) (Scale = 2) (DbType = Decimal), @p1='?' (DbType = DateTime2), @p2='?' (Precision = 18) (Scale = 2) (DbType = Decimal), @p3='?' (DbType = DateTime2), @p4='?' (Size = 4000), @p5='?' (Precision = 18) (Scale = 2) (DbType = Decimal), @p6='?' (Size = 4000), @p7='?' (Precision = 18) (Scale = 2) (DbType = Decimal)], CommandType='"Text"', CommandTimeout='30']
SET IMPLICIT_TRANSACTIONS OFF;
SET NOCOUNT ON;
INSERT INTO [Sales] ([AfterTaxAmount], [CreatedAt], [DiscountedAmount], [InvoiceDate], [InvoiceNo], [PrincipalAmount], [Template], [TotalAmount])
OUTPUT INSERTED.[Id]
VALUES (@p0, @p1, @p2, @p3, @p4, @p5, @p6, @p7);
2025-07-20 08:17:08.701 +05:30 [INF] Executed DbCommand (8ms) [Parameters=[@p8='?' (DbType = Int32), @p9='?' (Size = 4000), @p10='?' (DbType = Int32), @p11='?' (DbType = Int32), @p12='?' (Precision = 18) (Scale = 2) (DbType = Decimal), @p13='?' (Precision = 18) (Scale = 2) (DbType = Decimal)], CommandType='"Text"', CommandTimeout='30']
SET IMPLICIT_TRANSACTIONS OFF;
SET NOCOUNT ON;
INSERT INTO [SaleItems] ([ProductId], [ProductName], [Quantity], [SaleId], [TotalPrice], [UnitPrice])
OUTPUT INSERTED.[Id]
VALUES (@p8, @p9, @p10, @p11, @p12, @p13);
2025-07-20 08:17:08.702 +05:30 [INF] Executing OkObjectResult, writing value of type '<>f__AnonymousType3`2[[System.Boolean, System.Private.CoreLib, Version=8.0.0.0, Culture=neutral, PublicKeyToken=7cec85d7bea7798e],[System.String, System.Private.CoreLib, Version=8.0.0.0, Culture=neutral, PublicKeyToken=7cec85d7bea7798e]]'.
2025-07-20 08:17:08.704 +05:30 [INF] Executed action AuthNet.Controllers.SalesController.Create (AuthNet) in 41.9261ms
2025-07-20 08:17:08.704 +05:30 [INF] Executed endpoint 'AuthNet.Controllers.SalesController.Create (AuthNet)'
2025-07-20 08:17:08.704 +05:30 [INF] Request finished HTTP/2 POST https://localhost:7165/api/Sales - 200 null application/json; charset=utf-8 51.4896ms
2025-07-20 08:17:10.398 +05:30 [INF] Request starting HTTP/1.1 GET https://localhost:7165/api/Sales/DailyProfit - null null
2025-07-20 08:17:10.398 +05:30 [INF] Executing endpoint 'AuthNet.Controllers.SalesController.GetDailyProfit (AuthNet)'
2025-07-20 08:17:10.399 +05:30 [INF] Route matched with {action = "GetDailyProfit", controller = "Sales"}. Executing controller action with signature System.Threading.Tasks.Task`1[Microsoft.AspNetCore.Mvc.IActionResult] GetDailyProfit() on controller AuthNet.Controllers.SalesController (AuthNet).
2025-07-20 08:17:10.422 +05:30 [INF] Executed DbCommand (20ms) [Parameters=[@__date_Date_0='?' (DbType = DateTime2)], CommandType='"Text"', CommandTimeout='30']
SELECT [s].[Id], [s].[ProductId], [s].[ProductName], [s].[Quantity], [s].[SaleId], [s].[TotalPrice], [s].[UnitPrice], [s0].[Id], [s0].[AfterTaxAmount], [s0].[CreatedAt], [s0].[DiscountedAmount], [s0].[InvoiceDate], [s0].[InvoiceNo], [s0].[PrincipalAmount], [s0].[Template], [s0].[TotalAmount]
FROM [SaleItems] AS [s]
INNER JOIN [Sales] AS [s0] ON [s].[SaleId] = [s0].[Id]
WHERE CONVERT(date, [s0].[InvoiceDate]) = @__date_Date_0
2025-07-20 08:17:10.440 +05:30 [INF] Executed DbCommand (17ms) [Parameters=[@__productIds_0='?' (Size = 4000)], CommandType='"Text"', CommandTimeout='30']
SELECT [p].[ProductId], [p].[CategoryId], [p].[CostPrice], [p].[Description], [p].[Name], [p].[ProductCode], [p].[ProductKey], [p].[SellPrice], [p].[SupplierId]
FROM [Products] AS [p]
WHERE [p].[ProductId] IN (
    SELECT [p0].[value]
    FROM OPENJSON(@__productIds_0) WITH ([value] int '$') AS [p0]
)
2025-07-20 08:17:10.441 +05:30 [INF] Executing OkObjectResult, writing value of type 'AuthNet.Models.DTO.DailyProfitDto'.
2025-07-20 08:17:10.441 +05:30 [INF] Executed action AuthNet.Controllers.SalesController.GetDailyProfit (AuthNet) in 42.2294ms
2025-07-20 08:17:10.441 +05:30 [INF] Executed endpoint 'AuthNet.Controllers.SalesController.GetDailyProfit (AuthNet)'
2025-07-20 08:17:10.441 +05:30 [INF] Request finished HTTP/1.1 GET https://localhost:7165/api/Sales/DailyProfit - 200 null application/json; charset=utf-8 43.4962ms
2025-07-20 08:17:10.459 +05:30 [INF] Request starting HTTP/1.1 GET https://localhost:7165/api/Sales/CurrentMonthProfit - null null
2025-07-20 08:17:10.459 +05:30 [INF] Executing endpoint 'AuthNet.Controllers.SalesController.GetCurrentMonthProfit (AuthNet)'
2025-07-20 08:17:10.459 +05:30 [INF] Route matched with {action = "GetCurrentMonthProfit", controller = "Sales"}. Executing controller action with signature System.Threading.Tasks.Task`1[Microsoft.AspNetCore.Mvc.IActionResult] GetCurrentMonthProfit() on controller AuthNet.Controllers.SalesController (AuthNet).
2025-07-20 08:17:10.471 +05:30 [INF] Executed DbCommand (11ms) [Parameters=[@__currentYear_0='?' (DbType = Int32), @__currentMonth_1='?' (DbType = Int32)], CommandType='"Text"', CommandTimeout='30']
SELECT [s].[Id], [s].[ProductId], [s].[ProductName], [s].[Quantity], [s].[SaleId], [s].[TotalPrice], [s].[UnitPrice], [s0].[Id], [s0].[AfterTaxAmount], [s0].[CreatedAt], [s0].[DiscountedAmount], [s0].[InvoiceDate], [s0].[InvoiceNo], [s0].[PrincipalAmount], [s0].[Template], [s0].[TotalAmount]
FROM [SaleItems] AS [s]
INNER JOIN [Sales] AS [s0] ON [s].[SaleId] = [s0].[Id]
WHERE DATEPART(year, [s0].[InvoiceDate]) = @__currentYear_0 AND DATEPART(month, [s0].[InvoiceDate]) = @__currentMonth_1
2025-07-20 08:17:10.475 +05:30 [INF] Executed DbCommand (2ms) [Parameters=[@__productIds_0='?' (Size = 4000)], CommandType='"Text"', CommandTimeout='30']
SELECT [p].[ProductId], [p].[CategoryId], [p].[CostPrice], [p].[Description], [p].[Name], [p].[ProductCode], [p].[ProductKey], [p].[SellPrice], [p].[SupplierId]
FROM [Products] AS [p]
WHERE [p].[ProductId] IN (
    SELECT [p0].[value]
    FROM OPENJSON(@__productIds_0) WITH ([value] int '$') AS [p0]
)
2025-07-20 08:17:10.475 +05:30 [INF] Executing OkObjectResult, writing value of type 'AuthNet.Models.DTO.MonthlyProfitDto'.
2025-07-20 08:17:10.475 +05:30 [INF] Executed action AuthNet.Controllers.SalesController.GetCurrentMonthProfit (AuthNet) in 15.8515ms
2025-07-20 08:17:10.475 +05:30 [INF] Executed endpoint 'AuthNet.Controllers.SalesController.GetCurrentMonthProfit (AuthNet)'
2025-07-20 08:17:10.476 +05:30 [INF] Request finished HTTP/1.1 GET https://localhost:7165/api/Sales/CurrentMonthProfit - 200 null application/json; charset=utf-8 17.2221ms
2025-07-20 08:17:10.489 +05:30 [INF] Request starting HTTP/1.1 GET https://localhost:7165/api/Sales/CurrentYearProfit - null null
2025-07-20 08:17:10.489 +05:30 [INF] Executing endpoint 'AuthNet.Controllers.SalesController.GetCurrentYearProfit (AuthNet)'
2025-07-20 08:17:10.490 +05:30 [INF] Route matched with {action = "GetCurrentYearProfit", controller = "Sales"}. Executing controller action with signature System.Threading.Tasks.Task`1[Microsoft.AspNetCore.Mvc.IActionResult] GetCurrentYearProfit() on controller AuthNet.Controllers.SalesController (AuthNet).
2025-07-20 08:17:10.501 +05:30 [INF] Executed DbCommand (11ms) [Parameters=[@__currentYear_0='?' (DbType = Int32)], CommandType='"Text"', CommandTimeout='30']
SELECT [s].[Id], [s].[ProductId], [s].[ProductName], [s].[Quantity], [s].[SaleId], [s].[TotalPrice], [s].[UnitPrice], [s0].[Id], [s0].[AfterTaxAmount], [s0].[CreatedAt], [s0].[DiscountedAmount], [s0].[InvoiceDate], [s0].[InvoiceNo], [s0].[PrincipalAmount], [s0].[Template], [s0].[TotalAmount]
FROM [SaleItems] AS [s]
INNER JOIN [Sales] AS [s0] ON [s].[SaleId] = [s0].[Id]
WHERE DATEPART(year, [s0].[InvoiceDate]) = @__currentYear_0
2025-07-20 08:17:10.504 +05:30 [INF] Executed DbCommand (1ms) [Parameters=[@__productIds_0='?' (Size = 4000)], CommandType='"Text"', CommandTimeout='30']
SELECT [p].[ProductId], [p].[CategoryId], [p].[CostPrice], [p].[Description], [p].[Name], [p].[ProductCode], [p].[ProductKey], [p].[SellPrice], [p].[SupplierId]
FROM [Products] AS [p]
WHERE [p].[ProductId] IN (
    SELECT [p0].[value]
    FROM OPENJSON(@__productIds_0) WITH ([value] int '$') AS [p0]
)
2025-07-20 08:17:10.504 +05:30 [INF] Executing OkObjectResult, writing value of type 'AuthNet.Models.DTO.YearlyProfitDto'.
2025-07-20 08:17:10.504 +05:30 [INF] Executed action AuthNet.Controllers.SalesController.GetCurrentYearProfit (AuthNet) in 14.6844ms
2025-07-20 08:17:10.504 +05:30 [INF] Executed endpoint 'AuthNet.Controllers.SalesController.GetCurrentYearProfit (AuthNet)'
2025-07-20 08:17:10.505 +05:30 [INF] Request finished HTTP/1.1 GET https://localhost:7165/api/Sales/CurrentYearProfit - 200 null application/json; charset=utf-8 15.5857ms
2025-07-20 08:17:10.520 +05:30 [INF] Request starting HTTP/1.1 GET https://localhost:7165/api/Tasks - null null
2025-07-20 08:17:10.520 +05:30 [INF] Executing endpoint 'AuthNet.Controllers.TasksController.GetTasks (AuthNet)'
2025-07-20 08:17:10.520 +05:30 [INF] Route matched with {action = "GetTasks", controller = "Tasks"}. Executing controller action with signature Microsoft.AspNetCore.Mvc.IActionResult GetTasks() on controller AuthNet.Controllers.TasksController (AuthNet).
2025-07-20 08:17:10.524 +05:30 [INF] Executed DbCommand (2ms) [Parameters=[], CommandType='"Text"', CommandTimeout='30']
SELECT [t].[Id], [t].[Title], [t].[DueDate]
FROM [Tasks] AS [t]
2025-07-20 08:17:10.524 +05:30 [INF] Executing OkObjectResult, writing value of type 'System.Collections.Generic.List`1[[AuthNet.Models.DTO.TaskItemDto, AuthNet, Version=1.0.0.0, Culture=neutral, PublicKeyToken=null]]'.
2025-07-20 08:17:10.524 +05:30 [INF] Executed action AuthNet.Controllers.TasksController.GetTasks (AuthNet) in 3.7094ms
2025-07-20 08:17:10.524 +05:30 [INF] Executed endpoint 'AuthNet.Controllers.TasksController.GetTasks (AuthNet)'
2025-07-20 08:17:10.524 +05:30 [INF] Request finished HTTP/1.1 GET https://localhost:7165/api/Tasks - 200 null application/json; charset=utf-8 4.5198ms
2025-07-20 08:17:10.538 +05:30 [INF] Request starting HTTP/1.1 GET https://localhost:7165/api/Settings/Get - null null
2025-07-20 08:17:10.538 +05:30 [INF] Executing endpoint 'AuthNet.Controllers.SettingsController.GetCompanyInfo (AuthNet)'
2025-07-20 08:17:10.538 +05:30 [INF] Route matched with {action = "GetCompanyInfo", controller = "Settings"}. Executing controller action with signature System.Threading.Tasks.Task`1[Microsoft.AspNetCore.Mvc.IActionResult] GetCompanyInfo() on controller AuthNet.Controllers.SettingsController (AuthNet).
2025-07-20 08:17:10.549 +05:30 [INF] Executed DbCommand (10ms) [Parameters=[], CommandType='"Text"', CommandTimeout='30']
SELECT TOP(1) [c].[Id], [c].[Address], [c].[ContactNumber], [c].[Email], [c].[GSTIN], [c].[LogoFileExtension], [c].[LogoFilePath], [c].[LogoFileSizeInBytes], [c].[LogoName], [c].[Name], [c].[SignFileExtension], [c].[SignFilePath], [c].[SignFileSizeInBytes], [c].[SignName]
FROM [CompanyInfos] AS [c]
2025-07-20 08:17:10.550 +05:30 [INF] Executing OkObjectResult, writing value of type 'AuthNet.Models.DTO.CompanyInfoResponseDto'.
2025-07-20 08:17:10.550 +05:30 [INF] Executed action AuthNet.Controllers.SettingsController.GetCompanyInfo (AuthNet) in 11.5778ms
2025-07-20 08:17:10.550 +05:30 [INF] Executed endpoint 'AuthNet.Controllers.SettingsController.GetCompanyInfo (AuthNet)'
2025-07-20 08:17:10.551 +05:30 [INF] Request finished HTTP/1.1 GET https://localhost:7165/api/Settings/Get - 200 null application/json; charset=utf-8 12.4745ms
2025-07-20 08:17:10.664 +05:30 [INF] Request starting HTTP/2 GET https://localhost:7165/api/Sales/WeeklyProfit - null null
2025-07-20 08:17:10.664 +05:30 [INF] CORS policy execution successful.
2025-07-20 08:17:10.664 +05:30 [INF] Executing endpoint 'AuthNet.Controllers.SalesController.GetWeeklyProfit (AuthNet)'
2025-07-20 08:17:10.664 +05:30 [INF] Route matched with {action = "GetWeeklyProfit", controller = "Sales"}. Executing controller action with signature System.Threading.Tasks.Task`1[Microsoft.AspNetCore.Mvc.IActionResult] GetWeeklyProfit() on controller AuthNet.Controllers.SalesController (AuthNet).
2025-07-20 08:17:10.666 +05:30 [INF] Request starting HTTP/2 GET https://localhost:7165/api/Products/CategoryWiseProductCount - null null
2025-07-20 08:17:10.675 +05:30 [INF] CORS policy execution successful.
2025-07-20 08:17:10.675 +05:30 [INF] Executing endpoint 'AuthNet.Controllers.ProductsController.GetCategoryWiseProductCount (AuthNet)'
2025-07-20 08:17:10.675 +05:30 [INF] Route matched with {action = "GetCategoryWiseProductCount", controller = "Products"}. Executing controller action with signature System.Threading.Tasks.Task`1[Microsoft.AspNetCore.Mvc.IActionResult] GetCategoryWiseProductCount() on controller AuthNet.Controllers.ProductsController (AuthNet).
2025-07-20 08:17:10.706 +05:30 [INF] Executed DbCommand (39ms) [Parameters=[@__startDate_0='?' (DbType = DateTime2), @__endDate_1='?' (DbType = DateTime2)], CommandType='"Text"', CommandTimeout='30']
SELECT [s].[Id], [s].[ProductId], [s].[ProductName], [s].[Quantity], [s].[SaleId], [s].[TotalPrice], [s].[UnitPrice], [s0].[Id], [s0].[AfterTaxAmount], [s0].[CreatedAt], [s0].[DiscountedAmount], [s0].[InvoiceDate], [s0].[InvoiceNo], [s0].[PrincipalAmount], [s0].[Template], [s0].[TotalAmount]
FROM [SaleItems] AS [s]
INNER JOIN [Sales] AS [s0] ON [s].[SaleId] = [s0].[Id]
WHERE CONVERT(date, [s0].[InvoiceDate]) >= @__startDate_0 AND CONVERT(date, [s0].[InvoiceDate]) <= @__endDate_1
2025-07-20 08:17:10.706 +05:30 [INF] Executed DbCommand (30ms) [Parameters=[], CommandType='"Text"', CommandTimeout='30']
SELECT [c].[Name] AS [CategoryName], COUNT(*) AS [ProductCount]
FROM [Products] AS [p]
LEFT JOIN [Categories] AS [c] ON [p].[CategoryId] = [c].[CategoryId]
WHERE [c].[CategoryId] IS NOT NULL
GROUP BY [c].[Name]
2025-07-20 08:17:10.707 +05:30 [INF] Executing OkObjectResult, writing value of type 'System.Collections.Generic.List`1[[AuthNet.Models.DTO.CategoryProductCountDto, AuthNet, Version=1.0.0.0, Culture=neutral, PublicKeyToken=null]]'.
2025-07-20 08:17:10.707 +05:30 [INF] Executed action AuthNet.Controllers.ProductsController.GetCategoryWiseProductCount (AuthNet) in 31.636ms
2025-07-20 08:17:10.707 +05:30 [INF] Executed endpoint 'AuthNet.Controllers.ProductsController.GetCategoryWiseProductCount (AuthNet)'
2025-07-20 08:17:10.707 +05:30 [INF] Request finished HTTP/2 GET https://localhost:7165/api/Products/CategoryWiseProductCount - 200 null application/json; charset=utf-8 41.0793ms
2025-07-20 08:17:10.719 +05:30 [INF] Executed DbCommand (10ms) [Parameters=[@__productIds_0='?' (Size = 4000)], CommandType='"Text"', CommandTimeout='30']
SELECT [p].[ProductId], [p].[CategoryId], [p].[CostPrice], [p].[Description], [p].[Name], [p].[ProductCode], [p].[ProductKey], [p].[SellPrice], [p].[SupplierId]
FROM [Products] AS [p]
WHERE [p].[ProductId] IN (
    SELECT [p0].[value]
    FROM OPENJSON(@__productIds_0) WITH ([value] int '$') AS [p0]
)
2025-07-20 08:17:10.719 +05:30 [INF] Executing OkObjectResult, writing value of type 'System.Collections.Generic.List`1[[AuthNet.Models.DTO.DailyProfitDto, AuthNet, Version=1.0.0.0, Culture=neutral, PublicKeyToken=null]]'.
2025-07-20 08:17:10.719 +05:30 [INF] Executed action AuthNet.Controllers.SalesController.GetWeeklyProfit (AuthNet) in 54.6577ms
2025-07-20 08:17:10.719 +05:30 [INF] Executed endpoint 'AuthNet.Controllers.SalesController.GetWeeklyProfit (AuthNet)'
2025-07-20 08:17:10.719 +05:30 [INF] Request finished HTTP/2 GET https://localhost:7165/api/Sales/WeeklyProfit - 200 null application/json; charset=utf-8 55.6957ms
2025-07-20 08:17:56.030 +05:30 [INF] Request starting HTTP/1.1 GET https://localhost:7165/api/Products - null null
2025-07-20 08:17:56.031 +05:30 [INF] Executing endpoint 'AuthNet.Controllers.ProductsController.GetAll (AuthNet)'
2025-07-20 08:17:56.031 +05:30 [INF] Route matched with {action = "GetAll", controller = "Products"}. Executing controller action with signature System.Threading.Tasks.Task`1[Microsoft.AspNetCore.Mvc.IActionResult] GetAll() on controller AuthNet.Controllers.ProductsController (AuthNet).
2025-07-20 08:17:56.039 +05:30 [INF] Executed DbCommand (8ms) [Parameters=[], CommandType='"Text"', CommandTimeout='30']
SELECT [p].[ProductId], [p].[CategoryId], [p].[CostPrice], [p].[Description], [p].[Name], [p].[ProductCode], [p].[ProductKey], [p].[SellPrice], [p].[SupplierId]
FROM [Products] AS [p]
2025-07-20 08:17:56.040 +05:30 [INF] Executing OkObjectResult, writing value of type 'System.Collections.Generic.List`1[[AuthNet.Models.Domain.Product, AuthNet, Version=1.0.0.0, Culture=neutral, PublicKeyToken=null]]'.
2025-07-20 08:17:56.041 +05:30 [INF] Executed action AuthNet.Controllers.ProductsController.GetAll (AuthNet) in 9.9374ms
2025-07-20 08:17:56.041 +05:30 [INF] Executed endpoint 'AuthNet.Controllers.ProductsController.GetAll (AuthNet)'
2025-07-20 08:17:56.047 +05:30 [INF] Request finished HTTP/1.1 GET https://localhost:7165/api/Products - 200 null application/json; charset=utf-8 16.5317ms
2025-07-20 08:17:56.067 +05:30 [INF] Request starting HTTP/1.1 GET https://localhost:7165/api/InvoiceTemplates - null null
2025-07-20 08:17:56.070 +05:30 [INF] Executing endpoint 'AuthNet.Controllers.InvoiceTemplatesController.GetAll (AuthNet)'
2025-07-20 08:17:56.070 +05:30 [INF] Route matched with {action = "GetAll", controller = "InvoiceTemplates"}. Executing controller action with signature System.Threading.Tasks.Task`1[Microsoft.AspNetCore.Mvc.IActionResult] GetAll() on controller AuthNet.Controllers.InvoiceTemplatesController (AuthNet).
2025-07-20 08:17:56.081 +05:30 [INF] Executed DbCommand (10ms) [Parameters=[], CommandType='"Text"', CommandTimeout='30']
SELECT [i].[Id], [i].[Layout], [i].[Notes], [i].[TermsAndConditions]
FROM [InvoiceTemplates] AS [i]
2025-07-20 08:17:56.084 +05:30 [INF] Executing OkObjectResult, writing value of type 'System.Collections.Generic.List`1[[AuthNet.Models.Domain.InvoiceTemplate, AuthNet, Version=1.0.0.0, Culture=neutral, PublicKeyToken=null]]'.
2025-07-20 08:17:56.085 +05:30 [INF] Executed action AuthNet.Controllers.InvoiceTemplatesController.GetAll (AuthNet) in 14.2003ms
2025-07-20 08:17:56.085 +05:30 [INF] Executed endpoint 'AuthNet.Controllers.InvoiceTemplatesController.GetAll (AuthNet)'
2025-07-20 08:17:56.085 +05:30 [INF] Request finished HTTP/1.1 GET https://localhost:7165/api/InvoiceTemplates - 200 null application/json; charset=utf-8 17.8754ms
2025-07-20 08:17:56.104 +05:30 [INF] Request starting HTTP/1.1 GET https://localhost:7165/api/categories - null null
2025-07-20 08:17:56.104 +05:30 [INF] Executing endpoint 'AuthNet.Controllers.CategoriesController.GetAll (AuthNet)'
2025-07-20 08:17:56.104 +05:30 [INF] Route matched with {action = "GetAll", controller = "Categories"}. Executing controller action with signature System.Threading.Tasks.Task`1[Microsoft.AspNetCore.Mvc.IActionResult] GetAll() on controller AuthNet.Controllers.CategoriesController (AuthNet).
2025-07-20 08:17:56.111 +05:30 [INF] Executed DbCommand (6ms) [Parameters=[], CommandType='"Text"', CommandTimeout='30']
SELECT [c].[CategoryId], [c].[Description], [c].[Name]
FROM [Categories] AS [c]
2025-07-20 08:17:56.111 +05:30 [INF] Executing OkObjectResult, writing value of type 'System.Collections.Generic.List`1[[AuthNet.Models.Domain.Category, AuthNet, Version=1.0.0.0, Culture=neutral, PublicKeyToken=null]]'.
2025-07-20 08:17:56.111 +05:30 [INF] Executed action AuthNet.Controllers.CategoriesController.GetAll (AuthNet) in 7.033ms
2025-07-20 08:17:56.112 +05:30 [INF] Executed endpoint 'AuthNet.Controllers.CategoriesController.GetAll (AuthNet)'
2025-07-20 08:17:56.112 +05:30 [INF] Request finished HTTP/1.1 GET https://localhost:7165/api/categories - 200 null application/json; charset=utf-8 7.952ms
2025-07-20 08:17:56.131 +05:30 [INF] Request starting HTTP/1.1 GET https://localhost:7165/api/Settings/Get - null null
2025-07-20 08:17:56.131 +05:30 [INF] Executing endpoint 'AuthNet.Controllers.SettingsController.GetCompanyInfo (AuthNet)'
2025-07-20 08:17:56.131 +05:30 [INF] Route matched with {action = "GetCompanyInfo", controller = "Settings"}. Executing controller action with signature System.Threading.Tasks.Task`1[Microsoft.AspNetCore.Mvc.IActionResult] GetCompanyInfo() on controller AuthNet.Controllers.SettingsController (AuthNet).
2025-07-20 08:17:56.141 +05:30 [INF] Executed DbCommand (9ms) [Parameters=[], CommandType='"Text"', CommandTimeout='30']
SELECT TOP(1) [c].[Id], [c].[Address], [c].[ContactNumber], [c].[Email], [c].[GSTIN], [c].[LogoFileExtension], [c].[LogoFilePath], [c].[LogoFileSizeInBytes], [c].[LogoName], [c].[Name], [c].[SignFileExtension], [c].[SignFilePath], [c].[SignFileSizeInBytes], [c].[SignName]
FROM [CompanyInfos] AS [c]
2025-07-20 08:17:56.142 +05:30 [INF] Executing OkObjectResult, writing value of type 'AuthNet.Models.DTO.CompanyInfoResponseDto'.
2025-07-20 08:17:56.142 +05:30 [INF] Executed action AuthNet.Controllers.SettingsController.GetCompanyInfo (AuthNet) in 10.9786ms
2025-07-20 08:17:56.142 +05:30 [INF] Executed endpoint 'AuthNet.Controllers.SettingsController.GetCompanyInfo (AuthNet)'
2025-07-20 08:17:56.143 +05:30 [INF] Request finished HTTP/1.1 GET https://localhost:7165/api/Settings/Get - 200 null application/json; charset=utf-8 11.9248ms
2025-07-20 08:17:56.163 +05:30 [INF] Request starting HTTP/1.1 GET https://localhost:7165/api/TaxSettings - null null
2025-07-20 08:17:56.163 +05:30 [INF] Executing endpoint 'AuthNet.Controllers.TaxSettingsController.GetAll (AuthNet)'
2025-07-20 08:17:56.163 +05:30 [INF] Route matched with {action = "GetAll", controller = "TaxSettings"}. Executing controller action with signature System.Threading.Tasks.Task`1[Microsoft.AspNetCore.Mvc.IActionResult] GetAll() on controller AuthNet.Controllers.TaxSettingsController (AuthNet).
2025-07-20 08:17:56.174 +05:30 [INF] Executed DbCommand (9ms) [Parameters=[], CommandType='"Text"', CommandTimeout='30']
SELECT TOP(1) [t].[Id], [t].[CGST], [t].[IGST], [t].[SGST]
FROM [TaxSettings] AS [t]
2025-07-20 08:17:56.174 +05:30 [INF] Executing OkObjectResult, writing value of type 'AuthNet.Models.DTO.TaxSettingResponseDto'.
2025-07-20 08:17:56.174 +05:30 [INF] Executed action AuthNet.Controllers.TaxSettingsController.GetAll (AuthNet) in 11.1135ms
2025-07-20 08:17:56.174 +05:30 [INF] Executed endpoint 'AuthNet.Controllers.TaxSettingsController.GetAll (AuthNet)'
2025-07-20 08:17:56.175 +05:30 [INF] Request finished HTTP/1.1 GET https://localhost:7165/api/TaxSettings - 200 null application/json; charset=utf-8 12.2303ms
2025-07-20 08:17:59.330 +05:30 [INF] Request starting HTTP/1.1 GET https://localhost:7165/api/Products - null null
2025-07-20 08:17:59.330 +05:30 [INF] Executing endpoint 'AuthNet.Controllers.ProductsController.GetAll (AuthNet)'
2025-07-20 08:17:59.331 +05:30 [INF] Route matched with {action = "GetAll", controller = "Products"}. Executing controller action with signature System.Threading.Tasks.Task`1[Microsoft.AspNetCore.Mvc.IActionResult] GetAll() on controller AuthNet.Controllers.ProductsController (AuthNet).
2025-07-20 08:17:59.343 +05:30 [INF] Executed DbCommand (10ms) [Parameters=[], CommandType='"Text"', CommandTimeout='30']
SELECT [p].[ProductId], [p].[CategoryId], [p].[CostPrice], [p].[Description], [p].[Name], [p].[ProductCode], [p].[ProductKey], [p].[SellPrice], [p].[SupplierId]
FROM [Products] AS [p]
2025-07-20 08:17:59.343 +05:30 [INF] Executing OkObjectResult, writing value of type 'System.Collections.Generic.List`1[[AuthNet.Models.Domain.Product, AuthNet, Version=1.0.0.0, Culture=neutral, PublicKeyToken=null]]'.
2025-07-20 08:17:59.343 +05:30 [INF] Executed action AuthNet.Controllers.ProductsController.GetAll (AuthNet) in 12.7307ms
2025-07-20 08:17:59.343 +05:30 [INF] Executed endpoint 'AuthNet.Controllers.ProductsController.GetAll (AuthNet)'
2025-07-20 08:17:59.344 +05:30 [INF] Request finished HTTP/1.1 GET https://localhost:7165/api/Products - 200 null application/json; charset=utf-8 13.768ms
2025-07-20 08:19:40.361 +05:30 [INF] Request starting HTTP/1.1 GET https://localhost:7165/api/Inventory - null null
2025-07-20 08:19:40.361 +05:30 [INF] Executing endpoint 'AuthNet.Controllers.InventoryController.GetAll (AuthNet)'
2025-07-20 08:19:40.366 +05:30 [INF] Route matched with {action = "GetAll", controller = "Inventory"}. Executing controller action with signature System.Threading.Tasks.Task`1[Microsoft.AspNetCore.Mvc.IActionResult] GetAll() on controller AuthNet.Controllers.InventoryController (AuthNet).
2025-07-20 08:19:40.381 +05:30 [INF] Executed DbCommand (13ms) [Parameters=[], CommandType='"Text"', CommandTimeout='30']
SELECT [i].[InventoryId], [i].[LastUpdated], [i].[ProductId], [i].[QuantityInStock], [i].[ReorderLevel]
FROM [Inventories] AS [i]
2025-07-20 08:19:40.382 +05:30 [INF] Executing OkObjectResult, writing value of type 'System.Collections.Generic.List`1[[AuthNet.Models.Domain.Inventory, AuthNet, Version=1.0.0.0, Culture=neutral, PublicKeyToken=null]]'.
2025-07-20 08:19:40.384 +05:30 [INF] Executed action AuthNet.Controllers.InventoryController.GetAll (AuthNet) in 17.7505ms
2025-07-20 08:19:40.384 +05:30 [INF] Executed endpoint 'AuthNet.Controllers.InventoryController.GetAll (AuthNet)'
2025-07-20 08:19:40.384 +05:30 [INF] Request finished HTTP/1.1 GET https://localhost:7165/api/Inventory - 200 null application/json; charset=utf-8 23.7968ms
2025-07-20 08:19:40.411 +05:30 [INF] Request starting HTTP/1.1 GET https://localhost:7165/api/Products - null null
2025-07-20 08:19:40.412 +05:30 [INF] Executing endpoint 'AuthNet.Controllers.ProductsController.GetAll (AuthNet)'
2025-07-20 08:19:40.412 +05:30 [INF] Route matched with {action = "GetAll", controller = "Products"}. Executing controller action with signature System.Threading.Tasks.Task`1[Microsoft.AspNetCore.Mvc.IActionResult] GetAll() on controller AuthNet.Controllers.ProductsController (AuthNet).
2025-07-20 08:19:40.418 +05:30 [INF] Executed DbCommand (5ms) [Parameters=[], CommandType='"Text"', CommandTimeout='30']
SELECT [p].[ProductId], [p].[CategoryId], [p].[CostPrice], [p].[Description], [p].[Name], [p].[ProductCode], [p].[ProductKey], [p].[SellPrice], [p].[SupplierId]
FROM [Products] AS [p]
2025-07-20 08:19:40.418 +05:30 [INF] Executing OkObjectResult, writing value of type 'System.Collections.Generic.List`1[[AuthNet.Models.Domain.Product, AuthNet, Version=1.0.0.0, Culture=neutral, PublicKeyToken=null]]'.
2025-07-20 08:19:40.418 +05:30 [INF] Executed action AuthNet.Controllers.ProductsController.GetAll (AuthNet) in 6.6367ms
2025-07-20 08:19:40.418 +05:30 [INF] Executed endpoint 'AuthNet.Controllers.ProductsController.GetAll (AuthNet)'
2025-07-20 08:19:40.419 +05:30 [INF] Request finished HTTP/1.1 GET https://localhost:7165/api/Products - 200 null application/json; charset=utf-8 7.8674ms
2025-07-20 08:29:01.048 +05:30 [INF] Request starting HTTP/2 GET https://localhost:7165/swagger/index.html - null null
2025-07-20 08:29:01.082 +05:30 [INF] Request finished HTTP/2 GET https://localhost:7165/swagger/index.html - 200 null text/html;charset=utf-8 35.1612ms
2025-07-20 08:29:01.109 +05:30 [INF] Request starting HTTP/2 GET https://localhost:7165/_vs/browserLink - null null
2025-07-20 08:29:01.124 +05:30 [INF] Request starting HTTP/2 GET https://localhost:7165/_framework/aspnetcore-browser-refresh.js - null null
2025-07-20 08:29:01.125 +05:30 [INF] Request finished HTTP/2 GET https://localhost:7165/_framework/aspnetcore-browser-refresh.js - 200 16499 application/javascript; charset=utf-8 1.1706ms
2025-07-20 08:29:01.148 +05:30 [INF] Request finished HTTP/2 GET https://localhost:7165/_vs/browserLink - 200 null text/javascript; charset=UTF-8 38.5201ms
2025-07-20 08:29:01.974 +05:30 [INF] Request starting HTTP/2 GET https://localhost:7165/swagger/v1/swagger.json - null null
2025-07-20 08:29:02.046 +05:30 [INF] Request finished HTTP/2 GET https://localhost:7165/swagger/v1/swagger.json - 200 null application/json;charset=utf-8 72.0824ms
2025-07-20 08:29:02.343 +05:30 [INF] Request starting HTTP/1.1 GET https://localhost:7165/api/Inventory - null null
2025-07-20 08:29:02.345 +05:30 [INF] Executing endpoint 'AuthNet.Controllers.InventoryController.GetAll (AuthNet)'
2025-07-20 08:29:02.354 +05:30 [INF] Route matched with {action = "GetAll", controller = "Inventory"}. Executing controller action with signature System.Threading.Tasks.Task`1[Microsoft.AspNetCore.Mvc.IActionResult] GetAll() on controller AuthNet.Controllers.InventoryController (AuthNet).
2025-07-20 08:29:02.898 +05:30 [INF] Executed DbCommand (40ms) [Parameters=[], CommandType='"Text"', CommandTimeout='30']
SELECT [i].[InventoryId], [i].[LastUpdated], [i].[ProductId], [i].[QuantityInStock], [i].[ReorderLevel]
FROM [Inventories] AS [i]
2025-07-20 08:29:02.898 +05:30 [INF] Executing OkObjectResult, writing value of type 'System.Collections.Generic.List`1[[AuthNet.Models.Domain.Inventory, AuthNet, Version=1.0.0.0, Culture=neutral, PublicKeyToken=null]]'.
2025-07-20 08:29:02.908 +05:30 [INF] Executed action AuthNet.Controllers.InventoryController.GetAll (AuthNet) in 553.3392ms
2025-07-20 08:29:02.908 +05:30 [INF] Executed endpoint 'AuthNet.Controllers.InventoryController.GetAll (AuthNet)'
2025-07-20 08:29:02.909 +05:30 [INF] Request finished HTTP/1.1 GET https://localhost:7165/api/Inventory - 200 null application/json; charset=utf-8 565.6088ms
2025-07-20 08:29:03.033 +05:30 [INF] Request starting HTTP/1.1 GET https://localhost:7165/api/Products - null null
2025-07-20 08:29:03.041 +05:30 [INF] Executing endpoint 'AuthNet.Controllers.ProductsController.GetAll (AuthNet)'
2025-07-20 08:29:03.048 +05:30 [INF] Route matched with {action = "GetAll", controller = "Products"}. Executing controller action with signature System.Threading.Tasks.Task`1[Microsoft.AspNetCore.Mvc.IActionResult] GetAll() on controller AuthNet.Controllers.ProductsController (AuthNet).
2025-07-20 08:29:03.459 +05:30 [INF] Executed DbCommand (410ms) [Parameters=[], CommandType='"Text"', CommandTimeout='30']
SELECT [p].[ProductId], [p].[CategoryId], [p].[CostPrice], [p].[Description], [p].[Name], [p].[ProductCode], [p].[ProductKey], [p].[SellPrice], [p].[SupplierId]
FROM [Products] AS [p]
2025-07-20 08:29:03.461 +05:30 [INF] Executing OkObjectResult, writing value of type 'System.Collections.Generic.List`1[[AuthNet.Models.Domain.Product, AuthNet, Version=1.0.0.0, Culture=neutral, PublicKeyToken=null]]'.
2025-07-20 08:29:03.464 +05:30 [INF] Executed action AuthNet.Controllers.ProductsController.GetAll (AuthNet) in 416.2748ms
2025-07-20 08:29:03.464 +05:30 [INF] Executed endpoint 'AuthNet.Controllers.ProductsController.GetAll (AuthNet)'
2025-07-20 08:29:03.465 +05:30 [INF] Request finished HTTP/1.1 GET https://localhost:7165/api/Products - 200 null application/json; charset=utf-8 431.3433ms
2025-07-20 08:29:04.847 +05:30 [INF] Request starting HTTP/1.1 GET https://localhost:7165/api/Products - null null
2025-07-20 08:29:04.847 +05:30 [INF] Executing endpoint 'AuthNet.Controllers.ProductsController.GetAll (AuthNet)'
2025-07-20 08:29:04.847 +05:30 [INF] Route matched with {action = "GetAll", controller = "Products"}. Executing controller action with signature System.Threading.Tasks.Task`1[Microsoft.AspNetCore.Mvc.IActionResult] GetAll() on controller AuthNet.Controllers.ProductsController (AuthNet).
2025-07-20 08:29:04.852 +05:30 [INF] Executed DbCommand (4ms) [Parameters=[], CommandType='"Text"', CommandTimeout='30']
SELECT [p].[ProductId], [p].[CategoryId], [p].[CostPrice], [p].[Description], [p].[Name], [p].[ProductCode], [p].[ProductKey], [p].[SellPrice], [p].[SupplierId]
FROM [Products] AS [p]
2025-07-20 08:29:04.853 +05:30 [INF] Executing OkObjectResult, writing value of type 'System.Collections.Generic.List`1[[AuthNet.Models.Domain.Product, AuthNet, Version=1.0.0.0, Culture=neutral, PublicKeyToken=null]]'.
2025-07-20 08:29:04.853 +05:30 [INF] Executed action AuthNet.Controllers.ProductsController.GetAll (AuthNet) in 5.8183ms
2025-07-20 08:29:04.853 +05:30 [INF] Executed endpoint 'AuthNet.Controllers.ProductsController.GetAll (AuthNet)'
2025-07-20 08:29:04.854 +05:30 [INF] Request finished HTTP/1.1 GET https://localhost:7165/api/Products - 200 null application/json; charset=utf-8 7.4009ms
2025-07-20 08:29:04.867 +05:30 [INF] Request starting HTTP/1.1 GET https://localhost:7165/api/categories - null null
2025-07-20 08:29:04.867 +05:30 [INF] Executing endpoint 'AuthNet.Controllers.CategoriesController.GetAll (AuthNet)'
2025-07-20 08:29:04.876 +05:30 [INF] Route matched with {action = "GetAll", controller = "Categories"}. Executing controller action with signature System.Threading.Tasks.Task`1[Microsoft.AspNetCore.Mvc.IActionResult] GetAll() on controller AuthNet.Controllers.CategoriesController (AuthNet).
2025-07-20 08:29:04.882 +05:30 [INF] Executed DbCommand (5ms) [Parameters=[], CommandType='"Text"', CommandTimeout='30']
SELECT [c].[CategoryId], [c].[Description], [c].[Name]
FROM [Categories] AS [c]
2025-07-20 08:29:04.883 +05:30 [INF] Executing OkObjectResult, writing value of type 'System.Collections.Generic.List`1[[AuthNet.Models.Domain.Category, AuthNet, Version=1.0.0.0, Culture=neutral, PublicKeyToken=null]]'.
2025-07-20 08:29:04.884 +05:30 [INF] Executed action AuthNet.Controllers.CategoriesController.GetAll (AuthNet) in 8.2504ms
2025-07-20 08:29:04.885 +05:30 [INF] Executed endpoint 'AuthNet.Controllers.CategoriesController.GetAll (AuthNet)'
2025-07-20 08:29:04.885 +05:30 [INF] Request finished HTTP/1.1 GET https://localhost:7165/api/categories - 200 null application/json; charset=utf-8 18.0238ms
2025-07-20 08:29:04.904 +05:30 [INF] Request starting HTTP/1.1 GET https://localhost:7165/api/suppliers - null null
2025-07-20 08:29:04.905 +05:30 [INF] Executing endpoint 'AuthNet.Controllers.SuppliersController.GetAll (AuthNet)'
2025-07-20 08:29:04.910 +05:30 [INF] Route matched with {action = "GetAll", controller = "Suppliers"}. Executing controller action with signature System.Threading.Tasks.Task`1[Microsoft.AspNetCore.Mvc.IActionResult] GetAll() on controller AuthNet.Controllers.SuppliersController (AuthNet).
2025-07-20 08:29:04.947 +05:30 [INF] Executed DbCommand (15ms) [Parameters=[], CommandType='"Text"', CommandTimeout='30']
SELECT [s].[SupplierId], [s].[CompanyName], [s].[ContactName], [s].[Phone], [s].[Address]
FROM [Suppliers] AS [s]
2025-07-20 08:29:04.949 +05:30 [INF] Executing OkObjectResult, writing value of type 'System.Collections.Generic.List`1[[AuthNet.Models.DTO.SupplierViewModel, AuthNet, Version=1.0.0.0, Culture=neutral, PublicKeyToken=null]]'.
2025-07-20 08:29:04.956 +05:30 [INF] Executed action AuthNet.Controllers.SuppliersController.GetAll (AuthNet) in 40.6399ms
2025-07-20 08:29:04.956 +05:30 [INF] Executed endpoint 'AuthNet.Controllers.SuppliersController.GetAll (AuthNet)'
2025-07-20 08:29:04.957 +05:30 [INF] Request finished HTTP/1.1 GET https://localhost:7165/api/suppliers - 200 null application/json; charset=utf-8 52.3682ms
2025-07-20 08:29:36.048 +05:30 [INF] Request starting HTTP/2 GET https://localhost:7165/swagger/index.html - null null
2025-07-20 08:29:36.063 +05:30 [INF] Request finished HTTP/2 GET https://localhost:7165/swagger/index.html - 200 null text/html;charset=utf-8 14.7547ms
2025-07-20 08:29:36.113 +05:30 [INF] Request starting HTTP/2 GET https://localhost:7165/_framework/aspnetcore-browser-refresh.js - null null
2025-07-20 08:29:36.115 +05:30 [INF] Request starting HTTP/2 GET https://localhost:7165/_vs/browserLink - null null
2025-07-20 08:29:36.119 +05:30 [INF] Request finished HTTP/2 GET https://localhost:7165/_framework/aspnetcore-browser-refresh.js - 200 16499 application/javascript; charset=utf-8 5.5621ms
2025-07-20 08:29:36.173 +05:30 [INF] Request finished HTTP/2 GET https://localhost:7165/_vs/browserLink - 200 null text/javascript; charset=UTF-8 57.0349ms
2025-07-20 08:29:36.348 +05:30 [INF] Request starting HTTP/2 GET https://localhost:7165/swagger/v1/swagger.json - null null
2025-07-20 08:29:36.417 +05:30 [INF] Request finished HTTP/2 GET https://localhost:7165/swagger/v1/swagger.json - 200 null application/json;charset=utf-8 69.3794ms
2025-07-20 08:29:36.890 +05:30 [INF] Request starting HTTP/1.1 GET https://localhost:7165/api/Products - null null
2025-07-20 08:29:36.891 +05:30 [INF] Executing endpoint 'AuthNet.Controllers.ProductsController.GetAll (AuthNet)'
2025-07-20 08:29:36.900 +05:30 [INF] Route matched with {action = "GetAll", controller = "Products"}. Executing controller action with signature System.Threading.Tasks.Task`1[Microsoft.AspNetCore.Mvc.IActionResult] GetAll() on controller AuthNet.Controllers.ProductsController (AuthNet).
2025-07-20 08:29:36.925 +05:30 [INF] Executed DbCommand (23ms) [Parameters=[], CommandType='"Text"', CommandTimeout='30']
SELECT [p].[ProductId], [p].[CategoryId], [p].[CostPrice], [p].[Description], [p].[Name], [p].[ProductCode], [p].[ProductKey], [p].[SellPrice], [p].[SupplierId]
FROM [Products] AS [p]
2025-07-20 08:29:36.928 +05:30 [INF] Executing OkObjectResult, writing value of type 'System.Collections.Generic.List`1[[AuthNet.Models.Domain.Product, AuthNet, Version=1.0.0.0, Culture=neutral, PublicKeyToken=null]]'.
2025-07-20 08:29:36.934 +05:30 [INF] Executed action AuthNet.Controllers.ProductsController.GetAll (AuthNet) in 33.3046ms
2025-07-20 08:29:36.934 +05:30 [INF] Executed endpoint 'AuthNet.Controllers.ProductsController.GetAll (AuthNet)'
2025-07-20 08:29:36.934 +05:30 [INF] Request finished HTTP/1.1 GET https://localhost:7165/api/Products - 200 null application/json; charset=utf-8 43.8629ms
2025-07-20 08:29:36.955 +05:30 [INF] Request starting HTTP/1.1 GET https://localhost:7165/api/categories - null null
2025-07-20 08:29:36.962 +05:30 [INF] Executing endpoint 'AuthNet.Controllers.CategoriesController.GetAll (AuthNet)'
2025-07-20 08:29:36.967 +05:30 [INF] Route matched with {action = "GetAll", controller = "Categories"}. Executing controller action with signature System.Threading.Tasks.Task`1[Microsoft.AspNetCore.Mvc.IActionResult] GetAll() on controller AuthNet.Controllers.CategoriesController (AuthNet).
2025-07-20 08:29:36.972 +05:30 [INF] Executed DbCommand (4ms) [Parameters=[], CommandType='"Text"', CommandTimeout='30']
SELECT [c].[CategoryId], [c].[Description], [c].[Name]
FROM [Categories] AS [c]
2025-07-20 08:29:36.972 +05:30 [INF] Executing OkObjectResult, writing value of type 'System.Collections.Generic.List`1[[AuthNet.Models.Domain.Category, AuthNet, Version=1.0.0.0, Culture=neutral, PublicKeyToken=null]]'.
2025-07-20 08:29:36.973 +05:30 [INF] Executed action AuthNet.Controllers.CategoriesController.GetAll (AuthNet) in 5.7984ms
2025-07-20 08:29:36.973 +05:30 [INF] Executed endpoint 'AuthNet.Controllers.CategoriesController.GetAll (AuthNet)'
2025-07-20 08:29:36.973 +05:30 [INF] Request finished HTTP/1.1 GET https://localhost:7165/api/categories - 200 null application/json; charset=utf-8 17.7819ms
2025-07-20 08:29:36.997 +05:30 [INF] Request starting HTTP/1.1 GET https://localhost:7165/api/suppliers - null null
2025-07-20 08:29:36.997 +05:30 [INF] Executing endpoint 'AuthNet.Controllers.SuppliersController.GetAll (AuthNet)'
2025-07-20 08:29:37.002 +05:30 [INF] Route matched with {action = "GetAll", controller = "Suppliers"}. Executing controller action with signature System.Threading.Tasks.Task`1[Microsoft.AspNetCore.Mvc.IActionResult] GetAll() on controller AuthNet.Controllers.SuppliersController (AuthNet).
2025-07-20 08:29:37.011 +05:30 [INF] Executed DbCommand (8ms) [Parameters=[], CommandType='"Text"', CommandTimeout='30']
SELECT [s].[SupplierId], [s].[CompanyName], [s].[ContactName], [s].[Phone], [s].[Address]
FROM [Suppliers] AS [s]
2025-07-20 08:29:37.012 +05:30 [INF] Executing OkObjectResult, writing value of type 'System.Collections.Generic.List`1[[AuthNet.Models.DTO.SupplierViewModel, AuthNet, Version=1.0.0.0, Culture=neutral, PublicKeyToken=null]]'.
2025-07-20 08:29:37.013 +05:30 [INF] Executed action AuthNet.Controllers.SuppliersController.GetAll (AuthNet) in 10.9233ms
2025-07-20 08:29:37.013 +05:30 [INF] Executed endpoint 'AuthNet.Controllers.SuppliersController.GetAll (AuthNet)'
2025-07-20 08:29:37.014 +05:30 [INF] Request finished HTTP/1.1 GET https://localhost:7165/api/suppliers - 200 null application/json; charset=utf-8 16.6566ms
2025-07-20 08:30:57.784 +05:30 [INF] Request starting HTTP/2 GET https://localhost:7165/swagger/index.html - null null
2025-07-20 08:30:57.816 +05:30 [INF] Request finished HTTP/2 GET https://localhost:7165/swagger/index.html - 200 null text/html;charset=utf-8 31.7409ms
2025-07-20 08:30:57.867 +05:30 [INF] Request starting HTTP/2 GET https://localhost:7165/_framework/aspnetcore-browser-refresh.js - null null
2025-07-20 08:30:57.868 +05:30 [INF] Request starting HTTP/2 GET https://localhost:7165/_vs/browserLink - null null
2025-07-20 08:30:57.868 +05:30 [INF] Request finished HTTP/2 GET https://localhost:7165/_framework/aspnetcore-browser-refresh.js - 200 16499 application/javascript; charset=utf-8 1.3799ms
2025-07-20 08:30:57.951 +05:30 [INF] Request finished HTTP/2 GET https://localhost:7165/_vs/browserLink - 200 null text/javascript; charset=UTF-8 83.8707ms
2025-07-20 08:30:58.173 +05:30 [INF] Request starting HTTP/2 GET https://localhost:7165/swagger/v1/swagger.json - null null
2025-07-20 08:30:58.262 +05:30 [INF] Request finished HTTP/2 GET https://localhost:7165/swagger/v1/swagger.json - 200 null application/json;charset=utf-8 88.3641ms
2025-07-20 08:30:58.313 +05:30 [INF] Request starting HTTP/1.1 GET https://localhost:7165/api/Products - null null
2025-07-20 08:30:58.314 +05:30 [INF] Executing endpoint 'AuthNet.Controllers.ProductsController.GetAll (AuthNet)'
2025-07-20 08:30:58.320 +05:30 [INF] Route matched with {action = "GetAll", controller = "Products"}. Executing controller action with signature System.Threading.Tasks.Task`1[Microsoft.AspNetCore.Mvc.IActionResult] GetAll() on controller AuthNet.Controllers.ProductsController (AuthNet).
2025-07-20 08:30:58.333 +05:30 [INF] Executed DbCommand (12ms) [Parameters=[], CommandType='"Text"', CommandTimeout='30']
SELECT [p].[ProductId], [p].[CategoryId], [p].[CostPrice], [p].[Description], [p].[Name], [p].[ProductCode], [p].[ProductKey], [p].[SellPrice], [p].[SupplierId]
FROM [Products] AS [p]
2025-07-20 08:30:58.333 +05:30 [INF] Executing OkObjectResult, writing value of type 'System.Collections.Generic.List`1[[AuthNet.Models.Domain.Product, AuthNet, Version=1.0.0.0, Culture=neutral, PublicKeyToken=null]]'.
2025-07-20 08:30:58.344 +05:30 [INF] Executed action AuthNet.Controllers.ProductsController.GetAll (AuthNet) in 24.4094ms
2025-07-20 08:30:58.344 +05:30 [INF] Executed endpoint 'AuthNet.Controllers.ProductsController.GetAll (AuthNet)'
2025-07-20 08:30:58.345 +05:30 [INF] Request finished HTTP/1.1 GET https://localhost:7165/api/Products - 200 null application/json; charset=utf-8 31.656ms
2025-07-20 08:30:58.370 +05:30 [INF] Request starting HTTP/1.1 GET https://localhost:7165/api/categories - null null
2025-07-20 08:30:58.376 +05:30 [INF] Executing endpoint 'AuthNet.Controllers.CategoriesController.GetAll (AuthNet)'
2025-07-20 08:30:58.382 +05:30 [INF] Route matched with {action = "GetAll", controller = "Categories"}. Executing controller action with signature System.Threading.Tasks.Task`1[Microsoft.AspNetCore.Mvc.IActionResult] GetAll() on controller AuthNet.Controllers.CategoriesController (AuthNet).
2025-07-20 08:30:58.395 +05:30 [INF] Executed DbCommand (10ms) [Parameters=[], CommandType='"Text"', CommandTimeout='30']
SELECT [c].[CategoryId], [c].[Description], [c].[Name]
FROM [Categories] AS [c]
2025-07-20 08:30:58.395 +05:30 [INF] Executing OkObjectResult, writing value of type 'System.Collections.Generic.List`1[[AuthNet.Models.Domain.Category, AuthNet, Version=1.0.0.0, Culture=neutral, PublicKeyToken=null]]'.
2025-07-20 08:30:58.399 +05:30 [INF] Executed action AuthNet.Controllers.CategoriesController.GetAll (AuthNet) in 16.5443ms
2025-07-20 08:30:58.399 +05:30 [INF] Executed endpoint 'AuthNet.Controllers.CategoriesController.GetAll (AuthNet)'
2025-07-20 08:30:58.400 +05:30 [INF] Request finished HTTP/1.1 GET https://localhost:7165/api/categories - 200 null application/json; charset=utf-8 29.2239ms
2025-07-20 08:30:58.440 +05:30 [INF] Request starting HTTP/1.1 GET https://localhost:7165/api/suppliers - null null
2025-07-20 08:30:58.440 +05:30 [INF] Executing endpoint 'AuthNet.Controllers.SuppliersController.GetAll (AuthNet)'
2025-07-20 08:30:58.447 +05:30 [INF] Route matched with {action = "GetAll", controller = "Suppliers"}. Executing controller action with signature System.Threading.Tasks.Task`1[Microsoft.AspNetCore.Mvc.IActionResult] GetAll() on controller AuthNet.Controllers.SuppliersController (AuthNet).
2025-07-20 08:30:58.467 +05:30 [INF] Executed DbCommand (18ms) [Parameters=[], CommandType='"Text"', CommandTimeout='30']
SELECT [s].[SupplierId], [s].[CompanyName], [s].[ContactName], [s].[Phone], [s].[Address]
FROM [Suppliers] AS [s]
2025-07-20 08:30:58.468 +05:30 [INF] Executing OkObjectResult, writing value of type 'System.Collections.Generic.List`1[[AuthNet.Models.DTO.SupplierViewModel, AuthNet, Version=1.0.0.0, Culture=neutral, PublicKeyToken=null]]'.
2025-07-20 08:30:58.471 +05:30 [INF] Executed action AuthNet.Controllers.SuppliersController.GetAll (AuthNet) in 23.4643ms
2025-07-20 08:30:58.471 +05:30 [INF] Executed endpoint 'AuthNet.Controllers.SuppliersController.GetAll (AuthNet)'
2025-07-20 08:30:58.471 +05:30 [INF] Request finished HTTP/1.1 GET https://localhost:7165/api/suppliers - 200 null application/json; charset=utf-8 31.1118ms
2025-07-20 08:31:06.491 +05:30 [INF] Request starting HTTP/1.1 GET https://localhost:7165/api/Inventory - null null
2025-07-20 08:31:06.491 +05:30 [INF] Executing endpoint 'AuthNet.Controllers.InventoryController.GetAll (AuthNet)'
2025-07-20 08:31:06.506 +05:30 [INF] Route matched with {action = "GetAll", controller = "Inventory"}. Executing controller action with signature System.Threading.Tasks.Task`1[Microsoft.AspNetCore.Mvc.IActionResult] GetAll() on controller AuthNet.Controllers.InventoryController (AuthNet).
2025-07-20 08:31:06.519 +05:30 [INF] Executed DbCommand (11ms) [Parameters=[], CommandType='"Text"', CommandTimeout='30']
SELECT [i].[InventoryId], [i].[LastUpdated], [i].[ProductId], [i].[QuantityInStock], [i].[ReorderLevel]
FROM [Inventories] AS [i]
2025-07-20 08:31:06.519 +05:30 [INF] Executing OkObjectResult, writing value of type 'System.Collections.Generic.List`1[[AuthNet.Models.Domain.Inventory, AuthNet, Version=1.0.0.0, Culture=neutral, PublicKeyToken=null]]'.
2025-07-20 08:31:06.522 +05:30 [INF] Executed action AuthNet.Controllers.InventoryController.GetAll (AuthNet) in 15.5938ms
2025-07-20 08:31:06.522 +05:30 [INF] Executed endpoint 'AuthNet.Controllers.InventoryController.GetAll (AuthNet)'
2025-07-20 08:31:06.523 +05:30 [INF] Request finished HTTP/1.1 GET https://localhost:7165/api/Inventory - 200 null application/json; charset=utf-8 32.0046ms
2025-07-20 08:31:06.540 +05:30 [INF] Request starting HTTP/1.1 GET https://localhost:7165/api/Products - null null
2025-07-20 08:31:06.541 +05:30 [INF] Executing endpoint 'AuthNet.Controllers.ProductsController.GetAll (AuthNet)'
2025-07-20 08:31:06.541 +05:30 [INF] Route matched with {action = "GetAll", controller = "Products"}. Executing controller action with signature System.Threading.Tasks.Task`1[Microsoft.AspNetCore.Mvc.IActionResult] GetAll() on controller AuthNet.Controllers.ProductsController (AuthNet).
2025-07-20 08:31:06.547 +05:30 [INF] Executed DbCommand (5ms) [Parameters=[], CommandType='"Text"', CommandTimeout='30']
SELECT [p].[ProductId], [p].[CategoryId], [p].[CostPrice], [p].[Description], [p].[Name], [p].[ProductCode], [p].[ProductKey], [p].[SellPrice], [p].[SupplierId]
FROM [Products] AS [p]
2025-07-20 08:31:06.547 +05:30 [INF] Executing OkObjectResult, writing value of type 'System.Collections.Generic.List`1[[AuthNet.Models.Domain.Product, AuthNet, Version=1.0.0.0, Culture=neutral, PublicKeyToken=null]]'.
2025-07-20 08:31:06.548 +05:30 [INF] Executed action AuthNet.Controllers.ProductsController.GetAll (AuthNet) in 6.7597ms
2025-07-20 08:31:06.548 +05:30 [INF] Executed endpoint 'AuthNet.Controllers.ProductsController.GetAll (AuthNet)'
2025-07-20 08:31:06.548 +05:30 [INF] Request finished HTTP/1.1 GET https://localhost:7165/api/Products - 200 null application/json; charset=utf-8 7.6303ms
2025-07-20 08:31:08.587 +05:30 [INF] Request starting HTTP/1.1 GET https://localhost:7165/api/Products - null null
2025-07-20 08:31:08.587 +05:30 [INF] Executing endpoint 'AuthNet.Controllers.ProductsController.GetAll (AuthNet)'
2025-07-20 08:31:08.587 +05:30 [INF] Route matched with {action = "GetAll", controller = "Products"}. Executing controller action with signature System.Threading.Tasks.Task`1[Microsoft.AspNetCore.Mvc.IActionResult] GetAll() on controller AuthNet.Controllers.ProductsController (AuthNet).
2025-07-20 08:31:08.595 +05:30 [INF] Executed DbCommand (7ms) [Parameters=[], CommandType='"Text"', CommandTimeout='30']
SELECT [p].[ProductId], [p].[CategoryId], [p].[CostPrice], [p].[Description], [p].[Name], [p].[ProductCode], [p].[ProductKey], [p].[SellPrice], [p].[SupplierId]
FROM [Products] AS [p]
2025-07-20 08:31:08.596 +05:30 [INF] Executing OkObjectResult, writing value of type 'System.Collections.Generic.List`1[[AuthNet.Models.Domain.Product, AuthNet, Version=1.0.0.0, Culture=neutral, PublicKeyToken=null]]'.
2025-07-20 08:31:08.596 +05:30 [INF] Executed action AuthNet.Controllers.ProductsController.GetAll (AuthNet) in 8.212ms
2025-07-20 08:31:08.596 +05:30 [INF] Executed endpoint 'AuthNet.Controllers.ProductsController.GetAll (AuthNet)'
2025-07-20 08:31:08.596 +05:30 [INF] Request finished HTTP/1.1 GET https://localhost:7165/api/Products - 200 null application/json; charset=utf-8 9.2096ms
2025-07-20 08:31:08.868 +05:30 [INF] Request starting HTTP/1.1 GET https://localhost:7165/api/categories - null null
2025-07-20 08:31:08.868 +05:30 [INF] Executing endpoint 'AuthNet.Controllers.CategoriesController.GetAll (AuthNet)'
2025-07-20 08:31:08.868 +05:30 [INF] Route matched with {action = "GetAll", controller = "Categories"}. Executing controller action with signature System.Threading.Tasks.Task`1[Microsoft.AspNetCore.Mvc.IActionResult] GetAll() on controller AuthNet.Controllers.CategoriesController (AuthNet).
2025-07-20 08:31:08.885 +05:30 [INF] Executed DbCommand (16ms) [Parameters=[], CommandType='"Text"', CommandTimeout='30']
SELECT [c].[CategoryId], [c].[Description], [c].[Name]
FROM [Categories] AS [c]
2025-07-20 08:31:08.885 +05:30 [INF] Executing OkObjectResult, writing value of type 'System.Collections.Generic.List`1[[AuthNet.Models.Domain.Category, AuthNet, Version=1.0.0.0, Culture=neutral, PublicKeyToken=null]]'.
2025-07-20 08:31:08.886 +05:30 [INF] Executed action AuthNet.Controllers.CategoriesController.GetAll (AuthNet) in 17.4621ms
2025-07-20 08:31:08.886 +05:30 [INF] Executed endpoint 'AuthNet.Controllers.CategoriesController.GetAll (AuthNet)'
2025-07-20 08:31:08.886 +05:30 [INF] Request finished HTTP/1.1 GET https://localhost:7165/api/categories - 200 null application/json; charset=utf-8 18.3287ms
2025-07-20 08:31:08.912 +05:30 [INF] Request starting HTTP/1.1 GET https://localhost:7165/api/suppliers - null null
2025-07-20 08:31:08.913 +05:30 [INF] Executing endpoint 'AuthNet.Controllers.SuppliersController.GetAll (AuthNet)'
2025-07-20 08:31:08.913 +05:30 [INF] Route matched with {action = "GetAll", controller = "Suppliers"}. Executing controller action with signature System.Threading.Tasks.Task`1[Microsoft.AspNetCore.Mvc.IActionResult] GetAll() on controller AuthNet.Controllers.SuppliersController (AuthNet).
2025-07-20 08:31:08.918 +05:30 [INF] Executed DbCommand (4ms) [Parameters=[], CommandType='"Text"', CommandTimeout='30']
SELECT [s].[SupplierId], [s].[CompanyName], [s].[ContactName], [s].[Phone], [s].[Address]
FROM [Suppliers] AS [s]
2025-07-20 08:31:08.918 +05:30 [INF] Executing OkObjectResult, writing value of type 'System.Collections.Generic.List`1[[AuthNet.Models.DTO.SupplierViewModel, AuthNet, Version=1.0.0.0, Culture=neutral, PublicKeyToken=null]]'.
2025-07-20 08:31:08.918 +05:30 [INF] Executed action AuthNet.Controllers.SuppliersController.GetAll (AuthNet) in 5.7887ms
2025-07-20 08:31:08.919 +05:30 [INF] Executed endpoint 'AuthNet.Controllers.SuppliersController.GetAll (AuthNet)'
2025-07-20 08:31:08.919 +05:30 [INF] Request finished HTTP/1.1 GET https://localhost:7165/api/suppliers - 200 null application/json; charset=utf-8 6.5789ms
2025-07-20 08:33:13.351 +05:30 [INF] User profile is available. Using 'C:\Users\Admin\AppData\Local\ASP.NET\DataProtection-Keys' as key repository and Windows DPAPI to encrypt keys at rest.
2025-07-20 08:33:14.091 +05:30 [INF] Now listening on: https://localhost:7165
2025-07-20 08:33:14.092 +05:30 [INF] Now listening on: http://localhost:5008
2025-07-20 08:33:15.291 +05:30 [INF] Application started. Press Ctrl+C to shut down.
2025-07-20 08:33:15.291 +05:30 [INF] Hosting environment: Development
2025-07-20 08:33:15.292 +05:30 [INF] Content root path: C:\Users\Admin\Source\Repos\AuthNet\AuthNet
2025-07-20 08:33:15.996 +05:30 [INF] Request starting HTTP/2 GET https://localhost:7165/swagger/index.html - null null
2025-07-20 08:33:16.686 +05:30 [INF] Request finished HTTP/2 GET https://localhost:7165/swagger/index.html - 200 null text/html;charset=utf-8 705.7718ms
2025-07-20 08:33:17.166 +05:30 [INF] Request starting HTTP/2 GET https://localhost:7165/_framework/aspnetcore-browser-refresh.js - null null
2025-07-20 08:33:17.218 +05:30 [INF] Request starting HTTP/2 GET https://localhost:7165/_vs/browserLink - null null
2025-07-20 08:33:17.447 +05:30 [INF] Request finished HTTP/2 GET https://localhost:7165/_framework/aspnetcore-browser-refresh.js - 200 16499 application/javascript; charset=utf-8 280.7267ms
2025-07-20 08:33:18.044 +05:30 [INF] Request finished HTTP/2 GET https://localhost:7165/_vs/browserLink - 200 null text/javascript; charset=UTF-8 826.3427ms
2025-07-20 08:33:18.142 +05:30 [INF] Request starting HTTP/2 GET https://localhost:7165/swagger/v1/swagger.json - null null
2025-07-20 08:33:18.360 +05:30 [INF] Request finished HTTP/2 GET https://localhost:7165/swagger/v1/swagger.json - 200 null application/json;charset=utf-8 217.9946ms
2025-07-20 08:33:19.235 +05:30 [INF] Request starting HTTP/1.1 GET https://localhost:7165/api/Sales/DailyProfit - null null
2025-07-20 08:33:19.551 +05:30 [INF] Executing endpoint 'AuthNet.Controllers.SalesController.GetDailyProfit (AuthNet)'
2025-07-20 08:33:19.601 +05:30 [INF] Route matched with {action = "GetDailyProfit", controller = "Sales"}. Executing controller action with signature System.Threading.Tasks.Task`1[Microsoft.AspNetCore.Mvc.IActionResult] GetDailyProfit() on controller AuthNet.Controllers.SalesController (AuthNet).
2025-07-20 08:33:21.786 +05:30 [WRN] No store type was specified for the decimal property 'TotalAmount' on entity type 'Order'. This will cause values to be silently truncated if they do not fit in the default precision and scale. Explicitly specify the SQL server column type that can accommodate all the values in 'OnModelCreating' using 'HasColumnType', specify precision and scale using 'HasPrecision', or configure a value converter using 'HasConversion'.
2025-07-20 08:33:21.787 +05:30 [WRN] No store type was specified for the decimal property 'UnitPrice' on entity type 'OrderItem'. This will cause values to be silently truncated if they do not fit in the default precision and scale. Explicitly specify the SQL server column type that can accommodate all the values in 'OnModelCreating' using 'HasColumnType', specify precision and scale using 'HasPrecision', or configure a value converter using 'HasConversion'.
2025-07-20 08:33:21.787 +05:30 [WRN] No store type was specified for the decimal property 'CostPrice' on entity type 'Product'. This will cause values to be silently truncated if they do not fit in the default precision and scale. Explicitly specify the SQL server column type that can accommodate all the values in 'OnModelCreating' using 'HasColumnType', specify precision and scale using 'HasPrecision', or configure a value converter using 'HasConversion'.
2025-07-20 08:33:21.787 +05:30 [WRN] No store type was specified for the decimal property 'SellPrice' on entity type 'Product'. This will cause values to be silently truncated if they do not fit in the default precision and scale. Explicitly specify the SQL server column type that can accommodate all the values in 'OnModelCreating' using 'HasColumnType', specify precision and scale using 'HasPrecision', or configure a value converter using 'HasConversion'.
2025-07-20 08:33:21.787 +05:30 [WRN] No store type was specified for the decimal property 'TotalAmount' on entity type 'PurchaseOrder'. This will cause values to be silently truncated if they do not fit in the default precision and scale. Explicitly specify the SQL server column type that can accommodate all the values in 'OnModelCreating' using 'HasColumnType', specify precision and scale using 'HasPrecision', or configure a value converter using 'HasConversion'.
2025-07-20 08:33:21.787 +05:30 [WRN] No store type was specified for the decimal property 'UnitPrice' on entity type 'PurchaseOrderItems'. This will cause values to be silently truncated if they do not fit in the default precision and scale. Explicitly specify the SQL server column type that can accommodate all the values in 'OnModelCreating' using 'HasColumnType', specify precision and scale using 'HasPrecision', or configure a value converter using 'HasConversion'.
2025-07-20 08:33:21.787 +05:30 [WRN] No store type was specified for the decimal property 'AfterTaxAmount' on entity type 'Sale'. This will cause values to be silently truncated if they do not fit in the default precision and scale. Explicitly specify the SQL server column type that can accommodate all the values in 'OnModelCreating' using 'HasColumnType', specify precision and scale using 'HasPrecision', or configure a value converter using 'HasConversion'.
2025-07-20 08:33:21.787 +05:30 [WRN] No store type was specified for the decimal property 'DiscountedAmount' on entity type 'Sale'. This will cause values to be silently truncated if they do not fit in the default precision and scale. Explicitly specify the SQL server column type that can accommodate all the values in 'OnModelCreating' using 'HasColumnType', specify precision and scale using 'HasPrecision', or configure a value converter using 'HasConversion'.
2025-07-20 08:33:21.787 +05:30 [WRN] No store type was specified for the decimal property 'PrincipalAmount' on entity type 'Sale'. This will cause values to be silently truncated if they do not fit in the default precision and scale. Explicitly specify the SQL server column type that can accommodate all the values in 'OnModelCreating' using 'HasColumnType', specify precision and scale using 'HasPrecision', or configure a value converter using 'HasConversion'.
2025-07-20 08:33:21.788 +05:30 [WRN] No store type was specified for the decimal property 'TotalAmount' on entity type 'Sale'. This will cause values to be silently truncated if they do not fit in the default precision and scale. Explicitly specify the SQL server column type that can accommodate all the values in 'OnModelCreating' using 'HasColumnType', specify precision and scale using 'HasPrecision', or configure a value converter using 'HasConversion'.
2025-07-20 08:33:21.788 +05:30 [WRN] No store type was specified for the decimal property 'TotalPrice' on entity type 'SaleItem'. This will cause values to be silently truncated if they do not fit in the default precision and scale. Explicitly specify the SQL server column type that can accommodate all the values in 'OnModelCreating' using 'HasColumnType', specify precision and scale using 'HasPrecision', or configure a value converter using 'HasConversion'.
2025-07-20 08:33:21.788 +05:30 [WRN] No store type was specified for the decimal property 'UnitPrice' on entity type 'SaleItem'. This will cause values to be silently truncated if they do not fit in the default precision and scale. Explicitly specify the SQL server column type that can accommodate all the values in 'OnModelCreating' using 'HasColumnType', specify precision and scale using 'HasPrecision', or configure a value converter using 'HasConversion'.
2025-07-20 08:33:21.788 +05:30 [WRN] No store type was specified for the decimal property 'CGST' on entity type 'TaxSetting'. This will cause values to be silently truncated if they do not fit in the default precision and scale. Explicitly specify the SQL server column type that can accommodate all the values in 'OnModelCreating' using 'HasColumnType', specify precision and scale using 'HasPrecision', or configure a value converter using 'HasConversion'.
2025-07-20 08:33:21.790 +05:30 [WRN] No store type was specified for the decimal property 'IGST' on entity type 'TaxSetting'. This will cause values to be silently truncated if they do not fit in the default precision and scale. Explicitly specify the SQL server column type that can accommodate all the values in 'OnModelCreating' using 'HasColumnType', specify precision and scale using 'HasPrecision', or configure a value converter using 'HasConversion'.
2025-07-20 08:33:21.790 +05:30 [WRN] No store type was specified for the decimal property 'SGST' on entity type 'TaxSetting'. This will cause values to be silently truncated if they do not fit in the default precision and scale. Explicitly specify the SQL server column type that can accommodate all the values in 'OnModelCreating' using 'HasColumnType', specify precision and scale using 'HasPrecision', or configure a value converter using 'HasConversion'.
2025-07-20 08:33:24.122 +05:30 [INF] Executed DbCommand (146ms) [Parameters=[@__date_Date_0='?' (DbType = DateTime2)], CommandType='"Text"', CommandTimeout='30']
SELECT [s].[Id], [s].[ProductId], [s].[ProductName], [s].[Quantity], [s].[SaleId], [s].[TotalPrice], [s].[UnitPrice], [s0].[Id], [s0].[AfterTaxAmount], [s0].[CreatedAt], [s0].[DiscountedAmount], [s0].[InvoiceDate], [s0].[InvoiceNo], [s0].[PrincipalAmount], [s0].[Template], [s0].[TotalAmount]
FROM [SaleItems] AS [s]
INNER JOIN [Sales] AS [s0] ON [s].[SaleId] = [s0].[Id]
WHERE CONVERT(date, [s0].[InvoiceDate]) = @__date_Date_0
2025-07-20 08:33:24.587 +05:30 [INF] Executed DbCommand (21ms) [Parameters=[@__productIds_0='?' (Size = 4000)], CommandType='"Text"', CommandTimeout='30']
SELECT [p].[ProductId], [p].[CategoryId], [p].[CostPrice], [p].[Description], [p].[Name], [p].[ProductCode], [p].[ProductKey], [p].[SellPrice], [p].[SupplierId]
FROM [Products] AS [p]
WHERE [p].[ProductId] IN (
    SELECT [p0].[value]
    FROM OPENJSON(@__productIds_0) WITH ([value] int '$') AS [p0]
)
2025-07-20 08:33:24.695 +05:30 [INF] Executing OkObjectResult, writing value of type 'AuthNet.Models.DTO.DailyProfitDto'.
2025-07-20 08:33:24.774 +05:30 [INF] Executed action AuthNet.Controllers.SalesController.GetDailyProfit (AuthNet) in 5163.1328ms
2025-07-20 08:33:24.776 +05:30 [INF] Executed endpoint 'AuthNet.Controllers.SalesController.GetDailyProfit (AuthNet)'
2025-07-20 08:33:24.800 +05:30 [INF] Request finished HTTP/1.1 GET https://localhost:7165/api/Sales/DailyProfit - 200 null application/json; charset=utf-8 5565.3707ms
2025-07-20 08:33:24.848 +05:30 [INF] Request starting HTTP/1.1 GET https://localhost:7165/api/Sales/CurrentMonthProfit - null null
2025-07-20 08:33:24.898 +05:30 [INF] Executing endpoint 'AuthNet.Controllers.SalesController.GetCurrentMonthProfit (AuthNet)'
2025-07-20 08:33:24.911 +05:30 [INF] Route matched with {action = "GetCurrentMonthProfit", controller = "Sales"}. Executing controller action with signature System.Threading.Tasks.Task`1[Microsoft.AspNetCore.Mvc.IActionResult] GetCurrentMonthProfit() on controller AuthNet.Controllers.SalesController (AuthNet).
2025-07-20 08:33:25.028 +05:30 [INF] Executed DbCommand (28ms) [Parameters=[@__currentYear_0='?' (DbType = Int32), @__currentMonth_1='?' (DbType = Int32)], CommandType='"Text"', CommandTimeout='30']
SELECT [s].[Id], [s].[ProductId], [s].[ProductName], [s].[Quantity], [s].[SaleId], [s].[TotalPrice], [s].[UnitPrice], [s0].[Id], [s0].[AfterTaxAmount], [s0].[CreatedAt], [s0].[DiscountedAmount], [s0].[InvoiceDate], [s0].[InvoiceNo], [s0].[PrincipalAmount], [s0].[Template], [s0].[TotalAmount]
FROM [SaleItems] AS [s]
INNER JOIN [Sales] AS [s0] ON [s].[SaleId] = [s0].[Id]
WHERE DATEPART(year, [s0].[InvoiceDate]) = @__currentYear_0 AND DATEPART(month, [s0].[InvoiceDate]) = @__currentMonth_1
2025-07-20 08:33:25.051 +05:30 [INF] Executed DbCommand (9ms) [Parameters=[@__productIds_0='?' (Size = 4000)], CommandType='"Text"', CommandTimeout='30']
SELECT [p].[ProductId], [p].[CategoryId], [p].[CostPrice], [p].[Description], [p].[Name], [p].[ProductCode], [p].[ProductKey], [p].[SellPrice], [p].[SupplierId]
FROM [Products] AS [p]
WHERE [p].[ProductId] IN (
    SELECT [p0].[value]
    FROM OPENJSON(@__productIds_0) WITH ([value] int '$') AS [p0]
)
2025-07-20 08:33:25.054 +05:30 [INF] Executing OkObjectResult, writing value of type 'AuthNet.Models.DTO.MonthlyProfitDto'.
2025-07-20 08:33:25.061 +05:30 [INF] Executed action AuthNet.Controllers.SalesController.GetCurrentMonthProfit (AuthNet) in 149.6299ms
2025-07-20 08:33:25.061 +05:30 [INF] Executed endpoint 'AuthNet.Controllers.SalesController.GetCurrentMonthProfit (AuthNet)'
2025-07-20 08:33:25.063 +05:30 [INF] Request finished HTTP/1.1 GET https://localhost:7165/api/Sales/CurrentMonthProfit - 200 null application/json; charset=utf-8 214.5312ms
2025-07-20 08:33:25.098 +05:30 [INF] Request starting HTTP/1.1 GET https://localhost:7165/api/Sales/CurrentYearProfit - null null
2025-07-20 08:33:25.104 +05:30 [INF] Executing endpoint 'AuthNet.Controllers.SalesController.GetCurrentYearProfit (AuthNet)'
2025-07-20 08:33:25.111 +05:30 [INF] Route matched with {action = "GetCurrentYearProfit", controller = "Sales"}. Executing controller action with signature System.Threading.Tasks.Task`1[Microsoft.AspNetCore.Mvc.IActionResult] GetCurrentYearProfit() on controller AuthNet.Controllers.SalesController (AuthNet).
2025-07-20 08:33:25.330 +05:30 [INF] Executed DbCommand (20ms) [Parameters=[@__currentYear_0='?' (DbType = Int32)], CommandType='"Text"', CommandTimeout='30']
SELECT [s].[Id], [s].[ProductId], [s].[ProductName], [s].[Quantity], [s].[SaleId], [s].[TotalPrice], [s].[UnitPrice], [s0].[Id], [s0].[AfterTaxAmount], [s0].[CreatedAt], [s0].[DiscountedAmount], [s0].[InvoiceDate], [s0].[InvoiceNo], [s0].[PrincipalAmount], [s0].[Template], [s0].[TotalAmount]
FROM [SaleItems] AS [s]
INNER JOIN [Sales] AS [s0] ON [s].[SaleId] = [s0].[Id]
WHERE DATEPART(year, [s0].[InvoiceDate]) = @__currentYear_0
2025-07-20 08:33:25.345 +05:30 [INF] Executed DbCommand (9ms) [Parameters=[@__productIds_0='?' (Size = 4000)], CommandType='"Text"', CommandTimeout='30']
SELECT [p].[ProductId], [p].[CategoryId], [p].[CostPrice], [p].[Description], [p].[Name], [p].[ProductCode], [p].[ProductKey], [p].[SellPrice], [p].[SupplierId]
FROM [Products] AS [p]
WHERE [p].[ProductId] IN (
    SELECT [p0].[value]
    FROM OPENJSON(@__productIds_0) WITH ([value] int '$') AS [p0]
)
2025-07-20 08:33:25.347 +05:30 [INF] Executing OkObjectResult, writing value of type 'AuthNet.Models.DTO.YearlyProfitDto'.
2025-07-20 08:33:25.350 +05:30 [INF] Executed action AuthNet.Controllers.SalesController.GetCurrentYearProfit (AuthNet) in 238.8765ms
2025-07-20 08:33:25.350 +05:30 [INF] Executed endpoint 'AuthNet.Controllers.SalesController.GetCurrentYearProfit (AuthNet)'
2025-07-20 08:33:25.351 +05:30 [INF] Request finished HTTP/1.1 GET https://localhost:7165/api/Sales/CurrentYearProfit - 200 null application/json; charset=utf-8 252.5469ms
2025-07-20 08:33:25.375 +05:30 [INF] Request starting HTTP/1.1 GET https://localhost:7165/api/Tasks - null null
2025-07-20 08:33:25.376 +05:30 [INF] Executing endpoint 'AuthNet.Controllers.TasksController.GetTasks (AuthNet)'
2025-07-20 08:33:25.379 +05:30 [INF] Route matched with {action = "GetTasks", controller = "Tasks"}. Executing controller action with signature Microsoft.AspNetCore.Mvc.IActionResult GetTasks() on controller AuthNet.Controllers.TasksController (AuthNet).
2025-07-20 08:33:25.431 +05:30 [INF] Executed DbCommand (15ms) [Parameters=[], CommandType='"Text"', CommandTimeout='30']
SELECT [t].[Id], [t].[Title], [t].[DueDate]
FROM [Tasks] AS [t]
2025-07-20 08:33:25.443 +05:30 [INF] Executing OkObjectResult, writing value of type 'System.Collections.Generic.List`1[[AuthNet.Models.DTO.TaskItemDto, AuthNet, Version=1.0.0.0, Culture=neutral, PublicKeyToken=null]]'.
2025-07-20 08:33:25.458 +05:30 [INF] Executed action AuthNet.Controllers.TasksController.GetTasks (AuthNet) in 78.9184ms
2025-07-20 08:33:25.459 +05:30 [INF] Executed endpoint 'AuthNet.Controllers.TasksController.GetTasks (AuthNet)'
2025-07-20 08:33:25.459 +05:30 [INF] Request finished HTTP/1.1 GET https://localhost:7165/api/Tasks - 200 null application/json; charset=utf-8 84.3418ms
2025-07-20 08:33:25.778 +05:30 [INF] Request starting HTTP/1.1 GET https://localhost:7165/api/Settings/Get - null null
2025-07-20 08:33:25.780 +05:30 [INF] Executing endpoint 'AuthNet.Controllers.SettingsController.GetCompanyInfo (AuthNet)'
2025-07-20 08:33:25.799 +05:30 [INF] Route matched with {action = "GetCompanyInfo", controller = "Settings"}. Executing controller action with signature System.Threading.Tasks.Task`1[Microsoft.AspNetCore.Mvc.IActionResult] GetCompanyInfo() on controller AuthNet.Controllers.SettingsController (AuthNet).
2025-07-20 08:33:25.820 +05:30 [WRN] The query uses the 'First'/'FirstOrDefault' operator without 'OrderBy' and filter operators. This may lead to unpredictable results.
2025-07-20 08:33:25.851 +05:30 [INF] Executed DbCommand (12ms) [Parameters=[], CommandType='"Text"', CommandTimeout='30']
SELECT TOP(1) [c].[Id], [c].[Address], [c].[ContactNumber], [c].[Email], [c].[GSTIN], [c].[LogoFileExtension], [c].[LogoFilePath], [c].[LogoFileSizeInBytes], [c].[LogoName], [c].[Name], [c].[SignFileExtension], [c].[SignFilePath], [c].[SignFileSizeInBytes], [c].[SignName]
FROM [CompanyInfos] AS [c]
2025-07-20 08:33:25.942 +05:30 [INF] Executing OkObjectResult, writing value of type 'AuthNet.Models.DTO.CompanyInfoResponseDto'.
2025-07-20 08:33:25.946 +05:30 [INF] Executed action AuthNet.Controllers.SettingsController.GetCompanyInfo (AuthNet) in 146.3351ms
2025-07-20 08:33:25.946 +05:30 [INF] Executed endpoint 'AuthNet.Controllers.SettingsController.GetCompanyInfo (AuthNet)'
2025-07-20 08:33:25.947 +05:30 [INF] Request finished HTTP/1.1 GET https://localhost:7165/api/Settings/Get - 200 null application/json; charset=utf-8 168.1789ms
2025-07-20 08:33:27.052 +05:30 [INF] Request starting HTTP/2 GET https://localhost:7165/api/Sales/WeeklyProfit - null null
2025-07-20 08:33:27.059 +05:30 [INF] CORS policy execution successful.
2025-07-20 08:33:27.061 +05:30 [INF] Executing endpoint 'AuthNet.Controllers.SalesController.GetWeeklyProfit (AuthNet)'
2025-07-20 08:33:27.071 +05:30 [INF] Route matched with {action = "GetWeeklyProfit", controller = "Sales"}. Executing controller action with signature System.Threading.Tasks.Task`1[Microsoft.AspNetCore.Mvc.IActionResult] GetWeeklyProfit() on controller AuthNet.Controllers.SalesController (AuthNet).
2025-07-20 08:33:27.074 +05:30 [INF] Request starting HTTP/2 GET https://localhost:7165/api/Products/CategoryWiseProductCount - null null
2025-07-20 08:33:27.080 +05:30 [INF] CORS policy execution successful.
2025-07-20 08:33:27.080 +05:30 [INF] Executing endpoint 'AuthNet.Controllers.ProductsController.GetCategoryWiseProductCount (AuthNet)'
2025-07-20 08:33:27.100 +05:30 [INF] Route matched with {action = "GetCategoryWiseProductCount", controller = "Products"}. Executing controller action with signature System.Threading.Tasks.Task`1[Microsoft.AspNetCore.Mvc.IActionResult] GetCategoryWiseProductCount() on controller AuthNet.Controllers.ProductsController (AuthNet).
2025-07-20 08:33:27.222 +05:30 [INF] Executed DbCommand (88ms) [Parameters=[@__startDate_0='?' (DbType = DateTime2), @__endDate_1='?' (DbType = DateTime2)], CommandType='"Text"', CommandTimeout='30']
SELECT [s].[Id], [s].[ProductId], [s].[ProductName], [s].[Quantity], [s].[SaleId], [s].[TotalPrice], [s].[UnitPrice], [s0].[Id], [s0].[AfterTaxAmount], [s0].[CreatedAt], [s0].[DiscountedAmount], [s0].[InvoiceDate], [s0].[InvoiceNo], [s0].[PrincipalAmount], [s0].[Template], [s0].[TotalAmount]
FROM [SaleItems] AS [s]
INNER JOIN [Sales] AS [s0] ON [s].[SaleId] = [s0].[Id]
WHERE CONVERT(date, [s0].[InvoiceDate]) >= @__startDate_0 AND CONVERT(date, [s0].[InvoiceDate]) <= @__endDate_1
2025-07-20 08:33:27.243 +05:30 [INF] Executed DbCommand (16ms) [Parameters=[@__productIds_0='?' (Size = 4000)], CommandType='"Text"', CommandTimeout='30']
SELECT [p].[ProductId], [p].[CategoryId], [p].[CostPrice], [p].[Description], [p].[Name], [p].[ProductCode], [p].[ProductKey], [p].[SellPrice], [p].[SupplierId]
FROM [Products] AS [p]
WHERE [p].[ProductId] IN (
    SELECT [p0].[value]
    FROM OPENJSON(@__productIds_0) WITH ([value] int '$') AS [p0]
)
2025-07-20 08:33:27.272 +05:30 [INF] Executing OkObjectResult, writing value of type 'System.Collections.Generic.List`1[[AuthNet.Models.DTO.DailyProfitDto, AuthNet, Version=1.0.0.0, Culture=neutral, PublicKeyToken=null]]'.
2025-07-20 08:33:27.276 +05:30 [INF] Executed action AuthNet.Controllers.SalesController.GetWeeklyProfit (AuthNet) in 202.8877ms
2025-07-20 08:33:27.276 +05:30 [INF] Executed endpoint 'AuthNet.Controllers.SalesController.GetWeeklyProfit (AuthNet)'
2025-07-20 08:33:27.277 +05:30 [INF] Request finished HTTP/2 GET https://localhost:7165/api/Sales/WeeklyProfit - 200 null application/json; charset=utf-8 225.2359ms
2025-07-20 08:33:27.444 +05:30 [INF] Executed DbCommand (158ms) [Parameters=[], CommandType='"Text"', CommandTimeout='30']
SELECT [c].[Name] AS [CategoryName], COUNT(*) AS [ProductCount]
FROM [Products] AS [p]
LEFT JOIN [Categories] AS [c] ON [p].[CategoryId] = [c].[CategoryId]
WHERE [c].[CategoryId] IS NOT NULL
GROUP BY [c].[Name]
2025-07-20 08:33:27.446 +05:30 [INF] Executing OkObjectResult, writing value of type 'System.Collections.Generic.List`1[[AuthNet.Models.DTO.CategoryProductCountDto, AuthNet, Version=1.0.0.0, Culture=neutral, PublicKeyToken=null]]'.
2025-07-20 08:33:27.450 +05:30 [INF] Executed action AuthNet.Controllers.ProductsController.GetCategoryWiseProductCount (AuthNet) in 349.6303ms
2025-07-20 08:33:27.450 +05:30 [INF] Executed endpoint 'AuthNet.Controllers.ProductsController.GetCategoryWiseProductCount (AuthNet)'
2025-07-20 08:33:27.451 +05:30 [INF] Request finished HTTP/2 GET https://localhost:7165/api/Products/CategoryWiseProductCount - 200 null application/json; charset=utf-8 376.5557ms
2025-07-20 08:33:32.383 +05:30 [INF] Request starting HTTP/1.1 POST https://localhost:7165/api/Auth/login - application/json; charset=utf-8 null
2025-07-20 08:33:32.385 +05:30 [INF] Executing endpoint 'AuthNet.Controllers.AuthController.Login (AuthNet)'
2025-07-20 08:33:32.402 +05:30 [INF] Route matched with {action = "Login", controller = "Auth"}. Executing controller action with signature System.Threading.Tasks.Task`1[Microsoft.AspNetCore.Mvc.IActionResult] Login(AuthNet.Models.DTO.LoginDto) on controller AuthNet.Controllers.AuthController (AuthNet).
2025-07-20 08:33:32.591 +05:30 [INF] Executed DbCommand (25ms) [Parameters=[@__username_0='?' (Size = 100)], CommandType='"Text"', CommandTimeout='30']
SELECT TOP(1) [u].[UserId], [u].[CreatedAt], [u].[Email], [u].[Firstname], [u].[Lastname], [u].[PasswordHash], [u].[Role], [u].[Username]
FROM [Users] AS [u]
WHERE [u].[Username] = @__username_0
2025-07-20 08:33:33.910 +05:30 [INF] Executing OkObjectResult, writing value of type 'AuthNet.Models.DTO.ServiceResponse`1[[AuthNet.Models.DTO.LoginResponseDto, AuthNet, Version=1.0.0.0, Culture=neutral, PublicKeyToken=null]]'.
2025-07-20 08:33:33.919 +05:30 [INF] Executed action AuthNet.Controllers.AuthController.Login (AuthNet) in 1515.5455ms
2025-07-20 08:33:33.919 +05:30 [INF] Executed endpoint 'AuthNet.Controllers.AuthController.Login (AuthNet)'
2025-07-20 08:33:33.920 +05:30 [INF] Request finished HTTP/1.1 POST https://localhost:7165/api/Auth/login - 200 null application/json; charset=utf-8 1537.0467ms
2025-07-20 08:33:33.960 +05:30 [INF] Request starting HTTP/1.1 GET https://localhost:7165/api/Sales/DailyProfit - null null
2025-07-20 08:33:33.961 +05:30 [INF] Executing endpoint 'AuthNet.Controllers.SalesController.GetDailyProfit (AuthNet)'
2025-07-20 08:33:33.962 +05:30 [INF] Route matched with {action = "GetDailyProfit", controller = "Sales"}. Executing controller action with signature System.Threading.Tasks.Task`1[Microsoft.AspNetCore.Mvc.IActionResult] GetDailyProfit() on controller AuthNet.Controllers.SalesController (AuthNet).
2025-07-20 08:33:33.987 +05:30 [INF] Executed DbCommand (22ms) [Parameters=[@__date_Date_0='?' (DbType = DateTime2)], CommandType='"Text"', CommandTimeout='30']
SELECT [s].[Id], [s].[ProductId], [s].[ProductName], [s].[Quantity], [s].[SaleId], [s].[TotalPrice], [s].[UnitPrice], [s0].[Id], [s0].[AfterTaxAmount], [s0].[CreatedAt], [s0].[DiscountedAmount], [s0].[InvoiceDate], [s0].[InvoiceNo], [s0].[PrincipalAmount], [s0].[Template], [s0].[TotalAmount]
FROM [SaleItems] AS [s]
INNER JOIN [Sales] AS [s0] ON [s].[SaleId] = [s0].[Id]
WHERE CONVERT(date, [s0].[InvoiceDate]) = @__date_Date_0
2025-07-20 08:33:34.000 +05:30 [INF] Executed DbCommand (10ms) [Parameters=[@__productIds_0='?' (Size = 4000)], CommandType='"Text"', CommandTimeout='30']
SELECT [p].[ProductId], [p].[CategoryId], [p].[CostPrice], [p].[Description], [p].[Name], [p].[ProductCode], [p].[ProductKey], [p].[SellPrice], [p].[SupplierId]
FROM [Products] AS [p]
WHERE [p].[ProductId] IN (
    SELECT [p0].[value]
    FROM OPENJSON(@__productIds_0) WITH ([value] int '$') AS [p0]
)
2025-07-20 08:33:34.001 +05:30 [INF] Executing OkObjectResult, writing value of type 'AuthNet.Models.DTO.DailyProfitDto'.
2025-07-20 08:33:34.001 +05:30 [INF] Executed action AuthNet.Controllers.SalesController.GetDailyProfit (AuthNet) in 39.1336ms
2025-07-20 08:33:34.001 +05:30 [INF] Executed endpoint 'AuthNet.Controllers.SalesController.GetDailyProfit (AuthNet)'
2025-07-20 08:33:34.002 +05:30 [INF] Request finished HTTP/1.1 GET https://localhost:7165/api/Sales/DailyProfit - 200 null application/json; charset=utf-8 42.2281ms
2025-07-20 08:33:34.027 +05:30 [INF] Request starting HTTP/1.1 GET https://localhost:7165/api/Sales/CurrentMonthProfit - null null
2025-07-20 08:33:34.028 +05:30 [INF] Executing endpoint 'AuthNet.Controllers.SalesController.GetCurrentMonthProfit (AuthNet)'
2025-07-20 08:33:34.028 +05:30 [INF] Route matched with {action = "GetCurrentMonthProfit", controller = "Sales"}. Executing controller action with signature System.Threading.Tasks.Task`1[Microsoft.AspNetCore.Mvc.IActionResult] GetCurrentMonthProfit() on controller AuthNet.Controllers.SalesController (AuthNet).
2025-07-20 08:33:34.061 +05:30 [INF] Executed DbCommand (30ms) [Parameters=[@__currentYear_0='?' (DbType = Int32), @__currentMonth_1='?' (DbType = Int32)], CommandType='"Text"', CommandTimeout='30']
SELECT [s].[Id], [s].[ProductId], [s].[ProductName], [s].[Quantity], [s].[SaleId], [s].[TotalPrice], [s].[UnitPrice], [s0].[Id], [s0].[AfterTaxAmount], [s0].[CreatedAt], [s0].[DiscountedAmount], [s0].[InvoiceDate], [s0].[InvoiceNo], [s0].[PrincipalAmount], [s0].[Template], [s0].[TotalAmount]
FROM [SaleItems] AS [s]
INNER JOIN [Sales] AS [s0] ON [s].[SaleId] = [s0].[Id]
WHERE DATEPART(year, [s0].[InvoiceDate]) = @__currentYear_0 AND DATEPART(month, [s0].[InvoiceDate]) = @__currentMonth_1
2025-07-20 08:33:34.068 +05:30 [INF] Executed DbCommand (2ms) [Parameters=[@__productIds_0='?' (Size = 4000)], CommandType='"Text"', CommandTimeout='30']
SELECT [p].[ProductId], [p].[CategoryId], [p].[CostPrice], [p].[Description], [p].[Name], [p].[ProductCode], [p].[ProductKey], [p].[SellPrice], [p].[SupplierId]
FROM [Products] AS [p]
WHERE [p].[ProductId] IN (
    SELECT [p0].[value]
    FROM OPENJSON(@__productIds_0) WITH ([value] int '$') AS [p0]
)
2025-07-20 08:33:34.069 +05:30 [INF] Executing OkObjectResult, writing value of type 'AuthNet.Models.DTO.MonthlyProfitDto'.
2025-07-20 08:33:34.070 +05:30 [INF] Executed action AuthNet.Controllers.SalesController.GetCurrentMonthProfit (AuthNet) in 41.764ms
2025-07-20 08:33:34.070 +05:30 [INF] Executed endpoint 'AuthNet.Controllers.SalesController.GetCurrentMonthProfit (AuthNet)'
2025-07-20 08:33:34.071 +05:30 [INF] Request finished HTTP/1.1 GET https://localhost:7165/api/Sales/CurrentMonthProfit - 200 null application/json; charset=utf-8 43.7484ms
2025-07-20 08:33:34.093 +05:30 [INF] Request starting HTTP/1.1 GET https://localhost:7165/api/Sales/CurrentYearProfit - null null
2025-07-20 08:33:34.094 +05:30 [INF] Executing endpoint 'AuthNet.Controllers.SalesController.GetCurrentYearProfit (AuthNet)'
2025-07-20 08:33:34.094 +05:30 [INF] Route matched with {action = "GetCurrentYearProfit", controller = "Sales"}. Executing controller action with signature System.Threading.Tasks.Task`1[Microsoft.AspNetCore.Mvc.IActionResult] GetCurrentYearProfit() on controller AuthNet.Controllers.SalesController (AuthNet).
2025-07-20 08:33:34.109 +05:30 [INF] Executed DbCommand (12ms) [Parameters=[@__currentYear_0='?' (DbType = Int32)], CommandType='"Text"', CommandTimeout='30']
SELECT [s].[Id], [s].[ProductId], [s].[ProductName], [s].[Quantity], [s].[SaleId], [s].[TotalPrice], [s].[UnitPrice], [s0].[Id], [s0].[AfterTaxAmount], [s0].[CreatedAt], [s0].[DiscountedAmount], [s0].[InvoiceDate], [s0].[InvoiceNo], [s0].[PrincipalAmount], [s0].[Template], [s0].[TotalAmount]
FROM [SaleItems] AS [s]
INNER JOIN [Sales] AS [s0] ON [s].[SaleId] = [s0].[Id]
WHERE DATEPART(year, [s0].[InvoiceDate]) = @__currentYear_0
2025-07-20 08:33:34.117 +05:30 [INF] Executed DbCommand (4ms) [Parameters=[@__productIds_0='?' (Size = 4000)], CommandType='"Text"', CommandTimeout='30']
SELECT [p].[ProductId], [p].[CategoryId], [p].[CostPrice], [p].[Description], [p].[Name], [p].[ProductCode], [p].[ProductKey], [p].[SellPrice], [p].[SupplierId]
FROM [Products] AS [p]
WHERE [p].[ProductId] IN (
    SELECT [p0].[value]
    FROM OPENJSON(@__productIds_0) WITH ([value] int '$') AS [p0]
)
2025-07-20 08:33:34.118 +05:30 [INF] Executing OkObjectResult, writing value of type 'AuthNet.Models.DTO.YearlyProfitDto'.
2025-07-20 08:33:34.118 +05:30 [INF] Executed action AuthNet.Controllers.SalesController.GetCurrentYearProfit (AuthNet) in 23.6868ms
2025-07-20 08:33:34.118 +05:30 [INF] Executed endpoint 'AuthNet.Controllers.SalesController.GetCurrentYearProfit (AuthNet)'
2025-07-20 08:33:34.119 +05:30 [INF] Request finished HTTP/1.1 GET https://localhost:7165/api/Sales/CurrentYearProfit - 200 null application/json; charset=utf-8 26.1671ms
2025-07-20 08:33:34.142 +05:30 [INF] Request starting HTTP/1.1 GET https://localhost:7165/api/Tasks - null null
2025-07-20 08:33:34.142 +05:30 [INF] Executing endpoint 'AuthNet.Controllers.TasksController.GetTasks (AuthNet)'
2025-07-20 08:33:34.143 +05:30 [INF] Route matched with {action = "GetTasks", controller = "Tasks"}. Executing controller action with signature Microsoft.AspNetCore.Mvc.IActionResult GetTasks() on controller AuthNet.Controllers.TasksController (AuthNet).
2025-07-20 08:33:34.151 +05:30 [INF] Executed DbCommand (4ms) [Parameters=[], CommandType='"Text"', CommandTimeout='30']
SELECT [t].[Id], [t].[Title], [t].[DueDate]
FROM [Tasks] AS [t]
2025-07-20 08:33:34.152 +05:30 [INF] Executing OkObjectResult, writing value of type 'System.Collections.Generic.List`1[[AuthNet.Models.DTO.TaskItemDto, AuthNet, Version=1.0.0.0, Culture=neutral, PublicKeyToken=null]]'.
2025-07-20 08:33:34.153 +05:30 [INF] Executed action AuthNet.Controllers.TasksController.GetTasks (AuthNet) in 9.9939ms
2025-07-20 08:33:34.153 +05:30 [INF] Executed endpoint 'AuthNet.Controllers.TasksController.GetTasks (AuthNet)'
2025-07-20 08:33:34.153 +05:30 [INF] Request finished HTTP/1.1 GET https://localhost:7165/api/Tasks - 200 null application/json; charset=utf-8 11.9855ms
2025-07-20 08:33:34.187 +05:30 [INF] Request starting HTTP/1.1 GET https://localhost:7165/api/Settings/Get - null null
2025-07-20 08:33:34.197 +05:30 [INF] Executing endpoint 'AuthNet.Controllers.SettingsController.GetCompanyInfo (AuthNet)'
2025-07-20 08:33:34.198 +05:30 [INF] Route matched with {action = "GetCompanyInfo", controller = "Settings"}. Executing controller action with signature System.Threading.Tasks.Task`1[Microsoft.AspNetCore.Mvc.IActionResult] GetCompanyInfo() on controller AuthNet.Controllers.SettingsController (AuthNet).
2025-07-20 08:33:34.211 +05:30 [INF] Executed DbCommand (9ms) [Parameters=[], CommandType='"Text"', CommandTimeout='30']
SELECT TOP(1) [c].[Id], [c].[Address], [c].[ContactNumber], [c].[Email], [c].[GSTIN], [c].[LogoFileExtension], [c].[LogoFilePath], [c].[LogoFileSizeInBytes], [c].[LogoName], [c].[Name], [c].[SignFileExtension], [c].[SignFilePath], [c].[SignFileSizeInBytes], [c].[SignName]
FROM [CompanyInfos] AS [c]
2025-07-20 08:33:34.212 +05:30 [INF] Executing OkObjectResult, writing value of type 'AuthNet.Models.DTO.CompanyInfoResponseDto'.
2025-07-20 08:33:34.212 +05:30 [INF] Executed action AuthNet.Controllers.SettingsController.GetCompanyInfo (AuthNet) in 14.5952ms
2025-07-20 08:33:34.212 +05:30 [INF] Executed endpoint 'AuthNet.Controllers.SettingsController.GetCompanyInfo (AuthNet)'
2025-07-20 08:33:34.214 +05:30 [INF] Request finished HTTP/1.1 GET https://localhost:7165/api/Settings/Get - 200 null application/json; charset=utf-8 26.035ms
2025-07-20 08:33:34.413 +05:30 [INF] Request starting HTTP/2 GET https://localhost:7165/api/Sales/WeeklyProfit - null null
2025-07-20 08:33:34.413 +05:30 [INF] Request starting HTTP/2 GET https://localhost:7165/api/Products/CategoryWiseProductCount - null null
2025-07-20 08:33:34.414 +05:30 [INF] CORS policy execution successful.
2025-07-20 08:33:34.415 +05:30 [INF] Executing endpoint 'AuthNet.Controllers.SalesController.GetWeeklyProfit (AuthNet)'
2025-07-20 08:33:34.415 +05:30 [INF] Route matched with {action = "GetWeeklyProfit", controller = "Sales"}. Executing controller action with signature System.Threading.Tasks.Task`1[Microsoft.AspNetCore.Mvc.IActionResult] GetWeeklyProfit() on controller AuthNet.Controllers.SalesController (AuthNet).
2025-07-20 08:33:34.417 +05:30 [INF] CORS policy execution successful.
2025-07-20 08:33:34.417 +05:30 [INF] Executing endpoint 'AuthNet.Controllers.ProductsController.GetCategoryWiseProductCount (AuthNet)'
2025-07-20 08:33:34.417 +05:30 [INF] Route matched with {action = "GetCategoryWiseProductCount", controller = "Products"}. Executing controller action with signature System.Threading.Tasks.Task`1[Microsoft.AspNetCore.Mvc.IActionResult] GetCategoryWiseProductCount() on controller AuthNet.Controllers.ProductsController (AuthNet).
2025-07-20 08:33:34.443 +05:30 [INF] Executed DbCommand (25ms) [Parameters=[@__startDate_0='?' (DbType = DateTime2), @__endDate_1='?' (DbType = DateTime2)], CommandType='"Text"', CommandTimeout='30']
SELECT [s].[Id], [s].[ProductId], [s].[ProductName], [s].[Quantity], [s].[SaleId], [s].[TotalPrice], [s].[UnitPrice], [s0].[Id], [s0].[AfterTaxAmount], [s0].[CreatedAt], [s0].[DiscountedAmount], [s0].[InvoiceDate], [s0].[InvoiceNo], [s0].[PrincipalAmount], [s0].[Template], [s0].[TotalAmount]
FROM [SaleItems] AS [s]
INNER JOIN [Sales] AS [s0] ON [s].[SaleId] = [s0].[Id]
WHERE CONVERT(date, [s0].[InvoiceDate]) >= @__startDate_0 AND CONVERT(date, [s0].[InvoiceDate]) <= @__endDate_1
2025-07-20 08:33:34.473 +05:30 [INF] Executed DbCommand (26ms) [Parameters=[@__productIds_0='?' (Size = 4000)], CommandType='"Text"', CommandTimeout='30']
SELECT [p].[ProductId], [p].[CategoryId], [p].[CostPrice], [p].[Description], [p].[Name], [p].[ProductCode], [p].[ProductKey], [p].[SellPrice], [p].[SupplierId]
FROM [Products] AS [p]
WHERE [p].[ProductId] IN (
    SELECT [p0].[value]
    FROM OPENJSON(@__productIds_0) WITH ([value] int '$') AS [p0]
)
2025-07-20 08:33:34.478 +05:30 [INF] Executing OkObjectResult, writing value of type 'System.Collections.Generic.List`1[[AuthNet.Models.DTO.DailyProfitDto, AuthNet, Version=1.0.0.0, Culture=neutral, PublicKeyToken=null]]'.
2025-07-20 08:33:34.478 +05:30 [INF] Executed action AuthNet.Controllers.SalesController.GetWeeklyProfit (AuthNet) in 63.1425ms
2025-07-20 08:33:34.478 +05:30 [INF] Executed endpoint 'AuthNet.Controllers.SalesController.GetWeeklyProfit (AuthNet)'
2025-07-20 08:33:34.479 +05:30 [INF] Request finished HTTP/2 GET https://localhost:7165/api/Sales/WeeklyProfit - 200 null application/json; charset=utf-8 66.469ms
2025-07-20 08:33:34.587 +05:30 [INF] Executed DbCommand (95ms) [Parameters=[], CommandType='"Text"', CommandTimeout='30']
SELECT [c].[Name] AS [CategoryName], COUNT(*) AS [ProductCount]
FROM [Products] AS [p]
LEFT JOIN [Categories] AS [c] ON [p].[CategoryId] = [c].[CategoryId]
WHERE [c].[CategoryId] IS NOT NULL
GROUP BY [c].[Name]
2025-07-20 08:33:34.588 +05:30 [INF] Executing OkObjectResult, writing value of type 'System.Collections.Generic.List`1[[AuthNet.Models.DTO.CategoryProductCountDto, AuthNet, Version=1.0.0.0, Culture=neutral, PublicKeyToken=null]]'.
2025-07-20 08:33:34.589 +05:30 [INF] Executed action AuthNet.Controllers.ProductsController.GetCategoryWiseProductCount (AuthNet) in 171.7529ms
2025-07-20 08:33:34.589 +05:30 [INF] Executed endpoint 'AuthNet.Controllers.ProductsController.GetCategoryWiseProductCount (AuthNet)'
2025-07-20 08:33:34.589 +05:30 [INF] Request finished HTTP/2 GET https://localhost:7165/api/Products/CategoryWiseProductCount - 200 null application/json; charset=utf-8 176.9495ms
2025-07-20 08:33:35.865 +05:30 [INF] Request starting HTTP/1.1 GET https://localhost:7165/api/Products - null null
2025-07-20 08:33:35.866 +05:30 [INF] Executing endpoint 'AuthNet.Controllers.ProductsController.GetAll (AuthNet)'
2025-07-20 08:33:35.878 +05:30 [INF] Route matched with {action = "GetAll", controller = "Products"}. Executing controller action with signature System.Threading.Tasks.Task`1[Microsoft.AspNetCore.Mvc.IActionResult] GetAll() on controller AuthNet.Controllers.ProductsController (AuthNet).
2025-07-20 08:33:35.920 +05:30 [INF] Executed DbCommand (19ms) [Parameters=[], CommandType='"Text"', CommandTimeout='30']
SELECT [p].[ProductId], [p].[CategoryId], [p].[CostPrice], [p].[Description], [p].[Name], [p].[ProductCode], [p].[ProductKey], [p].[SellPrice], [p].[SupplierId]
FROM [Products] AS [p]
2025-07-20 08:33:35.922 +05:30 [INF] Executing OkObjectResult, writing value of type 'System.Collections.Generic.List`1[[AuthNet.Models.Domain.Product, AuthNet, Version=1.0.0.0, Culture=neutral, PublicKeyToken=null]]'.
2025-07-20 08:33:35.939 +05:30 [INF] Executed action AuthNet.Controllers.ProductsController.GetAll (AuthNet) in 60.564ms
2025-07-20 08:33:35.939 +05:30 [INF] Executed endpoint 'AuthNet.Controllers.ProductsController.GetAll (AuthNet)'
2025-07-20 08:33:35.940 +05:30 [INF] Request finished HTTP/1.1 GET https://localhost:7165/api/Products - 200 null application/json; charset=utf-8 74.8604ms
2025-07-20 08:33:35.966 +05:30 [INF] Request starting HTTP/1.1 GET https://localhost:7165/api/categories - null null
2025-07-20 08:33:35.967 +05:30 [INF] Executing endpoint 'AuthNet.Controllers.CategoriesController.GetAll (AuthNet)'
2025-07-20 08:33:35.978 +05:30 [INF] Route matched with {action = "GetAll", controller = "Categories"}. Executing controller action with signature System.Threading.Tasks.Task`1[Microsoft.AspNetCore.Mvc.IActionResult] GetAll() on controller AuthNet.Controllers.CategoriesController (AuthNet).
2025-07-20 08:33:36.005 +05:30 [INF] Executed DbCommand (6ms) [Parameters=[], CommandType='"Text"', CommandTimeout='30']
SELECT [c].[CategoryId], [c].[Description], [c].[Name]
FROM [Categories] AS [c]
2025-07-20 08:33:36.016 +05:30 [INF] Executing OkObjectResult, writing value of type 'System.Collections.Generic.List`1[[AuthNet.Models.Domain.Category, AuthNet, Version=1.0.0.0, Culture=neutral, PublicKeyToken=null]]'.
2025-07-20 08:33:36.018 +05:30 [INF] Executed action AuthNet.Controllers.CategoriesController.GetAll (AuthNet) in 40.0533ms
2025-07-20 08:33:36.019 +05:30 [INF] Executed endpoint 'AuthNet.Controllers.CategoriesController.GetAll (AuthNet)'
2025-07-20 08:33:36.019 +05:30 [INF] Request finished HTTP/1.1 GET https://localhost:7165/api/categories - 200 null application/json; charset=utf-8 53.3795ms
2025-07-20 08:33:36.039 +05:30 [INF] Request starting HTTP/1.1 GET https://localhost:7165/api/suppliers - null null
2025-07-20 08:33:36.042 +05:30 [INF] Executing endpoint 'AuthNet.Controllers.SuppliersController.GetAll (AuthNet)'
2025-07-20 08:33:36.049 +05:30 [INF] Route matched with {action = "GetAll", controller = "Suppliers"}. Executing controller action with signature System.Threading.Tasks.Task`1[Microsoft.AspNetCore.Mvc.IActionResult] GetAll() on controller AuthNet.Controllers.SuppliersController (AuthNet).
2025-07-20 08:33:36.080 +05:30 [INF] Executed DbCommand (11ms) [Parameters=[], CommandType='"Text"', CommandTimeout='30']
SELECT [s].[SupplierId], [s].[CompanyName], [s].[ContactName], [s].[Phone], [s].[Address]
FROM [Suppliers] AS [s]
2025-07-20 08:33:36.083 +05:30 [INF] Executing OkObjectResult, writing value of type 'System.Collections.Generic.List`1[[AuthNet.Models.DTO.SupplierViewModel, AuthNet, Version=1.0.0.0, Culture=neutral, PublicKeyToken=null]]'.
2025-07-20 08:33:36.089 +05:30 [INF] Executed action AuthNet.Controllers.SuppliersController.GetAll (AuthNet) in 40.6176ms
2025-07-20 08:33:36.090 +05:30 [INF] Executed endpoint 'AuthNet.Controllers.SuppliersController.GetAll (AuthNet)'
2025-07-20 08:33:36.090 +05:30 [INF] Request finished HTTP/1.1 GET https://localhost:7165/api/suppliers - 200 null application/json; charset=utf-8 51.2426ms
2025-07-20 08:33:53.904 +05:30 [INF] Request starting HTTP/1.1 GET https://localhost:7165/api/Suppliers - null null
2025-07-20 08:33:53.906 +05:30 [INF] Executing endpoint 'AuthNet.Controllers.SuppliersController.GetAll (AuthNet)'
2025-07-20 08:33:53.906 +05:30 [INF] Route matched with {action = "GetAll", controller = "Suppliers"}. Executing controller action with signature System.Threading.Tasks.Task`1[Microsoft.AspNetCore.Mvc.IActionResult] GetAll() on controller AuthNet.Controllers.SuppliersController (AuthNet).
2025-07-20 08:33:53.936 +05:30 [INF] Executed DbCommand (21ms) [Parameters=[], CommandType='"Text"', CommandTimeout='30']
SELECT [s].[SupplierId], [s].[CompanyName], [s].[ContactName], [s].[Phone], [s].[Address]
FROM [Suppliers] AS [s]
2025-07-20 08:33:53.937 +05:30 [INF] Executing OkObjectResult, writing value of type 'System.Collections.Generic.List`1[[AuthNet.Models.DTO.SupplierViewModel, AuthNet, Version=1.0.0.0, Culture=neutral, PublicKeyToken=null]]'.
2025-07-20 08:33:53.937 +05:30 [INF] Executed action AuthNet.Controllers.SuppliersController.GetAll (AuthNet) in 28.7444ms
2025-07-20 08:33:53.937 +05:30 [INF] Executed endpoint 'AuthNet.Controllers.SuppliersController.GetAll (AuthNet)'
2025-07-20 08:33:53.938 +05:30 [INF] Request finished HTTP/1.1 GET https://localhost:7165/api/Suppliers - 200 null application/json; charset=utf-8 33.7565ms
2025-07-20 08:33:56.375 +05:30 [INF] Request starting HTTP/1.1 GET https://localhost:7165/api/Suppliers/5 - null null
2025-07-20 08:33:56.375 +05:30 [INF] Executing endpoint 'AuthNet.Controllers.SuppliersController.GetById (AuthNet)'
2025-07-20 08:33:56.390 +05:30 [INF] Route matched with {action = "GetById", controller = "Suppliers"}. Executing controller action with signature System.Threading.Tasks.Task`1[Microsoft.AspNetCore.Mvc.IActionResult] GetById(Int32) on controller AuthNet.Controllers.SuppliersController (AuthNet).
2025-07-20 08:33:56.529 +05:30 [INF] Executed DbCommand (14ms) [Parameters=[@__id_0='?' (DbType = Int32)], CommandType='"Text"', CommandTimeout='30']
SELECT [t].[SupplierId], [t].[Address], [t].[CompanyName], [t].[ContactName], [t].[Phone], [p].[ProductId], [p].[CategoryId], [p].[CostPrice], [p].[Description], [p].[Name], [p].[ProductCode], [p].[ProductKey], [p].[SellPrice], [p].[SupplierId]
FROM (
    SELECT TOP(1) [s].[SupplierId], [s].[Address], [s].[CompanyName], [s].[ContactName], [s].[Phone]
    FROM [Suppliers] AS [s]
    WHERE [s].[SupplierId] = @__id_0
) AS [t]
LEFT JOIN [Products] AS [p] ON [t].[SupplierId] = [p].[SupplierId]
ORDER BY [t].[SupplierId]
2025-07-20 08:33:56.613 +05:30 [INF] Executing OkObjectResult, writing value of type 'AuthNet.Models.Domain.Supplier'.
2025-07-20 08:33:56.617 +05:30 [INF] Executed action AuthNet.Controllers.SuppliersController.GetById (AuthNet) in 226.5969ms
2025-07-20 08:33:56.617 +05:30 [INF] Executed endpoint 'AuthNet.Controllers.SuppliersController.GetById (AuthNet)'
2025-07-20 08:33:56.618 +05:30 [INF] Request finished HTTP/1.1 GET https://localhost:7165/api/Suppliers/5 - 200 null application/json; charset=utf-8 242.9955ms
2025-07-20 08:34:04.157 +05:30 [INF] Request starting HTTP/1.1 PUT https://localhost:7165/api/Suppliers/5 - application/json; charset=utf-8 null
2025-07-20 08:34:04.166 +05:30 [INF] Executing endpoint 'AuthNet.Controllers.SuppliersController.Update (AuthNet)'
2025-07-20 08:34:04.176 +05:30 [INF] Route matched with {action = "Update", controller = "Suppliers"}. Executing controller action with signature System.Threading.Tasks.Task`1[Microsoft.AspNetCore.Mvc.IActionResult] Update(Int32, AuthNet.Models.Domain.Supplier) on controller AuthNet.Controllers.SuppliersController (AuthNet).
2025-07-20 08:34:04.271 +05:30 [INF] Executed DbCommand (12ms) [Parameters=[@__p_0='?' (DbType = Int32)], CommandType='"Text"', CommandTimeout='30']
SELECT TOP(1) [s].[SupplierId], [s].[Address], [s].[CompanyName], [s].[ContactName], [s].[Phone]
FROM [Suppliers] AS [s]
WHERE [s].[SupplierId] = @__p_0
2025-07-20 08:34:04.528 +05:30 [INF] Executed DbCommand (14ms) [Parameters=[@p1='?' (DbType = Int32), @p0='?' (Size = 4000)], CommandType='"Text"', CommandTimeout='30']
SET IMPLICIT_TRANSACTIONS OFF;
SET NOCOUNT ON;
UPDATE [Suppliers] SET [CompanyName] = @p0
OUTPUT 1
WHERE [SupplierId] = @p1;
2025-07-20 08:34:04.557 +05:30 [INF] Executing OkObjectResult, writing value of type '<>f__AnonymousType0`1[[System.String, System.Private.CoreLib, Version=8.0.0.0, Culture=neutral, PublicKeyToken=7cec85d7bea7798e]]'.
2025-07-20 08:34:04.567 +05:30 [INF] Executed action AuthNet.Controllers.SuppliersController.Update (AuthNet) in 390.7125ms
2025-07-20 08:34:04.567 +05:30 [INF] Executed endpoint 'AuthNet.Controllers.SuppliersController.Update (AuthNet)'
2025-07-20 08:34:04.568 +05:30 [INF] Request finished HTTP/1.1 PUT https://localhost:7165/api/Suppliers/5 - 200 null application/json; charset=utf-8 410.3305ms
2025-07-20 08:34:04.634 +05:30 [INF] Request starting HTTP/1.1 GET https://localhost:7165/api/Suppliers - null null
2025-07-20 08:34:04.635 +05:30 [INF] Executing endpoint 'AuthNet.Controllers.SuppliersController.GetAll (AuthNet)'
2025-07-20 08:34:04.635 +05:30 [INF] Route matched with {action = "GetAll", controller = "Suppliers"}. Executing controller action with signature System.Threading.Tasks.Task`1[Microsoft.AspNetCore.Mvc.IActionResult] GetAll() on controller AuthNet.Controllers.SuppliersController (AuthNet).
2025-07-20 08:34:04.651 +05:30 [INF] Executed DbCommand (11ms) [Parameters=[], CommandType='"Text"', CommandTimeout='30']
SELECT [s].[SupplierId], [s].[CompanyName], [s].[ContactName], [s].[Phone], [s].[Address]
FROM [Suppliers] AS [s]
2025-07-20 08:34:04.651 +05:30 [INF] Executing OkObjectResult, writing value of type 'System.Collections.Generic.List`1[[AuthNet.Models.DTO.SupplierViewModel, AuthNet, Version=1.0.0.0, Culture=neutral, PublicKeyToken=null]]'.
2025-07-20 08:34:04.653 +05:30 [INF] Executed action AuthNet.Controllers.SuppliersController.GetAll (AuthNet) in 17.1325ms
2025-07-20 08:34:04.653 +05:30 [INF] Executed endpoint 'AuthNet.Controllers.SuppliersController.GetAll (AuthNet)'
2025-07-20 08:34:04.653 +05:30 [INF] Request finished HTTP/1.1 GET https://localhost:7165/api/Suppliers - 200 null application/json; charset=utf-8 19.3378ms
2025-07-20 08:34:06.187 +05:30 [INF] Request starting HTTP/1.1 GET https://localhost:7165/api/Products - null null
2025-07-20 08:34:06.188 +05:30 [INF] Executing endpoint 'AuthNet.Controllers.ProductsController.GetAll (AuthNet)'
2025-07-20 08:34:06.188 +05:30 [INF] Route matched with {action = "GetAll", controller = "Products"}. Executing controller action with signature System.Threading.Tasks.Task`1[Microsoft.AspNetCore.Mvc.IActionResult] GetAll() on controller AuthNet.Controllers.ProductsController (AuthNet).
2025-07-20 08:34:06.203 +05:30 [INF] Executed DbCommand (11ms) [Parameters=[], CommandType='"Text"', CommandTimeout='30']
SELECT [p].[ProductId], [p].[CategoryId], [p].[CostPrice], [p].[Description], [p].[Name], [p].[ProductCode], [p].[ProductKey], [p].[SellPrice], [p].[SupplierId]
FROM [Products] AS [p]
2025-07-20 08:34:06.204 +05:30 [INF] Executing OkObjectResult, writing value of type 'System.Collections.Generic.List`1[[AuthNet.Models.Domain.Product, AuthNet, Version=1.0.0.0, Culture=neutral, PublicKeyToken=null]]'.
2025-07-20 08:34:06.204 +05:30 [INF] Executed action AuthNet.Controllers.ProductsController.GetAll (AuthNet) in 15.6905ms
2025-07-20 08:34:06.204 +05:30 [INF] Executed endpoint 'AuthNet.Controllers.ProductsController.GetAll (AuthNet)'
2025-07-20 08:34:06.205 +05:30 [INF] Request finished HTTP/1.1 GET https://localhost:7165/api/Products - 200 null application/json; charset=utf-8 17.7203ms
2025-07-20 08:34:06.228 +05:30 [INF] Request starting HTTP/1.1 GET https://localhost:7165/api/categories - null null
2025-07-20 08:34:06.228 +05:30 [INF] Executing endpoint 'AuthNet.Controllers.CategoriesController.GetAll (AuthNet)'
2025-07-20 08:34:06.229 +05:30 [INF] Route matched with {action = "GetAll", controller = "Categories"}. Executing controller action with signature System.Threading.Tasks.Task`1[Microsoft.AspNetCore.Mvc.IActionResult] GetAll() on controller AuthNet.Controllers.CategoriesController (AuthNet).
2025-07-20 08:34:06.239 +05:30 [INF] Executed DbCommand (6ms) [Parameters=[], CommandType='"Text"', CommandTimeout='30']
SELECT [c].[CategoryId], [c].[Description], [c].[Name]
FROM [Categories] AS [c]
2025-07-20 08:34:06.240 +05:30 [INF] Executing OkObjectResult, writing value of type 'System.Collections.Generic.List`1[[AuthNet.Models.Domain.Category, AuthNet, Version=1.0.0.0, Culture=neutral, PublicKeyToken=null]]'.
2025-07-20 08:34:06.241 +05:30 [INF] Executed action AuthNet.Controllers.CategoriesController.GetAll (AuthNet) in 11.8118ms
2025-07-20 08:34:06.241 +05:30 [INF] Executed endpoint 'AuthNet.Controllers.CategoriesController.GetAll (AuthNet)'
2025-07-20 08:34:06.241 +05:30 [INF] Request finished HTTP/1.1 GET https://localhost:7165/api/categories - 200 null application/json; charset=utf-8 13.7388ms
2025-07-20 08:34:06.262 +05:30 [INF] Request starting HTTP/1.1 GET https://localhost:7165/api/suppliers - null null
2025-07-20 08:34:06.263 +05:30 [INF] Executing endpoint 'AuthNet.Controllers.SuppliersController.GetAll (AuthNet)'
2025-07-20 08:34:06.264 +05:30 [INF] Route matched with {action = "GetAll", controller = "Suppliers"}. Executing controller action with signature System.Threading.Tasks.Task`1[Microsoft.AspNetCore.Mvc.IActionResult] GetAll() on controller AuthNet.Controllers.SuppliersController (AuthNet).
2025-07-20 08:34:06.270 +05:30 [INF] Executed DbCommand (4ms) [Parameters=[], CommandType='"Text"', CommandTimeout='30']
SELECT [s].[SupplierId], [s].[CompanyName], [s].[ContactName], [s].[Phone], [s].[Address]
FROM [Suppliers] AS [s]
2025-07-20 08:34:06.271 +05:30 [INF] Executing OkObjectResult, writing value of type 'System.Collections.Generic.List`1[[AuthNet.Models.DTO.SupplierViewModel, AuthNet, Version=1.0.0.0, Culture=neutral, PublicKeyToken=null]]'.
2025-07-20 08:34:06.271 +05:30 [INF] Executed action AuthNet.Controllers.SuppliersController.GetAll (AuthNet) in 7.6233ms
2025-07-20 08:34:06.271 +05:30 [INF] Executed endpoint 'AuthNet.Controllers.SuppliersController.GetAll (AuthNet)'
2025-07-20 08:34:06.272 +05:30 [INF] Request finished HTTP/1.1 GET https://localhost:7165/api/suppliers - 200 null application/json; charset=utf-8 9.8848ms
