2025-09-19 22:31:00.198 +05:30 [INF] Request starting HTTP/1.1 GET https://localhost:7165/api/Sales/DailyProfit - null null
2025-09-19 22:31:00.209 +05:30 [INF] Executing endpoint 'AuthNet.Controllers.SalesController.GetDailyProfit (AuthNet)'
2025-09-19 22:31:00.209 +05:30 [INF] Route matched with {action = "GetDailyProfit", controller = "Sales"}. Executing controller action with signature System.Threading.Tasks.Task`1[Microsoft.AspNetCore.Mvc.IActionResult] GetDailyProfit() on controller AuthNet.Controllers.SalesController (AuthNet).
2025-09-19 22:31:00.294 +05:30 [INF] Executed DbCommand (83ms) [Parameters=[@__date_Date_0='?' (DbType = DateTime2)], CommandType='"Text"', CommandTimeout='30']
SELECT [s].[Id], [s].[ProductId], [s].[ProductName], [s].[Quantity], [s].[SaleId], [s].[TotalPrice], [s].[UnitPrice], [s0].[Id], [s0].[AfterTaxAmount], [s0].[CreatedAt], [s0].[DiscountedAmount], [s0].[InvoiceDate], [s0].[InvoiceNo], [s0].[PrincipalAmount], [s0].[Template], [s0].[TotalAmount]
FROM [SaleItems] AS [s]
INNER JOIN [Sales] AS [s0] ON [s].[SaleId] = [s0].[Id]
WHERE CONVERT(date, [s0].[InvoiceDate]) = @__date_Date_0
2025-09-19 22:31:00.334 +05:30 [INF] Executed DbCommand (30ms) [Parameters=[@__productIds_0='?' (Size = 4000)], CommandType='"Text"', CommandTimeout='30']
SELECT [p].[ProductId], [p].[CategoryId], [p].[CostPrice], [p].[Description], [p].[Name], [p].[ProductCode], [p].[ProductKey], [p].[SellPrice], [p].[SupplierId]
FROM [Products] AS [p]
WHERE [p].[ProductId] IN (
    SELECT [p0].[value]
    FROM OPENJSON(@__productIds_0) WITH ([value] int '$') AS [p0]
)
2025-09-19 22:31:00.335 +05:30 [INF] Executing OkObjectResult, writing value of type 'AuthNet.Models.DTO.DailyProfitDto'.
2025-09-19 22:31:00.335 +05:30 [INF] Executed action AuthNet.Controllers.SalesController.GetDailyProfit (AuthNet) in 125.4758ms
2025-09-19 22:31:00.335 +05:30 [INF] Executed endpoint 'AuthNet.Controllers.SalesController.GetDailyProfit (AuthNet)'
2025-09-19 22:31:00.335 +05:30 [INF] Request finished HTTP/1.1 GET https://localhost:7165/api/Sales/DailyProfit - 200 null application/json; charset=utf-8 137.4712ms
2025-09-19 22:31:00.743 +05:30 [INF] Request starting HTTP/1.1 GET https://localhost:7165/api/Sales/CurrentMonthProfit - null null
2025-09-19 22:31:00.744 +05:30 [INF] Executing endpoint 'AuthNet.Controllers.SalesController.GetCurrentMonthProfit (AuthNet)'
2025-09-19 22:31:00.744 +05:30 [INF] Route matched with {action = "GetCurrentMonthProfit", controller = "Sales"}. Executing controller action with signature System.Threading.Tasks.Task`1[Microsoft.AspNetCore.Mvc.IActionResult] GetCurrentMonthProfit() on controller AuthNet.Controllers.SalesController (AuthNet).
2025-09-19 22:31:00.805 +05:30 [INF] Executed DbCommand (60ms) [Parameters=[@__currentYear_0='?' (DbType = Int32), @__currentMonth_1='?' (DbType = Int32)], CommandType='"Text"', CommandTimeout='30']
SELECT [s].[Id], [s].[ProductId], [s].[ProductName], [s].[Quantity], [s].[SaleId], [s].[TotalPrice], [s].[UnitPrice], [s0].[Id], [s0].[AfterTaxAmount], [s0].[CreatedAt], [s0].[DiscountedAmount], [s0].[InvoiceDate], [s0].[InvoiceNo], [s0].[PrincipalAmount], [s0].[Template], [s0].[TotalAmount]
FROM [SaleItems] AS [s]
INNER JOIN [Sales] AS [s0] ON [s].[SaleId] = [s0].[Id]
WHERE DATEPART(year, [s0].[InvoiceDate]) = @__currentYear_0 AND DATEPART(month, [s0].[InvoiceDate]) = @__currentMonth_1
2025-09-19 22:31:00.807 +05:30 [INF] Executing OkObjectResult, writing value of type 'AuthNet.Models.DTO.MonthlyProfitDto'.
2025-09-19 22:31:00.807 +05:30 [INF] Executed action AuthNet.Controllers.SalesController.GetCurrentMonthProfit (AuthNet) in 62.8973ms
2025-09-19 22:31:00.807 +05:30 [INF] Executed endpoint 'AuthNet.Controllers.SalesController.GetCurrentMonthProfit (AuthNet)'
2025-09-19 22:31:00.807 +05:30 [INF] Request finished HTTP/1.1 GET https://localhost:7165/api/Sales/CurrentMonthProfit - 200 null application/json; charset=utf-8 63.95ms
2025-09-19 22:31:01.259 +05:30 [INF] Request starting HTTP/1.1 GET https://localhost:7165/api/Sales/CurrentYearProfit - null null
2025-09-19 22:31:01.260 +05:30 [INF] Executing endpoint 'AuthNet.Controllers.SalesController.GetCurrentYearProfit (AuthNet)'
2025-09-19 22:31:01.260 +05:30 [INF] Route matched with {action = "GetCurrentYearProfit", controller = "Sales"}. Executing controller action with signature System.Threading.Tasks.Task`1[Microsoft.AspNetCore.Mvc.IActionResult] GetCurrentYearProfit() on controller AuthNet.Controllers.SalesController (AuthNet).
2025-09-19 22:31:01.565 +05:30 [INF] Executed DbCommand (302ms) [Parameters=[@__currentYear_0='?' (DbType = Int32)], CommandType='"Text"', CommandTimeout='30']
SELECT [s].[Id], [s].[ProductId], [s].[ProductName], [s].[Quantity], [s].[SaleId], [s].[TotalPrice], [s].[UnitPrice], [s0].[Id], [s0].[AfterTaxAmount], [s0].[CreatedAt], [s0].[DiscountedAmount], [s0].[InvoiceDate], [s0].[InvoiceNo], [s0].[PrincipalAmount], [s0].[Template], [s0].[TotalAmount]
FROM [SaleItems] AS [s]
INNER JOIN [Sales] AS [s0] ON [s].[SaleId] = [s0].[Id]
WHERE DATEPART(year, [s0].[InvoiceDate]) = @__currentYear_0
2025-09-19 22:31:01.684 +05:30 [INF] Executed DbCommand (118ms) [Parameters=[@__productIds_0='?' (Size = 4000)], CommandType='"Text"', CommandTimeout='30']
SELECT [p].[ProductId], [p].[CategoryId], [p].[CostPrice], [p].[Description], [p].[Name], [p].[ProductCode], [p].[ProductKey], [p].[SellPrice], [p].[SupplierId]
FROM [Products] AS [p]
WHERE [p].[ProductId] IN (
    SELECT [p0].[value]
    FROM OPENJSON(@__productIds_0) WITH ([value] int '$') AS [p0]
)
2025-09-19 22:31:01.685 +05:30 [INF] Executing OkObjectResult, writing value of type 'AuthNet.Models.DTO.YearlyProfitDto'.
2025-09-19 22:31:01.686 +05:30 [INF] Executed action AuthNet.Controllers.SalesController.GetCurrentYearProfit (AuthNet) in 425.7847ms
2025-09-19 22:31:01.686 +05:30 [INF] Executed endpoint 'AuthNet.Controllers.SalesController.GetCurrentYearProfit (AuthNet)'
2025-09-19 22:31:01.686 +05:30 [INF] Request finished HTTP/1.1 GET https://localhost:7165/api/Sales/CurrentYearProfit - 200 null application/json; charset=utf-8 426.9106ms
2025-09-19 22:31:01.769 +05:30 [INF] Request starting HTTP/1.1 GET https://localhost:7165/api/Tasks - null null
2025-09-19 22:31:01.769 +05:30 [INF] Executing endpoint 'AuthNet.Controllers.TasksController.GetTasks (AuthNet)'
2025-09-19 22:31:01.769 +05:30 [INF] Route matched with {action = "GetTasks", controller = "Tasks"}. Executing controller action with signature Microsoft.AspNetCore.Mvc.IActionResult GetTasks() on controller AuthNet.Controllers.TasksController (AuthNet).
2025-09-19 22:31:01.781 +05:30 [INF] Executed DbCommand (10ms) [Parameters=[], CommandType='"Text"', CommandTimeout='30']
SELECT [t].[Id], [t].[Title], [t].[DueDate]
FROM [Tasks] AS [t]
2025-09-19 22:31:01.781 +05:30 [INF] Executing OkObjectResult, writing value of type 'System.Collections.Generic.List`1[[AuthNet.Models.DTO.TaskItemDto, AuthNet, Version=1.0.0.0, Culture=neutral, PublicKeyToken=null]]'.
2025-09-19 22:31:01.781 +05:30 [INF] Executed action AuthNet.Controllers.TasksController.GetTasks (AuthNet) in 11.9874ms
2025-09-19 22:31:01.781 +05:30 [INF] Executed endpoint 'AuthNet.Controllers.TasksController.GetTasks (AuthNet)'
2025-09-19 22:31:01.782 +05:30 [INF] Request finished HTTP/1.1 GET https://localhost:7165/api/Tasks - 200 null application/json; charset=utf-8 12.7176ms
2025-09-19 22:31:01.817 +05:30 [INF] Request starting HTTP/1.1 GET https://localhost:7165/api/Settings/Get - null null
2025-09-19 22:31:01.817 +05:30 [INF] Executing endpoint 'AuthNet.Controllers.SettingsController.GetCompanyInfo (AuthNet)'
2025-09-19 22:31:01.817 +05:30 [INF] Route matched with {action = "GetCompanyInfo", controller = "Settings"}. Executing controller action with signature System.Threading.Tasks.Task`1[Microsoft.AspNetCore.Mvc.IActionResult] GetCompanyInfo() on controller AuthNet.Controllers.SettingsController (AuthNet).
2025-09-19 22:31:01.829 +05:30 [INF] Executed DbCommand (10ms) [Parameters=[], CommandType='"Text"', CommandTimeout='30']
SELECT TOP(1) [c].[Id], [c].[Address], [c].[ContactNumber], [c].[Email], [c].[GSTIN], [c].[LogoFileExtension], [c].[LogoFilePath], [c].[LogoFileSizeInBytes], [c].[LogoName], [c].[Name], [c].[SignFileExtension], [c].[SignFilePath], [c].[SignFileSizeInBytes], [c].[SignName]
FROM [CompanyInfos] AS [c]
2025-09-19 22:31:01.830 +05:30 [INF] Executing OkObjectResult, writing value of type 'AuthNet.Models.DTO.CompanyInfoResponseDto'.
2025-09-19 22:31:01.830 +05:30 [INF] Executed action AuthNet.Controllers.SettingsController.GetCompanyInfo (AuthNet) in 12.761ms
2025-09-19 22:31:01.830 +05:30 [INF] Executed endpoint 'AuthNet.Controllers.SettingsController.GetCompanyInfo (AuthNet)'
2025-09-19 22:31:01.830 +05:30 [INF] Request finished HTTP/1.1 GET https://localhost:7165/api/Settings/Get - 200 null application/json; charset=utf-8 13.6105ms
2025-09-19 22:31:02.117 +05:30 [INF] Request starting HTTP/2 GET https://localhost:7165/api/Sales/WeeklyProfit - null null
2025-09-19 22:31:02.117 +05:30 [INF] CORS policy execution successful.
2025-09-19 22:31:02.117 +05:30 [INF] Executing endpoint 'AuthNet.Controllers.SalesController.GetWeeklyProfit (AuthNet)'
2025-09-19 22:31:02.118 +05:30 [INF] Route matched with {action = "GetWeeklyProfit", controller = "Sales"}. Executing controller action with signature System.Threading.Tasks.Task`1[Microsoft.AspNetCore.Mvc.IActionResult] GetWeeklyProfit() on controller AuthNet.Controllers.SalesController (AuthNet).
2025-09-19 22:31:02.148 +05:30 [INF] Executed DbCommand (29ms) [Parameters=[@__startDate_0='?' (DbType = DateTime2), @__endDate_1='?' (DbType = DateTime2)], CommandType='"Text"', CommandTimeout='30']
SELECT [s].[Id], [s].[ProductId], [s].[ProductName], [s].[Quantity], [s].[SaleId], [s].[TotalPrice], [s].[UnitPrice], [s0].[Id], [s0].[AfterTaxAmount], [s0].[CreatedAt], [s0].[DiscountedAmount], [s0].[InvoiceDate], [s0].[InvoiceNo], [s0].[PrincipalAmount], [s0].[Template], [s0].[TotalAmount]
FROM [SaleItems] AS [s]
INNER JOIN [Sales] AS [s0] ON [s].[SaleId] = [s0].[Id]
WHERE CONVERT(date, [s0].[InvoiceDate]) >= @__startDate_0 AND CONVERT(date, [s0].[InvoiceDate]) <= @__endDate_1
2025-09-19 22:31:02.166 +05:30 [INF] Executed DbCommand (16ms) [Parameters=[@__productIds_0='?' (Size = 4000)], CommandType='"Text"', CommandTimeout='30']
SELECT [p].[ProductId], [p].[CategoryId], [p].[CostPrice], [p].[Description], [p].[Name], [p].[ProductCode], [p].[ProductKey], [p].[SellPrice], [p].[SupplierId]
FROM [Products] AS [p]
WHERE [p].[ProductId] IN (
    SELECT [p0].[value]
    FROM OPENJSON(@__productIds_0) WITH ([value] int '$') AS [p0]
)
2025-09-19 22:31:02.167 +05:30 [INF] Executing OkObjectResult, writing value of type 'System.Collections.Generic.List`1[[AuthNet.Models.DTO.DailyProfitDto, AuthNet, Version=1.0.0.0, Culture=neutral, PublicKeyToken=null]]'.
2025-09-19 22:31:02.167 +05:30 [INF] Executed action AuthNet.Controllers.SalesController.GetWeeklyProfit (AuthNet) in 49.2281ms
2025-09-19 22:31:02.167 +05:30 [INF] Executed endpoint 'AuthNet.Controllers.SalesController.GetWeeklyProfit (AuthNet)'
2025-09-19 22:31:02.167 +05:30 [INF] Request finished HTTP/2 GET https://localhost:7165/api/Sales/WeeklyProfit - 200 null application/json; charset=utf-8 50.4037ms
2025-09-19 22:31:05.315 +05:30 [INF] Request starting HTTP/1.1 POST https://localhost:7165/api/Auth/login - application/json; charset=utf-8 null
2025-09-19 22:31:05.316 +05:30 [INF] Executing endpoint 'AuthNet.Controllers.AuthController.Login (AuthNet)'
2025-09-19 22:31:05.316 +05:30 [INF] Route matched with {action = "Login", controller = "Auth"}. Executing controller action with signature System.Threading.Tasks.Task`1[Microsoft.AspNetCore.Mvc.IActionResult] Login(AuthNet.Models.DTO.LoginDto) on controller AuthNet.Controllers.AuthController (AuthNet).
2025-09-19 22:31:05.332 +05:30 [INF] Executed DbCommand (11ms) [Parameters=[@__username_0='?' (Size = 100)], CommandType='"Text"', CommandTimeout='30']
SELECT TOP(1) [u].[UserId], [u].[CreatedAt], [u].[Email], [u].[Firstname], [u].[Lastname], [u].[PasswordHash], [u].[Role], [u].[Username]
FROM [Users] AS [u]
WHERE [u].[Username] = @__username_0
2025-09-19 22:31:05.613 +05:30 [INF] Executing OkObjectResult, writing value of type 'AuthNet.Models.DTO.ServiceResponse`1[[AuthNet.Models.DTO.LoginResponseDto, AuthNet, Version=1.0.0.0, Culture=neutral, PublicKeyToken=null]]'.
2025-09-19 22:31:05.614 +05:30 [INF] Executed action AuthNet.Controllers.AuthController.Login (AuthNet) in 297.2178ms
2025-09-19 22:31:05.614 +05:30 [INF] Executed endpoint 'AuthNet.Controllers.AuthController.Login (AuthNet)'
2025-09-19 22:31:05.614 +05:30 [INF] Request finished HTTP/1.1 POST https://localhost:7165/api/Auth/login - 200 null application/json; charset=utf-8 299.1998ms
2025-09-19 22:31:05.713 +05:30 [INF] Request starting HTTP/1.1 GET https://localhost:7165/api/Sales/DailyProfit - null null
2025-09-19 22:31:05.713 +05:30 [INF] Executing endpoint 'AuthNet.Controllers.SalesController.GetDailyProfit (AuthNet)'
2025-09-19 22:31:05.713 +05:30 [INF] Route matched with {action = "GetDailyProfit", controller = "Sales"}. Executing controller action with signature System.Threading.Tasks.Task`1[Microsoft.AspNetCore.Mvc.IActionResult] GetDailyProfit() on controller AuthNet.Controllers.SalesController (AuthNet).
2025-09-19 22:31:05.727 +05:30 [INF] Executed DbCommand (12ms) [Parameters=[@__date_Date_0='?' (DbType = DateTime2)], CommandType='"Text"', CommandTimeout='30']
SELECT [s].[Id], [s].[ProductId], [s].[ProductName], [s].[Quantity], [s].[SaleId], [s].[TotalPrice], [s].[UnitPrice], [s0].[Id], [s0].[AfterTaxAmount], [s0].[CreatedAt], [s0].[DiscountedAmount], [s0].[InvoiceDate], [s0].[InvoiceNo], [s0].[PrincipalAmount], [s0].[Template], [s0].[TotalAmount]
FROM [SaleItems] AS [s]
INNER JOIN [Sales] AS [s0] ON [s].[SaleId] = [s0].[Id]
WHERE CONVERT(date, [s0].[InvoiceDate]) = @__date_Date_0
2025-09-19 22:31:05.737 +05:30 [INF] Executed DbCommand (9ms) [Parameters=[@__productIds_0='?' (Size = 4000)], CommandType='"Text"', CommandTimeout='30']
SELECT [p].[ProductId], [p].[CategoryId], [p].[CostPrice], [p].[Description], [p].[Name], [p].[ProductCode], [p].[ProductKey], [p].[SellPrice], [p].[SupplierId]
FROM [Products] AS [p]
WHERE [p].[ProductId] IN (
    SELECT [p0].[value]
    FROM OPENJSON(@__productIds_0) WITH ([value] int '$') AS [p0]
)
2025-09-19 22:31:05.738 +05:30 [INF] Executing OkObjectResult, writing value of type 'AuthNet.Models.DTO.DailyProfitDto'.
2025-09-19 22:31:05.738 +05:30 [INF] Executed action AuthNet.Controllers.SalesController.GetDailyProfit (AuthNet) in 24.6879ms
2025-09-19 22:31:05.738 +05:30 [INF] Executed endpoint 'AuthNet.Controllers.SalesController.GetDailyProfit (AuthNet)'
2025-09-19 22:31:05.738 +05:30 [INF] Request finished HTTP/1.1 GET https://localhost:7165/api/Sales/DailyProfit - 200 null application/json; charset=utf-8 25.4152ms
2025-09-19 22:31:05.779 +05:30 [INF] Request starting HTTP/1.1 GET https://localhost:7165/api/Sales/CurrentMonthProfit - null null
2025-09-19 22:31:05.780 +05:30 [INF] Executing endpoint 'AuthNet.Controllers.SalesController.GetCurrentMonthProfit (AuthNet)'
2025-09-19 22:31:05.781 +05:30 [INF] Route matched with {action = "GetCurrentMonthProfit", controller = "Sales"}. Executing controller action with signature System.Threading.Tasks.Task`1[Microsoft.AspNetCore.Mvc.IActionResult] GetCurrentMonthProfit() on controller AuthNet.Controllers.SalesController (AuthNet).
2025-09-19 22:31:05.821 +05:30 [INF] Executed DbCommand (39ms) [Parameters=[@__currentYear_0='?' (DbType = Int32), @__currentMonth_1='?' (DbType = Int32)], CommandType='"Text"', CommandTimeout='30']
SELECT [s].[Id], [s].[ProductId], [s].[ProductName], [s].[Quantity], [s].[SaleId], [s].[TotalPrice], [s].[UnitPrice], [s0].[Id], [s0].[AfterTaxAmount], [s0].[CreatedAt], [s0].[DiscountedAmount], [s0].[InvoiceDate], [s0].[InvoiceNo], [s0].[PrincipalAmount], [s0].[Template], [s0].[TotalAmount]
FROM [SaleItems] AS [s]
INNER JOIN [Sales] AS [s0] ON [s].[SaleId] = [s0].[Id]
WHERE DATEPART(year, [s0].[InvoiceDate]) = @__currentYear_0 AND DATEPART(month, [s0].[InvoiceDate]) = @__currentMonth_1
2025-09-19 22:31:05.821 +05:30 [INF] Executing OkObjectResult, writing value of type 'AuthNet.Models.DTO.MonthlyProfitDto'.
2025-09-19 22:31:05.822 +05:30 [INF] Executed action AuthNet.Controllers.SalesController.GetCurrentMonthProfit (AuthNet) in 40.9174ms
2025-09-19 22:31:05.822 +05:30 [INF] Executed endpoint 'AuthNet.Controllers.SalesController.GetCurrentMonthProfit (AuthNet)'
2025-09-19 22:31:05.822 +05:30 [INF] Request finished HTTP/1.1 GET https://localhost:7165/api/Sales/CurrentMonthProfit - 200 null application/json; charset=utf-8 42.3807ms
2025-09-19 22:31:05.934 +05:30 [INF] Request starting HTTP/1.1 GET https://localhost:7165/api/Sales/CurrentYearProfit - null null
2025-09-19 22:31:05.934 +05:30 [INF] Executing endpoint 'AuthNet.Controllers.SalesController.GetCurrentYearProfit (AuthNet)'
2025-09-19 22:31:05.934 +05:30 [INF] Route matched with {action = "GetCurrentYearProfit", controller = "Sales"}. Executing controller action with signature System.Threading.Tasks.Task`1[Microsoft.AspNetCore.Mvc.IActionResult] GetCurrentYearProfit() on controller AuthNet.Controllers.SalesController (AuthNet).
2025-09-19 22:31:05.951 +05:30 [INF] Executed DbCommand (15ms) [Parameters=[@__currentYear_0='?' (DbType = Int32)], CommandType='"Text"', CommandTimeout='30']
SELECT [s].[Id], [s].[ProductId], [s].[ProductName], [s].[Quantity], [s].[SaleId], [s].[TotalPrice], [s].[UnitPrice], [s0].[Id], [s0].[AfterTaxAmount], [s0].[CreatedAt], [s0].[DiscountedAmount], [s0].[InvoiceDate], [s0].[InvoiceNo], [s0].[PrincipalAmount], [s0].[Template], [s0].[TotalAmount]
FROM [SaleItems] AS [s]
INNER JOIN [Sales] AS [s0] ON [s].[SaleId] = [s0].[Id]
WHERE DATEPART(year, [s0].[InvoiceDate]) = @__currentYear_0
2025-09-19 22:31:05.963 +05:30 [INF] Executed DbCommand (11ms) [Parameters=[@__productIds_0='?' (Size = 4000)], CommandType='"Text"', CommandTimeout='30']
SELECT [p].[ProductId], [p].[CategoryId], [p].[CostPrice], [p].[Description], [p].[Name], [p].[ProductCode], [p].[ProductKey], [p].[SellPrice], [p].[SupplierId]
FROM [Products] AS [p]
WHERE [p].[ProductId] IN (
    SELECT [p0].[value]
    FROM OPENJSON(@__productIds_0) WITH ([value] int '$') AS [p0]
)
2025-09-19 22:31:05.963 +05:30 [INF] Executing OkObjectResult, writing value of type 'AuthNet.Models.DTO.YearlyProfitDto'.
2025-09-19 22:31:05.963 +05:30 [INF] Executed action AuthNet.Controllers.SalesController.GetCurrentYearProfit (AuthNet) in 28.9376ms
2025-09-19 22:31:05.963 +05:30 [INF] Executed endpoint 'AuthNet.Controllers.SalesController.GetCurrentYearProfit (AuthNet)'
2025-09-19 22:31:05.964 +05:30 [INF] Request finished HTTP/1.1 GET https://localhost:7165/api/Sales/CurrentYearProfit - 200 null application/json; charset=utf-8 29.5839ms
2025-09-19 22:31:06.081 +05:30 [INF] Request starting HTTP/1.1 GET https://localhost:7165/api/Tasks - null null
2025-09-19 22:31:06.081 +05:30 [INF] Executing endpoint 'AuthNet.Controllers.TasksController.GetTasks (AuthNet)'
2025-09-19 22:31:06.081 +05:30 [INF] Route matched with {action = "GetTasks", controller = "Tasks"}. Executing controller action with signature Microsoft.AspNetCore.Mvc.IActionResult GetTasks() on controller AuthNet.Controllers.TasksController (AuthNet).
2025-09-19 22:31:06.091 +05:30 [INF] Executed DbCommand (9ms) [Parameters=[], CommandType='"Text"', CommandTimeout='30']
SELECT [t].[Id], [t].[Title], [t].[DueDate]
FROM [Tasks] AS [t]
2025-09-19 22:31:06.091 +05:30 [INF] Executing OkObjectResult, writing value of type 'System.Collections.Generic.List`1[[AuthNet.Models.DTO.TaskItemDto, AuthNet, Version=1.0.0.0, Culture=neutral, PublicKeyToken=null]]'.
2025-09-19 22:31:06.091 +05:30 [INF] Executed action AuthNet.Controllers.TasksController.GetTasks (AuthNet) in 10.1823ms
2025-09-19 22:31:06.091 +05:30 [INF] Executed endpoint 'AuthNet.Controllers.TasksController.GetTasks (AuthNet)'
2025-09-19 22:31:06.092 +05:30 [INF] Request finished HTTP/1.1 GET https://localhost:7165/api/Tasks - 200 null application/json; charset=utf-8 10.6981ms
2025-09-19 22:31:06.188 +05:30 [INF] Request starting HTTP/1.1 GET https://localhost:7165/api/Settings/Get - null null
2025-09-19 22:31:06.188 +05:30 [INF] Executing endpoint 'AuthNet.Controllers.SettingsController.GetCompanyInfo (AuthNet)'
2025-09-19 22:31:06.189 +05:30 [INF] Route matched with {action = "GetCompanyInfo", controller = "Settings"}. Executing controller action with signature System.Threading.Tasks.Task`1[Microsoft.AspNetCore.Mvc.IActionResult] GetCompanyInfo() on controller AuthNet.Controllers.SettingsController (AuthNet).
2025-09-19 22:31:06.213 +05:30 [INF] Executed DbCommand (21ms) [Parameters=[], CommandType='"Text"', CommandTimeout='30']
SELECT TOP(1) [c].[Id], [c].[Address], [c].[ContactNumber], [c].[Email], [c].[GSTIN], [c].[LogoFileExtension], [c].[LogoFilePath], [c].[LogoFileSizeInBytes], [c].[LogoName], [c].[Name], [c].[SignFileExtension], [c].[SignFilePath], [c].[SignFileSizeInBytes], [c].[SignName]
FROM [CompanyInfos] AS [c]
2025-09-19 22:31:06.214 +05:30 [INF] Executing OkObjectResult, writing value of type 'AuthNet.Models.DTO.CompanyInfoResponseDto'.
2025-09-19 22:31:06.214 +05:30 [INF] Executed action AuthNet.Controllers.SettingsController.GetCompanyInfo (AuthNet) in 25.2387ms
2025-09-19 22:31:06.214 +05:30 [INF] Executed endpoint 'AuthNet.Controllers.SettingsController.GetCompanyInfo (AuthNet)'
2025-09-19 22:31:06.214 +05:30 [INF] Request finished HTTP/1.1 GET https://localhost:7165/api/Settings/Get - 200 null application/json; charset=utf-8 25.9778ms
2025-09-19 22:31:06.570 +05:30 [INF] Request starting HTTP/2 GET https://localhost:7165/api/Sales/WeeklyProfit - null null
2025-09-19 22:31:06.570 +05:30 [INF] CORS policy execution successful.
2025-09-19 22:31:06.570 +05:30 [INF] Executing endpoint 'AuthNet.Controllers.SalesController.GetWeeklyProfit (AuthNet)'
2025-09-19 22:31:06.587 +05:30 [INF] Route matched with {action = "GetWeeklyProfit", controller = "Sales"}. Executing controller action with signature System.Threading.Tasks.Task`1[Microsoft.AspNetCore.Mvc.IActionResult] GetWeeklyProfit() on controller AuthNet.Controllers.SalesController (AuthNet).
2025-09-19 22:31:06.630 +05:30 [INF] Executed DbCommand (39ms) [Parameters=[@__startDate_0='?' (DbType = DateTime2), @__endDate_1='?' (DbType = DateTime2)], CommandType='"Text"', CommandTimeout='30']
SELECT [s].[Id], [s].[ProductId], [s].[ProductName], [s].[Quantity], [s].[SaleId], [s].[TotalPrice], [s].[UnitPrice], [s0].[Id], [s0].[AfterTaxAmount], [s0].[CreatedAt], [s0].[DiscountedAmount], [s0].[InvoiceDate], [s0].[InvoiceNo], [s0].[PrincipalAmount], [s0].[Template], [s0].[TotalAmount]
FROM [SaleItems] AS [s]
INNER JOIN [Sales] AS [s0] ON [s].[SaleId] = [s0].[Id]
WHERE CONVERT(date, [s0].[InvoiceDate]) >= @__startDate_0 AND CONVERT(date, [s0].[InvoiceDate]) <= @__endDate_1
2025-09-19 22:31:06.646 +05:30 [INF] Executed DbCommand (15ms) [Parameters=[@__productIds_0='?' (Size = 4000)], CommandType='"Text"', CommandTimeout='30']
SELECT [p].[ProductId], [p].[CategoryId], [p].[CostPrice], [p].[Description], [p].[Name], [p].[ProductCode], [p].[ProductKey], [p].[SellPrice], [p].[SupplierId]
FROM [Products] AS [p]
WHERE [p].[ProductId] IN (
    SELECT [p0].[value]
    FROM OPENJSON(@__productIds_0) WITH ([value] int '$') AS [p0]
)
2025-09-19 22:31:06.646 +05:30 [INF] Executing OkObjectResult, writing value of type 'System.Collections.Generic.List`1[[AuthNet.Models.DTO.DailyProfitDto, AuthNet, Version=1.0.0.0, Culture=neutral, PublicKeyToken=null]]'.
2025-09-19 22:31:06.646 +05:30 [INF] Executed action AuthNet.Controllers.SalesController.GetWeeklyProfit (AuthNet) in 58.9283ms
2025-09-19 22:31:06.646 +05:30 [INF] Executed endpoint 'AuthNet.Controllers.SalesController.GetWeeklyProfit (AuthNet)'
2025-09-19 22:31:06.647 +05:30 [INF] Request finished HTTP/2 GET https://localhost:7165/api/Sales/WeeklyProfit - 200 null application/json; charset=utf-8 76.8713ms
2025-09-19 22:31:19.404 +05:30 [INF] Request starting HTTP/1.1 GET https://localhost:7165/api/Products - null null
2025-09-19 22:31:19.404 +05:30 [INF] Executing endpoint 'AuthNet.Controllers.ProductsController.GetAll (AuthNet)'
2025-09-19 22:31:19.413 +05:30 [INF] Route matched with {action = "GetAll", controller = "Products"}. Executing controller action with signature System.Threading.Tasks.Task`1[Microsoft.AspNetCore.Mvc.IActionResult] GetAll() on controller AuthNet.Controllers.ProductsController (AuthNet).
2025-09-19 22:31:19.506 +05:30 [INF] Executed DbCommand (48ms) [Parameters=[], CommandType='"Text"', CommandTimeout='30']
SELECT [p].[ProductId], [p].[CategoryId], [p].[CostPrice], [p].[Description], [p].[Name], [p].[ProductCode], [p].[ProductKey], [p].[SellPrice], [p].[SupplierId]
FROM [Products] AS [p]
2025-09-19 22:31:19.508 +05:30 [INF] Executing OkObjectResult, writing value of type 'System.Collections.Generic.List`1[[AuthNet.Models.Domain.Product, AuthNet, Version=1.0.0.0, Culture=neutral, PublicKeyToken=null]]'.
2025-09-19 22:31:19.525 +05:30 [INF] Executed action AuthNet.Controllers.ProductsController.GetAll (AuthNet) in 112.0215ms
2025-09-19 22:31:19.525 +05:30 [INF] Executed endpoint 'AuthNet.Controllers.ProductsController.GetAll (AuthNet)'
2025-09-19 22:31:19.526 +05:30 [INF] Request finished HTTP/1.1 GET https://localhost:7165/api/Products - 200 null application/json; charset=utf-8 121.7993ms
2025-09-19 22:31:19.579 +05:30 [INF] Request starting HTTP/1.1 GET https://localhost:7165/api/InvoiceTemplates - null null
2025-09-19 22:31:19.580 +05:30 [INF] Executing endpoint 'AuthNet.Controllers.InvoiceTemplatesController.GetAll (AuthNet)'
2025-09-19 22:31:19.585 +05:30 [INF] Route matched with {action = "GetAll", controller = "InvoiceTemplates"}. Executing controller action with signature System.Threading.Tasks.Task`1[Microsoft.AspNetCore.Mvc.IActionResult] GetAll() on controller AuthNet.Controllers.InvoiceTemplatesController (AuthNet).
2025-09-19 22:31:19.611 +05:30 [INF] Executed DbCommand (8ms) [Parameters=[], CommandType='"Text"', CommandTimeout='30']
SELECT [i].[Id], [i].[Layout], [i].[Notes], [i].[TermsAndConditions]
FROM [InvoiceTemplates] AS [i]
2025-09-19 22:31:19.636 +05:30 [INF] Executing OkObjectResult, writing value of type 'System.Collections.Generic.List`1[[AuthNet.Models.Domain.InvoiceTemplate, AuthNet, Version=1.0.0.0, Culture=neutral, PublicKeyToken=null]]'.
2025-09-19 22:31:19.642 +05:30 [INF] Executed action AuthNet.Controllers.InvoiceTemplatesController.GetAll (AuthNet) in 57.5793ms
2025-09-19 22:31:19.643 +05:30 [INF] Executed endpoint 'AuthNet.Controllers.InvoiceTemplatesController.GetAll (AuthNet)'
2025-09-19 22:31:19.643 +05:30 [INF] Request finished HTTP/1.1 GET https://localhost:7165/api/InvoiceTemplates - 200 null application/json; charset=utf-8 63.4283ms
2025-09-19 22:31:19.711 +05:30 [INF] Request starting HTTP/1.1 GET https://localhost:7165/api/categories - null null
2025-09-19 22:31:19.711 +05:30 [INF] Executing endpoint 'AuthNet.Controllers.CategoriesController.GetAll (AuthNet)'
2025-09-19 22:31:19.718 +05:30 [INF] Route matched with {action = "GetAll", controller = "Categories"}. Executing controller action with signature System.Threading.Tasks.Task`1[Microsoft.AspNetCore.Mvc.IActionResult] GetAll() on controller AuthNet.Controllers.CategoriesController (AuthNet).
2025-09-19 22:31:19.791 +05:30 [INF] Executed DbCommand (62ms) [Parameters=[], CommandType='"Text"', CommandTimeout='30']
SELECT [c].[CategoryId], [c].[Description], [c].[Name]
FROM [Categories] AS [c]
2025-09-19 22:31:19.808 +05:30 [INF] Executing OkObjectResult, writing value of type 'System.Collections.Generic.List`1[[AuthNet.Models.Domain.Category, AuthNet, Version=1.0.0.0, Culture=neutral, PublicKeyToken=null]]'.
2025-09-19 22:31:19.809 +05:30 [INF] Executed action AuthNet.Controllers.CategoriesController.GetAll (AuthNet) in 91.4772ms
2025-09-19 22:31:19.810 +05:30 [INF] Executed endpoint 'AuthNet.Controllers.CategoriesController.GetAll (AuthNet)'
2025-09-19 22:31:19.810 +05:30 [INF] Request finished HTTP/1.1 GET https://localhost:7165/api/categories - 200 null application/json; charset=utf-8 99.2439ms
2025-09-19 22:31:19.857 +05:30 [INF] Request starting HTTP/1.1 GET https://localhost:7165/api/Settings/Get - null null
2025-09-19 22:31:19.857 +05:30 [INF] Executing endpoint 'AuthNet.Controllers.SettingsController.GetCompanyInfo (AuthNet)'
2025-09-19 22:31:19.857 +05:30 [INF] Route matched with {action = "GetCompanyInfo", controller = "Settings"}. Executing controller action with signature System.Threading.Tasks.Task`1[Microsoft.AspNetCore.Mvc.IActionResult] GetCompanyInfo() on controller AuthNet.Controllers.SettingsController (AuthNet).
2025-09-19 22:31:19.866 +05:30 [INF] Executed DbCommand (8ms) [Parameters=[], CommandType='"Text"', CommandTimeout='30']
SELECT TOP(1) [c].[Id], [c].[Address], [c].[ContactNumber], [c].[Email], [c].[GSTIN], [c].[LogoFileExtension], [c].[LogoFilePath], [c].[LogoFileSizeInBytes], [c].[LogoName], [c].[Name], [c].[SignFileExtension], [c].[SignFilePath], [c].[SignFileSizeInBytes], [c].[SignName]
FROM [CompanyInfos] AS [c]
2025-09-19 22:31:19.867 +05:30 [INF] Executing OkObjectResult, writing value of type 'AuthNet.Models.DTO.CompanyInfoResponseDto'.
2025-09-19 22:31:19.867 +05:30 [INF] Executed action AuthNet.Controllers.SettingsController.GetCompanyInfo (AuthNet) in 9.7353ms
2025-09-19 22:31:19.867 +05:30 [INF] Executed endpoint 'AuthNet.Controllers.SettingsController.GetCompanyInfo (AuthNet)'
2025-09-19 22:31:19.867 +05:30 [INF] Request finished HTTP/1.1 GET https://localhost:7165/api/Settings/Get - 200 null application/json; charset=utf-8 10.7924ms
2025-09-19 22:31:19.903 +05:30 [INF] Request starting HTTP/1.1 GET https://localhost:7165/api/TaxSettings - null null
2025-09-19 22:31:19.904 +05:30 [INF] Executing endpoint 'AuthNet.Controllers.TaxSettingsController.GetAll (AuthNet)'
2025-09-19 22:31:19.911 +05:30 [INF] Route matched with {action = "GetAll", controller = "TaxSettings"}. Executing controller action with signature System.Threading.Tasks.Task`1[Microsoft.AspNetCore.Mvc.IActionResult] GetAll() on controller AuthNet.Controllers.TaxSettingsController (AuthNet).
2025-09-19 22:31:19.920 +05:30 [WRN] The query uses the 'First'/'FirstOrDefault' operator without 'OrderBy' and filter operators. This may lead to unpredictable results.
2025-09-19 22:31:20.016 +05:30 [INF] Executed DbCommand (89ms) [Parameters=[], CommandType='"Text"', CommandTimeout='30']
SELECT TOP(1) [t].[Id], [t].[CGST], [t].[IGST], [t].[SGST]
FROM [TaxSettings] AS [t]
2025-09-19 22:31:20.036 +05:30 [INF] Executing OkObjectResult, writing value of type 'AuthNet.Models.DTO.TaxSettingResponseDto'.
2025-09-19 22:31:20.038 +05:30 [INF] Executed action AuthNet.Controllers.TaxSettingsController.GetAll (AuthNet) in 126.32ms
2025-09-19 22:31:20.038 +05:30 [INF] Executed endpoint 'AuthNet.Controllers.TaxSettingsController.GetAll (AuthNet)'
2025-09-19 22:31:20.038 +05:30 [INF] Request finished HTTP/1.1 GET https://localhost:7165/api/TaxSettings - 200 null application/json; charset=utf-8 135.0581ms
2025-09-19 22:31:25.095 +05:30 [INF] Request starting HTTP/2 OPTIONS https://localhost:7165/api/Sales - null null
2025-09-19 22:31:25.095 +05:30 [INF] CORS policy execution successful.
2025-09-19 22:31:25.171 +05:30 [INF] Request finished HTTP/2 OPTIONS https://localhost:7165/api/Sales - 204 null null 76.7006ms
2025-09-19 22:31:25.181 +05:30 [INF] Request starting HTTP/2 POST https://localhost:7165/api/Sales - application/json 161
2025-09-19 22:31:25.181 +05:30 [INF] CORS policy execution successful.
2025-09-19 22:31:25.182 +05:30 [INF] Executing endpoint 'AuthNet.Controllers.SalesController.Create (AuthNet)'
2025-09-19 22:31:25.187 +05:30 [INF] Route matched with {action = "Create", controller = "Sales"}. Executing controller action with signature System.Threading.Tasks.Task`1[Microsoft.AspNetCore.Mvc.IActionResult] Create(AuthNet.Models.DTO.SaleDto) on controller AuthNet.Controllers.SalesController (AuthNet).
2025-09-19 22:31:25.625 +05:30 [INF] Executed DbCommand (29ms) [Parameters=[@p0='?' (Precision = 18) (Scale = 2) (DbType = Decimal), @p1='?' (DbType = DateTime2), @p2='?' (Precision = 18) (Scale = 2) (DbType = Decimal), @p3='?' (DbType = DateTime2), @p4='?' (Size = 4000), @p5='?' (Precision = 18) (Scale = 2) (DbType = Decimal), @p6='?' (Size = 4000), @p7='?' (Precision = 18) (Scale = 2) (DbType = Decimal)], CommandType='"Text"', CommandTimeout='30']
SET IMPLICIT_TRANSACTIONS OFF;
SET NOCOUNT ON;
INSERT INTO [Sales] ([AfterTaxAmount], [CreatedAt], [DiscountedAmount], [InvoiceDate], [InvoiceNo], [PrincipalAmount], [Template], [TotalAmount])
OUTPUT INSERTED.[Id]
VALUES (@p0, @p1, @p2, @p3, @p4, @p5, @p6, @p7);
2025-09-19 22:31:25.702 +05:30 [INF] Executed DbCommand (22ms) [Parameters=[@p8='?' (DbType = Int32), @p9='?' (Size = 4000), @p10='?' (DbType = Int32), @p11='?' (DbType = Int32), @p12='?' (Precision = 18) (Scale = 2) (DbType = Decimal), @p13='?' (Precision = 18) (Scale = 2) (DbType = Decimal)], CommandType='"Text"', CommandTimeout='30']
SET IMPLICIT_TRANSACTIONS OFF;
SET NOCOUNT ON;
INSERT INTO [SaleItems] ([ProductId], [ProductName], [Quantity], [SaleId], [TotalPrice], [UnitPrice])
OUTPUT INSERTED.[Id]
VALUES (@p8, @p9, @p10, @p11, @p12, @p13);
2025-09-19 22:31:25.754 +05:30 [INF] Executing OkObjectResult, writing value of type '<>f__AnonymousType3`2[[System.Boolean, System.Private.CoreLib, Version=8.0.0.0, Culture=neutral, PublicKeyToken=7cec85d7bea7798e],[System.String, System.Private.CoreLib, Version=8.0.0.0, Culture=neutral, PublicKeyToken=7cec85d7bea7798e]]'.
2025-09-19 22:31:25.764 +05:30 [INF] Executed action AuthNet.Controllers.SalesController.Create (AuthNet) in 576.9848ms
2025-09-19 22:31:25.764 +05:30 [INF] Executed endpoint 'AuthNet.Controllers.SalesController.Create (AuthNet)'
2025-09-19 22:31:25.765 +05:30 [INF] Request finished HTTP/2 POST https://localhost:7165/api/Sales - 200 null application/json; charset=utf-8 584.0073ms
2025-09-19 22:31:27.396 +05:30 [INF] Request starting HTTP/1.1 GET https://localhost:7165/api/Sales/DailyProfit - null null
2025-09-19 22:31:27.397 +05:30 [INF] Executing endpoint 'AuthNet.Controllers.SalesController.GetDailyProfit (AuthNet)'
2025-09-19 22:31:27.397 +05:30 [INF] Route matched with {action = "GetDailyProfit", controller = "Sales"}. Executing controller action with signature System.Threading.Tasks.Task`1[Microsoft.AspNetCore.Mvc.IActionResult] GetDailyProfit() on controller AuthNet.Controllers.SalesController (AuthNet).
2025-09-19 22:31:27.412 +05:30 [INF] Executed DbCommand (14ms) [Parameters=[@__date_Date_0='?' (DbType = DateTime2)], CommandType='"Text"', CommandTimeout='30']
SELECT [s].[Id], [s].[ProductId], [s].[ProductName], [s].[Quantity], [s].[SaleId], [s].[TotalPrice], [s].[UnitPrice], [s0].[Id], [s0].[AfterTaxAmount], [s0].[CreatedAt], [s0].[DiscountedAmount], [s0].[InvoiceDate], [s0].[InvoiceNo], [s0].[PrincipalAmount], [s0].[Template], [s0].[TotalAmount]
FROM [SaleItems] AS [s]
INNER JOIN [Sales] AS [s0] ON [s].[SaleId] = [s0].[Id]
WHERE CONVERT(date, [s0].[InvoiceDate]) = @__date_Date_0
2025-09-19 22:31:27.420 +05:30 [INF] Executed DbCommand (6ms) [Parameters=[@__productIds_0='?' (Size = 4000)], CommandType='"Text"', CommandTimeout='30']
SELECT [p].[ProductId], [p].[CategoryId], [p].[CostPrice], [p].[Description], [p].[Name], [p].[ProductCode], [p].[ProductKey], [p].[SellPrice], [p].[SupplierId]
FROM [Products] AS [p]
WHERE [p].[ProductId] IN (
    SELECT [p0].[value]
    FROM OPENJSON(@__productIds_0) WITH ([value] int '$') AS [p0]
)
2025-09-19 22:31:27.420 +05:30 [INF] Executing OkObjectResult, writing value of type 'AuthNet.Models.DTO.DailyProfitDto'.
2025-09-19 22:31:27.420 +05:30 [INF] Executed action AuthNet.Controllers.SalesController.GetDailyProfit (AuthNet) in 23.0593ms
2025-09-19 22:31:27.420 +05:30 [INF] Executed endpoint 'AuthNet.Controllers.SalesController.GetDailyProfit (AuthNet)'
2025-09-19 22:31:27.420 +05:30 [INF] Request finished HTTP/1.1 GET https://localhost:7165/api/Sales/DailyProfit - 200 null application/json; charset=utf-8 24.5137ms
2025-09-19 22:31:27.436 +05:30 [INF] Request starting HTTP/1.1 GET https://localhost:7165/api/Sales/CurrentMonthProfit - null null
2025-09-19 22:31:27.436 +05:30 [INF] Executing endpoint 'AuthNet.Controllers.SalesController.GetCurrentMonthProfit (AuthNet)'
2025-09-19 22:31:27.436 +05:30 [INF] Route matched with {action = "GetCurrentMonthProfit", controller = "Sales"}. Executing controller action with signature System.Threading.Tasks.Task`1[Microsoft.AspNetCore.Mvc.IActionResult] GetCurrentMonthProfit() on controller AuthNet.Controllers.SalesController (AuthNet).
2025-09-19 22:31:27.450 +05:30 [INF] Executed DbCommand (9ms) [Parameters=[@__currentYear_0='?' (DbType = Int32), @__currentMonth_1='?' (DbType = Int32)], CommandType='"Text"', CommandTimeout='30']
SELECT [s].[Id], [s].[ProductId], [s].[ProductName], [s].[Quantity], [s].[SaleId], [s].[TotalPrice], [s].[UnitPrice], [s0].[Id], [s0].[AfterTaxAmount], [s0].[CreatedAt], [s0].[DiscountedAmount], [s0].[InvoiceDate], [s0].[InvoiceNo], [s0].[PrincipalAmount], [s0].[Template], [s0].[TotalAmount]
FROM [SaleItems] AS [s]
INNER JOIN [Sales] AS [s0] ON [s].[SaleId] = [s0].[Id]
WHERE DATEPART(year, [s0].[InvoiceDate]) = @__currentYear_0 AND DATEPART(month, [s0].[InvoiceDate]) = @__currentMonth_1
2025-09-19 22:31:27.451 +05:30 [INF] Executed DbCommand (1ms) [Parameters=[@__productIds_0='?' (Size = 4000)], CommandType='"Text"', CommandTimeout='30']
SELECT [p].[ProductId], [p].[CategoryId], [p].[CostPrice], [p].[Description], [p].[Name], [p].[ProductCode], [p].[ProductKey], [p].[SellPrice], [p].[SupplierId]
FROM [Products] AS [p]
WHERE [p].[ProductId] IN (
    SELECT [p0].[value]
    FROM OPENJSON(@__productIds_0) WITH ([value] int '$') AS [p0]
)
2025-09-19 22:31:27.452 +05:30 [INF] Executing OkObjectResult, writing value of type 'AuthNet.Models.DTO.MonthlyProfitDto'.
2025-09-19 22:31:27.452 +05:30 [INF] Executed action AuthNet.Controllers.SalesController.GetCurrentMonthProfit (AuthNet) in 15.3322ms
2025-09-19 22:31:27.452 +05:30 [INF] Executed endpoint 'AuthNet.Controllers.SalesController.GetCurrentMonthProfit (AuthNet)'
2025-09-19 22:31:27.452 +05:30 [INF] Request finished HTTP/1.1 GET https://localhost:7165/api/Sales/CurrentMonthProfit - 200 null application/json; charset=utf-8 16.1691ms
2025-09-19 22:31:27.483 +05:30 [INF] Request starting HTTP/1.1 GET https://localhost:7165/api/Sales/CurrentYearProfit - null null
2025-09-19 22:31:27.484 +05:30 [INF] Executing endpoint 'AuthNet.Controllers.SalesController.GetCurrentYearProfit (AuthNet)'
2025-09-19 22:31:27.484 +05:30 [INF] Route matched with {action = "GetCurrentYearProfit", controller = "Sales"}. Executing controller action with signature System.Threading.Tasks.Task`1[Microsoft.AspNetCore.Mvc.IActionResult] GetCurrentYearProfit() on controller AuthNet.Controllers.SalesController (AuthNet).
2025-09-19 22:31:27.497 +05:30 [INF] Executed DbCommand (11ms) [Parameters=[@__currentYear_0='?' (DbType = Int32)], CommandType='"Text"', CommandTimeout='30']
SELECT [s].[Id], [s].[ProductId], [s].[ProductName], [s].[Quantity], [s].[SaleId], [s].[TotalPrice], [s].[UnitPrice], [s0].[Id], [s0].[AfterTaxAmount], [s0].[CreatedAt], [s0].[DiscountedAmount], [s0].[InvoiceDate], [s0].[InvoiceNo], [s0].[PrincipalAmount], [s0].[Template], [s0].[TotalAmount]
FROM [SaleItems] AS [s]
INNER JOIN [Sales] AS [s0] ON [s].[SaleId] = [s0].[Id]
WHERE DATEPART(year, [s0].[InvoiceDate]) = @__currentYear_0
2025-09-19 22:31:27.499 +05:30 [INF] Executed DbCommand (1ms) [Parameters=[@__productIds_0='?' (Size = 4000)], CommandType='"Text"', CommandTimeout='30']
SELECT [p].[ProductId], [p].[CategoryId], [p].[CostPrice], [p].[Description], [p].[Name], [p].[ProductCode], [p].[ProductKey], [p].[SellPrice], [p].[SupplierId]
FROM [Products] AS [p]
WHERE [p].[ProductId] IN (
    SELECT [p0].[value]
    FROM OPENJSON(@__productIds_0) WITH ([value] int '$') AS [p0]
)
2025-09-19 22:31:27.499 +05:30 [INF] Executing OkObjectResult, writing value of type 'AuthNet.Models.DTO.YearlyProfitDto'.
2025-09-19 22:31:27.500 +05:30 [INF] Executed action AuthNet.Controllers.SalesController.GetCurrentYearProfit (AuthNet) in 15.6677ms
2025-09-19 22:31:27.500 +05:30 [INF] Executed endpoint 'AuthNet.Controllers.SalesController.GetCurrentYearProfit (AuthNet)'
2025-09-19 22:31:27.500 +05:30 [INF] Request finished HTTP/1.1 GET https://localhost:7165/api/Sales/CurrentYearProfit - 200 null application/json; charset=utf-8 16.5165ms
2025-09-19 22:31:27.524 +05:30 [INF] Request starting HTTP/1.1 GET https://localhost:7165/api/Tasks - null null
2025-09-19 22:31:27.524 +05:30 [INF] Executing endpoint 'AuthNet.Controllers.TasksController.GetTasks (AuthNet)'
2025-09-19 22:31:27.524 +05:30 [INF] Route matched with {action = "GetTasks", controller = "Tasks"}. Executing controller action with signature Microsoft.AspNetCore.Mvc.IActionResult GetTasks() on controller AuthNet.Controllers.TasksController (AuthNet).
2025-09-19 22:31:27.529 +05:30 [INF] Executed DbCommand (4ms) [Parameters=[], CommandType='"Text"', CommandTimeout='30']
SELECT [t].[Id], [t].[Title], [t].[DueDate]
FROM [Tasks] AS [t]
2025-09-19 22:31:27.530 +05:30 [INF] Executing OkObjectResult, writing value of type 'System.Collections.Generic.List`1[[AuthNet.Models.DTO.TaskItemDto, AuthNet, Version=1.0.0.0, Culture=neutral, PublicKeyToken=null]]'.
2025-09-19 22:31:27.530 +05:30 [INF] Executed action AuthNet.Controllers.TasksController.GetTasks (AuthNet) in 5.2706ms
2025-09-19 22:31:27.530 +05:30 [INF] Executed endpoint 'AuthNet.Controllers.TasksController.GetTasks (AuthNet)'
2025-09-19 22:31:27.530 +05:30 [INF] Request finished HTTP/1.1 GET https://localhost:7165/api/Tasks - 200 null application/json; charset=utf-8 5.7717ms
2025-09-19 22:31:27.548 +05:30 [INF] Request starting HTTP/1.1 GET https://localhost:7165/api/Settings/Get - null null
2025-09-19 22:31:27.548 +05:30 [INF] Executing endpoint 'AuthNet.Controllers.SettingsController.GetCompanyInfo (AuthNet)'
2025-09-19 22:31:27.548 +05:30 [INF] Route matched with {action = "GetCompanyInfo", controller = "Settings"}. Executing controller action with signature System.Threading.Tasks.Task`1[Microsoft.AspNetCore.Mvc.IActionResult] GetCompanyInfo() on controller AuthNet.Controllers.SettingsController (AuthNet).
2025-09-19 22:31:27.554 +05:30 [INF] Executed DbCommand (3ms) [Parameters=[], CommandType='"Text"', CommandTimeout='30']
SELECT TOP(1) [c].[Id], [c].[Address], [c].[ContactNumber], [c].[Email], [c].[GSTIN], [c].[LogoFileExtension], [c].[LogoFilePath], [c].[LogoFileSizeInBytes], [c].[LogoName], [c].[Name], [c].[SignFileExtension], [c].[SignFilePath], [c].[SignFileSizeInBytes], [c].[SignName]
FROM [CompanyInfos] AS [c]
2025-09-19 22:31:27.554 +05:30 [INF] Executing OkObjectResult, writing value of type 'AuthNet.Models.DTO.CompanyInfoResponseDto'.
2025-09-19 22:31:27.554 +05:30 [INF] Executed action AuthNet.Controllers.SettingsController.GetCompanyInfo (AuthNet) in 5.632ms
2025-09-19 22:31:27.554 +05:30 [INF] Executed endpoint 'AuthNet.Controllers.SettingsController.GetCompanyInfo (AuthNet)'
2025-09-19 22:31:27.554 +05:30 [INF] Request finished HTTP/1.1 GET https://localhost:7165/api/Settings/Get - 200 null application/json; charset=utf-8 6.2947ms
2025-09-19 22:31:27.979 +05:30 [INF] Request starting HTTP/2 GET https://localhost:7165/api/Sales/WeeklyProfit - null null
2025-09-19 22:31:27.980 +05:30 [INF] CORS policy execution successful.
2025-09-19 22:31:27.980 +05:30 [INF] Executing endpoint 'AuthNet.Controllers.SalesController.GetWeeklyProfit (AuthNet)'
2025-09-19 22:31:27.980 +05:30 [INF] Route matched with {action = "GetWeeklyProfit", controller = "Sales"}. Executing controller action with signature System.Threading.Tasks.Task`1[Microsoft.AspNetCore.Mvc.IActionResult] GetWeeklyProfit() on controller AuthNet.Controllers.SalesController (AuthNet).
2025-09-19 22:31:28.048 +05:30 [INF] Executed DbCommand (67ms) [Parameters=[@__startDate_0='?' (DbType = DateTime2), @__endDate_1='?' (DbType = DateTime2)], CommandType='"Text"', CommandTimeout='30']
SELECT [s].[Id], [s].[ProductId], [s].[ProductName], [s].[Quantity], [s].[SaleId], [s].[TotalPrice], [s].[UnitPrice], [s0].[Id], [s0].[AfterTaxAmount], [s0].[CreatedAt], [s0].[DiscountedAmount], [s0].[InvoiceDate], [s0].[InvoiceNo], [s0].[PrincipalAmount], [s0].[Template], [s0].[TotalAmount]
FROM [SaleItems] AS [s]
INNER JOIN [Sales] AS [s0] ON [s].[SaleId] = [s0].[Id]
WHERE CONVERT(date, [s0].[InvoiceDate]) >= @__startDate_0 AND CONVERT(date, [s0].[InvoiceDate]) <= @__endDate_1
2025-09-19 22:31:28.060 +05:30 [INF] Executed DbCommand (11ms) [Parameters=[@__productIds_0='?' (Size = 4000)], CommandType='"Text"', CommandTimeout='30']
SELECT [p].[ProductId], [p].[CategoryId], [p].[CostPrice], [p].[Description], [p].[Name], [p].[ProductCode], [p].[ProductKey], [p].[SellPrice], [p].[SupplierId]
FROM [Products] AS [p]
WHERE [p].[ProductId] IN (
    SELECT [p0].[value]
    FROM OPENJSON(@__productIds_0) WITH ([value] int '$') AS [p0]
)
2025-09-19 22:31:28.060 +05:30 [INF] Executing OkObjectResult, writing value of type 'System.Collections.Generic.List`1[[AuthNet.Models.DTO.DailyProfitDto, AuthNet, Version=1.0.0.0, Culture=neutral, PublicKeyToken=null]]'.
2025-09-19 22:31:28.060 +05:30 [INF] Executed action AuthNet.Controllers.SalesController.GetWeeklyProfit (AuthNet) in 80.6051ms
2025-09-19 22:31:28.060 +05:30 [INF] Executed endpoint 'AuthNet.Controllers.SalesController.GetWeeklyProfit (AuthNet)'
2025-09-19 22:31:28.061 +05:30 [INF] Request finished HTTP/2 GET https://localhost:7165/api/Sales/WeeklyProfit - 200 null application/json; charset=utf-8 81.4027ms
2025-09-19 22:37:03.049 +05:30 [INF] User profile is available. Using 'C:\Users\Admin\AppData\Local\ASP.NET\DataProtection-Keys' as key repository and Windows DPAPI to encrypt keys at rest.
2025-09-19 22:37:03.914 +05:30 [INF] Now listening on: https://localhost:7165
2025-09-19 22:37:03.915 +05:30 [INF] Now listening on: http://localhost:5008
2025-09-19 22:37:05.377 +05:30 [INF] Application started. Press Ctrl+C to shut down.
2025-09-19 22:37:05.378 +05:30 [INF] Hosting environment: Development
2025-09-19 22:37:05.378 +05:30 [INF] Content root path: C:\Users\Admin\AuthNet\AuthNet
2025-09-19 22:37:05.651 +05:30 [INF] Request starting HTTP/2 GET https://localhost:7165/swagger/index.html - null null
2025-09-19 22:37:07.117 +05:30 [INF] Request starting HTTP/2 GET https://localhost:7165/swagger/swagger-ui.css - null null
2025-09-19 22:37:07.125 +05:30 [INF] Request finished HTTP/2 GET https://localhost:7165/swagger/index.html - 200 null text/html;charset=utf-8 1497.4344ms
2025-09-19 22:37:07.126 +05:30 [INF] Request starting HTTP/2 GET https://localhost:7165/swagger/swagger-ui-standalone-preset.js - null null
2025-09-19 22:37:07.126 +05:30 [INF] Request starting HTTP/2 GET https://localhost:7165/swagger/swagger-ui-bundle.js - null null
2025-09-19 22:37:07.132 +05:30 [INF] Request starting HTTP/2 GET https://localhost:7165/_framework/aspnetcore-browser-refresh.js - null null
2025-09-19 22:37:07.132 +05:30 [INF] The file /swagger-ui.css was not modified
2025-09-19 22:37:07.132 +05:30 [INF] The file /swagger-ui-standalone-preset.js was not modified
2025-09-19 22:37:07.132 +05:30 [INF] The file /swagger-ui-bundle.js was not modified
2025-09-19 22:37:07.133 +05:30 [INF] Request starting HTTP/2 GET https://localhost:7165/_vs/browserLink - null null
2025-09-19 22:37:07.134 +05:30 [INF] Request finished HTTP/2 GET https://localhost:7165/swagger/swagger-ui.css - 304 null text/css 17.756ms
2025-09-19 22:37:07.134 +05:30 [INF] Request finished HTTP/2 GET https://localhost:7165/swagger/swagger-ui-bundle.js - 304 null text/javascript 7.4402ms
2025-09-19 22:37:07.134 +05:30 [INF] Request finished HTTP/2 GET https://localhost:7165/swagger/swagger-ui-standalone-preset.js - 304 null text/javascript 7.8812ms
2025-09-19 22:37:07.238 +05:30 [INF] Request finished HTTP/2 GET https://localhost:7165/_framework/aspnetcore-browser-refresh.js - 200 16499 application/javascript; charset=utf-8 105.9176ms
2025-09-19 22:37:07.511 +05:30 [INF] Request finished HTTP/2 GET https://localhost:7165/_vs/browserLink - 200 null text/javascript; charset=UTF-8 377.4536ms
2025-09-19 22:37:07.731 +05:30 [INF] Request starting HTTP/2 GET https://localhost:7165/swagger/v1/swagger.json - null null
2025-09-19 22:37:07.894 +05:30 [INF] Request starting HTTP/2 GET https://localhost:7165/swagger/favicon-32x32.png - null null
2025-09-19 22:37:07.894 +05:30 [INF] The file /favicon-32x32.png was not modified
2025-09-19 22:37:07.895 +05:30 [INF] Request finished HTTP/2 GET https://localhost:7165/swagger/favicon-32x32.png - 304 null image/png 0.9764ms
2025-09-19 22:37:07.931 +05:30 [INF] Request finished HTTP/2 GET https://localhost:7165/swagger/v1/swagger.json - 200 null application/json;charset=utf-8 200.1645ms
2025-09-19 22:37:08.383 +05:30 [INF] Request starting HTTP/1.1 GET https://localhost:7165/api/Sales/DailyProfit - null null
2025-09-19 22:37:09.066 +05:30 [INF] Executing endpoint 'AuthNet.Controllers.SalesController.GetDailyProfit (AuthNet)'
2025-09-19 22:37:09.113 +05:30 [INF] Route matched with {action = "GetDailyProfit", controller = "Sales"}. Executing controller action with signature System.Threading.Tasks.Task`1[Microsoft.AspNetCore.Mvc.IActionResult] GetDailyProfit() on controller AuthNet.Controllers.SalesController (AuthNet).
2025-09-19 22:37:11.157 +05:30 [WRN] No store type was specified for the decimal property 'TotalAmount' on entity type 'Order'. This will cause values to be silently truncated if they do not fit in the default precision and scale. Explicitly specify the SQL server column type that can accommodate all the values in 'OnModelCreating' using 'HasColumnType', specify precision and scale using 'HasPrecision', or configure a value converter using 'HasConversion'.
2025-09-19 22:37:11.157 +05:30 [WRN] No store type was specified for the decimal property 'UnitPrice' on entity type 'OrderItem'. This will cause values to be silently truncated if they do not fit in the default precision and scale. Explicitly specify the SQL server column type that can accommodate all the values in 'OnModelCreating' using 'HasColumnType', specify precision and scale using 'HasPrecision', or configure a value converter using 'HasConversion'.
2025-09-19 22:37:11.157 +05:30 [WRN] No store type was specified for the decimal property 'CostPrice' on entity type 'Product'. This will cause values to be silently truncated if they do not fit in the default precision and scale. Explicitly specify the SQL server column type that can accommodate all the values in 'OnModelCreating' using 'HasColumnType', specify precision and scale using 'HasPrecision', or configure a value converter using 'HasConversion'.
2025-09-19 22:37:11.157 +05:30 [WRN] No store type was specified for the decimal property 'SellPrice' on entity type 'Product'. This will cause values to be silently truncated if they do not fit in the default precision and scale. Explicitly specify the SQL server column type that can accommodate all the values in 'OnModelCreating' using 'HasColumnType', specify precision and scale using 'HasPrecision', or configure a value converter using 'HasConversion'.
2025-09-19 22:37:11.157 +05:30 [WRN] No store type was specified for the decimal property 'TotalAmount' on entity type 'PurchaseOrder'. This will cause values to be silently truncated if they do not fit in the default precision and scale. Explicitly specify the SQL server column type that can accommodate all the values in 'OnModelCreating' using 'HasColumnType', specify precision and scale using 'HasPrecision', or configure a value converter using 'HasConversion'.
2025-09-19 22:37:11.158 +05:30 [WRN] No store type was specified for the decimal property 'UnitPrice' on entity type 'PurchaseOrderItems'. This will cause values to be silently truncated if they do not fit in the default precision and scale. Explicitly specify the SQL server column type that can accommodate all the values in 'OnModelCreating' using 'HasColumnType', specify precision and scale using 'HasPrecision', or configure a value converter using 'HasConversion'.
2025-09-19 22:37:11.158 +05:30 [WRN] No store type was specified for the decimal property 'AfterTaxAmount' on entity type 'Sale'. This will cause values to be silently truncated if they do not fit in the default precision and scale. Explicitly specify the SQL server column type that can accommodate all the values in 'OnModelCreating' using 'HasColumnType', specify precision and scale using 'HasPrecision', or configure a value converter using 'HasConversion'.
2025-09-19 22:37:11.158 +05:30 [WRN] No store type was specified for the decimal property 'DiscountedAmount' on entity type 'Sale'. This will cause values to be silently truncated if they do not fit in the default precision and scale. Explicitly specify the SQL server column type that can accommodate all the values in 'OnModelCreating' using 'HasColumnType', specify precision and scale using 'HasPrecision', or configure a value converter using 'HasConversion'.
2025-09-19 22:37:11.158 +05:30 [WRN] No store type was specified for the decimal property 'PrincipalAmount' on entity type 'Sale'. This will cause values to be silently truncated if they do not fit in the default precision and scale. Explicitly specify the SQL server column type that can accommodate all the values in 'OnModelCreating' using 'HasColumnType', specify precision and scale using 'HasPrecision', or configure a value converter using 'HasConversion'.
2025-09-19 22:37:11.158 +05:30 [WRN] No store type was specified for the decimal property 'TotalAmount' on entity type 'Sale'. This will cause values to be silently truncated if they do not fit in the default precision and scale. Explicitly specify the SQL server column type that can accommodate all the values in 'OnModelCreating' using 'HasColumnType', specify precision and scale using 'HasPrecision', or configure a value converter using 'HasConversion'.
2025-09-19 22:37:11.158 +05:30 [WRN] No store type was specified for the decimal property 'TotalPrice' on entity type 'SaleItem'. This will cause values to be silently truncated if they do not fit in the default precision and scale. Explicitly specify the SQL server column type that can accommodate all the values in 'OnModelCreating' using 'HasColumnType', specify precision and scale using 'HasPrecision', or configure a value converter using 'HasConversion'.
2025-09-19 22:37:11.158 +05:30 [WRN] No store type was specified for the decimal property 'UnitPrice' on entity type 'SaleItem'. This will cause values to be silently truncated if they do not fit in the default precision and scale. Explicitly specify the SQL server column type that can accommodate all the values in 'OnModelCreating' using 'HasColumnType', specify precision and scale using 'HasPrecision', or configure a value converter using 'HasConversion'.
2025-09-19 22:37:11.158 +05:30 [WRN] No store type was specified for the decimal property 'CGST' on entity type 'TaxSetting'. This will cause values to be silently truncated if they do not fit in the default precision and scale. Explicitly specify the SQL server column type that can accommodate all the values in 'OnModelCreating' using 'HasColumnType', specify precision and scale using 'HasPrecision', or configure a value converter using 'HasConversion'.
2025-09-19 22:37:11.158 +05:30 [WRN] No store type was specified for the decimal property 'IGST' on entity type 'TaxSetting'. This will cause values to be silently truncated if they do not fit in the default precision and scale. Explicitly specify the SQL server column type that can accommodate all the values in 'OnModelCreating' using 'HasColumnType', specify precision and scale using 'HasPrecision', or configure a value converter using 'HasConversion'.
2025-09-19 22:37:11.158 +05:30 [WRN] No store type was specified for the decimal property 'SGST' on entity type 'TaxSetting'. This will cause values to be silently truncated if they do not fit in the default precision and scale. Explicitly specify the SQL server column type that can accommodate all the values in 'OnModelCreating' using 'HasColumnType', specify precision and scale using 'HasPrecision', or configure a value converter using 'HasConversion'.
2025-09-19 22:37:14.333 +05:30 [INF] Executed DbCommand (428ms) [Parameters=[@__date_Date_0='?' (DbType = DateTime2)], CommandType='"Text"', CommandTimeout='30']
SELECT [s].[Id], [s].[ProductId], [s].[ProductName], [s].[Quantity], [s].[SaleId], [s].[TotalPrice], [s].[UnitPrice], [s0].[Id], [s0].[AfterTaxAmount], [s0].[CreatedAt], [s0].[DiscountedAmount], [s0].[InvoiceDate], [s0].[InvoiceNo], [s0].[PrincipalAmount], [s0].[Template], [s0].[TotalAmount]
FROM [SaleItems] AS [s]
INNER JOIN [Sales] AS [s0] ON [s].[SaleId] = [s0].[Id]
WHERE CONVERT(date, [s0].[InvoiceDate]) = @__date_Date_0
2025-09-19 22:37:14.867 +05:30 [INF] Executed DbCommand (37ms) [Parameters=[@__productIds_0='?' (Size = 4000)], CommandType='"Text"', CommandTimeout='30']
SELECT [p].[ProductId], [p].[CategoryId], [p].[CostPrice], [p].[Description], [p].[Name], [p].[ProductCode], [p].[ProductKey], [p].[SellPrice], [p].[SupplierId]
FROM [Products] AS [p]
WHERE [p].[ProductId] IN (
    SELECT [p0].[value]
    FROM OPENJSON(@__productIds_0) WITH ([value] int '$') AS [p0]
)
2025-09-19 22:37:14.942 +05:30 [INF] Executing OkObjectResult, writing value of type 'AuthNet.Models.DTO.DailyProfitDto'.
2025-09-19 22:37:15.012 +05:30 [INF] Executed action AuthNet.Controllers.SalesController.GetDailyProfit (AuthNet) in 5892.7721ms
2025-09-19 22:37:15.013 +05:30 [INF] Executed endpoint 'AuthNet.Controllers.SalesController.GetDailyProfit (AuthNet)'
2025-09-19 22:37:15.029 +05:30 [INF] Request finished HTTP/1.1 GET https://localhost:7165/api/Sales/DailyProfit - 200 null application/json; charset=utf-8 6649.0705ms
2025-09-19 22:37:15.091 +05:30 [INF] Request starting HTTP/1.1 GET https://localhost:7165/api/Sales/CurrentMonthProfit - null null
2025-09-19 22:37:15.101 +05:30 [INF] Executing endpoint 'AuthNet.Controllers.SalesController.GetCurrentMonthProfit (AuthNet)'
2025-09-19 22:37:15.109 +05:30 [INF] Route matched with {action = "GetCurrentMonthProfit", controller = "Sales"}. Executing controller action with signature System.Threading.Tasks.Task`1[Microsoft.AspNetCore.Mvc.IActionResult] GetCurrentMonthProfit() on controller AuthNet.Controllers.SalesController (AuthNet).
2025-09-19 22:37:15.188 +05:30 [INF] Executed DbCommand (24ms) [Parameters=[@__currentYear_0='?' (DbType = Int32), @__currentMonth_1='?' (DbType = Int32)], CommandType='"Text"', CommandTimeout='30']
SELECT [s].[Id], [s].[ProductId], [s].[ProductName], [s].[Quantity], [s].[SaleId], [s].[TotalPrice], [s].[UnitPrice], [s0].[Id], [s0].[AfterTaxAmount], [s0].[CreatedAt], [s0].[DiscountedAmount], [s0].[InvoiceDate], [s0].[InvoiceNo], [s0].[PrincipalAmount], [s0].[Template], [s0].[TotalAmount]
FROM [SaleItems] AS [s]
INNER JOIN [Sales] AS [s0] ON [s].[SaleId] = [s0].[Id]
WHERE DATEPART(year, [s0].[InvoiceDate]) = @__currentYear_0 AND DATEPART(month, [s0].[InvoiceDate]) = @__currentMonth_1
2025-09-19 22:37:15.212 +05:30 [INF] Executed DbCommand (15ms) [Parameters=[@__productIds_0='?' (Size = 4000)], CommandType='"Text"', CommandTimeout='30']
SELECT [p].[ProductId], [p].[CategoryId], [p].[CostPrice], [p].[Description], [p].[Name], [p].[ProductCode], [p].[ProductKey], [p].[SellPrice], [p].[SupplierId]
FROM [Products] AS [p]
WHERE [p].[ProductId] IN (
    SELECT [p0].[value]
    FROM OPENJSON(@__productIds_0) WITH ([value] int '$') AS [p0]
)
2025-09-19 22:37:15.215 +05:30 [INF] Executing OkObjectResult, writing value of type 'AuthNet.Models.DTO.MonthlyProfitDto'.
2025-09-19 22:37:15.218 +05:30 [INF] Executed action AuthNet.Controllers.SalesController.GetCurrentMonthProfit (AuthNet) in 108.8992ms
2025-09-19 22:37:15.219 +05:30 [INF] Executed endpoint 'AuthNet.Controllers.SalesController.GetCurrentMonthProfit (AuthNet)'
2025-09-19 22:37:15.220 +05:30 [INF] Request finished HTTP/1.1 GET https://localhost:7165/api/Sales/CurrentMonthProfit - 200 null application/json; charset=utf-8 128.5485ms
2025-09-19 22:37:15.240 +05:30 [INF] Request starting HTTP/1.1 GET https://localhost:7165/api/Sales/CurrentYearProfit - null null
2025-09-19 22:37:15.244 +05:30 [INF] Executing endpoint 'AuthNet.Controllers.SalesController.GetCurrentYearProfit (AuthNet)'
2025-09-19 22:37:15.251 +05:30 [INF] Route matched with {action = "GetCurrentYearProfit", controller = "Sales"}. Executing controller action with signature System.Threading.Tasks.Task`1[Microsoft.AspNetCore.Mvc.IActionResult] GetCurrentYearProfit() on controller AuthNet.Controllers.SalesController (AuthNet).
2025-09-19 22:37:15.390 +05:30 [INF] Executed DbCommand (20ms) [Parameters=[@__currentYear_0='?' (DbType = Int32)], CommandType='"Text"', CommandTimeout='30']
SELECT [s].[Id], [s].[ProductId], [s].[ProductName], [s].[Quantity], [s].[SaleId], [s].[TotalPrice], [s].[UnitPrice], [s0].[Id], [s0].[AfterTaxAmount], [s0].[CreatedAt], [s0].[DiscountedAmount], [s0].[InvoiceDate], [s0].[InvoiceNo], [s0].[PrincipalAmount], [s0].[Template], [s0].[TotalAmount]
FROM [SaleItems] AS [s]
INNER JOIN [Sales] AS [s0] ON [s].[SaleId] = [s0].[Id]
WHERE DATEPART(year, [s0].[InvoiceDate]) = @__currentYear_0
2025-09-19 22:37:15.398 +05:30 [INF] Executed DbCommand (2ms) [Parameters=[@__productIds_0='?' (Size = 4000)], CommandType='"Text"', CommandTimeout='30']
SELECT [p].[ProductId], [p].[CategoryId], [p].[CostPrice], [p].[Description], [p].[Name], [p].[ProductCode], [p].[ProductKey], [p].[SellPrice], [p].[SupplierId]
FROM [Products] AS [p]
WHERE [p].[ProductId] IN (
    SELECT [p0].[value]
    FROM OPENJSON(@__productIds_0) WITH ([value] int '$') AS [p0]
)
2025-09-19 22:37:15.401 +05:30 [INF] Executing OkObjectResult, writing value of type 'AuthNet.Models.DTO.YearlyProfitDto'.
2025-09-19 22:37:15.403 +05:30 [INF] Executed action AuthNet.Controllers.SalesController.GetCurrentYearProfit (AuthNet) in 151.5815ms
2025-09-19 22:37:15.403 +05:30 [INF] Executed endpoint 'AuthNet.Controllers.SalesController.GetCurrentYearProfit (AuthNet)'
2025-09-19 22:37:15.403 +05:30 [INF] Request finished HTTP/1.1 GET https://localhost:7165/api/Sales/CurrentYearProfit - 200 null application/json; charset=utf-8 163.2228ms
2025-09-19 22:37:15.432 +05:30 [INF] Request starting HTTP/1.1 GET https://localhost:7165/api/Tasks - null null
2025-09-19 22:37:15.433 +05:30 [INF] Executing endpoint 'AuthNet.Controllers.TasksController.GetTasks (AuthNet)'
2025-09-19 22:37:15.436 +05:30 [INF] Route matched with {action = "GetTasks", controller = "Tasks"}. Executing controller action with signature Microsoft.AspNetCore.Mvc.IActionResult GetTasks() on controller AuthNet.Controllers.TasksController (AuthNet).
2025-09-19 22:37:15.535 +05:30 [INF] Executed DbCommand (65ms) [Parameters=[], CommandType='"Text"', CommandTimeout='30']
SELECT [t].[Id], [t].[Title], [t].[DueDate]
FROM [Tasks] AS [t]
2025-09-19 22:37:15.543 +05:30 [INF] Executing OkObjectResult, writing value of type 'System.Collections.Generic.List`1[[AuthNet.Models.DTO.TaskItemDto, AuthNet, Version=1.0.0.0, Culture=neutral, PublicKeyToken=null]]'.
2025-09-19 22:37:15.552 +05:30 [INF] Executed action AuthNet.Controllers.TasksController.GetTasks (AuthNet) in 115.7954ms
2025-09-19 22:37:15.552 +05:30 [INF] Executed endpoint 'AuthNet.Controllers.TasksController.GetTasks (AuthNet)'
2025-09-19 22:37:15.553 +05:30 [INF] Request finished HTTP/1.1 GET https://localhost:7165/api/Tasks - 200 null application/json; charset=utf-8 120.8255ms
2025-09-19 22:37:15.580 +05:30 [INF] Request starting HTTP/1.1 GET https://localhost:7165/api/Settings/Get - null null
2025-09-19 22:37:15.581 +05:30 [INF] Executing endpoint 'AuthNet.Controllers.SettingsController.GetCompanyInfo (AuthNet)'
2025-09-19 22:37:15.588 +05:30 [INF] Route matched with {action = "GetCompanyInfo", controller = "Settings"}. Executing controller action with signature System.Threading.Tasks.Task`1[Microsoft.AspNetCore.Mvc.IActionResult] GetCompanyInfo() on controller AuthNet.Controllers.SettingsController (AuthNet).
2025-09-19 22:37:15.603 +05:30 [WRN] The query uses the 'First'/'FirstOrDefault' operator without 'OrderBy' and filter operators. This may lead to unpredictable results.
2025-09-19 22:37:15.632 +05:30 [INF] Executed DbCommand (17ms) [Parameters=[], CommandType='"Text"', CommandTimeout='30']
SELECT TOP(1) [c].[Id], [c].[Address], [c].[ContactNumber], [c].[Email], [c].[GSTIN], [c].[LogoFileExtension], [c].[LogoFilePath], [c].[LogoFileSizeInBytes], [c].[LogoName], [c].[Name], [c].[SignFileExtension], [c].[SignFilePath], [c].[SignFileSizeInBytes], [c].[SignName]
FROM [CompanyInfos] AS [c]
2025-09-19 22:37:15.690 +05:30 [INF] Executing OkObjectResult, writing value of type 'AuthNet.Models.DTO.CompanyInfoResponseDto'.
2025-09-19 22:37:15.695 +05:30 [INF] Executed action AuthNet.Controllers.SettingsController.GetCompanyInfo (AuthNet) in 106.6275ms
2025-09-19 22:37:15.695 +05:30 [INF] Executed endpoint 'AuthNet.Controllers.SettingsController.GetCompanyInfo (AuthNet)'
2025-09-19 22:37:15.695 +05:30 [INF] Request finished HTTP/1.1 GET https://localhost:7165/api/Settings/Get - 200 null application/json; charset=utf-8 115.2362ms
2025-09-19 22:37:17.274 +05:30 [INF] Request starting HTTP/2 GET https://localhost:7165/api/Sales/WeeklyProfit - null null
2025-09-19 22:37:17.278 +05:30 [INF] CORS policy execution successful.
2025-09-19 22:37:17.280 +05:30 [INF] Executing endpoint 'AuthNet.Controllers.SalesController.GetWeeklyProfit (AuthNet)'
2025-09-19 22:37:17.287 +05:30 [INF] Route matched with {action = "GetWeeklyProfit", controller = "Sales"}. Executing controller action with signature System.Threading.Tasks.Task`1[Microsoft.AspNetCore.Mvc.IActionResult] GetWeeklyProfit() on controller AuthNet.Controllers.SalesController (AuthNet).
2025-09-19 22:37:17.344 +05:30 [INF] Executed DbCommand (29ms) [Parameters=[@__startDate_0='?' (DbType = DateTime2), @__endDate_1='?' (DbType = DateTime2)], CommandType='"Text"', CommandTimeout='30']
SELECT [s].[Id], [s].[ProductId], [s].[ProductName], [s].[Quantity], [s].[SaleId], [s].[TotalPrice], [s].[UnitPrice], [s0].[Id], [s0].[AfterTaxAmount], [s0].[CreatedAt], [s0].[DiscountedAmount], [s0].[InvoiceDate], [s0].[InvoiceNo], [s0].[PrincipalAmount], [s0].[Template], [s0].[TotalAmount]
FROM [SaleItems] AS [s]
INNER JOIN [Sales] AS [s0] ON [s].[SaleId] = [s0].[Id]
WHERE CONVERT(date, [s0].[InvoiceDate]) >= @__startDate_0 AND CONVERT(date, [s0].[InvoiceDate]) <= @__endDate_1
2025-09-19 22:37:17.357 +05:30 [INF] Executed DbCommand (9ms) [Parameters=[@__productIds_0='?' (Size = 4000)], CommandType='"Text"', CommandTimeout='30']
SELECT [p].[ProductId], [p].[CategoryId], [p].[CostPrice], [p].[Description], [p].[Name], [p].[ProductCode], [p].[ProductKey], [p].[SellPrice], [p].[SupplierId]
FROM [Products] AS [p]
WHERE [p].[ProductId] IN (
    SELECT [p0].[value]
    FROM OPENJSON(@__productIds_0) WITH ([value] int '$') AS [p0]
)
2025-09-19 22:37:17.373 +05:30 [INF] Executing OkObjectResult, writing value of type 'System.Collections.Generic.List`1[[AuthNet.Models.DTO.DailyProfitDto, AuthNet, Version=1.0.0.0, Culture=neutral, PublicKeyToken=null]]'.
2025-09-19 22:37:17.375 +05:30 [INF] Executed action AuthNet.Controllers.SalesController.GetWeeklyProfit (AuthNet) in 88.3462ms
2025-09-19 22:37:17.375 +05:30 [INF] Executed endpoint 'AuthNet.Controllers.SalesController.GetWeeklyProfit (AuthNet)'
2025-09-19 22:37:17.376 +05:30 [INF] Request finished HTTP/2 GET https://localhost:7165/api/Sales/WeeklyProfit - 200 null application/json; charset=utf-8 102.4256ms
2025-09-19 22:37:20.357 +05:30 [INF] Request starting HTTP/2 GET https://localhost:7165/api/Products/CategoryWiseProductCount - null null
2025-09-19 22:37:20.370 +05:30 [WRN] Error unprotecting the session cookie.
System.Security.Cryptography.CryptographicException: The payload was invalid. For more information go to https://aka.ms/aspnet/dataprotectionwarning
   at Microsoft.AspNetCore.DataProtection.Cng.CbcAuthenticatedEncryptor.DecryptImpl(Byte* pbCiphertext, UInt32 cbCiphertext, Byte* pbAdditionalAuthenticatedData, UInt32 cbAdditionalAuthenticatedData)
   at Microsoft.AspNetCore.DataProtection.Cng.Internal.CngAuthenticatedEncryptorBase.Decrypt(ArraySegment`1 ciphertext, ArraySegment`1 additionalAuthenticatedData)
   at Microsoft.AspNetCore.DataProtection.KeyManagement.KeyRingBasedDataProtector.UnprotectCore(Byte[] protectedData, Boolean allowOperationsOnRevokedKeys, UnprotectStatus& status)
   at Microsoft.AspNetCore.DataProtection.KeyManagement.KeyRingBasedDataProtector.Unprotect(Byte[] protectedData)
   at Microsoft.AspNetCore.Session.CookieProtection.Unprotect(IDataProtector protector, String protectedText, ILogger logger)
2025-09-19 22:37:20.443 +05:30 [INF] Executing endpoint 'AuthNet.Controllers.ProductsController.GetCategoryWiseProductCount (AuthNet)'
2025-09-19 22:37:20.462 +05:30 [INF] Route matched with {action = "GetCategoryWiseProductCount", controller = "Products"}. Executing controller action with signature System.Threading.Tasks.Task`1[Microsoft.AspNetCore.Mvc.IActionResult] GetCategoryWiseProductCount() on controller AuthNet.Controllers.ProductsController (AuthNet).
2025-09-19 22:37:20.718 +05:30 [INF] Executed DbCommand (107ms) [Parameters=[], CommandType='"Text"', CommandTimeout='30']
SELECT [c].[Name] AS [CategoryName], COUNT(*) AS [ProductCount]
FROM [Products] AS [p]
LEFT JOIN [Categories] AS [c] ON [p].[CategoryId] = [c].[CategoryId]
WHERE [c].[CategoryId] IS NOT NULL
GROUP BY [c].[Name]
2025-09-19 22:37:20.720 +05:30 [INF] Executing OkObjectResult, writing value of type 'System.Collections.Generic.List`1[[AuthNet.Models.DTO.CategoryProductCountDto, AuthNet, Version=1.0.0.0, Culture=neutral, PublicKeyToken=null]]'.
2025-09-19 22:37:20.726 +05:30 [INF] Executed action AuthNet.Controllers.ProductsController.GetCategoryWiseProductCount (AuthNet) in 263.6372ms
2025-09-19 22:37:20.726 +05:30 [INF] Executed endpoint 'AuthNet.Controllers.ProductsController.GetCategoryWiseProductCount (AuthNet)'
2025-09-19 22:37:20.727 +05:30 [INF] Request finished HTTP/2 GET https://localhost:7165/api/Products/CategoryWiseProductCount - 200 null application/json; charset=utf-8 370.7267ms
2025-09-19 22:37:28.403 +05:30 [INF] Request starting HTTP/1.1 POST https://localhost:7165/api/Auth/login - application/json; charset=utf-8 null
2025-09-19 22:37:28.404 +05:30 [INF] Executing endpoint 'AuthNet.Controllers.AuthController.Login (AuthNet)'
2025-09-19 22:37:28.447 +05:30 [INF] Route matched with {action = "Login", controller = "Auth"}. Executing controller action with signature System.Threading.Tasks.Task`1[Microsoft.AspNetCore.Mvc.IActionResult] Login(AuthNet.Models.DTO.LoginDto) on controller AuthNet.Controllers.AuthController (AuthNet).
2025-09-19 22:37:28.577 +05:30 [INF] Executed DbCommand (11ms) [Parameters=[@__username_0='?' (Size = 100)], CommandType='"Text"', CommandTimeout='30']
SELECT TOP(1) [u].[UserId], [u].[CreatedAt], [u].[Email], [u].[Firstname], [u].[Lastname], [u].[PasswordHash], [u].[Role], [u].[Username]
FROM [Users] AS [u]
WHERE [u].[Username] = @__username_0
2025-09-19 22:37:29.525 +05:30 [INF] Executing OkObjectResult, writing value of type 'AuthNet.Models.DTO.ServiceResponse`1[[AuthNet.Models.DTO.LoginResponseDto, AuthNet, Version=1.0.0.0, Culture=neutral, PublicKeyToken=null]]'.
2025-09-19 22:37:29.530 +05:30 [INF] Executed action AuthNet.Controllers.AuthController.Login (AuthNet) in 1083.3115ms
2025-09-19 22:37:29.530 +05:30 [INF] Executed endpoint 'AuthNet.Controllers.AuthController.Login (AuthNet)'
2025-09-19 22:37:29.531 +05:30 [INF] Request finished HTTP/1.1 POST https://localhost:7165/api/Auth/login - 200 null application/json; charset=utf-8 1128.0763ms
2025-09-19 22:37:29.566 +05:30 [INF] Request starting HTTP/1.1 GET https://localhost:7165/api/Sales/DailyProfit - null null
2025-09-19 22:37:29.567 +05:30 [INF] Executing endpoint 'AuthNet.Controllers.SalesController.GetDailyProfit (AuthNet)'
2025-09-19 22:37:29.567 +05:30 [INF] Route matched with {action = "GetDailyProfit", controller = "Sales"}. Executing controller action with signature System.Threading.Tasks.Task`1[Microsoft.AspNetCore.Mvc.IActionResult] GetDailyProfit() on controller AuthNet.Controllers.SalesController (AuthNet).
2025-09-19 22:37:29.584 +05:30 [INF] Executed DbCommand (13ms) [Parameters=[@__date_Date_0='?' (DbType = DateTime2)], CommandType='"Text"', CommandTimeout='30']
SELECT [s].[Id], [s].[ProductId], [s].[ProductName], [s].[Quantity], [s].[SaleId], [s].[TotalPrice], [s].[UnitPrice], [s0].[Id], [s0].[AfterTaxAmount], [s0].[CreatedAt], [s0].[DiscountedAmount], [s0].[InvoiceDate], [s0].[InvoiceNo], [s0].[PrincipalAmount], [s0].[Template], [s0].[TotalAmount]
FROM [SaleItems] AS [s]
INNER JOIN [Sales] AS [s0] ON [s].[SaleId] = [s0].[Id]
WHERE CONVERT(date, [s0].[InvoiceDate]) = @__date_Date_0
2025-09-19 22:37:29.609 +05:30 [INF] Executed DbCommand (23ms) [Parameters=[@__productIds_0='?' (Size = 4000)], CommandType='"Text"', CommandTimeout='30']
SELECT [p].[ProductId], [p].[CategoryId], [p].[CostPrice], [p].[Description], [p].[Name], [p].[ProductCode], [p].[ProductKey], [p].[SellPrice], [p].[SupplierId]
FROM [Products] AS [p]
WHERE [p].[ProductId] IN (
    SELECT [p0].[value]
    FROM OPENJSON(@__productIds_0) WITH ([value] int '$') AS [p0]
)
2025-09-19 22:37:29.610 +05:30 [INF] Executing OkObjectResult, writing value of type 'AuthNet.Models.DTO.DailyProfitDto'.
2025-09-19 22:37:29.610 +05:30 [INF] Executed action AuthNet.Controllers.SalesController.GetDailyProfit (AuthNet) in 42.5801ms
2025-09-19 22:37:29.610 +05:30 [INF] Executed endpoint 'AuthNet.Controllers.SalesController.GetDailyProfit (AuthNet)'
2025-09-19 22:37:29.610 +05:30 [INF] Request finished HTTP/1.1 GET https://localhost:7165/api/Sales/DailyProfit - 200 null application/json; charset=utf-8 44.6265ms
2025-09-19 22:37:29.630 +05:30 [INF] Request starting HTTP/1.1 GET https://localhost:7165/api/Sales/CurrentMonthProfit - null null
2025-09-19 22:37:29.630 +05:30 [INF] Executing endpoint 'AuthNet.Controllers.SalesController.GetCurrentMonthProfit (AuthNet)'
2025-09-19 22:37:29.630 +05:30 [INF] Route matched with {action = "GetCurrentMonthProfit", controller = "Sales"}. Executing controller action with signature System.Threading.Tasks.Task`1[Microsoft.AspNetCore.Mvc.IActionResult] GetCurrentMonthProfit() on controller AuthNet.Controllers.SalesController (AuthNet).
2025-09-19 22:37:29.643 +05:30 [INF] Executed DbCommand (11ms) [Parameters=[@__currentYear_0='?' (DbType = Int32), @__currentMonth_1='?' (DbType = Int32)], CommandType='"Text"', CommandTimeout='30']
SELECT [s].[Id], [s].[ProductId], [s].[ProductName], [s].[Quantity], [s].[SaleId], [s].[TotalPrice], [s].[UnitPrice], [s0].[Id], [s0].[AfterTaxAmount], [s0].[CreatedAt], [s0].[DiscountedAmount], [s0].[InvoiceDate], [s0].[InvoiceNo], [s0].[PrincipalAmount], [s0].[Template], [s0].[TotalAmount]
FROM [SaleItems] AS [s]
INNER JOIN [Sales] AS [s0] ON [s].[SaleId] = [s0].[Id]
WHERE DATEPART(year, [s0].[InvoiceDate]) = @__currentYear_0 AND DATEPART(month, [s0].[InvoiceDate]) = @__currentMonth_1
2025-09-19 22:37:29.647 +05:30 [INF] Executed DbCommand (2ms) [Parameters=[@__productIds_0='?' (Size = 4000)], CommandType='"Text"', CommandTimeout='30']
SELECT [p].[ProductId], [p].[CategoryId], [p].[CostPrice], [p].[Description], [p].[Name], [p].[ProductCode], [p].[ProductKey], [p].[SellPrice], [p].[SupplierId]
FROM [Products] AS [p]
WHERE [p].[ProductId] IN (
    SELECT [p0].[value]
    FROM OPENJSON(@__productIds_0) WITH ([value] int '$') AS [p0]
)
2025-09-19 22:37:29.648 +05:30 [INF] Executing OkObjectResult, writing value of type 'AuthNet.Models.DTO.MonthlyProfitDto'.
2025-09-19 22:37:29.648 +05:30 [INF] Executed action AuthNet.Controllers.SalesController.GetCurrentMonthProfit (AuthNet) in 17.4562ms
2025-09-19 22:37:29.648 +05:30 [INF] Executed endpoint 'AuthNet.Controllers.SalesController.GetCurrentMonthProfit (AuthNet)'
2025-09-19 22:37:29.649 +05:30 [INF] Request finished HTTP/1.1 GET https://localhost:7165/api/Sales/CurrentMonthProfit - 200 null application/json; charset=utf-8 19.1598ms
2025-09-19 22:37:29.694 +05:30 [INF] Request starting HTTP/1.1 GET https://localhost:7165/api/Sales/CurrentYearProfit - null null
2025-09-19 22:37:29.695 +05:30 [INF] Executing endpoint 'AuthNet.Controllers.SalesController.GetCurrentYearProfit (AuthNet)'
2025-09-19 22:37:29.695 +05:30 [INF] Route matched with {action = "GetCurrentYearProfit", controller = "Sales"}. Executing controller action with signature System.Threading.Tasks.Task`1[Microsoft.AspNetCore.Mvc.IActionResult] GetCurrentYearProfit() on controller AuthNet.Controllers.SalesController (AuthNet).
2025-09-19 22:37:29.715 +05:30 [INF] Executed DbCommand (18ms) [Parameters=[@__currentYear_0='?' (DbType = Int32)], CommandType='"Text"', CommandTimeout='30']
SELECT [s].[Id], [s].[ProductId], [s].[ProductName], [s].[Quantity], [s].[SaleId], [s].[TotalPrice], [s].[UnitPrice], [s0].[Id], [s0].[AfterTaxAmount], [s0].[CreatedAt], [s0].[DiscountedAmount], [s0].[InvoiceDate], [s0].[InvoiceNo], [s0].[PrincipalAmount], [s0].[Template], [s0].[TotalAmount]
FROM [SaleItems] AS [s]
INNER JOIN [Sales] AS [s0] ON [s].[SaleId] = [s0].[Id]
WHERE DATEPART(year, [s0].[InvoiceDate]) = @__currentYear_0
2025-09-19 22:37:29.731 +05:30 [INF] Executed DbCommand (13ms) [Parameters=[@__productIds_0='?' (Size = 4000)], CommandType='"Text"', CommandTimeout='30']
SELECT [p].[ProductId], [p].[CategoryId], [p].[CostPrice], [p].[Description], [p].[Name], [p].[ProductCode], [p].[ProductKey], [p].[SellPrice], [p].[SupplierId]
FROM [Products] AS [p]
WHERE [p].[ProductId] IN (
    SELECT [p0].[value]
    FROM OPENJSON(@__productIds_0) WITH ([value] int '$') AS [p0]
)
2025-09-19 22:37:29.732 +05:30 [INF] Executing OkObjectResult, writing value of type 'AuthNet.Models.DTO.YearlyProfitDto'.
2025-09-19 22:37:29.733 +05:30 [INF] Executed action AuthNet.Controllers.SalesController.GetCurrentYearProfit (AuthNet) in 37.9408ms
2025-09-19 22:37:29.733 +05:30 [INF] Executed endpoint 'AuthNet.Controllers.SalesController.GetCurrentYearProfit (AuthNet)'
2025-09-19 22:37:29.733 +05:30 [INF] Request finished HTTP/1.1 GET https://localhost:7165/api/Sales/CurrentYearProfit - 200 null application/json; charset=utf-8 39.393ms
2025-09-19 22:37:29.759 +05:30 [INF] Request starting HTTP/1.1 GET https://localhost:7165/api/Tasks - null null
2025-09-19 22:37:29.759 +05:30 [INF] Executing endpoint 'AuthNet.Controllers.TasksController.GetTasks (AuthNet)'
2025-09-19 22:37:29.759 +05:30 [INF] Route matched with {action = "GetTasks", controller = "Tasks"}. Executing controller action with signature Microsoft.AspNetCore.Mvc.IActionResult GetTasks() on controller AuthNet.Controllers.TasksController (AuthNet).
2025-09-19 22:37:29.768 +05:30 [INF] Executed DbCommand (5ms) [Parameters=[], CommandType='"Text"', CommandTimeout='30']
SELECT [t].[Id], [t].[Title], [t].[DueDate]
FROM [Tasks] AS [t]
2025-09-19 22:37:29.769 +05:30 [INF] Executing OkObjectResult, writing value of type 'System.Collections.Generic.List`1[[AuthNet.Models.DTO.TaskItemDto, AuthNet, Version=1.0.0.0, Culture=neutral, PublicKeyToken=null]]'.
2025-09-19 22:37:29.769 +05:30 [INF] Executed action AuthNet.Controllers.TasksController.GetTasks (AuthNet) in 9.526ms
2025-09-19 22:37:29.769 +05:30 [INF] Executed endpoint 'AuthNet.Controllers.TasksController.GetTasks (AuthNet)'
2025-09-19 22:37:29.769 +05:30 [INF] Request finished HTTP/1.1 GET https://localhost:7165/api/Tasks - 200 null application/json; charset=utf-8 10.6438ms
2025-09-19 22:37:29.814 +05:30 [INF] Request starting HTTP/1.1 GET https://localhost:7165/api/Settings/Get - null null
2025-09-19 22:37:29.816 +05:30 [INF] Executing endpoint 'AuthNet.Controllers.SettingsController.GetCompanyInfo (AuthNet)'
2025-09-19 22:37:29.816 +05:30 [INF] Route matched with {action = "GetCompanyInfo", controller = "Settings"}. Executing controller action with signature System.Threading.Tasks.Task`1[Microsoft.AspNetCore.Mvc.IActionResult] GetCompanyInfo() on controller AuthNet.Controllers.SettingsController (AuthNet).
2025-09-19 22:37:29.827 +05:30 [INF] Executed DbCommand (10ms) [Parameters=[], CommandType='"Text"', CommandTimeout='30']
SELECT TOP(1) [c].[Id], [c].[Address], [c].[ContactNumber], [c].[Email], [c].[GSTIN], [c].[LogoFileExtension], [c].[LogoFilePath], [c].[LogoFileSizeInBytes], [c].[LogoName], [c].[Name], [c].[SignFileExtension], [c].[SignFilePath], [c].[SignFileSizeInBytes], [c].[SignName]
FROM [CompanyInfos] AS [c]
2025-09-19 22:37:29.828 +05:30 [INF] Executing OkObjectResult, writing value of type 'AuthNet.Models.DTO.CompanyInfoResponseDto'.
2025-09-19 22:37:29.828 +05:30 [INF] Executed action AuthNet.Controllers.SettingsController.GetCompanyInfo (AuthNet) in 12.5862ms
2025-09-19 22:37:29.828 +05:30 [INF] Executed endpoint 'AuthNet.Controllers.SettingsController.GetCompanyInfo (AuthNet)'
2025-09-19 22:37:29.829 +05:30 [INF] Request finished HTTP/1.1 GET https://localhost:7165/api/Settings/Get - 200 null application/json; charset=utf-8 15.3621ms
2025-09-19 22:37:30.362 +05:30 [INF] Request starting HTTP/2 GET https://localhost:7165/api/Sales/WeeklyProfit - null null
2025-09-19 22:37:30.365 +05:30 [INF] CORS policy execution successful.
2025-09-19 22:37:30.366 +05:30 [INF] Executing endpoint 'AuthNet.Controllers.SalesController.GetWeeklyProfit (AuthNet)'
2025-09-19 22:37:30.366 +05:30 [INF] Route matched with {action = "GetWeeklyProfit", controller = "Sales"}. Executing controller action with signature System.Threading.Tasks.Task`1[Microsoft.AspNetCore.Mvc.IActionResult] GetWeeklyProfit() on controller AuthNet.Controllers.SalesController (AuthNet).
2025-09-19 22:37:30.402 +05:30 [INF] Executed DbCommand (34ms) [Parameters=[@__startDate_0='?' (DbType = DateTime2), @__endDate_1='?' (DbType = DateTime2)], CommandType='"Text"', CommandTimeout='30']
SELECT [s].[Id], [s].[ProductId], [s].[ProductName], [s].[Quantity], [s].[SaleId], [s].[TotalPrice], [s].[UnitPrice], [s0].[Id], [s0].[AfterTaxAmount], [s0].[CreatedAt], [s0].[DiscountedAmount], [s0].[InvoiceDate], [s0].[InvoiceNo], [s0].[PrincipalAmount], [s0].[Template], [s0].[TotalAmount]
FROM [SaleItems] AS [s]
INNER JOIN [Sales] AS [s0] ON [s].[SaleId] = [s0].[Id]
WHERE CONVERT(date, [s0].[InvoiceDate]) >= @__startDate_0 AND CONVERT(date, [s0].[InvoiceDate]) <= @__endDate_1
2025-09-19 22:37:30.420 +05:30 [INF] Executed DbCommand (11ms) [Parameters=[@__productIds_0='?' (Size = 4000)], CommandType='"Text"', CommandTimeout='30']
SELECT [p].[ProductId], [p].[CategoryId], [p].[CostPrice], [p].[Description], [p].[Name], [p].[ProductCode], [p].[ProductKey], [p].[SellPrice], [p].[SupplierId]
FROM [Products] AS [p]
WHERE [p].[ProductId] IN (
    SELECT [p0].[value]
    FROM OPENJSON(@__productIds_0) WITH ([value] int '$') AS [p0]
)
2025-09-19 22:37:30.427 +05:30 [INF] Executing OkObjectResult, writing value of type 'System.Collections.Generic.List`1[[AuthNet.Models.DTO.DailyProfitDto, AuthNet, Version=1.0.0.0, Culture=neutral, PublicKeyToken=null]]'.
2025-09-19 22:37:30.427 +05:30 [INF] Executed action AuthNet.Controllers.SalesController.GetWeeklyProfit (AuthNet) in 61.3265ms
2025-09-19 22:37:30.427 +05:30 [INF] Executed endpoint 'AuthNet.Controllers.SalesController.GetWeeklyProfit (AuthNet)'
2025-09-19 22:37:30.428 +05:30 [INF] Request finished HTTP/2 GET https://localhost:7165/api/Sales/WeeklyProfit - 200 null application/json; charset=utf-8 65.5102ms
2025-09-19 22:37:31.650 +05:30 [INF] Request starting HTTP/1.1 GET https://localhost:7165/api/Products - null null
2025-09-19 22:37:31.651 +05:30 [INF] Executing endpoint 'AuthNet.Controllers.ProductsController.GetAll (AuthNet)'
2025-09-19 22:37:31.667 +05:30 [INF] Route matched with {action = "GetAll", controller = "Products"}. Executing controller action with signature System.Threading.Tasks.Task`1[Microsoft.AspNetCore.Mvc.IActionResult] GetAll() on controller AuthNet.Controllers.ProductsController (AuthNet).
2025-09-19 22:37:31.911 +05:30 [INF] Executed DbCommand (230ms) [Parameters=[], CommandType='"Text"', CommandTimeout='30']
SELECT [p].[ProductId], [p].[CategoryId], [p].[CostPrice], [p].[Description], [p].[Name], [p].[ProductCode], [p].[ProductKey], [p].[SellPrice], [p].[SupplierId]
FROM [Products] AS [p]
2025-09-19 22:37:31.913 +05:30 [INF] Executing OkObjectResult, writing value of type 'System.Collections.Generic.List`1[[AuthNet.Models.Domain.Product, AuthNet, Version=1.0.0.0, Culture=neutral, PublicKeyToken=null]]'.
2025-09-19 22:37:31.931 +05:30 [INF] Executed action AuthNet.Controllers.ProductsController.GetAll (AuthNet) in 263.5057ms
2025-09-19 22:37:31.931 +05:30 [INF] Executed endpoint 'AuthNet.Controllers.ProductsController.GetAll (AuthNet)'
2025-09-19 22:37:31.931 +05:30 [INF] Request finished HTTP/1.1 GET https://localhost:7165/api/Products - 200 null application/json; charset=utf-8 281.2566ms
2025-09-19 22:37:33.781 +05:30 [INF] Request starting HTTP/1.1 GET https://localhost:7165/api/categories - null null
2025-09-19 22:37:33.782 +05:30 [INF] Executing endpoint 'AuthNet.Controllers.CategoriesController.GetAll (AuthNet)'
2025-09-19 22:37:33.793 +05:30 [INF] Route matched with {action = "GetAll", controller = "Categories"}. Executing controller action with signature System.Threading.Tasks.Task`1[Microsoft.AspNetCore.Mvc.IActionResult] GetAll() on controller AuthNet.Controllers.CategoriesController (AuthNet).
2025-09-19 22:37:33.815 +05:30 [INF] Executed DbCommand (8ms) [Parameters=[], CommandType='"Text"', CommandTimeout='30']
SELECT [c].[CategoryId], [c].[Description], [c].[Name]
FROM [Categories] AS [c]
2025-09-19 22:37:33.827 +05:30 [INF] Executing OkObjectResult, writing value of type 'System.Collections.Generic.List`1[[AuthNet.Models.Domain.Category, AuthNet, Version=1.0.0.0, Culture=neutral, PublicKeyToken=null]]'.
2025-09-19 22:37:33.830 +05:30 [INF] Executed action AuthNet.Controllers.CategoriesController.GetAll (AuthNet) in 36.2976ms
2025-09-19 22:37:33.830 +05:30 [INF] Executed endpoint 'AuthNet.Controllers.CategoriesController.GetAll (AuthNet)'
2025-09-19 22:37:33.831 +05:30 [INF] Request finished HTTP/1.1 GET https://localhost:7165/api/categories - 200 null application/json; charset=utf-8 49.2761ms
2025-09-19 22:37:33.863 +05:30 [INF] Request starting HTTP/1.1 GET https://localhost:7165/api/suppliers - null null
2025-09-19 22:37:33.863 +05:30 [INF] Executing endpoint 'AuthNet.Controllers.SuppliersController.GetAll (AuthNet)'
2025-09-19 22:37:33.869 +05:30 [INF] Route matched with {action = "GetAll", controller = "Suppliers"}. Executing controller action with signature System.Threading.Tasks.Task`1[Microsoft.AspNetCore.Mvc.IActionResult] GetAll() on controller AuthNet.Controllers.SuppliersController (AuthNet).
2025-09-19 22:37:33.910 +05:30 [INF] Executed DbCommand (27ms) [Parameters=[], CommandType='"Text"', CommandTimeout='30']
SELECT [s].[SupplierId], [s].[CompanyName], [s].[ContactName], [s].[Phone], [s].[Address]
FROM [Suppliers] AS [s]
2025-09-19 22:37:33.912 +05:30 [INF] Executing OkObjectResult, writing value of type 'System.Collections.Generic.List`1[[AuthNet.Models.DTO.SupplierViewModel, AuthNet, Version=1.0.0.0, Culture=neutral, PublicKeyToken=null]]'.
2025-09-19 22:37:33.915 +05:30 [INF] Executed action AuthNet.Controllers.SuppliersController.GetAll (AuthNet) in 45.6761ms
2025-09-19 22:37:33.915 +05:30 [INF] Executed endpoint 'AuthNet.Controllers.SuppliersController.GetAll (AuthNet)'
2025-09-19 22:37:33.915 +05:30 [INF] Request finished HTTP/1.1 GET https://localhost:7165/api/suppliers - 200 null application/json; charset=utf-8 52.4119ms
2025-09-19 22:38:23.868 +05:30 [INF] Request starting HTTP/1.1 POST https://localhost:7165/api/Products - application/json; charset=utf-8 null
2025-09-19 22:38:23.872 +05:30 [INF] Executing endpoint 'AuthNet.Controllers.ProductsController.Create (AuthNet)'
2025-09-19 22:38:23.876 +05:30 [INF] Route matched with {action = "Create", controller = "Products"}. Executing controller action with signature System.Threading.Tasks.Task`1[Microsoft.AspNetCore.Mvc.IActionResult] Create(AuthNet.Models.Domain.Product) on controller AuthNet.Controllers.ProductsController (AuthNet).
2025-09-19 22:38:29.761 +05:30 [INF] Executed DbCommand (13ms) [Parameters=[@__product_ProductKey_0='?' (DbType = Int32)], CommandType='"Text"', CommandTimeout='30']
SELECT CASE
    WHEN EXISTS (
        SELECT 1
        FROM [Products] AS [p]
        WHERE [p].[ProductKey] = @__product_ProductKey_0) THEN CAST(1 AS bit)
    ELSE CAST(0 AS bit)
END
2025-09-19 22:38:30.048 +05:30 [INF] Executed DbCommand (57ms) [Parameters=[@p0='?' (DbType = Int32), @p1='?' (Precision = 18) (Scale = 2) (DbType = Decimal), @p2='?' (Size = 4000), @p3='?' (Size = 100), @p4='?' (Size = 4000), @p5='?' (DbType = Int32), @p6='?' (Precision = 18) (Scale = 2) (DbType = Decimal), @p7='?' (DbType = Int32)], CommandType='"Text"', CommandTimeout='30']
SET IMPLICIT_TRANSACTIONS OFF;
SET NOCOUNT ON;
INSERT INTO [Products] ([CategoryId], [CostPrice], [Description], [Name], [ProductCode], [ProductKey], [SellPrice], [SupplierId])
OUTPUT INSERTED.[ProductId]
VALUES (@p0, @p1, @p2, @p3, @p4, @p5, @p6, @p7);
2025-09-19 22:38:30.093 +05:30 [INF] Executing CreatedAtActionResult, writing value of type 'AuthNet.Models.Domain.Product'.
2025-09-19 22:38:30.112 +05:30 [INF] Executed action AuthNet.Controllers.ProductsController.Create (AuthNet) in 6234.9832ms
2025-09-19 22:38:30.112 +05:30 [INF] Executed endpoint 'AuthNet.Controllers.ProductsController.Create (AuthNet)'
2025-09-19 22:38:30.112 +05:30 [INF] Request finished HTTP/1.1 POST https://localhost:7165/api/Products - 201 null application/json; charset=utf-8 6244.6847ms
2025-09-19 22:38:30.139 +05:30 [INF] Request starting HTTP/1.1 GET https://localhost:7165/api/Products - null null
2025-09-19 22:38:30.140 +05:30 [INF] Executing endpoint 'AuthNet.Controllers.ProductsController.GetAll (AuthNet)'
2025-09-19 22:38:30.140 +05:30 [INF] Route matched with {action = "GetAll", controller = "Products"}. Executing controller action with signature System.Threading.Tasks.Task`1[Microsoft.AspNetCore.Mvc.IActionResult] GetAll() on controller AuthNet.Controllers.ProductsController (AuthNet).
2025-09-19 22:38:30.144 +05:30 [INF] Executed DbCommand (3ms) [Parameters=[], CommandType='"Text"', CommandTimeout='30']
SELECT [p].[ProductId], [p].[CategoryId], [p].[CostPrice], [p].[Description], [p].[Name], [p].[ProductCode], [p].[ProductKey], [p].[SellPrice], [p].[SupplierId]
FROM [Products] AS [p]
2025-09-19 22:38:30.145 +05:30 [INF] Executing OkObjectResult, writing value of type 'System.Collections.Generic.List`1[[AuthNet.Models.Domain.Product, AuthNet, Version=1.0.0.0, Culture=neutral, PublicKeyToken=null]]'.
2025-09-19 22:38:30.145 +05:30 [INF] Executed action AuthNet.Controllers.ProductsController.GetAll (AuthNet) in 4.97ms
2025-09-19 22:38:30.145 +05:30 [INF] Executed endpoint 'AuthNet.Controllers.ProductsController.GetAll (AuthNet)'
2025-09-19 22:38:30.145 +05:30 [INF] Request finished HTTP/1.1 GET https://localhost:7165/api/Products - 200 null application/json; charset=utf-8 6.2146ms
2025-09-19 22:38:36.640 +05:30 [INF] Request starting HTTP/2 GET https://localhost:7165/api/Products/CategoryWiseProductCount - null null
2025-09-19 22:38:36.678 +05:30 [WRN] Error unprotecting the session cookie.
System.Security.Cryptography.CryptographicException: The payload was invalid. For more information go to https://aka.ms/aspnet/dataprotectionwarning
   at Microsoft.AspNetCore.DataProtection.Cng.CbcAuthenticatedEncryptor.DecryptImpl(Byte* pbCiphertext, UInt32 cbCiphertext, Byte* pbAdditionalAuthenticatedData, UInt32 cbAdditionalAuthenticatedData)
   at Microsoft.AspNetCore.DataProtection.Cng.Internal.CngAuthenticatedEncryptorBase.Decrypt(ArraySegment`1 ciphertext, ArraySegment`1 additionalAuthenticatedData)
   at Microsoft.AspNetCore.DataProtection.KeyManagement.KeyRingBasedDataProtector.UnprotectCore(Byte[] protectedData, Boolean allowOperationsOnRevokedKeys, UnprotectStatus& status)
   at Microsoft.AspNetCore.DataProtection.KeyManagement.KeyRingBasedDataProtector.Unprotect(Byte[] protectedData)
   at Microsoft.AspNetCore.Session.CookieProtection.Unprotect(IDataProtector protector, String protectedText, ILogger logger)
2025-09-19 22:38:36.679 +05:30 [INF] Executing endpoint 'AuthNet.Controllers.ProductsController.GetCategoryWiseProductCount (AuthNet)'
2025-09-19 22:38:36.679 +05:30 [INF] Route matched with {action = "GetCategoryWiseProductCount", controller = "Products"}. Executing controller action with signature System.Threading.Tasks.Task`1[Microsoft.AspNetCore.Mvc.IActionResult] GetCategoryWiseProductCount() on controller AuthNet.Controllers.ProductsController (AuthNet).
2025-09-19 22:38:36.700 +05:30 [INF] Executed DbCommand (9ms) [Parameters=[], CommandType='"Text"', CommandTimeout='30']
SELECT [c].[Name] AS [CategoryName], COUNT(*) AS [ProductCount]
FROM [Products] AS [p]
LEFT JOIN [Categories] AS [c] ON [p].[CategoryId] = [c].[CategoryId]
WHERE [c].[CategoryId] IS NOT NULL
GROUP BY [c].[Name]
2025-09-19 22:38:36.701 +05:30 [INF] Executing OkObjectResult, writing value of type 'System.Collections.Generic.List`1[[AuthNet.Models.DTO.CategoryProductCountDto, AuthNet, Version=1.0.0.0, Culture=neutral, PublicKeyToken=null]]'.
2025-09-19 22:38:36.701 +05:30 [INF] Executed action AuthNet.Controllers.ProductsController.GetCategoryWiseProductCount (AuthNet) in 20.6641ms
2025-09-19 22:38:36.701 +05:30 [INF] Executed endpoint 'AuthNet.Controllers.ProductsController.GetCategoryWiseProductCount (AuthNet)'
2025-09-19 22:38:36.703 +05:30 [INF] Request finished HTTP/2 GET https://localhost:7165/api/Products/CategoryWiseProductCount - 200 null application/json; charset=utf-8 63.058ms
2025-09-19 22:41:39.050 +05:30 [INF] Request starting HTTP/1.1 GET https://localhost:7165/api/Products - null null
2025-09-19 22:41:39.051 +05:30 [INF] Executing endpoint 'AuthNet.Controllers.ProductsController.GetAll (AuthNet)'
2025-09-19 22:41:39.051 +05:30 [INF] Route matched with {action = "GetAll", controller = "Products"}. Executing controller action with signature System.Threading.Tasks.Task`1[Microsoft.AspNetCore.Mvc.IActionResult] GetAll() on controller AuthNet.Controllers.ProductsController (AuthNet).
2025-09-19 22:41:39.734 +05:30 [INF] Executed DbCommand (681ms) [Parameters=[], CommandType='"Text"', CommandTimeout='30']
SELECT [p].[ProductId], [p].[CategoryId], [p].[CostPrice], [p].[Description], [p].[Name], [p].[ProductCode], [p].[ProductKey], [p].[SellPrice], [p].[SupplierId]
FROM [Products] AS [p]
2025-09-19 22:41:39.735 +05:30 [INF] Executing OkObjectResult, writing value of type 'System.Collections.Generic.List`1[[AuthNet.Models.Domain.Product, AuthNet, Version=1.0.0.0, Culture=neutral, PublicKeyToken=null]]'.
2025-09-19 22:41:39.736 +05:30 [INF] Executed action AuthNet.Controllers.ProductsController.GetAll (AuthNet) in 685.0921ms
2025-09-19 22:41:39.736 +05:30 [INF] Executed endpoint 'AuthNet.Controllers.ProductsController.GetAll (AuthNet)'
2025-09-19 22:41:39.737 +05:30 [INF] Request finished HTTP/1.1 GET https://localhost:7165/api/Products - 200 null application/json; charset=utf-8 686.8647ms
2025-09-19 22:41:43.826 +05:30 [INF] Request starting HTTP/2 GET https://localhost:7165/swagger/index.html - null null
2025-09-19 22:41:44.213 +05:30 [INF] Request finished HTTP/2 GET https://localhost:7165/swagger/index.html - 200 null text/html;charset=utf-8 387.7725ms
2025-09-19 22:41:44.440 +05:30 [INF] Request starting HTTP/2 GET https://localhost:7165/_framework/aspnetcore-browser-refresh.js - null null
2025-09-19 22:41:44.591 +05:30 [INF] Request finished HTTP/2 GET https://localhost:7165/_framework/aspnetcore-browser-refresh.js - 200 16499 application/javascript; charset=utf-8 150.8421ms
2025-09-19 22:41:44.592 +05:30 [INF] Request starting HTTP/2 GET https://localhost:7165/_vs/browserLink - null null
2025-09-19 22:41:45.750 +05:30 [INF] Request finished HTTP/2 GET https://localhost:7165/_vs/browserLink - 200 null text/javascript; charset=UTF-8 1157.9825ms
2025-09-19 22:41:57.386 +05:30 [INF] Request starting HTTP/2 GET https://localhost:7165/swagger/v1/swagger.json - null null
2025-09-19 22:41:57.741 +05:30 [INF] Request finished HTTP/2 GET https://localhost:7165/swagger/v1/swagger.json - 200 null application/json;charset=utf-8 354.5818ms
2025-09-19 22:42:20.169 +05:30 [INF] Request starting HTTP/1.1 GET https://localhost:7165/api/Products - null null
2025-09-19 22:42:20.170 +05:30 [INF] Executing endpoint 'AuthNet.Controllers.ProductsController.GetAll (AuthNet)'
2025-09-19 22:42:20.180 +05:30 [INF] Route matched with {action = "GetAll", controller = "Products"}. Executing controller action with signature System.Threading.Tasks.Task`1[Microsoft.AspNetCore.Mvc.IActionResult] GetAll() on controller AuthNet.Controllers.ProductsController (AuthNet).
2025-09-19 22:42:20.196 +05:30 [INF] Executed DbCommand (14ms) [Parameters=[], CommandType='"Text"', CommandTimeout='30']
SELECT [p].[ProductId], [p].[CategoryId], [p].[CostPrice], [p].[Description], [p].[Name], [p].[ProductCode], [p].[ProductKey], [p].[SellPrice], [p].[SupplierId]
FROM [Products] AS [p]
2025-09-19 22:42:20.197 +05:30 [INF] Executing OkObjectResult, writing value of type 'System.Collections.Generic.List`1[[AuthNet.Models.Domain.Product, AuthNet, Version=1.0.0.0, Culture=neutral, PublicKeyToken=null]]'.
2025-09-19 22:42:20.204 +05:30 [INF] Executed action AuthNet.Controllers.ProductsController.GetAll (AuthNet) in 23.6293ms
2025-09-19 22:42:20.204 +05:30 [INF] Executed endpoint 'AuthNet.Controllers.ProductsController.GetAll (AuthNet)'
2025-09-19 22:42:20.205 +05:30 [INF] Request finished HTTP/1.1 GET https://localhost:7165/api/Products - 200 null application/json; charset=utf-8 35.3108ms
2025-09-19 22:42:20.248 +05:30 [INF] Request starting HTTP/2 GET https://localhost:7165/swagger/index.html - null null
2025-09-19 22:42:20.332 +05:30 [INF] Request finished HTTP/2 GET https://localhost:7165/swagger/index.html - 200 null text/html;charset=utf-8 83.4235ms
2025-09-19 22:42:20.390 +05:30 [INF] Request starting HTTP/2 GET https://localhost:7165/_framework/aspnetcore-browser-refresh.js - null null
2025-09-19 22:42:20.392 +05:30 [INF] Request finished HTTP/2 GET https://localhost:7165/_framework/aspnetcore-browser-refresh.js - 200 16499 application/javascript; charset=utf-8 1.8546ms
2025-09-19 22:42:20.397 +05:30 [INF] Request starting HTTP/2 GET https://localhost:7165/_vs/browserLink - null null
2025-09-19 22:42:20.512 +05:30 [INF] Request finished HTTP/2 GET https://localhost:7165/_vs/browserLink - 200 null text/javascript; charset=UTF-8 115.7394ms
2025-09-19 22:42:20.818 +05:30 [INF] Request starting HTTP/2 GET https://localhost:7165/swagger/v1/swagger.json - null null
2025-09-19 22:42:20.948 +05:30 [INF] Request finished HTTP/2 GET https://localhost:7165/swagger/v1/swagger.json - 200 null application/json;charset=utf-8 129.6669ms
2025-09-19 22:42:26.090 +05:30 [INF] Request starting HTTP/1.1 GET https://localhost:7165/api/Sales/DailyProfit - null null
2025-09-19 22:42:26.095 +05:30 [INF] Executing endpoint 'AuthNet.Controllers.SalesController.GetDailyProfit (AuthNet)'
2025-09-19 22:42:26.102 +05:30 [INF] Route matched with {action = "GetDailyProfit", controller = "Sales"}. Executing controller action with signature System.Threading.Tasks.Task`1[Microsoft.AspNetCore.Mvc.IActionResult] GetDailyProfit() on controller AuthNet.Controllers.SalesController (AuthNet).
2025-09-19 22:42:26.134 +05:30 [INF] Executed DbCommand (30ms) [Parameters=[@__date_Date_0='?' (DbType = DateTime2)], CommandType='"Text"', CommandTimeout='30']
SELECT [s].[Id], [s].[ProductId], [s].[ProductName], [s].[Quantity], [s].[SaleId], [s].[TotalPrice], [s].[UnitPrice], [s0].[Id], [s0].[AfterTaxAmount], [s0].[CreatedAt], [s0].[DiscountedAmount], [s0].[InvoiceDate], [s0].[InvoiceNo], [s0].[PrincipalAmount], [s0].[Template], [s0].[TotalAmount]
FROM [SaleItems] AS [s]
INNER JOIN [Sales] AS [s0] ON [s].[SaleId] = [s0].[Id]
WHERE CONVERT(date, [s0].[InvoiceDate]) = @__date_Date_0
2025-09-19 22:42:26.148 +05:30 [INF] Executed DbCommand (12ms) [Parameters=[@__productIds_0='?' (Size = 4000)], CommandType='"Text"', CommandTimeout='30']
SELECT [p].[ProductId], [p].[CategoryId], [p].[CostPrice], [p].[Description], [p].[Name], [p].[ProductCode], [p].[ProductKey], [p].[SellPrice], [p].[SupplierId]
FROM [Products] AS [p]
WHERE [p].[ProductId] IN (
    SELECT [p0].[value]
    FROM OPENJSON(@__productIds_0) WITH ([value] int '$') AS [p0]
)
2025-09-19 22:42:26.149 +05:30 [INF] Executing OkObjectResult, writing value of type 'AuthNet.Models.DTO.DailyProfitDto'.
2025-09-19 22:42:26.150 +05:30 [INF] Executed action AuthNet.Controllers.SalesController.GetDailyProfit (AuthNet) in 48.6253ms
2025-09-19 22:42:26.150 +05:30 [INF] Executed endpoint 'AuthNet.Controllers.SalesController.GetDailyProfit (AuthNet)'
2025-09-19 22:42:26.151 +05:30 [INF] Request finished HTTP/1.1 GET https://localhost:7165/api/Sales/DailyProfit - 200 null application/json; charset=utf-8 61.1003ms
2025-09-19 22:42:26.172 +05:30 [INF] Request starting HTTP/1.1 GET https://localhost:7165/api/Sales/CurrentMonthProfit - null null
2025-09-19 22:42:26.182 +05:30 [INF] Executing endpoint 'AuthNet.Controllers.SalesController.GetCurrentMonthProfit (AuthNet)'
2025-09-19 22:42:26.186 +05:30 [INF] Route matched with {action = "GetCurrentMonthProfit", controller = "Sales"}. Executing controller action with signature System.Threading.Tasks.Task`1[Microsoft.AspNetCore.Mvc.IActionResult] GetCurrentMonthProfit() on controller AuthNet.Controllers.SalesController (AuthNet).
2025-09-19 22:42:26.233 +05:30 [INF] Executed DbCommand (44ms) [Parameters=[@__currentYear_0='?' (DbType = Int32), @__currentMonth_1='?' (DbType = Int32)], CommandType='"Text"', CommandTimeout='30']
SELECT [s].[Id], [s].[ProductId], [s].[ProductName], [s].[Quantity], [s].[SaleId], [s].[TotalPrice], [s].[UnitPrice], [s0].[Id], [s0].[AfterTaxAmount], [s0].[CreatedAt], [s0].[DiscountedAmount], [s0].[InvoiceDate], [s0].[InvoiceNo], [s0].[PrincipalAmount], [s0].[Template], [s0].[TotalAmount]
FROM [SaleItems] AS [s]
INNER JOIN [Sales] AS [s0] ON [s].[SaleId] = [s0].[Id]
WHERE DATEPART(year, [s0].[InvoiceDate]) = @__currentYear_0 AND DATEPART(month, [s0].[InvoiceDate]) = @__currentMonth_1
2025-09-19 22:42:26.237 +05:30 [INF] Executed DbCommand (3ms) [Parameters=[@__productIds_0='?' (Size = 4000)], CommandType='"Text"', CommandTimeout='30']
SELECT [p].[ProductId], [p].[CategoryId], [p].[CostPrice], [p].[Description], [p].[Name], [p].[ProductCode], [p].[ProductKey], [p].[SellPrice], [p].[SupplierId]
FROM [Products] AS [p]
WHERE [p].[ProductId] IN (
    SELECT [p0].[value]
    FROM OPENJSON(@__productIds_0) WITH ([value] int '$') AS [p0]
)
2025-09-19 22:42:26.237 +05:30 [INF] Executing OkObjectResult, writing value of type 'AuthNet.Models.DTO.MonthlyProfitDto'.
2025-09-19 22:42:26.239 +05:30 [INF] Executed action AuthNet.Controllers.SalesController.GetCurrentMonthProfit (AuthNet) in 52.9455ms
2025-09-19 22:42:26.239 +05:30 [INF] Executed endpoint 'AuthNet.Controllers.SalesController.GetCurrentMonthProfit (AuthNet)'
2025-09-19 22:42:26.240 +05:30 [INF] Request finished HTTP/1.1 GET https://localhost:7165/api/Sales/CurrentMonthProfit - 200 null application/json; charset=utf-8 67.918ms
2025-09-19 22:42:26.388 +05:30 [INF] Request starting HTTP/1.1 GET https://localhost:7165/api/Sales/CurrentYearProfit - null null
2025-09-19 22:42:26.388 +05:30 [INF] Executing endpoint 'AuthNet.Controllers.SalesController.GetCurrentYearProfit (AuthNet)'
2025-09-19 22:42:26.395 +05:30 [INF] Route matched with {action = "GetCurrentYearProfit", controller = "Sales"}. Executing controller action with signature System.Threading.Tasks.Task`1[Microsoft.AspNetCore.Mvc.IActionResult] GetCurrentYearProfit() on controller AuthNet.Controllers.SalesController (AuthNet).
2025-09-19 22:42:26.446 +05:30 [INF] Executed DbCommand (50ms) [Parameters=[@__currentYear_0='?' (DbType = Int32)], CommandType='"Text"', CommandTimeout='30']
SELECT [s].[Id], [s].[ProductId], [s].[ProductName], [s].[Quantity], [s].[SaleId], [s].[TotalPrice], [s].[UnitPrice], [s0].[Id], [s0].[AfterTaxAmount], [s0].[CreatedAt], [s0].[DiscountedAmount], [s0].[InvoiceDate], [s0].[InvoiceNo], [s0].[PrincipalAmount], [s0].[Template], [s0].[TotalAmount]
FROM [SaleItems] AS [s]
INNER JOIN [Sales] AS [s0] ON [s].[SaleId] = [s0].[Id]
WHERE DATEPART(year, [s0].[InvoiceDate]) = @__currentYear_0
2025-09-19 22:42:26.456 +05:30 [INF] Executed DbCommand (9ms) [Parameters=[@__productIds_0='?' (Size = 4000)], CommandType='"Text"', CommandTimeout='30']
SELECT [p].[ProductId], [p].[CategoryId], [p].[CostPrice], [p].[Description], [p].[Name], [p].[ProductCode], [p].[ProductKey], [p].[SellPrice], [p].[SupplierId]
FROM [Products] AS [p]
WHERE [p].[ProductId] IN (
    SELECT [p0].[value]
    FROM OPENJSON(@__productIds_0) WITH ([value] int '$') AS [p0]
)
2025-09-19 22:42:26.457 +05:30 [INF] Executing OkObjectResult, writing value of type 'AuthNet.Models.DTO.YearlyProfitDto'.
2025-09-19 22:42:26.458 +05:30 [INF] Executed action AuthNet.Controllers.SalesController.GetCurrentYearProfit (AuthNet) in 63.5682ms
2025-09-19 22:42:26.459 +05:30 [INF] Executed endpoint 'AuthNet.Controllers.SalesController.GetCurrentYearProfit (AuthNet)'
2025-09-19 22:42:26.459 +05:30 [INF] Request finished HTTP/1.1 GET https://localhost:7165/api/Sales/CurrentYearProfit - 200 null application/json; charset=utf-8 71.0783ms
2025-09-19 22:42:26.732 +05:30 [INF] Request starting HTTP/1.1 GET https://localhost:7165/api/Tasks - null null
2025-09-19 22:42:26.732 +05:30 [INF] Executing endpoint 'AuthNet.Controllers.TasksController.GetTasks (AuthNet)'
2025-09-19 22:42:26.734 +05:30 [INF] Route matched with {action = "GetTasks", controller = "Tasks"}. Executing controller action with signature Microsoft.AspNetCore.Mvc.IActionResult GetTasks() on controller AuthNet.Controllers.TasksController (AuthNet).
2025-09-19 22:42:26.786 +05:30 [INF] Executed DbCommand (50ms) [Parameters=[], CommandType='"Text"', CommandTimeout='30']
SELECT [t].[Id], [t].[Title], [t].[DueDate]
FROM [Tasks] AS [t]
2025-09-19 22:42:26.786 +05:30 [INF] Executing OkObjectResult, writing value of type 'System.Collections.Generic.List`1[[AuthNet.Models.DTO.TaskItemDto, AuthNet, Version=1.0.0.0, Culture=neutral, PublicKeyToken=null]]'.
2025-09-19 22:42:26.788 +05:30 [INF] Executed action AuthNet.Controllers.TasksController.GetTasks (AuthNet) in 54.4655ms
2025-09-19 22:42:26.788 +05:30 [INF] Executed endpoint 'AuthNet.Controllers.TasksController.GetTasks (AuthNet)'
2025-09-19 22:42:26.789 +05:30 [INF] Request finished HTTP/1.1 GET https://localhost:7165/api/Tasks - 200 null application/json; charset=utf-8 56.4076ms
2025-09-19 22:42:26.817 +05:30 [INF] Request starting HTTP/1.1 GET https://localhost:7165/api/Settings/Get - null null
2025-09-19 22:42:26.817 +05:30 [INF] Executing endpoint 'AuthNet.Controllers.SettingsController.GetCompanyInfo (AuthNet)'
2025-09-19 22:42:26.823 +05:30 [INF] Route matched with {action = "GetCompanyInfo", controller = "Settings"}. Executing controller action with signature System.Threading.Tasks.Task`1[Microsoft.AspNetCore.Mvc.IActionResult] GetCompanyInfo() on controller AuthNet.Controllers.SettingsController (AuthNet).
2025-09-19 22:42:26.851 +05:30 [INF] Executed DbCommand (23ms) [Parameters=[], CommandType='"Text"', CommandTimeout='30']
SELECT TOP(1) [c].[Id], [c].[Address], [c].[ContactNumber], [c].[Email], [c].[GSTIN], [c].[LogoFileExtension], [c].[LogoFilePath], [c].[LogoFileSizeInBytes], [c].[LogoName], [c].[Name], [c].[SignFileExtension], [c].[SignFilePath], [c].[SignFileSizeInBytes], [c].[SignName]
FROM [CompanyInfos] AS [c]
2025-09-19 22:42:26.851 +05:30 [INF] Executing OkObjectResult, writing value of type 'AuthNet.Models.DTO.CompanyInfoResponseDto'.
2025-09-19 22:42:26.853 +05:30 [INF] Executed action AuthNet.Controllers.SettingsController.GetCompanyInfo (AuthNet) in 29.8612ms
2025-09-19 22:42:26.853 +05:30 [INF] Executed endpoint 'AuthNet.Controllers.SettingsController.GetCompanyInfo (AuthNet)'
2025-09-19 22:42:26.853 +05:30 [INF] Request finished HTTP/1.1 GET https://localhost:7165/api/Settings/Get - 200 null application/json; charset=utf-8 36.7632ms
2025-09-19 22:42:27.300 +05:30 [INF] Request starting HTTP/2 GET https://localhost:7165/api/Sales/WeeklyProfit - null null
2025-09-19 22:42:27.301 +05:30 [INF] CORS policy execution successful.
2025-09-19 22:42:27.301 +05:30 [INF] Executing endpoint 'AuthNet.Controllers.SalesController.GetWeeklyProfit (AuthNet)'
2025-09-19 22:42:27.302 +05:30 [INF] Request starting HTTP/2 GET https://localhost:7165/api/Products/CategoryWiseProductCount - null null
2025-09-19 22:42:27.303 +05:30 [INF] CORS policy execution successful.
2025-09-19 22:42:27.303 +05:30 [INF] Executing endpoint 'AuthNet.Controllers.ProductsController.GetCategoryWiseProductCount (AuthNet)'
2025-09-19 22:42:27.306 +05:30 [INF] Route matched with {action = "GetWeeklyProfit", controller = "Sales"}. Executing controller action with signature System.Threading.Tasks.Task`1[Microsoft.AspNetCore.Mvc.IActionResult] GetWeeklyProfit() on controller AuthNet.Controllers.SalesController (AuthNet).
2025-09-19 22:42:27.307 +05:30 [INF] Route matched with {action = "GetCategoryWiseProductCount", controller = "Products"}. Executing controller action with signature System.Threading.Tasks.Task`1[Microsoft.AspNetCore.Mvc.IActionResult] GetCategoryWiseProductCount() on controller AuthNet.Controllers.ProductsController (AuthNet).
2025-09-19 22:42:27.482 +05:30 [INF] Executed DbCommand (173ms) [Parameters=[@__startDate_0='?' (DbType = DateTime2), @__endDate_1='?' (DbType = DateTime2)], CommandType='"Text"', CommandTimeout='30']
SELECT [s].[Id], [s].[ProductId], [s].[ProductName], [s].[Quantity], [s].[SaleId], [s].[TotalPrice], [s].[UnitPrice], [s0].[Id], [s0].[AfterTaxAmount], [s0].[CreatedAt], [s0].[DiscountedAmount], [s0].[InvoiceDate], [s0].[InvoiceNo], [s0].[PrincipalAmount], [s0].[Template], [s0].[TotalAmount]
FROM [SaleItems] AS [s]
INNER JOIN [Sales] AS [s0] ON [s].[SaleId] = [s0].[Id]
WHERE CONVERT(date, [s0].[InvoiceDate]) >= @__startDate_0 AND CONVERT(date, [s0].[InvoiceDate]) <= @__endDate_1
2025-09-19 22:42:27.495 +05:30 [INF] Executed DbCommand (12ms) [Parameters=[@__productIds_0='?' (Size = 4000)], CommandType='"Text"', CommandTimeout='30']
SELECT [p].[ProductId], [p].[CategoryId], [p].[CostPrice], [p].[Description], [p].[Name], [p].[ProductCode], [p].[ProductKey], [p].[SellPrice], [p].[SupplierId]
FROM [Products] AS [p]
WHERE [p].[ProductId] IN (
    SELECT [p0].[value]
    FROM OPENJSON(@__productIds_0) WITH ([value] int '$') AS [p0]
)
2025-09-19 22:42:27.495 +05:30 [INF] Executing OkObjectResult, writing value of type 'System.Collections.Generic.List`1[[AuthNet.Models.DTO.DailyProfitDto, AuthNet, Version=1.0.0.0, Culture=neutral, PublicKeyToken=null]]'.
2025-09-19 22:42:27.496 +05:30 [INF] Executed action AuthNet.Controllers.SalesController.GetWeeklyProfit (AuthNet) in 189.3616ms
2025-09-19 22:42:27.496 +05:30 [INF] Executed endpoint 'AuthNet.Controllers.SalesController.GetWeeklyProfit (AuthNet)'
2025-09-19 22:42:27.496 +05:30 [INF] Request finished HTTP/2 GET https://localhost:7165/api/Sales/WeeklyProfit - 200 null application/json; charset=utf-8 196.1116ms
2025-09-19 22:42:27.510 +05:30 [INF] Executed DbCommand (37ms) [Parameters=[], CommandType='"Text"', CommandTimeout='30']
SELECT [c].[Name] AS [CategoryName], COUNT(*) AS [ProductCount]
FROM [Products] AS [p]
LEFT JOIN [Categories] AS [c] ON [p].[CategoryId] = [c].[CategoryId]
WHERE [c].[CategoryId] IS NOT NULL
GROUP BY [c].[Name]
2025-09-19 22:42:27.510 +05:30 [INF] Executing OkObjectResult, writing value of type 'System.Collections.Generic.List`1[[AuthNet.Models.DTO.CategoryProductCountDto, AuthNet, Version=1.0.0.0, Culture=neutral, PublicKeyToken=null]]'.
2025-09-19 22:42:27.512 +05:30 [INF] Executed action AuthNet.Controllers.ProductsController.GetCategoryWiseProductCount (AuthNet) in 204.5492ms
2025-09-19 22:42:27.512 +05:30 [INF] Executed endpoint 'AuthNet.Controllers.ProductsController.GetCategoryWiseProductCount (AuthNet)'
2025-09-19 22:42:27.512 +05:30 [INF] Request finished HTTP/2 GET https://localhost:7165/api/Products/CategoryWiseProductCount - 200 null application/json; charset=utf-8 210.6585ms
2025-09-19 22:42:58.631 +05:30 [INF] Request starting HTTP/1.1 GET https://localhost:7165/api/Sales/DailyProfit - null null
2025-09-19 22:42:58.632 +05:30 [INF] Executing endpoint 'AuthNet.Controllers.SalesController.GetDailyProfit (AuthNet)'
2025-09-19 22:42:58.632 +05:30 [INF] Route matched with {action = "GetDailyProfit", controller = "Sales"}. Executing controller action with signature System.Threading.Tasks.Task`1[Microsoft.AspNetCore.Mvc.IActionResult] GetDailyProfit() on controller AuthNet.Controllers.SalesController (AuthNet).
2025-09-19 22:42:58.659 +05:30 [INF] Executed DbCommand (24ms) [Parameters=[@__date_Date_0='?' (DbType = DateTime2)], CommandType='"Text"', CommandTimeout='30']
SELECT [s].[Id], [s].[ProductId], [s].[ProductName], [s].[Quantity], [s].[SaleId], [s].[TotalPrice], [s].[UnitPrice], [s0].[Id], [s0].[AfterTaxAmount], [s0].[CreatedAt], [s0].[DiscountedAmount], [s0].[InvoiceDate], [s0].[InvoiceNo], [s0].[PrincipalAmount], [s0].[Template], [s0].[TotalAmount]
FROM [SaleItems] AS [s]
INNER JOIN [Sales] AS [s0] ON [s].[SaleId] = [s0].[Id]
WHERE CONVERT(date, [s0].[InvoiceDate]) = @__date_Date_0
2025-09-19 22:42:58.669 +05:30 [INF] Executed DbCommand (9ms) [Parameters=[@__productIds_0='?' (Size = 4000)], CommandType='"Text"', CommandTimeout='30']
SELECT [p].[ProductId], [p].[CategoryId], [p].[CostPrice], [p].[Description], [p].[Name], [p].[ProductCode], [p].[ProductKey], [p].[SellPrice], [p].[SupplierId]
FROM [Products] AS [p]
WHERE [p].[ProductId] IN (
    SELECT [p0].[value]
    FROM OPENJSON(@__productIds_0) WITH ([value] int '$') AS [p0]
)
2025-09-19 22:42:58.670 +05:30 [INF] Executing OkObjectResult, writing value of type 'AuthNet.Models.DTO.DailyProfitDto'.
2025-09-19 22:42:58.671 +05:30 [INF] Executed action AuthNet.Controllers.SalesController.GetDailyProfit (AuthNet) in 38.6427ms
2025-09-19 22:42:58.671 +05:30 [INF] Executed endpoint 'AuthNet.Controllers.SalesController.GetDailyProfit (AuthNet)'
2025-09-19 22:42:58.671 +05:30 [INF] Request finished HTTP/1.1 GET https://localhost:7165/api/Sales/DailyProfit - 200 null application/json; charset=utf-8 40.0668ms
2025-09-19 22:42:58.709 +05:30 [INF] Request starting HTTP/1.1 GET https://localhost:7165/api/Sales/CurrentMonthProfit - null null
2025-09-19 22:42:58.709 +05:30 [INF] Executing endpoint 'AuthNet.Controllers.SalesController.GetCurrentMonthProfit (AuthNet)'
2025-09-19 22:42:58.710 +05:30 [INF] Route matched with {action = "GetCurrentMonthProfit", controller = "Sales"}. Executing controller action with signature System.Threading.Tasks.Task`1[Microsoft.AspNetCore.Mvc.IActionResult] GetCurrentMonthProfit() on controller AuthNet.Controllers.SalesController (AuthNet).
2025-09-19 22:42:58.723 +05:30 [INF] Executed DbCommand (10ms) [Parameters=[@__currentYear_0='?' (DbType = Int32), @__currentMonth_1='?' (DbType = Int32)], CommandType='"Text"', CommandTimeout='30']
SELECT [s].[Id], [s].[ProductId], [s].[ProductName], [s].[Quantity], [s].[SaleId], [s].[TotalPrice], [s].[UnitPrice], [s0].[Id], [s0].[AfterTaxAmount], [s0].[CreatedAt], [s0].[DiscountedAmount], [s0].[InvoiceDate], [s0].[InvoiceNo], [s0].[PrincipalAmount], [s0].[Template], [s0].[TotalAmount]
FROM [SaleItems] AS [s]
INNER JOIN [Sales] AS [s0] ON [s].[SaleId] = [s0].[Id]
WHERE DATEPART(year, [s0].[InvoiceDate]) = @__currentYear_0 AND DATEPART(month, [s0].[InvoiceDate]) = @__currentMonth_1
2025-09-19 22:42:58.732 +05:30 [INF] Executed DbCommand (7ms) [Parameters=[@__productIds_0='?' (Size = 4000)], CommandType='"Text"', CommandTimeout='30']
SELECT [p].[ProductId], [p].[CategoryId], [p].[CostPrice], [p].[Description], [p].[Name], [p].[ProductCode], [p].[ProductKey], [p].[SellPrice], [p].[SupplierId]
FROM [Products] AS [p]
WHERE [p].[ProductId] IN (
    SELECT [p0].[value]
    FROM OPENJSON(@__productIds_0) WITH ([value] int '$') AS [p0]
)
2025-09-19 22:42:58.733 +05:30 [INF] Executing OkObjectResult, writing value of type 'AuthNet.Models.DTO.MonthlyProfitDto'.
2025-09-19 22:42:58.735 +05:30 [INF] Executed action AuthNet.Controllers.SalesController.GetCurrentMonthProfit (AuthNet) in 25.846ms
2025-09-19 22:42:58.736 +05:30 [INF] Executed endpoint 'AuthNet.Controllers.SalesController.GetCurrentMonthProfit (AuthNet)'
2025-09-19 22:42:58.736 +05:30 [INF] Request finished HTTP/1.1 GET https://localhost:7165/api/Sales/CurrentMonthProfit - 200 null application/json; charset=utf-8 27.1395ms
2025-09-19 22:42:58.747 +05:30 [INF] Request starting HTTP/2 GET https://localhost:7165/swagger/index.html - null null
2025-09-19 22:42:58.780 +05:30 [INF] Request starting HTTP/1.1 GET https://localhost:7165/api/Sales/CurrentYearProfit - null null
2025-09-19 22:42:58.781 +05:30 [INF] Executing endpoint 'AuthNet.Controllers.SalesController.GetCurrentYearProfit (AuthNet)'
2025-09-19 22:42:58.782 +05:30 [INF] Request finished HTTP/2 GET https://localhost:7165/swagger/index.html - 200 null text/html;charset=utf-8 35.5694ms
2025-09-19 22:42:58.797 +05:30 [INF] Route matched with {action = "GetCurrentYearProfit", controller = "Sales"}. Executing controller action with signature System.Threading.Tasks.Task`1[Microsoft.AspNetCore.Mvc.IActionResult] GetCurrentYearProfit() on controller AuthNet.Controllers.SalesController (AuthNet).
2025-09-19 22:42:58.799 +05:30 [INF] Request starting HTTP/2 GET https://localhost:7165/_framework/aspnetcore-browser-refresh.js - null null
2025-09-19 22:42:58.799 +05:30 [INF] Request starting HTTP/2 GET https://localhost:7165/_vs/browserLink - null null
2025-09-19 22:42:58.802 +05:30 [INF] Request finished HTTP/2 GET https://localhost:7165/_framework/aspnetcore-browser-refresh.js - 200 16499 application/javascript; charset=utf-8 3.2626ms
2025-09-19 22:42:58.962 +05:30 [INF] Executed DbCommand (18ms) [Parameters=[@__currentYear_0='?' (DbType = Int32)], CommandType='"Text"', CommandTimeout='30']
SELECT [s].[Id], [s].[ProductId], [s].[ProductName], [s].[Quantity], [s].[SaleId], [s].[TotalPrice], [s].[UnitPrice], [s0].[Id], [s0].[AfterTaxAmount], [s0].[CreatedAt], [s0].[DiscountedAmount], [s0].[InvoiceDate], [s0].[InvoiceNo], [s0].[PrincipalAmount], [s0].[Template], [s0].[TotalAmount]
FROM [SaleItems] AS [s]
INNER JOIN [Sales] AS [s0] ON [s].[SaleId] = [s0].[Id]
WHERE DATEPART(year, [s0].[InvoiceDate]) = @__currentYear_0
2025-09-19 22:42:58.983 +05:30 [INF] Executed DbCommand (16ms) [Parameters=[@__productIds_0='?' (Size = 4000)], CommandType='"Text"', CommandTimeout='30']
SELECT [p].[ProductId], [p].[CategoryId], [p].[CostPrice], [p].[Description], [p].[Name], [p].[ProductCode], [p].[ProductKey], [p].[SellPrice], [p].[SupplierId]
FROM [Products] AS [p]
WHERE [p].[ProductId] IN (
    SELECT [p0].[value]
    FROM OPENJSON(@__productIds_0) WITH ([value] int '$') AS [p0]
)
2025-09-19 22:42:58.983 +05:30 [INF] Executing OkObjectResult, writing value of type 'AuthNet.Models.DTO.YearlyProfitDto'.
2025-09-19 22:42:58.996 +05:30 [INF] Executed action AuthNet.Controllers.SalesController.GetCurrentYearProfit (AuthNet) in 199.2924ms
2025-09-19 22:42:58.996 +05:30 [INF] Executed endpoint 'AuthNet.Controllers.SalesController.GetCurrentYearProfit (AuthNet)'
2025-09-19 22:42:59.000 +05:30 [INF] Request finished HTTP/1.1 GET https://localhost:7165/api/Sales/CurrentYearProfit - 200 null application/json; charset=utf-8 219.1291ms
2025-09-19 22:42:59.006 +05:30 [INF] Request finished HTTP/2 GET https://localhost:7165/_vs/browserLink - 200 null text/javascript; charset=UTF-8 206.7784ms
2025-09-19 22:42:59.016 +05:30 [INF] Request starting HTTP/1.1 GET https://localhost:7165/api/Tasks - null null
2025-09-19 22:42:59.021 +05:30 [INF] Executing endpoint 'AuthNet.Controllers.TasksController.GetTasks (AuthNet)'
2025-09-19 22:42:59.026 +05:30 [INF] Route matched with {action = "GetTasks", controller = "Tasks"}. Executing controller action with signature Microsoft.AspNetCore.Mvc.IActionResult GetTasks() on controller AuthNet.Controllers.TasksController (AuthNet).
2025-09-19 22:42:59.031 +05:30 [INF] Executed DbCommand (3ms) [Parameters=[], CommandType='"Text"', CommandTimeout='30']
SELECT [t].[Id], [t].[Title], [t].[DueDate]
FROM [Tasks] AS [t]
2025-09-19 22:42:59.031 +05:30 [INF] Executing OkObjectResult, writing value of type 'System.Collections.Generic.List`1[[AuthNet.Models.DTO.TaskItemDto, AuthNet, Version=1.0.0.0, Culture=neutral, PublicKeyToken=null]]'.
2025-09-19 22:42:59.033 +05:30 [INF] Executed action AuthNet.Controllers.TasksController.GetTasks (AuthNet) in 7.3354ms
2025-09-19 22:42:59.033 +05:30 [INF] Executed endpoint 'AuthNet.Controllers.TasksController.GetTasks (AuthNet)'
2025-09-19 22:42:59.033 +05:30 [INF] Request finished HTTP/1.1 GET https://localhost:7165/api/Tasks - 200 null application/json; charset=utf-8 17.1999ms
2025-09-19 22:42:59.066 +05:30 [INF] Request starting HTTP/1.1 GET https://localhost:7165/api/Settings/Get - null null
2025-09-19 22:42:59.067 +05:30 [INF] Executing endpoint 'AuthNet.Controllers.SettingsController.GetCompanyInfo (AuthNet)'
2025-09-19 22:42:59.072 +05:30 [INF] Route matched with {action = "GetCompanyInfo", controller = "Settings"}. Executing controller action with signature System.Threading.Tasks.Task`1[Microsoft.AspNetCore.Mvc.IActionResult] GetCompanyInfo() on controller AuthNet.Controllers.SettingsController (AuthNet).
2025-09-19 22:42:59.099 +05:30 [INF] Executed DbCommand (25ms) [Parameters=[], CommandType='"Text"', CommandTimeout='30']
SELECT TOP(1) [c].[Id], [c].[Address], [c].[ContactNumber], [c].[Email], [c].[GSTIN], [c].[LogoFileExtension], [c].[LogoFilePath], [c].[LogoFileSizeInBytes], [c].[LogoName], [c].[Name], [c].[SignFileExtension], [c].[SignFilePath], [c].[SignFileSizeInBytes], [c].[SignName]
FROM [CompanyInfos] AS [c]
2025-09-19 22:42:59.100 +05:30 [INF] Executing OkObjectResult, writing value of type 'AuthNet.Models.DTO.CompanyInfoResponseDto'.
2025-09-19 22:42:59.105 +05:30 [INF] Executed action AuthNet.Controllers.SettingsController.GetCompanyInfo (AuthNet) in 33.3725ms
2025-09-19 22:42:59.105 +05:30 [INF] Executed endpoint 'AuthNet.Controllers.SettingsController.GetCompanyInfo (AuthNet)'
2025-09-19 22:42:59.105 +05:30 [INF] Request finished HTTP/1.1 GET https://localhost:7165/api/Settings/Get - 200 null application/json; charset=utf-8 39.7366ms
2025-09-19 22:42:59.855 +05:30 [INF] Request starting HTTP/2 GET https://localhost:7165/api/Products/CategoryWiseProductCount - null null
2025-09-19 22:42:59.857 +05:30 [INF] CORS policy execution successful.
2025-09-19 22:42:59.858 +05:30 [INF] Executing endpoint 'AuthNet.Controllers.ProductsController.GetCategoryWiseProductCount (AuthNet)'
2025-09-19 22:42:59.860 +05:30 [INF] Request starting HTTP/2 GET https://localhost:7165/api/Sales/WeeklyProfit - null null
2025-09-19 22:42:59.863 +05:30 [INF] CORS policy execution successful.
2025-09-19 22:42:59.863 +05:30 [INF] Route matched with {action = "GetCategoryWiseProductCount", controller = "Products"}. Executing controller action with signature System.Threading.Tasks.Task`1[Microsoft.AspNetCore.Mvc.IActionResult] GetCategoryWiseProductCount() on controller AuthNet.Controllers.ProductsController (AuthNet).
2025-09-19 22:42:59.863 +05:30 [INF] Executing endpoint 'AuthNet.Controllers.SalesController.GetWeeklyProfit (AuthNet)'
2025-09-19 22:42:59.869 +05:30 [INF] Route matched with {action = "GetWeeklyProfit", controller = "Sales"}. Executing controller action with signature System.Threading.Tasks.Task`1[Microsoft.AspNetCore.Mvc.IActionResult] GetWeeklyProfit() on controller AuthNet.Controllers.SalesController (AuthNet).
2025-09-19 22:42:59.881 +05:30 [INF] Executed DbCommand (17ms) [Parameters=[], CommandType='"Text"', CommandTimeout='30']
SELECT [c].[Name] AS [CategoryName], COUNT(*) AS [ProductCount]
FROM [Products] AS [p]
LEFT JOIN [Categories] AS [c] ON [p].[CategoryId] = [c].[CategoryId]
WHERE [c].[CategoryId] IS NOT NULL
GROUP BY [c].[Name]
2025-09-19 22:42:59.882 +05:30 [INF] Executed DbCommand (11ms) [Parameters=[@__startDate_0='?' (DbType = DateTime2), @__endDate_1='?' (DbType = DateTime2)], CommandType='"Text"', CommandTimeout='30']
SELECT [s].[Id], [s].[ProductId], [s].[ProductName], [s].[Quantity], [s].[SaleId], [s].[TotalPrice], [s].[UnitPrice], [s0].[Id], [s0].[AfterTaxAmount], [s0].[CreatedAt], [s0].[DiscountedAmount], [s0].[InvoiceDate], [s0].[InvoiceNo], [s0].[PrincipalAmount], [s0].[Template], [s0].[TotalAmount]
FROM [SaleItems] AS [s]
INNER JOIN [Sales] AS [s0] ON [s].[SaleId] = [s0].[Id]
WHERE CONVERT(date, [s0].[InvoiceDate]) >= @__startDate_0 AND CONVERT(date, [s0].[InvoiceDate]) <= @__endDate_1
2025-09-19 22:42:59.882 +05:30 [INF] Executing OkObjectResult, writing value of type 'System.Collections.Generic.List`1[[AuthNet.Models.DTO.CategoryProductCountDto, AuthNet, Version=1.0.0.0, Culture=neutral, PublicKeyToken=null]]'.
2025-09-19 22:42:59.883 +05:30 [INF] Executed action AuthNet.Controllers.ProductsController.GetCategoryWiseProductCount (AuthNet) in 20.5064ms
2025-09-19 22:42:59.883 +05:30 [INF] Executed endpoint 'AuthNet.Controllers.ProductsController.GetCategoryWiseProductCount (AuthNet)'
2025-09-19 22:42:59.885 +05:30 [INF] Request finished HTTP/2 GET https://localhost:7165/api/Products/CategoryWiseProductCount - 200 null application/json; charset=utf-8 29.3329ms
2025-09-19 22:42:59.918 +05:30 [INF] Executed DbCommand (32ms) [Parameters=[@__productIds_0='?' (Size = 4000)], CommandType='"Text"', CommandTimeout='30']
SELECT [p].[ProductId], [p].[CategoryId], [p].[CostPrice], [p].[Description], [p].[Name], [p].[ProductCode], [p].[ProductKey], [p].[SellPrice], [p].[SupplierId]
FROM [Products] AS [p]
WHERE [p].[ProductId] IN (
    SELECT [p0].[value]
    FROM OPENJSON(@__productIds_0) WITH ([value] int '$') AS [p0]
)
2025-09-19 22:42:59.918 +05:30 [INF] Executing OkObjectResult, writing value of type 'System.Collections.Generic.List`1[[AuthNet.Models.DTO.DailyProfitDto, AuthNet, Version=1.0.0.0, Culture=neutral, PublicKeyToken=null]]'.
2025-09-19 22:42:59.919 +05:30 [INF] Executed action AuthNet.Controllers.SalesController.GetWeeklyProfit (AuthNet) in 49.3585ms
2025-09-19 22:42:59.919 +05:30 [INF] Executed endpoint 'AuthNet.Controllers.SalesController.GetWeeklyProfit (AuthNet)'
2025-09-19 22:42:59.919 +05:30 [INF] Request finished HTTP/2 GET https://localhost:7165/api/Sales/WeeklyProfit - 200 null application/json; charset=utf-8 65.0626ms
2025-09-19 22:43:00.378 +05:30 [INF] Request starting HTTP/2 GET https://localhost:7165/swagger/v1/swagger.json - null null
2025-09-19 22:43:00.429 +05:30 [INF] Request finished HTTP/2 GET https://localhost:7165/swagger/v1/swagger.json - 200 null application/json;charset=utf-8 51.1741ms
2025-09-19 22:43:35.844 +05:30 [INF] Request starting HTTP/1.1 GET https://localhost:7165/api/Sales/DailyProfit - null null
2025-09-19 22:43:35.844 +05:30 [INF] Executing endpoint 'AuthNet.Controllers.SalesController.GetDailyProfit (AuthNet)'
2025-09-19 22:43:35.849 +05:30 [INF] Route matched with {action = "GetDailyProfit", controller = "Sales"}. Executing controller action with signature System.Threading.Tasks.Task`1[Microsoft.AspNetCore.Mvc.IActionResult] GetDailyProfit() on controller AuthNet.Controllers.SalesController (AuthNet).
2025-09-19 22:43:35.862 +05:30 [INF] Executed DbCommand (12ms) [Parameters=[@__date_Date_0='?' (DbType = DateTime2)], CommandType='"Text"', CommandTimeout='30']
SELECT [s].[Id], [s].[ProductId], [s].[ProductName], [s].[Quantity], [s].[SaleId], [s].[TotalPrice], [s].[UnitPrice], [s0].[Id], [s0].[AfterTaxAmount], [s0].[CreatedAt], [s0].[DiscountedAmount], [s0].[InvoiceDate], [s0].[InvoiceNo], [s0].[PrincipalAmount], [s0].[Template], [s0].[TotalAmount]
FROM [SaleItems] AS [s]
INNER JOIN [Sales] AS [s0] ON [s].[SaleId] = [s0].[Id]
WHERE CONVERT(date, [s0].[InvoiceDate]) = @__date_Date_0
2025-09-19 22:43:35.870 +05:30 [INF] Executed DbCommand (6ms) [Parameters=[@__productIds_0='?' (Size = 4000)], CommandType='"Text"', CommandTimeout='30']
SELECT [p].[ProductId], [p].[CategoryId], [p].[CostPrice], [p].[Description], [p].[Name], [p].[ProductCode], [p].[ProductKey], [p].[SellPrice], [p].[SupplierId]
FROM [Products] AS [p]
WHERE [p].[ProductId] IN (
    SELECT [p0].[value]
    FROM OPENJSON(@__productIds_0) WITH ([value] int '$') AS [p0]
)
2025-09-19 22:43:35.870 +05:30 [INF] Executing OkObjectResult, writing value of type 'AuthNet.Models.DTO.DailyProfitDto'.
2025-09-19 22:43:35.874 +05:30 [INF] Executed action AuthNet.Controllers.SalesController.GetDailyProfit (AuthNet) in 25.3267ms
2025-09-19 22:43:35.874 +05:30 [INF] Executed endpoint 'AuthNet.Controllers.SalesController.GetDailyProfit (AuthNet)'
2025-09-19 22:43:35.874 +05:30 [INF] Request finished HTTP/1.1 GET https://localhost:7165/api/Sales/DailyProfit - 200 null application/json; charset=utf-8 30.5879ms
2025-09-19 22:43:35.895 +05:30 [INF] Request starting HTTP/1.1 GET https://localhost:7165/api/Sales/CurrentMonthProfit - null null
2025-09-19 22:43:35.895 +05:30 [INF] Executing endpoint 'AuthNet.Controllers.SalesController.GetCurrentMonthProfit (AuthNet)'
2025-09-19 22:43:35.902 +05:30 [INF] Route matched with {action = "GetCurrentMonthProfit", controller = "Sales"}. Executing controller action with signature System.Threading.Tasks.Task`1[Microsoft.AspNetCore.Mvc.IActionResult] GetCurrentMonthProfit() on controller AuthNet.Controllers.SalesController (AuthNet).
2025-09-19 22:43:35.920 +05:30 [INF] Executed DbCommand (17ms) [Parameters=[@__currentYear_0='?' (DbType = Int32), @__currentMonth_1='?' (DbType = Int32)], CommandType='"Text"', CommandTimeout='30']
SELECT [s].[Id], [s].[ProductId], [s].[ProductName], [s].[Quantity], [s].[SaleId], [s].[TotalPrice], [s].[UnitPrice], [s0].[Id], [s0].[AfterTaxAmount], [s0].[CreatedAt], [s0].[DiscountedAmount], [s0].[InvoiceDate], [s0].[InvoiceNo], [s0].[PrincipalAmount], [s0].[Template], [s0].[TotalAmount]
FROM [SaleItems] AS [s]
INNER JOIN [Sales] AS [s0] ON [s].[SaleId] = [s0].[Id]
WHERE DATEPART(year, [s0].[InvoiceDate]) = @__currentYear_0 AND DATEPART(month, [s0].[InvoiceDate]) = @__currentMonth_1
2025-09-19 22:43:35.924 +05:30 [INF] Executed DbCommand (4ms) [Parameters=[@__productIds_0='?' (Size = 4000)], CommandType='"Text"', CommandTimeout='30']
SELECT [p].[ProductId], [p].[CategoryId], [p].[CostPrice], [p].[Description], [p].[Name], [p].[ProductCode], [p].[ProductKey], [p].[SellPrice], [p].[SupplierId]
FROM [Products] AS [p]
WHERE [p].[ProductId] IN (
    SELECT [p0].[value]
    FROM OPENJSON(@__productIds_0) WITH ([value] int '$') AS [p0]
)
2025-09-19 22:43:35.925 +05:30 [INF] Executing OkObjectResult, writing value of type 'AuthNet.Models.DTO.MonthlyProfitDto'.
2025-09-19 22:43:35.928 +05:30 [INF] Executed action AuthNet.Controllers.SalesController.GetCurrentMonthProfit (AuthNet) in 26.1859ms
2025-09-19 22:43:35.930 +05:30 [INF] Executed endpoint 'AuthNet.Controllers.SalesController.GetCurrentMonthProfit (AuthNet)'
2025-09-19 22:43:35.930 +05:30 [INF] Request finished HTTP/1.1 GET https://localhost:7165/api/Sales/CurrentMonthProfit - 200 null application/json; charset=utf-8 34.8966ms
2025-09-19 22:43:35.946 +05:30 [INF] Request starting HTTP/2 GET https://localhost:7165/swagger/index.html - null null
2025-09-19 22:43:36.010 +05:30 [INF] Request starting HTTP/1.1 GET https://localhost:7165/api/Sales/CurrentYearProfit - null null
2025-09-19 22:43:36.020 +05:30 [INF] Executing endpoint 'AuthNet.Controllers.SalesController.GetCurrentYearProfit (AuthNet)'
2025-09-19 22:43:36.029 +05:30 [INF] Route matched with {action = "GetCurrentYearProfit", controller = "Sales"}. Executing controller action with signature System.Threading.Tasks.Task`1[Microsoft.AspNetCore.Mvc.IActionResult] GetCurrentYearProfit() on controller AuthNet.Controllers.SalesController (AuthNet).
2025-09-19 22:43:36.068 +05:30 [INF] Executed DbCommand (38ms) [Parameters=[@__currentYear_0='?' (DbType = Int32)], CommandType='"Text"', CommandTimeout='30']
SELECT [s].[Id], [s].[ProductId], [s].[ProductName], [s].[Quantity], [s].[SaleId], [s].[TotalPrice], [s].[UnitPrice], [s0].[Id], [s0].[AfterTaxAmount], [s0].[CreatedAt], [s0].[DiscountedAmount], [s0].[InvoiceDate], [s0].[InvoiceNo], [s0].[PrincipalAmount], [s0].[Template], [s0].[TotalAmount]
FROM [SaleItems] AS [s]
INNER JOIN [Sales] AS [s0] ON [s].[SaleId] = [s0].[Id]
WHERE DATEPART(year, [s0].[InvoiceDate]) = @__currentYear_0
2025-09-19 22:43:36.209 +05:30 [INF] Executed DbCommand (139ms) [Parameters=[@__productIds_0='?' (Size = 4000)], CommandType='"Text"', CommandTimeout='30']
SELECT [p].[ProductId], [p].[CategoryId], [p].[CostPrice], [p].[Description], [p].[Name], [p].[ProductCode], [p].[ProductKey], [p].[SellPrice], [p].[SupplierId]
FROM [Products] AS [p]
WHERE [p].[ProductId] IN (
    SELECT [p0].[value]
    FROM OPENJSON(@__productIds_0) WITH ([value] int '$') AS [p0]
)
2025-09-19 22:43:36.209 +05:30 [INF] Executing OkObjectResult, writing value of type 'AuthNet.Models.DTO.YearlyProfitDto'.
2025-09-19 22:43:36.210 +05:30 [INF] Executed action AuthNet.Controllers.SalesController.GetCurrentYearProfit (AuthNet) in 181.4487ms
2025-09-19 22:43:36.210 +05:30 [INF] Executed endpoint 'AuthNet.Controllers.SalesController.GetCurrentYearProfit (AuthNet)'
2025-09-19 22:43:36.211 +05:30 [INF] Request finished HTTP/1.1 GET https://localhost:7165/api/Sales/CurrentYearProfit - 200 null application/json; charset=utf-8 200.649ms
2025-09-19 22:43:36.341 +05:30 [INF] Request finished HTTP/2 GET https://localhost:7165/swagger/index.html - 200 null text/html;charset=utf-8 395.0089ms
2025-09-19 22:43:36.401 +05:30 [INF] Request starting HTTP/1.1 GET https://localhost:7165/api/Tasks - null null
2025-09-19 22:43:36.401 +05:30 [INF] Request starting HTTP/2 GET https://localhost:7165/_vs/browserLink - null null
2025-09-19 22:43:36.410 +05:30 [INF] Executing endpoint 'AuthNet.Controllers.TasksController.GetTasks (AuthNet)'
2025-09-19 22:43:36.418 +05:30 [INF] Route matched with {action = "GetTasks", controller = "Tasks"}. Executing controller action with signature Microsoft.AspNetCore.Mvc.IActionResult GetTasks() on controller AuthNet.Controllers.TasksController (AuthNet).
2025-09-19 22:43:36.419 +05:30 [INF] Request starting HTTP/2 GET https://localhost:7165/_framework/aspnetcore-browser-refresh.js - null null
2025-09-19 22:43:36.423 +05:30 [INF] Executed DbCommand (4ms) [Parameters=[], CommandType='"Text"', CommandTimeout='30']
SELECT [t].[Id], [t].[Title], [t].[DueDate]
FROM [Tasks] AS [t]
2025-09-19 22:43:36.424 +05:30 [INF] Executing OkObjectResult, writing value of type 'System.Collections.Generic.List`1[[AuthNet.Models.DTO.TaskItemDto, AuthNet, Version=1.0.0.0, Culture=neutral, PublicKeyToken=null]]'.
2025-09-19 22:43:36.426 +05:30 [INF] Executed action AuthNet.Controllers.TasksController.GetTasks (AuthNet) in 8.3496ms
2025-09-19 22:43:36.426 +05:30 [INF] Executed endpoint 'AuthNet.Controllers.TasksController.GetTasks (AuthNet)'
2025-09-19 22:43:36.426 +05:30 [INF] Request finished HTTP/1.1 GET https://localhost:7165/api/Tasks - 200 null application/json; charset=utf-8 25.148ms
2025-09-19 22:43:36.525 +05:30 [INF] Request finished HTTP/2 GET https://localhost:7165/_framework/aspnetcore-browser-refresh.js - 200 16499 application/javascript; charset=utf-8 106.1298ms
2025-09-19 22:43:36.558 +05:30 [INF] Request starting HTTP/1.1 GET https://localhost:7165/api/Settings/Get - null null
2025-09-19 22:43:36.559 +05:30 [INF] Executing endpoint 'AuthNet.Controllers.SettingsController.GetCompanyInfo (AuthNet)'
2025-09-19 22:43:36.566 +05:30 [INF] Route matched with {action = "GetCompanyInfo", controller = "Settings"}. Executing controller action with signature System.Threading.Tasks.Task`1[Microsoft.AspNetCore.Mvc.IActionResult] GetCompanyInfo() on controller AuthNet.Controllers.SettingsController (AuthNet).
2025-09-19 22:43:36.597 +05:30 [INF] Request finished HTTP/2 GET https://localhost:7165/_vs/browserLink - 200 null text/javascript; charset=UTF-8 196.1511ms
2025-09-19 22:43:36.598 +05:30 [INF] Executed DbCommand (31ms) [Parameters=[], CommandType='"Text"', CommandTimeout='30']
SELECT TOP(1) [c].[Id], [c].[Address], [c].[ContactNumber], [c].[Email], [c].[GSTIN], [c].[LogoFileExtension], [c].[LogoFilePath], [c].[LogoFileSizeInBytes], [c].[LogoName], [c].[Name], [c].[SignFileExtension], [c].[SignFilePath], [c].[SignFileSizeInBytes], [c].[SignName]
FROM [CompanyInfos] AS [c]
2025-09-19 22:43:36.598 +05:30 [INF] Executing OkObjectResult, writing value of type 'AuthNet.Models.DTO.CompanyInfoResponseDto'.
2025-09-19 22:43:36.600 +05:30 [INF] Executed action AuthNet.Controllers.SettingsController.GetCompanyInfo (AuthNet) in 34.2694ms
2025-09-19 22:43:36.600 +05:30 [INF] Executed endpoint 'AuthNet.Controllers.SettingsController.GetCompanyInfo (AuthNet)'
2025-09-19 22:43:36.601 +05:30 [INF] Request finished HTTP/1.1 GET https://localhost:7165/api/Settings/Get - 200 null application/json; charset=utf-8 42.9077ms
2025-09-19 22:43:37.070 +05:30 [INF] Request starting HTTP/2 GET https://localhost:7165/api/Sales/WeeklyProfit - null null
2025-09-19 22:43:37.072 +05:30 [INF] Request starting HTTP/2 GET https://localhost:7165/api/Products/CategoryWiseProductCount - null null
2025-09-19 22:43:37.073 +05:30 [INF] CORS policy execution successful.
2025-09-19 22:43:37.073 +05:30 [INF] Executing endpoint 'AuthNet.Controllers.ProductsController.GetCategoryWiseProductCount (AuthNet)'
2025-09-19 22:43:37.074 +05:30 [INF] CORS policy execution successful.
2025-09-19 22:43:37.075 +05:30 [INF] Executing endpoint 'AuthNet.Controllers.SalesController.GetWeeklyProfit (AuthNet)'
2025-09-19 22:43:37.077 +05:30 [INF] Route matched with {action = "GetCategoryWiseProductCount", controller = "Products"}. Executing controller action with signature System.Threading.Tasks.Task`1[Microsoft.AspNetCore.Mvc.IActionResult] GetCategoryWiseProductCount() on controller AuthNet.Controllers.ProductsController (AuthNet).
2025-09-19 22:43:37.078 +05:30 [INF] Route matched with {action = "GetWeeklyProfit", controller = "Sales"}. Executing controller action with signature System.Threading.Tasks.Task`1[Microsoft.AspNetCore.Mvc.IActionResult] GetWeeklyProfit() on controller AuthNet.Controllers.SalesController (AuthNet).
2025-09-19 22:43:37.114 +05:30 [INF] Executed DbCommand (36ms) [Parameters=[@__startDate_0='?' (DbType = DateTime2), @__endDate_1='?' (DbType = DateTime2)], CommandType='"Text"', CommandTimeout='30']
SELECT [s].[Id], [s].[ProductId], [s].[ProductName], [s].[Quantity], [s].[SaleId], [s].[TotalPrice], [s].[UnitPrice], [s0].[Id], [s0].[AfterTaxAmount], [s0].[CreatedAt], [s0].[DiscountedAmount], [s0].[InvoiceDate], [s0].[InvoiceNo], [s0].[PrincipalAmount], [s0].[Template], [s0].[TotalAmount]
FROM [SaleItems] AS [s]
INNER JOIN [Sales] AS [s0] ON [s].[SaleId] = [s0].[Id]
WHERE CONVERT(date, [s0].[InvoiceDate]) >= @__startDate_0 AND CONVERT(date, [s0].[InvoiceDate]) <= @__endDate_1
2025-09-19 22:43:37.125 +05:30 [INF] Executed DbCommand (46ms) [Parameters=[], CommandType='"Text"', CommandTimeout='30']
SELECT [c].[Name] AS [CategoryName], COUNT(*) AS [ProductCount]
FROM [Products] AS [p]
LEFT JOIN [Categories] AS [c] ON [p].[CategoryId] = [c].[CategoryId]
WHERE [c].[CategoryId] IS NOT NULL
GROUP BY [c].[Name]
2025-09-19 22:43:37.126 +05:30 [INF] Executing OkObjectResult, writing value of type 'System.Collections.Generic.List`1[[AuthNet.Models.DTO.CategoryProductCountDto, AuthNet, Version=1.0.0.0, Culture=neutral, PublicKeyToken=null]]'.
2025-09-19 22:43:37.127 +05:30 [INF] Executed action AuthNet.Controllers.ProductsController.GetCategoryWiseProductCount (AuthNet) in 49.3829ms
2025-09-19 22:43:37.127 +05:30 [INF] Executed endpoint 'AuthNet.Controllers.ProductsController.GetCategoryWiseProductCount (AuthNet)'
2025-09-19 22:43:37.127 +05:30 [INF] Request finished HTTP/2 GET https://localhost:7165/api/Products/CategoryWiseProductCount - 200 null application/json; charset=utf-8 54.5228ms
2025-09-19 22:43:37.128 +05:30 [INF] Executed DbCommand (12ms) [Parameters=[@__productIds_0='?' (Size = 4000)], CommandType='"Text"', CommandTimeout='30']
SELECT [p].[ProductId], [p].[CategoryId], [p].[CostPrice], [p].[Description], [p].[Name], [p].[ProductCode], [p].[ProductKey], [p].[SellPrice], [p].[SupplierId]
FROM [Products] AS [p]
WHERE [p].[ProductId] IN (
    SELECT [p0].[value]
    FROM OPENJSON(@__productIds_0) WITH ([value] int '$') AS [p0]
)
2025-09-19 22:43:37.128 +05:30 [INF] Executing OkObjectResult, writing value of type 'System.Collections.Generic.List`1[[AuthNet.Models.DTO.DailyProfitDto, AuthNet, Version=1.0.0.0, Culture=neutral, PublicKeyToken=null]]'.
2025-09-19 22:43:37.128 +05:30 [INF] Executed action AuthNet.Controllers.SalesController.GetWeeklyProfit (AuthNet) in 50.4426ms
2025-09-19 22:43:37.128 +05:30 [INF] Executed endpoint 'AuthNet.Controllers.SalesController.GetWeeklyProfit (AuthNet)'
2025-09-19 22:43:37.129 +05:30 [INF] Request finished HTTP/2 GET https://localhost:7165/api/Sales/WeeklyProfit - 200 null application/json; charset=utf-8 58.8655ms
2025-09-19 22:43:37.246 +05:30 [INF] Request starting HTTP/2 GET https://localhost:7165/swagger/v1/swagger.json - null null
2025-09-19 22:43:37.297 +05:30 [INF] Request finished HTTP/2 GET https://localhost:7165/swagger/v1/swagger.json - 200 null application/json;charset=utf-8 51.5035ms
2025-09-19 22:43:49.313 +05:30 [INF] Request starting HTTP/1.1 GET https://localhost:7165/api/Sales/DailyProfit - null null
2025-09-19 22:43:49.313 +05:30 [INF] Executing endpoint 'AuthNet.Controllers.SalesController.GetDailyProfit (AuthNet)'
2025-09-19 22:43:49.317 +05:30 [INF] Route matched with {action = "GetDailyProfit", controller = "Sales"}. Executing controller action with signature System.Threading.Tasks.Task`1[Microsoft.AspNetCore.Mvc.IActionResult] GetDailyProfit() on controller AuthNet.Controllers.SalesController (AuthNet).
2025-09-19 22:43:49.330 +05:30 [INF] Executed DbCommand (11ms) [Parameters=[@__date_Date_0='?' (DbType = DateTime2)], CommandType='"Text"', CommandTimeout='30']
SELECT [s].[Id], [s].[ProductId], [s].[ProductName], [s].[Quantity], [s].[SaleId], [s].[TotalPrice], [s].[UnitPrice], [s0].[Id], [s0].[AfterTaxAmount], [s0].[CreatedAt], [s0].[DiscountedAmount], [s0].[InvoiceDate], [s0].[InvoiceNo], [s0].[PrincipalAmount], [s0].[Template], [s0].[TotalAmount]
FROM [SaleItems] AS [s]
INNER JOIN [Sales] AS [s0] ON [s].[SaleId] = [s0].[Id]
WHERE CONVERT(date, [s0].[InvoiceDate]) = @__date_Date_0
2025-09-19 22:43:49.339 +05:30 [INF] Request starting HTTP/2 GET https://localhost:7165/swagger/index.html - null null
2025-09-19 22:43:49.347 +05:30 [INF] Executed DbCommand (15ms) [Parameters=[@__productIds_0='?' (Size = 4000)], CommandType='"Text"', CommandTimeout='30']
SELECT [p].[ProductId], [p].[CategoryId], [p].[CostPrice], [p].[Description], [p].[Name], [p].[ProductCode], [p].[ProductKey], [p].[SellPrice], [p].[SupplierId]
FROM [Products] AS [p]
WHERE [p].[ProductId] IN (
    SELECT [p0].[value]
    FROM OPENJSON(@__productIds_0) WITH ([value] int '$') AS [p0]
)
2025-09-19 22:43:49.348 +05:30 [INF] Executing OkObjectResult, writing value of type 'AuthNet.Models.DTO.DailyProfitDto'.
2025-09-19 22:43:49.349 +05:30 [INF] Executed action AuthNet.Controllers.SalesController.GetDailyProfit (AuthNet) in 31.8466ms
2025-09-19 22:43:49.349 +05:30 [INF] Executed endpoint 'AuthNet.Controllers.SalesController.GetDailyProfit (AuthNet)'
2025-09-19 22:43:49.350 +05:30 [INF] Request finished HTTP/1.1 GET https://localhost:7165/api/Sales/DailyProfit - 200 null application/json; charset=utf-8 36.9434ms
2025-09-19 22:43:49.393 +05:30 [INF] Request finished HTTP/2 GET https://localhost:7165/swagger/index.html - 200 null text/html;charset=utf-8 53.3187ms
2025-09-19 22:43:49.490 +05:30 [INF] Request starting HTTP/2 GET https://localhost:7165/_framework/aspnetcore-browser-refresh.js - null null
2025-09-19 22:43:49.563 +05:30 [INF] Request starting HTTP/2 GET https://localhost:7165/_vs/browserLink - null null
2025-09-19 22:43:49.564 +05:30 [INF] Request finished HTTP/2 GET https://localhost:7165/_framework/aspnetcore-browser-refresh.js - 200 16499 application/javascript; charset=utf-8 74.1549ms
2025-09-19 22:43:49.580 +05:30 [INF] Request starting HTTP/1.1 GET https://localhost:7165/api/Sales/CurrentMonthProfit - null null
2025-09-19 22:43:49.597 +05:30 [INF] Executing endpoint 'AuthNet.Controllers.SalesController.GetCurrentMonthProfit (AuthNet)'
2025-09-19 22:43:49.613 +05:30 [INF] Request finished HTTP/2 GET https://localhost:7165/_vs/browserLink - 200 null text/javascript; charset=UTF-8 50.1323ms
2025-09-19 22:43:49.624 +05:30 [INF] Route matched with {action = "GetCurrentMonthProfit", controller = "Sales"}. Executing controller action with signature System.Threading.Tasks.Task`1[Microsoft.AspNetCore.Mvc.IActionResult] GetCurrentMonthProfit() on controller AuthNet.Controllers.SalesController (AuthNet).
2025-09-19 22:43:49.647 +05:30 [INF] Executed DbCommand (21ms) [Parameters=[@__currentYear_0='?' (DbType = Int32), @__currentMonth_1='?' (DbType = Int32)], CommandType='"Text"', CommandTimeout='30']
SELECT [s].[Id], [s].[ProductId], [s].[ProductName], [s].[Quantity], [s].[SaleId], [s].[TotalPrice], [s].[UnitPrice], [s0].[Id], [s0].[AfterTaxAmount], [s0].[CreatedAt], [s0].[DiscountedAmount], [s0].[InvoiceDate], [s0].[InvoiceNo], [s0].[PrincipalAmount], [s0].[Template], [s0].[TotalAmount]
FROM [SaleItems] AS [s]
INNER JOIN [Sales] AS [s0] ON [s].[SaleId] = [s0].[Id]
WHERE DATEPART(year, [s0].[InvoiceDate]) = @__currentYear_0 AND DATEPART(month, [s0].[InvoiceDate]) = @__currentMonth_1
2025-09-19 22:43:49.663 +05:30 [INF] Executed DbCommand (16ms) [Parameters=[@__productIds_0='?' (Size = 4000)], CommandType='"Text"', CommandTimeout='30']
SELECT [p].[ProductId], [p].[CategoryId], [p].[CostPrice], [p].[Description], [p].[Name], [p].[ProductCode], [p].[ProductKey], [p].[SellPrice], [p].[SupplierId]
FROM [Products] AS [p]
WHERE [p].[ProductId] IN (
    SELECT [p0].[value]
    FROM OPENJSON(@__productIds_0) WITH ([value] int '$') AS [p0]
)
2025-09-19 22:43:49.665 +05:30 [INF] Executing OkObjectResult, writing value of type 'AuthNet.Models.DTO.MonthlyProfitDto'.
2025-09-19 22:43:49.670 +05:30 [INF] Executed action AuthNet.Controllers.SalesController.GetCurrentMonthProfit (AuthNet) in 45.6462ms
2025-09-19 22:43:49.670 +05:30 [INF] Executed endpoint 'AuthNet.Controllers.SalesController.GetCurrentMonthProfit (AuthNet)'
2025-09-19 22:43:49.681 +05:30 [INF] Request finished HTTP/1.1 GET https://localhost:7165/api/Sales/CurrentMonthProfit - 200 null application/json; charset=utf-8 101.8221ms
2025-09-19 22:43:49.700 +05:30 [INF] Request starting HTTP/2 GET https://localhost:7165/swagger/v1/swagger.json - null null
2025-09-19 22:43:49.769 +05:30 [INF] Request starting HTTP/1.1 GET https://localhost:7165/api/Sales/CurrentYearProfit - null null
2025-09-19 22:43:49.770 +05:30 [INF] Request finished HTTP/2 GET https://localhost:7165/swagger/v1/swagger.json - 200 null application/json;charset=utf-8 69.8329ms
2025-09-19 22:43:49.778 +05:30 [INF] Executing endpoint 'AuthNet.Controllers.SalesController.GetCurrentYearProfit (AuthNet)'
2025-09-19 22:43:49.782 +05:30 [INF] Route matched with {action = "GetCurrentYearProfit", controller = "Sales"}. Executing controller action with signature System.Threading.Tasks.Task`1[Microsoft.AspNetCore.Mvc.IActionResult] GetCurrentYearProfit() on controller AuthNet.Controllers.SalesController (AuthNet).
2025-09-19 22:43:49.865 +05:30 [INF] Executed DbCommand (82ms) [Parameters=[@__currentYear_0='?' (DbType = Int32)], CommandType='"Text"', CommandTimeout='30']
SELECT [s].[Id], [s].[ProductId], [s].[ProductName], [s].[Quantity], [s].[SaleId], [s].[TotalPrice], [s].[UnitPrice], [s0].[Id], [s0].[AfterTaxAmount], [s0].[CreatedAt], [s0].[DiscountedAmount], [s0].[InvoiceDate], [s0].[InvoiceNo], [s0].[PrincipalAmount], [s0].[Template], [s0].[TotalAmount]
FROM [SaleItems] AS [s]
INNER JOIN [Sales] AS [s0] ON [s].[SaleId] = [s0].[Id]
WHERE DATEPART(year, [s0].[InvoiceDate]) = @__currentYear_0
2025-09-19 22:43:49.887 +05:30 [INF] Executed DbCommand (20ms) [Parameters=[@__productIds_0='?' (Size = 4000)], CommandType='"Text"', CommandTimeout='30']
SELECT [p].[ProductId], [p].[CategoryId], [p].[CostPrice], [p].[Description], [p].[Name], [p].[ProductCode], [p].[ProductKey], [p].[SellPrice], [p].[SupplierId]
FROM [Products] AS [p]
WHERE [p].[ProductId] IN (
    SELECT [p0].[value]
    FROM OPENJSON(@__productIds_0) WITH ([value] int '$') AS [p0]
)
2025-09-19 22:43:49.889 +05:30 [INF] Executing OkObjectResult, writing value of type 'AuthNet.Models.DTO.YearlyProfitDto'.
2025-09-19 22:43:49.891 +05:30 [INF] Executed action AuthNet.Controllers.SalesController.GetCurrentYearProfit (AuthNet) in 108.6357ms
2025-09-19 22:43:49.891 +05:30 [INF] Executed endpoint 'AuthNet.Controllers.SalesController.GetCurrentYearProfit (AuthNet)'
2025-09-19 22:43:49.892 +05:30 [INF] Request finished HTTP/1.1 GET https://localhost:7165/api/Sales/CurrentYearProfit - 200 null application/json; charset=utf-8 122.4522ms
2025-09-19 22:43:50.119 +05:30 [INF] Request starting HTTP/1.1 GET https://localhost:7165/api/Tasks - null null
2025-09-19 22:43:50.120 +05:30 [INF] Executing endpoint 'AuthNet.Controllers.TasksController.GetTasks (AuthNet)'
2025-09-19 22:43:50.125 +05:30 [INF] Route matched with {action = "GetTasks", controller = "Tasks"}. Executing controller action with signature Microsoft.AspNetCore.Mvc.IActionResult GetTasks() on controller AuthNet.Controllers.TasksController (AuthNet).
2025-09-19 22:43:50.156 +05:30 [INF] Executed DbCommand (30ms) [Parameters=[], CommandType='"Text"', CommandTimeout='30']
SELECT [t].[Id], [t].[Title], [t].[DueDate]
FROM [Tasks] AS [t]
2025-09-19 22:43:50.157 +05:30 [INF] Executing OkObjectResult, writing value of type 'System.Collections.Generic.List`1[[AuthNet.Models.DTO.TaskItemDto, AuthNet, Version=1.0.0.0, Culture=neutral, PublicKeyToken=null]]'.
2025-09-19 22:43:50.159 +05:30 [INF] Executed action AuthNet.Controllers.TasksController.GetTasks (AuthNet) in 33.6426ms
2025-09-19 22:43:50.159 +05:30 [INF] Executed endpoint 'AuthNet.Controllers.TasksController.GetTasks (AuthNet)'
2025-09-19 22:43:50.159 +05:30 [INF] Request finished HTTP/1.1 GET https://localhost:7165/api/Tasks - 200 null application/json; charset=utf-8 39.553ms
2025-09-19 22:43:50.351 +05:30 [INF] Request starting HTTP/1.1 GET https://localhost:7165/api/Settings/Get - null null
2025-09-19 22:43:50.352 +05:30 [INF] Executing endpoint 'AuthNet.Controllers.SettingsController.GetCompanyInfo (AuthNet)'
2025-09-19 22:43:50.360 +05:30 [INF] Route matched with {action = "GetCompanyInfo", controller = "Settings"}. Executing controller action with signature System.Threading.Tasks.Task`1[Microsoft.AspNetCore.Mvc.IActionResult] GetCompanyInfo() on controller AuthNet.Controllers.SettingsController (AuthNet).
2025-09-19 22:43:50.366 +05:30 [INF] Executed DbCommand (5ms) [Parameters=[], CommandType='"Text"', CommandTimeout='30']
SELECT TOP(1) [c].[Id], [c].[Address], [c].[ContactNumber], [c].[Email], [c].[GSTIN], [c].[LogoFileExtension], [c].[LogoFilePath], [c].[LogoFileSizeInBytes], [c].[LogoName], [c].[Name], [c].[SignFileExtension], [c].[SignFilePath], [c].[SignFileSizeInBytes], [c].[SignName]
FROM [CompanyInfos] AS [c]
2025-09-19 22:43:50.367 +05:30 [INF] Executing OkObjectResult, writing value of type 'AuthNet.Models.DTO.CompanyInfoResponseDto'.
2025-09-19 22:43:50.369 +05:30 [INF] Executed action AuthNet.Controllers.SettingsController.GetCompanyInfo (AuthNet) in 8.3406ms
2025-09-19 22:43:50.369 +05:30 [INF] Executed endpoint 'AuthNet.Controllers.SettingsController.GetCompanyInfo (AuthNet)'
2025-09-19 22:43:50.369 +05:30 [INF] Request finished HTTP/1.1 GET https://localhost:7165/api/Settings/Get - 200 null application/json; charset=utf-8 17.8324ms
2025-09-19 22:43:50.851 +05:30 [INF] Request starting HTTP/2 GET https://localhost:7165/api/Sales/WeeklyProfit - null null
2025-09-19 22:43:50.851 +05:30 [INF] Request starting HTTP/2 GET https://localhost:7165/api/Products/CategoryWiseProductCount - null null
2025-09-19 22:43:50.851 +05:30 [INF] CORS policy execution successful.
2025-09-19 22:43:50.851 +05:30 [INF] CORS policy execution successful.
2025-09-19 22:43:50.852 +05:30 [INF] Executing endpoint 'AuthNet.Controllers.SalesController.GetWeeklyProfit (AuthNet)'
2025-09-19 22:43:50.852 +05:30 [INF] Executing endpoint 'AuthNet.Controllers.ProductsController.GetCategoryWiseProductCount (AuthNet)'
2025-09-19 22:43:50.856 +05:30 [INF] Route matched with {action = "GetCategoryWiseProductCount", controller = "Products"}. Executing controller action with signature System.Threading.Tasks.Task`1[Microsoft.AspNetCore.Mvc.IActionResult] GetCategoryWiseProductCount() on controller AuthNet.Controllers.ProductsController (AuthNet).
2025-09-19 22:43:50.856 +05:30 [INF] Route matched with {action = "GetWeeklyProfit", controller = "Sales"}. Executing controller action with signature System.Threading.Tasks.Task`1[Microsoft.AspNetCore.Mvc.IActionResult] GetWeeklyProfit() on controller AuthNet.Controllers.SalesController (AuthNet).
2025-09-19 22:43:50.867 +05:30 [INF] Executed DbCommand (10ms) [Parameters=[], CommandType='"Text"', CommandTimeout='30']
SELECT [c].[Name] AS [CategoryName], COUNT(*) AS [ProductCount]
FROM [Products] AS [p]
LEFT JOIN [Categories] AS [c] ON [p].[CategoryId] = [c].[CategoryId]
WHERE [c].[CategoryId] IS NOT NULL
GROUP BY [c].[Name]
2025-09-19 22:43:50.867 +05:30 [INF] Executed DbCommand (10ms) [Parameters=[@__startDate_0='?' (DbType = DateTime2), @__endDate_1='?' (DbType = DateTime2)], CommandType='"Text"', CommandTimeout='30']
SELECT [s].[Id], [s].[ProductId], [s].[ProductName], [s].[Quantity], [s].[SaleId], [s].[TotalPrice], [s].[UnitPrice], [s0].[Id], [s0].[AfterTaxAmount], [s0].[CreatedAt], [s0].[DiscountedAmount], [s0].[InvoiceDate], [s0].[InvoiceNo], [s0].[PrincipalAmount], [s0].[Template], [s0].[TotalAmount]
FROM [SaleItems] AS [s]
INNER JOIN [Sales] AS [s0] ON [s].[SaleId] = [s0].[Id]
WHERE CONVERT(date, [s0].[InvoiceDate]) >= @__startDate_0 AND CONVERT(date, [s0].[InvoiceDate]) <= @__endDate_1
2025-09-19 22:43:50.868 +05:30 [INF] Executing OkObjectResult, writing value of type 'System.Collections.Generic.List`1[[AuthNet.Models.DTO.CategoryProductCountDto, AuthNet, Version=1.0.0.0, Culture=neutral, PublicKeyToken=null]]'.
2025-09-19 22:43:50.870 +05:30 [INF] Executed action AuthNet.Controllers.ProductsController.GetCategoryWiseProductCount (AuthNet) in 13.346ms
2025-09-19 22:43:50.870 +05:30 [INF] Executed endpoint 'AuthNet.Controllers.ProductsController.GetCategoryWiseProductCount (AuthNet)'
2025-09-19 22:43:50.870 +05:30 [INF] Request finished HTTP/2 GET https://localhost:7165/api/Products/CategoryWiseProductCount - 200 null application/json; charset=utf-8 19.0908ms
2025-09-19 22:43:50.878 +05:30 [INF] Executed DbCommand (9ms) [Parameters=[@__productIds_0='?' (Size = 4000)], CommandType='"Text"', CommandTimeout='30']
SELECT [p].[ProductId], [p].[CategoryId], [p].[CostPrice], [p].[Description], [p].[Name], [p].[ProductCode], [p].[ProductKey], [p].[SellPrice], [p].[SupplierId]
FROM [Products] AS [p]
WHERE [p].[ProductId] IN (
    SELECT [p0].[value]
    FROM OPENJSON(@__productIds_0) WITH ([value] int '$') AS [p0]
)
2025-09-19 22:43:50.878 +05:30 [INF] Executing OkObjectResult, writing value of type 'System.Collections.Generic.List`1[[AuthNet.Models.DTO.DailyProfitDto, AuthNet, Version=1.0.0.0, Culture=neutral, PublicKeyToken=null]]'.
2025-09-19 22:43:50.879 +05:30 [INF] Executed action AuthNet.Controllers.SalesController.GetWeeklyProfit (AuthNet) in 22.5097ms
2025-09-19 22:43:50.879 +05:30 [INF] Executed endpoint 'AuthNet.Controllers.SalesController.GetWeeklyProfit (AuthNet)'
2025-09-19 22:43:50.879 +05:30 [INF] Request finished HTTP/2 GET https://localhost:7165/api/Sales/WeeklyProfit - 200 null application/json; charset=utf-8 28.5693ms
2025-09-19 22:45:30.554 +05:30 [INF] Request starting HTTP/1.1 GET https://localhost:7165/api/Sales/DailyProfit - null null
2025-09-19 22:45:30.555 +05:30 [INF] Executing endpoint 'AuthNet.Controllers.SalesController.GetDailyProfit (AuthNet)'
2025-09-19 22:45:30.560 +05:30 [INF] Route matched with {action = "GetDailyProfit", controller = "Sales"}. Executing controller action with signature System.Threading.Tasks.Task`1[Microsoft.AspNetCore.Mvc.IActionResult] GetDailyProfit() on controller AuthNet.Controllers.SalesController (AuthNet).
2025-09-19 22:45:30.622 +05:30 [INF] Executed DbCommand (60ms) [Parameters=[@__date_Date_0='?' (DbType = DateTime2)], CommandType='"Text"', CommandTimeout='30']
SELECT [s].[Id], [s].[ProductId], [s].[ProductName], [s].[Quantity], [s].[SaleId], [s].[TotalPrice], [s].[UnitPrice], [s0].[Id], [s0].[AfterTaxAmount], [s0].[CreatedAt], [s0].[DiscountedAmount], [s0].[InvoiceDate], [s0].[InvoiceNo], [s0].[PrincipalAmount], [s0].[Template], [s0].[TotalAmount]
FROM [SaleItems] AS [s]
INNER JOIN [Sales] AS [s0] ON [s].[SaleId] = [s0].[Id]
WHERE CONVERT(date, [s0].[InvoiceDate]) = @__date_Date_0
2025-09-19 22:45:30.640 +05:30 [INF] Executed DbCommand (18ms) [Parameters=[@__productIds_0='?' (Size = 4000)], CommandType='"Text"', CommandTimeout='30']
SELECT [p].[ProductId], [p].[CategoryId], [p].[CostPrice], [p].[Description], [p].[Name], [p].[ProductCode], [p].[ProductKey], [p].[SellPrice], [p].[SupplierId]
FROM [Products] AS [p]
WHERE [p].[ProductId] IN (
    SELECT [p0].[value]
    FROM OPENJSON(@__productIds_0) WITH ([value] int '$') AS [p0]
)
2025-09-19 22:45:30.640 +05:30 [INF] Executing OkObjectResult, writing value of type 'AuthNet.Models.DTO.DailyProfitDto'.
2025-09-19 22:45:30.641 +05:30 [INF] Executed action AuthNet.Controllers.SalesController.GetDailyProfit (AuthNet) in 81.8037ms
2025-09-19 22:45:30.641 +05:30 [INF] Executed endpoint 'AuthNet.Controllers.SalesController.GetDailyProfit (AuthNet)'
2025-09-19 22:45:30.642 +05:30 [INF] Request finished HTTP/1.1 GET https://localhost:7165/api/Sales/DailyProfit - 200 null application/json; charset=utf-8 87.3895ms
2025-09-19 22:45:30.671 +05:30 [INF] Request starting HTTP/1.1 GET https://localhost:7165/api/Sales/CurrentMonthProfit - null null
2025-09-19 22:45:30.673 +05:30 [INF] Executing endpoint 'AuthNet.Controllers.SalesController.GetCurrentMonthProfit (AuthNet)'
2025-09-19 22:45:30.677 +05:30 [INF] Route matched with {action = "GetCurrentMonthProfit", controller = "Sales"}. Executing controller action with signature System.Threading.Tasks.Task`1[Microsoft.AspNetCore.Mvc.IActionResult] GetCurrentMonthProfit() on controller AuthNet.Controllers.SalesController (AuthNet).
2025-09-19 22:45:30.732 +05:30 [INF] Executed DbCommand (53ms) [Parameters=[@__currentYear_0='?' (DbType = Int32), @__currentMonth_1='?' (DbType = Int32)], CommandType='"Text"', CommandTimeout='30']
SELECT [s].[Id], [s].[ProductId], [s].[ProductName], [s].[Quantity], [s].[SaleId], [s].[TotalPrice], [s].[UnitPrice], [s0].[Id], [s0].[AfterTaxAmount], [s0].[CreatedAt], [s0].[DiscountedAmount], [s0].[InvoiceDate], [s0].[InvoiceNo], [s0].[PrincipalAmount], [s0].[Template], [s0].[TotalAmount]
FROM [SaleItems] AS [s]
INNER JOIN [Sales] AS [s0] ON [s].[SaleId] = [s0].[Id]
WHERE DATEPART(year, [s0].[InvoiceDate]) = @__currentYear_0 AND DATEPART(month, [s0].[InvoiceDate]) = @__currentMonth_1
2025-09-19 22:45:30.746 +05:30 [INF] Executed DbCommand (13ms) [Parameters=[@__productIds_0='?' (Size = 4000)], CommandType='"Text"', CommandTimeout='30']
SELECT [p].[ProductId], [p].[CategoryId], [p].[CostPrice], [p].[Description], [p].[Name], [p].[ProductCode], [p].[ProductKey], [p].[SellPrice], [p].[SupplierId]
FROM [Products] AS [p]
WHERE [p].[ProductId] IN (
    SELECT [p0].[value]
    FROM OPENJSON(@__productIds_0) WITH ([value] int '$') AS [p0]
)
2025-09-19 22:45:30.747 +05:30 [INF] Executing OkObjectResult, writing value of type 'AuthNet.Models.DTO.MonthlyProfitDto'.
2025-09-19 22:45:30.748 +05:30 [INF] Executed action AuthNet.Controllers.SalesController.GetCurrentMonthProfit (AuthNet) in 71.2749ms
2025-09-19 22:45:30.749 +05:30 [INF] Executed endpoint 'AuthNet.Controllers.SalesController.GetCurrentMonthProfit (AuthNet)'
2025-09-19 22:45:30.749 +05:30 [INF] Request finished HTTP/1.1 GET https://localhost:7165/api/Sales/CurrentMonthProfit - 200 null application/json; charset=utf-8 77.4715ms
2025-09-19 22:45:30.807 +05:30 [INF] Request starting HTTP/1.1 GET https://localhost:7165/api/Sales/CurrentYearProfit - null null
2025-09-19 22:45:30.813 +05:30 [INF] Executing endpoint 'AuthNet.Controllers.SalesController.GetCurrentYearProfit (AuthNet)'
2025-09-19 22:45:30.821 +05:30 [INF] Route matched with {action = "GetCurrentYearProfit", controller = "Sales"}. Executing controller action with signature System.Threading.Tasks.Task`1[Microsoft.AspNetCore.Mvc.IActionResult] GetCurrentYearProfit() on controller AuthNet.Controllers.SalesController (AuthNet).
2025-09-19 22:45:30.891 +05:30 [INF] Request starting HTTP/2 GET https://localhost:7165/swagger/index.html - null null
2025-09-19 22:45:30.908 +05:30 [INF] Request finished HTTP/2 GET https://localhost:7165/swagger/index.html - 200 null text/html;charset=utf-8 16.6278ms
2025-09-19 22:45:30.976 +05:30 [INF] Request starting HTTP/2 GET https://localhost:7165/_vs/browserLink - null null
2025-09-19 22:45:30.992 +05:30 [INF] Request starting HTTP/2 GET https://localhost:7165/_framework/aspnetcore-browser-refresh.js - null null
2025-09-19 22:45:30.995 +05:30 [INF] Request finished HTTP/2 GET https://localhost:7165/_framework/aspnetcore-browser-refresh.js - 200 16499 application/javascript; charset=utf-8 2.9707ms
2025-09-19 22:45:31.006 +05:30 [INF] Executed DbCommand (183ms) [Parameters=[@__currentYear_0='?' (DbType = Int32)], CommandType='"Text"', CommandTimeout='30']
SELECT [s].[Id], [s].[ProductId], [s].[ProductName], [s].[Quantity], [s].[SaleId], [s].[TotalPrice], [s].[UnitPrice], [s0].[Id], [s0].[AfterTaxAmount], [s0].[CreatedAt], [s0].[DiscountedAmount], [s0].[InvoiceDate], [s0].[InvoiceNo], [s0].[PrincipalAmount], [s0].[Template], [s0].[TotalAmount]
FROM [SaleItems] AS [s]
INNER JOIN [Sales] AS [s0] ON [s].[SaleId] = [s0].[Id]
WHERE DATEPART(year, [s0].[InvoiceDate]) = @__currentYear_0
2025-09-19 22:45:31.131 +05:30 [INF] Executed DbCommand (124ms) [Parameters=[@__productIds_0='?' (Size = 4000)], CommandType='"Text"', CommandTimeout='30']
SELECT [p].[ProductId], [p].[CategoryId], [p].[CostPrice], [p].[Description], [p].[Name], [p].[ProductCode], [p].[ProductKey], [p].[SellPrice], [p].[SupplierId]
FROM [Products] AS [p]
WHERE [p].[ProductId] IN (
    SELECT [p0].[value]
    FROM OPENJSON(@__productIds_0) WITH ([value] int '$') AS [p0]
)
2025-09-19 22:45:31.131 +05:30 [INF] Executing OkObjectResult, writing value of type 'AuthNet.Models.DTO.YearlyProfitDto'.
2025-09-19 22:45:31.141 +05:30 [INF] Executed action AuthNet.Controllers.SalesController.GetCurrentYearProfit (AuthNet) in 320.0378ms
2025-09-19 22:45:31.142 +05:30 [INF] Executed endpoint 'AuthNet.Controllers.SalesController.GetCurrentYearProfit (AuthNet)'
2025-09-19 22:45:31.142 +05:30 [INF] Request finished HTTP/1.1 GET https://localhost:7165/api/Sales/CurrentYearProfit - 200 null application/json; charset=utf-8 335.4901ms
2025-09-19 22:45:31.148 +05:30 [INF] Request finished HTTP/2 GET https://localhost:7165/_vs/browserLink - 200 null text/javascript; charset=UTF-8 171.7554ms
2025-09-19 22:45:31.165 +05:30 [INF] Request starting HTTP/1.1 GET https://localhost:7165/api/Tasks - null null
2025-09-19 22:45:31.165 +05:30 [INF] Executing endpoint 'AuthNet.Controllers.TasksController.GetTasks (AuthNet)'
2025-09-19 22:45:31.169 +05:30 [INF] Route matched with {action = "GetTasks", controller = "Tasks"}. Executing controller action with signature Microsoft.AspNetCore.Mvc.IActionResult GetTasks() on controller AuthNet.Controllers.TasksController (AuthNet).
2025-09-19 22:45:31.183 +05:30 [INF] Executed DbCommand (12ms) [Parameters=[], CommandType='"Text"', CommandTimeout='30']
SELECT [t].[Id], [t].[Title], [t].[DueDate]
FROM [Tasks] AS [t]
2025-09-19 22:45:31.183 +05:30 [INF] Executing OkObjectResult, writing value of type 'System.Collections.Generic.List`1[[AuthNet.Models.DTO.TaskItemDto, AuthNet, Version=1.0.0.0, Culture=neutral, PublicKeyToken=null]]'.
2025-09-19 22:45:31.185 +05:30 [INF] Executed action AuthNet.Controllers.TasksController.GetTasks (AuthNet) in 15.9877ms
2025-09-19 22:45:31.186 +05:30 [INF] Executed endpoint 'AuthNet.Controllers.TasksController.GetTasks (AuthNet)'
2025-09-19 22:45:31.186 +05:30 [INF] Request finished HTTP/1.1 GET https://localhost:7165/api/Tasks - 200 null application/json; charset=utf-8 20.795ms
2025-09-19 22:45:31.255 +05:30 [INF] Request starting HTTP/1.1 GET https://localhost:7165/api/Settings/Get - null null
2025-09-19 22:45:31.256 +05:30 [INF] Executing endpoint 'AuthNet.Controllers.SettingsController.GetCompanyInfo (AuthNet)'
2025-09-19 22:45:31.260 +05:30 [INF] Route matched with {action = "GetCompanyInfo", controller = "Settings"}. Executing controller action with signature System.Threading.Tasks.Task`1[Microsoft.AspNetCore.Mvc.IActionResult] GetCompanyInfo() on controller AuthNet.Controllers.SettingsController (AuthNet).
2025-09-19 22:45:31.316 +05:30 [INF] Executed DbCommand (54ms) [Parameters=[], CommandType='"Text"', CommandTimeout='30']
SELECT TOP(1) [c].[Id], [c].[Address], [c].[ContactNumber], [c].[Email], [c].[GSTIN], [c].[LogoFileExtension], [c].[LogoFilePath], [c].[LogoFileSizeInBytes], [c].[LogoName], [c].[Name], [c].[SignFileExtension], [c].[SignFilePath], [c].[SignFileSizeInBytes], [c].[SignName]
FROM [CompanyInfos] AS [c]
2025-09-19 22:45:31.317 +05:30 [INF] Executing OkObjectResult, writing value of type 'AuthNet.Models.DTO.CompanyInfoResponseDto'.
2025-09-19 22:45:31.320 +05:30 [INF] Executed action AuthNet.Controllers.SettingsController.GetCompanyInfo (AuthNet) in 59.3187ms
2025-09-19 22:45:31.320 +05:30 [INF] Executed endpoint 'AuthNet.Controllers.SettingsController.GetCompanyInfo (AuthNet)'
2025-09-19 22:45:31.320 +05:30 [INF] Request finished HTTP/1.1 GET https://localhost:7165/api/Settings/Get - 200 null application/json; charset=utf-8 65.0714ms
2025-09-19 22:45:31.838 +05:30 [INF] Request starting HTTP/2 GET https://localhost:7165/api/Sales/WeeklyProfit - null null
2025-09-19 22:45:31.839 +05:30 [INF] CORS policy execution successful.
2025-09-19 22:45:31.839 +05:30 [INF] Request starting HTTP/2 GET https://localhost:7165/api/Products/CategoryWiseProductCount - null null
2025-09-19 22:45:31.839 +05:30 [INF] Executing endpoint 'AuthNet.Controllers.SalesController.GetWeeklyProfit (AuthNet)'
2025-09-19 22:45:31.839 +05:30 [INF] CORS policy execution successful.
2025-09-19 22:45:31.839 +05:30 [INF] Executing endpoint 'AuthNet.Controllers.ProductsController.GetCategoryWiseProductCount (AuthNet)'
2025-09-19 22:45:31.843 +05:30 [INF] Route matched with {action = "GetCategoryWiseProductCount", controller = "Products"}. Executing controller action with signature System.Threading.Tasks.Task`1[Microsoft.AspNetCore.Mvc.IActionResult] GetCategoryWiseProductCount() on controller AuthNet.Controllers.ProductsController (AuthNet).
2025-09-19 22:45:31.843 +05:30 [INF] Route matched with {action = "GetWeeklyProfit", controller = "Sales"}. Executing controller action with signature System.Threading.Tasks.Task`1[Microsoft.AspNetCore.Mvc.IActionResult] GetWeeklyProfit() on controller AuthNet.Controllers.SalesController (AuthNet).
2025-09-19 22:45:31.877 +05:30 [INF] Executed DbCommand (32ms) [Parameters=[@__startDate_0='?' (DbType = DateTime2), @__endDate_1='?' (DbType = DateTime2)], CommandType='"Text"', CommandTimeout='30']
SELECT [s].[Id], [s].[ProductId], [s].[ProductName], [s].[Quantity], [s].[SaleId], [s].[TotalPrice], [s].[UnitPrice], [s0].[Id], [s0].[AfterTaxAmount], [s0].[CreatedAt], [s0].[DiscountedAmount], [s0].[InvoiceDate], [s0].[InvoiceNo], [s0].[PrincipalAmount], [s0].[Template], [s0].[TotalAmount]
FROM [SaleItems] AS [s]
INNER JOIN [Sales] AS [s0] ON [s].[SaleId] = [s0].[Id]
WHERE CONVERT(date, [s0].[InvoiceDate]) >= @__startDate_0 AND CONVERT(date, [s0].[InvoiceDate]) <= @__endDate_1
2025-09-19 22:45:31.889 +05:30 [INF] Executed DbCommand (12ms) [Parameters=[@__productIds_0='?' (Size = 4000)], CommandType='"Text"', CommandTimeout='30']
SELECT [p].[ProductId], [p].[CategoryId], [p].[CostPrice], [p].[Description], [p].[Name], [p].[ProductCode], [p].[ProductKey], [p].[SellPrice], [p].[SupplierId]
FROM [Products] AS [p]
WHERE [p].[ProductId] IN (
    SELECT [p0].[value]
    FROM OPENJSON(@__productIds_0) WITH ([value] int '$') AS [p0]
)
2025-09-19 22:45:31.890 +05:30 [INF] Executing OkObjectResult, writing value of type 'System.Collections.Generic.List`1[[AuthNet.Models.DTO.DailyProfitDto, AuthNet, Version=1.0.0.0, Culture=neutral, PublicKeyToken=null]]'.
2025-09-19 22:45:31.890 +05:30 [INF] Executed action AuthNet.Controllers.SalesController.GetWeeklyProfit (AuthNet) in 47.0664ms
2025-09-19 22:45:31.890 +05:30 [INF] Executed endpoint 'AuthNet.Controllers.SalesController.GetWeeklyProfit (AuthNet)'
2025-09-19 22:45:31.891 +05:30 [INF] Request finished HTTP/2 GET https://localhost:7165/api/Sales/WeeklyProfit - 200 null application/json; charset=utf-8 52.3263ms
2025-09-19 22:45:31.902 +05:30 [INF] Executed DbCommand (58ms) [Parameters=[], CommandType='"Text"', CommandTimeout='30']
SELECT [c].[Name] AS [CategoryName], COUNT(*) AS [ProductCount]
FROM [Products] AS [p]
LEFT JOIN [Categories] AS [c] ON [p].[CategoryId] = [c].[CategoryId]
WHERE [c].[CategoryId] IS NOT NULL
GROUP BY [c].[Name]
2025-09-19 22:45:31.903 +05:30 [INF] Executing OkObjectResult, writing value of type 'System.Collections.Generic.List`1[[AuthNet.Models.DTO.CategoryProductCountDto, AuthNet, Version=1.0.0.0, Culture=neutral, PublicKeyToken=null]]'.
2025-09-19 22:45:31.904 +05:30 [INF] Executed action AuthNet.Controllers.ProductsController.GetCategoryWiseProductCount (AuthNet) in 60.6349ms
2025-09-19 22:45:31.904 +05:30 [INF] Executed endpoint 'AuthNet.Controllers.ProductsController.GetCategoryWiseProductCount (AuthNet)'
2025-09-19 22:45:31.904 +05:30 [INF] Request finished HTTP/2 GET https://localhost:7165/api/Products/CategoryWiseProductCount - 200 null application/json; charset=utf-8 65.5736ms
2025-09-19 22:45:31.996 +05:30 [INF] Request starting HTTP/2 GET https://localhost:7165/swagger/v1/swagger.json - null null
2025-09-19 22:45:32.062 +05:30 [INF] Request finished HTTP/2 GET https://localhost:7165/swagger/v1/swagger.json - 200 null application/json;charset=utf-8 66.74ms
2025-09-19 22:45:42.974 +05:30 [INF] Request starting HTTP/1.1 GET https://localhost:7165/api/Sales/DailyProfit - null null
2025-09-19 22:45:42.974 +05:30 [INF] Executing endpoint 'AuthNet.Controllers.SalesController.GetDailyProfit (AuthNet)'
2025-09-19 22:45:42.989 +05:30 [INF] Route matched with {action = "GetDailyProfit", controller = "Sales"}. Executing controller action with signature System.Threading.Tasks.Task`1[Microsoft.AspNetCore.Mvc.IActionResult] GetDailyProfit() on controller AuthNet.Controllers.SalesController (AuthNet).
2025-09-19 22:45:43.024 +05:30 [INF] Executed DbCommand (34ms) [Parameters=[@__date_Date_0='?' (DbType = DateTime2)], CommandType='"Text"', CommandTimeout='30']
SELECT [s].[Id], [s].[ProductId], [s].[ProductName], [s].[Quantity], [s].[SaleId], [s].[TotalPrice], [s].[UnitPrice], [s0].[Id], [s0].[AfterTaxAmount], [s0].[CreatedAt], [s0].[DiscountedAmount], [s0].[InvoiceDate], [s0].[InvoiceNo], [s0].[PrincipalAmount], [s0].[Template], [s0].[TotalAmount]
FROM [SaleItems] AS [s]
INNER JOIN [Sales] AS [s0] ON [s].[SaleId] = [s0].[Id]
WHERE CONVERT(date, [s0].[InvoiceDate]) = @__date_Date_0
2025-09-19 22:45:43.032 +05:30 [INF] Request starting HTTP/2 GET https://localhost:7165/swagger/index.html - null null
2025-09-19 22:45:43.046 +05:30 [INF] Request finished HTTP/2 GET https://localhost:7165/swagger/index.html - 200 null text/html;charset=utf-8 13.5289ms
2025-09-19 22:45:43.047 +05:30 [INF] Executed DbCommand (21ms) [Parameters=[@__productIds_0='?' (Size = 4000)], CommandType='"Text"', CommandTimeout='30']
SELECT [p].[ProductId], [p].[CategoryId], [p].[CostPrice], [p].[Description], [p].[Name], [p].[ProductCode], [p].[ProductKey], [p].[SellPrice], [p].[SupplierId]
FROM [Products] AS [p]
WHERE [p].[ProductId] IN (
    SELECT [p0].[value]
    FROM OPENJSON(@__productIds_0) WITH ([value] int '$') AS [p0]
)
2025-09-19 22:45:43.047 +05:30 [INF] Executing OkObjectResult, writing value of type 'AuthNet.Models.DTO.DailyProfitDto'.
2025-09-19 22:45:43.048 +05:30 [INF] Executed action AuthNet.Controllers.SalesController.GetDailyProfit (AuthNet) in 59.4476ms
2025-09-19 22:45:43.050 +05:30 [INF] Executed endpoint 'AuthNet.Controllers.SalesController.GetDailyProfit (AuthNet)'
2025-09-19 22:45:43.053 +05:30 [INF] Request finished HTTP/1.1 GET https://localhost:7165/api/Sales/DailyProfit - 200 null application/json; charset=utf-8 78.6388ms
2025-09-19 22:45:43.146 +05:30 [INF] Request starting HTTP/2 GET https://localhost:7165/_framework/aspnetcore-browser-refresh.js - null null
2025-09-19 22:45:43.153 +05:30 [INF] Request starting HTTP/2 GET https://localhost:7165/_vs/browserLink - null null
2025-09-19 22:45:43.160 +05:30 [INF] Request finished HTTP/2 GET https://localhost:7165/_framework/aspnetcore-browser-refresh.js - 200 16499 application/javascript; charset=utf-8 13.4177ms
2025-09-19 22:45:43.189 +05:30 [INF] Request finished HTTP/2 GET https://localhost:7165/_vs/browserLink - 200 null text/javascript; charset=UTF-8 36.2369ms
2025-09-19 22:45:43.193 +05:30 [INF] Request starting HTTP/1.1 GET https://localhost:7165/api/Sales/CurrentMonthProfit - null null
2025-09-19 22:45:43.196 +05:30 [INF] Executing endpoint 'AuthNet.Controllers.SalesController.GetCurrentMonthProfit (AuthNet)'
2025-09-19 22:45:43.203 +05:30 [INF] Route matched with {action = "GetCurrentMonthProfit", controller = "Sales"}. Executing controller action with signature System.Threading.Tasks.Task`1[Microsoft.AspNetCore.Mvc.IActionResult] GetCurrentMonthProfit() on controller AuthNet.Controllers.SalesController (AuthNet).
2025-09-19 22:45:43.214 +05:30 [INF] Executed DbCommand (10ms) [Parameters=[@__currentYear_0='?' (DbType = Int32), @__currentMonth_1='?' (DbType = Int32)], CommandType='"Text"', CommandTimeout='30']
SELECT [s].[Id], [s].[ProductId], [s].[ProductName], [s].[Quantity], [s].[SaleId], [s].[TotalPrice], [s].[UnitPrice], [s0].[Id], [s0].[AfterTaxAmount], [s0].[CreatedAt], [s0].[DiscountedAmount], [s0].[InvoiceDate], [s0].[InvoiceNo], [s0].[PrincipalAmount], [s0].[Template], [s0].[TotalAmount]
FROM [SaleItems] AS [s]
INNER JOIN [Sales] AS [s0] ON [s].[SaleId] = [s0].[Id]
WHERE DATEPART(year, [s0].[InvoiceDate]) = @__currentYear_0 AND DATEPART(month, [s0].[InvoiceDate]) = @__currentMonth_1
2025-09-19 22:45:43.228 +05:30 [INF] Executed DbCommand (13ms) [Parameters=[@__productIds_0='?' (Size = 4000)], CommandType='"Text"', CommandTimeout='30']
SELECT [p].[ProductId], [p].[CategoryId], [p].[CostPrice], [p].[Description], [p].[Name], [p].[ProductCode], [p].[ProductKey], [p].[SellPrice], [p].[SupplierId]
FROM [Products] AS [p]
WHERE [p].[ProductId] IN (
    SELECT [p0].[value]
    FROM OPENJSON(@__productIds_0) WITH ([value] int '$') AS [p0]
)
2025-09-19 22:45:43.228 +05:30 [INF] Executing OkObjectResult, writing value of type 'AuthNet.Models.DTO.MonthlyProfitDto'.
2025-09-19 22:45:43.230 +05:30 [INF] Executed action AuthNet.Controllers.SalesController.GetCurrentMonthProfit (AuthNet) in 26.9969ms
2025-09-19 22:45:43.230 +05:30 [INF] Executed endpoint 'AuthNet.Controllers.SalesController.GetCurrentMonthProfit (AuthNet)'
2025-09-19 22:45:43.231 +05:30 [INF] Request finished HTTP/1.1 GET https://localhost:7165/api/Sales/CurrentMonthProfit - 200 null application/json; charset=utf-8 37.7784ms
2025-09-19 22:45:43.275 +05:30 [INF] Request starting HTTP/1.1 GET https://localhost:7165/api/Sales/CurrentYearProfit - null null
2025-09-19 22:45:43.281 +05:30 [INF] Executing endpoint 'AuthNet.Controllers.SalesController.GetCurrentYearProfit (AuthNet)'
2025-09-19 22:45:43.287 +05:30 [INF] Route matched with {action = "GetCurrentYearProfit", controller = "Sales"}. Executing controller action with signature System.Threading.Tasks.Task`1[Microsoft.AspNetCore.Mvc.IActionResult] GetCurrentYearProfit() on controller AuthNet.Controllers.SalesController (AuthNet).
2025-09-19 22:45:43.303 +05:30 [INF] Executed DbCommand (14ms) [Parameters=[@__currentYear_0='?' (DbType = Int32)], CommandType='"Text"', CommandTimeout='30']
SELECT [s].[Id], [s].[ProductId], [s].[ProductName], [s].[Quantity], [s].[SaleId], [s].[TotalPrice], [s].[UnitPrice], [s0].[Id], [s0].[AfterTaxAmount], [s0].[CreatedAt], [s0].[DiscountedAmount], [s0].[InvoiceDate], [s0].[InvoiceNo], [s0].[PrincipalAmount], [s0].[Template], [s0].[TotalAmount]
FROM [SaleItems] AS [s]
INNER JOIN [Sales] AS [s0] ON [s].[SaleId] = [s0].[Id]
WHERE DATEPART(year, [s0].[InvoiceDate]) = @__currentYear_0
2025-09-19 22:45:43.316 +05:30 [INF] Executed DbCommand (12ms) [Parameters=[@__productIds_0='?' (Size = 4000)], CommandType='"Text"', CommandTimeout='30']
SELECT [p].[ProductId], [p].[CategoryId], [p].[CostPrice], [p].[Description], [p].[Name], [p].[ProductCode], [p].[ProductKey], [p].[SellPrice], [p].[SupplierId]
FROM [Products] AS [p]
WHERE [p].[ProductId] IN (
    SELECT [p0].[value]
    FROM OPENJSON(@__productIds_0) WITH ([value] int '$') AS [p0]
)
2025-09-19 22:45:43.316 +05:30 [INF] Executing OkObjectResult, writing value of type 'AuthNet.Models.DTO.YearlyProfitDto'.
2025-09-19 22:45:43.318 +05:30 [INF] Executed action AuthNet.Controllers.SalesController.GetCurrentYearProfit (AuthNet) in 30.4483ms
2025-09-19 22:45:43.318 +05:30 [INF] Executed endpoint 'AuthNet.Controllers.SalesController.GetCurrentYearProfit (AuthNet)'
2025-09-19 22:45:43.319 +05:30 [INF] Request finished HTTP/1.1 GET https://localhost:7165/api/Sales/CurrentYearProfit - 200 null application/json; charset=utf-8 43.49ms
2025-09-19 22:45:43.444 +05:30 [INF] Request starting HTTP/1.1 GET https://localhost:7165/api/Tasks - null null
2025-09-19 22:45:43.444 +05:30 [INF] Executing endpoint 'AuthNet.Controllers.TasksController.GetTasks (AuthNet)'
2025-09-19 22:45:43.445 +05:30 [INF] Route matched with {action = "GetTasks", controller = "Tasks"}. Executing controller action with signature Microsoft.AspNetCore.Mvc.IActionResult GetTasks() on controller AuthNet.Controllers.TasksController (AuthNet).
2025-09-19 22:45:43.468 +05:30 [INF] Executed DbCommand (22ms) [Parameters=[], CommandType='"Text"', CommandTimeout='30']
SELECT [t].[Id], [t].[Title], [t].[DueDate]
FROM [Tasks] AS [t]
2025-09-19 22:45:43.469 +05:30 [INF] Executing OkObjectResult, writing value of type 'System.Collections.Generic.List`1[[AuthNet.Models.DTO.TaskItemDto, AuthNet, Version=1.0.0.0, Culture=neutral, PublicKeyToken=null]]'.
2025-09-19 22:45:43.471 +05:30 [INF] Executed action AuthNet.Controllers.TasksController.GetTasks (AuthNet) in 25.3491ms
2025-09-19 22:45:43.471 +05:30 [INF] Executed endpoint 'AuthNet.Controllers.TasksController.GetTasks (AuthNet)'
2025-09-19 22:45:43.471 +05:30 [INF] Request finished HTTP/1.1 GET https://localhost:7165/api/Tasks - 200 null application/json; charset=utf-8 27.44ms
2025-09-19 22:45:43.536 +05:30 [INF] Request starting HTTP/1.1 GET https://localhost:7165/api/Settings/Get - null null
2025-09-19 22:45:43.552 +05:30 [INF] Executing endpoint 'AuthNet.Controllers.SettingsController.GetCompanyInfo (AuthNet)'
2025-09-19 22:45:43.557 +05:30 [INF] Route matched with {action = "GetCompanyInfo", controller = "Settings"}. Executing controller action with signature System.Threading.Tasks.Task`1[Microsoft.AspNetCore.Mvc.IActionResult] GetCompanyInfo() on controller AuthNet.Controllers.SettingsController (AuthNet).
2025-09-19 22:45:43.688 +05:30 [INF] Executed DbCommand (130ms) [Parameters=[], CommandType='"Text"', CommandTimeout='30']
SELECT TOP(1) [c].[Id], [c].[Address], [c].[ContactNumber], [c].[Email], [c].[GSTIN], [c].[LogoFileExtension], [c].[LogoFilePath], [c].[LogoFileSizeInBytes], [c].[LogoName], [c].[Name], [c].[SignFileExtension], [c].[SignFilePath], [c].[SignFileSizeInBytes], [c].[SignName]
FROM [CompanyInfos] AS [c]
2025-09-19 22:45:43.688 +05:30 [INF] Executing OkObjectResult, writing value of type 'AuthNet.Models.DTO.CompanyInfoResponseDto'.
2025-09-19 22:45:43.690 +05:30 [INF] Executed action AuthNet.Controllers.SettingsController.GetCompanyInfo (AuthNet) in 133.5351ms
2025-09-19 22:45:43.690 +05:30 [INF] Executed endpoint 'AuthNet.Controllers.SettingsController.GetCompanyInfo (AuthNet)'
2025-09-19 22:45:43.691 +05:30 [INF] Request finished HTTP/1.1 GET https://localhost:7165/api/Settings/Get - 200 null application/json; charset=utf-8 154.707ms
2025-09-19 22:45:44.175 +05:30 [INF] Request starting HTTP/2 GET https://localhost:7165/api/Sales/WeeklyProfit - null null
2025-09-19 22:45:44.176 +05:30 [INF] CORS policy execution successful.
2025-09-19 22:45:44.176 +05:30 [INF] Executing endpoint 'AuthNet.Controllers.SalesController.GetWeeklyProfit (AuthNet)'
2025-09-19 22:45:44.176 +05:30 [INF] Request starting HTTP/2 GET https://localhost:7165/api/Products/CategoryWiseProductCount - null null
2025-09-19 22:45:44.177 +05:30 [INF] CORS policy execution successful.
2025-09-19 22:45:44.177 +05:30 [INF] Executing endpoint 'AuthNet.Controllers.ProductsController.GetCategoryWiseProductCount (AuthNet)'
2025-09-19 22:45:44.180 +05:30 [INF] Route matched with {action = "GetWeeklyProfit", controller = "Sales"}. Executing controller action with signature System.Threading.Tasks.Task`1[Microsoft.AspNetCore.Mvc.IActionResult] GetWeeklyProfit() on controller AuthNet.Controllers.SalesController (AuthNet).
2025-09-19 22:45:44.188 +05:30 [INF] Route matched with {action = "GetCategoryWiseProductCount", controller = "Products"}. Executing controller action with signature System.Threading.Tasks.Task`1[Microsoft.AspNetCore.Mvc.IActionResult] GetCategoryWiseProductCount() on controller AuthNet.Controllers.ProductsController (AuthNet).
2025-09-19 22:45:44.214 +05:30 [INF] Executed DbCommand (32ms) [Parameters=[@__startDate_0='?' (DbType = DateTime2), @__endDate_1='?' (DbType = DateTime2)], CommandType='"Text"', CommandTimeout='30']
SELECT [s].[Id], [s].[ProductId], [s].[ProductName], [s].[Quantity], [s].[SaleId], [s].[TotalPrice], [s].[UnitPrice], [s0].[Id], [s0].[AfterTaxAmount], [s0].[CreatedAt], [s0].[DiscountedAmount], [s0].[InvoiceDate], [s0].[InvoiceNo], [s0].[PrincipalAmount], [s0].[Template], [s0].[TotalAmount]
FROM [SaleItems] AS [s]
INNER JOIN [Sales] AS [s0] ON [s].[SaleId] = [s0].[Id]
WHERE CONVERT(date, [s0].[InvoiceDate]) >= @__startDate_0 AND CONVERT(date, [s0].[InvoiceDate]) <= @__endDate_1
2025-09-19 22:45:44.238 +05:30 [INF] Executed DbCommand (24ms) [Parameters=[@__productIds_0='?' (Size = 4000)], CommandType='"Text"', CommandTimeout='30']
SELECT [p].[ProductId], [p].[CategoryId], [p].[CostPrice], [p].[Description], [p].[Name], [p].[ProductCode], [p].[ProductKey], [p].[SellPrice], [p].[SupplierId]
FROM [Products] AS [p]
WHERE [p].[ProductId] IN (
    SELECT [p0].[value]
    FROM OPENJSON(@__productIds_0) WITH ([value] int '$') AS [p0]
)
2025-09-19 22:45:44.238 +05:30 [INF] Executing OkObjectResult, writing value of type 'System.Collections.Generic.List`1[[AuthNet.Models.DTO.DailyProfitDto, AuthNet, Version=1.0.0.0, Culture=neutral, PublicKeyToken=null]]'.
2025-09-19 22:45:44.239 +05:30 [INF] Executed action AuthNet.Controllers.SalesController.GetWeeklyProfit (AuthNet) in 58.6723ms
2025-09-19 22:45:44.239 +05:30 [INF] Executed endpoint 'AuthNet.Controllers.SalesController.GetWeeklyProfit (AuthNet)'
2025-09-19 22:45:44.239 +05:30 [INF] Request finished HTTP/2 GET https://localhost:7165/api/Sales/WeeklyProfit - 200 null application/json; charset=utf-8 64.1301ms
2025-09-19 22:45:44.254 +05:30 [INF] Executed DbCommand (58ms) [Parameters=[], CommandType='"Text"', CommandTimeout='30']
SELECT [c].[Name] AS [CategoryName], COUNT(*) AS [ProductCount]
FROM [Products] AS [p]
LEFT JOIN [Categories] AS [c] ON [p].[CategoryId] = [c].[CategoryId]
WHERE [c].[CategoryId] IS NOT NULL
GROUP BY [c].[Name]
2025-09-19 22:45:44.254 +05:30 [INF] Executing OkObjectResult, writing value of type 'System.Collections.Generic.List`1[[AuthNet.Models.DTO.CategoryProductCountDto, AuthNet, Version=1.0.0.0, Culture=neutral, PublicKeyToken=null]]'.
2025-09-19 22:45:44.255 +05:30 [INF] Executed action AuthNet.Controllers.ProductsController.GetCategoryWiseProductCount (AuthNet) in 63.065ms
2025-09-19 22:45:44.256 +05:30 [INF] Executed endpoint 'AuthNet.Controllers.ProductsController.GetCategoryWiseProductCount (AuthNet)'
2025-09-19 22:45:44.256 +05:30 [INF] Request finished HTTP/2 GET https://localhost:7165/api/Products/CategoryWiseProductCount - 200 null application/json; charset=utf-8 79.8238ms
2025-09-19 22:45:44.745 +05:30 [INF] Request starting HTTP/2 GET https://localhost:7165/swagger/v1/swagger.json - null null
2025-09-19 22:45:44.835 +05:30 [INF] Request finished HTTP/2 GET https://localhost:7165/swagger/v1/swagger.json - 200 null application/json;charset=utf-8 89.7316ms
2025-09-19 22:46:32.740 +05:30 [INF] Request starting HTTP/1.1 GET https://localhost:7165/api/Sales/DailyProfit - null null
2025-09-19 22:46:32.741 +05:30 [INF] Executing endpoint 'AuthNet.Controllers.SalesController.GetDailyProfit (AuthNet)'
2025-09-19 22:46:32.747 +05:30 [INF] Route matched with {action = "GetDailyProfit", controller = "Sales"}. Executing controller action with signature System.Threading.Tasks.Task`1[Microsoft.AspNetCore.Mvc.IActionResult] GetDailyProfit() on controller AuthNet.Controllers.SalesController (AuthNet).
2025-09-19 22:46:32.758 +05:30 [INF] Executed DbCommand (9ms) [Parameters=[@__date_Date_0='?' (DbType = DateTime2)], CommandType='"Text"', CommandTimeout='30']
SELECT [s].[Id], [s].[ProductId], [s].[ProductName], [s].[Quantity], [s].[SaleId], [s].[TotalPrice], [s].[UnitPrice], [s0].[Id], [s0].[AfterTaxAmount], [s0].[CreatedAt], [s0].[DiscountedAmount], [s0].[InvoiceDate], [s0].[InvoiceNo], [s0].[PrincipalAmount], [s0].[Template], [s0].[TotalAmount]
FROM [SaleItems] AS [s]
INNER JOIN [Sales] AS [s0] ON [s].[SaleId] = [s0].[Id]
WHERE CONVERT(date, [s0].[InvoiceDate]) = @__date_Date_0
2025-09-19 22:46:32.789 +05:30 [INF] Executed DbCommand (30ms) [Parameters=[@__productIds_0='?' (Size = 4000)], CommandType='"Text"', CommandTimeout='30']
SELECT [p].[ProductId], [p].[CategoryId], [p].[CostPrice], [p].[Description], [p].[Name], [p].[ProductCode], [p].[ProductKey], [p].[SellPrice], [p].[SupplierId]
FROM [Products] AS [p]
WHERE [p].[ProductId] IN (
    SELECT [p0].[value]
    FROM OPENJSON(@__productIds_0) WITH ([value] int '$') AS [p0]
)
2025-09-19 22:46:32.789 +05:30 [INF] Executing OkObjectResult, writing value of type 'AuthNet.Models.DTO.DailyProfitDto'.
2025-09-19 22:46:32.791 +05:30 [INF] Executed action AuthNet.Controllers.SalesController.GetDailyProfit (AuthNet) in 43.18ms
2025-09-19 22:46:32.791 +05:30 [INF] Executed endpoint 'AuthNet.Controllers.SalesController.GetDailyProfit (AuthNet)'
2025-09-19 22:46:32.791 +05:30 [INF] Request finished HTTP/1.1 GET https://localhost:7165/api/Sales/DailyProfit - 200 null application/json; charset=utf-8 50.5712ms
2025-09-19 22:46:32.858 +05:30 [INF] Request starting HTTP/2 GET https://localhost:7165/swagger/index.html - null null
2025-09-19 22:46:32.859 +05:30 [INF] Request starting HTTP/1.1 GET https://localhost:7165/api/Sales/CurrentMonthProfit - null null
2025-09-19 22:46:32.860 +05:30 [INF] Executing endpoint 'AuthNet.Controllers.SalesController.GetCurrentMonthProfit (AuthNet)'
2025-09-19 22:46:32.870 +05:30 [INF] Request finished HTTP/2 GET https://localhost:7165/swagger/index.html - 200 null text/html;charset=utf-8 12.7333ms
2025-09-19 22:46:32.874 +05:30 [INF] Route matched with {action = "GetCurrentMonthProfit", controller = "Sales"}. Executing controller action with signature System.Threading.Tasks.Task`1[Microsoft.AspNetCore.Mvc.IActionResult] GetCurrentMonthProfit() on controller AuthNet.Controllers.SalesController (AuthNet).
2025-09-19 22:46:32.956 +05:30 [INF] Request starting HTTP/2 GET https://localhost:7165/_framework/aspnetcore-browser-refresh.js - null null
2025-09-19 22:46:32.959 +05:30 [INF] Request starting HTTP/2 GET https://localhost:7165/_vs/browserLink - null null
2025-09-19 22:46:32.966 +05:30 [INF] Request finished HTTP/2 GET https://localhost:7165/_framework/aspnetcore-browser-refresh.js - 200 16499 application/javascript; charset=utf-8 10.1576ms
2025-09-19 22:46:32.970 +05:30 [INF] Executed DbCommand (95ms) [Parameters=[@__currentYear_0='?' (DbType = Int32), @__currentMonth_1='?' (DbType = Int32)], CommandType='"Text"', CommandTimeout='30']
SELECT [s].[Id], [s].[ProductId], [s].[ProductName], [s].[Quantity], [s].[SaleId], [s].[TotalPrice], [s].[UnitPrice], [s0].[Id], [s0].[AfterTaxAmount], [s0].[CreatedAt], [s0].[DiscountedAmount], [s0].[InvoiceDate], [s0].[InvoiceNo], [s0].[PrincipalAmount], [s0].[Template], [s0].[TotalAmount]
FROM [SaleItems] AS [s]
INNER JOIN [Sales] AS [s0] ON [s].[SaleId] = [s0].[Id]
WHERE DATEPART(year, [s0].[InvoiceDate]) = @__currentYear_0 AND DATEPART(month, [s0].[InvoiceDate]) = @__currentMonth_1
2025-09-19 22:46:32.987 +05:30 [INF] Executed DbCommand (17ms) [Parameters=[@__productIds_0='?' (Size = 4000)], CommandType='"Text"', CommandTimeout='30']
SELECT [p].[ProductId], [p].[CategoryId], [p].[CostPrice], [p].[Description], [p].[Name], [p].[ProductCode], [p].[ProductKey], [p].[SellPrice], [p].[SupplierId]
FROM [Products] AS [p]
WHERE [p].[ProductId] IN (
    SELECT [p0].[value]
    FROM OPENJSON(@__productIds_0) WITH ([value] int '$') AS [p0]
)
2025-09-19 22:46:33.012 +05:30 [INF] Executing OkObjectResult, writing value of type 'AuthNet.Models.DTO.MonthlyProfitDto'.
2025-09-19 22:46:33.017 +05:30 [INF] Request finished HTTP/2 GET https://localhost:7165/_vs/browserLink - 200 null text/javascript; charset=UTF-8 57.8908ms
2025-09-19 22:46:33.018 +05:30 [INF] Executed action AuthNet.Controllers.SalesController.GetCurrentMonthProfit (AuthNet) in 143.8967ms
2025-09-19 22:46:33.018 +05:30 [INF] Executed endpoint 'AuthNet.Controllers.SalesController.GetCurrentMonthProfit (AuthNet)'
2025-09-19 22:46:33.019 +05:30 [INF] Request finished HTTP/1.1 GET https://localhost:7165/api/Sales/CurrentMonthProfit - 200 null application/json; charset=utf-8 159.3637ms
2025-09-19 22:46:33.153 +05:30 [INF] Request starting HTTP/2 GET https://localhost:7165/swagger/v1/swagger.json - null null
2025-09-19 22:46:33.228 +05:30 [INF] Request finished HTTP/2 GET https://localhost:7165/swagger/v1/swagger.json - 200 null application/json;charset=utf-8 84.7714ms
2025-09-19 22:46:33.254 +05:30 [INF] Request starting HTTP/1.1 GET https://localhost:7165/api/Sales/CurrentYearProfit - null null
2025-09-19 22:46:33.271 +05:30 [INF] Executing endpoint 'AuthNet.Controllers.SalesController.GetCurrentYearProfit (AuthNet)'
2025-09-19 22:46:33.276 +05:30 [INF] Route matched with {action = "GetCurrentYearProfit", controller = "Sales"}. Executing controller action with signature System.Threading.Tasks.Task`1[Microsoft.AspNetCore.Mvc.IActionResult] GetCurrentYearProfit() on controller AuthNet.Controllers.SalesController (AuthNet).
2025-09-19 22:46:33.341 +05:30 [INF] Executed DbCommand (64ms) [Parameters=[@__currentYear_0='?' (DbType = Int32)], CommandType='"Text"', CommandTimeout='30']
SELECT [s].[Id], [s].[ProductId], [s].[ProductName], [s].[Quantity], [s].[SaleId], [s].[TotalPrice], [s].[UnitPrice], [s0].[Id], [s0].[AfterTaxAmount], [s0].[CreatedAt], [s0].[DiscountedAmount], [s0].[InvoiceDate], [s0].[InvoiceNo], [s0].[PrincipalAmount], [s0].[Template], [s0].[TotalAmount]
FROM [SaleItems] AS [s]
INNER JOIN [Sales] AS [s0] ON [s].[SaleId] = [s0].[Id]
WHERE DATEPART(year, [s0].[InvoiceDate]) = @__currentYear_0
2025-09-19 22:46:33.360 +05:30 [INF] Executed DbCommand (18ms) [Parameters=[@__productIds_0='?' (Size = 4000)], CommandType='"Text"', CommandTimeout='30']
SELECT [p].[ProductId], [p].[CategoryId], [p].[CostPrice], [p].[Description], [p].[Name], [p].[ProductCode], [p].[ProductKey], [p].[SellPrice], [p].[SupplierId]
FROM [Products] AS [p]
WHERE [p].[ProductId] IN (
    SELECT [p0].[value]
    FROM OPENJSON(@__productIds_0) WITH ([value] int '$') AS [p0]
)
2025-09-19 22:46:33.361 +05:30 [INF] Executing OkObjectResult, writing value of type 'AuthNet.Models.DTO.YearlyProfitDto'.
2025-09-19 22:46:33.362 +05:30 [INF] Executed action AuthNet.Controllers.SalesController.GetCurrentYearProfit (AuthNet) in 85.8963ms
2025-09-19 22:46:33.362 +05:30 [INF] Executed endpoint 'AuthNet.Controllers.SalesController.GetCurrentYearProfit (AuthNet)'
2025-09-19 22:46:33.362 +05:30 [INF] Request finished HTTP/1.1 GET https://localhost:7165/api/Sales/CurrentYearProfit - 200 null application/json; charset=utf-8 107.8944ms
2025-09-19 22:46:33.684 +05:30 [INF] Request starting HTTP/1.1 GET https://localhost:7165/api/Tasks - null null
2025-09-19 22:46:33.685 +05:30 [INF] Executing endpoint 'AuthNet.Controllers.TasksController.GetTasks (AuthNet)'
2025-09-19 22:46:33.686 +05:30 [INF] Route matched with {action = "GetTasks", controller = "Tasks"}. Executing controller action with signature Microsoft.AspNetCore.Mvc.IActionResult GetTasks() on controller AuthNet.Controllers.TasksController (AuthNet).
2025-09-19 22:46:33.690 +05:30 [INF] Executed DbCommand (3ms) [Parameters=[], CommandType='"Text"', CommandTimeout='30']
SELECT [t].[Id], [t].[Title], [t].[DueDate]
FROM [Tasks] AS [t]
2025-09-19 22:46:33.690 +05:30 [INF] Executing OkObjectResult, writing value of type 'System.Collections.Generic.List`1[[AuthNet.Models.DTO.TaskItemDto, AuthNet, Version=1.0.0.0, Culture=neutral, PublicKeyToken=null]]'.
2025-09-19 22:46:33.692 +05:30 [INF] Executed action AuthNet.Controllers.TasksController.GetTasks (AuthNet) in 5.9976ms
2025-09-19 22:46:33.692 +05:30 [INF] Executed endpoint 'AuthNet.Controllers.TasksController.GetTasks (AuthNet)'
2025-09-19 22:46:33.692 +05:30 [INF] Request finished HTTP/1.1 GET https://localhost:7165/api/Tasks - 200 null application/json; charset=utf-8 8.1085ms
2025-09-19 22:46:33.733 +05:30 [INF] Request starting HTTP/1.1 GET https://localhost:7165/api/Settings/Get - null null
2025-09-19 22:46:33.734 +05:30 [INF] Executing endpoint 'AuthNet.Controllers.SettingsController.GetCompanyInfo (AuthNet)'
2025-09-19 22:46:33.739 +05:30 [INF] Route matched with {action = "GetCompanyInfo", controller = "Settings"}. Executing controller action with signature System.Threading.Tasks.Task`1[Microsoft.AspNetCore.Mvc.IActionResult] GetCompanyInfo() on controller AuthNet.Controllers.SettingsController (AuthNet).
2025-09-19 22:46:33.751 +05:30 [INF] Executed DbCommand (12ms) [Parameters=[], CommandType='"Text"', CommandTimeout='30']
SELECT TOP(1) [c].[Id], [c].[Address], [c].[ContactNumber], [c].[Email], [c].[GSTIN], [c].[LogoFileExtension], [c].[LogoFilePath], [c].[LogoFileSizeInBytes], [c].[LogoName], [c].[Name], [c].[SignFileExtension], [c].[SignFilePath], [c].[SignFileSizeInBytes], [c].[SignName]
FROM [CompanyInfos] AS [c]
2025-09-19 22:46:33.752 +05:30 [INF] Executing OkObjectResult, writing value of type 'AuthNet.Models.DTO.CompanyInfoResponseDto'.
2025-09-19 22:46:33.754 +05:30 [INF] Executed action AuthNet.Controllers.SettingsController.GetCompanyInfo (AuthNet) in 14.9085ms
2025-09-19 22:46:33.754 +05:30 [INF] Executed endpoint 'AuthNet.Controllers.SettingsController.GetCompanyInfo (AuthNet)'
2025-09-19 22:46:33.754 +05:30 [INF] Request finished HTTP/1.1 GET https://localhost:7165/api/Settings/Get - 200 null application/json; charset=utf-8 20.959ms
2025-09-19 22:46:34.320 +05:30 [INF] Request starting HTTP/2 GET https://localhost:7165/api/Products/CategoryWiseProductCount - null null
2025-09-19 22:46:34.321 +05:30 [INF] CORS policy execution successful.
2025-09-19 22:46:34.321 +05:30 [INF] Executing endpoint 'AuthNet.Controllers.ProductsController.GetCategoryWiseProductCount (AuthNet)'
2025-09-19 22:46:34.321 +05:30 [INF] Request starting HTTP/2 GET https://localhost:7165/api/Sales/WeeklyProfit - null null
2025-09-19 22:46:34.322 +05:30 [INF] CORS policy execution successful.
2025-09-19 22:46:34.323 +05:30 [INF] Executing endpoint 'AuthNet.Controllers.SalesController.GetWeeklyProfit (AuthNet)'
2025-09-19 22:46:34.326 +05:30 [INF] Route matched with {action = "GetCategoryWiseProductCount", controller = "Products"}. Executing controller action with signature System.Threading.Tasks.Task`1[Microsoft.AspNetCore.Mvc.IActionResult] GetCategoryWiseProductCount() on controller AuthNet.Controllers.ProductsController (AuthNet).
2025-09-19 22:46:34.326 +05:30 [INF] Route matched with {action = "GetWeeklyProfit", controller = "Sales"}. Executing controller action with signature System.Threading.Tasks.Task`1[Microsoft.AspNetCore.Mvc.IActionResult] GetWeeklyProfit() on controller AuthNet.Controllers.SalesController (AuthNet).
2025-09-19 22:46:34.355 +05:30 [INF] Executed DbCommand (28ms) [Parameters=[], CommandType='"Text"', CommandTimeout='30']
SELECT [c].[Name] AS [CategoryName], COUNT(*) AS [ProductCount]
FROM [Products] AS [p]
LEFT JOIN [Categories] AS [c] ON [p].[CategoryId] = [c].[CategoryId]
WHERE [c].[CategoryId] IS NOT NULL
GROUP BY [c].[Name]
2025-09-19 22:46:34.355 +05:30 [INF] Executing OkObjectResult, writing value of type 'System.Collections.Generic.List`1[[AuthNet.Models.DTO.CategoryProductCountDto, AuthNet, Version=1.0.0.0, Culture=neutral, PublicKeyToken=null]]'.
2025-09-19 22:46:34.357 +05:30 [INF] Executed action AuthNet.Controllers.ProductsController.GetCategoryWiseProductCount (AuthNet) in 31.2192ms
2025-09-19 22:46:34.357 +05:30 [INF] Executed endpoint 'AuthNet.Controllers.ProductsController.GetCategoryWiseProductCount (AuthNet)'
2025-09-19 22:46:34.357 +05:30 [INF] Request finished HTTP/2 GET https://localhost:7165/api/Products/CategoryWiseProductCount - 200 null application/json; charset=utf-8 37.0465ms
2025-09-19 22:46:34.370 +05:30 [INF] Executed DbCommand (42ms) [Parameters=[@__startDate_0='?' (DbType = DateTime2), @__endDate_1='?' (DbType = DateTime2)], CommandType='"Text"', CommandTimeout='30']
SELECT [s].[Id], [s].[ProductId], [s].[ProductName], [s].[Quantity], [s].[SaleId], [s].[TotalPrice], [s].[UnitPrice], [s0].[Id], [s0].[AfterTaxAmount], [s0].[CreatedAt], [s0].[DiscountedAmount], [s0].[InvoiceDate], [s0].[InvoiceNo], [s0].[PrincipalAmount], [s0].[Template], [s0].[TotalAmount]
FROM [SaleItems] AS [s]
INNER JOIN [Sales] AS [s0] ON [s].[SaleId] = [s0].[Id]
WHERE CONVERT(date, [s0].[InvoiceDate]) >= @__startDate_0 AND CONVERT(date, [s0].[InvoiceDate]) <= @__endDate_1
2025-09-19 22:46:34.386 +05:30 [INF] Executed DbCommand (15ms) [Parameters=[@__productIds_0='?' (Size = 4000)], CommandType='"Text"', CommandTimeout='30']
SELECT [p].[ProductId], [p].[CategoryId], [p].[CostPrice], [p].[Description], [p].[Name], [p].[ProductCode], [p].[ProductKey], [p].[SellPrice], [p].[SupplierId]
FROM [Products] AS [p]
WHERE [p].[ProductId] IN (
    SELECT [p0].[value]
    FROM OPENJSON(@__productIds_0) WITH ([value] int '$') AS [p0]
)
2025-09-19 22:46:34.386 +05:30 [INF] Executing OkObjectResult, writing value of type 'System.Collections.Generic.List`1[[AuthNet.Models.DTO.DailyProfitDto, AuthNet, Version=1.0.0.0, Culture=neutral, PublicKeyToken=null]]'.
2025-09-19 22:46:34.388 +05:30 [INF] Executed action AuthNet.Controllers.SalesController.GetWeeklyProfit (AuthNet) in 62.4487ms
2025-09-19 22:46:34.389 +05:30 [INF] Executed endpoint 'AuthNet.Controllers.SalesController.GetWeeklyProfit (AuthNet)'
2025-09-19 22:46:34.389 +05:30 [INF] Request finished HTTP/2 GET https://localhost:7165/api/Sales/WeeklyProfit - 200 null application/json; charset=utf-8 70.7264ms
2025-09-19 22:46:55.127 +05:30 [INF] Request starting HTTP/1.1 GET https://localhost:7165/api/Sales/DailyProfit - null null
2025-09-19 22:46:55.127 +05:30 [INF] Executing endpoint 'AuthNet.Controllers.SalesController.GetDailyProfit (AuthNet)'
2025-09-19 22:46:55.134 +05:30 [INF] Route matched with {action = "GetDailyProfit", controller = "Sales"}. Executing controller action with signature System.Threading.Tasks.Task`1[Microsoft.AspNetCore.Mvc.IActionResult] GetDailyProfit() on controller AuthNet.Controllers.SalesController (AuthNet).
2025-09-19 22:46:55.144 +05:30 [INF] Executed DbCommand (9ms) [Parameters=[@__date_Date_0='?' (DbType = DateTime2)], CommandType='"Text"', CommandTimeout='30']
SELECT [s].[Id], [s].[ProductId], [s].[ProductName], [s].[Quantity], [s].[SaleId], [s].[TotalPrice], [s].[UnitPrice], [s0].[Id], [s0].[AfterTaxAmount], [s0].[CreatedAt], [s0].[DiscountedAmount], [s0].[InvoiceDate], [s0].[InvoiceNo], [s0].[PrincipalAmount], [s0].[Template], [s0].[TotalAmount]
FROM [SaleItems] AS [s]
INNER JOIN [Sales] AS [s0] ON [s].[SaleId] = [s0].[Id]
WHERE CONVERT(date, [s0].[InvoiceDate]) = @__date_Date_0
2025-09-19 22:46:55.170 +05:30 [INF] Executed DbCommand (21ms) [Parameters=[@__productIds_0='?' (Size = 4000)], CommandType='"Text"', CommandTimeout='30']
SELECT [p].[ProductId], [p].[CategoryId], [p].[CostPrice], [p].[Description], [p].[Name], [p].[ProductCode], [p].[ProductKey], [p].[SellPrice], [p].[SupplierId]
FROM [Products] AS [p]
WHERE [p].[ProductId] IN (
    SELECT [p0].[value]
    FROM OPENJSON(@__productIds_0) WITH ([value] int '$') AS [p0]
)
2025-09-19 22:46:55.171 +05:30 [INF] Executing OkObjectResult, writing value of type 'AuthNet.Models.DTO.DailyProfitDto'.
2025-09-19 22:46:55.174 +05:30 [INF] Executed action AuthNet.Controllers.SalesController.GetDailyProfit (AuthNet) in 39.6012ms
2025-09-19 22:46:55.174 +05:30 [INF] Executed endpoint 'AuthNet.Controllers.SalesController.GetDailyProfit (AuthNet)'
2025-09-19 22:46:55.174 +05:30 [INF] Request finished HTTP/1.1 GET https://localhost:7165/api/Sales/DailyProfit - 200 null application/json; charset=utf-8 47.3056ms
2025-09-19 22:46:55.187 +05:30 [INF] Request starting HTTP/2 GET https://localhost:7165/swagger/index.html - null null
2025-09-19 22:46:55.204 +05:30 [INF] Request finished HTTP/2 GET https://localhost:7165/swagger/index.html - 200 null text/html;charset=utf-8 17.212ms
2025-09-19 22:46:55.204 +05:30 [INF] Request starting HTTP/1.1 GET https://localhost:7165/api/Sales/CurrentMonthProfit - null null
2025-09-19 22:46:55.206 +05:30 [INF] Executing endpoint 'AuthNet.Controllers.SalesController.GetCurrentMonthProfit (AuthNet)'
2025-09-19 22:46:55.220 +05:30 [INF] Route matched with {action = "GetCurrentMonthProfit", controller = "Sales"}. Executing controller action with signature System.Threading.Tasks.Task`1[Microsoft.AspNetCore.Mvc.IActionResult] GetCurrentMonthProfit() on controller AuthNet.Controllers.SalesController (AuthNet).
2025-09-19 22:46:55.261 +05:30 [INF] Executed DbCommand (40ms) [Parameters=[@__currentYear_0='?' (DbType = Int32), @__currentMonth_1='?' (DbType = Int32)], CommandType='"Text"', CommandTimeout='30']
SELECT [s].[Id], [s].[ProductId], [s].[ProductName], [s].[Quantity], [s].[SaleId], [s].[TotalPrice], [s].[UnitPrice], [s0].[Id], [s0].[AfterTaxAmount], [s0].[CreatedAt], [s0].[DiscountedAmount], [s0].[InvoiceDate], [s0].[InvoiceNo], [s0].[PrincipalAmount], [s0].[Template], [s0].[TotalAmount]
FROM [SaleItems] AS [s]
INNER JOIN [Sales] AS [s0] ON [s].[SaleId] = [s0].[Id]
WHERE DATEPART(year, [s0].[InvoiceDate]) = @__currentYear_0 AND DATEPART(month, [s0].[InvoiceDate]) = @__currentMonth_1
2025-09-19 22:46:55.262 +05:30 [INF] Request starting HTTP/2 GET https://localhost:7165/_framework/aspnetcore-browser-refresh.js - null null
2025-09-19 22:46:55.265 +05:30 [INF] Request starting HTTP/2 GET https://localhost:7165/_vs/browserLink - null null
2025-09-19 22:46:55.269 +05:30 [INF] Request finished HTTP/2 GET https://localhost:7165/_framework/aspnetcore-browser-refresh.js - 200 16499 application/javascript; charset=utf-8 7.1541ms
2025-09-19 22:46:55.282 +05:30 [INF] Executed DbCommand (17ms) [Parameters=[@__productIds_0='?' (Size = 4000)], CommandType='"Text"', CommandTimeout='30']
SELECT [p].[ProductId], [p].[CategoryId], [p].[CostPrice], [p].[Description], [p].[Name], [p].[ProductCode], [p].[ProductKey], [p].[SellPrice], [p].[SupplierId]
FROM [Products] AS [p]
WHERE [p].[ProductId] IN (
    SELECT [p0].[value]
    FROM OPENJSON(@__productIds_0) WITH ([value] int '$') AS [p0]
)
2025-09-19 22:46:55.285 +05:30 [INF] Executing OkObjectResult, writing value of type 'AuthNet.Models.DTO.MonthlyProfitDto'.
2025-09-19 22:46:55.290 +05:30 [INF] Executed action AuthNet.Controllers.SalesController.GetCurrentMonthProfit (AuthNet) in 69.9382ms
2025-09-19 22:46:55.290 +05:30 [INF] Executed endpoint 'AuthNet.Controllers.SalesController.GetCurrentMonthProfit (AuthNet)'
2025-09-19 22:46:55.294 +05:30 [INF] Request finished HTTP/1.1 GET https://localhost:7165/api/Sales/CurrentMonthProfit - 200 null application/json; charset=utf-8 89.8645ms
2025-09-19 22:46:55.317 +05:30 [INF] Request starting HTTP/1.1 GET https://localhost:7165/api/Sales/CurrentYearProfit - null null
2025-09-19 22:46:55.317 +05:30 [INF] Request finished HTTP/2 GET https://localhost:7165/_vs/browserLink - 200 null text/javascript; charset=UTF-8 51.9294ms
2025-09-19 22:46:55.326 +05:30 [INF] Executing endpoint 'AuthNet.Controllers.SalesController.GetCurrentYearProfit (AuthNet)'
2025-09-19 22:46:55.333 +05:30 [INF] Route matched with {action = "GetCurrentYearProfit", controller = "Sales"}. Executing controller action with signature System.Threading.Tasks.Task`1[Microsoft.AspNetCore.Mvc.IActionResult] GetCurrentYearProfit() on controller AuthNet.Controllers.SalesController (AuthNet).
2025-09-19 22:46:55.355 +05:30 [INF] Executed DbCommand (20ms) [Parameters=[@__currentYear_0='?' (DbType = Int32)], CommandType='"Text"', CommandTimeout='30']
SELECT [s].[Id], [s].[ProductId], [s].[ProductName], [s].[Quantity], [s].[SaleId], [s].[TotalPrice], [s].[UnitPrice], [s0].[Id], [s0].[AfterTaxAmount], [s0].[CreatedAt], [s0].[DiscountedAmount], [s0].[InvoiceDate], [s0].[InvoiceNo], [s0].[PrincipalAmount], [s0].[Template], [s0].[TotalAmount]
FROM [SaleItems] AS [s]
INNER JOIN [Sales] AS [s0] ON [s].[SaleId] = [s0].[Id]
WHERE DATEPART(year, [s0].[InvoiceDate]) = @__currentYear_0
2025-09-19 22:46:55.363 +05:30 [INF] Executed DbCommand (7ms) [Parameters=[@__productIds_0='?' (Size = 4000)], CommandType='"Text"', CommandTimeout='30']
SELECT [p].[ProductId], [p].[CategoryId], [p].[CostPrice], [p].[Description], [p].[Name], [p].[ProductCode], [p].[ProductKey], [p].[SellPrice], [p].[SupplierId]
FROM [Products] AS [p]
WHERE [p].[ProductId] IN (
    SELECT [p0].[value]
    FROM OPENJSON(@__productIds_0) WITH ([value] int '$') AS [p0]
)
2025-09-19 22:46:55.383 +05:30 [INF] Executing OkObjectResult, writing value of type 'AuthNet.Models.DTO.YearlyProfitDto'.
2025-09-19 22:46:55.401 +05:30 [INF] Executed action AuthNet.Controllers.SalesController.GetCurrentYearProfit (AuthNet) in 67.2655ms
2025-09-19 22:46:55.401 +05:30 [INF] Executed endpoint 'AuthNet.Controllers.SalesController.GetCurrentYearProfit (AuthNet)'
2025-09-19 22:46:55.401 +05:30 [INF] Request finished HTTP/1.1 GET https://localhost:7165/api/Sales/CurrentYearProfit - 200 null application/json; charset=utf-8 84.0587ms
2025-09-19 22:46:55.438 +05:30 [INF] Request starting HTTP/2 GET https://localhost:7165/swagger/v1/swagger.json - null null
2025-09-19 22:46:55.512 +05:30 [INF] Request starting HTTP/1.1 GET https://localhost:7165/api/Tasks - null null
2025-09-19 22:46:55.516 +05:30 [INF] Executing endpoint 'AuthNet.Controllers.TasksController.GetTasks (AuthNet)'
2025-09-19 22:46:55.517 +05:30 [INF] Route matched with {action = "GetTasks", controller = "Tasks"}. Executing controller action with signature Microsoft.AspNetCore.Mvc.IActionResult GetTasks() on controller AuthNet.Controllers.TasksController (AuthNet).
2025-09-19 22:46:55.536 +05:30 [INF] Request finished HTTP/2 GET https://localhost:7165/swagger/v1/swagger.json - 200 null application/json;charset=utf-8 98.4529ms
2025-09-19 22:46:55.540 +05:30 [INF] Executed DbCommand (21ms) [Parameters=[], CommandType='"Text"', CommandTimeout='30']
SELECT [t].[Id], [t].[Title], [t].[DueDate]
FROM [Tasks] AS [t]
2025-09-19 22:46:55.540 +05:30 [INF] Executing OkObjectResult, writing value of type 'System.Collections.Generic.List`1[[AuthNet.Models.DTO.TaskItemDto, AuthNet, Version=1.0.0.0, Culture=neutral, PublicKeyToken=null]]'.
2025-09-19 22:46:55.542 +05:30 [INF] Executed action AuthNet.Controllers.TasksController.GetTasks (AuthNet) in 24.0834ms
2025-09-19 22:46:55.542 +05:30 [INF] Executed endpoint 'AuthNet.Controllers.TasksController.GetTasks (AuthNet)'
2025-09-19 22:46:55.542 +05:30 [INF] Request finished HTTP/1.1 GET https://localhost:7165/api/Tasks - 200 null application/json; charset=utf-8 30.1949ms
2025-09-19 22:46:55.835 +05:30 [INF] Request starting HTTP/1.1 GET https://localhost:7165/api/Settings/Get - null null
2025-09-19 22:46:55.835 +05:30 [INF] Executing endpoint 'AuthNet.Controllers.SettingsController.GetCompanyInfo (AuthNet)'
2025-09-19 22:46:55.839 +05:30 [INF] Route matched with {action = "GetCompanyInfo", controller = "Settings"}. Executing controller action with signature System.Threading.Tasks.Task`1[Microsoft.AspNetCore.Mvc.IActionResult] GetCompanyInfo() on controller AuthNet.Controllers.SettingsController (AuthNet).
2025-09-19 22:46:55.864 +05:30 [INF] Executed DbCommand (23ms) [Parameters=[], CommandType='"Text"', CommandTimeout='30']
SELECT TOP(1) [c].[Id], [c].[Address], [c].[ContactNumber], [c].[Email], [c].[GSTIN], [c].[LogoFileExtension], [c].[LogoFilePath], [c].[LogoFileSizeInBytes], [c].[LogoName], [c].[Name], [c].[SignFileExtension], [c].[SignFilePath], [c].[SignFileSizeInBytes], [c].[SignName]
FROM [CompanyInfos] AS [c]
2025-09-19 22:46:55.864 +05:30 [INF] Executing OkObjectResult, writing value of type 'AuthNet.Models.DTO.CompanyInfoResponseDto'.
2025-09-19 22:46:55.868 +05:30 [INF] Executed action AuthNet.Controllers.SettingsController.GetCompanyInfo (AuthNet) in 28.3684ms
2025-09-19 22:46:55.868 +05:30 [INF] Executed endpoint 'AuthNet.Controllers.SettingsController.GetCompanyInfo (AuthNet)'
2025-09-19 22:46:55.868 +05:30 [INF] Request finished HTTP/1.1 GET https://localhost:7165/api/Settings/Get - 200 null application/json; charset=utf-8 33.7509ms
2025-09-19 22:46:56.341 +05:30 [INF] Request starting HTTP/2 GET https://localhost:7165/api/Sales/WeeklyProfit - null null
2025-09-19 22:46:56.341 +05:30 [INF] Request starting HTTP/2 GET https://localhost:7165/api/Products/CategoryWiseProductCount - null null
2025-09-19 22:46:56.342 +05:30 [INF] CORS policy execution successful.
2025-09-19 22:46:56.342 +05:30 [INF] CORS policy execution successful.
2025-09-19 22:46:56.342 +05:30 [INF] Executing endpoint 'AuthNet.Controllers.SalesController.GetWeeklyProfit (AuthNet)'
2025-09-19 22:46:56.342 +05:30 [INF] Executing endpoint 'AuthNet.Controllers.ProductsController.GetCategoryWiseProductCount (AuthNet)'
2025-09-19 22:46:56.347 +05:30 [INF] Route matched with {action = "GetCategoryWiseProductCount", controller = "Products"}. Executing controller action with signature System.Threading.Tasks.Task`1[Microsoft.AspNetCore.Mvc.IActionResult] GetCategoryWiseProductCount() on controller AuthNet.Controllers.ProductsController (AuthNet).
2025-09-19 22:46:56.347 +05:30 [INF] Route matched with {action = "GetWeeklyProfit", controller = "Sales"}. Executing controller action with signature System.Threading.Tasks.Task`1[Microsoft.AspNetCore.Mvc.IActionResult] GetWeeklyProfit() on controller AuthNet.Controllers.SalesController (AuthNet).
2025-09-19 22:46:56.360 +05:30 [INF] Executed DbCommand (12ms) [Parameters=[], CommandType='"Text"', CommandTimeout='30']
SELECT [c].[Name] AS [CategoryName], COUNT(*) AS [ProductCount]
FROM [Products] AS [p]
LEFT JOIN [Categories] AS [c] ON [p].[CategoryId] = [c].[CategoryId]
WHERE [c].[CategoryId] IS NOT NULL
GROUP BY [c].[Name]
2025-09-19 22:46:56.360 +05:30 [INF] Executed DbCommand (12ms) [Parameters=[@__startDate_0='?' (DbType = DateTime2), @__endDate_1='?' (DbType = DateTime2)], CommandType='"Text"', CommandTimeout='30']
SELECT [s].[Id], [s].[ProductId], [s].[ProductName], [s].[Quantity], [s].[SaleId], [s].[TotalPrice], [s].[UnitPrice], [s0].[Id], [s0].[AfterTaxAmount], [s0].[CreatedAt], [s0].[DiscountedAmount], [s0].[InvoiceDate], [s0].[InvoiceNo], [s0].[PrincipalAmount], [s0].[Template], [s0].[TotalAmount]
FROM [SaleItems] AS [s]
INNER JOIN [Sales] AS [s0] ON [s].[SaleId] = [s0].[Id]
WHERE CONVERT(date, [s0].[InvoiceDate]) >= @__startDate_0 AND CONVERT(date, [s0].[InvoiceDate]) <= @__endDate_1
2025-09-19 22:46:56.361 +05:30 [INF] Executing OkObjectResult, writing value of type 'System.Collections.Generic.List`1[[AuthNet.Models.DTO.CategoryProductCountDto, AuthNet, Version=1.0.0.0, Culture=neutral, PublicKeyToken=null]]'.
2025-09-19 22:46:56.366 +05:30 [INF] Executed action AuthNet.Controllers.ProductsController.GetCategoryWiseProductCount (AuthNet) in 19.0306ms
2025-09-19 22:46:56.366 +05:30 [INF] Executed endpoint 'AuthNet.Controllers.ProductsController.GetCategoryWiseProductCount (AuthNet)'
2025-09-19 22:46:56.366 +05:30 [INF] Request finished HTTP/2 GET https://localhost:7165/api/Products/CategoryWiseProductCount - 200 null application/json; charset=utf-8 24.9291ms
2025-09-19 22:46:56.373 +05:30 [INF] Executed DbCommand (12ms) [Parameters=[@__productIds_0='?' (Size = 4000)], CommandType='"Text"', CommandTimeout='30']
SELECT [p].[ProductId], [p].[CategoryId], [p].[CostPrice], [p].[Description], [p].[Name], [p].[ProductCode], [p].[ProductKey], [p].[SellPrice], [p].[SupplierId]
FROM [Products] AS [p]
WHERE [p].[ProductId] IN (
    SELECT [p0].[value]
    FROM OPENJSON(@__productIds_0) WITH ([value] int '$') AS [p0]
)
2025-09-19 22:46:56.374 +05:30 [INF] Executing OkObjectResult, writing value of type 'System.Collections.Generic.List`1[[AuthNet.Models.DTO.DailyProfitDto, AuthNet, Version=1.0.0.0, Culture=neutral, PublicKeyToken=null]]'.
2025-09-19 22:46:56.374 +05:30 [INF] Executed action AuthNet.Controllers.SalesController.GetWeeklyProfit (AuthNet) in 27.0232ms
2025-09-19 22:46:56.374 +05:30 [INF] Executed endpoint 'AuthNet.Controllers.SalesController.GetWeeklyProfit (AuthNet)'
2025-09-19 22:46:56.374 +05:30 [INF] Request finished HTTP/2 GET https://localhost:7165/api/Sales/WeeklyProfit - 200 null application/json; charset=utf-8 33.1756ms
2025-09-19 22:47:18.438 +05:30 [INF] Request starting HTTP/1.1 GET https://localhost:7165/api/Sales/DailyProfit - null null
2025-09-19 22:47:18.439 +05:30 [INF] Executing endpoint 'AuthNet.Controllers.SalesController.GetDailyProfit (AuthNet)'
2025-09-19 22:47:18.443 +05:30 [INF] Route matched with {action = "GetDailyProfit", controller = "Sales"}. Executing controller action with signature System.Threading.Tasks.Task`1[Microsoft.AspNetCore.Mvc.IActionResult] GetDailyProfit() on controller AuthNet.Controllers.SalesController (AuthNet).
2025-09-19 22:47:18.460 +05:30 [INF] Executed DbCommand (10ms) [Parameters=[@__date_Date_0='?' (DbType = DateTime2)], CommandType='"Text"', CommandTimeout='30']
SELECT [s].[Id], [s].[ProductId], [s].[ProductName], [s].[Quantity], [s].[SaleId], [s].[TotalPrice], [s].[UnitPrice], [s0].[Id], [s0].[AfterTaxAmount], [s0].[CreatedAt], [s0].[DiscountedAmount], [s0].[InvoiceDate], [s0].[InvoiceNo], [s0].[PrincipalAmount], [s0].[Template], [s0].[TotalAmount]
FROM [SaleItems] AS [s]
INNER JOIN [Sales] AS [s0] ON [s].[SaleId] = [s0].[Id]
WHERE CONVERT(date, [s0].[InvoiceDate]) = @__date_Date_0
2025-09-19 22:47:18.470 +05:30 [INF] Executed DbCommand (10ms) [Parameters=[@__productIds_0='?' (Size = 4000)], CommandType='"Text"', CommandTimeout='30']
SELECT [p].[ProductId], [p].[CategoryId], [p].[CostPrice], [p].[Description], [p].[Name], [p].[ProductCode], [p].[ProductKey], [p].[SellPrice], [p].[SupplierId]
FROM [Products] AS [p]
WHERE [p].[ProductId] IN (
    SELECT [p0].[value]
    FROM OPENJSON(@__productIds_0) WITH ([value] int '$') AS [p0]
)
2025-09-19 22:47:18.471 +05:30 [INF] Executing OkObjectResult, writing value of type 'AuthNet.Models.DTO.DailyProfitDto'.
2025-09-19 22:47:18.472 +05:30 [INF] Executed action AuthNet.Controllers.SalesController.GetDailyProfit (AuthNet) in 28.7231ms
2025-09-19 22:47:18.472 +05:30 [INF] Executed endpoint 'AuthNet.Controllers.SalesController.GetDailyProfit (AuthNet)'
2025-09-19 22:47:18.472 +05:30 [INF] Request finished HTTP/1.1 GET https://localhost:7165/api/Sales/DailyProfit - 200 null application/json; charset=utf-8 33.4869ms
2025-09-19 22:47:18.522 +05:30 [INF] Request starting HTTP/1.1 GET https://localhost:7165/api/Sales/CurrentMonthProfit - null null
2025-09-19 22:47:18.523 +05:30 [INF] Executing endpoint 'AuthNet.Controllers.SalesController.GetCurrentMonthProfit (AuthNet)'
2025-09-19 22:47:18.532 +05:30 [INF] Route matched with {action = "GetCurrentMonthProfit", controller = "Sales"}. Executing controller action with signature System.Threading.Tasks.Task`1[Microsoft.AspNetCore.Mvc.IActionResult] GetCurrentMonthProfit() on controller AuthNet.Controllers.SalesController (AuthNet).
2025-09-19 22:47:18.544 +05:30 [INF] Executed DbCommand (9ms) [Parameters=[@__currentYear_0='?' (DbType = Int32), @__currentMonth_1='?' (DbType = Int32)], CommandType='"Text"', CommandTimeout='30']
SELECT [s].[Id], [s].[ProductId], [s].[ProductName], [s].[Quantity], [s].[SaleId], [s].[TotalPrice], [s].[UnitPrice], [s0].[Id], [s0].[AfterTaxAmount], [s0].[CreatedAt], [s0].[DiscountedAmount], [s0].[InvoiceDate], [s0].[InvoiceNo], [s0].[PrincipalAmount], [s0].[Template], [s0].[TotalAmount]
FROM [SaleItems] AS [s]
INNER JOIN [Sales] AS [s0] ON [s].[SaleId] = [s0].[Id]
WHERE DATEPART(year, [s0].[InvoiceDate]) = @__currentYear_0 AND DATEPART(month, [s0].[InvoiceDate]) = @__currentMonth_1
2025-09-19 22:47:18.557 +05:30 [INF] Executed DbCommand (12ms) [Parameters=[@__productIds_0='?' (Size = 4000)], CommandType='"Text"', CommandTimeout='30']
SELECT [p].[ProductId], [p].[CategoryId], [p].[CostPrice], [p].[Description], [p].[Name], [p].[ProductCode], [p].[ProductKey], [p].[SellPrice], [p].[SupplierId]
FROM [Products] AS [p]
WHERE [p].[ProductId] IN (
    SELECT [p0].[value]
    FROM OPENJSON(@__productIds_0) WITH ([value] int '$') AS [p0]
)
2025-09-19 22:47:18.557 +05:30 [INF] Executing OkObjectResult, writing value of type 'AuthNet.Models.DTO.MonthlyProfitDto'.
2025-09-19 22:47:18.559 +05:30 [INF] Executed action AuthNet.Controllers.SalesController.GetCurrentMonthProfit (AuthNet) in 26.337ms
2025-09-19 22:47:18.559 +05:30 [INF] Executed endpoint 'AuthNet.Controllers.SalesController.GetCurrentMonthProfit (AuthNet)'
2025-09-19 22:47:18.559 +05:30 [INF] Request finished HTTP/1.1 GET https://localhost:7165/api/Sales/CurrentMonthProfit - 200 null application/json; charset=utf-8 36.6132ms
2025-09-19 22:47:18.604 +05:30 [INF] Request starting HTTP/2 GET https://localhost:7165/swagger/index.html - null null
2025-09-19 22:47:18.613 +05:30 [INF] Request starting HTTP/1.1 GET https://localhost:7165/api/Sales/CurrentYearProfit - null null
2025-09-19 22:47:18.615 +05:30 [INF] Request finished HTTP/2 GET https://localhost:7165/swagger/index.html - 200 null text/html;charset=utf-8 10.9493ms
2025-09-19 22:47:18.622 +05:30 [INF] Executing endpoint 'AuthNet.Controllers.SalesController.GetCurrentYearProfit (AuthNet)'
2025-09-19 22:47:18.640 +05:30 [INF] Route matched with {action = "GetCurrentYearProfit", controller = "Sales"}. Executing controller action with signature System.Threading.Tasks.Task`1[Microsoft.AspNetCore.Mvc.IActionResult] GetCurrentYearProfit() on controller AuthNet.Controllers.SalesController (AuthNet).
2025-09-19 22:47:18.696 +05:30 [INF] Request starting HTTP/2 GET https://localhost:7165/_framework/aspnetcore-browser-refresh.js - null null
2025-09-19 22:47:18.743 +05:30 [INF] Request starting HTTP/2 GET https://localhost:7165/_vs/browserLink - null null
2025-09-19 22:47:18.756 +05:30 [INF] Request finished HTTP/2 GET https://localhost:7165/_framework/aspnetcore-browser-refresh.js - 200 16499 application/javascript; charset=utf-8 60.7576ms
2025-09-19 22:47:18.758 +05:30 [INF] Executed DbCommand (112ms) [Parameters=[@__currentYear_0='?' (DbType = Int32)], CommandType='"Text"', CommandTimeout='30']
SELECT [s].[Id], [s].[ProductId], [s].[ProductName], [s].[Quantity], [s].[SaleId], [s].[TotalPrice], [s].[UnitPrice], [s0].[Id], [s0].[AfterTaxAmount], [s0].[CreatedAt], [s0].[DiscountedAmount], [s0].[InvoiceDate], [s0].[InvoiceNo], [s0].[PrincipalAmount], [s0].[Template], [s0].[TotalAmount]
FROM [SaleItems] AS [s]
INNER JOIN [Sales] AS [s0] ON [s].[SaleId] = [s0].[Id]
WHERE DATEPART(year, [s0].[InvoiceDate]) = @__currentYear_0
2025-09-19 22:47:18.792 +05:30 [INF] Executed DbCommand (34ms) [Parameters=[@__productIds_0='?' (Size = 4000)], CommandType='"Text"', CommandTimeout='30']
SELECT [p].[ProductId], [p].[CategoryId], [p].[CostPrice], [p].[Description], [p].[Name], [p].[ProductCode], [p].[ProductKey], [p].[SellPrice], [p].[SupplierId]
FROM [Products] AS [p]
WHERE [p].[ProductId] IN (
    SELECT [p0].[value]
    FROM OPENJSON(@__productIds_0) WITH ([value] int '$') AS [p0]
)
2025-09-19 22:47:18.792 +05:30 [INF] Executing OkObjectResult, writing value of type 'AuthNet.Models.DTO.YearlyProfitDto'.
2025-09-19 22:47:18.794 +05:30 [INF] Executed action AuthNet.Controllers.SalesController.GetCurrentYearProfit (AuthNet) in 153.4605ms
2025-09-19 22:47:18.794 +05:30 [INF] Executed endpoint 'AuthNet.Controllers.SalesController.GetCurrentYearProfit (AuthNet)'
2025-09-19 22:47:18.794 +05:30 [INF] Request finished HTTP/1.1 GET https://localhost:7165/api/Sales/CurrentYearProfit - 200 null application/json; charset=utf-8 180.972ms
2025-09-19 22:47:18.834 +05:30 [INF] Request finished HTTP/2 GET https://localhost:7165/_vs/browserLink - 200 null text/javascript; charset=UTF-8 91.1397ms
2025-09-19 22:47:18.853 +05:30 [INF] Request starting HTTP/1.1 GET https://localhost:7165/api/Tasks - null null
2025-09-19 22:47:18.853 +05:30 [INF] Executing endpoint 'AuthNet.Controllers.TasksController.GetTasks (AuthNet)'
2025-09-19 22:47:18.854 +05:30 [INF] Route matched with {action = "GetTasks", controller = "Tasks"}. Executing controller action with signature Microsoft.AspNetCore.Mvc.IActionResult GetTasks() on controller AuthNet.Controllers.TasksController (AuthNet).
2025-09-19 22:47:18.864 +05:30 [INF] Executed DbCommand (9ms) [Parameters=[], CommandType='"Text"', CommandTimeout='30']
SELECT [t].[Id], [t].[Title], [t].[DueDate]
FROM [Tasks] AS [t]
2025-09-19 22:47:18.865 +05:30 [INF] Executing OkObjectResult, writing value of type 'System.Collections.Generic.List`1[[AuthNet.Models.DTO.TaskItemDto, AuthNet, Version=1.0.0.0, Culture=neutral, PublicKeyToken=null]]'.
2025-09-19 22:47:18.867 +05:30 [INF] Executed action AuthNet.Controllers.TasksController.GetTasks (AuthNet) in 12.0504ms
2025-09-19 22:47:18.867 +05:30 [INF] Executed endpoint 'AuthNet.Controllers.TasksController.GetTasks (AuthNet)'
2025-09-19 22:47:18.867 +05:30 [INF] Request finished HTTP/1.1 GET https://localhost:7165/api/Tasks - 200 null application/json; charset=utf-8 13.9958ms
2025-09-19 22:47:19.031 +05:30 [INF] Request starting HTTP/1.1 GET https://localhost:7165/api/Settings/Get - null null
2025-09-19 22:47:19.033 +05:30 [INF] Executing endpoint 'AuthNet.Controllers.SettingsController.GetCompanyInfo (AuthNet)'
2025-09-19 22:47:19.037 +05:30 [INF] Route matched with {action = "GetCompanyInfo", controller = "Settings"}. Executing controller action with signature System.Threading.Tasks.Task`1[Microsoft.AspNetCore.Mvc.IActionResult] GetCompanyInfo() on controller AuthNet.Controllers.SettingsController (AuthNet).
2025-09-19 22:47:19.051 +05:30 [INF] Executed DbCommand (13ms) [Parameters=[], CommandType='"Text"', CommandTimeout='30']
SELECT TOP(1) [c].[Id], [c].[Address], [c].[ContactNumber], [c].[Email], [c].[GSTIN], [c].[LogoFileExtension], [c].[LogoFilePath], [c].[LogoFileSizeInBytes], [c].[LogoName], [c].[Name], [c].[SignFileExtension], [c].[SignFilePath], [c].[SignFileSizeInBytes], [c].[SignName]
FROM [CompanyInfos] AS [c]
2025-09-19 22:47:19.052 +05:30 [INF] Executing OkObjectResult, writing value of type 'AuthNet.Models.DTO.CompanyInfoResponseDto'.
2025-09-19 22:47:19.054 +05:30 [INF] Executed action AuthNet.Controllers.SettingsController.GetCompanyInfo (AuthNet) in 16.8428ms
2025-09-19 22:47:19.054 +05:30 [INF] Executed endpoint 'AuthNet.Controllers.SettingsController.GetCompanyInfo (AuthNet)'
2025-09-19 22:47:19.055 +05:30 [INF] Request finished HTTP/1.1 GET https://localhost:7165/api/Settings/Get - 200 null application/json; charset=utf-8 23.8825ms
2025-09-19 22:47:19.472 +05:30 [INF] Request starting HTTP/2 GET https://localhost:7165/api/Sales/WeeklyProfit - null null
2025-09-19 22:47:19.472 +05:30 [INF] CORS policy execution successful.
2025-09-19 22:47:19.472 +05:30 [INF] Executing endpoint 'AuthNet.Controllers.SalesController.GetWeeklyProfit (AuthNet)'
2025-09-19 22:47:19.474 +05:30 [INF] Request starting HTTP/2 GET https://localhost:7165/api/Products/CategoryWiseProductCount - null null
2025-09-19 22:47:19.475 +05:30 [INF] CORS policy execution successful.
2025-09-19 22:47:19.475 +05:30 [INF] Executing endpoint 'AuthNet.Controllers.ProductsController.GetCategoryWiseProductCount (AuthNet)'
2025-09-19 22:47:19.477 +05:30 [INF] Route matched with {action = "GetWeeklyProfit", controller = "Sales"}. Executing controller action with signature System.Threading.Tasks.Task`1[Microsoft.AspNetCore.Mvc.IActionResult] GetWeeklyProfit() on controller AuthNet.Controllers.SalesController (AuthNet).
2025-09-19 22:47:19.683 +05:30 [INF] Executed DbCommand (204ms) [Parameters=[@__startDate_0='?' (DbType = DateTime2), @__endDate_1='?' (DbType = DateTime2)], CommandType='"Text"', CommandTimeout='30']
SELECT [s].[Id], [s].[ProductId], [s].[ProductName], [s].[Quantity], [s].[SaleId], [s].[TotalPrice], [s].[UnitPrice], [s0].[Id], [s0].[AfterTaxAmount], [s0].[CreatedAt], [s0].[DiscountedAmount], [s0].[InvoiceDate], [s0].[InvoiceNo], [s0].[PrincipalAmount], [s0].[Template], [s0].[TotalAmount]
FROM [SaleItems] AS [s]
INNER JOIN [Sales] AS [s0] ON [s].[SaleId] = [s0].[Id]
WHERE CONVERT(date, [s0].[InvoiceDate]) >= @__startDate_0 AND CONVERT(date, [s0].[InvoiceDate]) <= @__endDate_1
2025-09-19 22:47:19.688 +05:30 [INF] Route matched with {action = "GetCategoryWiseProductCount", controller = "Products"}. Executing controller action with signature System.Threading.Tasks.Task`1[Microsoft.AspNetCore.Mvc.IActionResult] GetCategoryWiseProductCount() on controller AuthNet.Controllers.ProductsController (AuthNet).
2025-09-19 22:47:19.704 +05:30 [INF] Executed DbCommand (20ms) [Parameters=[@__productIds_0='?' (Size = 4000)], CommandType='"Text"', CommandTimeout='30']
SELECT [p].[ProductId], [p].[CategoryId], [p].[CostPrice], [p].[Description], [p].[Name], [p].[ProductCode], [p].[ProductKey], [p].[SellPrice], [p].[SupplierId]
FROM [Products] AS [p]
WHERE [p].[ProductId] IN (
    SELECT [p0].[value]
    FROM OPENJSON(@__productIds_0) WITH ([value] int '$') AS [p0]
)
2025-09-19 22:47:19.704 +05:30 [INF] Executing OkObjectResult, writing value of type 'System.Collections.Generic.List`1[[AuthNet.Models.DTO.DailyProfitDto, AuthNet, Version=1.0.0.0, Culture=neutral, PublicKeyToken=null]]'.
2025-09-19 22:47:19.705 +05:30 [INF] Executed action AuthNet.Controllers.SalesController.GetWeeklyProfit (AuthNet) in 227.9662ms
2025-09-19 22:47:19.705 +05:30 [INF] Executed endpoint 'AuthNet.Controllers.SalesController.GetWeeklyProfit (AuthNet)'
2025-09-19 22:47:19.705 +05:30 [INF] Request finished HTTP/2 GET https://localhost:7165/api/Sales/WeeklyProfit - 200 null application/json; charset=utf-8 233.5766ms
2025-09-19 22:47:19.709 +05:30 [INF] Executed DbCommand (20ms) [Parameters=[], CommandType='"Text"', CommandTimeout='30']
SELECT [c].[Name] AS [CategoryName], COUNT(*) AS [ProductCount]
FROM [Products] AS [p]
LEFT JOIN [Categories] AS [c] ON [p].[CategoryId] = [c].[CategoryId]
WHERE [c].[CategoryId] IS NOT NULL
GROUP BY [c].[Name]
2025-09-19 22:47:19.709 +05:30 [INF] Executing OkObjectResult, writing value of type 'System.Collections.Generic.List`1[[AuthNet.Models.DTO.CategoryProductCountDto, AuthNet, Version=1.0.0.0, Culture=neutral, PublicKeyToken=null]]'.
2025-09-19 22:47:19.710 +05:30 [INF] Executed action AuthNet.Controllers.ProductsController.GetCategoryWiseProductCount (AuthNet) in 22.1113ms
2025-09-19 22:47:19.710 +05:30 [INF] Executed endpoint 'AuthNet.Controllers.ProductsController.GetCategoryWiseProductCount (AuthNet)'
2025-09-19 22:47:19.720 +05:30 [INF] Request finished HTTP/2 GET https://localhost:7165/api/Products/CategoryWiseProductCount - 200 null application/json; charset=utf-8 236.1275ms
2025-09-19 22:47:19.806 +05:30 [INF] Request starting HTTP/2 GET https://localhost:7165/swagger/v1/swagger.json - null null
2025-09-19 22:47:19.872 +05:30 [INF] Request finished HTTP/2 GET https://localhost:7165/swagger/v1/swagger.json - 200 null application/json;charset=utf-8 66.7541ms
2025-09-19 22:47:50.930 +05:30 [INF] Request starting HTTP/1.1 GET https://localhost:7165/api/Sales/DailyProfit - null null
2025-09-19 22:47:50.931 +05:30 [INF] Executing endpoint 'AuthNet.Controllers.SalesController.GetDailyProfit (AuthNet)'
2025-09-19 22:47:50.936 +05:30 [INF] Route matched with {action = "GetDailyProfit", controller = "Sales"}. Executing controller action with signature System.Threading.Tasks.Task`1[Microsoft.AspNetCore.Mvc.IActionResult] GetDailyProfit() on controller AuthNet.Controllers.SalesController (AuthNet).
2025-09-19 22:47:50.951 +05:30 [INF] Executed DbCommand (13ms) [Parameters=[@__date_Date_0='?' (DbType = DateTime2)], CommandType='"Text"', CommandTimeout='30']
SELECT [s].[Id], [s].[ProductId], [s].[ProductName], [s].[Quantity], [s].[SaleId], [s].[TotalPrice], [s].[UnitPrice], [s0].[Id], [s0].[AfterTaxAmount], [s0].[CreatedAt], [s0].[DiscountedAmount], [s0].[InvoiceDate], [s0].[InvoiceNo], [s0].[PrincipalAmount], [s0].[Template], [s0].[TotalAmount]
FROM [SaleItems] AS [s]
INNER JOIN [Sales] AS [s0] ON [s].[SaleId] = [s0].[Id]
WHERE CONVERT(date, [s0].[InvoiceDate]) = @__date_Date_0
2025-09-19 22:47:50.985 +05:30 [INF] Executed DbCommand (33ms) [Parameters=[@__productIds_0='?' (Size = 4000)], CommandType='"Text"', CommandTimeout='30']
SELECT [p].[ProductId], [p].[CategoryId], [p].[CostPrice], [p].[Description], [p].[Name], [p].[ProductCode], [p].[ProductKey], [p].[SellPrice], [p].[SupplierId]
FROM [Products] AS [p]
WHERE [p].[ProductId] IN (
    SELECT [p0].[value]
    FROM OPENJSON(@__productIds_0) WITH ([value] int '$') AS [p0]
)
2025-09-19 22:47:50.986 +05:30 [INF] Executing OkObjectResult, writing value of type 'AuthNet.Models.DTO.DailyProfitDto'.
2025-09-19 22:47:50.987 +05:30 [INF] Executed action AuthNet.Controllers.SalesController.GetDailyProfit (AuthNet) in 50.3837ms
2025-09-19 22:47:50.987 +05:30 [INF] Executed endpoint 'AuthNet.Controllers.SalesController.GetDailyProfit (AuthNet)'
2025-09-19 22:47:50.987 +05:30 [INF] Request finished HTTP/1.1 GET https://localhost:7165/api/Sales/DailyProfit - 200 null application/json; charset=utf-8 57.8114ms
2025-09-19 22:47:51.000 +05:30 [INF] Request starting HTTP/2 GET https://localhost:7165/swagger/index.html - null null
2025-09-19 22:47:51.027 +05:30 [INF] Request finished HTTP/2 GET https://localhost:7165/swagger/index.html - 200 null text/html;charset=utf-8 26.9127ms
2025-09-19 22:47:51.052 +05:30 [INF] Request starting HTTP/1.1 GET https://localhost:7165/api/Sales/CurrentMonthProfit - null null
2025-09-19 22:47:51.065 +05:30 [INF] Executing endpoint 'AuthNet.Controllers.SalesController.GetCurrentMonthProfit (AuthNet)'
2025-09-19 22:47:51.070 +05:30 [INF] Route matched with {action = "GetCurrentMonthProfit", controller = "Sales"}. Executing controller action with signature System.Threading.Tasks.Task`1[Microsoft.AspNetCore.Mvc.IActionResult] GetCurrentMonthProfit() on controller AuthNet.Controllers.SalesController (AuthNet).
2025-09-19 22:47:51.138 +05:30 [INF] Request starting HTTP/2 GET https://localhost:7165/_framework/aspnetcore-browser-refresh.js - null null
2025-09-19 22:47:51.138 +05:30 [INF] Executed DbCommand (66ms) [Parameters=[@__currentYear_0='?' (DbType = Int32), @__currentMonth_1='?' (DbType = Int32)], CommandType='"Text"', CommandTimeout='30']
SELECT [s].[Id], [s].[ProductId], [s].[ProductName], [s].[Quantity], [s].[SaleId], [s].[TotalPrice], [s].[UnitPrice], [s0].[Id], [s0].[AfterTaxAmount], [s0].[CreatedAt], [s0].[DiscountedAmount], [s0].[InvoiceDate], [s0].[InvoiceNo], [s0].[PrincipalAmount], [s0].[Template], [s0].[TotalAmount]
FROM [SaleItems] AS [s]
INNER JOIN [Sales] AS [s0] ON [s].[SaleId] = [s0].[Id]
WHERE DATEPART(year, [s0].[InvoiceDate]) = @__currentYear_0 AND DATEPART(month, [s0].[InvoiceDate]) = @__currentMonth_1
2025-09-19 22:47:51.139 +05:30 [INF] Request starting HTTP/2 GET https://localhost:7165/_vs/browserLink - null null
2025-09-19 22:47:51.141 +05:30 [INF] Request finished HTTP/2 GET https://localhost:7165/_framework/aspnetcore-browser-refresh.js - 200 16499 application/javascript; charset=utf-8 2.5968ms
2025-09-19 22:47:51.167 +05:30 [INF] Executed DbCommand (28ms) [Parameters=[@__productIds_0='?' (Size = 4000)], CommandType='"Text"', CommandTimeout='30']
SELECT [p].[ProductId], [p].[CategoryId], [p].[CostPrice], [p].[Description], [p].[Name], [p].[ProductCode], [p].[ProductKey], [p].[SellPrice], [p].[SupplierId]
FROM [Products] AS [p]
WHERE [p].[ProductId] IN (
    SELECT [p0].[value]
    FROM OPENJSON(@__productIds_0) WITH ([value] int '$') AS [p0]
)
2025-09-19 22:47:51.168 +05:30 [INF] Executing OkObjectResult, writing value of type 'AuthNet.Models.DTO.MonthlyProfitDto'.
2025-09-19 22:47:51.171 +05:30 [INF] Executed action AuthNet.Controllers.SalesController.GetCurrentMonthProfit (AuthNet) in 100.3616ms
2025-09-19 22:47:51.171 +05:30 [INF] Executed endpoint 'AuthNet.Controllers.SalesController.GetCurrentMonthProfit (AuthNet)'
2025-09-19 22:47:51.171 +05:30 [INF] Request finished HTTP/1.1 GET https://localhost:7165/api/Sales/CurrentMonthProfit - 200 null application/json; charset=utf-8 118.5621ms
2025-09-19 22:47:51.190 +05:30 [INF] Request finished HTTP/2 GET https://localhost:7165/_vs/browserLink - 200 null text/javascript; charset=UTF-8 50.5498ms
2025-09-19 22:47:51.202 +05:30 [INF] Request starting HTTP/1.1 GET https://localhost:7165/api/Sales/CurrentYearProfit - null null
2025-09-19 22:47:51.202 +05:30 [INF] Executing endpoint 'AuthNet.Controllers.SalesController.GetCurrentYearProfit (AuthNet)'
2025-09-19 22:47:51.208 +05:30 [INF] Route matched with {action = "GetCurrentYearProfit", controller = "Sales"}. Executing controller action with signature System.Threading.Tasks.Task`1[Microsoft.AspNetCore.Mvc.IActionResult] GetCurrentYearProfit() on controller AuthNet.Controllers.SalesController (AuthNet).
2025-09-19 22:47:51.218 +05:30 [INF] Executed DbCommand (9ms) [Parameters=[@__currentYear_0='?' (DbType = Int32)], CommandType='"Text"', CommandTimeout='30']
SELECT [s].[Id], [s].[ProductId], [s].[ProductName], [s].[Quantity], [s].[SaleId], [s].[TotalPrice], [s].[UnitPrice], [s0].[Id], [s0].[AfterTaxAmount], [s0].[CreatedAt], [s0].[DiscountedAmount], [s0].[InvoiceDate], [s0].[InvoiceNo], [s0].[PrincipalAmount], [s0].[Template], [s0].[TotalAmount]
FROM [SaleItems] AS [s]
INNER JOIN [Sales] AS [s0] ON [s].[SaleId] = [s0].[Id]
WHERE DATEPART(year, [s0].[InvoiceDate]) = @__currentYear_0
2025-09-19 22:47:51.221 +05:30 [INF] Executed DbCommand (2ms) [Parameters=[@__productIds_0='?' (Size = 4000)], CommandType='"Text"', CommandTimeout='30']
SELECT [p].[ProductId], [p].[CategoryId], [p].[CostPrice], [p].[Description], [p].[Name], [p].[ProductCode], [p].[ProductKey], [p].[SellPrice], [p].[SupplierId]
FROM [Products] AS [p]
WHERE [p].[ProductId] IN (
    SELECT [p0].[value]
    FROM OPENJSON(@__productIds_0) WITH ([value] int '$') AS [p0]
)
2025-09-19 22:47:51.221 +05:30 [INF] Executing OkObjectResult, writing value of type 'AuthNet.Models.DTO.YearlyProfitDto'.
2025-09-19 22:47:51.222 +05:30 [INF] Executed action AuthNet.Controllers.SalesController.GetCurrentYearProfit (AuthNet) in 14.6108ms
2025-09-19 22:47:51.222 +05:30 [INF] Executed endpoint 'AuthNet.Controllers.SalesController.GetCurrentYearProfit (AuthNet)'
2025-09-19 22:47:51.223 +05:30 [INF] Request finished HTTP/1.1 GET https://localhost:7165/api/Sales/CurrentYearProfit - 200 null application/json; charset=utf-8 20.863ms
2025-09-19 22:47:51.247 +05:30 [INF] Request starting HTTP/1.1 GET https://localhost:7165/api/Tasks - null null
2025-09-19 22:47:51.248 +05:30 [INF] Executing endpoint 'AuthNet.Controllers.TasksController.GetTasks (AuthNet)'
2025-09-19 22:47:51.249 +05:30 [INF] Route matched with {action = "GetTasks", controller = "Tasks"}. Executing controller action with signature Microsoft.AspNetCore.Mvc.IActionResult GetTasks() on controller AuthNet.Controllers.TasksController (AuthNet).
2025-09-19 22:47:51.253 +05:30 [INF] Executed DbCommand (3ms) [Parameters=[], CommandType='"Text"', CommandTimeout='30']
SELECT [t].[Id], [t].[Title], [t].[DueDate]
FROM [Tasks] AS [t]
2025-09-19 22:47:51.253 +05:30 [INF] Executing OkObjectResult, writing value of type 'System.Collections.Generic.List`1[[AuthNet.Models.DTO.TaskItemDto, AuthNet, Version=1.0.0.0, Culture=neutral, PublicKeyToken=null]]'.
2025-09-19 22:47:51.255 +05:30 [INF] Executed action AuthNet.Controllers.TasksController.GetTasks (AuthNet) in 5.6168ms
2025-09-19 22:47:51.255 +05:30 [INF] Executed endpoint 'AuthNet.Controllers.TasksController.GetTasks (AuthNet)'
2025-09-19 22:47:51.255 +05:30 [INF] Request finished HTTP/1.1 GET https://localhost:7165/api/Tasks - 200 null application/json; charset=utf-8 7.882ms
2025-09-19 22:47:51.333 +05:30 [INF] Request starting HTTP/1.1 GET https://localhost:7165/api/Settings/Get - null null
2025-09-19 22:47:51.334 +05:30 [INF] Executing endpoint 'AuthNet.Controllers.SettingsController.GetCompanyInfo (AuthNet)'
2025-09-19 22:47:51.340 +05:30 [INF] Route matched with {action = "GetCompanyInfo", controller = "Settings"}. Executing controller action with signature System.Threading.Tasks.Task`1[Microsoft.AspNetCore.Mvc.IActionResult] GetCompanyInfo() on controller AuthNet.Controllers.SettingsController (AuthNet).
2025-09-19 22:47:51.350 +05:30 [INF] Executed DbCommand (9ms) [Parameters=[], CommandType='"Text"', CommandTimeout='30']
SELECT TOP(1) [c].[Id], [c].[Address], [c].[ContactNumber], [c].[Email], [c].[GSTIN], [c].[LogoFileExtension], [c].[LogoFilePath], [c].[LogoFileSizeInBytes], [c].[LogoName], [c].[Name], [c].[SignFileExtension], [c].[SignFilePath], [c].[SignFileSizeInBytes], [c].[SignName]
FROM [CompanyInfos] AS [c]
2025-09-19 22:47:51.351 +05:30 [INF] Executing OkObjectResult, writing value of type 'AuthNet.Models.DTO.CompanyInfoResponseDto'.
2025-09-19 22:47:51.353 +05:30 [INF] Executed action AuthNet.Controllers.SettingsController.GetCompanyInfo (AuthNet) in 12.6103ms
2025-09-19 22:47:51.353 +05:30 [INF] Executed endpoint 'AuthNet.Controllers.SettingsController.GetCompanyInfo (AuthNet)'
2025-09-19 22:47:51.353 +05:30 [INF] Request finished HTTP/1.1 GET https://localhost:7165/api/Settings/Get - 200 null application/json; charset=utf-8 19.8426ms
2025-09-19 22:47:51.483 +05:30 [INF] Request starting HTTP/2 GET https://localhost:7165/swagger/v1/swagger.json - null null
2025-09-19 22:47:51.542 +05:30 [INF] Request finished HTTP/2 GET https://localhost:7165/swagger/v1/swagger.json - 200 null application/json;charset=utf-8 59.5554ms
2025-09-19 22:47:51.834 +05:30 [INF] Request starting HTTP/2 GET https://localhost:7165/api/Sales/WeeklyProfit - null null
2025-09-19 22:47:51.834 +05:30 [INF] Request starting HTTP/2 GET https://localhost:7165/api/Products/CategoryWiseProductCount - null null
2025-09-19 22:47:51.835 +05:30 [INF] CORS policy execution successful.
2025-09-19 22:47:51.835 +05:30 [INF] Executing endpoint 'AuthNet.Controllers.ProductsController.GetCategoryWiseProductCount (AuthNet)'
2025-09-19 22:47:51.835 +05:30 [INF] CORS policy execution successful.
2025-09-19 22:47:51.835 +05:30 [INF] Executing endpoint 'AuthNet.Controllers.SalesController.GetWeeklyProfit (AuthNet)'
2025-09-19 22:47:51.839 +05:30 [INF] Route matched with {action = "GetCategoryWiseProductCount", controller = "Products"}. Executing controller action with signature System.Threading.Tasks.Task`1[Microsoft.AspNetCore.Mvc.IActionResult] GetCategoryWiseProductCount() on controller AuthNet.Controllers.ProductsController (AuthNet).
2025-09-19 22:47:51.839 +05:30 [INF] Route matched with {action = "GetWeeklyProfit", controller = "Sales"}. Executing controller action with signature System.Threading.Tasks.Task`1[Microsoft.AspNetCore.Mvc.IActionResult] GetWeeklyProfit() on controller AuthNet.Controllers.SalesController (AuthNet).
2025-09-19 22:47:51.851 +05:30 [INF] Executed DbCommand (12ms) [Parameters=[], CommandType='"Text"', CommandTimeout='30']
SELECT [c].[Name] AS [CategoryName], COUNT(*) AS [ProductCount]
FROM [Products] AS [p]
LEFT JOIN [Categories] AS [c] ON [p].[CategoryId] = [c].[CategoryId]
WHERE [c].[CategoryId] IS NOT NULL
GROUP BY [c].[Name]
2025-09-19 22:47:51.852 +05:30 [INF] Executing OkObjectResult, writing value of type 'System.Collections.Generic.List`1[[AuthNet.Models.DTO.CategoryProductCountDto, AuthNet, Version=1.0.0.0, Culture=neutral, PublicKeyToken=null]]'.
2025-09-19 22:47:51.853 +05:30 [INF] Executed action AuthNet.Controllers.ProductsController.GetCategoryWiseProductCount (AuthNet) in 14.0225ms
2025-09-19 22:47:51.853 +05:30 [INF] Executed endpoint 'AuthNet.Controllers.ProductsController.GetCategoryWiseProductCount (AuthNet)'
2025-09-19 22:47:51.853 +05:30 [INF] Request finished HTTP/2 GET https://localhost:7165/api/Products/CategoryWiseProductCount - 200 null application/json; charset=utf-8 18.7234ms
2025-09-19 22:47:51.853 +05:30 [INF] Executed DbCommand (10ms) [Parameters=[@__startDate_0='?' (DbType = DateTime2), @__endDate_1='?' (DbType = DateTime2)], CommandType='"Text"', CommandTimeout='30']
SELECT [s].[Id], [s].[ProductId], [s].[ProductName], [s].[Quantity], [s].[SaleId], [s].[TotalPrice], [s].[UnitPrice], [s0].[Id], [s0].[AfterTaxAmount], [s0].[CreatedAt], [s0].[DiscountedAmount], [s0].[InvoiceDate], [s0].[InvoiceNo], [s0].[PrincipalAmount], [s0].[Template], [s0].[TotalAmount]
FROM [SaleItems] AS [s]
INNER JOIN [Sales] AS [s0] ON [s].[SaleId] = [s0].[Id]
WHERE CONVERT(date, [s0].[InvoiceDate]) >= @__startDate_0 AND CONVERT(date, [s0].[InvoiceDate]) <= @__endDate_1
2025-09-19 22:47:51.862 +05:30 [INF] Executed DbCommand (9ms) [Parameters=[@__productIds_0='?' (Size = 4000)], CommandType='"Text"', CommandTimeout='30']
SELECT [p].[ProductId], [p].[CategoryId], [p].[CostPrice], [p].[Description], [p].[Name], [p].[ProductCode], [p].[ProductKey], [p].[SellPrice], [p].[SupplierId]
FROM [Products] AS [p]
WHERE [p].[ProductId] IN (
    SELECT [p0].[value]
    FROM OPENJSON(@__productIds_0) WITH ([value] int '$') AS [p0]
)
2025-09-19 22:47:51.863 +05:30 [INF] Executing OkObjectResult, writing value of type 'System.Collections.Generic.List`1[[AuthNet.Models.DTO.DailyProfitDto, AuthNet, Version=1.0.0.0, Culture=neutral, PublicKeyToken=null]]'.
2025-09-19 22:47:51.863 +05:30 [INF] Executed action AuthNet.Controllers.SalesController.GetWeeklyProfit (AuthNet) in 24.4779ms
2025-09-19 22:47:51.863 +05:30 [INF] Executed endpoint 'AuthNet.Controllers.SalesController.GetWeeklyProfit (AuthNet)'
2025-09-19 22:47:51.863 +05:30 [INF] Request finished HTTP/2 GET https://localhost:7165/api/Sales/WeeklyProfit - 200 null application/json; charset=utf-8 29.1564ms
2025-09-19 22:47:59.154 +05:30 [INF] Request starting HTTP/1.1 GET https://localhost:7165/api/Categories - null null
2025-09-19 22:47:59.155 +05:30 [INF] Executing endpoint 'AuthNet.Controllers.CategoriesController.GetAll (AuthNet)'
2025-09-19 22:47:59.159 +05:30 [INF] Route matched with {action = "GetAll", controller = "Categories"}. Executing controller action with signature System.Threading.Tasks.Task`1[Microsoft.AspNetCore.Mvc.IActionResult] GetAll() on controller AuthNet.Controllers.CategoriesController (AuthNet).
2025-09-19 22:47:59.166 +05:30 [INF] Executed DbCommand (3ms) [Parameters=[], CommandType='"Text"', CommandTimeout='30']
SELECT [c].[CategoryId], [c].[Description], [c].[Name]
FROM [Categories] AS [c]
2025-09-19 22:47:59.166 +05:30 [INF] Executing OkObjectResult, writing value of type 'System.Collections.Generic.List`1[[AuthNet.Models.Domain.Category, AuthNet, Version=1.0.0.0, Culture=neutral, PublicKeyToken=null]]'.
2025-09-19 22:47:59.169 +05:30 [INF] Executed action AuthNet.Controllers.CategoriesController.GetAll (AuthNet) in 9.7438ms
2025-09-19 22:47:59.169 +05:30 [INF] Executed endpoint 'AuthNet.Controllers.CategoriesController.GetAll (AuthNet)'
2025-09-19 22:47:59.170 +05:30 [INF] Request finished HTTP/1.1 GET https://localhost:7165/api/Categories - 200 null application/json; charset=utf-8 15.3323ms
2025-09-19 22:48:11.725 +05:30 [INF] Request starting HTTP/1.1 POST https://localhost:7165/api/Categories - application/json; charset=utf-8 null
2025-09-19 22:48:11.725 +05:30 [INF] Executing endpoint 'AuthNet.Controllers.CategoriesController.Create (AuthNet)'
2025-09-19 22:48:11.735 +05:30 [INF] Route matched with {action = "Create", controller = "Categories"}. Executing controller action with signature System.Threading.Tasks.Task`1[Microsoft.AspNetCore.Mvc.IActionResult] Create(AuthNet.Models.Domain.Category) on controller AuthNet.Controllers.CategoriesController (AuthNet).
2025-09-19 22:48:11.768 +05:30 [INF] Executed DbCommand (13ms) [Parameters=[@p0='?' (Size = 4000), @p1='?' (Size = 4000)], CommandType='"Text"', CommandTimeout='30']
SET IMPLICIT_TRANSACTIONS OFF;
SET NOCOUNT ON;
INSERT INTO [Categories] ([Description], [Name])
OUTPUT INSERTED.[CategoryId]
VALUES (@p0, @p1);
2025-09-19 22:48:11.783 +05:30 [INF] Executed DbCommand (3ms) [Parameters=[@__id_0='?' (DbType = Int32)], CommandType='"Text"', CommandTimeout='30']
SELECT TOP(1) [c].[CategoryId], [c].[Description], [c].[Name]
FROM [Categories] AS [c]
WHERE [c].[CategoryId] = @__id_0
2025-09-19 22:48:11.784 +05:30 [INF] Executing CreatedAtActionResult, writing value of type 'AuthNet.Models.DTO.CategoryDto'.
2025-09-19 22:48:11.785 +05:30 [INF] Executed action AuthNet.Controllers.CategoriesController.Create (AuthNet) in 50.2808ms
2025-09-19 22:48:11.785 +05:30 [INF] Executed endpoint 'AuthNet.Controllers.CategoriesController.Create (AuthNet)'
2025-09-19 22:48:11.785 +05:30 [INF] Request finished HTTP/1.1 POST https://localhost:7165/api/Categories - 201 null application/json; charset=utf-8 60.8071ms
2025-09-19 22:48:11.825 +05:30 [INF] Request starting HTTP/1.1 GET https://localhost:7165/api/Categories - null null
2025-09-19 22:48:11.828 +05:30 [INF] Executing endpoint 'AuthNet.Controllers.CategoriesController.GetAll (AuthNet)'
2025-09-19 22:48:11.828 +05:30 [INF] Route matched with {action = "GetAll", controller = "Categories"}. Executing controller action with signature System.Threading.Tasks.Task`1[Microsoft.AspNetCore.Mvc.IActionResult] GetAll() on controller AuthNet.Controllers.CategoriesController (AuthNet).
2025-09-19 22:48:11.833 +05:30 [INF] Executed DbCommand (3ms) [Parameters=[], CommandType='"Text"', CommandTimeout='30']
SELECT [c].[CategoryId], [c].[Description], [c].[Name]
FROM [Categories] AS [c]
2025-09-19 22:48:11.833 +05:30 [INF] Executing OkObjectResult, writing value of type 'System.Collections.Generic.List`1[[AuthNet.Models.Domain.Category, AuthNet, Version=1.0.0.0, Culture=neutral, PublicKeyToken=null]]'.
2025-09-19 22:48:11.833 +05:30 [INF] Executed action AuthNet.Controllers.CategoriesController.GetAll (AuthNet) in 5.2356ms
2025-09-19 22:48:11.833 +05:30 [INF] Executed endpoint 'AuthNet.Controllers.CategoriesController.GetAll (AuthNet)'
2025-09-19 22:48:11.834 +05:30 [INF] Request finished HTTP/1.1 GET https://localhost:7165/api/Categories - 200 null application/json; charset=utf-8 9.0269ms
2025-09-19 22:48:14.171 +05:30 [INF] Request starting HTTP/1.1 GET https://localhost:7165/api/Products - null null
2025-09-19 22:48:14.171 +05:30 [INF] Executing endpoint 'AuthNet.Controllers.ProductsController.GetAll (AuthNet)'
2025-09-19 22:48:14.175 +05:30 [INF] Route matched with {action = "GetAll", controller = "Products"}. Executing controller action with signature System.Threading.Tasks.Task`1[Microsoft.AspNetCore.Mvc.IActionResult] GetAll() on controller AuthNet.Controllers.ProductsController (AuthNet).
2025-09-19 22:48:14.181 +05:30 [INF] Executed DbCommand (4ms) [Parameters=[], CommandType='"Text"', CommandTimeout='30']
SELECT [p].[ProductId], [p].[CategoryId], [p].[CostPrice], [p].[Description], [p].[Name], [p].[ProductCode], [p].[ProductKey], [p].[SellPrice], [p].[SupplierId]
FROM [Products] AS [p]
2025-09-19 22:48:14.182 +05:30 [INF] Executing OkObjectResult, writing value of type 'System.Collections.Generic.List`1[[AuthNet.Models.Domain.Product, AuthNet, Version=1.0.0.0, Culture=neutral, PublicKeyToken=null]]'.
2025-09-19 22:48:14.183 +05:30 [INF] Executed action AuthNet.Controllers.ProductsController.GetAll (AuthNet) in 7.8989ms
2025-09-19 22:48:14.183 +05:30 [INF] Executed endpoint 'AuthNet.Controllers.ProductsController.GetAll (AuthNet)'
2025-09-19 22:48:14.183 +05:30 [INF] Request finished HTTP/1.1 GET https://localhost:7165/api/Products - 200 null application/json; charset=utf-8 12.4923ms
2025-09-19 22:48:16.330 +05:30 [INF] Request starting HTTP/1.1 GET https://localhost:7165/api/categories - null null
2025-09-19 22:48:16.330 +05:30 [INF] Executing endpoint 'AuthNet.Controllers.CategoriesController.GetAll (AuthNet)'
2025-09-19 22:48:16.331 +05:30 [INF] Route matched with {action = "GetAll", controller = "Categories"}. Executing controller action with signature System.Threading.Tasks.Task`1[Microsoft.AspNetCore.Mvc.IActionResult] GetAll() on controller AuthNet.Controllers.CategoriesController (AuthNet).
2025-09-19 22:48:16.334 +05:30 [INF] Executed DbCommand (3ms) [Parameters=[], CommandType='"Text"', CommandTimeout='30']
SELECT [c].[CategoryId], [c].[Description], [c].[Name]
FROM [Categories] AS [c]
2025-09-19 22:48:16.335 +05:30 [INF] Executing OkObjectResult, writing value of type 'System.Collections.Generic.List`1[[AuthNet.Models.Domain.Category, AuthNet, Version=1.0.0.0, Culture=neutral, PublicKeyToken=null]]'.
2025-09-19 22:48:16.335 +05:30 [INF] Executed action AuthNet.Controllers.CategoriesController.GetAll (AuthNet) in 4.369ms
2025-09-19 22:48:16.335 +05:30 [INF] Executed endpoint 'AuthNet.Controllers.CategoriesController.GetAll (AuthNet)'
2025-09-19 22:48:16.335 +05:30 [INF] Request finished HTTP/1.1 GET https://localhost:7165/api/categories - 200 null application/json; charset=utf-8 5.1819ms
2025-09-19 22:48:16.351 +05:30 [INF] Request starting HTTP/1.1 GET https://localhost:7165/api/suppliers - null null
2025-09-19 22:48:16.352 +05:30 [INF] Executing endpoint 'AuthNet.Controllers.SuppliersController.GetAll (AuthNet)'
2025-09-19 22:48:16.355 +05:30 [INF] Route matched with {action = "GetAll", controller = "Suppliers"}. Executing controller action with signature System.Threading.Tasks.Task`1[Microsoft.AspNetCore.Mvc.IActionResult] GetAll() on controller AuthNet.Controllers.SuppliersController (AuthNet).
2025-09-19 22:48:16.362 +05:30 [INF] Executed DbCommand (6ms) [Parameters=[], CommandType='"Text"', CommandTimeout='30']
SELECT [s].[SupplierId], [s].[CompanyName], [s].[ContactName], [s].[Phone], [s].[Address]
FROM [Suppliers] AS [s]
2025-09-19 22:48:16.363 +05:30 [INF] Executing OkObjectResult, writing value of type 'System.Collections.Generic.List`1[[AuthNet.Models.DTO.SupplierViewModel, AuthNet, Version=1.0.0.0, Culture=neutral, PublicKeyToken=null]]'.
2025-09-19 22:48:16.364 +05:30 [INF] Executed action AuthNet.Controllers.SuppliersController.GetAll (AuthNet) in 8.8854ms
2025-09-19 22:48:16.364 +05:30 [INF] Executed endpoint 'AuthNet.Controllers.SuppliersController.GetAll (AuthNet)'
2025-09-19 22:48:16.364 +05:30 [INF] Request finished HTTP/1.1 GET https://localhost:7165/api/suppliers - 200 null application/json; charset=utf-8 12.8315ms
2025-09-19 22:48:56.822 +05:30 [INF] Request starting HTTP/1.1 POST https://localhost:7165/api/Products - application/json; charset=utf-8 null
2025-09-19 22:48:56.823 +05:30 [INF] Executing endpoint 'AuthNet.Controllers.ProductsController.Create (AuthNet)'
2025-09-19 22:48:56.831 +05:30 [INF] Route matched with {action = "Create", controller = "Products"}. Executing controller action with signature System.Threading.Tasks.Task`1[Microsoft.AspNetCore.Mvc.IActionResult] Create(AuthNet.Models.Domain.Product) on controller AuthNet.Controllers.ProductsController (AuthNet).
2025-09-19 22:48:56.842 +05:30 [INF] Executed DbCommand (6ms) [Parameters=[@__product_ProductKey_0='?' (DbType = Int32)], CommandType='"Text"', CommandTimeout='30']
SELECT CASE
    WHEN EXISTS (
        SELECT 1
        FROM [Products] AS [p]
        WHERE [p].[ProductKey] = @__product_ProductKey_0) THEN CAST(1 AS bit)
    ELSE CAST(0 AS bit)
END
2025-09-19 22:48:56.851 +05:30 [INF] Executed DbCommand (6ms) [Parameters=[@p0='?' (DbType = Int32), @p1='?' (Precision = 18) (Scale = 2) (DbType = Decimal), @p2='?' (Size = 4000), @p3='?' (Size = 100), @p4='?' (Size = 4000), @p5='?' (DbType = Int32), @p6='?' (Precision = 18) (Scale = 2) (DbType = Decimal), @p7='?' (DbType = Int32)], CommandType='"Text"', CommandTimeout='30']
SET IMPLICIT_TRANSACTIONS OFF;
SET NOCOUNT ON;
INSERT INTO [Products] ([CategoryId], [CostPrice], [Description], [Name], [ProductCode], [ProductKey], [SellPrice], [SupplierId])
OUTPUT INSERTED.[ProductId]
VALUES (@p0, @p1, @p2, @p3, @p4, @p5, @p6, @p7);
2025-09-19 22:48:56.851 +05:30 [INF] Executing CreatedAtActionResult, writing value of type 'AuthNet.Models.Domain.Product'.
2025-09-19 22:48:56.851 +05:30 [INF] Executed action AuthNet.Controllers.ProductsController.Create (AuthNet) in 20.4772ms
2025-09-19 22:48:56.851 +05:30 [INF] Executed endpoint 'AuthNet.Controllers.ProductsController.Create (AuthNet)'
2025-09-19 22:48:56.852 +05:30 [INF] Request finished HTTP/1.1 POST https://localhost:7165/api/Products - 201 null application/json; charset=utf-8 29.3706ms
2025-09-19 22:48:56.879 +05:30 [INF] Request starting HTTP/1.1 GET https://localhost:7165/api/Products - null null
2025-09-19 22:48:56.879 +05:30 [INF] Executing endpoint 'AuthNet.Controllers.ProductsController.GetAll (AuthNet)'
2025-09-19 22:48:56.879 +05:30 [INF] Route matched with {action = "GetAll", controller = "Products"}. Executing controller action with signature System.Threading.Tasks.Task`1[Microsoft.AspNetCore.Mvc.IActionResult] GetAll() on controller AuthNet.Controllers.ProductsController (AuthNet).
2025-09-19 22:48:56.883 +05:30 [INF] Executed DbCommand (3ms) [Parameters=[], CommandType='"Text"', CommandTimeout='30']
SELECT [p].[ProductId], [p].[CategoryId], [p].[CostPrice], [p].[Description], [p].[Name], [p].[ProductCode], [p].[ProductKey], [p].[SellPrice], [p].[SupplierId]
FROM [Products] AS [p]
2025-09-19 22:48:56.883 +05:30 [INF] Executing OkObjectResult, writing value of type 'System.Collections.Generic.List`1[[AuthNet.Models.Domain.Product, AuthNet, Version=1.0.0.0, Culture=neutral, PublicKeyToken=null]]'.
2025-09-19 22:48:56.883 +05:30 [INF] Executed action AuthNet.Controllers.ProductsController.GetAll (AuthNet) in 4.2497ms
2025-09-19 22:48:56.883 +05:30 [INF] Executed endpoint 'AuthNet.Controllers.ProductsController.GetAll (AuthNet)'
2025-09-19 22:48:56.884 +05:30 [INF] Request finished HTTP/1.1 GET https://localhost:7165/api/Products - 200 null application/json; charset=utf-8 5.2201ms
2025-09-19 22:48:59.583 +05:30 [INF] Request starting HTTP/1.1 GET https://localhost:7165/api/Products - null null
2025-09-19 22:48:59.583 +05:30 [INF] Executing endpoint 'AuthNet.Controllers.ProductsController.GetAll (AuthNet)'
2025-09-19 22:48:59.583 +05:30 [INF] Route matched with {action = "GetAll", controller = "Products"}. Executing controller action with signature System.Threading.Tasks.Task`1[Microsoft.AspNetCore.Mvc.IActionResult] GetAll() on controller AuthNet.Controllers.ProductsController (AuthNet).
2025-09-19 22:48:59.589 +05:30 [INF] Executed DbCommand (5ms) [Parameters=[], CommandType='"Text"', CommandTimeout='30']
SELECT [p].[ProductId], [p].[CategoryId], [p].[CostPrice], [p].[Description], [p].[Name], [p].[ProductCode], [p].[ProductKey], [p].[SellPrice], [p].[SupplierId]
FROM [Products] AS [p]
2025-09-19 22:48:59.590 +05:30 [INF] Executing OkObjectResult, writing value of type 'System.Collections.Generic.List`1[[AuthNet.Models.Domain.Product, AuthNet, Version=1.0.0.0, Culture=neutral, PublicKeyToken=null]]'.
2025-09-19 22:48:59.591 +05:30 [INF] Executed action AuthNet.Controllers.ProductsController.GetAll (AuthNet) in 7.483ms
2025-09-19 22:48:59.591 +05:30 [INF] Executed endpoint 'AuthNet.Controllers.ProductsController.GetAll (AuthNet)'
2025-09-19 22:48:59.591 +05:30 [INF] Request finished HTTP/1.1 GET https://localhost:7165/api/Products - 200 null application/json; charset=utf-8 8.3352ms
2025-09-19 22:48:59.613 +05:30 [INF] Request starting HTTP/1.1 GET https://localhost:7165/api/InvoiceTemplates - null null
2025-09-19 22:48:59.613 +05:30 [INF] Executing endpoint 'AuthNet.Controllers.InvoiceTemplatesController.GetAll (AuthNet)'
2025-09-19 22:48:59.617 +05:30 [INF] Route matched with {action = "GetAll", controller = "InvoiceTemplates"}. Executing controller action with signature System.Threading.Tasks.Task`1[Microsoft.AspNetCore.Mvc.IActionResult] GetAll() on controller AuthNet.Controllers.InvoiceTemplatesController (AuthNet).
2025-09-19 22:48:59.640 +05:30 [INF] Executed DbCommand (10ms) [Parameters=[], CommandType='"Text"', CommandTimeout='30']
SELECT [i].[Id], [i].[Layout], [i].[Notes], [i].[TermsAndConditions]
FROM [InvoiceTemplates] AS [i]
2025-09-19 22:48:59.653 +05:30 [INF] Executing OkObjectResult, writing value of type 'System.Collections.Generic.List`1[[AuthNet.Models.Domain.InvoiceTemplate, AuthNet, Version=1.0.0.0, Culture=neutral, PublicKeyToken=null]]'.
2025-09-19 22:48:59.655 +05:30 [INF] Executed action AuthNet.Controllers.InvoiceTemplatesController.GetAll (AuthNet) in 38.0083ms
2025-09-19 22:48:59.656 +05:30 [INF] Executed endpoint 'AuthNet.Controllers.InvoiceTemplatesController.GetAll (AuthNet)'
2025-09-19 22:48:59.656 +05:30 [INF] Request finished HTTP/1.1 GET https://localhost:7165/api/InvoiceTemplates - 200 null application/json; charset=utf-8 42.8741ms
2025-09-19 22:48:59.683 +05:30 [INF] Request starting HTTP/1.1 GET https://localhost:7165/api/categories - null null
2025-09-19 22:48:59.684 +05:30 [INF] Executing endpoint 'AuthNet.Controllers.CategoriesController.GetAll (AuthNet)'
2025-09-19 22:48:59.684 +05:30 [INF] Route matched with {action = "GetAll", controller = "Categories"}. Executing controller action with signature System.Threading.Tasks.Task`1[Microsoft.AspNetCore.Mvc.IActionResult] GetAll() on controller AuthNet.Controllers.CategoriesController (AuthNet).
2025-09-19 22:48:59.687 +05:30 [INF] Executed DbCommand (3ms) [Parameters=[], CommandType='"Text"', CommandTimeout='30']
SELECT [c].[CategoryId], [c].[Description], [c].[Name]
FROM [Categories] AS [c]
2025-09-19 22:48:59.687 +05:30 [INF] Executing OkObjectResult, writing value of type 'System.Collections.Generic.List`1[[AuthNet.Models.Domain.Category, AuthNet, Version=1.0.0.0, Culture=neutral, PublicKeyToken=null]]'.
2025-09-19 22:48:59.687 +05:30 [INF] Executed action AuthNet.Controllers.CategoriesController.GetAll (AuthNet) in 3.579ms
2025-09-19 22:48:59.687 +05:30 [INF] Executed endpoint 'AuthNet.Controllers.CategoriesController.GetAll (AuthNet)'
2025-09-19 22:48:59.688 +05:30 [INF] Request finished HTTP/1.1 GET https://localhost:7165/api/categories - 200 null application/json; charset=utf-8 4.4408ms
2025-09-19 22:48:59.702 +05:30 [INF] Request starting HTTP/1.1 GET https://localhost:7165/api/Settings/Get - null null
2025-09-19 22:48:59.704 +05:30 [INF] Executing endpoint 'AuthNet.Controllers.SettingsController.GetCompanyInfo (AuthNet)'
2025-09-19 22:48:59.705 +05:30 [INF] Route matched with {action = "GetCompanyInfo", controller = "Settings"}. Executing controller action with signature System.Threading.Tasks.Task`1[Microsoft.AspNetCore.Mvc.IActionResult] GetCompanyInfo() on controller AuthNet.Controllers.SettingsController (AuthNet).
2025-09-19 22:48:59.711 +05:30 [INF] Executed DbCommand (5ms) [Parameters=[], CommandType='"Text"', CommandTimeout='30']
SELECT TOP(1) [c].[Id], [c].[Address], [c].[ContactNumber], [c].[Email], [c].[GSTIN], [c].[LogoFileExtension], [c].[LogoFilePath], [c].[LogoFileSizeInBytes], [c].[LogoName], [c].[Name], [c].[SignFileExtension], [c].[SignFilePath], [c].[SignFileSizeInBytes], [c].[SignName]
FROM [CompanyInfos] AS [c]
2025-09-19 22:48:59.711 +05:30 [INF] Executing OkObjectResult, writing value of type 'AuthNet.Models.DTO.CompanyInfoResponseDto'.
2025-09-19 22:48:59.711 +05:30 [INF] Executed action AuthNet.Controllers.SettingsController.GetCompanyInfo (AuthNet) in 6.3279ms
2025-09-19 22:48:59.711 +05:30 [INF] Executed endpoint 'AuthNet.Controllers.SettingsController.GetCompanyInfo (AuthNet)'
2025-09-19 22:48:59.711 +05:30 [INF] Request finished HTTP/1.1 GET https://localhost:7165/api/Settings/Get - 200 null application/json; charset=utf-8 8.8822ms
2025-09-19 22:48:59.730 +05:30 [INF] Request starting HTTP/1.1 GET https://localhost:7165/api/TaxSettings - null null
2025-09-19 22:48:59.730 +05:30 [INF] Executing endpoint 'AuthNet.Controllers.TaxSettingsController.GetAll (AuthNet)'
2025-09-19 22:48:59.733 +05:30 [INF] Route matched with {action = "GetAll", controller = "TaxSettings"}. Executing controller action with signature System.Threading.Tasks.Task`1[Microsoft.AspNetCore.Mvc.IActionResult] GetAll() on controller AuthNet.Controllers.TaxSettingsController (AuthNet).
2025-09-19 22:48:59.736 +05:30 [WRN] The query uses the 'First'/'FirstOrDefault' operator without 'OrderBy' and filter operators. This may lead to unpredictable results.
2025-09-19 22:48:59.747 +05:30 [INF] Executed DbCommand (6ms) [Parameters=[], CommandType='"Text"', CommandTimeout='30']
SELECT TOP(1) [t].[Id], [t].[CGST], [t].[IGST], [t].[SGST]
FROM [TaxSettings] AS [t]
2025-09-19 22:48:59.756 +05:30 [INF] Executing OkObjectResult, writing value of type 'AuthNet.Models.DTO.TaxSettingResponseDto'.
2025-09-19 22:48:59.759 +05:30 [INF] Executed action AuthNet.Controllers.TaxSettingsController.GetAll (AuthNet) in 26.0611ms
2025-09-19 22:48:59.759 +05:30 [INF] Executed endpoint 'AuthNet.Controllers.TaxSettingsController.GetAll (AuthNet)'
2025-09-19 22:48:59.760 +05:30 [INF] Request finished HTTP/1.1 GET https://localhost:7165/api/TaxSettings - 200 null application/json; charset=utf-8 29.8195ms
2025-09-19 22:49:04.145 +05:30 [INF] Request starting HTTP/2 OPTIONS https://localhost:7165/api/Sales - null null
2025-09-19 22:49:04.145 +05:30 [INF] CORS policy execution successful.
2025-09-19 22:49:04.149 +05:30 [INF] Request finished HTTP/2 OPTIONS https://localhost:7165/api/Sales - 204 null null 4.3241ms
2025-09-19 22:49:04.152 +05:30 [INF] Request starting HTTP/2 POST https://localhost:7165/api/Sales - application/json 157
2025-09-19 22:49:04.153 +05:30 [INF] CORS policy execution successful.
2025-09-19 22:49:04.153 +05:30 [INF] Executing endpoint 'AuthNet.Controllers.SalesController.Create (AuthNet)'
2025-09-19 22:49:04.158 +05:30 [INF] Route matched with {action = "Create", controller = "Sales"}. Executing controller action with signature System.Threading.Tasks.Task`1[Microsoft.AspNetCore.Mvc.IActionResult] Create(AuthNet.Models.DTO.SaleDto) on controller AuthNet.Controllers.SalesController (AuthNet).
2025-09-19 22:49:04.265 +05:30 [INF] Executed DbCommand (8ms) [Parameters=[@p0='?' (Precision = 18) (Scale = 2) (DbType = Decimal), @p1='?' (DbType = DateTime2), @p2='?' (Precision = 18) (Scale = 2) (DbType = Decimal), @p3='?' (DbType = DateTime2), @p4='?' (Size = 4000), @p5='?' (Precision = 18) (Scale = 2) (DbType = Decimal), @p6='?' (Size = 4000), @p7='?' (Precision = 18) (Scale = 2) (DbType = Decimal)], CommandType='"Text"', CommandTimeout='30']
SET IMPLICIT_TRANSACTIONS OFF;
SET NOCOUNT ON;
INSERT INTO [Sales] ([AfterTaxAmount], [CreatedAt], [DiscountedAmount], [InvoiceDate], [InvoiceNo], [PrincipalAmount], [Template], [TotalAmount])
OUTPUT INSERTED.[Id]
VALUES (@p0, @p1, @p2, @p3, @p4, @p5, @p6, @p7);
2025-09-19 22:49:04.275 +05:30 [INF] Executed DbCommand (5ms) [Parameters=[@p8='?' (DbType = Int32), @p9='?' (Size = 4000), @p10='?' (DbType = Int32), @p11='?' (DbType = Int32), @p12='?' (Precision = 18) (Scale = 2) (DbType = Decimal), @p13='?' (Precision = 18) (Scale = 2) (DbType = Decimal)], CommandType='"Text"', CommandTimeout='30']
SET IMPLICIT_TRANSACTIONS OFF;
SET NOCOUNT ON;
INSERT INTO [SaleItems] ([ProductId], [ProductName], [Quantity], [SaleId], [TotalPrice], [UnitPrice])
OUTPUT INSERTED.[Id]
VALUES (@p8, @p9, @p10, @p11, @p12, @p13);
2025-09-19 22:49:04.295 +05:30 [INF] Executing OkObjectResult, writing value of type '<>f__AnonymousType3`2[[System.Boolean, System.Private.CoreLib, Version=8.0.0.0, Culture=neutral, PublicKeyToken=7cec85d7bea7798e],[System.String, System.Private.CoreLib, Version=8.0.0.0, Culture=neutral, PublicKeyToken=7cec85d7bea7798e]]'.
2025-09-19 22:49:04.303 +05:30 [INF] Executed action AuthNet.Controllers.SalesController.Create (AuthNet) in 144.9869ms
2025-09-19 22:49:04.303 +05:30 [INF] Executed endpoint 'AuthNet.Controllers.SalesController.Create (AuthNet)'
2025-09-19 22:49:04.303 +05:30 [INF] Request finished HTTP/2 POST https://localhost:7165/api/Sales - 200 null application/json; charset=utf-8 150.9098ms
2025-09-19 22:49:06.071 +05:30 [INF] Request starting HTTP/1.1 GET https://localhost:7165/api/Sales/DailyProfit - null null
2025-09-19 22:49:06.072 +05:30 [INF] Executing endpoint 'AuthNet.Controllers.SalesController.GetDailyProfit (AuthNet)'
2025-09-19 22:49:06.072 +05:30 [INF] Route matched with {action = "GetDailyProfit", controller = "Sales"}. Executing controller action with signature System.Threading.Tasks.Task`1[Microsoft.AspNetCore.Mvc.IActionResult] GetDailyProfit() on controller AuthNet.Controllers.SalesController (AuthNet).
2025-09-19 22:49:06.087 +05:30 [INF] Executed DbCommand (8ms) [Parameters=[@__date_Date_0='?' (DbType = DateTime2)], CommandType='"Text"', CommandTimeout='30']
SELECT [s].[Id], [s].[ProductId], [s].[ProductName], [s].[Quantity], [s].[SaleId], [s].[TotalPrice], [s].[UnitPrice], [s0].[Id], [s0].[AfterTaxAmount], [s0].[CreatedAt], [s0].[DiscountedAmount], [s0].[InvoiceDate], [s0].[InvoiceNo], [s0].[PrincipalAmount], [s0].[Template], [s0].[TotalAmount]
FROM [SaleItems] AS [s]
INNER JOIN [Sales] AS [s0] ON [s].[SaleId] = [s0].[Id]
WHERE CONVERT(date, [s0].[InvoiceDate]) = @__date_Date_0
2025-09-19 22:49:06.098 +05:30 [INF] Executed DbCommand (10ms) [Parameters=[@__productIds_0='?' (Size = 4000)], CommandType='"Text"', CommandTimeout='30']
SELECT [p].[ProductId], [p].[CategoryId], [p].[CostPrice], [p].[Description], [p].[Name], [p].[ProductCode], [p].[ProductKey], [p].[SellPrice], [p].[SupplierId]
FROM [Products] AS [p]
WHERE [p].[ProductId] IN (
    SELECT [p0].[value]
    FROM OPENJSON(@__productIds_0) WITH ([value] int '$') AS [p0]
)
2025-09-19 22:49:06.098 +05:30 [INF] Executing OkObjectResult, writing value of type 'AuthNet.Models.DTO.DailyProfitDto'.
2025-09-19 22:49:06.098 +05:30 [INF] Executed action AuthNet.Controllers.SalesController.GetDailyProfit (AuthNet) in 26.2276ms
2025-09-19 22:49:06.098 +05:30 [INF] Executed endpoint 'AuthNet.Controllers.SalesController.GetDailyProfit (AuthNet)'
2025-09-19 22:49:06.099 +05:30 [INF] Request finished HTTP/1.1 GET https://localhost:7165/api/Sales/DailyProfit - 200 null application/json; charset=utf-8 27.638ms
2025-09-19 22:49:06.118 +05:30 [INF] Request starting HTTP/1.1 GET https://localhost:7165/api/Sales/CurrentMonthProfit - null null
2025-09-19 22:49:06.118 +05:30 [INF] Executing endpoint 'AuthNet.Controllers.SalesController.GetCurrentMonthProfit (AuthNet)'
2025-09-19 22:49:06.118 +05:30 [INF] Route matched with {action = "GetCurrentMonthProfit", controller = "Sales"}. Executing controller action with signature System.Threading.Tasks.Task`1[Microsoft.AspNetCore.Mvc.IActionResult] GetCurrentMonthProfit() on controller AuthNet.Controllers.SalesController (AuthNet).
2025-09-19 22:49:06.134 +05:30 [INF] Executed DbCommand (14ms) [Parameters=[@__currentYear_0='?' (DbType = Int32), @__currentMonth_1='?' (DbType = Int32)], CommandType='"Text"', CommandTimeout='30']
SELECT [s].[Id], [s].[ProductId], [s].[ProductName], [s].[Quantity], [s].[SaleId], [s].[TotalPrice], [s].[UnitPrice], [s0].[Id], [s0].[AfterTaxAmount], [s0].[CreatedAt], [s0].[DiscountedAmount], [s0].[InvoiceDate], [s0].[InvoiceNo], [s0].[PrincipalAmount], [s0].[Template], [s0].[TotalAmount]
FROM [SaleItems] AS [s]
INNER JOIN [Sales] AS [s0] ON [s].[SaleId] = [s0].[Id]
WHERE DATEPART(year, [s0].[InvoiceDate]) = @__currentYear_0 AND DATEPART(month, [s0].[InvoiceDate]) = @__currentMonth_1
2025-09-19 22:49:06.146 +05:30 [INF] Executed DbCommand (12ms) [Parameters=[@__productIds_0='?' (Size = 4000)], CommandType='"Text"', CommandTimeout='30']
SELECT [p].[ProductId], [p].[CategoryId], [p].[CostPrice], [p].[Description], [p].[Name], [p].[ProductCode], [p].[ProductKey], [p].[SellPrice], [p].[SupplierId]
FROM [Products] AS [p]
WHERE [p].[ProductId] IN (
    SELECT [p0].[value]
    FROM OPENJSON(@__productIds_0) WITH ([value] int '$') AS [p0]
)
2025-09-19 22:49:06.146 +05:30 [INF] Executing OkObjectResult, writing value of type 'AuthNet.Models.DTO.MonthlyProfitDto'.
2025-09-19 22:49:06.146 +05:30 [INF] Executed action AuthNet.Controllers.SalesController.GetCurrentMonthProfit (AuthNet) in 27.9033ms
2025-09-19 22:49:06.146 +05:30 [INF] Executed endpoint 'AuthNet.Controllers.SalesController.GetCurrentMonthProfit (AuthNet)'
2025-09-19 22:49:06.147 +05:30 [INF] Request finished HTTP/1.1 GET https://localhost:7165/api/Sales/CurrentMonthProfit - 200 null application/json; charset=utf-8 28.6321ms
2025-09-19 22:49:06.172 +05:30 [INF] Request starting HTTP/1.1 GET https://localhost:7165/api/Sales/CurrentYearProfit - null null
2025-09-19 22:49:06.172 +05:30 [INF] Executing endpoint 'AuthNet.Controllers.SalesController.GetCurrentYearProfit (AuthNet)'
2025-09-19 22:49:06.172 +05:30 [INF] Route matched with {action = "GetCurrentYearProfit", controller = "Sales"}. Executing controller action with signature System.Threading.Tasks.Task`1[Microsoft.AspNetCore.Mvc.IActionResult] GetCurrentYearProfit() on controller AuthNet.Controllers.SalesController (AuthNet).
2025-09-19 22:49:06.195 +05:30 [INF] Executed DbCommand (17ms) [Parameters=[@__currentYear_0='?' (DbType = Int32)], CommandType='"Text"', CommandTimeout='30']
SELECT [s].[Id], [s].[ProductId], [s].[ProductName], [s].[Quantity], [s].[SaleId], [s].[TotalPrice], [s].[UnitPrice], [s0].[Id], [s0].[AfterTaxAmount], [s0].[CreatedAt], [s0].[DiscountedAmount], [s0].[InvoiceDate], [s0].[InvoiceNo], [s0].[PrincipalAmount], [s0].[Template], [s0].[TotalAmount]
FROM [SaleItems] AS [s]
INNER JOIN [Sales] AS [s0] ON [s].[SaleId] = [s0].[Id]
WHERE DATEPART(year, [s0].[InvoiceDate]) = @__currentYear_0
2025-09-19 22:49:06.206 +05:30 [INF] Executed DbCommand (8ms) [Parameters=[@__productIds_0='?' (Size = 4000)], CommandType='"Text"', CommandTimeout='30']
SELECT [p].[ProductId], [p].[CategoryId], [p].[CostPrice], [p].[Description], [p].[Name], [p].[ProductCode], [p].[ProductKey], [p].[SellPrice], [p].[SupplierId]
FROM [Products] AS [p]
WHERE [p].[ProductId] IN (
    SELECT [p0].[value]
    FROM OPENJSON(@__productIds_0) WITH ([value] int '$') AS [p0]
)
2025-09-19 22:49:06.213 +05:30 [INF] Executing OkObjectResult, writing value of type 'AuthNet.Models.DTO.YearlyProfitDto'.
2025-09-19 22:49:06.213 +05:30 [INF] Executed action AuthNet.Controllers.SalesController.GetCurrentYearProfit (AuthNet) in 40.6606ms
2025-09-19 22:49:06.213 +05:30 [INF] Executed endpoint 'AuthNet.Controllers.SalesController.GetCurrentYearProfit (AuthNet)'
2025-09-19 22:49:06.213 +05:30 [INF] Request finished HTTP/1.1 GET https://localhost:7165/api/Sales/CurrentYearProfit - 200 null application/json; charset=utf-8 41.269ms
2025-09-19 22:49:06.230 +05:30 [INF] Request starting HTTP/1.1 GET https://localhost:7165/api/Tasks - null null
2025-09-19 22:49:06.231 +05:30 [INF] Executing endpoint 'AuthNet.Controllers.TasksController.GetTasks (AuthNet)'
2025-09-19 22:49:06.231 +05:30 [INF] Route matched with {action = "GetTasks", controller = "Tasks"}. Executing controller action with signature Microsoft.AspNetCore.Mvc.IActionResult GetTasks() on controller AuthNet.Controllers.TasksController (AuthNet).
2025-09-19 22:49:06.233 +05:30 [INF] Executed DbCommand (2ms) [Parameters=[], CommandType='"Text"', CommandTimeout='30']
SELECT [t].[Id], [t].[Title], [t].[DueDate]
FROM [Tasks] AS [t]
2025-09-19 22:49:06.233 +05:30 [INF] Executing OkObjectResult, writing value of type 'System.Collections.Generic.List`1[[AuthNet.Models.DTO.TaskItemDto, AuthNet, Version=1.0.0.0, Culture=neutral, PublicKeyToken=null]]'.
2025-09-19 22:49:06.234 +05:30 [INF] Executed action AuthNet.Controllers.TasksController.GetTasks (AuthNet) in 2.7045ms
2025-09-19 22:49:06.234 +05:30 [INF] Executed endpoint 'AuthNet.Controllers.TasksController.GetTasks (AuthNet)'
2025-09-19 22:49:06.234 +05:30 [INF] Request finished HTTP/1.1 GET https://localhost:7165/api/Tasks - 200 null application/json; charset=utf-8 3.3987ms
2025-09-19 22:49:06.247 +05:30 [INF] Request starting HTTP/1.1 GET https://localhost:7165/api/Settings/Get - null null
2025-09-19 22:49:06.248 +05:30 [INF] Executing endpoint 'AuthNet.Controllers.SettingsController.GetCompanyInfo (AuthNet)'
2025-09-19 22:49:06.248 +05:30 [INF] Route matched with {action = "GetCompanyInfo", controller = "Settings"}. Executing controller action with signature System.Threading.Tasks.Task`1[Microsoft.AspNetCore.Mvc.IActionResult] GetCompanyInfo() on controller AuthNet.Controllers.SettingsController (AuthNet).
2025-09-19 22:49:06.252 +05:30 [INF] Executed DbCommand (3ms) [Parameters=[], CommandType='"Text"', CommandTimeout='30']
SELECT TOP(1) [c].[Id], [c].[Address], [c].[ContactNumber], [c].[Email], [c].[GSTIN], [c].[LogoFileExtension], [c].[LogoFilePath], [c].[LogoFileSizeInBytes], [c].[LogoName], [c].[Name], [c].[SignFileExtension], [c].[SignFilePath], [c].[SignFileSizeInBytes], [c].[SignName]
FROM [CompanyInfos] AS [c]
2025-09-19 22:49:06.252 +05:30 [INF] Executing OkObjectResult, writing value of type 'AuthNet.Models.DTO.CompanyInfoResponseDto'.
2025-09-19 22:49:06.252 +05:30 [INF] Executed action AuthNet.Controllers.SettingsController.GetCompanyInfo (AuthNet) in 4.2557ms
2025-09-19 22:49:06.252 +05:30 [INF] Executed endpoint 'AuthNet.Controllers.SettingsController.GetCompanyInfo (AuthNet)'
2025-09-19 22:49:06.252 +05:30 [INF] Request finished HTTP/1.1 GET https://localhost:7165/api/Settings/Get - 200 null application/json; charset=utf-8 5.1593ms
2025-09-19 22:49:06.654 +05:30 [INF] Request starting HTTP/2 GET https://localhost:7165/api/Sales/WeeklyProfit - null null
2025-09-19 22:49:06.655 +05:30 [INF] Request starting HTTP/2 GET https://localhost:7165/api/Products/CategoryWiseProductCount - null null
2025-09-19 22:49:06.656 +05:30 [INF] CORS policy execution successful.
2025-09-19 22:49:06.656 +05:30 [INF] Executing endpoint 'AuthNet.Controllers.ProductsController.GetCategoryWiseProductCount (AuthNet)'
2025-09-19 22:49:06.656 +05:30 [INF] Route matched with {action = "GetCategoryWiseProductCount", controller = "Products"}. Executing controller action with signature System.Threading.Tasks.Task`1[Microsoft.AspNetCore.Mvc.IActionResult] GetCategoryWiseProductCount() on controller AuthNet.Controllers.ProductsController (AuthNet).
2025-09-19 22:49:06.664 +05:30 [INF] CORS policy execution successful.
2025-09-19 22:49:06.665 +05:30 [INF] Executing endpoint 'AuthNet.Controllers.SalesController.GetWeeklyProfit (AuthNet)'
2025-09-19 22:49:06.665 +05:30 [INF] Route matched with {action = "GetWeeklyProfit", controller = "Sales"}. Executing controller action with signature System.Threading.Tasks.Task`1[Microsoft.AspNetCore.Mvc.IActionResult] GetWeeklyProfit() on controller AuthNet.Controllers.SalesController (AuthNet).
2025-09-19 22:49:06.679 +05:30 [INF] Executed DbCommand (21ms) [Parameters=[], CommandType='"Text"', CommandTimeout='30']
SELECT [c].[Name] AS [CategoryName], COUNT(*) AS [ProductCount]
FROM [Products] AS [p]
LEFT JOIN [Categories] AS [c] ON [p].[CategoryId] = [c].[CategoryId]
WHERE [c].[CategoryId] IS NOT NULL
GROUP BY [c].[Name]
2025-09-19 22:49:06.679 +05:30 [INF] Executing OkObjectResult, writing value of type 'System.Collections.Generic.List`1[[AuthNet.Models.DTO.CategoryProductCountDto, AuthNet, Version=1.0.0.0, Culture=neutral, PublicKeyToken=null]]'.
2025-09-19 22:49:06.679 +05:30 [INF] Executed action AuthNet.Controllers.ProductsController.GetCategoryWiseProductCount (AuthNet) in 22.797ms
2025-09-19 22:49:06.679 +05:30 [INF] Executed endpoint 'AuthNet.Controllers.ProductsController.GetCategoryWiseProductCount (AuthNet)'
2025-09-19 22:49:06.680 +05:30 [INF] Request finished HTTP/2 GET https://localhost:7165/api/Products/CategoryWiseProductCount - 200 null application/json; charset=utf-8 24.8839ms
2025-09-19 22:49:06.716 +05:30 [INF] Executed DbCommand (51ms) [Parameters=[@__startDate_0='?' (DbType = DateTime2), @__endDate_1='?' (DbType = DateTime2)], CommandType='"Text"', CommandTimeout='30']
SELECT [s].[Id], [s].[ProductId], [s].[ProductName], [s].[Quantity], [s].[SaleId], [s].[TotalPrice], [s].[UnitPrice], [s0].[Id], [s0].[AfterTaxAmount], [s0].[CreatedAt], [s0].[DiscountedAmount], [s0].[InvoiceDate], [s0].[InvoiceNo], [s0].[PrincipalAmount], [s0].[Template], [s0].[TotalAmount]
FROM [SaleItems] AS [s]
INNER JOIN [Sales] AS [s0] ON [s].[SaleId] = [s0].[Id]
WHERE CONVERT(date, [s0].[InvoiceDate]) >= @__startDate_0 AND CONVERT(date, [s0].[InvoiceDate]) <= @__endDate_1
2025-09-19 22:49:06.737 +05:30 [INF] Executed DbCommand (19ms) [Parameters=[@__productIds_0='?' (Size = 4000)], CommandType='"Text"', CommandTimeout='30']
SELECT [p].[ProductId], [p].[CategoryId], [p].[CostPrice], [p].[Description], [p].[Name], [p].[ProductCode], [p].[ProductKey], [p].[SellPrice], [p].[SupplierId]
FROM [Products] AS [p]
WHERE [p].[ProductId] IN (
    SELECT [p0].[value]
    FROM OPENJSON(@__productIds_0) WITH ([value] int '$') AS [p0]
)
2025-09-19 22:49:06.744 +05:30 [INF] Executing OkObjectResult, writing value of type 'System.Collections.Generic.List`1[[AuthNet.Models.DTO.DailyProfitDto, AuthNet, Version=1.0.0.0, Culture=neutral, PublicKeyToken=null]]'.
2025-09-19 22:49:06.744 +05:30 [INF] Executed action AuthNet.Controllers.SalesController.GetWeeklyProfit (AuthNet) in 79.6267ms
2025-09-19 22:49:06.744 +05:30 [INF] Executed endpoint 'AuthNet.Controllers.SalesController.GetWeeklyProfit (AuthNet)'
2025-09-19 22:49:06.745 +05:30 [INF] Request finished HTTP/2 GET https://localhost:7165/api/Sales/WeeklyProfit - 200 null application/json; charset=utf-8 90.23ms
2025-09-19 22:49:21.665 +05:30 [INF] Request starting HTTP/1.1 GET https://localhost:7165/api/Products - null null
2025-09-19 22:49:21.665 +05:30 [INF] Executing endpoint 'AuthNet.Controllers.ProductsController.GetAll (AuthNet)'
2025-09-19 22:49:21.665 +05:30 [INF] Route matched with {action = "GetAll", controller = "Products"}. Executing controller action with signature System.Threading.Tasks.Task`1[Microsoft.AspNetCore.Mvc.IActionResult] GetAll() on controller AuthNet.Controllers.ProductsController (AuthNet).
2025-09-19 22:49:21.677 +05:30 [INF] Executed DbCommand (10ms) [Parameters=[], CommandType='"Text"', CommandTimeout='30']
SELECT [p].[ProductId], [p].[CategoryId], [p].[CostPrice], [p].[Description], [p].[Name], [p].[ProductCode], [p].[ProductKey], [p].[SellPrice], [p].[SupplierId]
FROM [Products] AS [p]
2025-09-19 22:49:21.678 +05:30 [INF] Executing OkObjectResult, writing value of type 'System.Collections.Generic.List`1[[AuthNet.Models.Domain.Product, AuthNet, Version=1.0.0.0, Culture=neutral, PublicKeyToken=null]]'.
2025-09-19 22:49:21.678 +05:30 [INF] Executed action AuthNet.Controllers.ProductsController.GetAll (AuthNet) in 12.9467ms
2025-09-19 22:49:21.678 +05:30 [INF] Executed endpoint 'AuthNet.Controllers.ProductsController.GetAll (AuthNet)'
2025-09-19 22:49:21.678 +05:30 [INF] Request finished HTTP/1.1 GET https://localhost:7165/api/Products - 200 null application/json; charset=utf-8 13.6962ms
2025-09-19 22:49:23.410 +05:30 [INF] Request starting HTTP/1.1 GET https://localhost:7165/api/categories - null null
2025-09-19 22:49:23.411 +05:30 [INF] Executing endpoint 'AuthNet.Controllers.CategoriesController.GetAll (AuthNet)'
2025-09-19 22:49:23.411 +05:30 [INF] Route matched with {action = "GetAll", controller = "Categories"}. Executing controller action with signature System.Threading.Tasks.Task`1[Microsoft.AspNetCore.Mvc.IActionResult] GetAll() on controller AuthNet.Controllers.CategoriesController (AuthNet).
2025-09-19 22:49:23.419 +05:30 [INF] Executed DbCommand (7ms) [Parameters=[], CommandType='"Text"', CommandTimeout='30']
SELECT [c].[CategoryId], [c].[Description], [c].[Name]
FROM [Categories] AS [c]
2025-09-19 22:49:23.420 +05:30 [INF] Executing OkObjectResult, writing value of type 'System.Collections.Generic.List`1[[AuthNet.Models.Domain.Category, AuthNet, Version=1.0.0.0, Culture=neutral, PublicKeyToken=null]]'.
2025-09-19 22:49:23.420 +05:30 [INF] Executed action AuthNet.Controllers.CategoriesController.GetAll (AuthNet) in 9.4598ms
2025-09-19 22:49:23.421 +05:30 [INF] Executed endpoint 'AuthNet.Controllers.CategoriesController.GetAll (AuthNet)'
2025-09-19 22:49:23.421 +05:30 [INF] Request finished HTTP/1.1 GET https://localhost:7165/api/categories - 200 null application/json; charset=utf-8 10.4841ms
2025-09-19 22:49:23.436 +05:30 [INF] Request starting HTTP/1.1 GET https://localhost:7165/api/suppliers - null null
2025-09-19 22:49:23.437 +05:30 [INF] Executing endpoint 'AuthNet.Controllers.SuppliersController.GetAll (AuthNet)'
2025-09-19 22:49:23.437 +05:30 [INF] Route matched with {action = "GetAll", controller = "Suppliers"}. Executing controller action with signature System.Threading.Tasks.Task`1[Microsoft.AspNetCore.Mvc.IActionResult] GetAll() on controller AuthNet.Controllers.SuppliersController (AuthNet).
2025-09-19 22:49:23.445 +05:30 [INF] Executed DbCommand (5ms) [Parameters=[], CommandType='"Text"', CommandTimeout='30']
SELECT [s].[SupplierId], [s].[CompanyName], [s].[ContactName], [s].[Phone], [s].[Address]
FROM [Suppliers] AS [s]
2025-09-19 22:49:23.446 +05:30 [INF] Executing OkObjectResult, writing value of type 'System.Collections.Generic.List`1[[AuthNet.Models.DTO.SupplierViewModel, AuthNet, Version=1.0.0.0, Culture=neutral, PublicKeyToken=null]]'.
2025-09-19 22:49:23.446 +05:30 [INF] Executed action AuthNet.Controllers.SuppliersController.GetAll (AuthNet) in 9.0916ms
2025-09-19 22:49:23.446 +05:30 [INF] Executed endpoint 'AuthNet.Controllers.SuppliersController.GetAll (AuthNet)'
2025-09-19 22:49:23.446 +05:30 [INF] Request finished HTTP/1.1 GET https://localhost:7165/api/suppliers - 200 null application/json; charset=utf-8 9.9731ms
2025-09-19 22:49:43.082 +05:30 [INF] Request starting HTTP/1.1 POST https://localhost:7165/api/Products - application/json; charset=utf-8 null
2025-09-19 22:49:43.083 +05:30 [INF] Executing endpoint 'AuthNet.Controllers.ProductsController.Create (AuthNet)'
2025-09-19 22:49:43.083 +05:30 [INF] Route matched with {action = "Create", controller = "Products"}. Executing controller action with signature System.Threading.Tasks.Task`1[Microsoft.AspNetCore.Mvc.IActionResult] Create(AuthNet.Models.Domain.Product) on controller AuthNet.Controllers.ProductsController (AuthNet).
2025-09-19 22:49:43.095 +05:30 [INF] Executed DbCommand (9ms) [Parameters=[@__product_ProductKey_0='?' (DbType = Int32)], CommandType='"Text"', CommandTimeout='30']
SELECT CASE
    WHEN EXISTS (
        SELECT 1
        FROM [Products] AS [p]
        WHERE [p].[ProductKey] = @__product_ProductKey_0) THEN CAST(1 AS bit)
    ELSE CAST(0 AS bit)
END
2025-09-19 22:49:43.100 +05:30 [INF] Executed DbCommand (5ms) [Parameters=[@p0='?' (DbType = Int32), @p1='?' (Precision = 18) (Scale = 2) (DbType = Decimal), @p2='?' (Size = 4000), @p3='?' (Size = 100), @p4='?' (Size = 4000), @p5='?' (DbType = Int32), @p6='?' (Precision = 18) (Scale = 2) (DbType = Decimal), @p7='?' (DbType = Int32)], CommandType='"Text"', CommandTimeout='30']
SET IMPLICIT_TRANSACTIONS OFF;
SET NOCOUNT ON;
INSERT INTO [Products] ([CategoryId], [CostPrice], [Description], [Name], [ProductCode], [ProductKey], [SellPrice], [SupplierId])
OUTPUT INSERTED.[ProductId]
VALUES (@p0, @p1, @p2, @p3, @p4, @p5, @p6, @p7);
2025-09-19 22:49:43.101 +05:30 [INF] Executing CreatedAtActionResult, writing value of type 'AuthNet.Models.Domain.Product'.
2025-09-19 22:49:43.101 +05:30 [INF] Executed action AuthNet.Controllers.ProductsController.Create (AuthNet) in 17.8882ms
2025-09-19 22:49:43.101 +05:30 [INF] Executed endpoint 'AuthNet.Controllers.ProductsController.Create (AuthNet)'
2025-09-19 22:49:43.101 +05:30 [INF] Request finished HTTP/1.1 POST https://localhost:7165/api/Products - 201 null application/json; charset=utf-8 19.2933ms
2025-09-19 22:49:43.126 +05:30 [INF] Request starting HTTP/1.1 GET https://localhost:7165/api/Products - null null
2025-09-19 22:49:43.127 +05:30 [INF] Executing endpoint 'AuthNet.Controllers.ProductsController.GetAll (AuthNet)'
2025-09-19 22:49:43.127 +05:30 [INF] Route matched with {action = "GetAll", controller = "Products"}. Executing controller action with signature System.Threading.Tasks.Task`1[Microsoft.AspNetCore.Mvc.IActionResult] GetAll() on controller AuthNet.Controllers.ProductsController (AuthNet).
2025-09-19 22:49:43.131 +05:30 [INF] Executed DbCommand (3ms) [Parameters=[], CommandType='"Text"', CommandTimeout='30']
SELECT [p].[ProductId], [p].[CategoryId], [p].[CostPrice], [p].[Description], [p].[Name], [p].[ProductCode], [p].[ProductKey], [p].[SellPrice], [p].[SupplierId]
FROM [Products] AS [p]
2025-09-19 22:49:43.131 +05:30 [INF] Executing OkObjectResult, writing value of type 'System.Collections.Generic.List`1[[AuthNet.Models.Domain.Product, AuthNet, Version=1.0.0.0, Culture=neutral, PublicKeyToken=null]]'.
2025-09-19 22:49:43.131 +05:30 [INF] Executed action AuthNet.Controllers.ProductsController.GetAll (AuthNet) in 4.2692ms
2025-09-19 22:49:43.131 +05:30 [INF] Executed endpoint 'AuthNet.Controllers.ProductsController.GetAll (AuthNet)'
2025-09-19 22:49:43.132 +05:30 [INF] Request finished HTTP/1.1 GET https://localhost:7165/api/Products - 200 null application/json; charset=utf-8 5.6148ms
2025-09-19 22:49:45.247 +05:30 [INF] Request starting HTTP/1.1 GET https://localhost:7165/api/Sales/DailyProfit - null null
2025-09-19 22:49:45.247 +05:30 [INF] Executing endpoint 'AuthNet.Controllers.SalesController.GetDailyProfit (AuthNet)'
2025-09-19 22:49:45.247 +05:30 [INF] Route matched with {action = "GetDailyProfit", controller = "Sales"}. Executing controller action with signature System.Threading.Tasks.Task`1[Microsoft.AspNetCore.Mvc.IActionResult] GetDailyProfit() on controller AuthNet.Controllers.SalesController (AuthNet).
2025-09-19 22:49:45.261 +05:30 [INF] Executed DbCommand (12ms) [Parameters=[@__date_Date_0='?' (DbType = DateTime2)], CommandType='"Text"', CommandTimeout='30']
SELECT [s].[Id], [s].[ProductId], [s].[ProductName], [s].[Quantity], [s].[SaleId], [s].[TotalPrice], [s].[UnitPrice], [s0].[Id], [s0].[AfterTaxAmount], [s0].[CreatedAt], [s0].[DiscountedAmount], [s0].[InvoiceDate], [s0].[InvoiceNo], [s0].[PrincipalAmount], [s0].[Template], [s0].[TotalAmount]
FROM [SaleItems] AS [s]
INNER JOIN [Sales] AS [s0] ON [s].[SaleId] = [s0].[Id]
WHERE CONVERT(date, [s0].[InvoiceDate]) = @__date_Date_0
2025-09-19 22:49:45.268 +05:30 [INF] Executed DbCommand (7ms) [Parameters=[@__productIds_0='?' (Size = 4000)], CommandType='"Text"', CommandTimeout='30']
SELECT [p].[ProductId], [p].[CategoryId], [p].[CostPrice], [p].[Description], [p].[Name], [p].[ProductCode], [p].[ProductKey], [p].[SellPrice], [p].[SupplierId]
FROM [Products] AS [p]
WHERE [p].[ProductId] IN (
    SELECT [p0].[value]
    FROM OPENJSON(@__productIds_0) WITH ([value] int '$') AS [p0]
)
2025-09-19 22:49:45.268 +05:30 [INF] Executing OkObjectResult, writing value of type 'AuthNet.Models.DTO.DailyProfitDto'.
2025-09-19 22:49:45.268 +05:30 [INF] Executed action AuthNet.Controllers.SalesController.GetDailyProfit (AuthNet) in 21.1025ms
2025-09-19 22:49:45.268 +05:30 [INF] Executed endpoint 'AuthNet.Controllers.SalesController.GetDailyProfit (AuthNet)'
2025-09-19 22:49:45.268 +05:30 [INF] Request finished HTTP/1.1 GET https://localhost:7165/api/Sales/DailyProfit - 200 null application/json; charset=utf-8 21.7787ms
2025-09-19 22:49:45.284 +05:30 [INF] Request starting HTTP/1.1 GET https://localhost:7165/api/Sales/CurrentMonthProfit - null null
2025-09-19 22:49:45.285 +05:30 [INF] Executing endpoint 'AuthNet.Controllers.SalesController.GetCurrentMonthProfit (AuthNet)'
2025-09-19 22:49:45.285 +05:30 [INF] Route matched with {action = "GetCurrentMonthProfit", controller = "Sales"}. Executing controller action with signature System.Threading.Tasks.Task`1[Microsoft.AspNetCore.Mvc.IActionResult] GetCurrentMonthProfit() on controller AuthNet.Controllers.SalesController (AuthNet).
2025-09-19 22:49:45.298 +05:30 [INF] Executed DbCommand (12ms) [Parameters=[@__currentYear_0='?' (DbType = Int32), @__currentMonth_1='?' (DbType = Int32)], CommandType='"Text"', CommandTimeout='30']
SELECT [s].[Id], [s].[ProductId], [s].[ProductName], [s].[Quantity], [s].[SaleId], [s].[TotalPrice], [s].[UnitPrice], [s0].[Id], [s0].[AfterTaxAmount], [s0].[CreatedAt], [s0].[DiscountedAmount], [s0].[InvoiceDate], [s0].[InvoiceNo], [s0].[PrincipalAmount], [s0].[Template], [s0].[TotalAmount]
FROM [SaleItems] AS [s]
INNER JOIN [Sales] AS [s0] ON [s].[SaleId] = [s0].[Id]
WHERE DATEPART(year, [s0].[InvoiceDate]) = @__currentYear_0 AND DATEPART(month, [s0].[InvoiceDate]) = @__currentMonth_1
2025-09-19 22:49:45.304 +05:30 [INF] Executed DbCommand (6ms) [Parameters=[@__productIds_0='?' (Size = 4000)], CommandType='"Text"', CommandTimeout='30']
SELECT [p].[ProductId], [p].[CategoryId], [p].[CostPrice], [p].[Description], [p].[Name], [p].[ProductCode], [p].[ProductKey], [p].[SellPrice], [p].[SupplierId]
FROM [Products] AS [p]
WHERE [p].[ProductId] IN (
    SELECT [p0].[value]
    FROM OPENJSON(@__productIds_0) WITH ([value] int '$') AS [p0]
)
2025-09-19 22:49:45.304 +05:30 [INF] Executing OkObjectResult, writing value of type 'AuthNet.Models.DTO.MonthlyProfitDto'.
2025-09-19 22:49:45.304 +05:30 [INF] Executed action AuthNet.Controllers.SalesController.GetCurrentMonthProfit (AuthNet) in 19.182ms
2025-09-19 22:49:45.305 +05:30 [INF] Executed endpoint 'AuthNet.Controllers.SalesController.GetCurrentMonthProfit (AuthNet)'
2025-09-19 22:49:45.305 +05:30 [INF] Request finished HTTP/1.1 GET https://localhost:7165/api/Sales/CurrentMonthProfit - 200 null application/json; charset=utf-8 21.024ms
2025-09-19 22:49:45.324 +05:30 [INF] Request starting HTTP/1.1 GET https://localhost:7165/api/Sales/CurrentYearProfit - null null
2025-09-19 22:49:45.324 +05:30 [INF] Executing endpoint 'AuthNet.Controllers.SalesController.GetCurrentYearProfit (AuthNet)'
2025-09-19 22:49:45.324 +05:30 [INF] Route matched with {action = "GetCurrentYearProfit", controller = "Sales"}. Executing controller action with signature System.Threading.Tasks.Task`1[Microsoft.AspNetCore.Mvc.IActionResult] GetCurrentYearProfit() on controller AuthNet.Controllers.SalesController (AuthNet).
2025-09-19 22:49:45.332 +05:30 [INF] Executed DbCommand (7ms) [Parameters=[@__currentYear_0='?' (DbType = Int32)], CommandType='"Text"', CommandTimeout='30']
SELECT [s].[Id], [s].[ProductId], [s].[ProductName], [s].[Quantity], [s].[SaleId], [s].[TotalPrice], [s].[UnitPrice], [s0].[Id], [s0].[AfterTaxAmount], [s0].[CreatedAt], [s0].[DiscountedAmount], [s0].[InvoiceDate], [s0].[InvoiceNo], [s0].[PrincipalAmount], [s0].[Template], [s0].[TotalAmount]
FROM [SaleItems] AS [s]
INNER JOIN [Sales] AS [s0] ON [s].[SaleId] = [s0].[Id]
WHERE DATEPART(year, [s0].[InvoiceDate]) = @__currentYear_0
2025-09-19 22:49:45.339 +05:30 [INF] Executed DbCommand (7ms) [Parameters=[@__productIds_0='?' (Size = 4000)], CommandType='"Text"', CommandTimeout='30']
SELECT [p].[ProductId], [p].[CategoryId], [p].[CostPrice], [p].[Description], [p].[Name], [p].[ProductCode], [p].[ProductKey], [p].[SellPrice], [p].[SupplierId]
FROM [Products] AS [p]
WHERE [p].[ProductId] IN (
    SELECT [p0].[value]
    FROM OPENJSON(@__productIds_0) WITH ([value] int '$') AS [p0]
)
2025-09-19 22:49:45.340 +05:30 [INF] Executing OkObjectResult, writing value of type 'AuthNet.Models.DTO.YearlyProfitDto'.
2025-09-19 22:49:45.340 +05:30 [INF] Executed action AuthNet.Controllers.SalesController.GetCurrentYearProfit (AuthNet) in 15.7241ms
2025-09-19 22:49:45.340 +05:30 [INF] Executed endpoint 'AuthNet.Controllers.SalesController.GetCurrentYearProfit (AuthNet)'
2025-09-19 22:49:45.340 +05:30 [INF] Request finished HTTP/1.1 GET https://localhost:7165/api/Sales/CurrentYearProfit - 200 null application/json; charset=utf-8 16.6297ms
2025-09-19 22:49:45.359 +05:30 [INF] Request starting HTTP/1.1 GET https://localhost:7165/api/Tasks - null null
2025-09-19 22:49:45.359 +05:30 [INF] Executing endpoint 'AuthNet.Controllers.TasksController.GetTasks (AuthNet)'
2025-09-19 22:49:45.359 +05:30 [INF] Route matched with {action = "GetTasks", controller = "Tasks"}. Executing controller action with signature Microsoft.AspNetCore.Mvc.IActionResult GetTasks() on controller AuthNet.Controllers.TasksController (AuthNet).
2025-09-19 22:49:45.365 +05:30 [INF] Executed DbCommand (4ms) [Parameters=[], CommandType='"Text"', CommandTimeout='30']
SELECT [t].[Id], [t].[Title], [t].[DueDate]
FROM [Tasks] AS [t]
2025-09-19 22:49:45.365 +05:30 [INF] Executing OkObjectResult, writing value of type 'System.Collections.Generic.List`1[[AuthNet.Models.DTO.TaskItemDto, AuthNet, Version=1.0.0.0, Culture=neutral, PublicKeyToken=null]]'.
2025-09-19 22:49:45.365 +05:30 [INF] Executed action AuthNet.Controllers.TasksController.GetTasks (AuthNet) in 5.7661ms
2025-09-19 22:49:45.365 +05:30 [INF] Executed endpoint 'AuthNet.Controllers.TasksController.GetTasks (AuthNet)'
2025-09-19 22:49:45.365 +05:30 [INF] Request finished HTTP/1.1 GET https://localhost:7165/api/Tasks - 200 null application/json; charset=utf-8 6.4563ms
2025-09-19 22:49:45.383 +05:30 [INF] Request starting HTTP/1.1 GET https://localhost:7165/api/Settings/Get - null null
2025-09-19 22:49:45.383 +05:30 [INF] Executing endpoint 'AuthNet.Controllers.SettingsController.GetCompanyInfo (AuthNet)'
2025-09-19 22:49:45.383 +05:30 [INF] Route matched with {action = "GetCompanyInfo", controller = "Settings"}. Executing controller action with signature System.Threading.Tasks.Task`1[Microsoft.AspNetCore.Mvc.IActionResult] GetCompanyInfo() on controller AuthNet.Controllers.SettingsController (AuthNet).
2025-09-19 22:49:45.394 +05:30 [INF] Executed DbCommand (9ms) [Parameters=[], CommandType='"Text"', CommandTimeout='30']
SELECT TOP(1) [c].[Id], [c].[Address], [c].[ContactNumber], [c].[Email], [c].[GSTIN], [c].[LogoFileExtension], [c].[LogoFilePath], [c].[LogoFileSizeInBytes], [c].[LogoName], [c].[Name], [c].[SignFileExtension], [c].[SignFilePath], [c].[SignFileSizeInBytes], [c].[SignName]
FROM [CompanyInfos] AS [c]
2025-09-19 22:49:45.394 +05:30 [INF] Executing OkObjectResult, writing value of type 'AuthNet.Models.DTO.CompanyInfoResponseDto'.
2025-09-19 22:49:45.394 +05:30 [INF] Executed action AuthNet.Controllers.SettingsController.GetCompanyInfo (AuthNet) in 10.872ms
2025-09-19 22:49:45.394 +05:30 [INF] Executed endpoint 'AuthNet.Controllers.SettingsController.GetCompanyInfo (AuthNet)'
2025-09-19 22:49:45.394 +05:30 [INF] Request finished HTTP/1.1 GET https://localhost:7165/api/Settings/Get - 200 null application/json; charset=utf-8 11.5987ms
2025-09-19 22:49:45.852 +05:30 [INF] Request starting HTTP/2 GET https://localhost:7165/api/Sales/WeeklyProfit - null null
2025-09-19 22:49:45.852 +05:30 [INF] CORS policy execution successful.
2025-09-19 22:49:45.852 +05:30 [INF] Executing endpoint 'AuthNet.Controllers.SalesController.GetWeeklyProfit (AuthNet)'
2025-09-19 22:49:45.852 +05:30 [INF] Route matched with {action = "GetWeeklyProfit", controller = "Sales"}. Executing controller action with signature System.Threading.Tasks.Task`1[Microsoft.AspNetCore.Mvc.IActionResult] GetWeeklyProfit() on controller AuthNet.Controllers.SalesController (AuthNet).
2025-09-19 22:49:45.861 +05:30 [INF] Request starting HTTP/2 GET https://localhost:7165/api/Products/CategoryWiseProductCount - null null
2025-09-19 22:49:45.861 +05:30 [INF] CORS policy execution successful.
2025-09-19 22:49:45.861 +05:30 [INF] Executing endpoint 'AuthNet.Controllers.ProductsController.GetCategoryWiseProductCount (AuthNet)'
2025-09-19 22:49:45.861 +05:30 [INF] Route matched with {action = "GetCategoryWiseProductCount", controller = "Products"}. Executing controller action with signature System.Threading.Tasks.Task`1[Microsoft.AspNetCore.Mvc.IActionResult] GetCategoryWiseProductCount() on controller AuthNet.Controllers.ProductsController (AuthNet).
2025-09-19 22:49:45.883 +05:30 [INF] Executed DbCommand (30ms) [Parameters=[@__startDate_0='?' (DbType = DateTime2), @__endDate_1='?' (DbType = DateTime2)], CommandType='"Text"', CommandTimeout='30']
SELECT [s].[Id], [s].[ProductId], [s].[ProductName], [s].[Quantity], [s].[SaleId], [s].[TotalPrice], [s].[UnitPrice], [s0].[Id], [s0].[AfterTaxAmount], [s0].[CreatedAt], [s0].[DiscountedAmount], [s0].[InvoiceDate], [s0].[InvoiceNo], [s0].[PrincipalAmount], [s0].[Template], [s0].[TotalAmount]
FROM [SaleItems] AS [s]
INNER JOIN [Sales] AS [s0] ON [s].[SaleId] = [s0].[Id]
WHERE CONVERT(date, [s0].[InvoiceDate]) >= @__startDate_0 AND CONVERT(date, [s0].[InvoiceDate]) <= @__endDate_1
2025-09-19 22:49:45.899 +05:30 [INF] Executed DbCommand (14ms) [Parameters=[@__productIds_0='?' (Size = 4000)], CommandType='"Text"', CommandTimeout='30']
SELECT [p].[ProductId], [p].[CategoryId], [p].[CostPrice], [p].[Description], [p].[Name], [p].[ProductCode], [p].[ProductKey], [p].[SellPrice], [p].[SupplierId]
FROM [Products] AS [p]
WHERE [p].[ProductId] IN (
    SELECT [p0].[value]
    FROM OPENJSON(@__productIds_0) WITH ([value] int '$') AS [p0]
)
2025-09-19 22:49:45.899 +05:30 [INF] Executing OkObjectResult, writing value of type 'System.Collections.Generic.List`1[[AuthNet.Models.DTO.DailyProfitDto, AuthNet, Version=1.0.0.0, Culture=neutral, PublicKeyToken=null]]'.
2025-09-19 22:49:45.900 +05:30 [INF] Executed action AuthNet.Controllers.SalesController.GetWeeklyProfit (AuthNet) in 47.2006ms
2025-09-19 22:49:45.900 +05:30 [INF] Executed endpoint 'AuthNet.Controllers.SalesController.GetWeeklyProfit (AuthNet)'
2025-09-19 22:49:45.900 +05:30 [INF] Request finished HTTP/2 GET https://localhost:7165/api/Sales/WeeklyProfit - 200 null application/json; charset=utf-8 47.9622ms
2025-09-19 22:49:45.924 +05:30 [INF] Executed DbCommand (61ms) [Parameters=[], CommandType='"Text"', CommandTimeout='30']
SELECT [c].[Name] AS [CategoryName], COUNT(*) AS [ProductCount]
FROM [Products] AS [p]
LEFT JOIN [Categories] AS [c] ON [p].[CategoryId] = [c].[CategoryId]
WHERE [c].[CategoryId] IS NOT NULL
GROUP BY [c].[Name]
2025-09-19 22:49:45.924 +05:30 [INF] Executing OkObjectResult, writing value of type 'System.Collections.Generic.List`1[[AuthNet.Models.DTO.CategoryProductCountDto, AuthNet, Version=1.0.0.0, Culture=neutral, PublicKeyToken=null]]'.
2025-09-19 22:49:45.924 +05:30 [INF] Executed action AuthNet.Controllers.ProductsController.GetCategoryWiseProductCount (AuthNet) in 63.2116ms
2025-09-19 22:49:45.924 +05:30 [INF] Executed endpoint 'AuthNet.Controllers.ProductsController.GetCategoryWiseProductCount (AuthNet)'
2025-09-19 22:49:45.925 +05:30 [INF] Request finished HTTP/2 GET https://localhost:7165/api/Products/CategoryWiseProductCount - 200 null application/json; charset=utf-8 63.9495ms
2025-09-19 22:51:41.069 +05:30 [INF] Request starting HTTP/1.1 GET https://localhost:7165/api/Sales/DailyProfit - null null
2025-09-19 22:51:41.070 +05:30 [INF] Executing endpoint 'AuthNet.Controllers.SalesController.GetDailyProfit (AuthNet)'
2025-09-19 22:51:41.070 +05:30 [INF] Route matched with {action = "GetDailyProfit", controller = "Sales"}. Executing controller action with signature System.Threading.Tasks.Task`1[Microsoft.AspNetCore.Mvc.IActionResult] GetDailyProfit() on controller AuthNet.Controllers.SalesController (AuthNet).
2025-09-19 22:51:41.089 +05:30 [INF] Executed DbCommand (18ms) [Parameters=[@__date_Date_0='?' (DbType = DateTime2)], CommandType='"Text"', CommandTimeout='30']
SELECT [s].[Id], [s].[ProductId], [s].[ProductName], [s].[Quantity], [s].[SaleId], [s].[TotalPrice], [s].[UnitPrice], [s0].[Id], [s0].[AfterTaxAmount], [s0].[CreatedAt], [s0].[DiscountedAmount], [s0].[InvoiceDate], [s0].[InvoiceNo], [s0].[PrincipalAmount], [s0].[Template], [s0].[TotalAmount]
FROM [SaleItems] AS [s]
INNER JOIN [Sales] AS [s0] ON [s].[SaleId] = [s0].[Id]
WHERE CONVERT(date, [s0].[InvoiceDate]) = @__date_Date_0
2025-09-19 22:51:41.098 +05:30 [INF] Executed DbCommand (7ms) [Parameters=[@__productIds_0='?' (Size = 4000)], CommandType='"Text"', CommandTimeout='30']
SELECT [p].[ProductId], [p].[CategoryId], [p].[CostPrice], [p].[Description], [p].[Name], [p].[ProductCode], [p].[ProductKey], [p].[SellPrice], [p].[SupplierId]
FROM [Products] AS [p]
WHERE [p].[ProductId] IN (
    SELECT [p0].[value]
    FROM OPENJSON(@__productIds_0) WITH ([value] int '$') AS [p0]
)
2025-09-19 22:51:41.098 +05:30 [INF] Executing OkObjectResult, writing value of type 'AuthNet.Models.DTO.DailyProfitDto'.
2025-09-19 22:51:41.099 +05:30 [INF] Executed action AuthNet.Controllers.SalesController.GetDailyProfit (AuthNet) in 29.5627ms
2025-09-19 22:51:41.100 +05:30 [INF] Executed endpoint 'AuthNet.Controllers.SalesController.GetDailyProfit (AuthNet)'
2025-09-19 22:51:41.100 +05:30 [INF] Request finished HTTP/1.1 GET https://localhost:7165/api/Sales/DailyProfit - 200 null application/json; charset=utf-8 30.5774ms
2025-09-19 22:51:41.178 +05:30 [INF] Request starting HTTP/1.1 GET https://localhost:7165/api/Sales/CurrentMonthProfit - null null
2025-09-19 22:51:41.178 +05:30 [INF] Executing endpoint 'AuthNet.Controllers.SalesController.GetCurrentMonthProfit (AuthNet)'
2025-09-19 22:51:41.184 +05:30 [INF] Route matched with {action = "GetCurrentMonthProfit", controller = "Sales"}. Executing controller action with signature System.Threading.Tasks.Task`1[Microsoft.AspNetCore.Mvc.IActionResult] GetCurrentMonthProfit() on controller AuthNet.Controllers.SalesController (AuthNet).
2025-09-19 22:51:41.203 +05:30 [INF] Executed DbCommand (17ms) [Parameters=[@__currentYear_0='?' (DbType = Int32), @__currentMonth_1='?' (DbType = Int32)], CommandType='"Text"', CommandTimeout='30']
SELECT [s].[Id], [s].[ProductId], [s].[ProductName], [s].[Quantity], [s].[SaleId], [s].[TotalPrice], [s].[UnitPrice], [s0].[Id], [s0].[AfterTaxAmount], [s0].[CreatedAt], [s0].[DiscountedAmount], [s0].[InvoiceDate], [s0].[InvoiceNo], [s0].[PrincipalAmount], [s0].[Template], [s0].[TotalAmount]
FROM [SaleItems] AS [s]
INNER JOIN [Sales] AS [s0] ON [s].[SaleId] = [s0].[Id]
WHERE DATEPART(year, [s0].[InvoiceDate]) = @__currentYear_0 AND DATEPART(month, [s0].[InvoiceDate]) = @__currentMonth_1
2025-09-19 22:51:41.220 +05:30 [INF] Request starting HTTP/2 GET https://localhost:7165/swagger/index.html - null null
2025-09-19 22:51:41.224 +05:30 [INF] Executed DbCommand (20ms) [Parameters=[@__productIds_0='?' (Size = 4000)], CommandType='"Text"', CommandTimeout='30']
SELECT [p].[ProductId], [p].[CategoryId], [p].[CostPrice], [p].[Description], [p].[Name], [p].[ProductCode], [p].[ProductKey], [p].[SellPrice], [p].[SupplierId]
FROM [Products] AS [p]
WHERE [p].[ProductId] IN (
    SELECT [p0].[value]
    FROM OPENJSON(@__productIds_0) WITH ([value] int '$') AS [p0]
)
2025-09-19 22:51:41.224 +05:30 [INF] Executing OkObjectResult, writing value of type 'AuthNet.Models.DTO.MonthlyProfitDto'.
2025-09-19 22:51:41.229 +05:30 [INF] Executed action AuthNet.Controllers.SalesController.GetCurrentMonthProfit (AuthNet) in 44.905ms
2025-09-19 22:51:41.229 +05:30 [INF] Executed endpoint 'AuthNet.Controllers.SalesController.GetCurrentMonthProfit (AuthNet)'
2025-09-19 22:51:41.229 +05:30 [INF] Request finished HTTP/1.1 GET https://localhost:7165/api/Sales/CurrentMonthProfit - 200 null application/json; charset=utf-8 51.5758ms
2025-09-19 22:51:41.251 +05:30 [INF] Request finished HTTP/2 GET https://localhost:7165/swagger/index.html - 200 null text/html;charset=utf-8 30.9503ms
2025-09-19 22:51:41.304 +05:30 [INF] Request starting HTTP/2 GET https://localhost:7165/_framework/aspnetcore-browser-refresh.js - null null
2025-09-19 22:51:41.306 +05:30 [INF] Request starting HTTP/2 GET https://localhost:7165/_vs/browserLink - null null
2025-09-19 22:51:41.309 +05:30 [INF] Request starting HTTP/1.1 GET https://localhost:7165/api/Sales/CurrentYearProfit - null null
2025-09-19 22:51:41.322 +05:30 [INF] Executing endpoint 'AuthNet.Controllers.SalesController.GetCurrentYearProfit (AuthNet)'
2025-09-19 22:51:41.326 +05:30 [INF] Request finished HTTP/2 GET https://localhost:7165/_framework/aspnetcore-browser-refresh.js - 200 16499 application/javascript; charset=utf-8 21.2266ms
2025-09-19 22:51:41.329 +05:30 [INF] Route matched with {action = "GetCurrentYearProfit", controller = "Sales"}. Executing controller action with signature System.Threading.Tasks.Task`1[Microsoft.AspNetCore.Mvc.IActionResult] GetCurrentYearProfit() on controller AuthNet.Controllers.SalesController (AuthNet).
2025-09-19 22:51:41.378 +05:30 [INF] Request finished HTTP/2 GET https://localhost:7165/_vs/browserLink - 200 null text/javascript; charset=UTF-8 72.0613ms
2025-09-19 22:51:41.379 +05:30 [INF] Executed DbCommand (49ms) [Parameters=[@__currentYear_0='?' (DbType = Int32)], CommandType='"Text"', CommandTimeout='30']
SELECT [s].[Id], [s].[ProductId], [s].[ProductName], [s].[Quantity], [s].[SaleId], [s].[TotalPrice], [s].[UnitPrice], [s0].[Id], [s0].[AfterTaxAmount], [s0].[CreatedAt], [s0].[DiscountedAmount], [s0].[InvoiceDate], [s0].[InvoiceNo], [s0].[PrincipalAmount], [s0].[Template], [s0].[TotalAmount]
FROM [SaleItems] AS [s]
INNER JOIN [Sales] AS [s0] ON [s].[SaleId] = [s0].[Id]
WHERE DATEPART(year, [s0].[InvoiceDate]) = @__currentYear_0
2025-09-19 22:51:41.390 +05:30 [INF] Executed DbCommand (10ms) [Parameters=[@__productIds_0='?' (Size = 4000)], CommandType='"Text"', CommandTimeout='30']
SELECT [p].[ProductId], [p].[CategoryId], [p].[CostPrice], [p].[Description], [p].[Name], [p].[ProductCode], [p].[ProductKey], [p].[SellPrice], [p].[SupplierId]
FROM [Products] AS [p]
WHERE [p].[ProductId] IN (
    SELECT [p0].[value]
    FROM OPENJSON(@__productIds_0) WITH ([value] int '$') AS [p0]
)
2025-09-19 22:51:41.390 +05:30 [INF] Executing OkObjectResult, writing value of type 'AuthNet.Models.DTO.YearlyProfitDto'.
2025-09-19 22:51:41.391 +05:30 [INF] Executed action AuthNet.Controllers.SalesController.GetCurrentYearProfit (AuthNet) in 62.4599ms
2025-09-19 22:51:41.391 +05:30 [INF] Executed endpoint 'AuthNet.Controllers.SalesController.GetCurrentYearProfit (AuthNet)'
2025-09-19 22:51:41.391 +05:30 [INF] Request finished HTTP/1.1 GET https://localhost:7165/api/Sales/CurrentYearProfit - 200 null application/json; charset=utf-8 82.4385ms
2025-09-19 22:51:41.414 +05:30 [INF] Request starting HTTP/1.1 GET https://localhost:7165/api/Tasks - null null
2025-09-19 22:51:41.414 +05:30 [INF] Executing endpoint 'AuthNet.Controllers.TasksController.GetTasks (AuthNet)'
2025-09-19 22:51:41.416 +05:30 [INF] Route matched with {action = "GetTasks", controller = "Tasks"}. Executing controller action with signature Microsoft.AspNetCore.Mvc.IActionResult GetTasks() on controller AuthNet.Controllers.TasksController (AuthNet).
2025-09-19 22:51:41.423 +05:30 [INF] Executed DbCommand (4ms) [Parameters=[], CommandType='"Text"', CommandTimeout='30']
SELECT [t].[Id], [t].[Title], [t].[DueDate]
FROM [Tasks] AS [t]
2025-09-19 22:51:41.423 +05:30 [INF] Executing OkObjectResult, writing value of type 'System.Collections.Generic.List`1[[AuthNet.Models.DTO.TaskItemDto, AuthNet, Version=1.0.0.0, Culture=neutral, PublicKeyToken=null]]'.
2025-09-19 22:51:41.425 +05:30 [INF] Executed action AuthNet.Controllers.TasksController.GetTasks (AuthNet) in 8.7998ms
2025-09-19 22:51:41.425 +05:30 [INF] Executed endpoint 'AuthNet.Controllers.TasksController.GetTasks (AuthNet)'
2025-09-19 22:51:41.425 +05:30 [INF] Request finished HTTP/1.1 GET https://localhost:7165/api/Tasks - 200 null application/json; charset=utf-8 11.304ms
2025-09-19 22:51:41.460 +05:30 [INF] Request starting HTTP/1.1 GET https://localhost:7165/api/Settings/Get - null null
2025-09-19 22:51:41.460 +05:30 [INF] Executing endpoint 'AuthNet.Controllers.SettingsController.GetCompanyInfo (AuthNet)'
2025-09-19 22:51:41.466 +05:30 [INF] Route matched with {action = "GetCompanyInfo", controller = "Settings"}. Executing controller action with signature System.Threading.Tasks.Task`1[Microsoft.AspNetCore.Mvc.IActionResult] GetCompanyInfo() on controller AuthNet.Controllers.SettingsController (AuthNet).
2025-09-19 22:51:41.475 +05:30 [INF] Executed DbCommand (7ms) [Parameters=[], CommandType='"Text"', CommandTimeout='30']
SELECT TOP(1) [c].[Id], [c].[Address], [c].[ContactNumber], [c].[Email], [c].[GSTIN], [c].[LogoFileExtension], [c].[LogoFilePath], [c].[LogoFileSizeInBytes], [c].[LogoName], [c].[Name], [c].[SignFileExtension], [c].[SignFilePath], [c].[SignFileSizeInBytes], [c].[SignName]
FROM [CompanyInfos] AS [c]
2025-09-19 22:51:41.475 +05:30 [INF] Executing OkObjectResult, writing value of type 'AuthNet.Models.DTO.CompanyInfoResponseDto'.
2025-09-19 22:51:41.477 +05:30 [INF] Executed action AuthNet.Controllers.SettingsController.GetCompanyInfo (AuthNet) in 11.0183ms
2025-09-19 22:51:41.477 +05:30 [INF] Executed endpoint 'AuthNet.Controllers.SettingsController.GetCompanyInfo (AuthNet)'
2025-09-19 22:51:41.477 +05:30 [INF] Request finished HTTP/1.1 GET https://localhost:7165/api/Settings/Get - 200 null application/json; charset=utf-8 17.7263ms
2025-09-19 22:51:41.831 +05:30 [INF] Request starting HTTP/2 GET https://localhost:7165/api/Sales/WeeklyProfit - null null
2025-09-19 22:51:41.832 +05:30 [INF] CORS policy execution successful.
2025-09-19 22:51:41.832 +05:30 [INF] Executing endpoint 'AuthNet.Controllers.SalesController.GetWeeklyProfit (AuthNet)'
2025-09-19 22:51:41.838 +05:30 [INF] Route matched with {action = "GetWeeklyProfit", controller = "Sales"}. Executing controller action with signature System.Threading.Tasks.Task`1[Microsoft.AspNetCore.Mvc.IActionResult] GetWeeklyProfit() on controller AuthNet.Controllers.SalesController (AuthNet).
2025-09-19 22:51:41.871 +05:30 [INF] Request starting HTTP/2 GET https://localhost:7165/api/Products/CategoryWiseProductCount - null null
2025-09-19 22:51:41.874 +05:30 [INF] CORS policy execution successful.
2025-09-19 22:51:41.874 +05:30 [INF] Executing endpoint 'AuthNet.Controllers.ProductsController.GetCategoryWiseProductCount (AuthNet)'
2025-09-19 22:51:41.876 +05:30 [INF] Executed DbCommand (38ms) [Parameters=[@__startDate_0='?' (DbType = DateTime2), @__endDate_1='?' (DbType = DateTime2)], CommandType='"Text"', CommandTimeout='30']
SELECT [s].[Id], [s].[ProductId], [s].[ProductName], [s].[Quantity], [s].[SaleId], [s].[TotalPrice], [s].[UnitPrice], [s0].[Id], [s0].[AfterTaxAmount], [s0].[CreatedAt], [s0].[DiscountedAmount], [s0].[InvoiceDate], [s0].[InvoiceNo], [s0].[PrincipalAmount], [s0].[Template], [s0].[TotalAmount]
FROM [SaleItems] AS [s]
INNER JOIN [Sales] AS [s0] ON [s].[SaleId] = [s0].[Id]
WHERE CONVERT(date, [s0].[InvoiceDate]) >= @__startDate_0 AND CONVERT(date, [s0].[InvoiceDate]) <= @__endDate_1
2025-09-19 22:51:41.911 +05:30 [INF] Route matched with {action = "GetCategoryWiseProductCount", controller = "Products"}. Executing controller action with signature System.Threading.Tasks.Task`1[Microsoft.AspNetCore.Mvc.IActionResult] GetCategoryWiseProductCount() on controller AuthNet.Controllers.ProductsController (AuthNet).
2025-09-19 22:51:41.911 +05:30 [INF] Executed DbCommand (34ms) [Parameters=[@__productIds_0='?' (Size = 4000)], CommandType='"Text"', CommandTimeout='30']
SELECT [p].[ProductId], [p].[CategoryId], [p].[CostPrice], [p].[Description], [p].[Name], [p].[ProductCode], [p].[ProductKey], [p].[SellPrice], [p].[SupplierId]
FROM [Products] AS [p]
WHERE [p].[ProductId] IN (
    SELECT [p0].[value]
    FROM OPENJSON(@__productIds_0) WITH ([value] int '$') AS [p0]
)
2025-09-19 22:51:41.918 +05:30 [INF] Executing OkObjectResult, writing value of type 'System.Collections.Generic.List`1[[AuthNet.Models.DTO.DailyProfitDto, AuthNet, Version=1.0.0.0, Culture=neutral, PublicKeyToken=null]]'.
2025-09-19 22:51:41.918 +05:30 [INF] Executed action AuthNet.Controllers.SalesController.GetWeeklyProfit (AuthNet) in 80.5127ms
2025-09-19 22:51:41.919 +05:30 [INF] Executed endpoint 'AuthNet.Controllers.SalesController.GetWeeklyProfit (AuthNet)'
2025-09-19 22:51:41.919 +05:30 [INF] Request finished HTTP/2 GET https://localhost:7165/api/Sales/WeeklyProfit - 200 null application/json; charset=utf-8 87.4197ms
2025-09-19 22:51:42.057 +05:30 [INF] Executed DbCommand (134ms) [Parameters=[], CommandType='"Text"', CommandTimeout='30']
SELECT [c].[Name] AS [CategoryName], COUNT(*) AS [ProductCount]
FROM [Products] AS [p]
LEFT JOIN [Categories] AS [c] ON [p].[CategoryId] = [c].[CategoryId]
WHERE [c].[CategoryId] IS NOT NULL
GROUP BY [c].[Name]
2025-09-19 22:51:42.058 +05:30 [INF] Executing OkObjectResult, writing value of type 'System.Collections.Generic.List`1[[AuthNet.Models.DTO.CategoryProductCountDto, AuthNet, Version=1.0.0.0, Culture=neutral, PublicKeyToken=null]]'.
2025-09-19 22:51:42.059 +05:30 [INF] Executed action AuthNet.Controllers.ProductsController.GetCategoryWiseProductCount (AuthNet) in 148.564ms
2025-09-19 22:51:42.059 +05:30 [INF] Executed endpoint 'AuthNet.Controllers.ProductsController.GetCategoryWiseProductCount (AuthNet)'
2025-09-19 22:51:42.060 +05:30 [INF] Request finished HTTP/2 GET https://localhost:7165/api/Products/CategoryWiseProductCount - 200 null application/json; charset=utf-8 188.6687ms
2025-09-19 22:51:42.241 +05:30 [INF] Request starting HTTP/2 GET https://localhost:7165/swagger/v1/swagger.json - null null
2025-09-19 22:51:42.298 +05:30 [INF] Request finished HTTP/2 GET https://localhost:7165/swagger/v1/swagger.json - 200 null application/json;charset=utf-8 56.8012ms
2025-09-19 22:52:50.210 +05:30 [INF] Request starting HTTP/1.1 GET https://localhost:7165/api/Sales/DailyProfit - null null
2025-09-19 22:52:50.210 +05:30 [INF] Executing endpoint 'AuthNet.Controllers.SalesController.GetDailyProfit (AuthNet)'
2025-09-19 22:52:50.217 +05:30 [INF] Route matched with {action = "GetDailyProfit", controller = "Sales"}. Executing controller action with signature System.Threading.Tasks.Task`1[Microsoft.AspNetCore.Mvc.IActionResult] GetDailyProfit() on controller AuthNet.Controllers.SalesController (AuthNet).
2025-09-19 22:52:50.242 +05:30 [INF] Executed DbCommand (23ms) [Parameters=[@__date_Date_0='?' (DbType = DateTime2)], CommandType='"Text"', CommandTimeout='30']
SELECT [s].[Id], [s].[ProductId], [s].[ProductName], [s].[Quantity], [s].[SaleId], [s].[TotalPrice], [s].[UnitPrice], [s0].[Id], [s0].[AfterTaxAmount], [s0].[CreatedAt], [s0].[DiscountedAmount], [s0].[InvoiceDate], [s0].[InvoiceNo], [s0].[PrincipalAmount], [s0].[Template], [s0].[TotalAmount]
FROM [SaleItems] AS [s]
INNER JOIN [Sales] AS [s0] ON [s].[SaleId] = [s0].[Id]
WHERE CONVERT(date, [s0].[InvoiceDate]) = @__date_Date_0
2025-09-19 22:52:50.249 +05:30 [INF] Executed DbCommand (7ms) [Parameters=[@__productIds_0='?' (Size = 4000)], CommandType='"Text"', CommandTimeout='30']
SELECT [p].[ProductId], [p].[CategoryId], [p].[CostPrice], [p].[Description], [p].[Name], [p].[ProductCode], [p].[ProductKey], [p].[SellPrice], [p].[SupplierId]
FROM [Products] AS [p]
WHERE [p].[ProductId] IN (
    SELECT [p0].[value]
    FROM OPENJSON(@__productIds_0) WITH ([value] int '$') AS [p0]
)
2025-09-19 22:52:50.250 +05:30 [INF] Executing OkObjectResult, writing value of type 'AuthNet.Models.DTO.DailyProfitDto'.
2025-09-19 22:52:50.255 +05:30 [INF] Executed action AuthNet.Controllers.SalesController.GetDailyProfit (AuthNet) in 37.9975ms
2025-09-19 22:52:50.258 +05:30 [INF] Executed endpoint 'AuthNet.Controllers.SalesController.GetDailyProfit (AuthNet)'
2025-09-19 22:52:50.258 +05:30 [INF] Request finished HTTP/1.1 GET https://localhost:7165/api/Sales/DailyProfit - 200 null application/json; charset=utf-8 48.0406ms
2025-09-19 22:52:50.275 +05:30 [INF] Request starting HTTP/1.1 GET https://localhost:7165/api/Sales/CurrentMonthProfit - null null
2025-09-19 22:52:50.276 +05:30 [INF] Executing endpoint 'AuthNet.Controllers.SalesController.GetCurrentMonthProfit (AuthNet)'
2025-09-19 22:52:50.287 +05:30 [INF] Route matched with {action = "GetCurrentMonthProfit", controller = "Sales"}. Executing controller action with signature System.Threading.Tasks.Task`1[Microsoft.AspNetCore.Mvc.IActionResult] GetCurrentMonthProfit() on controller AuthNet.Controllers.SalesController (AuthNet).
2025-09-19 22:52:50.292 +05:30 [INF] Request starting HTTP/2 GET https://localhost:7165/swagger/index.html - null null
2025-09-19 22:52:50.305 +05:30 [INF] Executed DbCommand (17ms) [Parameters=[@__currentYear_0='?' (DbType = Int32), @__currentMonth_1='?' (DbType = Int32)], CommandType='"Text"', CommandTimeout='30']
SELECT [s].[Id], [s].[ProductId], [s].[ProductName], [s].[Quantity], [s].[SaleId], [s].[TotalPrice], [s].[UnitPrice], [s0].[Id], [s0].[AfterTaxAmount], [s0].[CreatedAt], [s0].[DiscountedAmount], [s0].[InvoiceDate], [s0].[InvoiceNo], [s0].[PrincipalAmount], [s0].[Template], [s0].[TotalAmount]
FROM [SaleItems] AS [s]
INNER JOIN [Sales] AS [s0] ON [s].[SaleId] = [s0].[Id]
WHERE DATEPART(year, [s0].[InvoiceDate]) = @__currentYear_0 AND DATEPART(month, [s0].[InvoiceDate]) = @__currentMonth_1
2025-09-19 22:52:50.312 +05:30 [INF] Executed DbCommand (4ms) [Parameters=[@__productIds_0='?' (Size = 4000)], CommandType='"Text"', CommandTimeout='30']
SELECT [p].[ProductId], [p].[CategoryId], [p].[CostPrice], [p].[Description], [p].[Name], [p].[ProductCode], [p].[ProductKey], [p].[SellPrice], [p].[SupplierId]
FROM [Products] AS [p]
WHERE [p].[ProductId] IN (
    SELECT [p0].[value]
    FROM OPENJSON(@__productIds_0) WITH ([value] int '$') AS [p0]
)
2025-09-19 22:52:50.312 +05:30 [INF] Executing OkObjectResult, writing value of type 'AuthNet.Models.DTO.MonthlyProfitDto'.
2025-09-19 22:52:50.314 +05:30 [INF] Executed action AuthNet.Controllers.SalesController.GetCurrentMonthProfit (AuthNet) in 26.9487ms
2025-09-19 22:52:50.314 +05:30 [INF] Executed endpoint 'AuthNet.Controllers.SalesController.GetCurrentMonthProfit (AuthNet)'
2025-09-19 22:52:50.314 +05:30 [INF] Request finished HTTP/1.1 GET https://localhost:7165/api/Sales/CurrentMonthProfit - 200 null application/json; charset=utf-8 39.6212ms
2025-09-19 22:52:50.334 +05:30 [INF] Request finished HTTP/2 GET https://localhost:7165/swagger/index.html - 200 null text/html;charset=utf-8 42.4065ms
2025-09-19 22:52:50.337 +05:30 [INF] Request starting HTTP/1.1 GET https://localhost:7165/api/Sales/CurrentYearProfit - null null
2025-09-19 22:52:50.351 +05:30 [INF] Executing endpoint 'AuthNet.Controllers.SalesController.GetCurrentYearProfit (AuthNet)'
2025-09-19 22:52:50.358 +05:30 [INF] Route matched with {action = "GetCurrentYearProfit", controller = "Sales"}. Executing controller action with signature System.Threading.Tasks.Task`1[Microsoft.AspNetCore.Mvc.IActionResult] GetCurrentYearProfit() on controller AuthNet.Controllers.SalesController (AuthNet).
2025-09-19 22:52:50.376 +05:30 [INF] Request starting HTTP/2 GET https://localhost:7165/_vs/browserLink - null null
2025-09-19 22:52:50.376 +05:30 [INF] Request starting HTTP/2 GET https://localhost:7165/_framework/aspnetcore-browser-refresh.js - null null
2025-09-19 22:52:50.378 +05:30 [INF] Request finished HTTP/2 GET https://localhost:7165/_framework/aspnetcore-browser-refresh.js - 200 16499 application/javascript; charset=utf-8 2.221ms
2025-09-19 22:52:50.377 +05:30 [INF] Executed DbCommand (18ms) [Parameters=[@__currentYear_0='?' (DbType = Int32)], CommandType='"Text"', CommandTimeout='30']
SELECT [s].[Id], [s].[ProductId], [s].[ProductName], [s].[Quantity], [s].[SaleId], [s].[TotalPrice], [s].[UnitPrice], [s0].[Id], [s0].[AfterTaxAmount], [s0].[CreatedAt], [s0].[DiscountedAmount], [s0].[InvoiceDate], [s0].[InvoiceNo], [s0].[PrincipalAmount], [s0].[Template], [s0].[TotalAmount]
FROM [SaleItems] AS [s]
INNER JOIN [Sales] AS [s0] ON [s].[SaleId] = [s0].[Id]
WHERE DATEPART(year, [s0].[InvoiceDate]) = @__currentYear_0
2025-09-19 22:52:50.386 +05:30 [INF] Executed DbCommand (2ms) [Parameters=[@__productIds_0='?' (Size = 4000)], CommandType='"Text"', CommandTimeout='30']
SELECT [p].[ProductId], [p].[CategoryId], [p].[CostPrice], [p].[Description], [p].[Name], [p].[ProductCode], [p].[ProductKey], [p].[SellPrice], [p].[SupplierId]
FROM [Products] AS [p]
WHERE [p].[ProductId] IN (
    SELECT [p0].[value]
    FROM OPENJSON(@__productIds_0) WITH ([value] int '$') AS [p0]
)
2025-09-19 22:52:50.386 +05:30 [INF] Executing OkObjectResult, writing value of type 'AuthNet.Models.DTO.YearlyProfitDto'.
2025-09-19 22:52:50.387 +05:30 [INF] Executed action AuthNet.Controllers.SalesController.GetCurrentYearProfit (AuthNet) in 29.1863ms
2025-09-19 22:52:50.389 +05:30 [INF] Executed endpoint 'AuthNet.Controllers.SalesController.GetCurrentYearProfit (AuthNet)'
2025-09-19 22:52:50.390 +05:30 [INF] Request finished HTTP/1.1 GET https://localhost:7165/api/Sales/CurrentYearProfit - 200 null application/json; charset=utf-8 52.8407ms
2025-09-19 22:52:50.419 +05:30 [INF] Request starting HTTP/1.1 GET https://localhost:7165/api/Tasks - null null
2025-09-19 22:52:50.420 +05:30 [INF] Executing endpoint 'AuthNet.Controllers.TasksController.GetTasks (AuthNet)'
2025-09-19 22:52:50.423 +05:30 [INF] Route matched with {action = "GetTasks", controller = "Tasks"}. Executing controller action with signature Microsoft.AspNetCore.Mvc.IActionResult GetTasks() on controller AuthNet.Controllers.TasksController (AuthNet).
2025-09-19 22:52:50.424 +05:30 [INF] Request finished HTTP/2 GET https://localhost:7165/_vs/browserLink - 200 null text/javascript; charset=UTF-8 48.0022ms
2025-09-19 22:52:50.440 +05:30 [INF] Executed DbCommand (15ms) [Parameters=[], CommandType='"Text"', CommandTimeout='30']
SELECT [t].[Id], [t].[Title], [t].[DueDate]
FROM [Tasks] AS [t]
2025-09-19 22:52:50.440 +05:30 [INF] Executing OkObjectResult, writing value of type 'System.Collections.Generic.List`1[[AuthNet.Models.DTO.TaskItemDto, AuthNet, Version=1.0.0.0, Culture=neutral, PublicKeyToken=null]]'.
2025-09-19 22:52:50.442 +05:30 [INF] Executed action AuthNet.Controllers.TasksController.GetTasks (AuthNet) in 18.3158ms
2025-09-19 22:52:50.442 +05:30 [INF] Executed endpoint 'AuthNet.Controllers.TasksController.GetTasks (AuthNet)'
2025-09-19 22:52:50.442 +05:30 [INF] Request finished HTTP/1.1 GET https://localhost:7165/api/Tasks - 200 null application/json; charset=utf-8 22.7861ms
2025-09-19 22:52:50.468 +05:30 [INF] Request starting HTTP/1.1 GET https://localhost:7165/api/Settings/Get - null null
2025-09-19 22:52:50.469 +05:30 [INF] Executing endpoint 'AuthNet.Controllers.SettingsController.GetCompanyInfo (AuthNet)'
2025-09-19 22:52:50.474 +05:30 [INF] Route matched with {action = "GetCompanyInfo", controller = "Settings"}. Executing controller action with signature System.Threading.Tasks.Task`1[Microsoft.AspNetCore.Mvc.IActionResult] GetCompanyInfo() on controller AuthNet.Controllers.SettingsController (AuthNet).
2025-09-19 22:52:50.490 +05:30 [INF] Executed DbCommand (15ms) [Parameters=[], CommandType='"Text"', CommandTimeout='30']
SELECT TOP(1) [c].[Id], [c].[Address], [c].[ContactNumber], [c].[Email], [c].[GSTIN], [c].[LogoFileExtension], [c].[LogoFilePath], [c].[LogoFileSizeInBytes], [c].[LogoName], [c].[Name], [c].[SignFileExtension], [c].[SignFilePath], [c].[SignFileSizeInBytes], [c].[SignName]
FROM [CompanyInfos] AS [c]
2025-09-19 22:52:50.491 +05:30 [INF] Executing OkObjectResult, writing value of type 'AuthNet.Models.DTO.CompanyInfoResponseDto'.
2025-09-19 22:52:50.493 +05:30 [INF] Executed action AuthNet.Controllers.SettingsController.GetCompanyInfo (AuthNet) in 18.3465ms
2025-09-19 22:52:50.493 +05:30 [INF] Executed endpoint 'AuthNet.Controllers.SettingsController.GetCompanyInfo (AuthNet)'
2025-09-19 22:52:50.493 +05:30 [INF] Request finished HTTP/1.1 GET https://localhost:7165/api/Settings/Get - 200 null application/json; charset=utf-8 24.7758ms
2025-09-19 22:52:50.770 +05:30 [INF] Request starting HTTP/2 GET https://localhost:7165/swagger/v1/swagger.json - null null
2025-09-19 22:52:50.859 +05:30 [INF] Request finished HTTP/2 GET https://localhost:7165/swagger/v1/swagger.json - 200 null application/json;charset=utf-8 88.3019ms
2025-09-19 22:52:50.887 +05:30 [INF] Request starting HTTP/2 GET https://localhost:7165/api/Products/CategoryWiseProductCount - null null
2025-09-19 22:52:50.887 +05:30 [INF] Request starting HTTP/2 GET https://localhost:7165/api/Sales/WeeklyProfit - null null
2025-09-19 22:52:50.887 +05:30 [INF] CORS policy execution successful.
2025-09-19 22:52:50.887 +05:30 [INF] Executing endpoint 'AuthNet.Controllers.SalesController.GetWeeklyProfit (AuthNet)'
2025-09-19 22:52:50.888 +05:30 [INF] CORS policy execution successful.
2025-09-19 22:52:50.888 +05:30 [INF] Executing endpoint 'AuthNet.Controllers.ProductsController.GetCategoryWiseProductCount (AuthNet)'
2025-09-19 22:52:50.892 +05:30 [INF] Route matched with {action = "GetWeeklyProfit", controller = "Sales"}. Executing controller action with signature System.Threading.Tasks.Task`1[Microsoft.AspNetCore.Mvc.IActionResult] GetWeeklyProfit() on controller AuthNet.Controllers.SalesController (AuthNet).
2025-09-19 22:52:50.893 +05:30 [INF] Route matched with {action = "GetCategoryWiseProductCount", controller = "Products"}. Executing controller action with signature System.Threading.Tasks.Task`1[Microsoft.AspNetCore.Mvc.IActionResult] GetCategoryWiseProductCount() on controller AuthNet.Controllers.ProductsController (AuthNet).
2025-09-19 22:52:50.909 +05:30 [INF] Executed DbCommand (15ms) [Parameters=[@__startDate_0='?' (DbType = DateTime2), @__endDate_1='?' (DbType = DateTime2)], CommandType='"Text"', CommandTimeout='30']
SELECT [s].[Id], [s].[ProductId], [s].[ProductName], [s].[Quantity], [s].[SaleId], [s].[TotalPrice], [s].[UnitPrice], [s0].[Id], [s0].[AfterTaxAmount], [s0].[CreatedAt], [s0].[DiscountedAmount], [s0].[InvoiceDate], [s0].[InvoiceNo], [s0].[PrincipalAmount], [s0].[Template], [s0].[TotalAmount]
FROM [SaleItems] AS [s]
INNER JOIN [Sales] AS [s0] ON [s].[SaleId] = [s0].[Id]
WHERE CONVERT(date, [s0].[InvoiceDate]) >= @__startDate_0 AND CONVERT(date, [s0].[InvoiceDate]) <= @__endDate_1
2025-09-19 22:52:50.917 +05:30 [INF] Executed DbCommand (7ms) [Parameters=[@__productIds_0='?' (Size = 4000)], CommandType='"Text"', CommandTimeout='30']
SELECT [p].[ProductId], [p].[CategoryId], [p].[CostPrice], [p].[Description], [p].[Name], [p].[ProductCode], [p].[ProductKey], [p].[SellPrice], [p].[SupplierId]
FROM [Products] AS [p]
WHERE [p].[ProductId] IN (
    SELECT [p0].[value]
    FROM OPENJSON(@__productIds_0) WITH ([value] int '$') AS [p0]
)
2025-09-19 22:52:50.918 +05:30 [INF] Executed DbCommand (12ms) [Parameters=[], CommandType='"Text"', CommandTimeout='30']
SELECT [c].[Name] AS [CategoryName], COUNT(*) AS [ProductCount]
FROM [Products] AS [p]
LEFT JOIN [Categories] AS [c] ON [p].[CategoryId] = [c].[CategoryId]
WHERE [c].[CategoryId] IS NOT NULL
GROUP BY [c].[Name]
2025-09-19 22:52:50.918 +05:30 [INF] Executing OkObjectResult, writing value of type 'System.Collections.Generic.List`1[[AuthNet.Models.DTO.DailyProfitDto, AuthNet, Version=1.0.0.0, Culture=neutral, PublicKeyToken=null]]'.
2025-09-19 22:52:50.918 +05:30 [INF] Executing OkObjectResult, writing value of type 'System.Collections.Generic.List`1[[AuthNet.Models.DTO.CategoryProductCountDto, AuthNet, Version=1.0.0.0, Culture=neutral, PublicKeyToken=null]]'.
2025-09-19 22:52:50.919 +05:30 [INF] Executed action AuthNet.Controllers.SalesController.GetWeeklyProfit (AuthNet) in 26.6817ms
2025-09-19 22:52:50.919 +05:30 [INF] Executed endpoint 'AuthNet.Controllers.SalesController.GetWeeklyProfit (AuthNet)'
2025-09-19 22:52:50.919 +05:30 [INF] Request finished HTTP/2 GET https://localhost:7165/api/Sales/WeeklyProfit - 200 null application/json; charset=utf-8 32.3261ms
2025-09-19 22:52:50.919 +05:30 [INF] Executed action AuthNet.Controllers.ProductsController.GetCategoryWiseProductCount (AuthNet) in 26.5915ms
2025-09-19 22:52:50.919 +05:30 [INF] Executed endpoint 'AuthNet.Controllers.ProductsController.GetCategoryWiseProductCount (AuthNet)'
2025-09-19 22:52:50.920 +05:30 [INF] Request finished HTTP/2 GET https://localhost:7165/api/Products/CategoryWiseProductCount - 200 null application/json; charset=utf-8 33.0469ms
2025-09-19 22:53:19.635 +05:30 [INF] Request starting HTTP/1.1 GET https://localhost:7165/api/Sales/DailyProfit - null null
2025-09-19 22:53:19.636 +05:30 [INF] Executing endpoint 'AuthNet.Controllers.SalesController.GetDailyProfit (AuthNet)'
2025-09-19 22:53:19.640 +05:30 [INF] Route matched with {action = "GetDailyProfit", controller = "Sales"}. Executing controller action with signature System.Threading.Tasks.Task`1[Microsoft.AspNetCore.Mvc.IActionResult] GetDailyProfit() on controller AuthNet.Controllers.SalesController (AuthNet).
2025-09-19 22:53:19.652 +05:30 [INF] Executed DbCommand (10ms) [Parameters=[@__date_Date_0='?' (DbType = DateTime2)], CommandType='"Text"', CommandTimeout='30']
SELECT [s].[Id], [s].[ProductId], [s].[ProductName], [s].[Quantity], [s].[SaleId], [s].[TotalPrice], [s].[UnitPrice], [s0].[Id], [s0].[AfterTaxAmount], [s0].[CreatedAt], [s0].[DiscountedAmount], [s0].[InvoiceDate], [s0].[InvoiceNo], [s0].[PrincipalAmount], [s0].[Template], [s0].[TotalAmount]
FROM [SaleItems] AS [s]
INNER JOIN [Sales] AS [s0] ON [s].[SaleId] = [s0].[Id]
WHERE CONVERT(date, [s0].[InvoiceDate]) = @__date_Date_0
2025-09-19 22:53:19.659 +05:30 [INF] Executed DbCommand (7ms) [Parameters=[@__productIds_0='?' (Size = 4000)], CommandType='"Text"', CommandTimeout='30']
SELECT [p].[ProductId], [p].[CategoryId], [p].[CostPrice], [p].[Description], [p].[Name], [p].[ProductCode], [p].[ProductKey], [p].[SellPrice], [p].[SupplierId]
FROM [Products] AS [p]
WHERE [p].[ProductId] IN (
    SELECT [p0].[value]
    FROM OPENJSON(@__productIds_0) WITH ([value] int '$') AS [p0]
)
2025-09-19 22:53:19.659 +05:30 [INF] Executing OkObjectResult, writing value of type 'AuthNet.Models.DTO.DailyProfitDto'.
2025-09-19 22:53:19.661 +05:30 [INF] Executed action AuthNet.Controllers.SalesController.GetDailyProfit (AuthNet) in 20.384ms
2025-09-19 22:53:19.661 +05:30 [INF] Executed endpoint 'AuthNet.Controllers.SalesController.GetDailyProfit (AuthNet)'
2025-09-19 22:53:19.662 +05:30 [INF] Request finished HTTP/1.1 GET https://localhost:7165/api/Sales/DailyProfit - 200 null application/json; charset=utf-8 26.4977ms
2025-09-19 22:53:19.676 +05:30 [INF] Request starting HTTP/1.1 GET https://localhost:7165/api/Sales/CurrentMonthProfit - null null
2025-09-19 22:53:19.676 +05:30 [INF] Executing endpoint 'AuthNet.Controllers.SalesController.GetCurrentMonthProfit (AuthNet)'
2025-09-19 22:53:19.676 +05:30 [INF] Route matched with {action = "GetCurrentMonthProfit", controller = "Sales"}. Executing controller action with signature System.Threading.Tasks.Task`1[Microsoft.AspNetCore.Mvc.IActionResult] GetCurrentMonthProfit() on controller AuthNet.Controllers.SalesController (AuthNet).
2025-09-19 22:53:19.690 +05:30 [INF] Executed DbCommand (10ms) [Parameters=[@__currentYear_0='?' (DbType = Int32), @__currentMonth_1='?' (DbType = Int32)], CommandType='"Text"', CommandTimeout='30']
SELECT [s].[Id], [s].[ProductId], [s].[ProductName], [s].[Quantity], [s].[SaleId], [s].[TotalPrice], [s].[UnitPrice], [s0].[Id], [s0].[AfterTaxAmount], [s0].[CreatedAt], [s0].[DiscountedAmount], [s0].[InvoiceDate], [s0].[InvoiceNo], [s0].[PrincipalAmount], [s0].[Template], [s0].[TotalAmount]
FROM [SaleItems] AS [s]
INNER JOIN [Sales] AS [s0] ON [s].[SaleId] = [s0].[Id]
WHERE DATEPART(year, [s0].[InvoiceDate]) = @__currentYear_0 AND DATEPART(month, [s0].[InvoiceDate]) = @__currentMonth_1
2025-09-19 22:53:19.693 +05:30 [INF] Executed DbCommand (2ms) [Parameters=[@__productIds_0='?' (Size = 4000)], CommandType='"Text"', CommandTimeout='30']
SELECT [p].[ProductId], [p].[CategoryId], [p].[CostPrice], [p].[Description], [p].[Name], [p].[ProductCode], [p].[ProductKey], [p].[SellPrice], [p].[SupplierId]
FROM [Products] AS [p]
WHERE [p].[ProductId] IN (
    SELECT [p0].[value]
    FROM OPENJSON(@__productIds_0) WITH ([value] int '$') AS [p0]
)
2025-09-19 22:53:19.693 +05:30 [INF] Executing OkObjectResult, writing value of type 'AuthNet.Models.DTO.MonthlyProfitDto'.
2025-09-19 22:53:19.700 +05:30 [INF] Executed action AuthNet.Controllers.SalesController.GetCurrentMonthProfit (AuthNet) in 23.6566ms
2025-09-19 22:53:19.700 +05:30 [INF] Executed endpoint 'AuthNet.Controllers.SalesController.GetCurrentMonthProfit (AuthNet)'
2025-09-19 22:53:19.700 +05:30 [INF] Request finished HTTP/1.1 GET https://localhost:7165/api/Sales/CurrentMonthProfit - 200 null application/json; charset=utf-8 24.9489ms
2025-09-19 22:53:19.707 +05:30 [INF] Request starting HTTP/2 GET https://localhost:7165/swagger/index.html - null null
2025-09-19 22:53:19.724 +05:30 [INF] Request finished HTTP/2 GET https://localhost:7165/swagger/index.html - 200 null text/html;charset=utf-8 16.8778ms
2025-09-19 22:53:19.742 +05:30 [INF] Request starting HTTP/1.1 GET https://localhost:7165/api/Sales/CurrentYearProfit - null null
2025-09-19 22:53:19.747 +05:30 [INF] Executing endpoint 'AuthNet.Controllers.SalesController.GetCurrentYearProfit (AuthNet)'
2025-09-19 22:53:19.761 +05:30 [INF] Request starting HTTP/2 GET https://localhost:7165/_framework/aspnetcore-browser-refresh.js - null null
2025-09-19 22:53:19.764 +05:30 [INF] Request starting HTTP/2 GET https://localhost:7165/_vs/browserLink - null null
2025-09-19 22:53:19.766 +05:30 [INF] Request finished HTTP/2 GET https://localhost:7165/_framework/aspnetcore-browser-refresh.js - 200 16499 application/javascript; charset=utf-8 4.6195ms
2025-09-19 22:53:19.770 +05:30 [INF] Route matched with {action = "GetCurrentYearProfit", controller = "Sales"}. Executing controller action with signature System.Threading.Tasks.Task`1[Microsoft.AspNetCore.Mvc.IActionResult] GetCurrentYearProfit() on controller AuthNet.Controllers.SalesController (AuthNet).
2025-09-19 22:53:19.788 +05:30 [INF] Request finished HTTP/2 GET https://localhost:7165/_vs/browserLink - 200 null text/javascript; charset=UTF-8 24.1948ms
2025-09-19 22:53:19.816 +05:30 [INF] Executed DbCommand (25ms) [Parameters=[@__currentYear_0='?' (DbType = Int32)], CommandType='"Text"', CommandTimeout='30']
SELECT [s].[Id], [s].[ProductId], [s].[ProductName], [s].[Quantity], [s].[SaleId], [s].[TotalPrice], [s].[UnitPrice], [s0].[Id], [s0].[AfterTaxAmount], [s0].[CreatedAt], [s0].[DiscountedAmount], [s0].[InvoiceDate], [s0].[InvoiceNo], [s0].[PrincipalAmount], [s0].[Template], [s0].[TotalAmount]
FROM [SaleItems] AS [s]
INNER JOIN [Sales] AS [s0] ON [s].[SaleId] = [s0].[Id]
WHERE DATEPART(year, [s0].[InvoiceDate]) = @__currentYear_0
2025-09-19 22:53:19.819 +05:30 [INF] Executed DbCommand (2ms) [Parameters=[@__productIds_0='?' (Size = 4000)], CommandType='"Text"', CommandTimeout='30']
SELECT [p].[ProductId], [p].[CategoryId], [p].[CostPrice], [p].[Description], [p].[Name], [p].[ProductCode], [p].[ProductKey], [p].[SellPrice], [p].[SupplierId]
FROM [Products] AS [p]
WHERE [p].[ProductId] IN (
    SELECT [p0].[value]
    FROM OPENJSON(@__productIds_0) WITH ([value] int '$') AS [p0]
)
2025-09-19 22:53:19.820 +05:30 [INF] Executing OkObjectResult, writing value of type 'AuthNet.Models.DTO.YearlyProfitDto'.
2025-09-19 22:53:19.821 +05:30 [INF] Executed action AuthNet.Controllers.SalesController.GetCurrentYearProfit (AuthNet) in 50.4273ms
2025-09-19 22:53:19.821 +05:30 [INF] Executed endpoint 'AuthNet.Controllers.SalesController.GetCurrentYearProfit (AuthNet)'
2025-09-19 22:53:19.821 +05:30 [INF] Request finished HTTP/1.1 GET https://localhost:7165/api/Sales/CurrentYearProfit - 200 null application/json; charset=utf-8 78.7318ms
2025-09-19 22:53:19.841 +05:30 [INF] Request starting HTTP/1.1 GET https://localhost:7165/api/Tasks - null null
2025-09-19 22:53:19.847 +05:30 [INF] Executing endpoint 'AuthNet.Controllers.TasksController.GetTasks (AuthNet)'
2025-09-19 22:53:19.854 +05:30 [INF] Route matched with {action = "GetTasks", controller = "Tasks"}. Executing controller action with signature Microsoft.AspNetCore.Mvc.IActionResult GetTasks() on controller AuthNet.Controllers.TasksController (AuthNet).
2025-09-19 22:53:19.860 +05:30 [INF] Executed DbCommand (5ms) [Parameters=[], CommandType='"Text"', CommandTimeout='30']
SELECT [t].[Id], [t].[Title], [t].[DueDate]
FROM [Tasks] AS [t]
2025-09-19 22:53:19.861 +05:30 [INF] Executing OkObjectResult, writing value of type 'System.Collections.Generic.List`1[[AuthNet.Models.DTO.TaskItemDto, AuthNet, Version=1.0.0.0, Culture=neutral, PublicKeyToken=null]]'.
2025-09-19 22:53:19.864 +05:30 [INF] Executed action AuthNet.Controllers.TasksController.GetTasks (AuthNet) in 9.9767ms
2025-09-19 22:53:19.864 +05:30 [INF] Executed endpoint 'AuthNet.Controllers.TasksController.GetTasks (AuthNet)'
2025-09-19 22:53:19.864 +05:30 [INF] Request finished HTTP/1.1 GET https://localhost:7165/api/Tasks - 200 null application/json; charset=utf-8 23.5209ms
2025-09-19 22:53:19.875 +05:30 [INF] Request starting HTTP/2 GET https://localhost:7165/swagger/v1/swagger.json - null null
2025-09-19 22:53:19.924 +05:30 [INF] Request starting HTTP/1.1 GET https://localhost:7165/api/Settings/Get - null null
2025-09-19 22:53:19.925 +05:30 [INF] Executing endpoint 'AuthNet.Controllers.SettingsController.GetCompanyInfo (AuthNet)'
2025-09-19 22:53:19.934 +05:30 [INF] Route matched with {action = "GetCompanyInfo", controller = "Settings"}. Executing controller action with signature System.Threading.Tasks.Task`1[Microsoft.AspNetCore.Mvc.IActionResult] GetCompanyInfo() on controller AuthNet.Controllers.SettingsController (AuthNet).
2025-09-19 22:53:19.941 +05:30 [INF] Request finished HTTP/2 GET https://localhost:7165/swagger/v1/swagger.json - 200 null application/json;charset=utf-8 65.3365ms
2025-09-19 22:53:19.941 +05:30 [INF] Executed DbCommand (3ms) [Parameters=[], CommandType='"Text"', CommandTimeout='30']
SELECT TOP(1) [c].[Id], [c].[Address], [c].[ContactNumber], [c].[Email], [c].[GSTIN], [c].[LogoFileExtension], [c].[LogoFilePath], [c].[LogoFileSizeInBytes], [c].[LogoName], [c].[Name], [c].[SignFileExtension], [c].[SignFilePath], [c].[SignFileSizeInBytes], [c].[SignName]
FROM [CompanyInfos] AS [c]
2025-09-19 22:53:19.942 +05:30 [INF] Executing OkObjectResult, writing value of type 'AuthNet.Models.DTO.CompanyInfoResponseDto'.
2025-09-19 22:53:19.953 +05:30 [INF] Executed action AuthNet.Controllers.SettingsController.GetCompanyInfo (AuthNet) in 18.9151ms
2025-09-19 22:53:19.954 +05:30 [INF] Executed endpoint 'AuthNet.Controllers.SettingsController.GetCompanyInfo (AuthNet)'
2025-09-19 22:53:19.954 +05:30 [INF] Request finished HTTP/1.1 GET https://localhost:7165/api/Settings/Get - 200 null application/json; charset=utf-8 29.4854ms
2025-09-19 22:53:20.634 +05:30 [INF] Request starting HTTP/2 GET https://localhost:7165/api/Sales/WeeklyProfit - null null
2025-09-19 22:53:20.638 +05:30 [INF] CORS policy execution successful.
2025-09-19 22:53:20.638 +05:30 [INF] Executing endpoint 'AuthNet.Controllers.SalesController.GetWeeklyProfit (AuthNet)'
2025-09-19 22:53:20.641 +05:30 [INF] Request starting HTTP/2 GET https://localhost:7165/api/Products/CategoryWiseProductCount - null null
2025-09-19 22:53:20.641 +05:30 [INF] CORS policy execution successful.
2025-09-19 22:53:20.641 +05:30 [INF] Executing endpoint 'AuthNet.Controllers.ProductsController.GetCategoryWiseProductCount (AuthNet)'
2025-09-19 22:53:20.643 +05:30 [INF] Route matched with {action = "GetWeeklyProfit", controller = "Sales"}. Executing controller action with signature System.Threading.Tasks.Task`1[Microsoft.AspNetCore.Mvc.IActionResult] GetWeeklyProfit() on controller AuthNet.Controllers.SalesController (AuthNet).
2025-09-19 22:53:20.656 +05:30 [INF] Route matched with {action = "GetCategoryWiseProductCount", controller = "Products"}. Executing controller action with signature System.Threading.Tasks.Task`1[Microsoft.AspNetCore.Mvc.IActionResult] GetCategoryWiseProductCount() on controller AuthNet.Controllers.ProductsController (AuthNet).
2025-09-19 22:53:20.667 +05:30 [INF] Executed DbCommand (23ms) [Parameters=[@__startDate_0='?' (DbType = DateTime2), @__endDate_1='?' (DbType = DateTime2)], CommandType='"Text"', CommandTimeout='30']
SELECT [s].[Id], [s].[ProductId], [s].[ProductName], [s].[Quantity], [s].[SaleId], [s].[TotalPrice], [s].[UnitPrice], [s0].[Id], [s0].[AfterTaxAmount], [s0].[CreatedAt], [s0].[DiscountedAmount], [s0].[InvoiceDate], [s0].[InvoiceNo], [s0].[PrincipalAmount], [s0].[Template], [s0].[TotalAmount]
FROM [SaleItems] AS [s]
INNER JOIN [Sales] AS [s0] ON [s].[SaleId] = [s0].[Id]
WHERE CONVERT(date, [s0].[InvoiceDate]) >= @__startDate_0 AND CONVERT(date, [s0].[InvoiceDate]) <= @__endDate_1
2025-09-19 22:53:20.673 +05:30 [INF] Executed DbCommand (5ms) [Parameters=[@__productIds_0='?' (Size = 4000)], CommandType='"Text"', CommandTimeout='30']
SELECT [p].[ProductId], [p].[CategoryId], [p].[CostPrice], [p].[Description], [p].[Name], [p].[ProductCode], [p].[ProductKey], [p].[SellPrice], [p].[SupplierId]
FROM [Products] AS [p]
WHERE [p].[ProductId] IN (
    SELECT [p0].[value]
    FROM OPENJSON(@__productIds_0) WITH ([value] int '$') AS [p0]
)
2025-09-19 22:53:20.673 +05:30 [INF] Executing OkObjectResult, writing value of type 'System.Collections.Generic.List`1[[AuthNet.Models.DTO.DailyProfitDto, AuthNet, Version=1.0.0.0, Culture=neutral, PublicKeyToken=null]]'.
2025-09-19 22:53:20.673 +05:30 [INF] Executed action AuthNet.Controllers.SalesController.GetWeeklyProfit (AuthNet) in 30.5875ms
2025-09-19 22:53:20.673 +05:30 [INF] Executed endpoint 'AuthNet.Controllers.SalesController.GetWeeklyProfit (AuthNet)'
2025-09-19 22:53:20.674 +05:30 [INF] Request finished HTTP/2 GET https://localhost:7165/api/Sales/WeeklyProfit - 200 null application/json; charset=utf-8 39.6173ms
2025-09-19 22:53:20.676 +05:30 [INF] Executed DbCommand (19ms) [Parameters=[], CommandType='"Text"', CommandTimeout='30']
SELECT [c].[Name] AS [CategoryName], COUNT(*) AS [ProductCount]
FROM [Products] AS [p]
LEFT JOIN [Categories] AS [c] ON [p].[CategoryId] = [c].[CategoryId]
WHERE [c].[CategoryId] IS NOT NULL
GROUP BY [c].[Name]
2025-09-19 22:53:20.677 +05:30 [INF] Executing OkObjectResult, writing value of type 'System.Collections.Generic.List`1[[AuthNet.Models.DTO.CategoryProductCountDto, AuthNet, Version=1.0.0.0, Culture=neutral, PublicKeyToken=null]]'.
2025-09-19 22:53:20.682 +05:30 [INF] Executed action AuthNet.Controllers.ProductsController.GetCategoryWiseProductCount (AuthNet) in 26.651ms
2025-09-19 22:53:20.682 +05:30 [INF] Executed endpoint 'AuthNet.Controllers.ProductsController.GetCategoryWiseProductCount (AuthNet)'
2025-09-19 22:53:20.684 +05:30 [INF] Request finished HTTP/2 GET https://localhost:7165/api/Products/CategoryWiseProductCount - 200 null application/json; charset=utf-8 42.7263ms
2025-09-19 22:53:44.008 +05:30 [INF] Request starting HTTP/1.1 GET https://localhost:7165/api/Sales/DailyProfit - null null
2025-09-19 22:53:44.008 +05:30 [INF] Executing endpoint 'AuthNet.Controllers.SalesController.GetDailyProfit (AuthNet)'
2025-09-19 22:53:44.013 +05:30 [INF] Route matched with {action = "GetDailyProfit", controller = "Sales"}. Executing controller action with signature System.Threading.Tasks.Task`1[Microsoft.AspNetCore.Mvc.IActionResult] GetDailyProfit() on controller AuthNet.Controllers.SalesController (AuthNet).
2025-09-19 22:53:44.064 +05:30 [INF] Executed DbCommand (50ms) [Parameters=[@__date_Date_0='?' (DbType = DateTime2)], CommandType='"Text"', CommandTimeout='30']
SELECT [s].[Id], [s].[ProductId], [s].[ProductName], [s].[Quantity], [s].[SaleId], [s].[TotalPrice], [s].[UnitPrice], [s0].[Id], [s0].[AfterTaxAmount], [s0].[CreatedAt], [s0].[DiscountedAmount], [s0].[InvoiceDate], [s0].[InvoiceNo], [s0].[PrincipalAmount], [s0].[Template], [s0].[TotalAmount]
FROM [SaleItems] AS [s]
INNER JOIN [Sales] AS [s0] ON [s].[SaleId] = [s0].[Id]
WHERE CONVERT(date, [s0].[InvoiceDate]) = @__date_Date_0
2025-09-19 22:53:44.073 +05:30 [INF] Executed DbCommand (8ms) [Parameters=[@__productIds_0='?' (Size = 4000)], CommandType='"Text"', CommandTimeout='30']
SELECT [p].[ProductId], [p].[CategoryId], [p].[CostPrice], [p].[Description], [p].[Name], [p].[ProductCode], [p].[ProductKey], [p].[SellPrice], [p].[SupplierId]
FROM [Products] AS [p]
WHERE [p].[ProductId] IN (
    SELECT [p0].[value]
    FROM OPENJSON(@__productIds_0) WITH ([value] int '$') AS [p0]
)
2025-09-19 22:53:44.073 +05:30 [INF] Executing OkObjectResult, writing value of type 'AuthNet.Models.DTO.DailyProfitDto'.
2025-09-19 22:53:44.075 +05:30 [INF] Executed action AuthNet.Controllers.SalesController.GetDailyProfit (AuthNet) in 61.5171ms
2025-09-19 22:53:44.075 +05:30 [INF] Executed endpoint 'AuthNet.Controllers.SalesController.GetDailyProfit (AuthNet)'
2025-09-19 22:53:44.076 +05:30 [INF] Request finished HTTP/1.1 GET https://localhost:7165/api/Sales/DailyProfit - 200 null application/json; charset=utf-8 68.8395ms
2025-09-19 22:53:44.113 +05:30 [INF] Request starting HTTP/2 GET https://localhost:7165/swagger/index.html - null null
2025-09-19 22:53:44.115 +05:30 [INF] Request starting HTTP/1.1 GET https://localhost:7165/api/Sales/CurrentMonthProfit - null null
2025-09-19 22:53:44.117 +05:30 [INF] Executing endpoint 'AuthNet.Controllers.SalesController.GetCurrentMonthProfit (AuthNet)'
2025-09-19 22:53:44.125 +05:30 [INF] Route matched with {action = "GetCurrentMonthProfit", controller = "Sales"}. Executing controller action with signature System.Threading.Tasks.Task`1[Microsoft.AspNetCore.Mvc.IActionResult] GetCurrentMonthProfit() on controller AuthNet.Controllers.SalesController (AuthNet).
2025-09-19 22:53:44.150 +05:30 [INF] Executed DbCommand (24ms) [Parameters=[@__currentYear_0='?' (DbType = Int32), @__currentMonth_1='?' (DbType = Int32)], CommandType='"Text"', CommandTimeout='30']
SELECT [s].[Id], [s].[ProductId], [s].[ProductName], [s].[Quantity], [s].[SaleId], [s].[TotalPrice], [s].[UnitPrice], [s0].[Id], [s0].[AfterTaxAmount], [s0].[CreatedAt], [s0].[DiscountedAmount], [s0].[InvoiceDate], [s0].[InvoiceNo], [s0].[PrincipalAmount], [s0].[Template], [s0].[TotalAmount]
FROM [SaleItems] AS [s]
INNER JOIN [Sales] AS [s0] ON [s].[SaleId] = [s0].[Id]
WHERE DATEPART(year, [s0].[InvoiceDate]) = @__currentYear_0 AND DATEPART(month, [s0].[InvoiceDate]) = @__currentMonth_1
2025-09-19 22:53:44.153 +05:30 [INF] Request finished HTTP/2 GET https://localhost:7165/swagger/index.html - 200 null text/html;charset=utf-8 39.283ms
2025-09-19 22:53:44.188 +05:30 [INF] Request starting HTTP/2 GET https://localhost:7165/_framework/aspnetcore-browser-refresh.js - null null
2025-09-19 22:53:44.189 +05:30 [INF] Request starting HTTP/2 GET https://localhost:7165/_vs/browserLink - null null
2025-09-19 22:53:44.192 +05:30 [INF] Request finished HTTP/2 GET https://localhost:7165/_framework/aspnetcore-browser-refresh.js - 200 16499 application/javascript; charset=utf-8 3.2793ms
2025-09-19 22:53:44.197 +05:30 [INF] Executed DbCommand (45ms) [Parameters=[@__productIds_0='?' (Size = 4000)], CommandType='"Text"', CommandTimeout='30']
SELECT [p].[ProductId], [p].[CategoryId], [p].[CostPrice], [p].[Description], [p].[Name], [p].[ProductCode], [p].[ProductKey], [p].[SellPrice], [p].[SupplierId]
FROM [Products] AS [p]
WHERE [p].[ProductId] IN (
    SELECT [p0].[value]
    FROM OPENJSON(@__productIds_0) WITH ([value] int '$') AS [p0]
)
2025-09-19 22:53:44.198 +05:30 [INF] Executing OkObjectResult, writing value of type 'AuthNet.Models.DTO.MonthlyProfitDto'.
2025-09-19 22:53:44.210 +05:30 [INF] Executed action AuthNet.Controllers.SalesController.GetCurrentMonthProfit (AuthNet) in 85.2078ms
2025-09-19 22:53:44.210 +05:30 [INF] Executed endpoint 'AuthNet.Controllers.SalesController.GetCurrentMonthProfit (AuthNet)'
2025-09-19 22:53:44.211 +05:30 [INF] Request finished HTTP/1.1 GET https://localhost:7165/api/Sales/CurrentMonthProfit - 200 null application/json; charset=utf-8 96.0383ms
2025-09-19 22:53:44.235 +05:30 [INF] Request starting HTTP/1.1 GET https://localhost:7165/api/Sales/CurrentYearProfit - null null
2025-09-19 22:53:44.240 +05:30 [INF] Request finished HTTP/2 GET https://localhost:7165/_vs/browserLink - 200 null text/javascript; charset=UTF-8 51.1368ms
2025-09-19 22:53:44.244 +05:30 [INF] Executing endpoint 'AuthNet.Controllers.SalesController.GetCurrentYearProfit (AuthNet)'
2025-09-19 22:53:44.251 +05:30 [INF] Route matched with {action = "GetCurrentYearProfit", controller = "Sales"}. Executing controller action with signature System.Threading.Tasks.Task`1[Microsoft.AspNetCore.Mvc.IActionResult] GetCurrentYearProfit() on controller AuthNet.Controllers.SalesController (AuthNet).
2025-09-19 22:53:44.258 +05:30 [INF] Executed DbCommand (6ms) [Parameters=[@__currentYear_0='?' (DbType = Int32)], CommandType='"Text"', CommandTimeout='30']
SELECT [s].[Id], [s].[ProductId], [s].[ProductName], [s].[Quantity], [s].[SaleId], [s].[TotalPrice], [s].[UnitPrice], [s0].[Id], [s0].[AfterTaxAmount], [s0].[CreatedAt], [s0].[DiscountedAmount], [s0].[InvoiceDate], [s0].[InvoiceNo], [s0].[PrincipalAmount], [s0].[Template], [s0].[TotalAmount]
FROM [SaleItems] AS [s]
INNER JOIN [Sales] AS [s0] ON [s].[SaleId] = [s0].[Id]
WHERE DATEPART(year, [s0].[InvoiceDate]) = @__currentYear_0
2025-09-19 22:53:44.263 +05:30 [INF] Executed DbCommand (4ms) [Parameters=[@__productIds_0='?' (Size = 4000)], CommandType='"Text"', CommandTimeout='30']
SELECT [p].[ProductId], [p].[CategoryId], [p].[CostPrice], [p].[Description], [p].[Name], [p].[ProductCode], [p].[ProductKey], [p].[SellPrice], [p].[SupplierId]
FROM [Products] AS [p]
WHERE [p].[ProductId] IN (
    SELECT [p0].[value]
    FROM OPENJSON(@__productIds_0) WITH ([value] int '$') AS [p0]
)
2025-09-19 22:53:44.264 +05:30 [INF] Executing OkObjectResult, writing value of type 'AuthNet.Models.DTO.YearlyProfitDto'.
2025-09-19 22:53:44.265 +05:30 [INF] Executed action AuthNet.Controllers.SalesController.GetCurrentYearProfit (AuthNet) in 13.9756ms
2025-09-19 22:53:44.265 +05:30 [INF] Executed endpoint 'AuthNet.Controllers.SalesController.GetCurrentYearProfit (AuthNet)'
2025-09-19 22:53:44.265 +05:30 [INF] Request finished HTTP/1.1 GET https://localhost:7165/api/Sales/CurrentYearProfit - 200 null application/json; charset=utf-8 30.3153ms
2025-09-19 22:53:44.291 +05:30 [INF] Request starting HTTP/1.1 GET https://localhost:7165/api/Tasks - null null
2025-09-19 22:53:44.291 +05:30 [INF] Executing endpoint 'AuthNet.Controllers.TasksController.GetTasks (AuthNet)'
2025-09-19 22:53:44.293 +05:30 [INF] Route matched with {action = "GetTasks", controller = "Tasks"}. Executing controller action with signature Microsoft.AspNetCore.Mvc.IActionResult GetTasks() on controller AuthNet.Controllers.TasksController (AuthNet).
2025-09-19 22:53:44.306 +05:30 [INF] Executed DbCommand (9ms) [Parameters=[], CommandType='"Text"', CommandTimeout='30']
SELECT [t].[Id], [t].[Title], [t].[DueDate]
FROM [Tasks] AS [t]
2025-09-19 22:53:44.307 +05:30 [INF] Executing OkObjectResult, writing value of type 'System.Collections.Generic.List`1[[AuthNet.Models.DTO.TaskItemDto, AuthNet, Version=1.0.0.0, Culture=neutral, PublicKeyToken=null]]'.
2025-09-19 22:53:44.309 +05:30 [INF] Executed action AuthNet.Controllers.TasksController.GetTasks (AuthNet) in 15.5927ms
2025-09-19 22:53:44.309 +05:30 [INF] Executed endpoint 'AuthNet.Controllers.TasksController.GetTasks (AuthNet)'
2025-09-19 22:53:44.309 +05:30 [INF] Request finished HTTP/1.1 GET https://localhost:7165/api/Tasks - 200 null application/json; charset=utf-8 17.8789ms
2025-09-19 22:53:44.340 +05:30 [INF] Request starting HTTP/1.1 GET https://localhost:7165/api/Settings/Get - null null
2025-09-19 22:53:44.341 +05:30 [INF] Executing endpoint 'AuthNet.Controllers.SettingsController.GetCompanyInfo (AuthNet)'
2025-09-19 22:53:44.348 +05:30 [INF] Route matched with {action = "GetCompanyInfo", controller = "Settings"}. Executing controller action with signature System.Threading.Tasks.Task`1[Microsoft.AspNetCore.Mvc.IActionResult] GetCompanyInfo() on controller AuthNet.Controllers.SettingsController (AuthNet).
2025-09-19 22:53:44.356 +05:30 [INF] Executed DbCommand (7ms) [Parameters=[], CommandType='"Text"', CommandTimeout='30']
SELECT TOP(1) [c].[Id], [c].[Address], [c].[ContactNumber], [c].[Email], [c].[GSTIN], [c].[LogoFileExtension], [c].[LogoFilePath], [c].[LogoFileSizeInBytes], [c].[LogoName], [c].[Name], [c].[SignFileExtension], [c].[SignFilePath], [c].[SignFileSizeInBytes], [c].[SignName]
FROM [CompanyInfos] AS [c]
2025-09-19 22:53:44.356 +05:30 [INF] Executing OkObjectResult, writing value of type 'AuthNet.Models.DTO.CompanyInfoResponseDto'.
2025-09-19 22:53:44.358 +05:30 [INF] Executed action AuthNet.Controllers.SettingsController.GetCompanyInfo (AuthNet) in 10.4914ms
2025-09-19 22:53:44.358 +05:30 [INF] Executed endpoint 'AuthNet.Controllers.SettingsController.GetCompanyInfo (AuthNet)'
2025-09-19 22:53:44.358 +05:30 [INF] Request finished HTTP/1.1 GET https://localhost:7165/api/Settings/Get - 200 null application/json; charset=utf-8 18.322ms
2025-09-19 22:53:44.608 +05:30 [INF] Request starting HTTP/2 GET https://localhost:7165/swagger/v1/swagger.json - null null
2025-09-19 22:53:44.655 +05:30 [INF] Request finished HTTP/2 GET https://localhost:7165/swagger/v1/swagger.json - 200 null application/json;charset=utf-8 46.4516ms
2025-09-19 22:53:44.753 +05:30 [INF] Request starting HTTP/2 GET https://localhost:7165/api/Sales/WeeklyProfit - null null
2025-09-19 22:53:44.753 +05:30 [INF] Request starting HTTP/2 GET https://localhost:7165/api/Products/CategoryWiseProductCount - null null
2025-09-19 22:53:44.754 +05:30 [INF] CORS policy execution successful.
2025-09-19 22:53:44.754 +05:30 [INF] CORS policy execution successful.
2025-09-19 22:53:44.754 +05:30 [INF] Executing endpoint 'AuthNet.Controllers.ProductsController.GetCategoryWiseProductCount (AuthNet)'
2025-09-19 22:53:44.754 +05:30 [INF] Executing endpoint 'AuthNet.Controllers.SalesController.GetWeeklyProfit (AuthNet)'
2025-09-19 22:53:44.759 +05:30 [INF] Route matched with {action = "GetCategoryWiseProductCount", controller = "Products"}. Executing controller action with signature System.Threading.Tasks.Task`1[Microsoft.AspNetCore.Mvc.IActionResult] GetCategoryWiseProductCount() on controller AuthNet.Controllers.ProductsController (AuthNet).
2025-09-19 22:53:44.759 +05:30 [INF] Route matched with {action = "GetWeeklyProfit", controller = "Sales"}. Executing controller action with signature System.Threading.Tasks.Task`1[Microsoft.AspNetCore.Mvc.IActionResult] GetWeeklyProfit() on controller AuthNet.Controllers.SalesController (AuthNet).
2025-09-19 22:53:44.771 +05:30 [INF] Executed DbCommand (9ms) [Parameters=[@__startDate_0='?' (DbType = DateTime2), @__endDate_1='?' (DbType = DateTime2)], CommandType='"Text"', CommandTimeout='30']
SELECT [s].[Id], [s].[ProductId], [s].[ProductName], [s].[Quantity], [s].[SaleId], [s].[TotalPrice], [s].[UnitPrice], [s0].[Id], [s0].[AfterTaxAmount], [s0].[CreatedAt], [s0].[DiscountedAmount], [s0].[InvoiceDate], [s0].[InvoiceNo], [s0].[PrincipalAmount], [s0].[Template], [s0].[TotalAmount]
FROM [SaleItems] AS [s]
INNER JOIN [Sales] AS [s0] ON [s].[SaleId] = [s0].[Id]
WHERE CONVERT(date, [s0].[InvoiceDate]) >= @__startDate_0 AND CONVERT(date, [s0].[InvoiceDate]) <= @__endDate_1
2025-09-19 22:53:44.786 +05:30 [INF] Executed DbCommand (14ms) [Parameters=[@__productIds_0='?' (Size = 4000)], CommandType='"Text"', CommandTimeout='30']
SELECT [p].[ProductId], [p].[CategoryId], [p].[CostPrice], [p].[Description], [p].[Name], [p].[ProductCode], [p].[ProductKey], [p].[SellPrice], [p].[SupplierId]
FROM [Products] AS [p]
WHERE [p].[ProductId] IN (
    SELECT [p0].[value]
    FROM OPENJSON(@__productIds_0) WITH ([value] int '$') AS [p0]
)
2025-09-19 22:53:44.786 +05:30 [INF] Executed DbCommand (23ms) [Parameters=[], CommandType='"Text"', CommandTimeout='30']
SELECT [c].[Name] AS [CategoryName], COUNT(*) AS [ProductCount]
FROM [Products] AS [p]
LEFT JOIN [Categories] AS [c] ON [p].[CategoryId] = [c].[CategoryId]
WHERE [c].[CategoryId] IS NOT NULL
GROUP BY [c].[Name]
2025-09-19 22:53:44.786 +05:30 [INF] Executing OkObjectResult, writing value of type 'System.Collections.Generic.List`1[[AuthNet.Models.DTO.DailyProfitDto, AuthNet, Version=1.0.0.0, Culture=neutral, PublicKeyToken=null]]'.
2025-09-19 22:53:44.786 +05:30 [INF] Executing OkObjectResult, writing value of type 'System.Collections.Generic.List`1[[AuthNet.Models.DTO.CategoryProductCountDto, AuthNet, Version=1.0.0.0, Culture=neutral, PublicKeyToken=null]]'.
2025-09-19 22:53:44.787 +05:30 [INF] Executed action AuthNet.Controllers.SalesController.GetWeeklyProfit (AuthNet) in 27.5706ms
2025-09-19 22:53:44.787 +05:30 [INF] Executed endpoint 'AuthNet.Controllers.SalesController.GetWeeklyProfit (AuthNet)'
2025-09-19 22:53:44.787 +05:30 [INF] Request finished HTTP/2 GET https://localhost:7165/api/Sales/WeeklyProfit - 200 null application/json; charset=utf-8 33.4973ms
2025-09-19 22:53:44.787 +05:30 [INF] Executed action AuthNet.Controllers.ProductsController.GetCategoryWiseProductCount (AuthNet) in 28.2941ms
2025-09-19 22:53:44.787 +05:30 [INF] Executed endpoint 'AuthNet.Controllers.ProductsController.GetCategoryWiseProductCount (AuthNet)'
2025-09-19 22:53:44.788 +05:30 [INF] Request finished HTTP/2 GET https://localhost:7165/api/Products/CategoryWiseProductCount - 200 null application/json; charset=utf-8 34.0913ms
2025-09-19 22:53:46.911 +05:30 [INF] Request starting HTTP/1.1 GET https://localhost:7165/api/Sales/DailyProfit - null null
2025-09-19 22:53:46.912 +05:30 [INF] Executing endpoint 'AuthNet.Controllers.SalesController.GetDailyProfit (AuthNet)'
2025-09-19 22:53:46.917 +05:30 [INF] Route matched with {action = "GetDailyProfit", controller = "Sales"}. Executing controller action with signature System.Threading.Tasks.Task`1[Microsoft.AspNetCore.Mvc.IActionResult] GetDailyProfit() on controller AuthNet.Controllers.SalesController (AuthNet).
2025-09-19 22:53:46.925 +05:30 [INF] Executed DbCommand (7ms) [Parameters=[@__date_Date_0='?' (DbType = DateTime2)], CommandType='"Text"', CommandTimeout='30']
SELECT [s].[Id], [s].[ProductId], [s].[ProductName], [s].[Quantity], [s].[SaleId], [s].[TotalPrice], [s].[UnitPrice], [s0].[Id], [s0].[AfterTaxAmount], [s0].[CreatedAt], [s0].[DiscountedAmount], [s0].[InvoiceDate], [s0].[InvoiceNo], [s0].[PrincipalAmount], [s0].[Template], [s0].[TotalAmount]
FROM [SaleItems] AS [s]
INNER JOIN [Sales] AS [s0] ON [s].[SaleId] = [s0].[Id]
WHERE CONVERT(date, [s0].[InvoiceDate]) = @__date_Date_0
2025-09-19 22:53:46.931 +05:30 [INF] Executed DbCommand (6ms) [Parameters=[@__productIds_0='?' (Size = 4000)], CommandType='"Text"', CommandTimeout='30']
SELECT [p].[ProductId], [p].[CategoryId], [p].[CostPrice], [p].[Description], [p].[Name], [p].[ProductCode], [p].[ProductKey], [p].[SellPrice], [p].[SupplierId]
FROM [Products] AS [p]
WHERE [p].[ProductId] IN (
    SELECT [p0].[value]
    FROM OPENJSON(@__productIds_0) WITH ([value] int '$') AS [p0]
)
2025-09-19 22:53:46.932 +05:30 [INF] Executing OkObjectResult, writing value of type 'AuthNet.Models.DTO.DailyProfitDto'.
2025-09-19 22:53:46.932 +05:30 [INF] Executed action AuthNet.Controllers.SalesController.GetDailyProfit (AuthNet) in 14.5015ms
2025-09-19 22:53:46.932 +05:30 [INF] Executed endpoint 'AuthNet.Controllers.SalesController.GetDailyProfit (AuthNet)'
2025-09-19 22:53:46.932 +05:30 [INF] Request finished HTTP/1.1 GET https://localhost:7165/api/Sales/DailyProfit - 200 null application/json; charset=utf-8 20.7714ms
2025-09-19 22:53:47.174 +05:30 [INF] Request starting HTTP/1.1 GET https://localhost:7165/api/Sales/CurrentMonthProfit - null null
2025-09-19 22:53:47.174 +05:30 [INF] Executing endpoint 'AuthNet.Controllers.SalesController.GetCurrentMonthProfit (AuthNet)'
2025-09-19 22:53:47.174 +05:30 [INF] Route matched with {action = "GetCurrentMonthProfit", controller = "Sales"}. Executing controller action with signature System.Threading.Tasks.Task`1[Microsoft.AspNetCore.Mvc.IActionResult] GetCurrentMonthProfit() on controller AuthNet.Controllers.SalesController (AuthNet).
2025-09-19 22:53:47.182 +05:30 [INF] Executed DbCommand (7ms) [Parameters=[@__currentYear_0='?' (DbType = Int32), @__currentMonth_1='?' (DbType = Int32)], CommandType='"Text"', CommandTimeout='30']
SELECT [s].[Id], [s].[ProductId], [s].[ProductName], [s].[Quantity], [s].[SaleId], [s].[TotalPrice], [s].[UnitPrice], [s0].[Id], [s0].[AfterTaxAmount], [s0].[CreatedAt], [s0].[DiscountedAmount], [s0].[InvoiceDate], [s0].[InvoiceNo], [s0].[PrincipalAmount], [s0].[Template], [s0].[TotalAmount]
FROM [SaleItems] AS [s]
INNER JOIN [Sales] AS [s0] ON [s].[SaleId] = [s0].[Id]
WHERE DATEPART(year, [s0].[InvoiceDate]) = @__currentYear_0 AND DATEPART(month, [s0].[InvoiceDate]) = @__currentMonth_1
2025-09-19 22:53:47.190 +05:30 [INF] Executed DbCommand (8ms) [Parameters=[@__productIds_0='?' (Size = 4000)], CommandType='"Text"', CommandTimeout='30']
SELECT [p].[ProductId], [p].[CategoryId], [p].[CostPrice], [p].[Description], [p].[Name], [p].[ProductCode], [p].[ProductKey], [p].[SellPrice], [p].[SupplierId]
FROM [Products] AS [p]
WHERE [p].[ProductId] IN (
    SELECT [p0].[value]
    FROM OPENJSON(@__productIds_0) WITH ([value] int '$') AS [p0]
)
2025-09-19 22:53:47.191 +05:30 [INF] Executing OkObjectResult, writing value of type 'AuthNet.Models.DTO.MonthlyProfitDto'.
2025-09-19 22:53:47.191 +05:30 [INF] Executed action AuthNet.Controllers.SalesController.GetCurrentMonthProfit (AuthNet) in 16.3754ms
2025-09-19 22:53:47.191 +05:30 [INF] Executed endpoint 'AuthNet.Controllers.SalesController.GetCurrentMonthProfit (AuthNet)'
2025-09-19 22:53:47.191 +05:30 [INF] Request finished HTTP/1.1 GET https://localhost:7165/api/Sales/CurrentMonthProfit - 200 null application/json; charset=utf-8 17.2748ms
2025-09-19 22:53:47.207 +05:30 [INF] Request starting HTTP/1.1 GET https://localhost:7165/api/Sales/CurrentYearProfit - null null
2025-09-19 22:53:47.207 +05:30 [INF] Executing endpoint 'AuthNet.Controllers.SalesController.GetCurrentYearProfit (AuthNet)'
2025-09-19 22:53:47.207 +05:30 [INF] Route matched with {action = "GetCurrentYearProfit", controller = "Sales"}. Executing controller action with signature System.Threading.Tasks.Task`1[Microsoft.AspNetCore.Mvc.IActionResult] GetCurrentYearProfit() on controller AuthNet.Controllers.SalesController (AuthNet).
2025-09-19 22:53:47.221 +05:30 [INF] Executed DbCommand (13ms) [Parameters=[@__currentYear_0='?' (DbType = Int32)], CommandType='"Text"', CommandTimeout='30']
SELECT [s].[Id], [s].[ProductId], [s].[ProductName], [s].[Quantity], [s].[SaleId], [s].[TotalPrice], [s].[UnitPrice], [s0].[Id], [s0].[AfterTaxAmount], [s0].[CreatedAt], [s0].[DiscountedAmount], [s0].[InvoiceDate], [s0].[InvoiceNo], [s0].[PrincipalAmount], [s0].[Template], [s0].[TotalAmount]
FROM [SaleItems] AS [s]
INNER JOIN [Sales] AS [s0] ON [s].[SaleId] = [s0].[Id]
WHERE DATEPART(year, [s0].[InvoiceDate]) = @__currentYear_0
2025-09-19 22:53:47.230 +05:30 [INF] Executed DbCommand (7ms) [Parameters=[@__productIds_0='?' (Size = 4000)], CommandType='"Text"', CommandTimeout='30']
SELECT [p].[ProductId], [p].[CategoryId], [p].[CostPrice], [p].[Description], [p].[Name], [p].[ProductCode], [p].[ProductKey], [p].[SellPrice], [p].[SupplierId]
FROM [Products] AS [p]
WHERE [p].[ProductId] IN (
    SELECT [p0].[value]
    FROM OPENJSON(@__productIds_0) WITH ([value] int '$') AS [p0]
)
2025-09-19 22:53:47.230 +05:30 [INF] Executing OkObjectResult, writing value of type 'AuthNet.Models.DTO.YearlyProfitDto'.
2025-09-19 22:53:47.230 +05:30 [INF] Executed action AuthNet.Controllers.SalesController.GetCurrentYearProfit (AuthNet) in 22.6948ms
2025-09-19 22:53:47.230 +05:30 [INF] Executed endpoint 'AuthNet.Controllers.SalesController.GetCurrentYearProfit (AuthNet)'
2025-09-19 22:53:47.230 +05:30 [INF] Request finished HTTP/1.1 GET https://localhost:7165/api/Sales/CurrentYearProfit - 200 null application/json; charset=utf-8 23.2693ms
2025-09-19 22:53:47.241 +05:30 [INF] Request starting HTTP/1.1 GET https://localhost:7165/api/Tasks - null null
2025-09-19 22:53:47.241 +05:30 [INF] Executing endpoint 'AuthNet.Controllers.TasksController.GetTasks (AuthNet)'
2025-09-19 22:53:47.241 +05:30 [INF] Route matched with {action = "GetTasks", controller = "Tasks"}. Executing controller action with signature Microsoft.AspNetCore.Mvc.IActionResult GetTasks() on controller AuthNet.Controllers.TasksController (AuthNet).
2025-09-19 22:53:47.244 +05:30 [INF] Executed DbCommand (2ms) [Parameters=[], CommandType='"Text"', CommandTimeout='30']
SELECT [t].[Id], [t].[Title], [t].[DueDate]
FROM [Tasks] AS [t]
2025-09-19 22:53:47.244 +05:30 [INF] Executing OkObjectResult, writing value of type 'System.Collections.Generic.List`1[[AuthNet.Models.DTO.TaskItemDto, AuthNet, Version=1.0.0.0, Culture=neutral, PublicKeyToken=null]]'.
2025-09-19 22:53:47.245 +05:30 [INF] Executed action AuthNet.Controllers.TasksController.GetTasks (AuthNet) in 3.4701ms
2025-09-19 22:53:47.245 +05:30 [INF] Executed endpoint 'AuthNet.Controllers.TasksController.GetTasks (AuthNet)'
2025-09-19 22:53:47.245 +05:30 [INF] Request finished HTTP/1.1 GET https://localhost:7165/api/Tasks - 200 null application/json; charset=utf-8 4.1278ms
2025-09-19 22:53:47.256 +05:30 [INF] Request starting HTTP/1.1 GET https://localhost:7165/api/Settings/Get - null null
2025-09-19 22:53:47.257 +05:30 [INF] Executing endpoint 'AuthNet.Controllers.SettingsController.GetCompanyInfo (AuthNet)'
2025-09-19 22:53:47.257 +05:30 [INF] Route matched with {action = "GetCompanyInfo", controller = "Settings"}. Executing controller action with signature System.Threading.Tasks.Task`1[Microsoft.AspNetCore.Mvc.IActionResult] GetCompanyInfo() on controller AuthNet.Controllers.SettingsController (AuthNet).
2025-09-19 22:53:47.264 +05:30 [INF] Executed DbCommand (6ms) [Parameters=[], CommandType='"Text"', CommandTimeout='30']
SELECT TOP(1) [c].[Id], [c].[Address], [c].[ContactNumber], [c].[Email], [c].[GSTIN], [c].[LogoFileExtension], [c].[LogoFilePath], [c].[LogoFileSizeInBytes], [c].[LogoName], [c].[Name], [c].[SignFileExtension], [c].[SignFilePath], [c].[SignFileSizeInBytes], [c].[SignName]
FROM [CompanyInfos] AS [c]
2025-09-19 22:53:47.265 +05:30 [INF] Executing OkObjectResult, writing value of type 'AuthNet.Models.DTO.CompanyInfoResponseDto'.
2025-09-19 22:53:47.265 +05:30 [INF] Executed action AuthNet.Controllers.SettingsController.GetCompanyInfo (AuthNet) in 7.4939ms
2025-09-19 22:53:47.265 +05:30 [INF] Executed endpoint 'AuthNet.Controllers.SettingsController.GetCompanyInfo (AuthNet)'
2025-09-19 22:53:47.265 +05:30 [INF] Request finished HTTP/1.1 GET https://localhost:7165/api/Settings/Get - 200 null application/json; charset=utf-8 9.6474ms
2025-09-19 22:53:47.819 +05:30 [INF] Request starting HTTP/2 GET https://localhost:7165/api/Products/CategoryWiseProductCount - null null
2025-09-19 22:53:47.819 +05:30 [INF] Request starting HTTP/2 GET https://localhost:7165/api/Sales/WeeklyProfit - null null
2025-09-19 22:53:47.820 +05:30 [INF] CORS policy execution successful.
2025-09-19 22:53:47.820 +05:30 [INF] Executing endpoint 'AuthNet.Controllers.SalesController.GetWeeklyProfit (AuthNet)'
2025-09-19 22:53:47.820 +05:30 [INF] Route matched with {action = "GetWeeklyProfit", controller = "Sales"}. Executing controller action with signature System.Threading.Tasks.Task`1[Microsoft.AspNetCore.Mvc.IActionResult] GetWeeklyProfit() on controller AuthNet.Controllers.SalesController (AuthNet).
2025-09-19 22:53:47.821 +05:30 [INF] CORS policy execution successful.
2025-09-19 22:53:47.821 +05:30 [INF] Executing endpoint 'AuthNet.Controllers.ProductsController.GetCategoryWiseProductCount (AuthNet)'
2025-09-19 22:53:47.821 +05:30 [INF] Route matched with {action = "GetCategoryWiseProductCount", controller = "Products"}. Executing controller action with signature System.Threading.Tasks.Task`1[Microsoft.AspNetCore.Mvc.IActionResult] GetCategoryWiseProductCount() on controller AuthNet.Controllers.ProductsController (AuthNet).
2025-09-19 22:53:47.838 +05:30 [INF] Executed DbCommand (17ms) [Parameters=[@__startDate_0='?' (DbType = DateTime2), @__endDate_1='?' (DbType = DateTime2)], CommandType='"Text"', CommandTimeout='30']
SELECT [s].[Id], [s].[ProductId], [s].[ProductName], [s].[Quantity], [s].[SaleId], [s].[TotalPrice], [s].[UnitPrice], [s0].[Id], [s0].[AfterTaxAmount], [s0].[CreatedAt], [s0].[DiscountedAmount], [s0].[InvoiceDate], [s0].[InvoiceNo], [s0].[PrincipalAmount], [s0].[Template], [s0].[TotalAmount]
FROM [SaleItems] AS [s]
INNER JOIN [Sales] AS [s0] ON [s].[SaleId] = [s0].[Id]
WHERE CONVERT(date, [s0].[InvoiceDate]) >= @__startDate_0 AND CONVERT(date, [s0].[InvoiceDate]) <= @__endDate_1
2025-09-19 22:53:47.857 +05:30 [INF] Executed DbCommand (19ms) [Parameters=[], CommandType='"Text"', CommandTimeout='30']
SELECT [c].[Name] AS [CategoryName], COUNT(*) AS [ProductCount]
FROM [Products] AS [p]
LEFT JOIN [Categories] AS [c] ON [p].[CategoryId] = [c].[CategoryId]
WHERE [c].[CategoryId] IS NOT NULL
GROUP BY [c].[Name]
2025-09-19 22:53:47.857 +05:30 [INF] Executing OkObjectResult, writing value of type 'System.Collections.Generic.List`1[[AuthNet.Models.DTO.CategoryProductCountDto, AuthNet, Version=1.0.0.0, Culture=neutral, PublicKeyToken=null]]'.
2025-09-19 22:53:47.857 +05:30 [INF] Executed action AuthNet.Controllers.ProductsController.GetCategoryWiseProductCount (AuthNet) in 35.7978ms
2025-09-19 22:53:47.857 +05:30 [INF] Executed endpoint 'AuthNet.Controllers.ProductsController.GetCategoryWiseProductCount (AuthNet)'
2025-09-19 22:53:47.857 +05:30 [INF] Request finished HTTP/2 GET https://localhost:7165/api/Products/CategoryWiseProductCount - 200 null application/json; charset=utf-8 38.3305ms
2025-09-19 22:53:47.876 +05:30 [INF] Executed DbCommand (17ms) [Parameters=[@__productIds_0='?' (Size = 4000)], CommandType='"Text"', CommandTimeout='30']
SELECT [p].[ProductId], [p].[CategoryId], [p].[CostPrice], [p].[Description], [p].[Name], [p].[ProductCode], [p].[ProductKey], [p].[SellPrice], [p].[SupplierId]
FROM [Products] AS [p]
WHERE [p].[ProductId] IN (
    SELECT [p0].[value]
    FROM OPENJSON(@__productIds_0) WITH ([value] int '$') AS [p0]
)
2025-09-19 22:53:47.879 +05:30 [INF] Executing OkObjectResult, writing value of type 'System.Collections.Generic.List`1[[AuthNet.Models.DTO.DailyProfitDto, AuthNet, Version=1.0.0.0, Culture=neutral, PublicKeyToken=null]]'.
2025-09-19 22:53:47.879 +05:30 [INF] Executed action AuthNet.Controllers.SalesController.GetWeeklyProfit (AuthNet) in 59.0436ms
2025-09-19 22:53:47.879 +05:30 [INF] Executed endpoint 'AuthNet.Controllers.SalesController.GetWeeklyProfit (AuthNet)'
2025-09-19 22:53:47.879 +05:30 [INF] Request finished HTTP/2 GET https://localhost:7165/api/Sales/WeeklyProfit - 200 null application/json; charset=utf-8 60.3942ms
2025-07-19 22:54:19.684 +05:30 [INF] Request starting HTTP/1.1 GET https://localhost:7165/api/Sales/DailyProfit - null null
2025-07-19 22:54:19.685 +05:30 [INF] Executing endpoint 'AuthNet.Controllers.SalesController.GetDailyProfit (AuthNet)'
2025-07-19 22:54:19.685 +05:30 [INF] Route matched with {action = "GetDailyProfit", controller = "Sales"}. Executing controller action with signature System.Threading.Tasks.Task`1[Microsoft.AspNetCore.Mvc.IActionResult] GetDailyProfit() on controller AuthNet.Controllers.SalesController (AuthNet).
2025-07-19 22:54:19.701 +05:30 [INF] Executed DbCommand (15ms) [Parameters=[@__date_Date_0='?' (DbType = DateTime2)], CommandType='"Text"', CommandTimeout='30']
SELECT [s].[Id], [s].[ProductId], [s].[ProductName], [s].[Quantity], [s].[SaleId], [s].[TotalPrice], [s].[UnitPrice], [s0].[Id], [s0].[AfterTaxAmount], [s0].[CreatedAt], [s0].[DiscountedAmount], [s0].[InvoiceDate], [s0].[InvoiceNo], [s0].[PrincipalAmount], [s0].[Template], [s0].[TotalAmount]
FROM [SaleItems] AS [s]
INNER JOIN [Sales] AS [s0] ON [s].[SaleId] = [s0].[Id]
WHERE CONVERT(date, [s0].[InvoiceDate]) = @__date_Date_0
2025-07-19 22:54:19.712 +05:30 [INF] Executed DbCommand (10ms) [Parameters=[@__productIds_0='?' (Size = 4000)], CommandType='"Text"', CommandTimeout='30']
SELECT [p].[ProductId], [p].[CategoryId], [p].[CostPrice], [p].[Description], [p].[Name], [p].[ProductCode], [p].[ProductKey], [p].[SellPrice], [p].[SupplierId]
FROM [Products] AS [p]
WHERE [p].[ProductId] IN (
    SELECT [p0].[value]
    FROM OPENJSON(@__productIds_0) WITH ([value] int '$') AS [p0]
)
2025-07-19 22:54:19.713 +05:30 [INF] Executing OkObjectResult, writing value of type 'AuthNet.Models.DTO.DailyProfitDto'.
2025-07-19 22:54:19.713 +05:30 [INF] Executed action AuthNet.Controllers.SalesController.GetDailyProfit (AuthNet) in 28.8089ms
2025-07-19 22:54:19.718 +05:30 [INF] Executed endpoint 'AuthNet.Controllers.SalesController.GetDailyProfit (AuthNet)'
2025-07-19 22:54:19.720 +05:30 [INF] Request finished HTTP/1.1 GET https://localhost:7165/api/Sales/DailyProfit - 200 null application/json; charset=utf-8 36.1337ms
2025-07-19 22:54:19.751 +05:30 [INF] Request starting HTTP/1.1 GET https://localhost:7165/api/Sales/CurrentMonthProfit - null null
2025-07-19 22:54:19.752 +05:30 [INF] Executing endpoint 'AuthNet.Controllers.SalesController.GetCurrentMonthProfit (AuthNet)'
2025-07-19 22:54:19.752 +05:30 [INF] Route matched with {action = "GetCurrentMonthProfit", controller = "Sales"}. Executing controller action with signature System.Threading.Tasks.Task`1[Microsoft.AspNetCore.Mvc.IActionResult] GetCurrentMonthProfit() on controller AuthNet.Controllers.SalesController (AuthNet).
2025-07-19 22:54:19.762 +05:30 [INF] Executed DbCommand (9ms) [Parameters=[@__currentYear_0='?' (DbType = Int32), @__currentMonth_1='?' (DbType = Int32)], CommandType='"Text"', CommandTimeout='30']
SELECT [s].[Id], [s].[ProductId], [s].[ProductName], [s].[Quantity], [s].[SaleId], [s].[TotalPrice], [s].[UnitPrice], [s0].[Id], [s0].[AfterTaxAmount], [s0].[CreatedAt], [s0].[DiscountedAmount], [s0].[InvoiceDate], [s0].[InvoiceNo], [s0].[PrincipalAmount], [s0].[Template], [s0].[TotalAmount]
FROM [SaleItems] AS [s]
INNER JOIN [Sales] AS [s0] ON [s].[SaleId] = [s0].[Id]
WHERE DATEPART(year, [s0].[InvoiceDate]) = @__currentYear_0 AND DATEPART(month, [s0].[InvoiceDate]) = @__currentMonth_1
2025-07-19 22:54:19.767 +05:30 [INF] Executed DbCommand (4ms) [Parameters=[@__productIds_0='?' (Size = 4000)], CommandType='"Text"', CommandTimeout='30']
SELECT [p].[ProductId], [p].[CategoryId], [p].[CostPrice], [p].[Description], [p].[Name], [p].[ProductCode], [p].[ProductKey], [p].[SellPrice], [p].[SupplierId]
FROM [Products] AS [p]
WHERE [p].[ProductId] IN (
    SELECT [p0].[value]
    FROM OPENJSON(@__productIds_0) WITH ([value] int '$') AS [p0]
)
2025-07-19 22:54:19.767 +05:30 [INF] Executing OkObjectResult, writing value of type 'AuthNet.Models.DTO.MonthlyProfitDto'.
2025-07-19 22:54:19.767 +05:30 [INF] Executed action AuthNet.Controllers.SalesController.GetCurrentMonthProfit (AuthNet) in 15.7676ms
2025-07-19 22:54:19.767 +05:30 [INF] Executed endpoint 'AuthNet.Controllers.SalesController.GetCurrentMonthProfit (AuthNet)'
2025-07-19 22:54:19.768 +05:30 [INF] Request finished HTTP/1.1 GET https://localhost:7165/api/Sales/CurrentMonthProfit - 200 null application/json; charset=utf-8 16.5508ms
2025-07-19 22:54:19.782 +05:30 [INF] Request starting HTTP/1.1 GET https://localhost:7165/api/Sales/CurrentYearProfit - null null
2025-07-19 22:54:19.782 +05:30 [INF] Executing endpoint 'AuthNet.Controllers.SalesController.GetCurrentYearProfit (AuthNet)'
2025-07-19 22:54:19.783 +05:30 [INF] Route matched with {action = "GetCurrentYearProfit", controller = "Sales"}. Executing controller action with signature System.Threading.Tasks.Task`1[Microsoft.AspNetCore.Mvc.IActionResult] GetCurrentYearProfit() on controller AuthNet.Controllers.SalesController (AuthNet).
2025-07-19 22:54:19.791 +05:30 [INF] Executed DbCommand (7ms) [Parameters=[@__currentYear_0='?' (DbType = Int32)], CommandType='"Text"', CommandTimeout='30']
SELECT [s].[Id], [s].[ProductId], [s].[ProductName], [s].[Quantity], [s].[SaleId], [s].[TotalPrice], [s].[UnitPrice], [s0].[Id], [s0].[AfterTaxAmount], [s0].[CreatedAt], [s0].[DiscountedAmount], [s0].[InvoiceDate], [s0].[InvoiceNo], [s0].[PrincipalAmount], [s0].[Template], [s0].[TotalAmount]
FROM [SaleItems] AS [s]
INNER JOIN [Sales] AS [s0] ON [s].[SaleId] = [s0].[Id]
WHERE DATEPART(year, [s0].[InvoiceDate]) = @__currentYear_0
2025-07-19 22:54:19.798 +05:30 [INF] Executed DbCommand (7ms) [Parameters=[@__productIds_0='?' (Size = 4000)], CommandType='"Text"', CommandTimeout='30']
SELECT [p].[ProductId], [p].[CategoryId], [p].[CostPrice], [p].[Description], [p].[Name], [p].[ProductCode], [p].[ProductKey], [p].[SellPrice], [p].[SupplierId]
FROM [Products] AS [p]
WHERE [p].[ProductId] IN (
    SELECT [p0].[value]
    FROM OPENJSON(@__productIds_0) WITH ([value] int '$') AS [p0]
)
2025-07-19 22:54:19.799 +05:30 [INF] Executing OkObjectResult, writing value of type 'AuthNet.Models.DTO.YearlyProfitDto'.
2025-07-19 22:54:19.799 +05:30 [INF] Executed action AuthNet.Controllers.SalesController.GetCurrentYearProfit (AuthNet) in 16.0302ms
2025-07-19 22:54:19.799 +05:30 [INF] Executed endpoint 'AuthNet.Controllers.SalesController.GetCurrentYearProfit (AuthNet)'
2025-07-19 22:54:19.799 +05:30 [INF] Request finished HTTP/1.1 GET https://localhost:7165/api/Sales/CurrentYearProfit - 200 null application/json; charset=utf-8 16.7708ms
2025-07-19 22:54:19.812 +05:30 [INF] Request starting HTTP/1.1 GET https://localhost:7165/api/Tasks - null null
2025-07-19 22:54:19.813 +05:30 [INF] Executing endpoint 'AuthNet.Controllers.TasksController.GetTasks (AuthNet)'
2025-07-19 22:54:19.813 +05:30 [INF] Route matched with {action = "GetTasks", controller = "Tasks"}. Executing controller action with signature Microsoft.AspNetCore.Mvc.IActionResult GetTasks() on controller AuthNet.Controllers.TasksController (AuthNet).
2025-07-19 22:54:19.817 +05:30 [INF] Executed DbCommand (3ms) [Parameters=[], CommandType='"Text"', CommandTimeout='30']
SELECT [t].[Id], [t].[Title], [t].[DueDate]
FROM [Tasks] AS [t]
2025-07-19 22:54:19.817 +05:30 [INF] Executing OkObjectResult, writing value of type 'System.Collections.Generic.List`1[[AuthNet.Models.DTO.TaskItemDto, AuthNet, Version=1.0.0.0, Culture=neutral, PublicKeyToken=null]]'.
2025-07-19 22:54:19.817 +05:30 [INF] Executed action AuthNet.Controllers.TasksController.GetTasks (AuthNet) in 4.1885ms
2025-07-19 22:54:19.817 +05:30 [INF] Executed endpoint 'AuthNet.Controllers.TasksController.GetTasks (AuthNet)'
2025-07-19 22:54:19.817 +05:30 [INF] Request finished HTTP/1.1 GET https://localhost:7165/api/Tasks - 200 null application/json; charset=utf-8 4.808ms
2025-07-19 22:54:19.834 +05:30 [INF] Request starting HTTP/1.1 GET https://localhost:7165/api/Settings/Get - null null
2025-07-19 22:54:19.835 +05:30 [INF] Executing endpoint 'AuthNet.Controllers.SettingsController.GetCompanyInfo (AuthNet)'
2025-07-19 22:54:19.835 +05:30 [INF] Route matched with {action = "GetCompanyInfo", controller = "Settings"}. Executing controller action with signature System.Threading.Tasks.Task`1[Microsoft.AspNetCore.Mvc.IActionResult] GetCompanyInfo() on controller AuthNet.Controllers.SettingsController (AuthNet).
2025-07-19 22:54:19.839 +05:30 [INF] Executed DbCommand (4ms) [Parameters=[], CommandType='"Text"', CommandTimeout='30']
SELECT TOP(1) [c].[Id], [c].[Address], [c].[ContactNumber], [c].[Email], [c].[GSTIN], [c].[LogoFileExtension], [c].[LogoFilePath], [c].[LogoFileSizeInBytes], [c].[LogoName], [c].[Name], [c].[SignFileExtension], [c].[SignFilePath], [c].[SignFileSizeInBytes], [c].[SignName]
FROM [CompanyInfos] AS [c]
2025-07-19 22:54:19.839 +05:30 [INF] Executing OkObjectResult, writing value of type 'AuthNet.Models.DTO.CompanyInfoResponseDto'.
2025-07-19 22:54:19.839 +05:30 [INF] Executed action AuthNet.Controllers.SettingsController.GetCompanyInfo (AuthNet) in 4.5929ms
2025-07-19 22:54:19.840 +05:30 [INF] Executed endpoint 'AuthNet.Controllers.SettingsController.GetCompanyInfo (AuthNet)'
2025-07-19 22:54:19.840 +05:30 [INF] Request finished HTTP/1.1 GET https://localhost:7165/api/Settings/Get - 200 null application/json; charset=utf-8 5.5836ms
2025-07-19 22:54:20.220 +05:30 [INF] Request starting HTTP/2 GET https://localhost:7165/api/Products/CategoryWiseProductCount - null null
2025-07-19 22:54:20.220 +05:30 [INF] Request starting HTTP/2 GET https://localhost:7165/api/Sales/WeeklyProfit - null null
2025-07-19 22:54:20.221 +05:30 [INF] CORS policy execution successful.
2025-07-19 22:54:20.221 +05:30 [INF] CORS policy execution successful.
2025-07-19 22:54:20.221 +05:30 [INF] Executing endpoint 'AuthNet.Controllers.ProductsController.GetCategoryWiseProductCount (AuthNet)'
2025-07-19 22:54:20.221 +05:30 [INF] Executing endpoint 'AuthNet.Controllers.SalesController.GetWeeklyProfit (AuthNet)'
2025-07-19 22:54:20.221 +05:30 [INF] Route matched with {action = "GetCategoryWiseProductCount", controller = "Products"}. Executing controller action with signature System.Threading.Tasks.Task`1[Microsoft.AspNetCore.Mvc.IActionResult] GetCategoryWiseProductCount() on controller AuthNet.Controllers.ProductsController (AuthNet).
2025-07-19 22:54:20.221 +05:30 [INF] Route matched with {action = "GetWeeklyProfit", controller = "Sales"}. Executing controller action with signature System.Threading.Tasks.Task`1[Microsoft.AspNetCore.Mvc.IActionResult] GetWeeklyProfit() on controller AuthNet.Controllers.SalesController (AuthNet).
2025-07-19 22:54:20.236 +05:30 [INF] Executed DbCommand (14ms) [Parameters=[@__startDate_0='?' (DbType = DateTime2), @__endDate_1='?' (DbType = DateTime2)], CommandType='"Text"', CommandTimeout='30']
SELECT [s].[Id], [s].[ProductId], [s].[ProductName], [s].[Quantity], [s].[SaleId], [s].[TotalPrice], [s].[UnitPrice], [s0].[Id], [s0].[AfterTaxAmount], [s0].[CreatedAt], [s0].[DiscountedAmount], [s0].[InvoiceDate], [s0].[InvoiceNo], [s0].[PrincipalAmount], [s0].[Template], [s0].[TotalAmount]
FROM [SaleItems] AS [s]
INNER JOIN [Sales] AS [s0] ON [s].[SaleId] = [s0].[Id]
WHERE CONVERT(date, [s0].[InvoiceDate]) >= @__startDate_0 AND CONVERT(date, [s0].[InvoiceDate]) <= @__endDate_1
2025-07-19 22:54:20.237 +05:30 [INF] Executed DbCommand (15ms) [Parameters=[], CommandType='"Text"', CommandTimeout='30']
SELECT [c].[Name] AS [CategoryName], COUNT(*) AS [ProductCount]
FROM [Products] AS [p]
LEFT JOIN [Categories] AS [c] ON [p].[CategoryId] = [c].[CategoryId]
WHERE [c].[CategoryId] IS NOT NULL
GROUP BY [c].[Name]
2025-07-19 22:54:20.238 +05:30 [INF] Executing OkObjectResult, writing value of type 'System.Collections.Generic.List`1[[AuthNet.Models.DTO.CategoryProductCountDto, AuthNet, Version=1.0.0.0, Culture=neutral, PublicKeyToken=null]]'.
2025-07-19 22:54:20.240 +05:30 [INF] Executed action AuthNet.Controllers.ProductsController.GetCategoryWiseProductCount (AuthNet) in 18.8157ms
2025-07-19 22:54:20.240 +05:30 [INF] Executed endpoint 'AuthNet.Controllers.ProductsController.GetCategoryWiseProductCount (AuthNet)'
2025-07-19 22:54:20.240 +05:30 [INF] Request finished HTTP/2 GET https://localhost:7165/api/Products/CategoryWiseProductCount - 200 null application/json; charset=utf-8 20.4269ms
2025-07-19 22:54:20.255 +05:30 [INF] Executed DbCommand (17ms) [Parameters=[@__productIds_0='?' (Size = 4000)], CommandType='"Text"', CommandTimeout='30']
SELECT [p].[ProductId], [p].[CategoryId], [p].[CostPrice], [p].[Description], [p].[Name], [p].[ProductCode], [p].[ProductKey], [p].[SellPrice], [p].[SupplierId]
FROM [Products] AS [p]
WHERE [p].[ProductId] IN (
    SELECT [p0].[value]
    FROM OPENJSON(@__productIds_0) WITH ([value] int '$') AS [p0]
)
2025-07-19 22:54:20.256 +05:30 [INF] Executing OkObjectResult, writing value of type 'System.Collections.Generic.List`1[[AuthNet.Models.DTO.DailyProfitDto, AuthNet, Version=1.0.0.0, Culture=neutral, PublicKeyToken=null]]'.
2025-07-19 22:54:20.256 +05:30 [INF] Executed action AuthNet.Controllers.SalesController.GetWeeklyProfit (AuthNet) in 35.039ms
2025-07-19 22:54:20.256 +05:30 [INF] Executed endpoint 'AuthNet.Controllers.SalesController.GetWeeklyProfit (AuthNet)'
2025-07-19 22:54:20.256 +05:30 [INF] Request finished HTTP/2 GET https://localhost:7165/api/Sales/WeeklyProfit - 200 null application/json; charset=utf-8 36.7185ms
2025-07-19 22:54:59.077 +05:30 [INF] Request starting HTTP/2 GET https://localhost:7165/swagger/index.html - null null
2025-07-19 22:54:59.087 +05:30 [INF] Request finished HTTP/2 GET https://localhost:7165/swagger/index.html - 200 null text/html;charset=utf-8 10.0404ms
2025-07-19 22:54:59.111 +05:30 [INF] Request starting HTTP/2 GET https://localhost:7165/_framework/aspnetcore-browser-refresh.js - null null
2025-07-19 22:54:59.120 +05:30 [INF] Request finished HTTP/2 GET https://localhost:7165/_framework/aspnetcore-browser-refresh.js - 200 16499 application/javascript; charset=utf-8 8.9746ms
2025-07-19 22:54:59.210 +05:30 [INF] Request starting HTTP/2 GET https://localhost:7165/swagger/v1/swagger.json - null null
2025-07-19 22:54:59.274 +05:30 [INF] Request finished HTTP/2 GET https://localhost:7165/swagger/v1/swagger.json - 200 null application/json;charset=utf-8 64.1156ms
2025-07-19 22:55:07.765 +05:30 [INF] Request starting HTTP/1.1 GET https://localhost:7165/api/Sales/DailyProfit - null null
2025-07-19 22:55:07.768 +05:30 [INF] Executing endpoint 'AuthNet.Controllers.SalesController.GetDailyProfit (AuthNet)'
2025-07-19 22:55:07.773 +05:30 [INF] Route matched with {action = "GetDailyProfit", controller = "Sales"}. Executing controller action with signature System.Threading.Tasks.Task`1[Microsoft.AspNetCore.Mvc.IActionResult] GetDailyProfit() on controller AuthNet.Controllers.SalesController (AuthNet).
2025-07-19 22:55:07.803 +05:30 [INF] Executed DbCommand (29ms) [Parameters=[@__date_Date_0='?' (DbType = DateTime2)], CommandType='"Text"', CommandTimeout='30']
SELECT [s].[Id], [s].[ProductId], [s].[ProductName], [s].[Quantity], [s].[SaleId], [s].[TotalPrice], [s].[UnitPrice], [s0].[Id], [s0].[AfterTaxAmount], [s0].[CreatedAt], [s0].[DiscountedAmount], [s0].[InvoiceDate], [s0].[InvoiceNo], [s0].[PrincipalAmount], [s0].[Template], [s0].[TotalAmount]
FROM [SaleItems] AS [s]
INNER JOIN [Sales] AS [s0] ON [s].[SaleId] = [s0].[Id]
WHERE CONVERT(date, [s0].[InvoiceDate]) = @__date_Date_0
2025-07-19 22:55:07.822 +05:30 [INF] Executed DbCommand (18ms) [Parameters=[@__productIds_0='?' (Size = 4000)], CommandType='"Text"', CommandTimeout='30']
SELECT [p].[ProductId], [p].[CategoryId], [p].[CostPrice], [p].[Description], [p].[Name], [p].[ProductCode], [p].[ProductKey], [p].[SellPrice], [p].[SupplierId]
FROM [Products] AS [p]
WHERE [p].[ProductId] IN (
    SELECT [p0].[value]
    FROM OPENJSON(@__productIds_0) WITH ([value] int '$') AS [p0]
)
2025-07-19 22:55:07.823 +05:30 [INF] Executing OkObjectResult, writing value of type 'AuthNet.Models.DTO.DailyProfitDto'.
2025-07-19 22:55:07.832 +05:30 [INF] Executed action AuthNet.Controllers.SalesController.GetDailyProfit (AuthNet) in 58.9745ms
2025-07-19 22:55:07.832 +05:30 [INF] Executed endpoint 'AuthNet.Controllers.SalesController.GetDailyProfit (AuthNet)'
2025-07-19 22:55:07.833 +05:30 [INF] Request finished HTTP/1.1 GET https://localhost:7165/api/Sales/DailyProfit - 200 null application/json; charset=utf-8 67.6301ms
2025-07-19 22:55:07.866 +05:30 [INF] Request starting HTTP/1.1 GET https://localhost:7165/api/Sales/CurrentMonthProfit - null null
2025-07-19 22:55:07.873 +05:30 [INF] Executing endpoint 'AuthNet.Controllers.SalesController.GetCurrentMonthProfit (AuthNet)'
2025-07-19 22:55:07.878 +05:30 [INF] Route matched with {action = "GetCurrentMonthProfit", controller = "Sales"}. Executing controller action with signature System.Threading.Tasks.Task`1[Microsoft.AspNetCore.Mvc.IActionResult] GetCurrentMonthProfit() on controller AuthNet.Controllers.SalesController (AuthNet).
2025-07-19 22:55:07.885 +05:30 [INF] Executed DbCommand (6ms) [Parameters=[@__currentYear_0='?' (DbType = Int32), @__currentMonth_1='?' (DbType = Int32)], CommandType='"Text"', CommandTimeout='30']
SELECT [s].[Id], [s].[ProductId], [s].[ProductName], [s].[Quantity], [s].[SaleId], [s].[TotalPrice], [s].[UnitPrice], [s0].[Id], [s0].[AfterTaxAmount], [s0].[CreatedAt], [s0].[DiscountedAmount], [s0].[InvoiceDate], [s0].[InvoiceNo], [s0].[PrincipalAmount], [s0].[Template], [s0].[TotalAmount]
FROM [SaleItems] AS [s]
INNER JOIN [Sales] AS [s0] ON [s].[SaleId] = [s0].[Id]
WHERE DATEPART(year, [s0].[InvoiceDate]) = @__currentYear_0 AND DATEPART(month, [s0].[InvoiceDate]) = @__currentMonth_1
2025-07-19 22:55:07.890 +05:30 [INF] Executed DbCommand (5ms) [Parameters=[@__productIds_0='?' (Size = 4000)], CommandType='"Text"', CommandTimeout='30']
SELECT [p].[ProductId], [p].[CategoryId], [p].[CostPrice], [p].[Description], [p].[Name], [p].[ProductCode], [p].[ProductKey], [p].[SellPrice], [p].[SupplierId]
FROM [Products] AS [p]
WHERE [p].[ProductId] IN (
    SELECT [p0].[value]
    FROM OPENJSON(@__productIds_0) WITH ([value] int '$') AS [p0]
)
2025-07-19 22:55:07.891 +05:30 [INF] Executing OkObjectResult, writing value of type 'AuthNet.Models.DTO.MonthlyProfitDto'.
2025-07-19 22:55:07.892 +05:30 [INF] Executed action AuthNet.Controllers.SalesController.GetCurrentMonthProfit (AuthNet) in 13.6512ms
2025-07-19 22:55:07.892 +05:30 [INF] Executed endpoint 'AuthNet.Controllers.SalesController.GetCurrentMonthProfit (AuthNet)'
2025-07-19 22:55:07.892 +05:30 [INF] Request finished HTTP/1.1 GET https://localhost:7165/api/Sales/CurrentMonthProfit - 200 null application/json; charset=utf-8 26.4077ms
2025-07-19 22:55:07.911 +05:30 [INF] Request starting HTTP/1.1 GET https://localhost:7165/api/Sales/CurrentYearProfit - null null
2025-07-19 22:55:07.912 +05:30 [INF] Executing endpoint 'AuthNet.Controllers.SalesController.GetCurrentYearProfit (AuthNet)'
2025-07-19 22:55:07.916 +05:30 [INF] Route matched with {action = "GetCurrentYearProfit", controller = "Sales"}. Executing controller action with signature System.Threading.Tasks.Task`1[Microsoft.AspNetCore.Mvc.IActionResult] GetCurrentYearProfit() on controller AuthNet.Controllers.SalesController (AuthNet).
2025-07-19 22:55:07.926 +05:30 [INF] Executed DbCommand (9ms) [Parameters=[@__currentYear_0='?' (DbType = Int32)], CommandType='"Text"', CommandTimeout='30']
SELECT [s].[Id], [s].[ProductId], [s].[ProductName], [s].[Quantity], [s].[SaleId], [s].[TotalPrice], [s].[UnitPrice], [s0].[Id], [s0].[AfterTaxAmount], [s0].[CreatedAt], [s0].[DiscountedAmount], [s0].[InvoiceDate], [s0].[InvoiceNo], [s0].[PrincipalAmount], [s0].[Template], [s0].[TotalAmount]
FROM [SaleItems] AS [s]
INNER JOIN [Sales] AS [s0] ON [s].[SaleId] = [s0].[Id]
WHERE DATEPART(year, [s0].[InvoiceDate]) = @__currentYear_0
2025-07-19 22:55:07.935 +05:30 [INF] Executed DbCommand (8ms) [Parameters=[@__productIds_0='?' (Size = 4000)], CommandType='"Text"', CommandTimeout='30']
SELECT [p].[ProductId], [p].[CategoryId], [p].[CostPrice], [p].[Description], [p].[Name], [p].[ProductCode], [p].[ProductKey], [p].[SellPrice], [p].[SupplierId]
FROM [Products] AS [p]
WHERE [p].[ProductId] IN (
    SELECT [p0].[value]
    FROM OPENJSON(@__productIds_0) WITH ([value] int '$') AS [p0]
)
2025-07-19 22:55:07.935 +05:30 [INF] Executing OkObjectResult, writing value of type 'AuthNet.Models.DTO.YearlyProfitDto'.
2025-07-19 22:55:07.936 +05:30 [INF] Executed action AuthNet.Controllers.SalesController.GetCurrentYearProfit (AuthNet) in 20.4742ms
2025-07-19 22:55:07.937 +05:30 [INF] Executed endpoint 'AuthNet.Controllers.SalesController.GetCurrentYearProfit (AuthNet)'
2025-07-19 22:55:07.937 +05:30 [INF] Request finished HTTP/1.1 GET https://localhost:7165/api/Sales/CurrentYearProfit - 200 null application/json; charset=utf-8 25.393ms
2025-07-19 22:55:07.956 +05:30 [INF] Request starting HTTP/1.1 GET https://localhost:7165/api/Tasks - null null
2025-07-19 22:55:07.956 +05:30 [INF] Executing endpoint 'AuthNet.Controllers.TasksController.GetTasks (AuthNet)'
2025-07-19 22:55:07.958 +05:30 [INF] Route matched with {action = "GetTasks", controller = "Tasks"}. Executing controller action with signature Microsoft.AspNetCore.Mvc.IActionResult GetTasks() on controller AuthNet.Controllers.TasksController (AuthNet).
2025-07-19 22:55:07.963 +05:30 [INF] Executed DbCommand (4ms) [Parameters=[], CommandType='"Text"', CommandTimeout='30']
SELECT [t].[Id], [t].[Title], [t].[DueDate]
FROM [Tasks] AS [t]
2025-07-19 22:55:07.963 +05:30 [INF] Executing OkObjectResult, writing value of type 'System.Collections.Generic.List`1[[AuthNet.Models.DTO.TaskItemDto, AuthNet, Version=1.0.0.0, Culture=neutral, PublicKeyToken=null]]'.
2025-07-19 22:55:07.965 +05:30 [INF] Executed action AuthNet.Controllers.TasksController.GetTasks (AuthNet) in 7.1968ms
2025-07-19 22:55:07.965 +05:30 [INF] Executed endpoint 'AuthNet.Controllers.TasksController.GetTasks (AuthNet)'
2025-07-19 22:55:07.965 +05:30 [INF] Request finished HTTP/1.1 GET https://localhost:7165/api/Tasks - 200 null application/json; charset=utf-8 9.5047ms
2025-07-19 22:55:07.982 +05:30 [INF] Request starting HTTP/1.1 GET https://localhost:7165/api/Settings/Get - null null
2025-07-19 22:55:07.983 +05:30 [INF] Executing endpoint 'AuthNet.Controllers.SettingsController.GetCompanyInfo (AuthNet)'
2025-07-19 22:55:07.985 +05:30 [INF] Route matched with {action = "GetCompanyInfo", controller = "Settings"}. Executing controller action with signature System.Threading.Tasks.Task`1[Microsoft.AspNetCore.Mvc.IActionResult] GetCompanyInfo() on controller AuthNet.Controllers.SettingsController (AuthNet).
2025-07-19 22:55:07.992 +05:30 [INF] Executed DbCommand (6ms) [Parameters=[], CommandType='"Text"', CommandTimeout='30']
SELECT TOP(1) [c].[Id], [c].[Address], [c].[ContactNumber], [c].[Email], [c].[GSTIN], [c].[LogoFileExtension], [c].[LogoFilePath], [c].[LogoFileSizeInBytes], [c].[LogoName], [c].[Name], [c].[SignFileExtension], [c].[SignFilePath], [c].[SignFileSizeInBytes], [c].[SignName]
FROM [CompanyInfos] AS [c]
2025-07-19 22:55:07.992 +05:30 [INF] Executing OkObjectResult, writing value of type 'AuthNet.Models.DTO.CompanyInfoResponseDto'.
2025-07-19 22:55:07.994 +05:30 [INF] Executed action AuthNet.Controllers.SettingsController.GetCompanyInfo (AuthNet) in 8.2912ms
2025-07-19 22:55:07.994 +05:30 [INF] Executed endpoint 'AuthNet.Controllers.SettingsController.GetCompanyInfo (AuthNet)'
2025-07-19 22:55:07.994 +05:30 [INF] Request finished HTTP/1.1 GET https://localhost:7165/api/Settings/Get - 200 null application/json; charset=utf-8 11.9515ms
2025-07-19 22:55:08.606 +05:30 [INF] Request starting HTTP/2 GET https://localhost:7165/api/Sales/WeeklyProfit - null null
2025-07-19 22:55:08.606 +05:30 [INF] CORS policy execution successful.
2025-07-19 22:55:08.607 +05:30 [INF] Executing endpoint 'AuthNet.Controllers.SalesController.GetWeeklyProfit (AuthNet)'
2025-07-19 22:55:08.615 +05:30 [INF] Route matched with {action = "GetWeeklyProfit", controller = "Sales"}. Executing controller action with signature System.Threading.Tasks.Task`1[Microsoft.AspNetCore.Mvc.IActionResult] GetWeeklyProfit() on controller AuthNet.Controllers.SalesController (AuthNet).
2025-07-19 22:55:08.620 +05:30 [INF] Request starting HTTP/2 GET https://localhost:7165/api/Products/CategoryWiseProductCount - null null
2025-07-19 22:55:08.620 +05:30 [INF] CORS policy execution successful.
2025-07-19 22:55:08.620 +05:30 [INF] Executing endpoint 'AuthNet.Controllers.ProductsController.GetCategoryWiseProductCount (AuthNet)'
2025-07-19 22:55:08.629 +05:30 [INF] Route matched with {action = "GetCategoryWiseProductCount", controller = "Products"}. Executing controller action with signature System.Threading.Tasks.Task`1[Microsoft.AspNetCore.Mvc.IActionResult] GetCategoryWiseProductCount() on controller AuthNet.Controllers.ProductsController (AuthNet).
2025-07-19 22:55:08.667 +05:30 [INF] Executed DbCommand (50ms) [Parameters=[@__startDate_0='?' (DbType = DateTime2), @__endDate_1='?' (DbType = DateTime2)], CommandType='"Text"', CommandTimeout='30']
SELECT [s].[Id], [s].[ProductId], [s].[ProductName], [s].[Quantity], [s].[SaleId], [s].[TotalPrice], [s].[UnitPrice], [s0].[Id], [s0].[AfterTaxAmount], [s0].[CreatedAt], [s0].[DiscountedAmount], [s0].[InvoiceDate], [s0].[InvoiceNo], [s0].[PrincipalAmount], [s0].[Template], [s0].[TotalAmount]
FROM [SaleItems] AS [s]
INNER JOIN [Sales] AS [s0] ON [s].[SaleId] = [s0].[Id]
WHERE CONVERT(date, [s0].[InvoiceDate]) >= @__startDate_0 AND CONVERT(date, [s0].[InvoiceDate]) <= @__endDate_1
2025-07-19 22:55:08.679 +05:30 [INF] Executed DbCommand (11ms) [Parameters=[@__productIds_0='?' (Size = 4000)], CommandType='"Text"', CommandTimeout='30']
SELECT [p].[ProductId], [p].[CategoryId], [p].[CostPrice], [p].[Description], [p].[Name], [p].[ProductCode], [p].[ProductKey], [p].[SellPrice], [p].[SupplierId]
FROM [Products] AS [p]
WHERE [p].[ProductId] IN (
    SELECT [p0].[value]
    FROM OPENJSON(@__productIds_0) WITH ([value] int '$') AS [p0]
)
2025-07-19 22:55:08.680 +05:30 [INF] Executing OkObjectResult, writing value of type 'System.Collections.Generic.List`1[[AuthNet.Models.DTO.DailyProfitDto, AuthNet, Version=1.0.0.0, Culture=neutral, PublicKeyToken=null]]'.
2025-07-19 22:55:08.680 +05:30 [INF] Executed action AuthNet.Controllers.SalesController.GetWeeklyProfit (AuthNet) in 65.1812ms
2025-07-19 22:55:08.680 +05:30 [INF] Executed endpoint 'AuthNet.Controllers.SalesController.GetWeeklyProfit (AuthNet)'
2025-07-19 22:55:08.680 +05:30 [INF] Request finished HTTP/2 GET https://localhost:7165/api/Sales/WeeklyProfit - 200 null application/json; charset=utf-8 74.453ms
2025-07-19 22:55:08.688 +05:30 [INF] Executed DbCommand (57ms) [Parameters=[], CommandType='"Text"', CommandTimeout='30']
SELECT [c].[Name] AS [CategoryName], COUNT(*) AS [ProductCount]
FROM [Products] AS [p]
LEFT JOIN [Categories] AS [c] ON [p].[CategoryId] = [c].[CategoryId]
WHERE [c].[CategoryId] IS NOT NULL
GROUP BY [c].[Name]
2025-07-19 22:55:08.688 +05:30 [INF] Executing OkObjectResult, writing value of type 'System.Collections.Generic.List`1[[AuthNet.Models.DTO.CategoryProductCountDto, AuthNet, Version=1.0.0.0, Culture=neutral, PublicKeyToken=null]]'.
2025-07-19 22:55:08.690 +05:30 [INF] Executed action AuthNet.Controllers.ProductsController.GetCategoryWiseProductCount (AuthNet) in 60.3936ms
2025-07-19 22:55:08.690 +05:30 [INF] Executed endpoint 'AuthNet.Controllers.ProductsController.GetCategoryWiseProductCount (AuthNet)'
2025-07-19 22:55:08.693 +05:30 [INF] Request finished HTTP/2 GET https://localhost:7165/api/Products/CategoryWiseProductCount - 200 null application/json; charset=utf-8 73.4872ms
2025-07-19 22:55:11.421 +05:30 [INF] Request starting HTTP/1.1 GET https://localhost:7165/api/Sales/DailyProfit - null null
2025-07-19 22:55:11.421 +05:30 [INF] Executing endpoint 'AuthNet.Controllers.SalesController.GetDailyProfit (AuthNet)'
2025-07-19 22:55:11.421 +05:30 [INF] Route matched with {action = "GetDailyProfit", controller = "Sales"}. Executing controller action with signature System.Threading.Tasks.Task`1[Microsoft.AspNetCore.Mvc.IActionResult] GetDailyProfit() on controller AuthNet.Controllers.SalesController (AuthNet).
2025-07-19 22:55:11.449 +05:30 [INF] Executed DbCommand (26ms) [Parameters=[@__date_Date_0='?' (DbType = DateTime2)], CommandType='"Text"', CommandTimeout='30']
SELECT [s].[Id], [s].[ProductId], [s].[ProductName], [s].[Quantity], [s].[SaleId], [s].[TotalPrice], [s].[UnitPrice], [s0].[Id], [s0].[AfterTaxAmount], [s0].[CreatedAt], [s0].[DiscountedAmount], [s0].[InvoiceDate], [s0].[InvoiceNo], [s0].[PrincipalAmount], [s0].[Template], [s0].[TotalAmount]
FROM [SaleItems] AS [s]
INNER JOIN [Sales] AS [s0] ON [s].[SaleId] = [s0].[Id]
WHERE CONVERT(date, [s0].[InvoiceDate]) = @__date_Date_0
2025-07-19 22:55:11.465 +05:30 [INF] Executed DbCommand (15ms) [Parameters=[@__productIds_0='?' (Size = 4000)], CommandType='"Text"', CommandTimeout='30']
SELECT [p].[ProductId], [p].[CategoryId], [p].[CostPrice], [p].[Description], [p].[Name], [p].[ProductCode], [p].[ProductKey], [p].[SellPrice], [p].[SupplierId]
FROM [Products] AS [p]
WHERE [p].[ProductId] IN (
    SELECT [p0].[value]
    FROM OPENJSON(@__productIds_0) WITH ([value] int '$') AS [p0]
)
2025-07-19 22:55:11.466 +05:30 [INF] Executing OkObjectResult, writing value of type 'AuthNet.Models.DTO.DailyProfitDto'.
2025-07-19 22:55:11.466 +05:30 [INF] Executed action AuthNet.Controllers.SalesController.GetDailyProfit (AuthNet) in 44.8213ms
2025-07-19 22:55:11.466 +05:30 [INF] Executed endpoint 'AuthNet.Controllers.SalesController.GetDailyProfit (AuthNet)'
2025-07-19 22:55:11.466 +05:30 [INF] Request finished HTTP/1.1 GET https://localhost:7165/api/Sales/DailyProfit - 200 null application/json; charset=utf-8 45.7872ms
2025-07-19 22:55:11.515 +05:30 [INF] Request starting HTTP/1.1 GET https://localhost:7165/api/Sales/CurrentMonthProfit - null null
2025-07-19 22:55:11.515 +05:30 [INF] Executing endpoint 'AuthNet.Controllers.SalesController.GetCurrentMonthProfit (AuthNet)'
2025-07-19 22:55:11.515 +05:30 [INF] Route matched with {action = "GetCurrentMonthProfit", controller = "Sales"}. Executing controller action with signature System.Threading.Tasks.Task`1[Microsoft.AspNetCore.Mvc.IActionResult] GetCurrentMonthProfit() on controller AuthNet.Controllers.SalesController (AuthNet).
2025-07-19 22:55:11.527 +05:30 [INF] Executed DbCommand (8ms) [Parameters=[@__currentYear_0='?' (DbType = Int32), @__currentMonth_1='?' (DbType = Int32)], CommandType='"Text"', CommandTimeout='30']
SELECT [s].[Id], [s].[ProductId], [s].[ProductName], [s].[Quantity], [s].[SaleId], [s].[TotalPrice], [s].[UnitPrice], [s0].[Id], [s0].[AfterTaxAmount], [s0].[CreatedAt], [s0].[DiscountedAmount], [s0].[InvoiceDate], [s0].[InvoiceNo], [s0].[PrincipalAmount], [s0].[Template], [s0].[TotalAmount]
FROM [SaleItems] AS [s]
INNER JOIN [Sales] AS [s0] ON [s].[SaleId] = [s0].[Id]
WHERE DATEPART(year, [s0].[InvoiceDate]) = @__currentYear_0 AND DATEPART(month, [s0].[InvoiceDate]) = @__currentMonth_1
2025-07-19 22:55:11.530 +05:30 [INF] Executed DbCommand (2ms) [Parameters=[@__productIds_0='?' (Size = 4000)], CommandType='"Text"', CommandTimeout='30']
SELECT [p].[ProductId], [p].[CategoryId], [p].[CostPrice], [p].[Description], [p].[Name], [p].[ProductCode], [p].[ProductKey], [p].[SellPrice], [p].[SupplierId]
FROM [Products] AS [p]
WHERE [p].[ProductId] IN (
    SELECT [p0].[value]
    FROM OPENJSON(@__productIds_0) WITH ([value] int '$') AS [p0]
)
2025-07-19 22:55:11.530 +05:30 [INF] Executing OkObjectResult, writing value of type 'AuthNet.Models.DTO.MonthlyProfitDto'.
2025-07-19 22:55:11.530 +05:30 [INF] Executed action AuthNet.Controllers.SalesController.GetCurrentMonthProfit (AuthNet) in 13.2227ms
2025-07-19 22:55:11.531 +05:30 [INF] Executed endpoint 'AuthNet.Controllers.SalesController.GetCurrentMonthProfit (AuthNet)'
2025-07-19 22:55:11.531 +05:30 [INF] Request finished HTTP/1.1 GET https://localhost:7165/api/Sales/CurrentMonthProfit - 200 null application/json; charset=utf-8 16.2776ms
2025-07-19 22:55:11.550 +05:30 [INF] Request starting HTTP/1.1 GET https://localhost:7165/api/Sales/CurrentYearProfit - null null
2025-07-19 22:55:11.550 +05:30 [INF] Executing endpoint 'AuthNet.Controllers.SalesController.GetCurrentYearProfit (AuthNet)'
2025-07-19 22:55:11.550 +05:30 [INF] Route matched with {action = "GetCurrentYearProfit", controller = "Sales"}. Executing controller action with signature System.Threading.Tasks.Task`1[Microsoft.AspNetCore.Mvc.IActionResult] GetCurrentYearProfit() on controller AuthNet.Controllers.SalesController (AuthNet).
2025-07-19 22:55:11.562 +05:30 [INF] Executed DbCommand (11ms) [Parameters=[@__currentYear_0='?' (DbType = Int32)], CommandType='"Text"', CommandTimeout='30']
SELECT [s].[Id], [s].[ProductId], [s].[ProductName], [s].[Quantity], [s].[SaleId], [s].[TotalPrice], [s].[UnitPrice], [s0].[Id], [s0].[AfterTaxAmount], [s0].[CreatedAt], [s0].[DiscountedAmount], [s0].[InvoiceDate], [s0].[InvoiceNo], [s0].[PrincipalAmount], [s0].[Template], [s0].[TotalAmount]
FROM [SaleItems] AS [s]
INNER JOIN [Sales] AS [s0] ON [s].[SaleId] = [s0].[Id]
WHERE DATEPART(year, [s0].[InvoiceDate]) = @__currentYear_0
2025-07-19 22:55:11.565 +05:30 [INF] Executed DbCommand (1ms) [Parameters=[@__productIds_0='?' (Size = 4000)], CommandType='"Text"', CommandTimeout='30']
SELECT [p].[ProductId], [p].[CategoryId], [p].[CostPrice], [p].[Description], [p].[Name], [p].[ProductCode], [p].[ProductKey], [p].[SellPrice], [p].[SupplierId]
FROM [Products] AS [p]
WHERE [p].[ProductId] IN (
    SELECT [p0].[value]
    FROM OPENJSON(@__productIds_0) WITH ([value] int '$') AS [p0]
)
2025-07-19 22:55:11.565 +05:30 [INF] Executing OkObjectResult, writing value of type 'AuthNet.Models.DTO.YearlyProfitDto'.
2025-07-19 22:55:11.565 +05:30 [INF] Executed action AuthNet.Controllers.SalesController.GetCurrentYearProfit (AuthNet) in 14.3891ms
2025-07-19 22:55:11.565 +05:30 [INF] Executed endpoint 'AuthNet.Controllers.SalesController.GetCurrentYearProfit (AuthNet)'
2025-07-19 22:55:11.565 +05:30 [INF] Request finished HTTP/1.1 GET https://localhost:7165/api/Sales/CurrentYearProfit - 200 null application/json; charset=utf-8 15.1048ms
2025-07-19 22:55:11.586 +05:30 [INF] Request starting HTTP/1.1 GET https://localhost:7165/api/Tasks - null null
2025-07-19 22:55:11.586 +05:30 [INF] Executing endpoint 'AuthNet.Controllers.TasksController.GetTasks (AuthNet)'
2025-07-19 22:55:11.587 +05:30 [INF] Route matched with {action = "GetTasks", controller = "Tasks"}. Executing controller action with signature Microsoft.AspNetCore.Mvc.IActionResult GetTasks() on controller AuthNet.Controllers.TasksController (AuthNet).
2025-07-19 22:55:11.593 +05:30 [INF] Executed DbCommand (6ms) [Parameters=[], CommandType='"Text"', CommandTimeout='30']
SELECT [t].[Id], [t].[Title], [t].[DueDate]
FROM [Tasks] AS [t]
2025-07-19 22:55:11.593 +05:30 [INF] Executing OkObjectResult, writing value of type 'System.Collections.Generic.List`1[[AuthNet.Models.DTO.TaskItemDto, AuthNet, Version=1.0.0.0, Culture=neutral, PublicKeyToken=null]]'.
2025-07-19 22:55:11.593 +05:30 [INF] Executed action AuthNet.Controllers.TasksController.GetTasks (AuthNet) in 6.9334ms
2025-07-19 22:55:11.594 +05:30 [INF] Executed endpoint 'AuthNet.Controllers.TasksController.GetTasks (AuthNet)'
2025-07-19 22:55:11.594 +05:30 [INF] Request finished HTTP/1.1 GET https://localhost:7165/api/Tasks - 200 null application/json; charset=utf-8 7.6361ms
2025-07-19 22:55:11.613 +05:30 [INF] Request starting HTTP/1.1 GET https://localhost:7165/api/Settings/Get - null null
2025-07-19 22:55:11.619 +05:30 [INF] Executing endpoint 'AuthNet.Controllers.SettingsController.GetCompanyInfo (AuthNet)'
2025-07-19 22:55:11.619 +05:30 [INF] Route matched with {action = "GetCompanyInfo", controller = "Settings"}. Executing controller action with signature System.Threading.Tasks.Task`1[Microsoft.AspNetCore.Mvc.IActionResult] GetCompanyInfo() on controller AuthNet.Controllers.SettingsController (AuthNet).
2025-07-19 22:55:11.627 +05:30 [INF] Executed DbCommand (8ms) [Parameters=[], CommandType='"Text"', CommandTimeout='30']
SELECT TOP(1) [c].[Id], [c].[Address], [c].[ContactNumber], [c].[Email], [c].[GSTIN], [c].[LogoFileExtension], [c].[LogoFilePath], [c].[LogoFileSizeInBytes], [c].[LogoName], [c].[Name], [c].[SignFileExtension], [c].[SignFilePath], [c].[SignFileSizeInBytes], [c].[SignName]
FROM [CompanyInfos] AS [c]
2025-07-19 22:55:11.628 +05:30 [INF] Executing OkObjectResult, writing value of type 'AuthNet.Models.DTO.CompanyInfoResponseDto'.
2025-07-19 22:55:11.628 +05:30 [INF] Executed action AuthNet.Controllers.SettingsController.GetCompanyInfo (AuthNet) in 8.8037ms
2025-07-19 22:55:11.628 +05:30 [INF] Executed endpoint 'AuthNet.Controllers.SettingsController.GetCompanyInfo (AuthNet)'
2025-07-19 22:55:11.628 +05:30 [INF] Request finished HTTP/1.1 GET https://localhost:7165/api/Settings/Get - 200 null application/json; charset=utf-8 14.9661ms
2025-07-19 22:55:11.993 +05:30 [INF] Request starting HTTP/2 GET https://localhost:7165/api/Sales/WeeklyProfit - null null
2025-07-19 22:55:11.993 +05:30 [INF] Request starting HTTP/2 GET https://localhost:7165/api/Products/CategoryWiseProductCount - null null
2025-07-19 22:55:11.993 +05:30 [INF] CORS policy execution successful.
2025-07-19 22:55:11.996 +05:30 [INF] Executing endpoint 'AuthNet.Controllers.SalesController.GetWeeklyProfit (AuthNet)'
2025-07-19 22:55:11.996 +05:30 [INF] Route matched with {action = "GetWeeklyProfit", controller = "Sales"}. Executing controller action with signature System.Threading.Tasks.Task`1[Microsoft.AspNetCore.Mvc.IActionResult] GetWeeklyProfit() on controller AuthNet.Controllers.SalesController (AuthNet).
2025-07-19 22:55:11.997 +05:30 [INF] CORS policy execution successful.
2025-07-19 22:55:11.997 +05:30 [INF] Executing endpoint 'AuthNet.Controllers.ProductsController.GetCategoryWiseProductCount (AuthNet)'
2025-07-19 22:55:11.997 +05:30 [INF] Route matched with {action = "GetCategoryWiseProductCount", controller = "Products"}. Executing controller action with signature System.Threading.Tasks.Task`1[Microsoft.AspNetCore.Mvc.IActionResult] GetCategoryWiseProductCount() on controller AuthNet.Controllers.ProductsController (AuthNet).
2025-07-19 22:55:12.005 +05:30 [INF] Executed DbCommand (8ms) [Parameters=[@__startDate_0='?' (DbType = DateTime2), @__endDate_1='?' (DbType = DateTime2)], CommandType='"Text"', CommandTimeout='30']
SELECT [s].[Id], [s].[ProductId], [s].[ProductName], [s].[Quantity], [s].[SaleId], [s].[TotalPrice], [s].[UnitPrice], [s0].[Id], [s0].[AfterTaxAmount], [s0].[CreatedAt], [s0].[DiscountedAmount], [s0].[InvoiceDate], [s0].[InvoiceNo], [s0].[PrincipalAmount], [s0].[Template], [s0].[TotalAmount]
FROM [SaleItems] AS [s]
INNER JOIN [Sales] AS [s0] ON [s].[SaleId] = [s0].[Id]
WHERE CONVERT(date, [s0].[InvoiceDate]) >= @__startDate_0 AND CONVERT(date, [s0].[InvoiceDate]) <= @__endDate_1
2025-07-19 22:55:12.011 +05:30 [INF] Executed DbCommand (5ms) [Parameters=[@__productIds_0='?' (Size = 4000)], CommandType='"Text"', CommandTimeout='30']
SELECT [p].[ProductId], [p].[CategoryId], [p].[CostPrice], [p].[Description], [p].[Name], [p].[ProductCode], [p].[ProductKey], [p].[SellPrice], [p].[SupplierId]
FROM [Products] AS [p]
WHERE [p].[ProductId] IN (
    SELECT [p0].[value]
    FROM OPENJSON(@__productIds_0) WITH ([value] int '$') AS [p0]
)
2025-07-19 22:55:12.011 +05:30 [INF] Executing OkObjectResult, writing value of type 'System.Collections.Generic.List`1[[AuthNet.Models.DTO.DailyProfitDto, AuthNet, Version=1.0.0.0, Culture=neutral, PublicKeyToken=null]]'.
2025-07-19 22:55:12.011 +05:30 [INF] Executed action AuthNet.Controllers.SalesController.GetWeeklyProfit (AuthNet) in 14.8101ms
2025-07-19 22:55:12.011 +05:30 [INF] Executed endpoint 'AuthNet.Controllers.SalesController.GetWeeklyProfit (AuthNet)'
2025-07-19 22:55:12.012 +05:30 [INF] Request finished HTTP/2 GET https://localhost:7165/api/Sales/WeeklyProfit - 200 null application/json; charset=utf-8 18.5782ms
2025-07-19 22:55:12.016 +05:30 [INF] Executed DbCommand (17ms) [Parameters=[], CommandType='"Text"', CommandTimeout='30']
SELECT [c].[Name] AS [CategoryName], COUNT(*) AS [ProductCount]
FROM [Products] AS [p]
LEFT JOIN [Categories] AS [c] ON [p].[CategoryId] = [c].[CategoryId]
WHERE [c].[CategoryId] IS NOT NULL
GROUP BY [c].[Name]
2025-07-19 22:55:12.016 +05:30 [INF] Executing OkObjectResult, writing value of type 'System.Collections.Generic.List`1[[AuthNet.Models.DTO.CategoryProductCountDto, AuthNet, Version=1.0.0.0, Culture=neutral, PublicKeyToken=null]]'.
2025-07-19 22:55:12.017 +05:30 [INF] Executed action AuthNet.Controllers.ProductsController.GetCategoryWiseProductCount (AuthNet) in 19.1442ms
2025-07-19 22:55:12.017 +05:30 [INF] Executed endpoint 'AuthNet.Controllers.ProductsController.GetCategoryWiseProductCount (AuthNet)'
2025-07-19 22:55:12.017 +05:30 [INF] Request finished HTTP/2 GET https://localhost:7165/api/Products/CategoryWiseProductCount - 200 null application/json; charset=utf-8 23.5249ms
2025-07-19 22:55:36.813 +05:30 [INF] Request starting HTTP/1.1 POST https://localhost:7165/api/Auth/login - application/json; charset=utf-8 null
2025-07-19 22:55:36.814 +05:30 [INF] Executing endpoint 'AuthNet.Controllers.AuthController.Login (AuthNet)'
2025-07-19 22:55:36.831 +05:30 [INF] Route matched with {action = "Login", controller = "Auth"}. Executing controller action with signature System.Threading.Tasks.Task`1[Microsoft.AspNetCore.Mvc.IActionResult] Login(AuthNet.Models.DTO.LoginDto) on controller AuthNet.Controllers.AuthController (AuthNet).
2025-07-19 22:55:36.850 +05:30 [INF] Executed DbCommand (15ms) [Parameters=[@__username_0='?' (Size = 100)], CommandType='"Text"', CommandTimeout='30']
SELECT TOP(1) [u].[UserId], [u].[CreatedAt], [u].[Email], [u].[Firstname], [u].[Lastname], [u].[PasswordHash], [u].[Role], [u].[Username]
FROM [Users] AS [u]
WHERE [u].[Username] = @__username_0
2025-07-19 22:55:37.078 +05:30 [INF] Executing OkObjectResult, writing value of type 'AuthNet.Models.DTO.ServiceResponse`1[[AuthNet.Models.DTO.LoginResponseDto, AuthNet, Version=1.0.0.0, Culture=neutral, PublicKeyToken=null]]'.
2025-07-19 22:55:37.080 +05:30 [INF] Executed action AuthNet.Controllers.AuthController.Login (AuthNet) in 249.1126ms
2025-07-19 22:55:37.080 +05:30 [INF] Executed endpoint 'AuthNet.Controllers.AuthController.Login (AuthNet)'
2025-07-19 22:55:37.080 +05:30 [INF] Request finished HTTP/1.1 POST https://localhost:7165/api/Auth/login - 200 null application/json; charset=utf-8 266.7954ms
2025-07-19 22:55:37.107 +05:30 [INF] Request starting HTTP/1.1 GET https://localhost:7165/api/Sales/DailyProfit - null null
2025-07-19 22:55:37.108 +05:30 [INF] Executing endpoint 'AuthNet.Controllers.SalesController.GetDailyProfit (AuthNet)'
2025-07-19 22:55:37.108 +05:30 [INF] Route matched with {action = "GetDailyProfit", controller = "Sales"}. Executing controller action with signature System.Threading.Tasks.Task`1[Microsoft.AspNetCore.Mvc.IActionResult] GetDailyProfit() on controller AuthNet.Controllers.SalesController (AuthNet).
2025-07-19 22:55:37.117 +05:30 [INF] Executed DbCommand (7ms) [Parameters=[@__date_Date_0='?' (DbType = DateTime2)], CommandType='"Text"', CommandTimeout='30']
SELECT [s].[Id], [s].[ProductId], [s].[ProductName], [s].[Quantity], [s].[SaleId], [s].[TotalPrice], [s].[UnitPrice], [s0].[Id], [s0].[AfterTaxAmount], [s0].[CreatedAt], [s0].[DiscountedAmount], [s0].[InvoiceDate], [s0].[InvoiceNo], [s0].[PrincipalAmount], [s0].[Template], [s0].[TotalAmount]
FROM [SaleItems] AS [s]
INNER JOIN [Sales] AS [s0] ON [s].[SaleId] = [s0].[Id]
WHERE CONVERT(date, [s0].[InvoiceDate]) = @__date_Date_0
2025-07-19 22:55:37.124 +05:30 [INF] Executed DbCommand (7ms) [Parameters=[@__productIds_0='?' (Size = 4000)], CommandType='"Text"', CommandTimeout='30']
SELECT [p].[ProductId], [p].[CategoryId], [p].[CostPrice], [p].[Description], [p].[Name], [p].[ProductCode], [p].[ProductKey], [p].[SellPrice], [p].[SupplierId]
FROM [Products] AS [p]
WHERE [p].[ProductId] IN (
    SELECT [p0].[value]
    FROM OPENJSON(@__productIds_0) WITH ([value] int '$') AS [p0]
)
2025-07-19 22:55:37.125 +05:30 [INF] Executing OkObjectResult, writing value of type 'AuthNet.Models.DTO.DailyProfitDto'.
2025-07-19 22:55:37.125 +05:30 [INF] Executed action AuthNet.Controllers.SalesController.GetDailyProfit (AuthNet) in 16.9716ms
2025-07-19 22:55:37.125 +05:30 [INF] Executed endpoint 'AuthNet.Controllers.SalesController.GetDailyProfit (AuthNet)'
2025-07-19 22:55:37.125 +05:30 [INF] Request finished HTTP/1.1 GET https://localhost:7165/api/Sales/DailyProfit - 200 null application/json; charset=utf-8 17.7603ms
2025-07-19 22:55:37.139 +05:30 [INF] Request starting HTTP/1.1 GET https://localhost:7165/api/Sales/CurrentMonthProfit - null null
2025-07-19 22:55:37.139 +05:30 [INF] Executing endpoint 'AuthNet.Controllers.SalesController.GetCurrentMonthProfit (AuthNet)'
2025-07-19 22:55:37.140 +05:30 [INF] Route matched with {action = "GetCurrentMonthProfit", controller = "Sales"}. Executing controller action with signature System.Threading.Tasks.Task`1[Microsoft.AspNetCore.Mvc.IActionResult] GetCurrentMonthProfit() on controller AuthNet.Controllers.SalesController (AuthNet).
2025-07-19 22:55:37.148 +05:30 [INF] Executed DbCommand (7ms) [Parameters=[@__currentYear_0='?' (DbType = Int32), @__currentMonth_1='?' (DbType = Int32)], CommandType='"Text"', CommandTimeout='30']
SELECT [s].[Id], [s].[ProductId], [s].[ProductName], [s].[Quantity], [s].[SaleId], [s].[TotalPrice], [s].[UnitPrice], [s0].[Id], [s0].[AfterTaxAmount], [s0].[CreatedAt], [s0].[DiscountedAmount], [s0].[InvoiceDate], [s0].[InvoiceNo], [s0].[PrincipalAmount], [s0].[Template], [s0].[TotalAmount]
FROM [SaleItems] AS [s]
INNER JOIN [Sales] AS [s0] ON [s].[SaleId] = [s0].[Id]
WHERE DATEPART(year, [s0].[InvoiceDate]) = @__currentYear_0 AND DATEPART(month, [s0].[InvoiceDate]) = @__currentMonth_1
2025-07-19 22:55:37.149 +05:30 [INF] Executed DbCommand (1ms) [Parameters=[@__productIds_0='?' (Size = 4000)], CommandType='"Text"', CommandTimeout='30']
SELECT [p].[ProductId], [p].[CategoryId], [p].[CostPrice], [p].[Description], [p].[Name], [p].[ProductCode], [p].[ProductKey], [p].[SellPrice], [p].[SupplierId]
FROM [Products] AS [p]
WHERE [p].[ProductId] IN (
    SELECT [p0].[value]
    FROM OPENJSON(@__productIds_0) WITH ([value] int '$') AS [p0]
)
2025-07-19 22:55:37.150 +05:30 [INF] Executing OkObjectResult, writing value of type 'AuthNet.Models.DTO.MonthlyProfitDto'.
2025-07-19 22:55:37.150 +05:30 [INF] Executed action AuthNet.Controllers.SalesController.GetCurrentMonthProfit (AuthNet) in 10.5787ms
2025-07-19 22:55:37.150 +05:30 [INF] Executed endpoint 'AuthNet.Controllers.SalesController.GetCurrentMonthProfit (AuthNet)'
2025-07-19 22:55:37.151 +05:30 [INF] Request finished HTTP/1.1 GET https://localhost:7165/api/Sales/CurrentMonthProfit - 200 null application/json; charset=utf-8 11.5153ms
2025-07-19 22:55:37.165 +05:30 [INF] Request starting HTTP/1.1 GET https://localhost:7165/api/Sales/CurrentYearProfit - null null
2025-07-19 22:55:37.167 +05:30 [INF] Executing endpoint 'AuthNet.Controllers.SalesController.GetCurrentYearProfit (AuthNet)'
2025-07-19 22:55:37.167 +05:30 [INF] Route matched with {action = "GetCurrentYearProfit", controller = "Sales"}. Executing controller action with signature System.Threading.Tasks.Task`1[Microsoft.AspNetCore.Mvc.IActionResult] GetCurrentYearProfit() on controller AuthNet.Controllers.SalesController (AuthNet).
2025-07-19 22:55:37.180 +05:30 [INF] Executed DbCommand (9ms) [Parameters=[@__currentYear_0='?' (DbType = Int32)], CommandType='"Text"', CommandTimeout='30']
SELECT [s].[Id], [s].[ProductId], [s].[ProductName], [s].[Quantity], [s].[SaleId], [s].[TotalPrice], [s].[UnitPrice], [s0].[Id], [s0].[AfterTaxAmount], [s0].[CreatedAt], [s0].[DiscountedAmount], [s0].[InvoiceDate], [s0].[InvoiceNo], [s0].[PrincipalAmount], [s0].[Template], [s0].[TotalAmount]
FROM [SaleItems] AS [s]
INNER JOIN [Sales] AS [s0] ON [s].[SaleId] = [s0].[Id]
WHERE DATEPART(year, [s0].[InvoiceDate]) = @__currentYear_0
2025-07-19 22:55:37.182 +05:30 [INF] Executed DbCommand (1ms) [Parameters=[@__productIds_0='?' (Size = 4000)], CommandType='"Text"', CommandTimeout='30']
SELECT [p].[ProductId], [p].[CategoryId], [p].[CostPrice], [p].[Description], [p].[Name], [p].[ProductCode], [p].[ProductKey], [p].[SellPrice], [p].[SupplierId]
FROM [Products] AS [p]
WHERE [p].[ProductId] IN (
    SELECT [p0].[value]
    FROM OPENJSON(@__productIds_0) WITH ([value] int '$') AS [p0]
)
2025-07-19 22:55:37.182 +05:30 [INF] Executing OkObjectResult, writing value of type 'AuthNet.Models.DTO.YearlyProfitDto'.
2025-07-19 22:55:37.183 +05:30 [INF] Executed action AuthNet.Controllers.SalesController.GetCurrentYearProfit (AuthNet) in 15.8004ms
2025-07-19 22:55:37.183 +05:30 [INF] Executed endpoint 'AuthNet.Controllers.SalesController.GetCurrentYearProfit (AuthNet)'
2025-07-19 22:55:37.183 +05:30 [INF] Request finished HTTP/1.1 GET https://localhost:7165/api/Sales/CurrentYearProfit - 200 null application/json; charset=utf-8 17.8655ms
2025-07-19 22:55:37.196 +05:30 [INF] Request starting HTTP/1.1 GET https://localhost:7165/api/Tasks - null null
2025-07-19 22:55:37.196 +05:30 [INF] Executing endpoint 'AuthNet.Controllers.TasksController.GetTasks (AuthNet)'
2025-07-19 22:55:37.196 +05:30 [INF] Route matched with {action = "GetTasks", controller = "Tasks"}. Executing controller action with signature Microsoft.AspNetCore.Mvc.IActionResult GetTasks() on controller AuthNet.Controllers.TasksController (AuthNet).
2025-07-19 22:55:37.200 +05:30 [INF] Executed DbCommand (3ms) [Parameters=[], CommandType='"Text"', CommandTimeout='30']
SELECT [t].[Id], [t].[Title], [t].[DueDate]
FROM [Tasks] AS [t]
2025-07-19 22:55:37.200 +05:30 [INF] Executing OkObjectResult, writing value of type 'System.Collections.Generic.List`1[[AuthNet.Models.DTO.TaskItemDto, AuthNet, Version=1.0.0.0, Culture=neutral, PublicKeyToken=null]]'.
2025-07-19 22:55:37.200 +05:30 [INF] Executed action AuthNet.Controllers.TasksController.GetTasks (AuthNet) in 3.9712ms
2025-07-19 22:55:37.200 +05:30 [INF] Executed endpoint 'AuthNet.Controllers.TasksController.GetTasks (AuthNet)'
2025-07-19 22:55:37.200 +05:30 [INF] Request finished HTTP/1.1 GET https://localhost:7165/api/Tasks - 200 null application/json; charset=utf-8 4.4477ms
2025-07-19 22:55:37.216 +05:30 [INF] Request starting HTTP/1.1 GET https://localhost:7165/api/Settings/Get - null null
2025-07-19 22:55:37.216 +05:30 [INF] Executing endpoint 'AuthNet.Controllers.SettingsController.GetCompanyInfo (AuthNet)'
2025-07-19 22:55:37.216 +05:30 [INF] Route matched with {action = "GetCompanyInfo", controller = "Settings"}. Executing controller action with signature System.Threading.Tasks.Task`1[Microsoft.AspNetCore.Mvc.IActionResult] GetCompanyInfo() on controller AuthNet.Controllers.SettingsController (AuthNet).
2025-07-19 22:55:37.222 +05:30 [INF] Executed DbCommand (5ms) [Parameters=[], CommandType='"Text"', CommandTimeout='30']
SELECT TOP(1) [c].[Id], [c].[Address], [c].[ContactNumber], [c].[Email], [c].[GSTIN], [c].[LogoFileExtension], [c].[LogoFilePath], [c].[LogoFileSizeInBytes], [c].[LogoName], [c].[Name], [c].[SignFileExtension], [c].[SignFilePath], [c].[SignFileSizeInBytes], [c].[SignName]
FROM [CompanyInfos] AS [c]
2025-07-19 22:55:37.222 +05:30 [INF] Executing OkObjectResult, writing value of type 'AuthNet.Models.DTO.CompanyInfoResponseDto'.
2025-07-19 22:55:37.222 +05:30 [INF] Executed action AuthNet.Controllers.SettingsController.GetCompanyInfo (AuthNet) in 6.3369ms
2025-07-19 22:55:37.222 +05:30 [INF] Executed endpoint 'AuthNet.Controllers.SettingsController.GetCompanyInfo (AuthNet)'
2025-07-19 22:55:37.223 +05:30 [INF] Request finished HTTP/1.1 GET https://localhost:7165/api/Settings/Get - 200 null application/json; charset=utf-8 7.2088ms
2025-07-19 22:55:37.347 +05:30 [INF] Request starting HTTP/2 GET https://localhost:7165/api/Sales/WeeklyProfit - null null
2025-07-19 22:55:37.347 +05:30 [INF] Request starting HTTP/2 GET https://localhost:7165/api/Products/CategoryWiseProductCount - null null
2025-07-19 22:55:37.347 +05:30 [INF] CORS policy execution successful.
2025-07-19 22:55:37.347 +05:30 [INF] CORS policy execution successful.
2025-07-19 22:55:37.347 +05:30 [INF] Executing endpoint 'AuthNet.Controllers.SalesController.GetWeeklyProfit (AuthNet)'
2025-07-19 22:55:37.347 +05:30 [INF] Executing endpoint 'AuthNet.Controllers.ProductsController.GetCategoryWiseProductCount (AuthNet)'
2025-07-19 22:55:37.347 +05:30 [INF] Route matched with {action = "GetWeeklyProfit", controller = "Sales"}. Executing controller action with signature System.Threading.Tasks.Task`1[Microsoft.AspNetCore.Mvc.IActionResult] GetWeeklyProfit() on controller AuthNet.Controllers.SalesController (AuthNet).
2025-07-19 22:55:37.347 +05:30 [INF] Route matched with {action = "GetCategoryWiseProductCount", controller = "Products"}. Executing controller action with signature System.Threading.Tasks.Task`1[Microsoft.AspNetCore.Mvc.IActionResult] GetCategoryWiseProductCount() on controller AuthNet.Controllers.ProductsController (AuthNet).
2025-07-19 22:55:37.362 +05:30 [INF] Executed DbCommand (13ms) [Parameters=[@__startDate_0='?' (DbType = DateTime2), @__endDate_1='?' (DbType = DateTime2)], CommandType='"Text"', CommandTimeout='30']
SELECT [s].[Id], [s].[ProductId], [s].[ProductName], [s].[Quantity], [s].[SaleId], [s].[TotalPrice], [s].[UnitPrice], [s0].[Id], [s0].[AfterTaxAmount], [s0].[CreatedAt], [s0].[DiscountedAmount], [s0].[InvoiceDate], [s0].[InvoiceNo], [s0].[PrincipalAmount], [s0].[Template], [s0].[TotalAmount]
FROM [SaleItems] AS [s]
INNER JOIN [Sales] AS [s0] ON [s].[SaleId] = [s0].[Id]
WHERE CONVERT(date, [s0].[InvoiceDate]) >= @__startDate_0 AND CONVERT(date, [s0].[InvoiceDate]) <= @__endDate_1
2025-07-19 22:55:37.365 +05:30 [INF] Executed DbCommand (17ms) [Parameters=[], CommandType='"Text"', CommandTimeout='30']
SELECT [c].[Name] AS [CategoryName], COUNT(*) AS [ProductCount]
FROM [Products] AS [p]
LEFT JOIN [Categories] AS [c] ON [p].[CategoryId] = [c].[CategoryId]
WHERE [c].[CategoryId] IS NOT NULL
GROUP BY [c].[Name]
2025-07-19 22:55:37.366 +05:30 [INF] Executing OkObjectResult, writing value of type 'System.Collections.Generic.List`1[[AuthNet.Models.DTO.CategoryProductCountDto, AuthNet, Version=1.0.0.0, Culture=neutral, PublicKeyToken=null]]'.
2025-07-19 22:55:37.366 +05:30 [INF] Executed action AuthNet.Controllers.ProductsController.GetCategoryWiseProductCount (AuthNet) in 18.5369ms
2025-07-19 22:55:37.366 +05:30 [INF] Executed endpoint 'AuthNet.Controllers.ProductsController.GetCategoryWiseProductCount (AuthNet)'
2025-07-19 22:55:37.366 +05:30 [INF] Request finished HTTP/2 GET https://localhost:7165/api/Products/CategoryWiseProductCount - 200 null application/json; charset=utf-8 19.1953ms
2025-07-19 22:55:37.377 +05:30 [INF] Executed DbCommand (15ms) [Parameters=[@__productIds_0='?' (Size = 4000)], CommandType='"Text"', CommandTimeout='30']
SELECT [p].[ProductId], [p].[CategoryId], [p].[CostPrice], [p].[Description], [p].[Name], [p].[ProductCode], [p].[ProductKey], [p].[SellPrice], [p].[SupplierId]
FROM [Products] AS [p]
WHERE [p].[ProductId] IN (
    SELECT [p0].[value]
    FROM OPENJSON(@__productIds_0) WITH ([value] int '$') AS [p0]
)
2025-07-19 22:55:37.378 +05:30 [INF] Executing OkObjectResult, writing value of type 'System.Collections.Generic.List`1[[AuthNet.Models.DTO.DailyProfitDto, AuthNet, Version=1.0.0.0, Culture=neutral, PublicKeyToken=null]]'.
2025-07-19 22:55:37.378 +05:30 [INF] Executed action AuthNet.Controllers.SalesController.GetWeeklyProfit (AuthNet) in 30.6299ms
2025-07-19 22:55:37.378 +05:30 [INF] Executed endpoint 'AuthNet.Controllers.SalesController.GetWeeklyProfit (AuthNet)'
2025-07-19 22:55:37.378 +05:30 [INF] Request finished HTTP/2 GET https://localhost:7165/api/Sales/WeeklyProfit - 200 null application/json; charset=utf-8 31.4407ms
2025-07-19 22:57:09.169 +05:30 [INF] Request starting HTTP/1.1 GET https://localhost:7165/api/Products - null null
2025-07-19 22:57:09.169 +05:30 [INF] Executing endpoint 'AuthNet.Controllers.ProductsController.GetAll (AuthNet)'
2025-07-19 22:57:09.179 +05:30 [INF] Route matched with {action = "GetAll", controller = "Products"}. Executing controller action with signature System.Threading.Tasks.Task`1[Microsoft.AspNetCore.Mvc.IActionResult] GetAll() on controller AuthNet.Controllers.ProductsController (AuthNet).
2025-07-19 22:57:09.193 +05:30 [INF] Executed DbCommand (13ms) [Parameters=[], CommandType='"Text"', CommandTimeout='30']
SELECT [p].[ProductId], [p].[CategoryId], [p].[CostPrice], [p].[Description], [p].[Name], [p].[ProductCode], [p].[ProductKey], [p].[SellPrice], [p].[SupplierId]
FROM [Products] AS [p]
2025-07-19 22:57:09.193 +05:30 [INF] Executing OkObjectResult, writing value of type 'System.Collections.Generic.List`1[[AuthNet.Models.Domain.Product, AuthNet, Version=1.0.0.0, Culture=neutral, PublicKeyToken=null]]'.
2025-07-19 22:57:09.196 +05:30 [INF] Executed action AuthNet.Controllers.ProductsController.GetAll (AuthNet) in 16.8168ms
2025-07-19 22:57:09.196 +05:30 [INF] Executed endpoint 'AuthNet.Controllers.ProductsController.GetAll (AuthNet)'
2025-07-19 22:57:09.196 +05:30 [INF] Request finished HTTP/1.1 GET https://localhost:7165/api/Products - 200 null application/json; charset=utf-8 27.2337ms
2025-07-19 22:57:09.211 +05:30 [INF] Request starting HTTP/1.1 GET https://localhost:7165/api/InvoiceTemplates - null null
2025-07-19 22:57:09.213 +05:30 [INF] Executing endpoint 'AuthNet.Controllers.InvoiceTemplatesController.GetAll (AuthNet)'
2025-07-19 22:57:09.224 +05:30 [INF] Route matched with {action = "GetAll", controller = "InvoiceTemplates"}. Executing controller action with signature System.Threading.Tasks.Task`1[Microsoft.AspNetCore.Mvc.IActionResult] GetAll() on controller AuthNet.Controllers.InvoiceTemplatesController (AuthNet).
2025-07-19 22:57:09.229 +05:30 [INF] Executed DbCommand (4ms) [Parameters=[], CommandType='"Text"', CommandTimeout='30']
SELECT [i].[Id], [i].[Layout], [i].[Notes], [i].[TermsAndConditions]
FROM [InvoiceTemplates] AS [i]
2025-07-19 22:57:09.229 +05:30 [INF] Executing OkObjectResult, writing value of type 'System.Collections.Generic.List`1[[AuthNet.Models.Domain.InvoiceTemplate, AuthNet, Version=1.0.0.0, Culture=neutral, PublicKeyToken=null]]'.
2025-07-19 22:57:09.230 +05:30 [INF] Executed action AuthNet.Controllers.InvoiceTemplatesController.GetAll (AuthNet) in 5.9351ms
2025-07-19 22:57:09.230 +05:30 [INF] Executed endpoint 'AuthNet.Controllers.InvoiceTemplatesController.GetAll (AuthNet)'
2025-07-19 22:57:09.230 +05:30 [INF] Request finished HTTP/1.1 GET https://localhost:7165/api/InvoiceTemplates - 200 null application/json; charset=utf-8 18.568ms
2025-07-19 22:57:09.246 +05:30 [INF] Request starting HTTP/1.1 GET https://localhost:7165/api/categories - null null
2025-07-19 22:57:09.246 +05:30 [INF] Executing endpoint 'AuthNet.Controllers.CategoriesController.GetAll (AuthNet)'
2025-07-19 22:57:09.250 +05:30 [INF] Route matched with {action = "GetAll", controller = "Categories"}. Executing controller action with signature System.Threading.Tasks.Task`1[Microsoft.AspNetCore.Mvc.IActionResult] GetAll() on controller AuthNet.Controllers.CategoriesController (AuthNet).
2025-07-19 22:57:09.256 +05:30 [INF] Executed DbCommand (5ms) [Parameters=[], CommandType='"Text"', CommandTimeout='30']
SELECT [c].[CategoryId], [c].[Description], [c].[Name]
FROM [Categories] AS [c]
2025-07-19 22:57:09.256 +05:30 [INF] Executing OkObjectResult, writing value of type 'System.Collections.Generic.List`1[[AuthNet.Models.Domain.Category, AuthNet, Version=1.0.0.0, Culture=neutral, PublicKeyToken=null]]'.
2025-07-19 22:57:09.257 +05:30 [INF] Executed action AuthNet.Controllers.CategoriesController.GetAll (AuthNet) in 7.2234ms
2025-07-19 22:57:09.257 +05:30 [INF] Executed endpoint 'AuthNet.Controllers.CategoriesController.GetAll (AuthNet)'
2025-07-19 22:57:09.258 +05:30 [INF] Request finished HTTP/1.1 GET https://localhost:7165/api/categories - 200 null application/json; charset=utf-8 11.9189ms
2025-07-19 22:57:09.273 +05:30 [INF] Request starting HTTP/1.1 GET https://localhost:7165/api/Settings/Get - null null
2025-07-19 22:57:09.273 +05:30 [INF] Executing endpoint 'AuthNet.Controllers.SettingsController.GetCompanyInfo (AuthNet)'
2025-07-19 22:57:09.274 +05:30 [INF] Route matched with {action = "GetCompanyInfo", controller = "Settings"}. Executing controller action with signature System.Threading.Tasks.Task`1[Microsoft.AspNetCore.Mvc.IActionResult] GetCompanyInfo() on controller AuthNet.Controllers.SettingsController (AuthNet).
2025-07-19 22:57:09.279 +05:30 [INF] Executed DbCommand (5ms) [Parameters=[], CommandType='"Text"', CommandTimeout='30']
SELECT TOP(1) [c].[Id], [c].[Address], [c].[ContactNumber], [c].[Email], [c].[GSTIN], [c].[LogoFileExtension], [c].[LogoFilePath], [c].[LogoFileSizeInBytes], [c].[LogoName], [c].[Name], [c].[SignFileExtension], [c].[SignFilePath], [c].[SignFileSizeInBytes], [c].[SignName]
FROM [CompanyInfos] AS [c]
2025-07-19 22:57:09.280 +05:30 [INF] Executing OkObjectResult, writing value of type 'AuthNet.Models.DTO.CompanyInfoResponseDto'.
2025-07-19 22:57:09.280 +05:30 [INF] Executed action AuthNet.Controllers.SettingsController.GetCompanyInfo (AuthNet) in 6.1791ms
2025-07-19 22:57:09.280 +05:30 [INF] Executed endpoint 'AuthNet.Controllers.SettingsController.GetCompanyInfo (AuthNet)'
2025-07-19 22:57:09.280 +05:30 [INF] Request finished HTTP/1.1 GET https://localhost:7165/api/Settings/Get - 200 null application/json; charset=utf-8 7.1595ms
2025-07-19 22:57:09.294 +05:30 [INF] Request starting HTTP/1.1 GET https://localhost:7165/api/TaxSettings - null null
2025-07-19 22:57:09.294 +05:30 [INF] Executing endpoint 'AuthNet.Controllers.TaxSettingsController.GetAll (AuthNet)'
2025-07-19 22:57:09.298 +05:30 [INF] Route matched with {action = "GetAll", controller = "TaxSettings"}. Executing controller action with signature System.Threading.Tasks.Task`1[Microsoft.AspNetCore.Mvc.IActionResult] GetAll() on controller AuthNet.Controllers.TaxSettingsController (AuthNet).
2025-07-19 22:57:09.305 +05:30 [INF] Executed DbCommand (5ms) [Parameters=[], CommandType='"Text"', CommandTimeout='30']
SELECT TOP(1) [t].[Id], [t].[CGST], [t].[IGST], [t].[SGST]
FROM [TaxSettings] AS [t]
2025-07-19 22:57:09.305 +05:30 [INF] Executing OkObjectResult, writing value of type 'AuthNet.Models.DTO.TaxSettingResponseDto'.
2025-07-19 22:57:09.307 +05:30 [INF] Executed action AuthNet.Controllers.TaxSettingsController.GetAll (AuthNet) in 8.0834ms
2025-07-19 22:57:09.307 +05:30 [INF] Executed endpoint 'AuthNet.Controllers.TaxSettingsController.GetAll (AuthNet)'
2025-07-19 22:57:09.307 +05:30 [INF] Request finished HTTP/1.1 GET https://localhost:7165/api/TaxSettings - 200 null application/json; charset=utf-8 12.8747ms
2025-07-19 22:58:52.287 +05:30 [INF] Request starting HTTP/2 OPTIONS https://localhost:7165/api/Sales - null null
2025-07-19 22:58:52.287 +05:30 [INF] CORS policy execution successful.
2025-07-19 22:58:52.291 +05:30 [INF] Request finished HTTP/2 OPTIONS https://localhost:7165/api/Sales - 204 null null 5.2644ms
2025-07-19 22:58:52.299 +05:30 [INF] Request starting HTTP/2 POST https://localhost:7165/api/Sales - application/json 159
2025-07-19 22:58:52.299 +05:30 [INF] CORS policy execution successful.
2025-07-19 22:58:52.299 +05:30 [INF] Executing endpoint 'AuthNet.Controllers.SalesController.Create (AuthNet)'
2025-07-19 22:58:52.302 +05:30 [INF] Route matched with {action = "Create", controller = "Sales"}. Executing controller action with signature System.Threading.Tasks.Task`1[Microsoft.AspNetCore.Mvc.IActionResult] Create(AuthNet.Models.DTO.SaleDto) on controller AuthNet.Controllers.SalesController (AuthNet).
2025-07-19 22:58:52.313 +05:30 [INF] Executed DbCommand (6ms) [Parameters=[@p0='?' (Precision = 18) (Scale = 2) (DbType = Decimal), @p1='?' (DbType = DateTime2), @p2='?' (Precision = 18) (Scale = 2) (DbType = Decimal), @p3='?' (DbType = DateTime2), @p4='?' (Size = 4000), @p5='?' (Precision = 18) (Scale = 2) (DbType = Decimal), @p6='?' (Size = 4000), @p7='?' (Precision = 18) (Scale = 2) (DbType = Decimal)], CommandType='"Text"', CommandTimeout='30']
SET IMPLICIT_TRANSACTIONS OFF;
SET NOCOUNT ON;
INSERT INTO [Sales] ([AfterTaxAmount], [CreatedAt], [DiscountedAmount], [InvoiceDate], [InvoiceNo], [PrincipalAmount], [Template], [TotalAmount])
OUTPUT INSERTED.[Id]
VALUES (@p0, @p1, @p2, @p3, @p4, @p5, @p6, @p7);
2025-07-19 22:58:52.320 +05:30 [INF] Executed DbCommand (6ms) [Parameters=[@p8='?' (DbType = Int32), @p9='?' (Size = 4000), @p10='?' (DbType = Int32), @p11='?' (DbType = Int32), @p12='?' (Precision = 18) (Scale = 2) (DbType = Decimal), @p13='?' (Precision = 18) (Scale = 2) (DbType = Decimal)], CommandType='"Text"', CommandTimeout='30']
SET IMPLICIT_TRANSACTIONS OFF;
SET NOCOUNT ON;
INSERT INTO [SaleItems] ([ProductId], [ProductName], [Quantity], [SaleId], [TotalPrice], [UnitPrice])
OUTPUT INSERTED.[Id]
VALUES (@p8, @p9, @p10, @p11, @p12, @p13);
2025-07-19 22:58:52.322 +05:30 [INF] Executing OkObjectResult, writing value of type '<>f__AnonymousType3`2[[System.Boolean, System.Private.CoreLib, Version=8.0.0.0, Culture=neutral, PublicKeyToken=7cec85d7bea7798e],[System.String, System.Private.CoreLib, Version=8.0.0.0, Culture=neutral, PublicKeyToken=7cec85d7bea7798e]]'.
2025-07-19 22:58:52.323 +05:30 [INF] Executed action AuthNet.Controllers.SalesController.Create (AuthNet) in 20.6901ms
2025-07-19 22:58:52.323 +05:30 [INF] Executed endpoint 'AuthNet.Controllers.SalesController.Create (AuthNet)'
2025-07-19 22:58:52.323 +05:30 [INF] Request finished HTTP/2 POST https://localhost:7165/api/Sales - 200 null application/json; charset=utf-8 24.5639ms
2025-07-19 22:58:54.120 +05:30 [INF] Request starting HTTP/1.1 GET https://localhost:7165/api/Sales/DailyProfit - null null
2025-07-19 22:58:54.120 +05:30 [INF] Executing endpoint 'AuthNet.Controllers.SalesController.GetDailyProfit (AuthNet)'
2025-07-19 22:58:54.120 +05:30 [INF] Route matched with {action = "GetDailyProfit", controller = "Sales"}. Executing controller action with signature System.Threading.Tasks.Task`1[Microsoft.AspNetCore.Mvc.IActionResult] GetDailyProfit() on controller AuthNet.Controllers.SalesController (AuthNet).
2025-07-19 22:58:54.127 +05:30 [INF] Executed DbCommand (7ms) [Parameters=[@__date_Date_0='?' (DbType = DateTime2)], CommandType='"Text"', CommandTimeout='30']
SELECT [s].[Id], [s].[ProductId], [s].[ProductName], [s].[Quantity], [s].[SaleId], [s].[TotalPrice], [s].[UnitPrice], [s0].[Id], [s0].[AfterTaxAmount], [s0].[CreatedAt], [s0].[DiscountedAmount], [s0].[InvoiceDate], [s0].[InvoiceNo], [s0].[PrincipalAmount], [s0].[Template], [s0].[TotalAmount]
FROM [SaleItems] AS [s]
INNER JOIN [Sales] AS [s0] ON [s].[SaleId] = [s0].[Id]
WHERE CONVERT(date, [s0].[InvoiceDate]) = @__date_Date_0
2025-07-19 22:58:54.138 +05:30 [INF] Executed DbCommand (10ms) [Parameters=[@__productIds_0='?' (Size = 4000)], CommandType='"Text"', CommandTimeout='30']
SELECT [p].[ProductId], [p].[CategoryId], [p].[CostPrice], [p].[Description], [p].[Name], [p].[ProductCode], [p].[ProductKey], [p].[SellPrice], [p].[SupplierId]
FROM [Products] AS [p]
WHERE [p].[ProductId] IN (
    SELECT [p0].[value]
    FROM OPENJSON(@__productIds_0) WITH ([value] int '$') AS [p0]
)
2025-07-19 22:58:54.138 +05:30 [INF] Executing OkObjectResult, writing value of type 'AuthNet.Models.DTO.DailyProfitDto'.
2025-07-19 22:58:54.138 +05:30 [INF] Executed action AuthNet.Controllers.SalesController.GetDailyProfit (AuthNet) in 17.9648ms
2025-07-19 22:58:54.138 +05:30 [INF] Executed endpoint 'AuthNet.Controllers.SalesController.GetDailyProfit (AuthNet)'
2025-07-19 22:58:54.138 +05:30 [INF] Request finished HTTP/1.1 GET https://localhost:7165/api/Sales/DailyProfit - 200 null application/json; charset=utf-8 18.6618ms
2025-07-19 22:58:54.155 +05:30 [INF] Request starting HTTP/1.1 GET https://localhost:7165/api/Sales/CurrentMonthProfit - null null
2025-07-19 22:58:54.155 +05:30 [INF] Executing endpoint 'AuthNet.Controllers.SalesController.GetCurrentMonthProfit (AuthNet)'
2025-07-19 22:58:54.155 +05:30 [INF] Route matched with {action = "GetCurrentMonthProfit", controller = "Sales"}. Executing controller action with signature System.Threading.Tasks.Task`1[Microsoft.AspNetCore.Mvc.IActionResult] GetCurrentMonthProfit() on controller AuthNet.Controllers.SalesController (AuthNet).
2025-07-19 22:58:54.161 +05:30 [INF] Executed DbCommand (6ms) [Parameters=[@__currentYear_0='?' (DbType = Int32), @__currentMonth_1='?' (DbType = Int32)], CommandType='"Text"', CommandTimeout='30']
SELECT [s].[Id], [s].[ProductId], [s].[ProductName], [s].[Quantity], [s].[SaleId], [s].[TotalPrice], [s].[UnitPrice], [s0].[Id], [s0].[AfterTaxAmount], [s0].[CreatedAt], [s0].[DiscountedAmount], [s0].[InvoiceDate], [s0].[InvoiceNo], [s0].[PrincipalAmount], [s0].[Template], [s0].[TotalAmount]
FROM [SaleItems] AS [s]
INNER JOIN [Sales] AS [s0] ON [s].[SaleId] = [s0].[Id]
WHERE DATEPART(year, [s0].[InvoiceDate]) = @__currentYear_0 AND DATEPART(month, [s0].[InvoiceDate]) = @__currentMonth_1
2025-07-19 22:58:54.163 +05:30 [INF] Executed DbCommand (1ms) [Parameters=[@__productIds_0='?' (Size = 4000)], CommandType='"Text"', CommandTimeout='30']
SELECT [p].[ProductId], [p].[CategoryId], [p].[CostPrice], [p].[Description], [p].[Name], [p].[ProductCode], [p].[ProductKey], [p].[SellPrice], [p].[SupplierId]
FROM [Products] AS [p]
WHERE [p].[ProductId] IN (
    SELECT [p0].[value]
    FROM OPENJSON(@__productIds_0) WITH ([value] int '$') AS [p0]
)
2025-07-19 22:58:54.164 +05:30 [INF] Executing OkObjectResult, writing value of type 'AuthNet.Models.DTO.MonthlyProfitDto'.
2025-07-19 22:58:54.165 +05:30 [INF] Executed action AuthNet.Controllers.SalesController.GetCurrentMonthProfit (AuthNet) in 9.6036ms
2025-07-19 22:58:54.165 +05:30 [INF] Executed endpoint 'AuthNet.Controllers.SalesController.GetCurrentMonthProfit (AuthNet)'
2025-07-19 22:58:54.165 +05:30 [INF] Request finished HTTP/1.1 GET https://localhost:7165/api/Sales/CurrentMonthProfit - 200 null application/json; charset=utf-8 10.889ms
2025-07-19 22:58:54.177 +05:30 [INF] Request starting HTTP/1.1 GET https://localhost:7165/api/Sales/CurrentYearProfit - null null
2025-07-19 22:58:54.177 +05:30 [INF] Executing endpoint 'AuthNet.Controllers.SalesController.GetCurrentYearProfit (AuthNet)'
2025-07-19 22:58:54.177 +05:30 [INF] Route matched with {action = "GetCurrentYearProfit", controller = "Sales"}. Executing controller action with signature System.Threading.Tasks.Task`1[Microsoft.AspNetCore.Mvc.IActionResult] GetCurrentYearProfit() on controller AuthNet.Controllers.SalesController (AuthNet).
2025-07-19 22:58:54.185 +05:30 [INF] Executed DbCommand (7ms) [Parameters=[@__currentYear_0='?' (DbType = Int32)], CommandType='"Text"', CommandTimeout='30']
SELECT [s].[Id], [s].[ProductId], [s].[ProductName], [s].[Quantity], [s].[SaleId], [s].[TotalPrice], [s].[UnitPrice], [s0].[Id], [s0].[AfterTaxAmount], [s0].[CreatedAt], [s0].[DiscountedAmount], [s0].[InvoiceDate], [s0].[InvoiceNo], [s0].[PrincipalAmount], [s0].[Template], [s0].[TotalAmount]
FROM [SaleItems] AS [s]
INNER JOIN [Sales] AS [s0] ON [s].[SaleId] = [s0].[Id]
WHERE DATEPART(year, [s0].[InvoiceDate]) = @__currentYear_0
2025-07-19 22:58:54.187 +05:30 [INF] Executed DbCommand (1ms) [Parameters=[@__productIds_0='?' (Size = 4000)], CommandType='"Text"', CommandTimeout='30']
SELECT [p].[ProductId], [p].[CategoryId], [p].[CostPrice], [p].[Description], [p].[Name], [p].[ProductCode], [p].[ProductKey], [p].[SellPrice], [p].[SupplierId]
FROM [Products] AS [p]
WHERE [p].[ProductId] IN (
    SELECT [p0].[value]
    FROM OPENJSON(@__productIds_0) WITH ([value] int '$') AS [p0]
)
2025-07-19 22:58:54.187 +05:30 [INF] Executing OkObjectResult, writing value of type 'AuthNet.Models.DTO.YearlyProfitDto'.
2025-07-19 22:58:54.187 +05:30 [INF] Executed action AuthNet.Controllers.SalesController.GetCurrentYearProfit (AuthNet) in 9.7654ms
2025-07-19 22:58:54.187 +05:30 [INF] Executed endpoint 'AuthNet.Controllers.SalesController.GetCurrentYearProfit (AuthNet)'
2025-07-19 22:58:54.187 +05:30 [INF] Request finished HTTP/1.1 GET https://localhost:7165/api/Sales/CurrentYearProfit - 200 null application/json; charset=utf-8 10.6534ms
2025-07-19 22:58:54.202 +05:30 [INF] Request starting HTTP/1.1 GET https://localhost:7165/api/Tasks - null null
2025-07-19 22:58:54.202 +05:30 [INF] Executing endpoint 'AuthNet.Controllers.TasksController.GetTasks (AuthNet)'
2025-07-19 22:58:54.202 +05:30 [INF] Route matched with {action = "GetTasks", controller = "Tasks"}. Executing controller action with signature Microsoft.AspNetCore.Mvc.IActionResult GetTasks() on controller AuthNet.Controllers.TasksController (AuthNet).
2025-07-19 22:58:54.206 +05:30 [INF] Executed DbCommand (3ms) [Parameters=[], CommandType='"Text"', CommandTimeout='30']
SELECT [t].[Id], [t].[Title], [t].[DueDate]
FROM [Tasks] AS [t]
2025-07-19 22:58:54.206 +05:30 [INF] Executing OkObjectResult, writing value of type 'System.Collections.Generic.List`1[[AuthNet.Models.DTO.TaskItemDto, AuthNet, Version=1.0.0.0, Culture=neutral, PublicKeyToken=null]]'.
2025-07-19 22:58:54.206 +05:30 [INF] Executed action AuthNet.Controllers.TasksController.GetTasks (AuthNet) in 3.6188ms
2025-07-19 22:58:54.206 +05:30 [INF] Executed endpoint 'AuthNet.Controllers.TasksController.GetTasks (AuthNet)'
2025-07-19 22:58:54.206 +05:30 [INF] Request finished HTTP/1.1 GET https://localhost:7165/api/Tasks - 200 null application/json; charset=utf-8 4.348ms
2025-07-19 22:58:54.223 +05:30 [INF] Request starting HTTP/1.1 GET https://localhost:7165/api/Settings/Get - null null
2025-07-19 22:58:54.223 +05:30 [INF] Executing endpoint 'AuthNet.Controllers.SettingsController.GetCompanyInfo (AuthNet)'
2025-07-19 22:58:54.223 +05:30 [INF] Route matched with {action = "GetCompanyInfo", controller = "Settings"}. Executing controller action with signature System.Threading.Tasks.Task`1[Microsoft.AspNetCore.Mvc.IActionResult] GetCompanyInfo() on controller AuthNet.Controllers.SettingsController (AuthNet).
2025-07-19 22:58:54.228 +05:30 [INF] Executed DbCommand (4ms) [Parameters=[], CommandType='"Text"', CommandTimeout='30']
SELECT TOP(1) [c].[Id], [c].[Address], [c].[ContactNumber], [c].[Email], [c].[GSTIN], [c].[LogoFileExtension], [c].[LogoFilePath], [c].[LogoFileSizeInBytes], [c].[LogoName], [c].[Name], [c].[SignFileExtension], [c].[SignFilePath], [c].[SignFileSizeInBytes], [c].[SignName]
FROM [CompanyInfos] AS [c]
2025-07-19 22:58:54.229 +05:30 [INF] Executing OkObjectResult, writing value of type 'AuthNet.Models.DTO.CompanyInfoResponseDto'.
2025-07-19 22:58:54.229 +05:30 [INF] Executed action AuthNet.Controllers.SettingsController.GetCompanyInfo (AuthNet) in 5.664ms
2025-07-19 22:58:54.229 +05:30 [INF] Executed endpoint 'AuthNet.Controllers.SettingsController.GetCompanyInfo (AuthNet)'
2025-07-19 22:58:54.229 +05:30 [INF] Request finished HTTP/1.1 GET https://localhost:7165/api/Settings/Get - 200 null application/json; charset=utf-8 6.6749ms
2025-07-19 22:58:54.338 +05:30 [INF] Request starting HTTP/2 GET https://localhost:7165/api/Products/CategoryWiseProductCount - null null
2025-07-19 22:58:54.338 +05:30 [INF] Request starting HTTP/2 GET https://localhost:7165/api/Sales/WeeklyProfit - null null
2025-07-19 22:58:54.338 +05:30 [INF] CORS policy execution successful.
2025-07-19 22:58:54.338 +05:30 [INF] Executing endpoint 'AuthNet.Controllers.ProductsController.GetCategoryWiseProductCount (AuthNet)'
2025-07-19 22:58:54.338 +05:30 [INF] Route matched with {action = "GetCategoryWiseProductCount", controller = "Products"}. Executing controller action with signature System.Threading.Tasks.Task`1[Microsoft.AspNetCore.Mvc.IActionResult] GetCategoryWiseProductCount() on controller AuthNet.Controllers.ProductsController (AuthNet).
2025-07-19 22:58:54.354 +05:30 [INF] CORS policy execution successful.
2025-07-19 22:58:54.354 +05:30 [INF] Executing endpoint 'AuthNet.Controllers.SalesController.GetWeeklyProfit (AuthNet)'
2025-07-19 22:58:54.354 +05:30 [INF] Route matched with {action = "GetWeeklyProfit", controller = "Sales"}. Executing controller action with signature System.Threading.Tasks.Task`1[Microsoft.AspNetCore.Mvc.IActionResult] GetWeeklyProfit() on controller AuthNet.Controllers.SalesController (AuthNet).
2025-07-19 22:58:54.370 +05:30 [INF] Executed DbCommand (31ms) [Parameters=[], CommandType='"Text"', CommandTimeout='30']
SELECT [c].[Name] AS [CategoryName], COUNT(*) AS [ProductCount]
FROM [Products] AS [p]
LEFT JOIN [Categories] AS [c] ON [p].[CategoryId] = [c].[CategoryId]
WHERE [c].[CategoryId] IS NOT NULL
GROUP BY [c].[Name]
2025-07-19 22:58:54.370 +05:30 [INF] Executing OkObjectResult, writing value of type 'System.Collections.Generic.List`1[[AuthNet.Models.DTO.CategoryProductCountDto, AuthNet, Version=1.0.0.0, Culture=neutral, PublicKeyToken=null]]'.
2025-07-19 22:58:54.370 +05:30 [INF] Executed action AuthNet.Controllers.ProductsController.GetCategoryWiseProductCount (AuthNet) in 32.2941ms
2025-07-19 22:58:54.370 +05:30 [INF] Executed endpoint 'AuthNet.Controllers.ProductsController.GetCategoryWiseProductCount (AuthNet)'
2025-07-19 22:58:54.370 +05:30 [INF] Request finished HTTP/2 GET https://localhost:7165/api/Products/CategoryWiseProductCount - 200 null application/json; charset=utf-8 33.115ms
2025-07-19 22:58:54.376 +05:30 [INF] Executed DbCommand (10ms) [Parameters=[@__startDate_0='?' (DbType = DateTime2), @__endDate_1='?' (DbType = DateTime2)], CommandType='"Text"', CommandTimeout='30']
SELECT [s].[Id], [s].[ProductId], [s].[ProductName], [s].[Quantity], [s].[SaleId], [s].[TotalPrice], [s].[UnitPrice], [s0].[Id], [s0].[AfterTaxAmount], [s0].[CreatedAt], [s0].[DiscountedAmount], [s0].[InvoiceDate], [s0].[InvoiceNo], [s0].[PrincipalAmount], [s0].[Template], [s0].[TotalAmount]
FROM [SaleItems] AS [s]
INNER JOIN [Sales] AS [s0] ON [s].[SaleId] = [s0].[Id]
WHERE CONVERT(date, [s0].[InvoiceDate]) >= @__startDate_0 AND CONVERT(date, [s0].[InvoiceDate]) <= @__endDate_1
2025-07-19 22:58:54.384 +05:30 [INF] Executed DbCommand (7ms) [Parameters=[@__productIds_0='?' (Size = 4000)], CommandType='"Text"', CommandTimeout='30']
SELECT [p].[ProductId], [p].[CategoryId], [p].[CostPrice], [p].[Description], [p].[Name], [p].[ProductCode], [p].[ProductKey], [p].[SellPrice], [p].[SupplierId]
FROM [Products] AS [p]
WHERE [p].[ProductId] IN (
    SELECT [p0].[value]
    FROM OPENJSON(@__productIds_0) WITH ([value] int '$') AS [p0]
)
2025-07-19 22:58:54.384 +05:30 [INF] Executing OkObjectResult, writing value of type 'System.Collections.Generic.List`1[[AuthNet.Models.DTO.DailyProfitDto, AuthNet, Version=1.0.0.0, Culture=neutral, PublicKeyToken=null]]'.
2025-07-19 22:58:54.384 +05:30 [INF] Executed action AuthNet.Controllers.SalesController.GetWeeklyProfit (AuthNet) in 29.6382ms
2025-07-19 22:58:54.384 +05:30 [INF] Executed endpoint 'AuthNet.Controllers.SalesController.GetWeeklyProfit (AuthNet)'
2025-07-19 22:58:54.384 +05:30 [INF] Request finished HTTP/2 GET https://localhost:7165/api/Sales/WeeklyProfit - 200 null application/json; charset=utf-8 47.0534ms
2025-07-19 22:59:56.862 +05:30 [INF] Request starting HTTP/1.1 GET https://localhost:7165/api/Settings/Get - null null
2025-07-19 22:59:56.863 +05:30 [INF] Executing endpoint 'AuthNet.Controllers.SettingsController.GetCompanyInfo (AuthNet)'
2025-07-19 22:59:56.863 +05:30 [INF] Route matched with {action = "GetCompanyInfo", controller = "Settings"}. Executing controller action with signature System.Threading.Tasks.Task`1[Microsoft.AspNetCore.Mvc.IActionResult] GetCompanyInfo() on controller AuthNet.Controllers.SettingsController (AuthNet).
2025-07-19 22:59:56.883 +05:30 [INF] Executed DbCommand (19ms) [Parameters=[], CommandType='"Text"', CommandTimeout='30']
SELECT TOP(1) [c].[Id], [c].[Address], [c].[ContactNumber], [c].[Email], [c].[GSTIN], [c].[LogoFileExtension], [c].[LogoFilePath], [c].[LogoFileSizeInBytes], [c].[LogoName], [c].[Name], [c].[SignFileExtension], [c].[SignFilePath], [c].[SignFileSizeInBytes], [c].[SignName]
FROM [CompanyInfos] AS [c]
2025-07-19 22:59:56.884 +05:30 [INF] Executing OkObjectResult, writing value of type 'AuthNet.Models.DTO.CompanyInfoResponseDto'.
2025-07-19 22:59:56.885 +05:30 [INF] Executed action AuthNet.Controllers.SettingsController.GetCompanyInfo (AuthNet) in 21.7447ms
2025-07-19 22:59:56.885 +05:30 [INF] Executed endpoint 'AuthNet.Controllers.SettingsController.GetCompanyInfo (AuthNet)'
2025-07-19 22:59:56.891 +05:30 [INF] Request finished HTTP/1.1 GET https://localhost:7165/api/Settings/Get - 200 null application/json; charset=utf-8 28.0975ms
2025-07-19 23:00:00.082 +05:30 [INF] Request starting HTTP/1.1 GET https://localhost:7165/api/Settings/Get - null null
2025-07-19 23:00:00.082 +05:30 [INF] Executing endpoint 'AuthNet.Controllers.SettingsController.GetCompanyInfo (AuthNet)'
2025-07-19 23:00:00.082 +05:30 [INF] Route matched with {action = "GetCompanyInfo", controller = "Settings"}. Executing controller action with signature System.Threading.Tasks.Task`1[Microsoft.AspNetCore.Mvc.IActionResult] GetCompanyInfo() on controller AuthNet.Controllers.SettingsController (AuthNet).
2025-07-19 23:00:00.097 +05:30 [INF] Executed DbCommand (14ms) [Parameters=[], CommandType='"Text"', CommandTimeout='30']
SELECT TOP(1) [c].[Id], [c].[Address], [c].[ContactNumber], [c].[Email], [c].[GSTIN], [c].[LogoFileExtension], [c].[LogoFilePath], [c].[LogoFileSizeInBytes], [c].[LogoName], [c].[Name], [c].[SignFileExtension], [c].[SignFilePath], [c].[SignFileSizeInBytes], [c].[SignName]
FROM [CompanyInfos] AS [c]
2025-07-19 23:00:00.098 +05:30 [INF] Executing OkObjectResult, writing value of type 'AuthNet.Models.DTO.CompanyInfoResponseDto'.
2025-07-19 23:00:00.098 +05:30 [INF] Executed action AuthNet.Controllers.SettingsController.GetCompanyInfo (AuthNet) in 15.3455ms
2025-07-19 23:00:00.098 +05:30 [INF] Executed endpoint 'AuthNet.Controllers.SettingsController.GetCompanyInfo (AuthNet)'
2025-07-19 23:00:00.098 +05:30 [INF] Request finished HTTP/1.1 GET https://localhost:7165/api/Settings/Get - 200 null application/json; charset=utf-8 16.2324ms
2025-07-19 23:00:16.006 +05:30 [INF] Request starting HTTP/1.1 PUT https://localhost:7165/api/Settings/Update - multipart/form-data; boundary="3b25fec5-542d-4fff-b028-c270cb5b1545" 883
2025-07-19 23:00:16.006 +05:30 [INF] Executing endpoint 'AuthNet.Controllers.SettingsController.Update (AuthNet)'
2025-07-19 23:00:16.022 +05:30 [INF] Route matched with {action = "Update", controller = "Settings"}. Executing controller action with signature System.Threading.Tasks.Task`1[Microsoft.AspNetCore.Mvc.IActionResult] Update(AuthNet.Models.DTO.CompanyInfoDto) on controller AuthNet.Controllers.SettingsController (AuthNet).
2025-07-19 23:00:16.089 +05:30 [INF] Executed DbCommand (16ms) [Parameters=[], CommandType='"Text"', CommandTimeout='30']
SELECT TOP(1) [c].[Id], [c].[Address], [c].[ContactNumber], [c].[Email], [c].[GSTIN], [c].[LogoFileExtension], [c].[LogoFilePath], [c].[LogoFileSizeInBytes], [c].[LogoName], [c].[Name], [c].[SignFileExtension], [c].[SignFilePath], [c].[SignFileSizeInBytes], [c].[SignName]
FROM [CompanyInfos] AS [c]
2025-07-19 23:00:16.172 +05:30 [INF] Executed DbCommand (24ms) [Parameters=[@p0='?' (Size = 4000), @p1='?' (DbType = DateTime2), @p2='?' (Size = 4000), @p3='?' (Size = 4000), @p4='?' (Size = 4000), @p5='?' (Size = 4000), @p7='?' (DbType = Int32), @p6='?' (Size = 4000)], CommandType='"Text"', CommandTimeout='30']
SET NOCOUNT ON;
INSERT INTO [CompanyInfoHistories] ([Address], [ArchivedAt], [ContactNumber], [Email], [GSTIN], [Name])
OUTPUT INSERTED.[Id]
VALUES (@p0, @p1, @p2, @p3, @p4, @p5);
UPDATE [CompanyInfos] SET [Name] = @p6
OUTPUT 1
WHERE [Id] = @p7;
2025-07-19 23:00:16.176 +05:30 [INF] Executing OkObjectResult, writing value of type 'AuthNet.Models.DTO.OperationResponse'.
2025-07-19 23:00:16.178 +05:30 [INF] Executed action AuthNet.Controllers.SettingsController.Update (AuthNet) in 155.7263ms
2025-07-19 23:00:16.178 +05:30 [INF] Executed endpoint 'AuthNet.Controllers.SettingsController.Update (AuthNet)'
2025-07-19 23:00:16.178 +05:30 [INF] Request finished HTTP/1.1 PUT https://localhost:7165/api/Settings/Update - 200 null application/json; charset=utf-8 172.2554ms
2025-07-19 23:00:16.207 +05:30 [INF] Request starting HTTP/1.1 GET https://localhost:7165/api/Settings/Get - null null
2025-07-19 23:00:16.208 +05:30 [INF] Executing endpoint 'AuthNet.Controllers.SettingsController.GetCompanyInfo (AuthNet)'
2025-07-19 23:00:16.208 +05:30 [INF] Route matched with {action = "GetCompanyInfo", controller = "Settings"}. Executing controller action with signature System.Threading.Tasks.Task`1[Microsoft.AspNetCore.Mvc.IActionResult] GetCompanyInfo() on controller AuthNet.Controllers.SettingsController (AuthNet).
2025-07-19 23:00:16.213 +05:30 [INF] Executed DbCommand (3ms) [Parameters=[], CommandType='"Text"', CommandTimeout='30']
SELECT TOP(1) [c].[Id], [c].[Address], [c].[ContactNumber], [c].[Email], [c].[GSTIN], [c].[LogoFileExtension], [c].[LogoFilePath], [c].[LogoFileSizeInBytes], [c].[LogoName], [c].[Name], [c].[SignFileExtension], [c].[SignFilePath], [c].[SignFileSizeInBytes], [c].[SignName]
FROM [CompanyInfos] AS [c]
2025-07-19 23:00:16.213 +05:30 [INF] Executing OkObjectResult, writing value of type 'AuthNet.Models.DTO.CompanyInfoResponseDto'.
2025-07-19 23:00:16.213 +05:30 [INF] Executed action AuthNet.Controllers.SettingsController.GetCompanyInfo (AuthNet) in 5.2603ms
2025-07-19 23:00:16.213 +05:30 [INF] Executed endpoint 'AuthNet.Controllers.SettingsController.GetCompanyInfo (AuthNet)'
2025-07-19 23:00:16.214 +05:30 [INF] Request finished HTTP/1.1 GET https://localhost:7165/api/Settings/Get - 200 null application/json; charset=utf-8 6.1745ms
2025-07-19 23:00:33.190 +05:30 [INF] Request starting HTTP/1.1 GET https://localhost:7165/api/TaxSettings - null null
2025-07-19 23:00:33.190 +05:30 [INF] Executing endpoint 'AuthNet.Controllers.TaxSettingsController.GetAll (AuthNet)'
2025-07-19 23:00:33.191 +05:30 [INF] Route matched with {action = "GetAll", controller = "TaxSettings"}. Executing controller action with signature System.Threading.Tasks.Task`1[Microsoft.AspNetCore.Mvc.IActionResult] GetAll() on controller AuthNet.Controllers.TaxSettingsController (AuthNet).
2025-07-19 23:00:33.200 +05:30 [INF] Executed DbCommand (5ms) [Parameters=[], CommandType='"Text"', CommandTimeout='30']
SELECT TOP(1) [t].[Id], [t].[CGST], [t].[IGST], [t].[SGST]
FROM [TaxSettings] AS [t]
2025-07-19 23:00:33.201 +05:30 [INF] Executing OkObjectResult, writing value of type 'AuthNet.Models.DTO.TaxSettingResponseDto'.
2025-07-19 23:00:33.201 +05:30 [INF] Executed action AuthNet.Controllers.TaxSettingsController.GetAll (AuthNet) in 10.1573ms
2025-07-19 23:00:33.201 +05:30 [INF] Executed endpoint 'AuthNet.Controllers.TaxSettingsController.GetAll (AuthNet)'
2025-07-19 23:00:33.201 +05:30 [INF] Request finished HTTP/1.1 GET https://localhost:7165/api/TaxSettings - 200 null application/json; charset=utf-8 11.1312ms
2025-07-19 23:00:37.677 +05:30 [INF] Request starting HTTP/1.1 GET https://localhost:7165/api/TaxSettings - null null
2025-07-19 23:00:37.677 +05:30 [INF] Executing endpoint 'AuthNet.Controllers.TaxSettingsController.GetAll (AuthNet)'
2025-07-19 23:00:37.678 +05:30 [INF] Route matched with {action = "GetAll", controller = "TaxSettings"}. Executing controller action with signature System.Threading.Tasks.Task`1[Microsoft.AspNetCore.Mvc.IActionResult] GetAll() on controller AuthNet.Controllers.TaxSettingsController (AuthNet).
2025-07-19 23:00:37.683 +05:30 [INF] Executed DbCommand (4ms) [Parameters=[], CommandType='"Text"', CommandTimeout='30']
SELECT TOP(1) [t].[Id], [t].[CGST], [t].[IGST], [t].[SGST]
FROM [TaxSettings] AS [t]
2025-07-19 23:00:37.683 +05:30 [INF] Executing OkObjectResult, writing value of type 'AuthNet.Models.DTO.TaxSettingResponseDto'.
2025-07-19 23:00:37.683 +05:30 [INF] Executed action AuthNet.Controllers.TaxSettingsController.GetAll (AuthNet) in 5.2131ms
2025-07-19 23:00:37.683 +05:30 [INF] Executed endpoint 'AuthNet.Controllers.TaxSettingsController.GetAll (AuthNet)'
2025-07-19 23:00:37.683 +05:30 [INF] Request finished HTTP/1.1 GET https://localhost:7165/api/TaxSettings - 200 null application/json; charset=utf-8 6.5307ms
2025-07-19 23:00:40.884 +05:30 [INF] Request starting HTTP/1.1 GET https://localhost:7165/api/TaxSettings - null null
2025-07-19 23:00:40.885 +05:30 [INF] Executing endpoint 'AuthNet.Controllers.TaxSettingsController.GetAll (AuthNet)'
2025-07-19 23:00:40.885 +05:30 [INF] Route matched with {action = "GetAll", controller = "TaxSettings"}. Executing controller action with signature System.Threading.Tasks.Task`1[Microsoft.AspNetCore.Mvc.IActionResult] GetAll() on controller AuthNet.Controllers.TaxSettingsController (AuthNet).
2025-07-19 23:00:40.890 +05:30 [INF] Executed DbCommand (5ms) [Parameters=[], CommandType='"Text"', CommandTimeout='30']
SELECT TOP(1) [t].[Id], [t].[CGST], [t].[IGST], [t].[SGST]
FROM [TaxSettings] AS [t]
2025-07-19 23:00:40.891 +05:30 [INF] Executing OkObjectResult, writing value of type 'AuthNet.Models.DTO.TaxSettingResponseDto'.
2025-07-19 23:00:40.891 +05:30 [INF] Executed action AuthNet.Controllers.TaxSettingsController.GetAll (AuthNet) in 6.01ms
2025-07-19 23:00:40.891 +05:30 [INF] Executed endpoint 'AuthNet.Controllers.TaxSettingsController.GetAll (AuthNet)'
2025-07-19 23:00:40.891 +05:30 [INF] Request finished HTTP/1.1 GET https://localhost:7165/api/TaxSettings - 200 null application/json; charset=utf-8 6.7568ms
2025-07-19 23:00:46.405 +05:30 [INF] Request starting HTTP/1.1 PUT https://localhost:7165/api/TaxSettings/1 - application/json; charset=utf-8 null
2025-07-19 23:00:46.405 +05:30 [INF] Executing endpoint 'AuthNet.Controllers.TaxSettingsController.Update (AuthNet)'
2025-07-19 23:00:46.412 +05:30 [INF] Route matched with {action = "Update", controller = "TaxSettings"}. Executing controller action with signature System.Threading.Tasks.Task`1[Microsoft.AspNetCore.Mvc.IActionResult] Update(Int32, AuthNet.Models.Domain.TaxSetting) on controller AuthNet.Controllers.TaxSettingsController (AuthNet).
2025-07-19 23:00:46.465 +05:30 [INF] Executed DbCommand (9ms) [Parameters=[@__p_0='?' (DbType = Int32)], CommandType='"Text"', CommandTimeout='30']
SELECT TOP(1) [t].[Id], [t].[CGST], [t].[IGST], [t].[SGST]
FROM [TaxSettings] AS [t]
WHERE [t].[Id] = @__p_0
2025-07-19 23:00:46.502 +05:30 [INF] Executed DbCommand (7ms) [Parameters=[@p3='?' (DbType = Int32), @p0='?' (Precision = 18) (Scale = 2) (DbType = Decimal), @p1='?' (Precision = 18) (Scale = 2) (DbType = Decimal), @p2='?' (Precision = 18) (Scale = 2) (DbType = Decimal)], CommandType='"Text"', CommandTimeout='30']
SET IMPLICIT_TRANSACTIONS OFF;
SET NOCOUNT ON;
UPDATE [TaxSettings] SET [CGST] = @p0, [IGST] = @p1, [SGST] = @p2
OUTPUT 1
WHERE [Id] = @p3;
2025-07-19 23:00:46.503 +05:30 [INF] Executing OkObjectResult, writing value of type '<>f__AnonymousType0`1[[System.String, System.Private.CoreLib, Version=8.0.0.0, Culture=neutral, PublicKeyToken=7cec85d7bea7798e]]'.
2025-07-19 23:00:46.505 +05:30 [INF] Executed action AuthNet.Controllers.TaxSettingsController.Update (AuthNet) in 92.3897ms
2025-07-19 23:00:46.505 +05:30 [INF] Executed endpoint 'AuthNet.Controllers.TaxSettingsController.Update (AuthNet)'
2025-07-19 23:00:46.505 +05:30 [INF] Request finished HTTP/1.1 PUT https://localhost:7165/api/TaxSettings/1 - 200 null application/json; charset=utf-8 100.1413ms
2025-07-19 23:00:46.533 +05:30 [INF] Request starting HTTP/1.1 GET https://localhost:7165/api/TaxSettings - null null
2025-07-19 23:00:46.533 +05:30 [INF] Executing endpoint 'AuthNet.Controllers.TaxSettingsController.GetAll (AuthNet)'
2025-07-19 23:00:46.533 +05:30 [INF] Route matched with {action = "GetAll", controller = "TaxSettings"}. Executing controller action with signature System.Threading.Tasks.Task`1[Microsoft.AspNetCore.Mvc.IActionResult] GetAll() on controller AuthNet.Controllers.TaxSettingsController (AuthNet).
2025-07-19 23:00:46.538 +05:30 [INF] Executed DbCommand (3ms) [Parameters=[], CommandType='"Text"', CommandTimeout='30']
SELECT TOP(1) [t].[Id], [t].[CGST], [t].[IGST], [t].[SGST]
FROM [TaxSettings] AS [t]
2025-07-19 23:00:46.538 +05:30 [INF] Executing OkObjectResult, writing value of type 'AuthNet.Models.DTO.TaxSettingResponseDto'.
2025-07-19 23:00:46.538 +05:30 [INF] Executed action AuthNet.Controllers.TaxSettingsController.GetAll (AuthNet) in 4.7332ms
2025-07-19 23:00:46.538 +05:30 [INF] Executed endpoint 'AuthNet.Controllers.TaxSettingsController.GetAll (AuthNet)'
2025-07-19 23:00:46.538 +05:30 [INF] Request finished HTTP/1.1 GET https://localhost:7165/api/TaxSettings - 200 null application/json; charset=utf-8 5.6294ms
2025-07-19 23:00:50.934 +05:30 [INF] Request starting HTTP/1.1 GET https://localhost:7165/api/InvoiceTemplates - null null
2025-07-19 23:00:50.935 +05:30 [INF] Executing endpoint 'AuthNet.Controllers.InvoiceTemplatesController.GetAll (AuthNet)'
2025-07-19 23:00:50.935 +05:30 [INF] Route matched with {action = "GetAll", controller = "InvoiceTemplates"}. Executing controller action with signature System.Threading.Tasks.Task`1[Microsoft.AspNetCore.Mvc.IActionResult] GetAll() on controller AuthNet.Controllers.InvoiceTemplatesController (AuthNet).
2025-07-19 23:00:50.940 +05:30 [INF] Executed DbCommand (4ms) [Parameters=[], CommandType='"Text"', CommandTimeout='30']
SELECT [i].[Id], [i].[Layout], [i].[Notes], [i].[TermsAndConditions]
FROM [InvoiceTemplates] AS [i]
2025-07-19 23:00:50.941 +05:30 [INF] Executing OkObjectResult, writing value of type 'System.Collections.Generic.List`1[[AuthNet.Models.Domain.InvoiceTemplate, AuthNet, Version=1.0.0.0, Culture=neutral, PublicKeyToken=null]]'.
2025-07-19 23:00:50.941 +05:30 [INF] Executed action AuthNet.Controllers.InvoiceTemplatesController.GetAll (AuthNet) in 5.8536ms
2025-07-19 23:00:50.941 +05:30 [INF] Executed endpoint 'AuthNet.Controllers.InvoiceTemplatesController.GetAll (AuthNet)'
2025-07-19 23:00:50.941 +05:30 [INF] Request finished HTTP/1.1 GET https://localhost:7165/api/InvoiceTemplates - 200 null application/json; charset=utf-8 6.9635ms
2025-07-19 23:00:56.570 +05:30 [INF] Request starting HTTP/1.1 GET https://localhost:7165/api/Sales/DailyProfit - null null
2025-07-19 23:00:56.571 +05:30 [INF] Executing endpoint 'AuthNet.Controllers.SalesController.GetDailyProfit (AuthNet)'
2025-07-19 23:00:56.571 +05:30 [INF] Route matched with {action = "GetDailyProfit", controller = "Sales"}. Executing controller action with signature System.Threading.Tasks.Task`1[Microsoft.AspNetCore.Mvc.IActionResult] GetDailyProfit() on controller AuthNet.Controllers.SalesController (AuthNet).
2025-07-19 23:00:56.590 +05:30 [INF] Executed DbCommand (17ms) [Parameters=[@__date_Date_0='?' (DbType = DateTime2)], CommandType='"Text"', CommandTimeout='30']
SELECT [s].[Id], [s].[ProductId], [s].[ProductName], [s].[Quantity], [s].[SaleId], [s].[TotalPrice], [s].[UnitPrice], [s0].[Id], [s0].[AfterTaxAmount], [s0].[CreatedAt], [s0].[DiscountedAmount], [s0].[InvoiceDate], [s0].[InvoiceNo], [s0].[PrincipalAmount], [s0].[Template], [s0].[TotalAmount]
FROM [SaleItems] AS [s]
INNER JOIN [Sales] AS [s0] ON [s].[SaleId] = [s0].[Id]
WHERE CONVERT(date, [s0].[InvoiceDate]) = @__date_Date_0
2025-07-19 23:00:56.599 +05:30 [INF] Executed DbCommand (7ms) [Parameters=[@__productIds_0='?' (Size = 4000)], CommandType='"Text"', CommandTimeout='30']
SELECT [p].[ProductId], [p].[CategoryId], [p].[CostPrice], [p].[Description], [p].[Name], [p].[ProductCode], [p].[ProductKey], [p].[SellPrice], [p].[SupplierId]
FROM [Products] AS [p]
WHERE [p].[ProductId] IN (
    SELECT [p0].[value]
    FROM OPENJSON(@__productIds_0) WITH ([value] int '$') AS [p0]
)
2025-07-19 23:00:56.599 +05:30 [INF] Executing OkObjectResult, writing value of type 'AuthNet.Models.DTO.DailyProfitDto'.
2025-07-19 23:00:56.599 +05:30 [INF] Executed action AuthNet.Controllers.SalesController.GetDailyProfit (AuthNet) in 28.501ms
2025-07-19 23:00:56.599 +05:30 [INF] Executed endpoint 'AuthNet.Controllers.SalesController.GetDailyProfit (AuthNet)'
2025-07-19 23:00:56.600 +05:30 [INF] Request finished HTTP/1.1 GET https://localhost:7165/api/Sales/DailyProfit - 200 null application/json; charset=utf-8 29.2706ms
2025-07-19 23:00:56.618 +05:30 [INF] Request starting HTTP/1.1 GET https://localhost:7165/api/Sales/CurrentMonthProfit - null null
2025-07-19 23:00:56.618 +05:30 [INF] Executing endpoint 'AuthNet.Controllers.SalesController.GetCurrentMonthProfit (AuthNet)'
2025-07-19 23:00:56.618 +05:30 [INF] Route matched with {action = "GetCurrentMonthProfit", controller = "Sales"}. Executing controller action with signature System.Threading.Tasks.Task`1[Microsoft.AspNetCore.Mvc.IActionResult] GetCurrentMonthProfit() on controller AuthNet.Controllers.SalesController (AuthNet).
2025-07-19 23:00:56.623 +05:30 [INF] Executed DbCommand (4ms) [Parameters=[@__currentYear_0='?' (DbType = Int32), @__currentMonth_1='?' (DbType = Int32)], CommandType='"Text"', CommandTimeout='30']
SELECT [s].[Id], [s].[ProductId], [s].[ProductName], [s].[Quantity], [s].[SaleId], [s].[TotalPrice], [s].[UnitPrice], [s0].[Id], [s0].[AfterTaxAmount], [s0].[CreatedAt], [s0].[DiscountedAmount], [s0].[InvoiceDate], [s0].[InvoiceNo], [s0].[PrincipalAmount], [s0].[Template], [s0].[TotalAmount]
FROM [SaleItems] AS [s]
INNER JOIN [Sales] AS [s0] ON [s].[SaleId] = [s0].[Id]
WHERE DATEPART(year, [s0].[InvoiceDate]) = @__currentYear_0 AND DATEPART(month, [s0].[InvoiceDate]) = @__currentMonth_1
2025-07-19 23:00:56.625 +05:30 [INF] Executed DbCommand (1ms) [Parameters=[@__productIds_0='?' (Size = 4000)], CommandType='"Text"', CommandTimeout='30']
SELECT [p].[ProductId], [p].[CategoryId], [p].[CostPrice], [p].[Description], [p].[Name], [p].[ProductCode], [p].[ProductKey], [p].[SellPrice], [p].[SupplierId]
FROM [Products] AS [p]
WHERE [p].[ProductId] IN (
    SELECT [p0].[value]
    FROM OPENJSON(@__productIds_0) WITH ([value] int '$') AS [p0]
)
2025-07-19 23:00:56.627 +05:30 [INF] Executing OkObjectResult, writing value of type 'AuthNet.Models.DTO.MonthlyProfitDto'.
2025-07-19 23:00:56.627 +05:30 [INF] Executed action AuthNet.Controllers.SalesController.GetCurrentMonthProfit (AuthNet) in 8.5128ms
2025-07-19 23:00:56.627 +05:30 [INF] Executed endpoint 'AuthNet.Controllers.SalesController.GetCurrentMonthProfit (AuthNet)'
2025-07-19 23:00:56.627 +05:30 [INF] Request finished HTTP/1.1 GET https://localhost:7165/api/Sales/CurrentMonthProfit - 200 null application/json; charset=utf-8 9.3124ms
2025-07-19 23:00:56.640 +05:30 [INF] Request starting HTTP/1.1 GET https://localhost:7165/api/Sales/CurrentYearProfit - null null
2025-07-19 23:00:56.640 +05:30 [INF] Executing endpoint 'AuthNet.Controllers.SalesController.GetCurrentYearProfit (AuthNet)'
2025-07-19 23:00:56.640 +05:30 [INF] Route matched with {action = "GetCurrentYearProfit", controller = "Sales"}. Executing controller action with signature System.Threading.Tasks.Task`1[Microsoft.AspNetCore.Mvc.IActionResult] GetCurrentYearProfit() on controller AuthNet.Controllers.SalesController (AuthNet).
2025-07-19 23:00:56.648 +05:30 [INF] Executed DbCommand (6ms) [Parameters=[@__currentYear_0='?' (DbType = Int32)], CommandType='"Text"', CommandTimeout='30']
SELECT [s].[Id], [s].[ProductId], [s].[ProductName], [s].[Quantity], [s].[SaleId], [s].[TotalPrice], [s].[UnitPrice], [s0].[Id], [s0].[AfterTaxAmount], [s0].[CreatedAt], [s0].[DiscountedAmount], [s0].[InvoiceDate], [s0].[InvoiceNo], [s0].[PrincipalAmount], [s0].[Template], [s0].[TotalAmount]
FROM [SaleItems] AS [s]
INNER JOIN [Sales] AS [s0] ON [s].[SaleId] = [s0].[Id]
WHERE DATEPART(year, [s0].[InvoiceDate]) = @__currentYear_0
2025-07-19 23:00:56.650 +05:30 [INF] Executed DbCommand (1ms) [Parameters=[@__productIds_0='?' (Size = 4000)], CommandType='"Text"', CommandTimeout='30']
SELECT [p].[ProductId], [p].[CategoryId], [p].[CostPrice], [p].[Description], [p].[Name], [p].[ProductCode], [p].[ProductKey], [p].[SellPrice], [p].[SupplierId]
FROM [Products] AS [p]
WHERE [p].[ProductId] IN (
    SELECT [p0].[value]
    FROM OPENJSON(@__productIds_0) WITH ([value] int '$') AS [p0]
)
2025-07-19 23:00:56.651 +05:30 [INF] Executing OkObjectResult, writing value of type 'AuthNet.Models.DTO.YearlyProfitDto'.
2025-07-19 23:00:56.651 +05:30 [INF] Executed action AuthNet.Controllers.SalesController.GetCurrentYearProfit (AuthNet) in 10.2625ms
2025-07-19 23:00:56.651 +05:30 [INF] Executed endpoint 'AuthNet.Controllers.SalesController.GetCurrentYearProfit (AuthNet)'
2025-07-19 23:00:56.651 +05:30 [INF] Request finished HTTP/1.1 GET https://localhost:7165/api/Sales/CurrentYearProfit - 200 null application/json; charset=utf-8 11.1001ms
2025-07-19 23:00:56.665 +05:30 [INF] Request starting HTTP/1.1 GET https://localhost:7165/api/Tasks - null null
2025-07-19 23:00:56.665 +05:30 [INF] Executing endpoint 'AuthNet.Controllers.TasksController.GetTasks (AuthNet)'
2025-07-19 23:00:56.665 +05:30 [INF] Route matched with {action = "GetTasks", controller = "Tasks"}. Executing controller action with signature Microsoft.AspNetCore.Mvc.IActionResult GetTasks() on controller AuthNet.Controllers.TasksController (AuthNet).
2025-07-19 23:00:56.668 +05:30 [INF] Executed DbCommand (2ms) [Parameters=[], CommandType='"Text"', CommandTimeout='30']
SELECT [t].[Id], [t].[Title], [t].[DueDate]
FROM [Tasks] AS [t]
2025-07-19 23:00:56.668 +05:30 [INF] Executing OkObjectResult, writing value of type 'System.Collections.Generic.List`1[[AuthNet.Models.DTO.TaskItemDto, AuthNet, Version=1.0.0.0, Culture=neutral, PublicKeyToken=null]]'.
2025-07-19 23:00:56.668 +05:30 [INF] Executed action AuthNet.Controllers.TasksController.GetTasks (AuthNet) in 2.9614ms
2025-07-19 23:00:56.668 +05:30 [INF] Executed endpoint 'AuthNet.Controllers.TasksController.GetTasks (AuthNet)'
2025-07-19 23:00:56.668 +05:30 [INF] Request finished HTTP/1.1 GET https://localhost:7165/api/Tasks - 200 null application/json; charset=utf-8 3.7329ms
2025-07-19 23:00:56.682 +05:30 [INF] Request starting HTTP/1.1 GET https://localhost:7165/api/Settings/Get - null null
2025-07-19 23:00:56.683 +05:30 [INF] Executing endpoint 'AuthNet.Controllers.SettingsController.GetCompanyInfo (AuthNet)'
2025-07-19 23:00:56.683 +05:30 [INF] Route matched with {action = "GetCompanyInfo", controller = "Settings"}. Executing controller action with signature System.Threading.Tasks.Task`1[Microsoft.AspNetCore.Mvc.IActionResult] GetCompanyInfo() on controller AuthNet.Controllers.SettingsController (AuthNet).
2025-07-19 23:00:56.688 +05:30 [INF] Executed DbCommand (4ms) [Parameters=[], CommandType='"Text"', CommandTimeout='30']
SELECT TOP(1) [c].[Id], [c].[Address], [c].[ContactNumber], [c].[Email], [c].[GSTIN], [c].[LogoFileExtension], [c].[LogoFilePath], [c].[LogoFileSizeInBytes], [c].[LogoName], [c].[Name], [c].[SignFileExtension], [c].[SignFilePath], [c].[SignFileSizeInBytes], [c].[SignName]
FROM [CompanyInfos] AS [c]
2025-07-19 23:00:56.688 +05:30 [INF] Executing OkObjectResult, writing value of type 'AuthNet.Models.DTO.CompanyInfoResponseDto'.
2025-07-19 23:00:56.688 +05:30 [INF] Executed action AuthNet.Controllers.SettingsController.GetCompanyInfo (AuthNet) in 5.443ms
2025-07-19 23:00:56.688 +05:30 [INF] Executed endpoint 'AuthNet.Controllers.SettingsController.GetCompanyInfo (AuthNet)'
2025-07-19 23:00:56.689 +05:30 [INF] Request finished HTTP/1.1 GET https://localhost:7165/api/Settings/Get - 200 null application/json; charset=utf-8 6.4657ms
2025-07-19 23:00:56.823 +05:30 [INF] Request starting HTTP/2 GET https://localhost:7165/api/Products/CategoryWiseProductCount - null null
2025-07-19 23:00:56.823 +05:30 [INF] CORS policy execution successful.
2025-07-19 23:00:56.823 +05:30 [INF] Request starting HTTP/2 GET https://localhost:7165/api/Sales/WeeklyProfit - null null
2025-07-19 23:00:56.823 +05:30 [INF] Executing endpoint 'AuthNet.Controllers.ProductsController.GetCategoryWiseProductCount (AuthNet)'
2025-07-19 23:00:56.823 +05:30 [INF] Route matched with {action = "GetCategoryWiseProductCount", controller = "Products"}. Executing controller action with signature System.Threading.Tasks.Task`1[Microsoft.AspNetCore.Mvc.IActionResult] GetCategoryWiseProductCount() on controller AuthNet.Controllers.ProductsController (AuthNet).
2025-07-19 23:00:56.824 +05:30 [INF] CORS policy execution successful.
2025-07-19 23:00:56.824 +05:30 [INF] Executing endpoint 'AuthNet.Controllers.SalesController.GetWeeklyProfit (AuthNet)'
2025-07-19 23:00:56.824 +05:30 [INF] Route matched with {action = "GetWeeklyProfit", controller = "Sales"}. Executing controller action with signature System.Threading.Tasks.Task`1[Microsoft.AspNetCore.Mvc.IActionResult] GetWeeklyProfit() on controller AuthNet.Controllers.SalesController (AuthNet).
2025-07-19 23:00:56.836 +05:30 [INF] Executed DbCommand (10ms) [Parameters=[@__startDate_0='?' (DbType = DateTime2), @__endDate_1='?' (DbType = DateTime2)], CommandType='"Text"', CommandTimeout='30']
SELECT [s].[Id], [s].[ProductId], [s].[ProductName], [s].[Quantity], [s].[SaleId], [s].[TotalPrice], [s].[UnitPrice], [s0].[Id], [s0].[AfterTaxAmount], [s0].[CreatedAt], [s0].[DiscountedAmount], [s0].[InvoiceDate], [s0].[InvoiceNo], [s0].[PrincipalAmount], [s0].[Template], [s0].[TotalAmount]
FROM [SaleItems] AS [s]
INNER JOIN [Sales] AS [s0] ON [s].[SaleId] = [s0].[Id]
WHERE CONVERT(date, [s0].[InvoiceDate]) >= @__startDate_0 AND CONVERT(date, [s0].[InvoiceDate]) <= @__endDate_1
2025-07-19 23:00:56.840 +05:30 [INF] Executed DbCommand (14ms) [Parameters=[], CommandType='"Text"', CommandTimeout='30']
SELECT [c].[Name] AS [CategoryName], COUNT(*) AS [ProductCount]
FROM [Products] AS [p]
LEFT JOIN [Categories] AS [c] ON [p].[CategoryId] = [c].[CategoryId]
WHERE [c].[CategoryId] IS NOT NULL
GROUP BY [c].[Name]
2025-07-19 23:00:56.841 +05:30 [INF] Executing OkObjectResult, writing value of type 'System.Collections.Generic.List`1[[AuthNet.Models.DTO.CategoryProductCountDto, AuthNet, Version=1.0.0.0, Culture=neutral, PublicKeyToken=null]]'.
2025-07-19 23:00:56.842 +05:30 [INF] Executed action AuthNet.Controllers.ProductsController.GetCategoryWiseProductCount (AuthNet) in 18.1744ms
2025-07-19 23:00:56.842 +05:30 [INF] Executed endpoint 'AuthNet.Controllers.ProductsController.GetCategoryWiseProductCount (AuthNet)'
2025-07-19 23:00:56.843 +05:30 [INF] Request finished HTTP/2 GET https://localhost:7165/api/Products/CategoryWiseProductCount - 200 null application/json; charset=utf-8 19.6594ms
2025-07-19 23:00:56.846 +05:30 [INF] Executed DbCommand (9ms) [Parameters=[@__productIds_0='?' (Size = 4000)], CommandType='"Text"', CommandTimeout='30']
SELECT [p].[ProductId], [p].[CategoryId], [p].[CostPrice], [p].[Description], [p].[Name], [p].[ProductCode], [p].[ProductKey], [p].[SellPrice], [p].[SupplierId]
FROM [Products] AS [p]
WHERE [p].[ProductId] IN (
    SELECT [p0].[value]
    FROM OPENJSON(@__productIds_0) WITH ([value] int '$') AS [p0]
)
2025-07-19 23:00:56.847 +05:30 [INF] Executing OkObjectResult, writing value of type 'System.Collections.Generic.List`1[[AuthNet.Models.DTO.DailyProfitDto, AuthNet, Version=1.0.0.0, Culture=neutral, PublicKeyToken=null]]'.
2025-07-19 23:00:56.847 +05:30 [INF] Executed action AuthNet.Controllers.SalesController.GetWeeklyProfit (AuthNet) in 23.2628ms
2025-07-19 23:00:56.847 +05:30 [INF] Executed endpoint 'AuthNet.Controllers.SalesController.GetWeeklyProfit (AuthNet)'
2025-07-19 23:00:56.847 +05:30 [INF] Request finished HTTP/2 GET https://localhost:7165/api/Sales/WeeklyProfit - 200 null application/json; charset=utf-8 24.6631ms
2025-07-19 23:02:15.424 +05:30 [INF] Request starting HTTP/1.1 GET https://localhost:7165/api/Products - null null
2025-07-19 23:02:15.424 +05:30 [INF] Executing endpoint 'AuthNet.Controllers.ProductsController.GetAll (AuthNet)'
2025-07-19 23:02:15.424 +05:30 [INF] Route matched with {action = "GetAll", controller = "Products"}. Executing controller action with signature System.Threading.Tasks.Task`1[Microsoft.AspNetCore.Mvc.IActionResult] GetAll() on controller AuthNet.Controllers.ProductsController (AuthNet).
2025-07-19 23:02:15.440 +05:30 [INF] Executed DbCommand (15ms) [Parameters=[], CommandType='"Text"', CommandTimeout='30']
SELECT [p].[ProductId], [p].[CategoryId], [p].[CostPrice], [p].[Description], [p].[Name], [p].[ProductCode], [p].[ProductKey], [p].[SellPrice], [p].[SupplierId]
FROM [Products] AS [p]
2025-07-19 23:02:15.441 +05:30 [INF] Executing OkObjectResult, writing value of type 'System.Collections.Generic.List`1[[AuthNet.Models.Domain.Product, AuthNet, Version=1.0.0.0, Culture=neutral, PublicKeyToken=null]]'.
2025-07-19 23:02:15.441 +05:30 [INF] Executed action AuthNet.Controllers.ProductsController.GetAll (AuthNet) in 16.5554ms
2025-07-19 23:02:15.441 +05:30 [INF] Executed endpoint 'AuthNet.Controllers.ProductsController.GetAll (AuthNet)'
2025-07-19 23:02:15.441 +05:30 [INF] Request finished HTTP/1.1 GET https://localhost:7165/api/Products - 200 null application/json; charset=utf-8 17.3107ms
2025-07-19 23:02:19.786 +05:30 [INF] Request starting HTTP/1.1 GET https://localhost:7165/api/Products - null null
2025-07-19 23:02:19.787 +05:30 [INF] Executing endpoint 'AuthNet.Controllers.ProductsController.GetAll (AuthNet)'
2025-07-19 23:02:19.787 +05:30 [INF] Route matched with {action = "GetAll", controller = "Products"}. Executing controller action with signature System.Threading.Tasks.Task`1[Microsoft.AspNetCore.Mvc.IActionResult] GetAll() on controller AuthNet.Controllers.ProductsController (AuthNet).
2025-07-19 23:02:19.808 +05:30 [INF] Executed DbCommand (17ms) [Parameters=[], CommandType='"Text"', CommandTimeout='30']
SELECT [p].[ProductId], [p].[CategoryId], [p].[CostPrice], [p].[Description], [p].[Name], [p].[ProductCode], [p].[ProductKey], [p].[SellPrice], [p].[SupplierId]
FROM [Products] AS [p]
2025-07-19 23:02:19.808 +05:30 [INF] Executing OkObjectResult, writing value of type 'System.Collections.Generic.List`1[[AuthNet.Models.Domain.Product, AuthNet, Version=1.0.0.0, Culture=neutral, PublicKeyToken=null]]'.
2025-07-19 23:02:19.808 +05:30 [INF] Executed action AuthNet.Controllers.ProductsController.GetAll (AuthNet) in 21.5274ms
2025-07-19 23:02:19.808 +05:30 [INF] Executed endpoint 'AuthNet.Controllers.ProductsController.GetAll (AuthNet)'
2025-07-19 23:02:19.808 +05:30 [INF] Request finished HTTP/1.1 GET https://localhost:7165/api/Products - 200 null application/json; charset=utf-8 22.4722ms
2025-07-19 23:02:19.826 +05:30 [INF] Request starting HTTP/1.1 GET https://localhost:7165/api/InvoiceTemplates - null null
2025-07-19 23:02:19.826 +05:30 [INF] Executing endpoint 'AuthNet.Controllers.InvoiceTemplatesController.GetAll (AuthNet)'
2025-07-19 23:02:19.827 +05:30 [INF] Route matched with {action = "GetAll", controller = "InvoiceTemplates"}. Executing controller action with signature System.Threading.Tasks.Task`1[Microsoft.AspNetCore.Mvc.IActionResult] GetAll() on controller AuthNet.Controllers.InvoiceTemplatesController (AuthNet).
2025-07-19 23:02:19.838 +05:30 [INF] Executed DbCommand (9ms) [Parameters=[], CommandType='"Text"', CommandTimeout='30']
SELECT [i].[Id], [i].[Layout], [i].[Notes], [i].[TermsAndConditions]
FROM [InvoiceTemplates] AS [i]
2025-07-19 23:02:19.839 +05:30 [INF] Executing OkObjectResult, writing value of type 'System.Collections.Generic.List`1[[AuthNet.Models.Domain.InvoiceTemplate, AuthNet, Version=1.0.0.0, Culture=neutral, PublicKeyToken=null]]'.
2025-07-19 23:02:19.839 +05:30 [INF] Executed action AuthNet.Controllers.InvoiceTemplatesController.GetAll (AuthNet) in 12.5661ms
2025-07-19 23:02:19.839 +05:30 [INF] Executed endpoint 'AuthNet.Controllers.InvoiceTemplatesController.GetAll (AuthNet)'
2025-07-19 23:02:19.840 +05:30 [INF] Request finished HTTP/1.1 GET https://localhost:7165/api/InvoiceTemplates - 200 null application/json; charset=utf-8 13.4654ms
2025-07-19 23:02:19.867 +05:30 [INF] Request starting HTTP/1.1 GET https://localhost:7165/api/categories - null null
2025-07-19 23:02:19.868 +05:30 [INF] Executing endpoint 'AuthNet.Controllers.CategoriesController.GetAll (AuthNet)'
2025-07-19 23:02:19.868 +05:30 [INF] Route matched with {action = "GetAll", controller = "Categories"}. Executing controller action with signature System.Threading.Tasks.Task`1[Microsoft.AspNetCore.Mvc.IActionResult] GetAll() on controller AuthNet.Controllers.CategoriesController (AuthNet).
2025-07-19 23:02:19.876 +05:30 [INF] Executed DbCommand (8ms) [Parameters=[], CommandType='"Text"', CommandTimeout='30']
SELECT [c].[CategoryId], [c].[Description], [c].[Name]
FROM [Categories] AS [c]
2025-07-19 23:02:19.877 +05:30 [INF] Executing OkObjectResult, writing value of type 'System.Collections.Generic.List`1[[AuthNet.Models.Domain.Category, AuthNet, Version=1.0.0.0, Culture=neutral, PublicKeyToken=null]]'.
2025-07-19 23:02:19.877 +05:30 [INF] Executed action AuthNet.Controllers.CategoriesController.GetAll (AuthNet) in 8.9156ms
2025-07-19 23:02:19.877 +05:30 [INF] Executed endpoint 'AuthNet.Controllers.CategoriesController.GetAll (AuthNet)'
2025-07-19 23:02:19.877 +05:30 [INF] Request finished HTTP/1.1 GET https://localhost:7165/api/categories - 200 null application/json; charset=utf-8 9.697ms
2025-07-19 23:02:19.897 +05:30 [INF] Request starting HTTP/1.1 GET https://localhost:7165/api/Settings/Get - null null
2025-07-19 23:02:19.897 +05:30 [INF] Executing endpoint 'AuthNet.Controllers.SettingsController.GetCompanyInfo (AuthNet)'
2025-07-19 23:02:19.898 +05:30 [INF] Route matched with {action = "GetCompanyInfo", controller = "Settings"}. Executing controller action with signature System.Threading.Tasks.Task`1[Microsoft.AspNetCore.Mvc.IActionResult] GetCompanyInfo() on controller AuthNet.Controllers.SettingsController (AuthNet).
2025-07-19 23:02:19.913 +05:30 [INF] Executed DbCommand (15ms) [Parameters=[], CommandType='"Text"', CommandTimeout='30']
SELECT TOP(1) [c].[Id], [c].[Address], [c].[ContactNumber], [c].[Email], [c].[GSTIN], [c].[LogoFileExtension], [c].[LogoFilePath], [c].[LogoFileSizeInBytes], [c].[LogoName], [c].[Name], [c].[SignFileExtension], [c].[SignFilePath], [c].[SignFileSizeInBytes], [c].[SignName]
FROM [CompanyInfos] AS [c]
2025-07-19 23:02:19.914 +05:30 [INF] Executing OkObjectResult, writing value of type 'AuthNet.Models.DTO.CompanyInfoResponseDto'.
2025-07-19 23:02:19.914 +05:30 [INF] Executed action AuthNet.Controllers.SettingsController.GetCompanyInfo (AuthNet) in 16.6072ms
2025-07-19 23:02:19.914 +05:30 [INF] Executed endpoint 'AuthNet.Controllers.SettingsController.GetCompanyInfo (AuthNet)'
2025-07-19 23:02:19.914 +05:30 [INF] Request finished HTTP/1.1 GET https://localhost:7165/api/Settings/Get - 200 null application/json; charset=utf-8 17.5078ms
2025-07-19 23:02:19.931 +05:30 [INF] Request starting HTTP/1.1 GET https://localhost:7165/api/TaxSettings - null null
2025-07-19 23:02:19.932 +05:30 [INF] Executing endpoint 'AuthNet.Controllers.TaxSettingsController.GetAll (AuthNet)'
2025-07-19 23:02:19.932 +05:30 [INF] Route matched with {action = "GetAll", controller = "TaxSettings"}. Executing controller action with signature System.Threading.Tasks.Task`1[Microsoft.AspNetCore.Mvc.IActionResult] GetAll() on controller AuthNet.Controllers.TaxSettingsController (AuthNet).
2025-07-19 23:02:19.942 +05:30 [INF] Executed DbCommand (9ms) [Parameters=[], CommandType='"Text"', CommandTimeout='30']
SELECT TOP(1) [t].[Id], [t].[CGST], [t].[IGST], [t].[SGST]
FROM [TaxSettings] AS [t]
2025-07-19 23:02:19.942 +05:30 [INF] Executing OkObjectResult, writing value of type 'AuthNet.Models.DTO.TaxSettingResponseDto'.
2025-07-19 23:02:19.943 +05:30 [INF] Executed action AuthNet.Controllers.TaxSettingsController.GetAll (AuthNet) in 10.7745ms
2025-07-19 23:02:19.943 +05:30 [INF] Executed endpoint 'AuthNet.Controllers.TaxSettingsController.GetAll (AuthNet)'
2025-07-19 23:02:19.943 +05:30 [INF] Request finished HTTP/1.1 GET https://localhost:7165/api/TaxSettings - 200 null application/json; charset=utf-8 11.6596ms
2025-07-19 23:02:33.282 +05:30 [INF] Request starting HTTP/1.1 GET https://localhost:7165/api/Inventory - null null
2025-07-19 23:02:33.282 +05:30 [INF] Executing endpoint 'AuthNet.Controllers.InventoryController.GetAll (AuthNet)'
2025-07-19 23:02:33.290 +05:30 [INF] Route matched with {action = "GetAll", controller = "Inventory"}. Executing controller action with signature System.Threading.Tasks.Task`1[Microsoft.AspNetCore.Mvc.IActionResult] GetAll() on controller AuthNet.Controllers.InventoryController (AuthNet).
2025-07-19 23:02:33.315 +05:30 [INF] Executed DbCommand (15ms) [Parameters=[], CommandType='"Text"', CommandTimeout='30']
SELECT [i].[InventoryId], [i].[LastUpdated], [i].[ProductId], [i].[QuantityInStock], [i].[ReorderLevel]
FROM [Inventories] AS [i]
2025-07-19 23:02:33.325 +05:30 [INF] Executing OkObjectResult, writing value of type 'System.Collections.Generic.List`1[[AuthNet.Models.Domain.Inventory, AuthNet, Version=1.0.0.0, Culture=neutral, PublicKeyToken=null]]'.
2025-07-19 23:02:33.328 +05:30 [INF] Executed action AuthNet.Controllers.InventoryController.GetAll (AuthNet) in 37.7244ms
2025-07-19 23:02:33.328 +05:30 [INF] Executed endpoint 'AuthNet.Controllers.InventoryController.GetAll (AuthNet)'
2025-07-19 23:02:33.328 +05:30 [INF] Request finished HTTP/1.1 GET https://localhost:7165/api/Inventory - 200 null application/json; charset=utf-8 45.8992ms
2025-07-19 23:02:33.352 +05:30 [INF] Request starting HTTP/1.1 GET https://localhost:7165/api/Products - null null
2025-07-19 23:02:33.352 +05:30 [INF] Executing endpoint 'AuthNet.Controllers.ProductsController.GetAll (AuthNet)'
2025-07-19 23:02:33.352 +05:30 [INF] Route matched with {action = "GetAll", controller = "Products"}. Executing controller action with signature System.Threading.Tasks.Task`1[Microsoft.AspNetCore.Mvc.IActionResult] GetAll() on controller AuthNet.Controllers.ProductsController (AuthNet).
2025-07-19 23:02:33.358 +05:30 [INF] Executed DbCommand (5ms) [Parameters=[], CommandType='"Text"', CommandTimeout='30']
SELECT [p].[ProductId], [p].[CategoryId], [p].[CostPrice], [p].[Description], [p].[Name], [p].[ProductCode], [p].[ProductKey], [p].[SellPrice], [p].[SupplierId]
FROM [Products] AS [p]
2025-07-19 23:02:33.360 +05:30 [INF] Executing OkObjectResult, writing value of type 'System.Collections.Generic.List`1[[AuthNet.Models.Domain.Product, AuthNet, Version=1.0.0.0, Culture=neutral, PublicKeyToken=null]]'.
2025-07-19 23:02:33.364 +05:30 [INF] Executed action AuthNet.Controllers.ProductsController.GetAll (AuthNet) in 12.0693ms
2025-07-19 23:02:33.366 +05:30 [INF] Executed endpoint 'AuthNet.Controllers.ProductsController.GetAll (AuthNet)'
2025-07-19 23:02:33.366 +05:30 [INF] Request finished HTTP/1.1 GET https://localhost:7165/api/Products - 200 null application/json; charset=utf-8 14.5601ms
2025-07-19 23:02:36.921 +05:30 [INF] Request starting HTTP/1.1 GET https://localhost:7165/api/Products - null null
2025-07-19 23:02:36.922 +05:30 [INF] Executing endpoint 'AuthNet.Controllers.ProductsController.GetAll (AuthNet)'
2025-07-19 23:02:36.922 +05:30 [INF] Route matched with {action = "GetAll", controller = "Products"}. Executing controller action with signature System.Threading.Tasks.Task`1[Microsoft.AspNetCore.Mvc.IActionResult] GetAll() on controller AuthNet.Controllers.ProductsController (AuthNet).
2025-07-19 23:02:36.928 +05:30 [INF] Executed DbCommand (4ms) [Parameters=[], CommandType='"Text"', CommandTimeout='30']
SELECT [p].[ProductId], [p].[CategoryId], [p].[CostPrice], [p].[Description], [p].[Name], [p].[ProductCode], [p].[ProductKey], [p].[SellPrice], [p].[SupplierId]
FROM [Products] AS [p]
2025-07-19 23:02:36.928 +05:30 [INF] Executing OkObjectResult, writing value of type 'System.Collections.Generic.List`1[[AuthNet.Models.Domain.Product, AuthNet, Version=1.0.0.0, Culture=neutral, PublicKeyToken=null]]'.
2025-07-19 23:02:36.928 +05:30 [INF] Executed action AuthNet.Controllers.ProductsController.GetAll (AuthNet) in 5.838ms
2025-07-19 23:02:36.928 +05:30 [INF] Executed endpoint 'AuthNet.Controllers.ProductsController.GetAll (AuthNet)'
2025-07-19 23:02:36.928 +05:30 [INF] Request finished HTTP/1.1 GET https://localhost:7165/api/Products - 200 null application/json; charset=utf-8 7.7015ms
2025-07-19 23:02:36.942 +05:30 [INF] Request starting HTTP/1.1 GET https://localhost:7165/api/Inventory - null null
2025-07-19 23:02:36.943 +05:30 [INF] Executing endpoint 'AuthNet.Controllers.InventoryController.GetAll (AuthNet)'
2025-07-19 23:02:36.943 +05:30 [INF] Route matched with {action = "GetAll", controller = "Inventory"}. Executing controller action with signature System.Threading.Tasks.Task`1[Microsoft.AspNetCore.Mvc.IActionResult] GetAll() on controller AuthNet.Controllers.InventoryController (AuthNet).
2025-07-19 23:02:36.947 +05:30 [INF] Executed DbCommand (3ms) [Parameters=[], CommandType='"Text"', CommandTimeout='30']
SELECT [i].[InventoryId], [i].[LastUpdated], [i].[ProductId], [i].[QuantityInStock], [i].[ReorderLevel]
FROM [Inventories] AS [i]
2025-07-19 23:02:36.947 +05:30 [INF] Executing OkObjectResult, writing value of type 'System.Collections.Generic.List`1[[AuthNet.Models.Domain.Inventory, AuthNet, Version=1.0.0.0, Culture=neutral, PublicKeyToken=null]]'.
2025-07-19 23:02:36.948 +05:30 [INF] Executed action AuthNet.Controllers.InventoryController.GetAll (AuthNet) in 4.7824ms
2025-07-19 23:02:36.948 +05:30 [INF] Executed endpoint 'AuthNet.Controllers.InventoryController.GetAll (AuthNet)'
2025-07-19 23:02:36.948 +05:30 [INF] Request finished HTTP/1.1 GET https://localhost:7165/api/Inventory - 200 null application/json; charset=utf-8 5.4069ms
2025-07-19 23:02:42.209 +05:30 [INF] Request starting HTTP/1.1 GET https://localhost:7165/api/Inventory - null null
2025-07-19 23:02:42.210 +05:30 [INF] Executing endpoint 'AuthNet.Controllers.InventoryController.GetAll (AuthNet)'
2025-07-19 23:02:42.210 +05:30 [INF] Route matched with {action = "GetAll", controller = "Inventory"}. Executing controller action with signature System.Threading.Tasks.Task`1[Microsoft.AspNetCore.Mvc.IActionResult] GetAll() on controller AuthNet.Controllers.InventoryController (AuthNet).
2025-07-19 23:02:42.217 +05:30 [INF] Executed DbCommand (4ms) [Parameters=[], CommandType='"Text"', CommandTimeout='30']
SELECT [i].[InventoryId], [i].[LastUpdated], [i].[ProductId], [i].[QuantityInStock], [i].[ReorderLevel]
FROM [Inventories] AS [i]
2025-07-19 23:02:42.217 +05:30 [INF] Executing OkObjectResult, writing value of type 'System.Collections.Generic.List`1[[AuthNet.Models.Domain.Inventory, AuthNet, Version=1.0.0.0, Culture=neutral, PublicKeyToken=null]]'.
2025-07-19 23:02:42.217 +05:30 [INF] Executed action AuthNet.Controllers.InventoryController.GetAll (AuthNet) in 6.8804ms
2025-07-19 23:02:42.217 +05:30 [INF] Executed endpoint 'AuthNet.Controllers.InventoryController.GetAll (AuthNet)'
2025-07-19 23:02:42.217 +05:30 [INF] Request finished HTTP/1.1 GET https://localhost:7165/api/Inventory - 200 null application/json; charset=utf-8 7.8841ms
2025-07-19 23:02:42.235 +05:30 [INF] Request starting HTTP/1.1 GET https://localhost:7165/api/Products - null null
2025-07-19 23:02:42.236 +05:30 [INF] Executing endpoint 'AuthNet.Controllers.ProductsController.GetAll (AuthNet)'
2025-07-19 23:02:42.236 +05:30 [INF] Route matched with {action = "GetAll", controller = "Products"}. Executing controller action with signature System.Threading.Tasks.Task`1[Microsoft.AspNetCore.Mvc.IActionResult] GetAll() on controller AuthNet.Controllers.ProductsController (AuthNet).
2025-07-19 23:02:42.243 +05:30 [INF] Executed DbCommand (4ms) [Parameters=[], CommandType='"Text"', CommandTimeout='30']
SELECT [p].[ProductId], [p].[CategoryId], [p].[CostPrice], [p].[Description], [p].[Name], [p].[ProductCode], [p].[ProductKey], [p].[SellPrice], [p].[SupplierId]
FROM [Products] AS [p]
2025-07-19 23:02:42.244 +05:30 [INF] Executing OkObjectResult, writing value of type 'System.Collections.Generic.List`1[[AuthNet.Models.Domain.Product, AuthNet, Version=1.0.0.0, Culture=neutral, PublicKeyToken=null]]'.
2025-07-19 23:02:42.244 +05:30 [INF] Executed action AuthNet.Controllers.ProductsController.GetAll (AuthNet) in 7.9262ms
2025-07-19 23:02:42.244 +05:30 [INF] Executed endpoint 'AuthNet.Controllers.ProductsController.GetAll (AuthNet)'
2025-07-19 23:02:42.244 +05:30 [INF] Request finished HTTP/1.1 GET https://localhost:7165/api/Products - 200 null application/json; charset=utf-8 8.7868ms
2025-07-19 23:03:31.609 +05:30 [INF] Request starting HTTP/1.1 GET https://localhost:7165/api/Products - null null
2025-07-19 23:03:31.609 +05:30 [INF] Executing endpoint 'AuthNet.Controllers.ProductsController.GetAll (AuthNet)'
2025-07-19 23:03:31.609 +05:30 [INF] Route matched with {action = "GetAll", controller = "Products"}. Executing controller action with signature System.Threading.Tasks.Task`1[Microsoft.AspNetCore.Mvc.IActionResult] GetAll() on controller AuthNet.Controllers.ProductsController (AuthNet).
2025-07-19 23:03:31.622 +05:30 [INF] Executed DbCommand (12ms) [Parameters=[], CommandType='"Text"', CommandTimeout='30']
SELECT [p].[ProductId], [p].[CategoryId], [p].[CostPrice], [p].[Description], [p].[Name], [p].[ProductCode], [p].[ProductKey], [p].[SellPrice], [p].[SupplierId]
FROM [Products] AS [p]
2025-07-19 23:03:31.622 +05:30 [INF] Executing OkObjectResult, writing value of type 'System.Collections.Generic.List`1[[AuthNet.Models.Domain.Product, AuthNet, Version=1.0.0.0, Culture=neutral, PublicKeyToken=null]]'.
2025-07-19 23:03:31.623 +05:30 [INF] Executed action AuthNet.Controllers.ProductsController.GetAll (AuthNet) in 13.5726ms
2025-07-19 23:03:31.623 +05:30 [INF] Executed endpoint 'AuthNet.Controllers.ProductsController.GetAll (AuthNet)'
2025-07-19 23:03:31.623 +05:30 [INF] Request finished HTTP/1.1 GET https://localhost:7165/api/Products - 200 null application/json; charset=utf-8 14.6392ms
2025-07-19 23:03:42.383 +05:30 [INF] Request starting HTTP/1.1 GET https://localhost:7165/api/Sales/DailyProfit - null null
2025-07-19 23:03:42.385 +05:30 [INF] Executing endpoint 'AuthNet.Controllers.SalesController.GetDailyProfit (AuthNet)'
2025-07-19 23:03:42.385 +05:30 [INF] Route matched with {action = "GetDailyProfit", controller = "Sales"}. Executing controller action with signature System.Threading.Tasks.Task`1[Microsoft.AspNetCore.Mvc.IActionResult] GetDailyProfit() on controller AuthNet.Controllers.SalesController (AuthNet).
2025-07-19 23:03:42.406 +05:30 [INF] Executed DbCommand (18ms) [Parameters=[@__date_Date_0='?' (DbType = DateTime2)], CommandType='"Text"', CommandTimeout='30']
SELECT [s].[Id], [s].[ProductId], [s].[ProductName], [s].[Quantity], [s].[SaleId], [s].[TotalPrice], [s].[UnitPrice], [s0].[Id], [s0].[AfterTaxAmount], [s0].[CreatedAt], [s0].[DiscountedAmount], [s0].[InvoiceDate], [s0].[InvoiceNo], [s0].[PrincipalAmount], [s0].[Template], [s0].[TotalAmount]
FROM [SaleItems] AS [s]
INNER JOIN [Sales] AS [s0] ON [s].[SaleId] = [s0].[Id]
WHERE CONVERT(date, [s0].[InvoiceDate]) = @__date_Date_0
2025-07-19 23:03:42.412 +05:30 [INF] Executed DbCommand (5ms) [Parameters=[@__productIds_0='?' (Size = 4000)], CommandType='"Text"', CommandTimeout='30']
SELECT [p].[ProductId], [p].[CategoryId], [p].[CostPrice], [p].[Description], [p].[Name], [p].[ProductCode], [p].[ProductKey], [p].[SellPrice], [p].[SupplierId]
FROM [Products] AS [p]
WHERE [p].[ProductId] IN (
    SELECT [p0].[value]
    FROM OPENJSON(@__productIds_0) WITH ([value] int '$') AS [p0]
)
2025-07-19 23:03:42.412 +05:30 [INF] Executing OkObjectResult, writing value of type 'AuthNet.Models.DTO.DailyProfitDto'.
2025-07-19 23:03:42.412 +05:30 [INF] Executed action AuthNet.Controllers.SalesController.GetDailyProfit (AuthNet) in 26.8067ms
2025-07-19 23:03:42.412 +05:30 [INF] Executed endpoint 'AuthNet.Controllers.SalesController.GetDailyProfit (AuthNet)'
2025-07-19 23:03:42.413 +05:30 [INF] Request finished HTTP/1.1 GET https://localhost:7165/api/Sales/DailyProfit - 200 null application/json; charset=utf-8 29.9222ms
2025-07-19 23:03:42.428 +05:30 [INF] Request starting HTTP/1.1 GET https://localhost:7165/api/Sales/CurrentMonthProfit - null null
2025-07-19 23:03:42.428 +05:30 [INF] Executing endpoint 'AuthNet.Controllers.SalesController.GetCurrentMonthProfit (AuthNet)'
2025-07-19 23:03:42.428 +05:30 [INF] Route matched with {action = "GetCurrentMonthProfit", controller = "Sales"}. Executing controller action with signature System.Threading.Tasks.Task`1[Microsoft.AspNetCore.Mvc.IActionResult] GetCurrentMonthProfit() on controller AuthNet.Controllers.SalesController (AuthNet).
2025-07-19 23:03:42.436 +05:30 [INF] Executed DbCommand (8ms) [Parameters=[@__currentYear_0='?' (DbType = Int32), @__currentMonth_1='?' (DbType = Int32)], CommandType='"Text"', CommandTimeout='30']
SELECT [s].[Id], [s].[ProductId], [s].[ProductName], [s].[Quantity], [s].[SaleId], [s].[TotalPrice], [s].[UnitPrice], [s0].[Id], [s0].[AfterTaxAmount], [s0].[CreatedAt], [s0].[DiscountedAmount], [s0].[InvoiceDate], [s0].[InvoiceNo], [s0].[PrincipalAmount], [s0].[Template], [s0].[TotalAmount]
FROM [SaleItems] AS [s]
INNER JOIN [Sales] AS [s0] ON [s].[SaleId] = [s0].[Id]
WHERE DATEPART(year, [s0].[InvoiceDate]) = @__currentYear_0 AND DATEPART(month, [s0].[InvoiceDate]) = @__currentMonth_1
2025-07-19 23:03:42.438 +05:30 [INF] Executed DbCommand (1ms) [Parameters=[@__productIds_0='?' (Size = 4000)], CommandType='"Text"', CommandTimeout='30']
SELECT [p].[ProductId], [p].[CategoryId], [p].[CostPrice], [p].[Description], [p].[Name], [p].[ProductCode], [p].[ProductKey], [p].[SellPrice], [p].[SupplierId]
FROM [Products] AS [p]
WHERE [p].[ProductId] IN (
    SELECT [p0].[value]
    FROM OPENJSON(@__productIds_0) WITH ([value] int '$') AS [p0]
)
2025-07-19 23:03:42.438 +05:30 [INF] Executing OkObjectResult, writing value of type 'AuthNet.Models.DTO.MonthlyProfitDto'.
2025-07-19 23:03:42.438 +05:30 [INF] Executed action AuthNet.Controllers.SalesController.GetCurrentMonthProfit (AuthNet) in 10.4529ms
2025-07-19 23:03:42.438 +05:30 [INF] Executed endpoint 'AuthNet.Controllers.SalesController.GetCurrentMonthProfit (AuthNet)'
2025-07-19 23:03:42.439 +05:30 [INF] Request finished HTTP/1.1 GET https://localhost:7165/api/Sales/CurrentMonthProfit - 200 null application/json; charset=utf-8 11.2084ms
2025-07-19 23:03:42.452 +05:30 [INF] Request starting HTTP/1.1 GET https://localhost:7165/api/Sales/CurrentYearProfit - null null
2025-07-19 23:03:42.453 +05:30 [INF] Executing endpoint 'AuthNet.Controllers.SalesController.GetCurrentYearProfit (AuthNet)'
2025-07-19 23:03:42.453 +05:30 [INF] Route matched with {action = "GetCurrentYearProfit", controller = "Sales"}. Executing controller action with signature System.Threading.Tasks.Task`1[Microsoft.AspNetCore.Mvc.IActionResult] GetCurrentYearProfit() on controller AuthNet.Controllers.SalesController (AuthNet).
2025-07-19 23:03:42.459 +05:30 [INF] Executed DbCommand (5ms) [Parameters=[@__currentYear_0='?' (DbType = Int32)], CommandType='"Text"', CommandTimeout='30']
SELECT [s].[Id], [s].[ProductId], [s].[ProductName], [s].[Quantity], [s].[SaleId], [s].[TotalPrice], [s].[UnitPrice], [s0].[Id], [s0].[AfterTaxAmount], [s0].[CreatedAt], [s0].[DiscountedAmount], [s0].[InvoiceDate], [s0].[InvoiceNo], [s0].[PrincipalAmount], [s0].[Template], [s0].[TotalAmount]
FROM [SaleItems] AS [s]
INNER JOIN [Sales] AS [s0] ON [s].[SaleId] = [s0].[Id]
WHERE DATEPART(year, [s0].[InvoiceDate]) = @__currentYear_0
2025-07-19 23:03:42.460 +05:30 [INF] Executed DbCommand (1ms) [Parameters=[@__productIds_0='?' (Size = 4000)], CommandType='"Text"', CommandTimeout='30']
SELECT [p].[ProductId], [p].[CategoryId], [p].[CostPrice], [p].[Description], [p].[Name], [p].[ProductCode], [p].[ProductKey], [p].[SellPrice], [p].[SupplierId]
FROM [Products] AS [p]
WHERE [p].[ProductId] IN (
    SELECT [p0].[value]
    FROM OPENJSON(@__productIds_0) WITH ([value] int '$') AS [p0]
)
2025-07-19 23:03:42.460 +05:30 [INF] Executing OkObjectResult, writing value of type 'AuthNet.Models.DTO.YearlyProfitDto'.
2025-07-19 23:03:42.461 +05:30 [INF] Executed action AuthNet.Controllers.SalesController.GetCurrentYearProfit (AuthNet) in 7.8764ms
2025-07-19 23:03:42.461 +05:30 [INF] Executed endpoint 'AuthNet.Controllers.SalesController.GetCurrentYearProfit (AuthNet)'
2025-07-19 23:03:42.461 +05:30 [INF] Request finished HTTP/1.1 GET https://localhost:7165/api/Sales/CurrentYearProfit - 200 null application/json; charset=utf-8 8.9174ms
2025-07-19 23:03:42.475 +05:30 [INF] Request starting HTTP/1.1 GET https://localhost:7165/api/Tasks - null null
2025-07-19 23:03:42.476 +05:30 [INF] Executing endpoint 'AuthNet.Controllers.TasksController.GetTasks (AuthNet)'
2025-07-19 23:03:42.476 +05:30 [INF] Route matched with {action = "GetTasks", controller = "Tasks"}. Executing controller action with signature Microsoft.AspNetCore.Mvc.IActionResult GetTasks() on controller AuthNet.Controllers.TasksController (AuthNet).
2025-07-19 23:03:42.480 +05:30 [INF] Executed DbCommand (3ms) [Parameters=[], CommandType='"Text"', CommandTimeout='30']
SELECT [t].[Id], [t].[Title], [t].[DueDate]
FROM [Tasks] AS [t]
2025-07-19 23:03:42.480 +05:30 [INF] Executing OkObjectResult, writing value of type 'System.Collections.Generic.List`1[[AuthNet.Models.DTO.TaskItemDto, AuthNet, Version=1.0.0.0, Culture=neutral, PublicKeyToken=null]]'.
2025-07-19 23:03:42.480 +05:30 [INF] Executed action AuthNet.Controllers.TasksController.GetTasks (AuthNet) in 4.6188ms
2025-07-19 23:03:42.480 +05:30 [INF] Executed endpoint 'AuthNet.Controllers.TasksController.GetTasks (AuthNet)'
2025-07-19 23:03:42.481 +05:30 [INF] Request finished HTTP/1.1 GET https://localhost:7165/api/Tasks - 200 null application/json; charset=utf-8 5.3269ms
2025-07-19 23:03:42.495 +05:30 [INF] Request starting HTTP/1.1 GET https://localhost:7165/api/Settings/Get - null null
2025-07-19 23:03:42.495 +05:30 [INF] Executing endpoint 'AuthNet.Controllers.SettingsController.GetCompanyInfo (AuthNet)'
2025-07-19 23:03:42.495 +05:30 [INF] Route matched with {action = "GetCompanyInfo", controller = "Settings"}. Executing controller action with signature System.Threading.Tasks.Task`1[Microsoft.AspNetCore.Mvc.IActionResult] GetCompanyInfo() on controller AuthNet.Controllers.SettingsController (AuthNet).
2025-07-19 23:03:42.505 +05:30 [INF] Executed DbCommand (9ms) [Parameters=[], CommandType='"Text"', CommandTimeout='30']
SELECT TOP(1) [c].[Id], [c].[Address], [c].[ContactNumber], [c].[Email], [c].[GSTIN], [c].[LogoFileExtension], [c].[LogoFilePath], [c].[LogoFileSizeInBytes], [c].[LogoName], [c].[Name], [c].[SignFileExtension], [c].[SignFilePath], [c].[SignFileSizeInBytes], [c].[SignName]
FROM [CompanyInfos] AS [c]
2025-07-19 23:03:42.506 +05:30 [INF] Executing OkObjectResult, writing value of type 'AuthNet.Models.DTO.CompanyInfoResponseDto'.
2025-07-19 23:03:42.506 +05:30 [INF] Executed action AuthNet.Controllers.SettingsController.GetCompanyInfo (AuthNet) in 10.3576ms
2025-07-19 23:03:42.506 +05:30 [INF] Executed endpoint 'AuthNet.Controllers.SettingsController.GetCompanyInfo (AuthNet)'
2025-07-19 23:03:42.506 +05:30 [INF] Request finished HTTP/1.1 GET https://localhost:7165/api/Settings/Get - 200 null application/json; charset=utf-8 10.9103ms
2025-07-19 23:03:42.609 +05:30 [INF] Request starting HTTP/2 GET https://localhost:7165/api/Sales/WeeklyProfit - null null
2025-07-19 23:03:42.609 +05:30 [INF] CORS policy execution successful.
2025-07-19 23:03:42.609 +05:30 [INF] Executing endpoint 'AuthNet.Controllers.SalesController.GetWeeklyProfit (AuthNet)'
2025-07-19 23:03:42.609 +05:30 [INF] Route matched with {action = "GetWeeklyProfit", controller = "Sales"}. Executing controller action with signature System.Threading.Tasks.Task`1[Microsoft.AspNetCore.Mvc.IActionResult] GetWeeklyProfit() on controller AuthNet.Controllers.SalesController (AuthNet).
2025-07-19 23:03:42.610 +05:30 [INF] Request starting HTTP/2 GET https://localhost:7165/api/Products/CategoryWiseProductCount - null null
2025-07-19 23:03:42.610 +05:30 [INF] CORS policy execution successful.
2025-07-19 23:03:42.611 +05:30 [INF] Executing endpoint 'AuthNet.Controllers.ProductsController.GetCategoryWiseProductCount (AuthNet)'
2025-07-19 23:03:42.611 +05:30 [INF] Route matched with {action = "GetCategoryWiseProductCount", controller = "Products"}. Executing controller action with signature System.Threading.Tasks.Task`1[Microsoft.AspNetCore.Mvc.IActionResult] GetCategoryWiseProductCount() on controller AuthNet.Controllers.ProductsController (AuthNet).
2025-07-19 23:03:42.631 +05:30 [INF] Executed DbCommand (20ms) [Parameters=[@__startDate_0='?' (DbType = DateTime2), @__endDate_1='?' (DbType = DateTime2)], CommandType='"Text"', CommandTimeout='30']
SELECT [s].[Id], [s].[ProductId], [s].[ProductName], [s].[Quantity], [s].[SaleId], [s].[TotalPrice], [s].[UnitPrice], [s0].[Id], [s0].[AfterTaxAmount], [s0].[CreatedAt], [s0].[DiscountedAmount], [s0].[InvoiceDate], [s0].[InvoiceNo], [s0].[PrincipalAmount], [s0].[Template], [s0].[TotalAmount]
FROM [SaleItems] AS [s]
INNER JOIN [Sales] AS [s0] ON [s].[SaleId] = [s0].[Id]
WHERE CONVERT(date, [s0].[InvoiceDate]) >= @__startDate_0 AND CONVERT(date, [s0].[InvoiceDate]) <= @__endDate_1
2025-07-19 23:03:42.638 +05:30 [INF] Executed DbCommand (6ms) [Parameters=[@__productIds_0='?' (Size = 4000)], CommandType='"Text"', CommandTimeout='30']
SELECT [p].[ProductId], [p].[CategoryId], [p].[CostPrice], [p].[Description], [p].[Name], [p].[ProductCode], [p].[ProductKey], [p].[SellPrice], [p].[SupplierId]
FROM [Products] AS [p]
WHERE [p].[ProductId] IN (
    SELECT [p0].[value]
    FROM OPENJSON(@__productIds_0) WITH ([value] int '$') AS [p0]
)
2025-07-19 23:03:42.640 +05:30 [INF] Executing OkObjectResult, writing value of type 'System.Collections.Generic.List`1[[AuthNet.Models.DTO.DailyProfitDto, AuthNet, Version=1.0.0.0, Culture=neutral, PublicKeyToken=null]]'.
2025-07-19 23:03:42.640 +05:30 [INF] Executed action AuthNet.Controllers.SalesController.GetWeeklyProfit (AuthNet) in 30.4819ms
2025-07-19 23:03:42.640 +05:30 [INF] Executed endpoint 'AuthNet.Controllers.SalesController.GetWeeklyProfit (AuthNet)'
2025-07-19 23:03:42.640 +05:30 [INF] Request finished HTTP/2 GET https://localhost:7165/api/Sales/WeeklyProfit - 200 null application/json; charset=utf-8 31.2626ms
2025-07-19 23:03:42.640 +05:30 [INF] Executed DbCommand (24ms) [Parameters=[], CommandType='"Text"', CommandTimeout='30']
SELECT [c].[Name] AS [CategoryName], COUNT(*) AS [ProductCount]
FROM [Products] AS [p]
LEFT JOIN [Categories] AS [c] ON [p].[CategoryId] = [c].[CategoryId]
WHERE [c].[CategoryId] IS NOT NULL
GROUP BY [c].[Name]
2025-07-19 23:03:42.641 +05:30 [INF] Executing OkObjectResult, writing value of type 'System.Collections.Generic.List`1[[AuthNet.Models.DTO.CategoryProductCountDto, AuthNet, Version=1.0.0.0, Culture=neutral, PublicKeyToken=null]]'.
2025-07-19 23:03:42.641 +05:30 [INF] Executed action AuthNet.Controllers.ProductsController.GetCategoryWiseProductCount (AuthNet) in 30.3777ms
2025-07-19 23:03:42.641 +05:30 [INF] Executed endpoint 'AuthNet.Controllers.ProductsController.GetCategoryWiseProductCount (AuthNet)'
2025-07-19 23:03:42.642 +05:30 [INF] Request finished HTTP/2 GET https://localhost:7165/api/Products/CategoryWiseProductCount - 200 null application/json; charset=utf-8 32.0038ms
