2025-08-10 10:35:02.582 +05:30 [INF] User profile is available. Using 'C:\Users\Admin\AppData\Local\ASP.NET\DataProtection-Keys' as key repository and Windows DPAPI to encrypt keys at rest.
2025-08-10 10:35:04.373 +05:30 [INF] Now listening on: https://localhost:7165
2025-08-10 10:35:04.375 +05:30 [INF] Now listening on: http://localhost:5008
2025-08-10 10:35:05.072 +05:30 [INF] Application started. Press Ctrl+C to shut down.
2025-08-10 10:35:05.072 +05:30 [INF] Hosting environment: Development
2025-08-10 10:35:05.072 +05:30 [INF] Content root path: C:\Users\Admin\Source\Repos\AuthNet\AuthNet
2025-08-10 10:35:05.447 +05:30 [INF] Request starting HTTP/1.1 GET https://localhost:7165/api/Sales/DailyProfit - null null
2025-08-10 10:35:06.253 +05:30 [INF] Executing endpoint 'AuthNet.Controllers.SalesController.GetDailyProfit (AuthNet)'
2025-08-10 10:35:06.306 +05:30 [INF] Route matched with {action = "GetDailyProfit", controller = "Sales"}. Executing controller action with signature System.Threading.Tasks.Task`1[Microsoft.AspNetCore.Mvc.IActionResult] GetDailyProfit() on controller AuthNet.Controllers.SalesController (AuthNet).
2025-08-10 10:35:08.387 +05:30 [INF] Request starting HTTP/2 GET https://localhost:7165/swagger/index.html - null null
2025-08-10 10:35:08.858 +05:30 [INF] Request finished HTTP/2 GET https://localhost:7165/swagger/index.html - 200 null text/html;charset=utf-8 468.9428ms
2025-08-10 10:35:08.905 +05:30 [INF] Request starting HTTP/2 GET https://localhost:7165/_vs/browserLink - null null
2025-08-10 10:35:08.906 +05:30 [INF] Request starting HTTP/2 GET https://localhost:7165/_framework/aspnetcore-browser-refresh.js - null null
2025-08-10 10:35:08.919 +05:30 [INF] Request finished HTTP/2 GET https://localhost:7165/_framework/aspnetcore-browser-refresh.js - 200 16499 application/javascript; charset=utf-8 13.0764ms
2025-08-10 10:35:09.282 +05:30 [INF] Request finished HTTP/2 GET https://localhost:7165/_vs/browserLink - 200 null text/javascript; charset=UTF-8 378.0718ms
2025-08-10 10:35:09.538 +05:30 [INF] Request starting HTTP/2 GET https://localhost:7165/swagger/v1/swagger.json - null null
2025-08-10 10:35:09.664 +05:30 [INF] Request finished HTTP/2 GET https://localhost:7165/swagger/v1/swagger.json - 200 null application/json;charset=utf-8 126.3396ms
2025-08-10 10:35:10.677 +05:30 [WRN] No store type was specified for the decimal property 'TotalAmount' on entity type 'Order'. This will cause values to be silently truncated if they do not fit in the default precision and scale. Explicitly specify the SQL server column type that can accommodate all the values in 'OnModelCreating' using 'HasColumnType', specify precision and scale using 'HasPrecision', or configure a value converter using 'HasConversion'.
2025-08-10 10:35:10.678 +05:30 [WRN] No store type was specified for the decimal property 'UnitPrice' on entity type 'OrderItem'. This will cause values to be silently truncated if they do not fit in the default precision and scale. Explicitly specify the SQL server column type that can accommodate all the values in 'OnModelCreating' using 'HasColumnType', specify precision and scale using 'HasPrecision', or configure a value converter using 'HasConversion'.
2025-08-10 10:35:10.678 +05:30 [WRN] No store type was specified for the decimal property 'CostPrice' on entity type 'Product'. This will cause values to be silently truncated if they do not fit in the default precision and scale. Explicitly specify the SQL server column type that can accommodate all the values in 'OnModelCreating' using 'HasColumnType', specify precision and scale using 'HasPrecision', or configure a value converter using 'HasConversion'.
2025-08-10 10:35:10.678 +05:30 [WRN] No store type was specified for the decimal property 'SellPrice' on entity type 'Product'. This will cause values to be silently truncated if they do not fit in the default precision and scale. Explicitly specify the SQL server column type that can accommodate all the values in 'OnModelCreating' using 'HasColumnType', specify precision and scale using 'HasPrecision', or configure a value converter using 'HasConversion'.
2025-08-10 10:35:10.679 +05:30 [WRN] No store type was specified for the decimal property 'TotalAmount' on entity type 'PurchaseOrder'. This will cause values to be silently truncated if they do not fit in the default precision and scale. Explicitly specify the SQL server column type that can accommodate all the values in 'OnModelCreating' using 'HasColumnType', specify precision and scale using 'HasPrecision', or configure a value converter using 'HasConversion'.
2025-08-10 10:35:10.679 +05:30 [WRN] No store type was specified for the decimal property 'UnitPrice' on entity type 'PurchaseOrderItems'. This will cause values to be silently truncated if they do not fit in the default precision and scale. Explicitly specify the SQL server column type that can accommodate all the values in 'OnModelCreating' using 'HasColumnType', specify precision and scale using 'HasPrecision', or configure a value converter using 'HasConversion'.
2025-08-10 10:35:10.679 +05:30 [WRN] No store type was specified for the decimal property 'AfterTaxAmount' on entity type 'Sale'. This will cause values to be silently truncated if they do not fit in the default precision and scale. Explicitly specify the SQL server column type that can accommodate all the values in 'OnModelCreating' using 'HasColumnType', specify precision and scale using 'HasPrecision', or configure a value converter using 'HasConversion'.
2025-08-10 10:35:10.679 +05:30 [WRN] No store type was specified for the decimal property 'DiscountedAmount' on entity type 'Sale'. This will cause values to be silently truncated if they do not fit in the default precision and scale. Explicitly specify the SQL server column type that can accommodate all the values in 'OnModelCreating' using 'HasColumnType', specify precision and scale using 'HasPrecision', or configure a value converter using 'HasConversion'.
2025-08-10 10:35:10.679 +05:30 [WRN] No store type was specified for the decimal property 'PrincipalAmount' on entity type 'Sale'. This will cause values to be silently truncated if they do not fit in the default precision and scale. Explicitly specify the SQL server column type that can accommodate all the values in 'OnModelCreating' using 'HasColumnType', specify precision and scale using 'HasPrecision', or configure a value converter using 'HasConversion'.
2025-08-10 10:35:10.679 +05:30 [WRN] No store type was specified for the decimal property 'TotalAmount' on entity type 'Sale'. This will cause values to be silently truncated if they do not fit in the default precision and scale. Explicitly specify the SQL server column type that can accommodate all the values in 'OnModelCreating' using 'HasColumnType', specify precision and scale using 'HasPrecision', or configure a value converter using 'HasConversion'.
2025-08-10 10:35:10.679 +05:30 [WRN] No store type was specified for the decimal property 'TotalPrice' on entity type 'SaleItem'. This will cause values to be silently truncated if they do not fit in the default precision and scale. Explicitly specify the SQL server column type that can accommodate all the values in 'OnModelCreating' using 'HasColumnType', specify precision and scale using 'HasPrecision', or configure a value converter using 'HasConversion'.
2025-08-10 10:35:10.679 +05:30 [WRN] No store type was specified for the decimal property 'UnitPrice' on entity type 'SaleItem'. This will cause values to be silently truncated if they do not fit in the default precision and scale. Explicitly specify the SQL server column type that can accommodate all the values in 'OnModelCreating' using 'HasColumnType', specify precision and scale using 'HasPrecision', or configure a value converter using 'HasConversion'.
2025-08-10 10:35:10.679 +05:30 [WRN] No store type was specified for the decimal property 'CGST' on entity type 'TaxSetting'. This will cause values to be silently truncated if they do not fit in the default precision and scale. Explicitly specify the SQL server column type that can accommodate all the values in 'OnModelCreating' using 'HasColumnType', specify precision and scale using 'HasPrecision', or configure a value converter using 'HasConversion'.
2025-08-10 10:35:10.679 +05:30 [WRN] No store type was specified for the decimal property 'IGST' on entity type 'TaxSetting'. This will cause values to be silently truncated if they do not fit in the default precision and scale. Explicitly specify the SQL server column type that can accommodate all the values in 'OnModelCreating' using 'HasColumnType', specify precision and scale using 'HasPrecision', or configure a value converter using 'HasConversion'.
2025-08-10 10:35:10.679 +05:30 [WRN] No store type was specified for the decimal property 'SGST' on entity type 'TaxSetting'. This will cause values to be silently truncated if they do not fit in the default precision and scale. Explicitly specify the SQL server column type that can accommodate all the values in 'OnModelCreating' using 'HasColumnType', specify precision and scale using 'HasPrecision', or configure a value converter using 'HasConversion'.
2025-08-10 10:35:13.637 +05:30 [INF] Executed DbCommand (238ms) [Parameters=[@__date_Date_0='?' (DbType = DateTime2)], CommandType='"Text"', CommandTimeout='30']
SELECT [s].[Id], [s].[ProductId], [s].[ProductName], [s].[Quantity], [s].[SaleId], [s].[TotalPrice], [s].[UnitPrice], [s0].[Id], [s0].[AfterTaxAmount], [s0].[CreatedAt], [s0].[DiscountedAmount], [s0].[InvoiceDate], [s0].[InvoiceNo], [s0].[PrincipalAmount], [s0].[Template], [s0].[TotalAmount]
FROM [SaleItems] AS [s]
INNER JOIN [Sales] AS [s0] ON [s].[SaleId] = [s0].[Id]
WHERE CONVERT(date, [s0].[InvoiceDate]) = @__date_Date_0
2025-08-10 10:35:13.836 +05:30 [INF] Executed DbCommand (23ms) [Parameters=[@__productIds_0='?' (Size = 4000)], CommandType='"Text"', CommandTimeout='30']
SELECT [p].[ProductId], [p].[CategoryId], [p].[CostPrice], [p].[Description], [p].[Name], [p].[ProductCode], [p].[ProductKey], [p].[SellPrice], [p].[SupplierId]
FROM [Products] AS [p]
WHERE [p].[ProductId] IN (
    SELECT [p0].[value]
    FROM OPENJSON(@__productIds_0) WITH ([value] int '$') AS [p0]
)
2025-08-10 10:35:13.849 +05:30 [INF] Executing OkObjectResult, writing value of type 'AuthNet.Models.DTO.DailyProfitDto'.
2025-08-10 10:35:13.895 +05:30 [INF] Executed action AuthNet.Controllers.SalesController.GetDailyProfit (AuthNet) in 7584.0103ms
2025-08-10 10:35:13.896 +05:30 [INF] Executed endpoint 'AuthNet.Controllers.SalesController.GetDailyProfit (AuthNet)'
2025-08-10 10:35:13.911 +05:30 [INF] Request finished HTTP/1.1 GET https://localhost:7165/api/Sales/DailyProfit - 200 null application/json; charset=utf-8 8482.037ms
2025-08-10 10:35:13.952 +05:30 [INF] Request starting HTTP/1.1 GET https://localhost:7165/api/Sales/CurrentMonthProfit - null null
2025-08-10 10:35:13.969 +05:30 [INF] Executing endpoint 'AuthNet.Controllers.SalesController.GetCurrentMonthProfit (AuthNet)'
2025-08-10 10:35:13.976 +05:30 [INF] Route matched with {action = "GetCurrentMonthProfit", controller = "Sales"}. Executing controller action with signature System.Threading.Tasks.Task`1[Microsoft.AspNetCore.Mvc.IActionResult] GetCurrentMonthProfit() on controller AuthNet.Controllers.SalesController (AuthNet).
2025-08-10 10:35:14.039 +05:30 [INF] Executed DbCommand (13ms) [Parameters=[@__currentYear_0='?' (DbType = Int32), @__currentMonth_1='?' (DbType = Int32)], CommandType='"Text"', CommandTimeout='30']
SELECT [s].[Id], [s].[ProductId], [s].[ProductName], [s].[Quantity], [s].[SaleId], [s].[TotalPrice], [s].[UnitPrice], [s0].[Id], [s0].[AfterTaxAmount], [s0].[CreatedAt], [s0].[DiscountedAmount], [s0].[InvoiceDate], [s0].[InvoiceNo], [s0].[PrincipalAmount], [s0].[Template], [s0].[TotalAmount]
FROM [SaleItems] AS [s]
INNER JOIN [Sales] AS [s0] ON [s].[SaleId] = [s0].[Id]
WHERE DATEPART(year, [s0].[InvoiceDate]) = @__currentYear_0 AND DATEPART(month, [s0].[InvoiceDate]) = @__currentMonth_1
2025-08-10 10:35:14.041 +05:30 [INF] Executing OkObjectResult, writing value of type 'AuthNet.Models.DTO.MonthlyProfitDto'.
2025-08-10 10:35:14.044 +05:30 [INF] Executed action AuthNet.Controllers.SalesController.GetCurrentMonthProfit (AuthNet) in 68.0098ms
2025-08-10 10:35:14.044 +05:30 [INF] Executed endpoint 'AuthNet.Controllers.SalesController.GetCurrentMonthProfit (AuthNet)'
2025-08-10 10:35:14.045 +05:30 [INF] Request finished HTTP/1.1 GET https://localhost:7165/api/Sales/CurrentMonthProfit - 200 null application/json; charset=utf-8 93.0244ms
2025-08-10 10:35:14.078 +05:30 [INF] Request starting HTTP/1.1 GET https://localhost:7165/api/Sales/CurrentYearProfit - null null
2025-08-10 10:35:14.082 +05:30 [INF] Executing endpoint 'AuthNet.Controllers.SalesController.GetCurrentYearProfit (AuthNet)'
2025-08-10 10:35:14.087 +05:30 [INF] Route matched with {action = "GetCurrentYearProfit", controller = "Sales"}. Executing controller action with signature System.Threading.Tasks.Task`1[Microsoft.AspNetCore.Mvc.IActionResult] GetCurrentYearProfit() on controller AuthNet.Controllers.SalesController (AuthNet).
2025-08-10 10:35:14.264 +05:30 [INF] Executed DbCommand (29ms) [Parameters=[@__currentYear_0='?' (DbType = Int32)], CommandType='"Text"', CommandTimeout='30']
SELECT [s].[Id], [s].[ProductId], [s].[ProductName], [s].[Quantity], [s].[SaleId], [s].[TotalPrice], [s].[UnitPrice], [s0].[Id], [s0].[AfterTaxAmount], [s0].[CreatedAt], [s0].[DiscountedAmount], [s0].[InvoiceDate], [s0].[InvoiceNo], [s0].[PrincipalAmount], [s0].[Template], [s0].[TotalAmount]
FROM [SaleItems] AS [s]
INNER JOIN [Sales] AS [s0] ON [s].[SaleId] = [s0].[Id]
WHERE DATEPART(year, [s0].[InvoiceDate]) = @__currentYear_0
2025-08-10 10:35:14.470 +05:30 [INF] Executed DbCommand (13ms) [Parameters=[@__productIds_0='?' (Size = 4000)], CommandType='"Text"', CommandTimeout='30']
SELECT [p].[ProductId], [p].[CategoryId], [p].[CostPrice], [p].[Description], [p].[Name], [p].[ProductCode], [p].[ProductKey], [p].[SellPrice], [p].[SupplierId]
FROM [Products] AS [p]
WHERE [p].[ProductId] IN (
    SELECT [p0].[value]
    FROM OPENJSON(@__productIds_0) WITH ([value] int '$') AS [p0]
)
2025-08-10 10:35:14.540 +05:30 [INF] Executing OkObjectResult, writing value of type 'AuthNet.Models.DTO.YearlyProfitDto'.
2025-08-10 10:35:14.542 +05:30 [INF] Executed action AuthNet.Controllers.SalesController.GetCurrentYearProfit (AuthNet) in 454.0807ms
2025-08-10 10:35:14.542 +05:30 [INF] Executed endpoint 'AuthNet.Controllers.SalesController.GetCurrentYearProfit (AuthNet)'
2025-08-10 10:35:14.542 +05:30 [INF] Request finished HTTP/1.1 GET https://localhost:7165/api/Sales/CurrentYearProfit - 200 null application/json; charset=utf-8 464.0875ms
2025-08-10 10:35:14.579 +05:30 [INF] Request starting HTTP/1.1 GET https://localhost:7165/api/Products/count - null null
2025-08-10 10:35:14.581 +05:30 [INF] Executing endpoint 'AuthNet.Controllers.ProductsController.GetProductCount (AuthNet)'
2025-08-10 10:35:14.587 +05:30 [INF] Route matched with {action = "GetProductCount", controller = "Products"}. Executing controller action with signature System.Threading.Tasks.Task`1[Microsoft.AspNetCore.Mvc.IActionResult] GetProductCount() on controller AuthNet.Controllers.ProductsController (AuthNet).
2025-08-10 10:35:14.648 +05:30 [INF] Executed DbCommand (33ms) [Parameters=[], CommandType='"Text"', CommandTimeout='30']
SELECT COUNT(*)
FROM [Products] AS [p]
2025-08-10 10:35:14.655 +05:30 [INF] Executing OkObjectResult, writing value of type 'System.Int32'.
2025-08-10 10:35:14.660 +05:30 [INF] Executed action AuthNet.Controllers.ProductsController.GetProductCount (AuthNet) in 72.8838ms
2025-08-10 10:35:14.660 +05:30 [INF] Executed endpoint 'AuthNet.Controllers.ProductsController.GetProductCount (AuthNet)'
2025-08-10 10:35:14.660 +05:30 [INF] Request finished HTTP/1.1 GET https://localhost:7165/api/Products/count - 200 null application/json; charset=utf-8 80.9854ms
2025-08-10 10:35:14.681 +05:30 [INF] Request starting HTTP/1.1 GET https://localhost:7165/api/Suppliers/count - null null
2025-08-10 10:35:14.682 +05:30 [INF] Executing endpoint 'AuthNet.Controllers.SuppliersController.GetSupplierCount (AuthNet)'
2025-08-10 10:35:14.687 +05:30 [INF] Route matched with {action = "GetSupplierCount", controller = "Suppliers"}. Executing controller action with signature System.Threading.Tasks.Task`1[Microsoft.AspNetCore.Mvc.IActionResult] GetSupplierCount() on controller AuthNet.Controllers.SuppliersController (AuthNet).
2025-08-10 10:35:14.701 +05:30 [INF] Executed DbCommand (5ms) [Parameters=[], CommandType='"Text"', CommandTimeout='30']
SELECT COUNT(*)
FROM [Suppliers] AS [s]
2025-08-10 10:35:14.702 +05:30 [INF] Executing OkObjectResult, writing value of type 'System.Int32'.
2025-08-10 10:35:14.702 +05:30 [INF] Executed action AuthNet.Controllers.SuppliersController.GetSupplierCount (AuthNet) in 15.3399ms
2025-08-10 10:35:14.702 +05:30 [INF] Executed endpoint 'AuthNet.Controllers.SuppliersController.GetSupplierCount (AuthNet)'
2025-08-10 10:35:14.703 +05:30 [INF] Request finished HTTP/1.1 GET https://localhost:7165/api/Suppliers/count - 200 null application/json; charset=utf-8 21.8463ms
2025-08-10 10:35:14.731 +05:30 [INF] Request starting HTTP/1.1 GET https://localhost:7165/api/Categories/count - null null
2025-08-10 10:35:14.732 +05:30 [INF] Executing endpoint 'AuthNet.Controllers.CategoriesController.GetCategoryCount (AuthNet)'
2025-08-10 10:35:14.738 +05:30 [INF] Route matched with {action = "GetCategoryCount", controller = "Categories"}. Executing controller action with signature System.Threading.Tasks.Task`1[Microsoft.AspNetCore.Mvc.IActionResult] GetCategoryCount() on controller AuthNet.Controllers.CategoriesController (AuthNet).
2025-08-10 10:35:14.752 +05:30 [INF] Executed DbCommand (5ms) [Parameters=[], CommandType='"Text"', CommandTimeout='30']
SELECT COUNT(*)
FROM [Categories] AS [c]
2025-08-10 10:35:14.753 +05:30 [INF] Executing OkObjectResult, writing value of type 'System.Int32'.
2025-08-10 10:35:14.753 +05:30 [INF] Executed action AuthNet.Controllers.CategoriesController.GetCategoryCount (AuthNet) in 15.0893ms
2025-08-10 10:35:14.753 +05:30 [INF] Executed endpoint 'AuthNet.Controllers.CategoriesController.GetCategoryCount (AuthNet)'
2025-08-10 10:35:14.754 +05:30 [INF] Request finished HTTP/1.1 GET https://localhost:7165/api/Categories/count - 200 null application/json; charset=utf-8 22.4164ms
2025-08-10 10:35:14.780 +05:30 [INF] Request starting HTTP/1.1 GET https://localhost:7165/api/Orders/count - null null
2025-08-10 10:35:14.780 +05:30 [INF] Executing endpoint 'AuthNet.Controllers.OrdersController.GetOrderCount (AuthNet)'
2025-08-10 10:35:14.785 +05:30 [INF] Route matched with {action = "GetOrderCount", controller = "Orders"}. Executing controller action with signature System.Threading.Tasks.Task`1[Microsoft.AspNetCore.Mvc.IActionResult] GetOrderCount() on controller AuthNet.Controllers.OrdersController (AuthNet).
2025-08-10 10:35:14.902 +05:30 [INF] Executed DbCommand (109ms) [Parameters=[], CommandType='"Text"', CommandTimeout='30']
SELECT COUNT(*)
FROM [Orders] AS [o]
2025-08-10 10:35:14.903 +05:30 [INF] Executing OkObjectResult, writing value of type 'System.Int32'.
2025-08-10 10:35:14.903 +05:30 [INF] Executed action AuthNet.Controllers.OrdersController.GetOrderCount (AuthNet) in 117.464ms
2025-08-10 10:35:14.903 +05:30 [INF] Executed endpoint 'AuthNet.Controllers.OrdersController.GetOrderCount (AuthNet)'
2025-08-10 10:35:14.903 +05:30 [INF] Request finished HTTP/1.1 GET https://localhost:7165/api/Orders/count - 200 null application/json; charset=utf-8 123.9339ms
2025-08-10 10:35:14.941 +05:30 [INF] Request starting HTTP/1.1 GET https://localhost:7165/api/Customers/count - null null
2025-08-10 10:35:14.942 +05:30 [INF] Executing endpoint 'AuthNet.Controllers.CustomersController.GetCustomerCount (AuthNet)'
2025-08-10 10:35:14.946 +05:30 [INF] Route matched with {action = "GetCustomerCount", controller = "Customers"}. Executing controller action with signature System.Threading.Tasks.Task`1[Microsoft.AspNetCore.Mvc.IActionResult] GetCustomerCount() on controller AuthNet.Controllers.CustomersController (AuthNet).
2025-08-10 10:35:14.959 +05:30 [INF] Executed DbCommand (6ms) [Parameters=[], CommandType='"Text"', CommandTimeout='30']
SELECT COUNT(*)
FROM [Customers] AS [c]
2025-08-10 10:35:14.960 +05:30 [INF] Executing OkObjectResult, writing value of type 'System.Int32'.
2025-08-10 10:35:14.960 +05:30 [INF] Executed action AuthNet.Controllers.CustomersController.GetCustomerCount (AuthNet) in 13.5579ms
2025-08-10 10:35:14.960 +05:30 [INF] Executed endpoint 'AuthNet.Controllers.CustomersController.GetCustomerCount (AuthNet)'
2025-08-10 10:35:14.960 +05:30 [INF] Request finished HTTP/1.1 GET https://localhost:7165/api/Customers/count - 200 null application/json; charset=utf-8 19.8463ms
2025-08-10 10:35:14.977 +05:30 [INF] Request starting HTTP/1.1 GET https://localhost:7165/api/Tasks - null null
2025-08-10 10:35:14.978 +05:30 [INF] Executing endpoint 'AuthNet.Controllers.TasksController.GetTasks (AuthNet)'
2025-08-10 10:35:14.980 +05:30 [INF] Route matched with {action = "GetTasks", controller = "Tasks"}. Executing controller action with signature Microsoft.AspNetCore.Mvc.IActionResult GetTasks() on controller AuthNet.Controllers.TasksController (AuthNet).
2025-08-10 10:35:15.018 +05:30 [INF] Executed DbCommand (10ms) [Parameters=[], CommandType='"Text"', CommandTimeout='30']
SELECT [t].[Id], [t].[Title], [t].[DueDate]
FROM [Tasks] AS [t]
2025-08-10 10:35:15.024 +05:30 [INF] Executing OkObjectResult, writing value of type 'System.Collections.Generic.List`1[[AuthNet.Models.DTO.TaskItemDto, AuthNet, Version=1.0.0.0, Culture=neutral, PublicKeyToken=null]]'.
2025-08-10 10:35:15.032 +05:30 [INF] Executed action AuthNet.Controllers.TasksController.GetTasks (AuthNet) in 51.9738ms
2025-08-10 10:35:15.032 +05:30 [INF] Executed endpoint 'AuthNet.Controllers.TasksController.GetTasks (AuthNet)'
2025-08-10 10:35:15.033 +05:30 [INF] Request finished HTTP/1.1 GET https://localhost:7165/api/Tasks - 200 null application/json; charset=utf-8 55.221ms
2025-08-10 10:35:15.067 +05:30 [INF] Request starting HTTP/1.1 GET https://localhost:7165/api/Settings/Get - null null
2025-08-10 10:35:15.069 +05:30 [INF] Executing endpoint 'AuthNet.Controllers.SettingsController.GetCompanyInfo (AuthNet)'
2025-08-10 10:35:15.077 +05:30 [INF] Route matched with {action = "GetCompanyInfo", controller = "Settings"}. Executing controller action with signature System.Threading.Tasks.Task`1[Microsoft.AspNetCore.Mvc.IActionResult] GetCompanyInfo() on controller AuthNet.Controllers.SettingsController (AuthNet).
2025-08-10 10:35:15.090 +05:30 [WRN] The query uses the 'First'/'FirstOrDefault' operator without 'OrderBy' and filter operators. This may lead to unpredictable results.
2025-08-10 10:35:15.168 +05:30 [INF] Executed DbCommand (68ms) [Parameters=[], CommandType='"Text"', CommandTimeout='30']
SELECT TOP(1) [c].[Id], [c].[Address], [c].[AlternateContactNumber], [c].[ContactNumber], [c].[Email], [c].[GSTIN], [c].[LogoFileExtension], [c].[LogoFilePath], [c].[LogoFileSizeInBytes], [c].[LogoName], [c].[Name], [c].[SignFileExtension], [c].[SignFilePath], [c].[SignFileSizeInBytes], [c].[SignName]
FROM [CompanyInfos] AS [c]
2025-08-10 10:35:15.238 +05:30 [INF] Executing OkObjectResult, writing value of type 'AuthNet.Models.DTO.CompanyInfoResponseDto'.
2025-08-10 10:35:15.246 +05:30 [INF] Executed action AuthNet.Controllers.SettingsController.GetCompanyInfo (AuthNet) in 169.0675ms
2025-08-10 10:35:15.246 +05:30 [INF] Executed endpoint 'AuthNet.Controllers.SettingsController.GetCompanyInfo (AuthNet)'
2025-08-10 10:35:15.247 +05:30 [INF] Request finished HTTP/1.1 GET https://localhost:7165/api/Settings/Get - 200 null application/json; charset=utf-8 179.1253ms
2025-08-10 10:35:20.094 +05:30 [INF] Request starting HTTP/2 GET https://localhost:7165/api/Sales/WeeklyProfit - null null
2025-08-10 10:35:20.095 +05:30 [INF] Request starting HTTP/2 GET https://localhost:7165/api/Products/CategoryWiseProductCount - null null
2025-08-10 10:35:20.098 +05:30 [INF] CORS policy execution successful.
2025-08-10 10:35:20.098 +05:30 [INF] CORS policy execution successful.
2025-08-10 10:35:20.099 +05:30 [INF] Executing endpoint 'AuthNet.Controllers.ProductsController.GetCategoryWiseProductCount (AuthNet)'
2025-08-10 10:35:20.099 +05:30 [INF] Executing endpoint 'AuthNet.Controllers.SalesController.GetWeeklyProfit (AuthNet)'
2025-08-10 10:35:20.108 +05:30 [INF] Route matched with {action = "GetCategoryWiseProductCount", controller = "Products"}. Executing controller action with signature System.Threading.Tasks.Task`1[Microsoft.AspNetCore.Mvc.IActionResult] GetCategoryWiseProductCount() on controller AuthNet.Controllers.ProductsController (AuthNet).
2025-08-10 10:35:20.108 +05:30 [INF] Route matched with {action = "GetWeeklyProfit", controller = "Sales"}. Executing controller action with signature System.Threading.Tasks.Task`1[Microsoft.AspNetCore.Mvc.IActionResult] GetWeeklyProfit() on controller AuthNet.Controllers.SalesController (AuthNet).
2025-08-10 10:35:20.143 +05:30 [INF] Executed DbCommand (11ms) [Parameters=[@__startDate_0='?' (DbType = DateTime2), @__endDate_1='?' (DbType = DateTime2)], CommandType='"Text"', CommandTimeout='30']
SELECT [s].[Id], [s].[ProductId], [s].[ProductName], [s].[Quantity], [s].[SaleId], [s].[TotalPrice], [s].[UnitPrice], [s0].[Id], [s0].[AfterTaxAmount], [s0].[CreatedAt], [s0].[DiscountedAmount], [s0].[InvoiceDate], [s0].[InvoiceNo], [s0].[PrincipalAmount], [s0].[Template], [s0].[TotalAmount]
FROM [SaleItems] AS [s]
INNER JOIN [Sales] AS [s0] ON [s].[SaleId] = [s0].[Id]
WHERE CONVERT(date, [s0].[InvoiceDate]) >= @__startDate_0 AND CONVERT(date, [s0].[InvoiceDate]) <= @__endDate_1
2025-08-10 10:35:20.153 +05:30 [INF] Executed DbCommand (9ms) [Parameters=[@__productIds_0='?' (Size = 4000)], CommandType='"Text"', CommandTimeout='30']
SELECT [p].[ProductId], [p].[CategoryId], [p].[CostPrice], [p].[Description], [p].[Name], [p].[ProductCode], [p].[ProductKey], [p].[SellPrice], [p].[SupplierId]
FROM [Products] AS [p]
WHERE [p].[ProductId] IN (
    SELECT [p0].[value]
    FROM OPENJSON(@__productIds_0) WITH ([value] int '$') AS [p0]
)
2025-08-10 10:35:20.161 +05:30 [INF] Executing OkObjectResult, writing value of type 'System.Collections.Generic.List`1[[AuthNet.Models.DTO.DailyProfitDto, AuthNet, Version=1.0.0.0, Culture=neutral, PublicKeyToken=null]]'.
2025-08-10 10:35:20.163 +05:30 [INF] Executed action AuthNet.Controllers.SalesController.GetWeeklyProfit (AuthNet) in 55.4863ms
2025-08-10 10:35:20.163 +05:30 [INF] Executed endpoint 'AuthNet.Controllers.SalesController.GetWeeklyProfit (AuthNet)'
2025-08-10 10:35:20.164 +05:30 [INF] Request finished HTTP/2 GET https://localhost:7165/api/Sales/WeeklyProfit - 200 null application/json; charset=utf-8 69.75ms
2025-08-10 10:35:20.299 +05:30 [INF] Executed DbCommand (91ms) [Parameters=[], CommandType='"Text"', CommandTimeout='30']
SELECT [c].[Name] AS [CategoryName], COUNT(*) AS [ProductCount]
FROM [Products] AS [p]
LEFT JOIN [Categories] AS [c] ON [p].[CategoryId] = [c].[CategoryId]
WHERE [c].[CategoryId] IS NOT NULL
GROUP BY [c].[Name]
2025-08-10 10:35:20.300 +05:30 [INF] Executing OkObjectResult, writing value of type 'System.Collections.Generic.List`1[[AuthNet.Models.DTO.CategoryProductCountDto, AuthNet, Version=1.0.0.0, Culture=neutral, PublicKeyToken=null]]'.
2025-08-10 10:35:20.304 +05:30 [INF] Executed action AuthNet.Controllers.ProductsController.GetCategoryWiseProductCount (AuthNet) in 196.0293ms
2025-08-10 10:35:20.304 +05:30 [INF] Executed endpoint 'AuthNet.Controllers.ProductsController.GetCategoryWiseProductCount (AuthNet)'
2025-08-10 10:35:20.304 +05:30 [INF] Request finished HTTP/2 GET https://localhost:7165/api/Products/CategoryWiseProductCount - 200 null application/json; charset=utf-8 209.3089ms
2025-08-10 10:43:03.246 +05:30 [INF] Request starting HTTP/1.1 POST https://localhost:7165/api/Auth/login - application/json; charset=utf-8 null
2025-08-10 10:43:03.259 +05:30 [INF] Executing endpoint 'AuthNet.Controllers.AuthController.Login (AuthNet)'
2025-08-10 10:43:03.281 +05:30 [INF] Route matched with {action = "Login", controller = "Auth"}. Executing controller action with signature System.Threading.Tasks.Task`1[Microsoft.AspNetCore.Mvc.IActionResult] Login(AuthNet.Models.DTO.LoginDto) on controller AuthNet.Controllers.AuthController (AuthNet).
2025-08-10 10:43:04.443 +05:30 [INF] Executed DbCommand (109ms) [Parameters=[@__username_0='?' (Size = 100)], CommandType='"Text"', CommandTimeout='30']
SELECT TOP(1) [u].[UserId], [u].[CreatedAt], [u].[Email], [u].[Firstname], [u].[Lastname], [u].[PasswordHash], [u].[Role], [u].[Username]
FROM [Users] AS [u]
WHERE [u].[Username] = @__username_0
2025-08-10 10:43:05.231 +05:30 [INF] Executing OkObjectResult, writing value of type 'AuthNet.Models.DTO.ServiceResponse`1[[AuthNet.Models.DTO.LoginResponseDto, AuthNet, Version=1.0.0.0, Culture=neutral, PublicKeyToken=null]]'.
2025-08-10 10:43:05.240 +05:30 [INF] Executed action AuthNet.Controllers.AuthController.Login (AuthNet) in 1959.3361ms
2025-08-10 10:43:05.240 +05:30 [INF] Executed endpoint 'AuthNet.Controllers.AuthController.Login (AuthNet)'
2025-08-10 10:43:05.241 +05:30 [INF] Request finished HTTP/1.1 POST https://localhost:7165/api/Auth/login - 200 null application/json; charset=utf-8 1995.3367ms
2025-08-10 10:43:05.328 +05:30 [INF] Request starting HTTP/1.1 GET https://localhost:7165/api/Sales/DailyProfit - null null
2025-08-10 10:43:05.329 +05:30 [INF] Executing endpoint 'AuthNet.Controllers.SalesController.GetDailyProfit (AuthNet)'
2025-08-10 10:43:05.329 +05:30 [INF] Route matched with {action = "GetDailyProfit", controller = "Sales"}. Executing controller action with signature System.Threading.Tasks.Task`1[Microsoft.AspNetCore.Mvc.IActionResult] GetDailyProfit() on controller AuthNet.Controllers.SalesController (AuthNet).
2025-08-10 10:43:05.384 +05:30 [INF] Executed DbCommand (52ms) [Parameters=[@__date_Date_0='?' (DbType = DateTime2)], CommandType='"Text"', CommandTimeout='30']
SELECT [s].[Id], [s].[ProductId], [s].[ProductName], [s].[Quantity], [s].[SaleId], [s].[TotalPrice], [s].[UnitPrice], [s0].[Id], [s0].[AfterTaxAmount], [s0].[CreatedAt], [s0].[DiscountedAmount], [s0].[InvoiceDate], [s0].[InvoiceNo], [s0].[PrincipalAmount], [s0].[Template], [s0].[TotalAmount]
FROM [SaleItems] AS [s]
INNER JOIN [Sales] AS [s0] ON [s].[SaleId] = [s0].[Id]
WHERE CONVERT(date, [s0].[InvoiceDate]) = @__date_Date_0
2025-08-10 10:43:05.398 +05:30 [INF] Executed DbCommand (13ms) [Parameters=[@__productIds_0='?' (Size = 4000)], CommandType='"Text"', CommandTimeout='30']
SELECT [p].[ProductId], [p].[CategoryId], [p].[CostPrice], [p].[Description], [p].[Name], [p].[ProductCode], [p].[ProductKey], [p].[SellPrice], [p].[SupplierId]
FROM [Products] AS [p]
WHERE [p].[ProductId] IN (
    SELECT [p0].[value]
    FROM OPENJSON(@__productIds_0) WITH ([value] int '$') AS [p0]
)
2025-08-10 10:43:05.398 +05:30 [INF] Executing OkObjectResult, writing value of type 'AuthNet.Models.DTO.DailyProfitDto'.
2025-08-10 10:43:05.398 +05:30 [INF] Executed action AuthNet.Controllers.SalesController.GetDailyProfit (AuthNet) in 69.1122ms
2025-08-10 10:43:05.398 +05:30 [INF] Executed endpoint 'AuthNet.Controllers.SalesController.GetDailyProfit (AuthNet)'
2025-08-10 10:43:05.399 +05:30 [INF] Request finished HTTP/1.1 GET https://localhost:7165/api/Sales/DailyProfit - 200 null application/json; charset=utf-8 70.6119ms
2025-08-10 10:43:05.436 +05:30 [INF] Request starting HTTP/1.1 GET https://localhost:7165/api/Sales/CurrentMonthProfit - null null
2025-08-10 10:43:05.438 +05:30 [INF] Executing endpoint 'AuthNet.Controllers.SalesController.GetCurrentMonthProfit (AuthNet)'
2025-08-10 10:43:05.438 +05:30 [INF] Route matched with {action = "GetCurrentMonthProfit", controller = "Sales"}. Executing controller action with signature System.Threading.Tasks.Task`1[Microsoft.AspNetCore.Mvc.IActionResult] GetCurrentMonthProfit() on controller AuthNet.Controllers.SalesController (AuthNet).
2025-08-10 10:43:05.471 +05:30 [INF] Executed DbCommand (32ms) [Parameters=[@__currentYear_0='?' (DbType = Int32), @__currentMonth_1='?' (DbType = Int32)], CommandType='"Text"', CommandTimeout='30']
SELECT [s].[Id], [s].[ProductId], [s].[ProductName], [s].[Quantity], [s].[SaleId], [s].[TotalPrice], [s].[UnitPrice], [s0].[Id], [s0].[AfterTaxAmount], [s0].[CreatedAt], [s0].[DiscountedAmount], [s0].[InvoiceDate], [s0].[InvoiceNo], [s0].[PrincipalAmount], [s0].[Template], [s0].[TotalAmount]
FROM [SaleItems] AS [s]
INNER JOIN [Sales] AS [s0] ON [s].[SaleId] = [s0].[Id]
WHERE DATEPART(year, [s0].[InvoiceDate]) = @__currentYear_0 AND DATEPART(month, [s0].[InvoiceDate]) = @__currentMonth_1
2025-08-10 10:43:05.472 +05:30 [INF] Executing OkObjectResult, writing value of type 'AuthNet.Models.DTO.MonthlyProfitDto'.
2025-08-10 10:43:05.472 +05:30 [INF] Executed action AuthNet.Controllers.SalesController.GetCurrentMonthProfit (AuthNet) in 34.3776ms
2025-08-10 10:43:05.473 +05:30 [INF] Executed endpoint 'AuthNet.Controllers.SalesController.GetCurrentMonthProfit (AuthNet)'
2025-08-10 10:43:05.473 +05:30 [INF] Request finished HTTP/1.1 GET https://localhost:7165/api/Sales/CurrentMonthProfit - 200 null application/json; charset=utf-8 36.7145ms
2025-08-10 10:43:05.528 +05:30 [INF] Request starting HTTP/1.1 GET https://localhost:7165/api/Sales/CurrentYearProfit - null null
2025-08-10 10:43:05.529 +05:30 [INF] Executing endpoint 'AuthNet.Controllers.SalesController.GetCurrentYearProfit (AuthNet)'
2025-08-10 10:43:05.529 +05:30 [INF] Route matched with {action = "GetCurrentYearProfit", controller = "Sales"}. Executing controller action with signature System.Threading.Tasks.Task`1[Microsoft.AspNetCore.Mvc.IActionResult] GetCurrentYearProfit() on controller AuthNet.Controllers.SalesController (AuthNet).
2025-08-10 10:43:05.633 +05:30 [INF] Executed DbCommand (102ms) [Parameters=[@__currentYear_0='?' (DbType = Int32)], CommandType='"Text"', CommandTimeout='30']
SELECT [s].[Id], [s].[ProductId], [s].[ProductName], [s].[Quantity], [s].[SaleId], [s].[TotalPrice], [s].[UnitPrice], [s0].[Id], [s0].[AfterTaxAmount], [s0].[CreatedAt], [s0].[DiscountedAmount], [s0].[InvoiceDate], [s0].[InvoiceNo], [s0].[PrincipalAmount], [s0].[Template], [s0].[TotalAmount]
FROM [SaleItems] AS [s]
INNER JOIN [Sales] AS [s0] ON [s].[SaleId] = [s0].[Id]
WHERE DATEPART(year, [s0].[InvoiceDate]) = @__currentYear_0
2025-08-10 10:43:05.648 +05:30 [INF] Executed DbCommand (9ms) [Parameters=[@__productIds_0='?' (Size = 4000)], CommandType='"Text"', CommandTimeout='30']
SELECT [p].[ProductId], [p].[CategoryId], [p].[CostPrice], [p].[Description], [p].[Name], [p].[ProductCode], [p].[ProductKey], [p].[SellPrice], [p].[SupplierId]
FROM [Products] AS [p]
WHERE [p].[ProductId] IN (
    SELECT [p0].[value]
    FROM OPENJSON(@__productIds_0) WITH ([value] int '$') AS [p0]
)
2025-08-10 10:43:05.649 +05:30 [INF] Executing OkObjectResult, writing value of type 'AuthNet.Models.DTO.YearlyProfitDto'.
2025-08-10 10:43:05.649 +05:30 [INF] Executed action AuthNet.Controllers.SalesController.GetCurrentYearProfit (AuthNet) in 119.7813ms
2025-08-10 10:43:05.649 +05:30 [INF] Executed endpoint 'AuthNet.Controllers.SalesController.GetCurrentYearProfit (AuthNet)'
2025-08-10 10:43:05.649 +05:30 [INF] Request finished HTTP/1.1 GET https://localhost:7165/api/Sales/CurrentYearProfit - 200 null application/json; charset=utf-8 121.4814ms
2025-08-10 10:43:05.685 +05:30 [INF] Request starting HTTP/1.1 GET https://localhost:7165/api/Products/count - null null
2025-08-10 10:43:05.689 +05:30 [INF] Executing endpoint 'AuthNet.Controllers.ProductsController.GetProductCount (AuthNet)'
2025-08-10 10:43:05.689 +05:30 [INF] Route matched with {action = "GetProductCount", controller = "Products"}. Executing controller action with signature System.Threading.Tasks.Task`1[Microsoft.AspNetCore.Mvc.IActionResult] GetProductCount() on controller AuthNet.Controllers.ProductsController (AuthNet).
2025-08-10 10:43:05.712 +05:30 [INF] Executed DbCommand (19ms) [Parameters=[], CommandType='"Text"', CommandTimeout='30']
SELECT COUNT(*)
FROM [Products] AS [p]
2025-08-10 10:43:05.713 +05:30 [INF] Executing OkObjectResult, writing value of type 'System.Int32'.
2025-08-10 10:43:05.713 +05:30 [INF] Executed action AuthNet.Controllers.ProductsController.GetProductCount (AuthNet) in 23.7407ms
2025-08-10 10:43:05.713 +05:30 [INF] Executed endpoint 'AuthNet.Controllers.ProductsController.GetProductCount (AuthNet)'
2025-08-10 10:43:05.714 +05:30 [INF] Request finished HTTP/1.1 GET https://localhost:7165/api/Products/count - 200 null application/json; charset=utf-8 28.7468ms
2025-08-10 10:43:05.760 +05:30 [INF] Request starting HTTP/1.1 GET https://localhost:7165/api/Suppliers/count - null null
2025-08-10 10:43:05.761 +05:30 [INF] Executing endpoint 'AuthNet.Controllers.SuppliersController.GetSupplierCount (AuthNet)'
2025-08-10 10:43:05.765 +05:30 [INF] Route matched with {action = "GetSupplierCount", controller = "Suppliers"}. Executing controller action with signature System.Threading.Tasks.Task`1[Microsoft.AspNetCore.Mvc.IActionResult] GetSupplierCount() on controller AuthNet.Controllers.SuppliersController (AuthNet).
2025-08-10 10:43:05.842 +05:30 [INF] Executed DbCommand (76ms) [Parameters=[], CommandType='"Text"', CommandTimeout='30']
SELECT COUNT(*)
FROM [Suppliers] AS [s]
2025-08-10 10:43:05.843 +05:30 [INF] Executing OkObjectResult, writing value of type 'System.Int32'.
2025-08-10 10:43:05.843 +05:30 [INF] Executed action AuthNet.Controllers.SuppliersController.GetSupplierCount (AuthNet) in 78.7245ms
2025-08-10 10:43:05.844 +05:30 [INF] Executed endpoint 'AuthNet.Controllers.SuppliersController.GetSupplierCount (AuthNet)'
2025-08-10 10:43:05.844 +05:30 [INF] Request finished HTTP/1.1 GET https://localhost:7165/api/Suppliers/count - 200 null application/json; charset=utf-8 84.173ms
2025-08-10 10:43:05.943 +05:30 [INF] Request starting HTTP/1.1 GET https://localhost:7165/api/Categories/count - null null
2025-08-10 10:43:05.943 +05:30 [INF] Executing endpoint 'AuthNet.Controllers.CategoriesController.GetCategoryCount (AuthNet)'
2025-08-10 10:43:05.943 +05:30 [INF] Route matched with {action = "GetCategoryCount", controller = "Categories"}. Executing controller action with signature System.Threading.Tasks.Task`1[Microsoft.AspNetCore.Mvc.IActionResult] GetCategoryCount() on controller AuthNet.Controllers.CategoriesController (AuthNet).
2025-08-10 10:43:06.013 +05:30 [INF] Executed DbCommand (67ms) [Parameters=[], CommandType='"Text"', CommandTimeout='30']
SELECT COUNT(*)
FROM [Categories] AS [c]
2025-08-10 10:43:06.014 +05:30 [INF] Executing OkObjectResult, writing value of type 'System.Int32'.
2025-08-10 10:43:06.015 +05:30 [INF] Executed action AuthNet.Controllers.CategoriesController.GetCategoryCount (AuthNet) in 70.8748ms
2025-08-10 10:43:06.015 +05:30 [INF] Executed endpoint 'AuthNet.Controllers.CategoriesController.GetCategoryCount (AuthNet)'
2025-08-10 10:43:06.015 +05:30 [INF] Request finished HTTP/1.1 GET https://localhost:7165/api/Categories/count - 200 null application/json; charset=utf-8 72.8855ms
2025-08-10 10:43:06.151 +05:30 [INF] Request starting HTTP/1.1 GET https://localhost:7165/api/Orders/count - null null
2025-08-10 10:43:06.151 +05:30 [INF] Executing endpoint 'AuthNet.Controllers.OrdersController.GetOrderCount (AuthNet)'
2025-08-10 10:43:06.151 +05:30 [INF] Route matched with {action = "GetOrderCount", controller = "Orders"}. Executing controller action with signature System.Threading.Tasks.Task`1[Microsoft.AspNetCore.Mvc.IActionResult] GetOrderCount() on controller AuthNet.Controllers.OrdersController (AuthNet).
2025-08-10 10:43:06.178 +05:30 [INF] Executed DbCommand (23ms) [Parameters=[], CommandType='"Text"', CommandTimeout='30']
SELECT COUNT(*)
FROM [Orders] AS [o]
2025-08-10 10:43:06.179 +05:30 [INF] Executing OkObjectResult, writing value of type 'System.Int32'.
2025-08-10 10:43:06.179 +05:30 [INF] Executed action AuthNet.Controllers.OrdersController.GetOrderCount (AuthNet) in 27.5985ms
2025-08-10 10:43:06.179 +05:30 [INF] Executed endpoint 'AuthNet.Controllers.OrdersController.GetOrderCount (AuthNet)'
2025-08-10 10:43:06.179 +05:30 [INF] Request finished HTTP/1.1 GET https://localhost:7165/api/Orders/count - 200 null application/json; charset=utf-8 28.7976ms
2025-08-10 10:43:06.223 +05:30 [INF] Request starting HTTP/1.1 GET https://localhost:7165/api/Customers/count - null null
2025-08-10 10:43:06.224 +05:30 [INF] Executing endpoint 'AuthNet.Controllers.CustomersController.GetCustomerCount (AuthNet)'
2025-08-10 10:43:06.224 +05:30 [INF] Route matched with {action = "GetCustomerCount", controller = "Customers"}. Executing controller action with signature System.Threading.Tasks.Task`1[Microsoft.AspNetCore.Mvc.IActionResult] GetCustomerCount() on controller AuthNet.Controllers.CustomersController (AuthNet).
2025-08-10 10:43:06.360 +05:30 [INF] Executed DbCommand (133ms) [Parameters=[], CommandType='"Text"', CommandTimeout='30']
SELECT COUNT(*)
FROM [Customers] AS [c]
2025-08-10 10:43:06.360 +05:30 [INF] Executing OkObjectResult, writing value of type 'System.Int32'.
2025-08-10 10:43:06.361 +05:30 [INF] Executed action AuthNet.Controllers.CustomersController.GetCustomerCount (AuthNet) in 136.5499ms
2025-08-10 10:43:06.361 +05:30 [INF] Executed endpoint 'AuthNet.Controllers.CustomersController.GetCustomerCount (AuthNet)'
2025-08-10 10:43:06.361 +05:30 [INF] Request finished HTTP/1.1 GET https://localhost:7165/api/Customers/count - 200 null application/json; charset=utf-8 138.0014ms
2025-08-10 10:43:06.444 +05:30 [INF] Request starting HTTP/1.1 GET https://localhost:7165/api/Tasks - null null
2025-08-10 10:43:06.444 +05:30 [INF] Executing endpoint 'AuthNet.Controllers.TasksController.GetTasks (AuthNet)'
2025-08-10 10:43:06.445 +05:30 [INF] Route matched with {action = "GetTasks", controller = "Tasks"}. Executing controller action with signature Microsoft.AspNetCore.Mvc.IActionResult GetTasks() on controller AuthNet.Controllers.TasksController (AuthNet).
2025-08-10 10:43:06.460 +05:30 [INF] Executed DbCommand (12ms) [Parameters=[], CommandType='"Text"', CommandTimeout='30']
SELECT [t].[Id], [t].[Title], [t].[DueDate]
FROM [Tasks] AS [t]
2025-08-10 10:43:06.461 +05:30 [INF] Executing OkObjectResult, writing value of type 'System.Collections.Generic.List`1[[AuthNet.Models.DTO.TaskItemDto, AuthNet, Version=1.0.0.0, Culture=neutral, PublicKeyToken=null]]'.
2025-08-10 10:43:06.461 +05:30 [INF] Executed action AuthNet.Controllers.TasksController.GetTasks (AuthNet) in 16.4754ms
2025-08-10 10:43:06.461 +05:30 [INF] Executed endpoint 'AuthNet.Controllers.TasksController.GetTasks (AuthNet)'
2025-08-10 10:43:06.461 +05:30 [INF] Request finished HTTP/1.1 GET https://localhost:7165/api/Tasks - 200 null application/json; charset=utf-8 17.7782ms
2025-08-10 10:43:06.496 +05:30 [INF] Request starting HTTP/1.1 GET https://localhost:7165/api/Settings/Get - null null
2025-08-10 10:43:06.499 +05:30 [INF] Executing endpoint 'AuthNet.Controllers.SettingsController.GetCompanyInfo (AuthNet)'
2025-08-10 10:43:06.499 +05:30 [INF] Route matched with {action = "GetCompanyInfo", controller = "Settings"}. Executing controller action with signature System.Threading.Tasks.Task`1[Microsoft.AspNetCore.Mvc.IActionResult] GetCompanyInfo() on controller AuthNet.Controllers.SettingsController (AuthNet).
2025-08-10 10:43:06.675 +05:30 [INF] Executed DbCommand (174ms) [Parameters=[], CommandType='"Text"', CommandTimeout='30']
SELECT TOP(1) [c].[Id], [c].[Address], [c].[AlternateContactNumber], [c].[ContactNumber], [c].[Email], [c].[GSTIN], [c].[LogoFileExtension], [c].[LogoFilePath], [c].[LogoFileSizeInBytes], [c].[LogoName], [c].[Name], [c].[SignFileExtension], [c].[SignFilePath], [c].[SignFileSizeInBytes], [c].[SignName]
FROM [CompanyInfos] AS [c]
2025-08-10 10:43:06.675 +05:30 [INF] Executing OkObjectResult, writing value of type 'AuthNet.Models.DTO.CompanyInfoResponseDto'.
2025-08-10 10:43:06.676 +05:30 [INF] Executed action AuthNet.Controllers.SettingsController.GetCompanyInfo (AuthNet) in 176.853ms
2025-08-10 10:43:06.676 +05:30 [INF] Executed endpoint 'AuthNet.Controllers.SettingsController.GetCompanyInfo (AuthNet)'
2025-08-10 10:43:06.676 +05:30 [INF] Request finished HTTP/1.1 GET https://localhost:7165/api/Settings/Get - 200 null application/json; charset=utf-8 180.3657ms
2025-08-10 10:43:07.312 +05:30 [INF] Request starting HTTP/2 GET https://localhost:7165/api/Sales/WeeklyProfit - null null
2025-08-10 10:43:07.313 +05:30 [INF] CORS policy execution successful.
2025-08-10 10:43:07.313 +05:30 [INF] Executing endpoint 'AuthNet.Controllers.SalesController.GetWeeklyProfit (AuthNet)'
2025-08-10 10:43:07.313 +05:30 [INF] Route matched with {action = "GetWeeklyProfit", controller = "Sales"}. Executing controller action with signature System.Threading.Tasks.Task`1[Microsoft.AspNetCore.Mvc.IActionResult] GetWeeklyProfit() on controller AuthNet.Controllers.SalesController (AuthNet).
2025-08-10 10:43:07.314 +05:30 [INF] Request starting HTTP/2 GET https://localhost:7165/api/Products/CategoryWiseProductCount - null null
2025-08-10 10:43:07.314 +05:30 [INF] CORS policy execution successful.
2025-08-10 10:43:07.314 +05:30 [INF] Executing endpoint 'AuthNet.Controllers.ProductsController.GetCategoryWiseProductCount (AuthNet)'
2025-08-10 10:43:07.315 +05:30 [INF] Route matched with {action = "GetCategoryWiseProductCount", controller = "Products"}. Executing controller action with signature System.Threading.Tasks.Task`1[Microsoft.AspNetCore.Mvc.IActionResult] GetCategoryWiseProductCount() on controller AuthNet.Controllers.ProductsController (AuthNet).
2025-08-10 10:43:07.361 +05:30 [INF] Executed DbCommand (46ms) [Parameters=[@__startDate_0='?' (DbType = DateTime2), @__endDate_1='?' (DbType = DateTime2)], CommandType='"Text"', CommandTimeout='30']
SELECT [s].[Id], [s].[ProductId], [s].[ProductName], [s].[Quantity], [s].[SaleId], [s].[TotalPrice], [s].[UnitPrice], [s0].[Id], [s0].[AfterTaxAmount], [s0].[CreatedAt], [s0].[DiscountedAmount], [s0].[InvoiceDate], [s0].[InvoiceNo], [s0].[PrincipalAmount], [s0].[Template], [s0].[TotalAmount]
FROM [SaleItems] AS [s]
INNER JOIN [Sales] AS [s0] ON [s].[SaleId] = [s0].[Id]
WHERE CONVERT(date, [s0].[InvoiceDate]) >= @__startDate_0 AND CONVERT(date, [s0].[InvoiceDate]) <= @__endDate_1
2025-08-10 10:43:07.384 +05:30 [INF] Executed DbCommand (22ms) [Parameters=[@__productIds_0='?' (Size = 4000)], CommandType='"Text"', CommandTimeout='30']
SELECT [p].[ProductId], [p].[CategoryId], [p].[CostPrice], [p].[Description], [p].[Name], [p].[ProductCode], [p].[ProductKey], [p].[SellPrice], [p].[SupplierId]
FROM [Products] AS [p]
WHERE [p].[ProductId] IN (
    SELECT [p0].[value]
    FROM OPENJSON(@__productIds_0) WITH ([value] int '$') AS [p0]
)
2025-08-10 10:43:07.385 +05:30 [INF] Executing OkObjectResult, writing value of type 'System.Collections.Generic.List`1[[AuthNet.Models.DTO.DailyProfitDto, AuthNet, Version=1.0.0.0, Culture=neutral, PublicKeyToken=null]]'.
2025-08-10 10:43:07.385 +05:30 [INF] Executed action AuthNet.Controllers.SalesController.GetWeeklyProfit (AuthNet) in 71.5098ms
2025-08-10 10:43:07.385 +05:30 [INF] Executed endpoint 'AuthNet.Controllers.SalesController.GetWeeklyProfit (AuthNet)'
2025-08-10 10:43:07.386 +05:30 [INF] Request finished HTTP/2 GET https://localhost:7165/api/Sales/WeeklyProfit - 200 null application/json; charset=utf-8 73.5973ms
2025-08-10 10:43:07.731 +05:30 [INF] Executed DbCommand (163ms) [Parameters=[], CommandType='"Text"', CommandTimeout='30']
SELECT [c].[Name] AS [CategoryName], COUNT(*) AS [ProductCount]
FROM [Products] AS [p]
LEFT JOIN [Categories] AS [c] ON [p].[CategoryId] = [c].[CategoryId]
WHERE [c].[CategoryId] IS NOT NULL
GROUP BY [c].[Name]
2025-08-10 10:43:07.732 +05:30 [INF] Executing OkObjectResult, writing value of type 'System.Collections.Generic.List`1[[AuthNet.Models.DTO.CategoryProductCountDto, AuthNet, Version=1.0.0.0, Culture=neutral, PublicKeyToken=null]]'.
2025-08-10 10:43:07.732 +05:30 [INF] Executed action AuthNet.Controllers.ProductsController.GetCategoryWiseProductCount (AuthNet) in 417.5945ms
2025-08-10 10:43:07.732 +05:30 [INF] Executed endpoint 'AuthNet.Controllers.ProductsController.GetCategoryWiseProductCount (AuthNet)'
2025-08-10 10:43:07.733 +05:30 [INF] Request finished HTTP/2 GET https://localhost:7165/api/Products/CategoryWiseProductCount - 200 null application/json; charset=utf-8 419.0526ms
2025-08-10 10:43:15.810 +05:30 [INF] Request starting HTTP/1.1 GET https://localhost:7165/api/Sales/DailyProfit - null null
2025-08-10 10:43:15.811 +05:30 [INF] Executing endpoint 'AuthNet.Controllers.SalesController.GetDailyProfit (AuthNet)'
2025-08-10 10:43:15.811 +05:30 [INF] Route matched with {action = "GetDailyProfit", controller = "Sales"}. Executing controller action with signature System.Threading.Tasks.Task`1[Microsoft.AspNetCore.Mvc.IActionResult] GetDailyProfit() on controller AuthNet.Controllers.SalesController (AuthNet).
2025-08-10 10:43:15.831 +05:30 [INF] Executed DbCommand (18ms) [Parameters=[@__date_Date_0='?' (DbType = DateTime2)], CommandType='"Text"', CommandTimeout='30']
SELECT [s].[Id], [s].[ProductId], [s].[ProductName], [s].[Quantity], [s].[SaleId], [s].[TotalPrice], [s].[UnitPrice], [s0].[Id], [s0].[AfterTaxAmount], [s0].[CreatedAt], [s0].[DiscountedAmount], [s0].[InvoiceDate], [s0].[InvoiceNo], [s0].[PrincipalAmount], [s0].[Template], [s0].[TotalAmount]
FROM [SaleItems] AS [s]
INNER JOIN [Sales] AS [s0] ON [s].[SaleId] = [s0].[Id]
WHERE CONVERT(date, [s0].[InvoiceDate]) = @__date_Date_0
2025-08-10 10:43:15.845 +05:30 [INF] Executed DbCommand (13ms) [Parameters=[@__productIds_0='?' (Size = 4000)], CommandType='"Text"', CommandTimeout='30']
SELECT [p].[ProductId], [p].[CategoryId], [p].[CostPrice], [p].[Description], [p].[Name], [p].[ProductCode], [p].[ProductKey], [p].[SellPrice], [p].[SupplierId]
FROM [Products] AS [p]
WHERE [p].[ProductId] IN (
    SELECT [p0].[value]
    FROM OPENJSON(@__productIds_0) WITH ([value] int '$') AS [p0]
)
2025-08-10 10:43:15.846 +05:30 [INF] Executing OkObjectResult, writing value of type 'AuthNet.Models.DTO.DailyProfitDto'.
2025-08-10 10:43:15.846 +05:30 [INF] Executed action AuthNet.Controllers.SalesController.GetDailyProfit (AuthNet) in 34.9156ms
2025-08-10 10:43:15.846 +05:30 [INF] Executed endpoint 'AuthNet.Controllers.SalesController.GetDailyProfit (AuthNet)'
2025-08-10 10:43:15.847 +05:30 [INF] Request finished HTTP/1.1 GET https://localhost:7165/api/Sales/DailyProfit - 200 null application/json; charset=utf-8 36.937ms
2025-08-10 10:43:15.873 +05:30 [INF] Request starting HTTP/1.1 GET https://localhost:7165/api/Sales/CurrentMonthProfit - null null
2025-08-10 10:43:15.874 +05:30 [INF] Executing endpoint 'AuthNet.Controllers.SalesController.GetCurrentMonthProfit (AuthNet)'
2025-08-10 10:43:15.874 +05:30 [INF] Route matched with {action = "GetCurrentMonthProfit", controller = "Sales"}. Executing controller action with signature System.Threading.Tasks.Task`1[Microsoft.AspNetCore.Mvc.IActionResult] GetCurrentMonthProfit() on controller AuthNet.Controllers.SalesController (AuthNet).
2025-08-10 10:43:15.883 +05:30 [INF] Executed DbCommand (7ms) [Parameters=[@__currentYear_0='?' (DbType = Int32), @__currentMonth_1='?' (DbType = Int32)], CommandType='"Text"', CommandTimeout='30']
SELECT [s].[Id], [s].[ProductId], [s].[ProductName], [s].[Quantity], [s].[SaleId], [s].[TotalPrice], [s].[UnitPrice], [s0].[Id], [s0].[AfterTaxAmount], [s0].[CreatedAt], [s0].[DiscountedAmount], [s0].[InvoiceDate], [s0].[InvoiceNo], [s0].[PrincipalAmount], [s0].[Template], [s0].[TotalAmount]
FROM [SaleItems] AS [s]
INNER JOIN [Sales] AS [s0] ON [s].[SaleId] = [s0].[Id]
WHERE DATEPART(year, [s0].[InvoiceDate]) = @__currentYear_0 AND DATEPART(month, [s0].[InvoiceDate]) = @__currentMonth_1
2025-08-10 10:43:15.883 +05:30 [INF] Executing OkObjectResult, writing value of type 'AuthNet.Models.DTO.MonthlyProfitDto'.
2025-08-10 10:43:15.883 +05:30 [INF] Executed action AuthNet.Controllers.SalesController.GetCurrentMonthProfit (AuthNet) in 9.5122ms
2025-08-10 10:43:15.883 +05:30 [INF] Executed endpoint 'AuthNet.Controllers.SalesController.GetCurrentMonthProfit (AuthNet)'
2025-08-10 10:43:15.884 +05:30 [INF] Request finished HTTP/1.1 GET https://localhost:7165/api/Sales/CurrentMonthProfit - 200 null application/json; charset=utf-8 10.6279ms
2025-08-10 10:43:15.909 +05:30 [INF] Request starting HTTP/1.1 GET https://localhost:7165/api/Sales/CurrentYearProfit - null null
2025-08-10 10:43:15.910 +05:30 [INF] Executing endpoint 'AuthNet.Controllers.SalesController.GetCurrentYearProfit (AuthNet)'
2025-08-10 10:43:15.911 +05:30 [INF] Route matched with {action = "GetCurrentYearProfit", controller = "Sales"}. Executing controller action with signature System.Threading.Tasks.Task`1[Microsoft.AspNetCore.Mvc.IActionResult] GetCurrentYearProfit() on controller AuthNet.Controllers.SalesController (AuthNet).
2025-08-10 10:43:15.940 +05:30 [INF] Executed DbCommand (27ms) [Parameters=[@__currentYear_0='?' (DbType = Int32)], CommandType='"Text"', CommandTimeout='30']
SELECT [s].[Id], [s].[ProductId], [s].[ProductName], [s].[Quantity], [s].[SaleId], [s].[TotalPrice], [s].[UnitPrice], [s0].[Id], [s0].[AfterTaxAmount], [s0].[CreatedAt], [s0].[DiscountedAmount], [s0].[InvoiceDate], [s0].[InvoiceNo], [s0].[PrincipalAmount], [s0].[Template], [s0].[TotalAmount]
FROM [SaleItems] AS [s]
INNER JOIN [Sales] AS [s0] ON [s].[SaleId] = [s0].[Id]
WHERE DATEPART(year, [s0].[InvoiceDate]) = @__currentYear_0
2025-08-10 10:43:15.975 +05:30 [INF] Executed DbCommand (32ms) [Parameters=[@__productIds_0='?' (Size = 4000)], CommandType='"Text"', CommandTimeout='30']
SELECT [p].[ProductId], [p].[CategoryId], [p].[CostPrice], [p].[Description], [p].[Name], [p].[ProductCode], [p].[ProductKey], [p].[SellPrice], [p].[SupplierId]
FROM [Products] AS [p]
WHERE [p].[ProductId] IN (
    SELECT [p0].[value]
    FROM OPENJSON(@__productIds_0) WITH ([value] int '$') AS [p0]
)
2025-08-10 10:43:15.975 +05:30 [INF] Executing OkObjectResult, writing value of type 'AuthNet.Models.DTO.YearlyProfitDto'.
2025-08-10 10:43:15.975 +05:30 [INF] Executed action AuthNet.Controllers.SalesController.GetCurrentYearProfit (AuthNet) in 64.7164ms
2025-08-10 10:43:15.975 +05:30 [INF] Executed endpoint 'AuthNet.Controllers.SalesController.GetCurrentYearProfit (AuthNet)'
2025-08-10 10:43:15.976 +05:30 [INF] Request finished HTTP/1.1 GET https://localhost:7165/api/Sales/CurrentYearProfit - 200 null application/json; charset=utf-8 66.2889ms
2025-08-10 10:43:16.109 +05:30 [INF] Request starting HTTP/1.1 GET https://localhost:7165/api/Products/count - null null
2025-08-10 10:43:16.110 +05:30 [INF] Executing endpoint 'AuthNet.Controllers.ProductsController.GetProductCount (AuthNet)'
2025-08-10 10:43:16.110 +05:30 [INF] Route matched with {action = "GetProductCount", controller = "Products"}. Executing controller action with signature System.Threading.Tasks.Task`1[Microsoft.AspNetCore.Mvc.IActionResult] GetProductCount() on controller AuthNet.Controllers.ProductsController (AuthNet).
2025-08-10 10:43:16.151 +05:30 [INF] Executed DbCommand (40ms) [Parameters=[], CommandType='"Text"', CommandTimeout='30']
SELECT COUNT(*)
FROM [Products] AS [p]
2025-08-10 10:43:16.151 +05:30 [INF] Executing OkObjectResult, writing value of type 'System.Int32'.
2025-08-10 10:43:16.152 +05:30 [INF] Executed action AuthNet.Controllers.ProductsController.GetProductCount (AuthNet) in 41.7946ms
2025-08-10 10:43:16.152 +05:30 [INF] Executed endpoint 'AuthNet.Controllers.ProductsController.GetProductCount (AuthNet)'
2025-08-10 10:43:16.152 +05:30 [INF] Request finished HTTP/1.1 GET https://localhost:7165/api/Products/count - 200 null application/json; charset=utf-8 42.7905ms
2025-08-10 10:43:16.182 +05:30 [INF] Request starting HTTP/1.1 GET https://localhost:7165/api/Suppliers/count - null null
2025-08-10 10:43:16.183 +05:30 [INF] Executing endpoint 'AuthNet.Controllers.SuppliersController.GetSupplierCount (AuthNet)'
2025-08-10 10:43:16.183 +05:30 [INF] Route matched with {action = "GetSupplierCount", controller = "Suppliers"}. Executing controller action with signature System.Threading.Tasks.Task`1[Microsoft.AspNetCore.Mvc.IActionResult] GetSupplierCount() on controller AuthNet.Controllers.SuppliersController (AuthNet).
2025-08-10 10:43:16.203 +05:30 [INF] Executed DbCommand (17ms) [Parameters=[], CommandType='"Text"', CommandTimeout='30']
SELECT COUNT(*)
FROM [Suppliers] AS [s]
2025-08-10 10:43:16.203 +05:30 [INF] Executing OkObjectResult, writing value of type 'System.Int32'.
2025-08-10 10:43:16.203 +05:30 [INF] Executed action AuthNet.Controllers.SuppliersController.GetSupplierCount (AuthNet) in 20.5298ms
2025-08-10 10:43:16.203 +05:30 [INF] Executed endpoint 'AuthNet.Controllers.SuppliersController.GetSupplierCount (AuthNet)'
2025-08-10 10:43:16.204 +05:30 [INF] Request finished HTTP/1.1 GET https://localhost:7165/api/Suppliers/count - 200 null application/json; charset=utf-8 22.1856ms
2025-08-10 10:43:16.911 +05:30 [INF] Request starting HTTP/1.1 GET https://localhost:7165/api/Categories/count - null null
2025-08-10 10:43:16.911 +05:30 [INF] Executing endpoint 'AuthNet.Controllers.CategoriesController.GetCategoryCount (AuthNet)'
2025-08-10 10:43:16.911 +05:30 [INF] Route matched with {action = "GetCategoryCount", controller = "Categories"}. Executing controller action with signature System.Threading.Tasks.Task`1[Microsoft.AspNetCore.Mvc.IActionResult] GetCategoryCount() on controller AuthNet.Controllers.CategoriesController (AuthNet).
2025-08-10 10:43:17.045 +05:30 [INF] Executed DbCommand (131ms) [Parameters=[], CommandType='"Text"', CommandTimeout='30']
SELECT COUNT(*)
FROM [Categories] AS [c]
2025-08-10 10:43:17.045 +05:30 [INF] Executing OkObjectResult, writing value of type 'System.Int32'.
2025-08-10 10:43:17.046 +05:30 [INF] Executed action AuthNet.Controllers.CategoriesController.GetCategoryCount (AuthNet) in 134.5137ms
2025-08-10 10:43:17.046 +05:30 [INF] Executed endpoint 'AuthNet.Controllers.CategoriesController.GetCategoryCount (AuthNet)'
2025-08-10 10:43:17.046 +05:30 [INF] Request finished HTTP/1.1 GET https://localhost:7165/api/Categories/count - 200 null application/json; charset=utf-8 135.495ms
2025-08-10 10:43:17.157 +05:30 [INF] Request starting HTTP/1.1 GET https://localhost:7165/api/Orders/count - null null
2025-08-10 10:43:17.159 +05:30 [INF] Executing endpoint 'AuthNet.Controllers.OrdersController.GetOrderCount (AuthNet)'
2025-08-10 10:43:17.159 +05:30 [INF] Route matched with {action = "GetOrderCount", controller = "Orders"}. Executing controller action with signature System.Threading.Tasks.Task`1[Microsoft.AspNetCore.Mvc.IActionResult] GetOrderCount() on controller AuthNet.Controllers.OrdersController (AuthNet).
2025-08-10 10:43:17.268 +05:30 [INF] Executed DbCommand (104ms) [Parameters=[], CommandType='"Text"', CommandTimeout='30']
SELECT COUNT(*)
FROM [Orders] AS [o]
2025-08-10 10:43:17.270 +05:30 [INF] Executing OkObjectResult, writing value of type 'System.Int32'.
2025-08-10 10:43:17.271 +05:30 [INF] Executed action AuthNet.Controllers.OrdersController.GetOrderCount (AuthNet) in 111.3471ms
2025-08-10 10:43:17.271 +05:30 [INF] Executed endpoint 'AuthNet.Controllers.OrdersController.GetOrderCount (AuthNet)'
2025-08-10 10:43:17.272 +05:30 [INF] Request finished HTTP/1.1 GET https://localhost:7165/api/Orders/count - 200 null application/json; charset=utf-8 115.5631ms
2025-08-10 10:43:17.379 +05:30 [INF] Request starting HTTP/1.1 GET https://localhost:7165/api/Customers/count - null null
2025-08-10 10:43:17.380 +05:30 [INF] Executing endpoint 'AuthNet.Controllers.CustomersController.GetCustomerCount (AuthNet)'
2025-08-10 10:43:17.380 +05:30 [INF] Route matched with {action = "GetCustomerCount", controller = "Customers"}. Executing controller action with signature System.Threading.Tasks.Task`1[Microsoft.AspNetCore.Mvc.IActionResult] GetCustomerCount() on controller AuthNet.Controllers.CustomersController (AuthNet).
2025-08-10 10:43:17.550 +05:30 [INF] Executed DbCommand (167ms) [Parameters=[], CommandType='"Text"', CommandTimeout='30']
SELECT COUNT(*)
FROM [Customers] AS [c]
2025-08-10 10:43:17.550 +05:30 [INF] Executing OkObjectResult, writing value of type 'System.Int32'.
2025-08-10 10:43:17.550 +05:30 [INF] Executed action AuthNet.Controllers.CustomersController.GetCustomerCount (AuthNet) in 170.3212ms
2025-08-10 10:43:17.550 +05:30 [INF] Executed endpoint 'AuthNet.Controllers.CustomersController.GetCustomerCount (AuthNet)'
2025-08-10 10:43:17.551 +05:30 [INF] Request finished HTTP/1.1 GET https://localhost:7165/api/Customers/count - 200 null application/json; charset=utf-8 171.4197ms
2025-08-10 10:43:17.633 +05:30 [INF] Request starting HTTP/1.1 GET https://localhost:7165/api/Tasks - null null
2025-08-10 10:43:17.634 +05:30 [INF] Executing endpoint 'AuthNet.Controllers.TasksController.GetTasks (AuthNet)'
2025-08-10 10:43:17.634 +05:30 [INF] Route matched with {action = "GetTasks", controller = "Tasks"}. Executing controller action with signature Microsoft.AspNetCore.Mvc.IActionResult GetTasks() on controller AuthNet.Controllers.TasksController (AuthNet).
2025-08-10 10:43:17.646 +05:30 [INF] Executed DbCommand (8ms) [Parameters=[], CommandType='"Text"', CommandTimeout='30']
SELECT [t].[Id], [t].[Title], [t].[DueDate]
FROM [Tasks] AS [t]
2025-08-10 10:43:17.646 +05:30 [INF] Executing OkObjectResult, writing value of type 'System.Collections.Generic.List`1[[AuthNet.Models.DTO.TaskItemDto, AuthNet, Version=1.0.0.0, Culture=neutral, PublicKeyToken=null]]'.
2025-08-10 10:43:17.646 +05:30 [INF] Executed action AuthNet.Controllers.TasksController.GetTasks (AuthNet) in 12.5126ms
2025-08-10 10:43:17.646 +05:30 [INF] Executed endpoint 'AuthNet.Controllers.TasksController.GetTasks (AuthNet)'
2025-08-10 10:43:17.646 +05:30 [INF] Request finished HTTP/1.1 GET https://localhost:7165/api/Tasks - 200 null application/json; charset=utf-8 13.2271ms
2025-08-10 10:43:17.717 +05:30 [INF] Request starting HTTP/1.1 GET https://localhost:7165/api/Settings/Get - null null
2025-08-10 10:43:17.718 +05:30 [INF] Executing endpoint 'AuthNet.Controllers.SettingsController.GetCompanyInfo (AuthNet)'
2025-08-10 10:43:17.719 +05:30 [INF] Route matched with {action = "GetCompanyInfo", controller = "Settings"}. Executing controller action with signature System.Threading.Tasks.Task`1[Microsoft.AspNetCore.Mvc.IActionResult] GetCompanyInfo() on controller AuthNet.Controllers.SettingsController (AuthNet).
2025-08-10 10:43:17.776 +05:30 [INF] Executed DbCommand (54ms) [Parameters=[], CommandType='"Text"', CommandTimeout='30']
SELECT TOP(1) [c].[Id], [c].[Address], [c].[AlternateContactNumber], [c].[ContactNumber], [c].[Email], [c].[GSTIN], [c].[LogoFileExtension], [c].[LogoFilePath], [c].[LogoFileSizeInBytes], [c].[LogoName], [c].[Name], [c].[SignFileExtension], [c].[SignFilePath], [c].[SignFileSizeInBytes], [c].[SignName]
FROM [CompanyInfos] AS [c]
2025-08-10 10:43:17.776 +05:30 [INF] Executing OkObjectResult, writing value of type 'AuthNet.Models.DTO.CompanyInfoResponseDto'.
2025-08-10 10:43:17.777 +05:30 [INF] Executed action AuthNet.Controllers.SettingsController.GetCompanyInfo (AuthNet) in 57.8435ms
2025-08-10 10:43:17.777 +05:30 [INF] Executed endpoint 'AuthNet.Controllers.SettingsController.GetCompanyInfo (AuthNet)'
2025-08-10 10:43:17.777 +05:30 [INF] Request finished HTTP/1.1 GET https://localhost:7165/api/Settings/Get - 200 null application/json; charset=utf-8 60.6547ms
2025-08-10 10:43:17.814 +05:30 [INF] Request starting HTTP/1.1 GET https://localhost:7165/api/Sales/DailyProfit - null null
2025-08-10 10:43:17.814 +05:30 [INF] Executing endpoint 'AuthNet.Controllers.SalesController.GetDailyProfit (AuthNet)'
2025-08-10 10:43:17.814 +05:30 [INF] Route matched with {action = "GetDailyProfit", controller = "Sales"}. Executing controller action with signature System.Threading.Tasks.Task`1[Microsoft.AspNetCore.Mvc.IActionResult] GetDailyProfit() on controller AuthNet.Controllers.SalesController (AuthNet).
2025-08-10 10:43:17.831 +05:30 [INF] Executed DbCommand (14ms) [Parameters=[@__date_Date_0='?' (DbType = DateTime2)], CommandType='"Text"', CommandTimeout='30']
SELECT [s].[Id], [s].[ProductId], [s].[ProductName], [s].[Quantity], [s].[SaleId], [s].[TotalPrice], [s].[UnitPrice], [s0].[Id], [s0].[AfterTaxAmount], [s0].[CreatedAt], [s0].[DiscountedAmount], [s0].[InvoiceDate], [s0].[InvoiceNo], [s0].[PrincipalAmount], [s0].[Template], [s0].[TotalAmount]
FROM [SaleItems] AS [s]
INNER JOIN [Sales] AS [s0] ON [s].[SaleId] = [s0].[Id]
WHERE CONVERT(date, [s0].[InvoiceDate]) = @__date_Date_0
2025-08-10 10:43:17.842 +05:30 [INF] Executed DbCommand (11ms) [Parameters=[@__productIds_0='?' (Size = 4000)], CommandType='"Text"', CommandTimeout='30']
SELECT [p].[ProductId], [p].[CategoryId], [p].[CostPrice], [p].[Description], [p].[Name], [p].[ProductCode], [p].[ProductKey], [p].[SellPrice], [p].[SupplierId]
FROM [Products] AS [p]
WHERE [p].[ProductId] IN (
    SELECT [p0].[value]
    FROM OPENJSON(@__productIds_0) WITH ([value] int '$') AS [p0]
)
2025-08-10 10:43:17.843 +05:30 [INF] Executing OkObjectResult, writing value of type 'AuthNet.Models.DTO.DailyProfitDto'.
2025-08-10 10:43:17.843 +05:30 [INF] Executed action AuthNet.Controllers.SalesController.GetDailyProfit (AuthNet) in 28.5329ms
2025-08-10 10:43:17.843 +05:30 [INF] Executed endpoint 'AuthNet.Controllers.SalesController.GetDailyProfit (AuthNet)'
2025-08-10 10:43:17.843 +05:30 [INF] Request finished HTTP/1.1 GET https://localhost:7165/api/Sales/DailyProfit - 200 null application/json; charset=utf-8 29.7435ms
2025-08-10 10:43:17.909 +05:30 [INF] Request starting HTTP/1.1 GET https://localhost:7165/api/Sales/CurrentMonthProfit - null null
2025-08-10 10:43:17.909 +05:30 [INF] Executing endpoint 'AuthNet.Controllers.SalesController.GetCurrentMonthProfit (AuthNet)'
2025-08-10 10:43:17.910 +05:30 [INF] Route matched with {action = "GetCurrentMonthProfit", controller = "Sales"}. Executing controller action with signature System.Threading.Tasks.Task`1[Microsoft.AspNetCore.Mvc.IActionResult] GetCurrentMonthProfit() on controller AuthNet.Controllers.SalesController (AuthNet).
2025-08-10 10:43:17.978 +05:30 [INF] Executed DbCommand (67ms) [Parameters=[@__currentYear_0='?' (DbType = Int32), @__currentMonth_1='?' (DbType = Int32)], CommandType='"Text"', CommandTimeout='30']
SELECT [s].[Id], [s].[ProductId], [s].[ProductName], [s].[Quantity], [s].[SaleId], [s].[TotalPrice], [s].[UnitPrice], [s0].[Id], [s0].[AfterTaxAmount], [s0].[CreatedAt], [s0].[DiscountedAmount], [s0].[InvoiceDate], [s0].[InvoiceNo], [s0].[PrincipalAmount], [s0].[Template], [s0].[TotalAmount]
FROM [SaleItems] AS [s]
INNER JOIN [Sales] AS [s0] ON [s].[SaleId] = [s0].[Id]
WHERE DATEPART(year, [s0].[InvoiceDate]) = @__currentYear_0 AND DATEPART(month, [s0].[InvoiceDate]) = @__currentMonth_1
2025-08-10 10:43:17.978 +05:30 [INF] Executing OkObjectResult, writing value of type 'AuthNet.Models.DTO.MonthlyProfitDto'.
2025-08-10 10:43:17.978 +05:30 [INF] Executed action AuthNet.Controllers.SalesController.GetCurrentMonthProfit (AuthNet) in 68.8144ms
2025-08-10 10:43:17.979 +05:30 [INF] Executed endpoint 'AuthNet.Controllers.SalesController.GetCurrentMonthProfit (AuthNet)'
2025-08-10 10:43:17.979 +05:30 [INF] Request finished HTTP/1.1 GET https://localhost:7165/api/Sales/CurrentMonthProfit - 200 null application/json; charset=utf-8 69.6477ms
2025-08-10 10:43:18.038 +05:30 [INF] Request starting HTTP/1.1 GET https://localhost:7165/api/Sales/CurrentYearProfit - null null
2025-08-10 10:43:18.041 +05:30 [INF] Executing endpoint 'AuthNet.Controllers.SalesController.GetCurrentYearProfit (AuthNet)'
2025-08-10 10:43:18.041 +05:30 [INF] Route matched with {action = "GetCurrentYearProfit", controller = "Sales"}. Executing controller action with signature System.Threading.Tasks.Task`1[Microsoft.AspNetCore.Mvc.IActionResult] GetCurrentYearProfit() on controller AuthNet.Controllers.SalesController (AuthNet).
2025-08-10 10:43:18.062 +05:30 [INF] Executed DbCommand (19ms) [Parameters=[@__currentYear_0='?' (DbType = Int32)], CommandType='"Text"', CommandTimeout='30']
SELECT [s].[Id], [s].[ProductId], [s].[ProductName], [s].[Quantity], [s].[SaleId], [s].[TotalPrice], [s].[UnitPrice], [s0].[Id], [s0].[AfterTaxAmount], [s0].[CreatedAt], [s0].[DiscountedAmount], [s0].[InvoiceDate], [s0].[InvoiceNo], [s0].[PrincipalAmount], [s0].[Template], [s0].[TotalAmount]
FROM [SaleItems] AS [s]
INNER JOIN [Sales] AS [s0] ON [s].[SaleId] = [s0].[Id]
WHERE DATEPART(year, [s0].[InvoiceDate]) = @__currentYear_0
2025-08-10 10:43:18.075 +05:30 [INF] Executed DbCommand (11ms) [Parameters=[@__productIds_0='?' (Size = 4000)], CommandType='"Text"', CommandTimeout='30']
SELECT [p].[ProductId], [p].[CategoryId], [p].[CostPrice], [p].[Description], [p].[Name], [p].[ProductCode], [p].[ProductKey], [p].[SellPrice], [p].[SupplierId]
FROM [Products] AS [p]
WHERE [p].[ProductId] IN (
    SELECT [p0].[value]
    FROM OPENJSON(@__productIds_0) WITH ([value] int '$') AS [p0]
)
2025-08-10 10:43:18.076 +05:30 [INF] Executing OkObjectResult, writing value of type 'AuthNet.Models.DTO.YearlyProfitDto'.
2025-08-10 10:43:18.076 +05:30 [INF] Executed action AuthNet.Controllers.SalesController.GetCurrentYearProfit (AuthNet) in 34.3283ms
2025-08-10 10:43:18.076 +05:30 [INF] Executed endpoint 'AuthNet.Controllers.SalesController.GetCurrentYearProfit (AuthNet)'
2025-08-10 10:43:18.076 +05:30 [INF] Request finished HTTP/1.1 GET https://localhost:7165/api/Sales/CurrentYearProfit - 200 null application/json; charset=utf-8 38.2431ms
2025-08-10 10:43:18.306 +05:30 [INF] Request starting HTTP/1.1 GET https://localhost:7165/api/Products/count - null null
2025-08-10 10:43:18.306 +05:30 [INF] Executing endpoint 'AuthNet.Controllers.ProductsController.GetProductCount (AuthNet)'
2025-08-10 10:43:18.307 +05:30 [INF] Route matched with {action = "GetProductCount", controller = "Products"}. Executing controller action with signature System.Threading.Tasks.Task`1[Microsoft.AspNetCore.Mvc.IActionResult] GetProductCount() on controller AuthNet.Controllers.ProductsController (AuthNet).
2025-08-10 10:43:18.554 +05:30 [INF] Executed DbCommand (246ms) [Parameters=[], CommandType='"Text"', CommandTimeout='30']
SELECT COUNT(*)
FROM [Products] AS [p]
2025-08-10 10:43:18.554 +05:30 [INF] Executing OkObjectResult, writing value of type 'System.Int32'.
2025-08-10 10:43:18.555 +05:30 [INF] Executed action AuthNet.Controllers.ProductsController.GetProductCount (AuthNet) in 248.0951ms
2025-08-10 10:43:18.555 +05:30 [INF] Executed endpoint 'AuthNet.Controllers.ProductsController.GetProductCount (AuthNet)'
2025-08-10 10:43:18.555 +05:30 [INF] Request finished HTTP/1.1 GET https://localhost:7165/api/Products/count - 200 null application/json; charset=utf-8 249.0791ms
2025-08-10 10:43:18.602 +05:30 [INF] Request starting HTTP/1.1 GET https://localhost:7165/api/Suppliers/count - null null
2025-08-10 10:43:18.603 +05:30 [INF] Executing endpoint 'AuthNet.Controllers.SuppliersController.GetSupplierCount (AuthNet)'
2025-08-10 10:43:18.604 +05:30 [INF] Route matched with {action = "GetSupplierCount", controller = "Suppliers"}. Executing controller action with signature System.Threading.Tasks.Task`1[Microsoft.AspNetCore.Mvc.IActionResult] GetSupplierCount() on controller AuthNet.Controllers.SuppliersController (AuthNet).
2025-08-10 10:43:18.624 +05:30 [INF] Executed DbCommand (10ms) [Parameters=[], CommandType='"Text"', CommandTimeout='30']
SELECT COUNT(*)
FROM [Suppliers] AS [s]
2025-08-10 10:43:18.624 +05:30 [INF] Executing OkObjectResult, writing value of type 'System.Int32'.
2025-08-10 10:43:18.625 +05:30 [INF] Executed action AuthNet.Controllers.SuppliersController.GetSupplierCount (AuthNet) in 20.5044ms
2025-08-10 10:43:18.625 +05:30 [INF] Executed endpoint 'AuthNet.Controllers.SuppliersController.GetSupplierCount (AuthNet)'
2025-08-10 10:43:18.625 +05:30 [INF] Request finished HTTP/1.1 GET https://localhost:7165/api/Suppliers/count - 200 null application/json; charset=utf-8 22.994ms
2025-08-10 10:43:18.718 +05:30 [INF] Request starting HTTP/1.1 GET https://localhost:7165/api/Categories/count - null null
2025-08-10 10:43:18.722 +05:30 [INF] Executing endpoint 'AuthNet.Controllers.CategoriesController.GetCategoryCount (AuthNet)'
2025-08-10 10:43:18.723 +05:30 [INF] Route matched with {action = "GetCategoryCount", controller = "Categories"}. Executing controller action with signature System.Threading.Tasks.Task`1[Microsoft.AspNetCore.Mvc.IActionResult] GetCategoryCount() on controller AuthNet.Controllers.CategoriesController (AuthNet).
2025-08-10 10:43:18.769 +05:30 [INF] Executed DbCommand (42ms) [Parameters=[], CommandType='"Text"', CommandTimeout='30']
SELECT COUNT(*)
FROM [Categories] AS [c]
2025-08-10 10:43:18.770 +05:30 [INF] Executing OkObjectResult, writing value of type 'System.Int32'.
2025-08-10 10:43:18.770 +05:30 [INF] Executed action AuthNet.Controllers.CategoriesController.GetCategoryCount (AuthNet) in 46.7191ms
2025-08-10 10:43:18.770 +05:30 [INF] Executed endpoint 'AuthNet.Controllers.CategoriesController.GetCategoryCount (AuthNet)'
2025-08-10 10:43:18.770 +05:30 [INF] Request finished HTTP/1.1 GET https://localhost:7165/api/Categories/count - 200 null application/json; charset=utf-8 52.4606ms
2025-08-10 10:43:18.847 +05:30 [INF] Request starting HTTP/1.1 GET https://localhost:7165/api/Orders/count - null null
2025-08-10 10:43:18.847 +05:30 [INF] Executing endpoint 'AuthNet.Controllers.OrdersController.GetOrderCount (AuthNet)'
2025-08-10 10:43:18.847 +05:30 [INF] Route matched with {action = "GetOrderCount", controller = "Orders"}. Executing controller action with signature System.Threading.Tasks.Task`1[Microsoft.AspNetCore.Mvc.IActionResult] GetOrderCount() on controller AuthNet.Controllers.OrdersController (AuthNet).
2025-08-10 10:43:18.864 +05:30 [INF] Executed DbCommand (15ms) [Parameters=[], CommandType='"Text"', CommandTimeout='30']
SELECT COUNT(*)
FROM [Orders] AS [o]
2025-08-10 10:43:18.864 +05:30 [INF] Executing OkObjectResult, writing value of type 'System.Int32'.
2025-08-10 10:43:18.864 +05:30 [INF] Executed action AuthNet.Controllers.OrdersController.GetOrderCount (AuthNet) in 16.8ms
2025-08-10 10:43:18.864 +05:30 [INF] Executed endpoint 'AuthNet.Controllers.OrdersController.GetOrderCount (AuthNet)'
2025-08-10 10:43:18.865 +05:30 [INF] Request finished HTTP/1.1 GET https://localhost:7165/api/Orders/count - 200 null application/json; charset=utf-8 17.9577ms
2025-08-10 10:43:18.998 +05:30 [INF] Request starting HTTP/1.1 GET https://localhost:7165/api/Customers/count - null null
2025-08-10 10:43:18.998 +05:30 [INF] Executing endpoint 'AuthNet.Controllers.CustomersController.GetCustomerCount (AuthNet)'
2025-08-10 10:43:18.998 +05:30 [INF] Route matched with {action = "GetCustomerCount", controller = "Customers"}. Executing controller action with signature System.Threading.Tasks.Task`1[Microsoft.AspNetCore.Mvc.IActionResult] GetCustomerCount() on controller AuthNet.Controllers.CustomersController (AuthNet).
2025-08-10 10:43:19.134 +05:30 [INF] Executed DbCommand (134ms) [Parameters=[], CommandType='"Text"', CommandTimeout='30']
SELECT COUNT(*)
FROM [Customers] AS [c]
2025-08-10 10:43:19.134 +05:30 [INF] Executing OkObjectResult, writing value of type 'System.Int32'.
2025-08-10 10:43:19.134 +05:30 [INF] Executed action AuthNet.Controllers.CustomersController.GetCustomerCount (AuthNet) in 135.8264ms
2025-08-10 10:43:19.134 +05:30 [INF] Executed endpoint 'AuthNet.Controllers.CustomersController.GetCustomerCount (AuthNet)'
2025-08-10 10:43:19.135 +05:30 [INF] Request finished HTTP/1.1 GET https://localhost:7165/api/Customers/count - 200 null application/json; charset=utf-8 137.4499ms
2025-08-10 10:43:19.524 +05:30 [INF] Request starting HTTP/1.1 GET https://localhost:7165/api/Tasks - null null
2025-08-10 10:43:19.525 +05:30 [INF] Executing endpoint 'AuthNet.Controllers.TasksController.GetTasks (AuthNet)'
2025-08-10 10:43:19.525 +05:30 [INF] Route matched with {action = "GetTasks", controller = "Tasks"}. Executing controller action with signature Microsoft.AspNetCore.Mvc.IActionResult GetTasks() on controller AuthNet.Controllers.TasksController (AuthNet).
2025-08-10 10:43:19.542 +05:30 [INF] Executed DbCommand (17ms) [Parameters=[], CommandType='"Text"', CommandTimeout='30']
SELECT [t].[Id], [t].[Title], [t].[DueDate]
FROM [Tasks] AS [t]
2025-08-10 10:43:19.543 +05:30 [INF] Executing OkObjectResult, writing value of type 'System.Collections.Generic.List`1[[AuthNet.Models.DTO.TaskItemDto, AuthNet, Version=1.0.0.0, Culture=neutral, PublicKeyToken=null]]'.
2025-08-10 10:43:19.543 +05:30 [INF] Executed action AuthNet.Controllers.TasksController.GetTasks (AuthNet) in 18.3481ms
2025-08-10 10:43:19.543 +05:30 [INF] Executed endpoint 'AuthNet.Controllers.TasksController.GetTasks (AuthNet)'
2025-08-10 10:43:19.543 +05:30 [INF] Request finished HTTP/1.1 GET https://localhost:7165/api/Tasks - 200 null application/json; charset=utf-8 19.4178ms
2025-08-10 10:43:19.644 +05:30 [INF] Request starting HTTP/1.1 GET https://localhost:7165/api/Settings/Get - null null
2025-08-10 10:43:19.645 +05:30 [INF] Executing endpoint 'AuthNet.Controllers.SettingsController.GetCompanyInfo (AuthNet)'
2025-08-10 10:43:19.645 +05:30 [INF] Route matched with {action = "GetCompanyInfo", controller = "Settings"}. Executing controller action with signature System.Threading.Tasks.Task`1[Microsoft.AspNetCore.Mvc.IActionResult] GetCompanyInfo() on controller AuthNet.Controllers.SettingsController (AuthNet).
2025-08-10 10:43:19.656 +05:30 [INF] Executed DbCommand (10ms) [Parameters=[], CommandType='"Text"', CommandTimeout='30']
SELECT TOP(1) [c].[Id], [c].[Address], [c].[AlternateContactNumber], [c].[ContactNumber], [c].[Email], [c].[GSTIN], [c].[LogoFileExtension], [c].[LogoFilePath], [c].[LogoFileSizeInBytes], [c].[LogoName], [c].[Name], [c].[SignFileExtension], [c].[SignFilePath], [c].[SignFileSizeInBytes], [c].[SignName]
FROM [CompanyInfos] AS [c]
2025-08-10 10:43:19.656 +05:30 [INF] Executing OkObjectResult, writing value of type 'AuthNet.Models.DTO.CompanyInfoResponseDto'.
2025-08-10 10:43:19.657 +05:30 [INF] Executed action AuthNet.Controllers.SettingsController.GetCompanyInfo (AuthNet) in 11.7021ms
2025-08-10 10:43:19.657 +05:30 [INF] Executed endpoint 'AuthNet.Controllers.SettingsController.GetCompanyInfo (AuthNet)'
2025-08-10 10:43:19.657 +05:30 [INF] Request finished HTTP/1.1 GET https://localhost:7165/api/Settings/Get - 200 null application/json; charset=utf-8 12.6541ms
2025-08-10 10:43:20.174 +05:30 [INF] Request starting HTTP/2 GET https://localhost:7165/api/Sales/WeeklyProfit - null null
2025-08-10 10:43:20.174 +05:30 [INF] Request starting HTTP/2 GET https://localhost:7165/api/Products/CategoryWiseProductCount - null null
2025-08-10 10:43:20.174 +05:30 [INF] CORS policy execution successful.
2025-08-10 10:43:20.174 +05:30 [INF] CORS policy execution successful.
2025-08-10 10:43:20.174 +05:30 [INF] Executing endpoint 'AuthNet.Controllers.SalesController.GetWeeklyProfit (AuthNet)'
2025-08-10 10:43:20.174 +05:30 [INF] Executing endpoint 'AuthNet.Controllers.ProductsController.GetCategoryWiseProductCount (AuthNet)'
2025-08-10 10:43:20.174 +05:30 [INF] Route matched with {action = "GetWeeklyProfit", controller = "Sales"}. Executing controller action with signature System.Threading.Tasks.Task`1[Microsoft.AspNetCore.Mvc.IActionResult] GetWeeklyProfit() on controller AuthNet.Controllers.SalesController (AuthNet).
2025-08-10 10:43:20.174 +05:30 [INF] Route matched with {action = "GetCategoryWiseProductCount", controller = "Products"}. Executing controller action with signature System.Threading.Tasks.Task`1[Microsoft.AspNetCore.Mvc.IActionResult] GetCategoryWiseProductCount() on controller AuthNet.Controllers.ProductsController (AuthNet).
2025-08-10 10:43:20.223 +05:30 [INF] Executed DbCommand (47ms) [Parameters=[@__startDate_0='?' (DbType = DateTime2), @__endDate_1='?' (DbType = DateTime2)], CommandType='"Text"', CommandTimeout='30']
SELECT [s].[Id], [s].[ProductId], [s].[ProductName], [s].[Quantity], [s].[SaleId], [s].[TotalPrice], [s].[UnitPrice], [s0].[Id], [s0].[AfterTaxAmount], [s0].[CreatedAt], [s0].[DiscountedAmount], [s0].[InvoiceDate], [s0].[InvoiceNo], [s0].[PrincipalAmount], [s0].[Template], [s0].[TotalAmount]
FROM [SaleItems] AS [s]
INNER JOIN [Sales] AS [s0] ON [s].[SaleId] = [s0].[Id]
WHERE CONVERT(date, [s0].[InvoiceDate]) >= @__startDate_0 AND CONVERT(date, [s0].[InvoiceDate]) <= @__endDate_1
2025-08-10 10:43:20.252 +05:30 [INF] Executed DbCommand (28ms) [Parameters=[@__productIds_0='?' (Size = 4000)], CommandType='"Text"', CommandTimeout='30']
SELECT [p].[ProductId], [p].[CategoryId], [p].[CostPrice], [p].[Description], [p].[Name], [p].[ProductCode], [p].[ProductKey], [p].[SellPrice], [p].[SupplierId]
FROM [Products] AS [p]
WHERE [p].[ProductId] IN (
    SELECT [p0].[value]
    FROM OPENJSON(@__productIds_0) WITH ([value] int '$') AS [p0]
)
2025-08-10 10:43:20.253 +05:30 [INF] Executing OkObjectResult, writing value of type 'System.Collections.Generic.List`1[[AuthNet.Models.DTO.DailyProfitDto, AuthNet, Version=1.0.0.0, Culture=neutral, PublicKeyToken=null]]'.
2025-08-10 10:43:20.253 +05:30 [INF] Executed action AuthNet.Controllers.SalesController.GetWeeklyProfit (AuthNet) in 78.4129ms
2025-08-10 10:43:20.253 +05:30 [INF] Executed endpoint 'AuthNet.Controllers.SalesController.GetWeeklyProfit (AuthNet)'
2025-08-10 10:43:20.253 +05:30 [INF] Request finished HTTP/2 GET https://localhost:7165/api/Sales/WeeklyProfit - 200 null application/json; charset=utf-8 79.5085ms
2025-08-10 10:43:20.410 +05:30 [INF] Executed DbCommand (70ms) [Parameters=[], CommandType='"Text"', CommandTimeout='30']
SELECT [c].[Name] AS [CategoryName], COUNT(*) AS [ProductCount]
FROM [Products] AS [p]
LEFT JOIN [Categories] AS [c] ON [p].[CategoryId] = [c].[CategoryId]
WHERE [c].[CategoryId] IS NOT NULL
GROUP BY [c].[Name]
2025-08-10 10:43:20.411 +05:30 [INF] Executing OkObjectResult, writing value of type 'System.Collections.Generic.List`1[[AuthNet.Models.DTO.CategoryProductCountDto, AuthNet, Version=1.0.0.0, Culture=neutral, PublicKeyToken=null]]'.
2025-08-10 10:43:20.411 +05:30 [INF] Executed action AuthNet.Controllers.ProductsController.GetCategoryWiseProductCount (AuthNet) in 236.4633ms
2025-08-10 10:43:20.411 +05:30 [INF] Executed endpoint 'AuthNet.Controllers.ProductsController.GetCategoryWiseProductCount (AuthNet)'
2025-08-10 10:43:20.411 +05:30 [INF] Request finished HTTP/2 GET https://localhost:7165/api/Products/CategoryWiseProductCount - 200 null application/json; charset=utf-8 237.3361ms
2025-08-10 10:43:22.617 +05:30 [INF] Request starting HTTP/2 GET https://localhost:7165/api/Sales/WeeklyProfit - null null
2025-08-10 10:43:22.617 +05:30 [INF] Request starting HTTP/2 GET https://localhost:7165/api/Products/CategoryWiseProductCount - null null
2025-08-10 10:43:22.618 +05:30 [INF] CORS policy execution successful.
2025-08-10 10:43:22.619 +05:30 [INF] CORS policy execution successful.
2025-08-10 10:43:22.619 +05:30 [INF] Executing endpoint 'AuthNet.Controllers.SalesController.GetWeeklyProfit (AuthNet)'
2025-08-10 10:43:22.619 +05:30 [INF] Executing endpoint 'AuthNet.Controllers.ProductsController.GetCategoryWiseProductCount (AuthNet)'
2025-08-10 10:43:22.619 +05:30 [INF] Route matched with {action = "GetWeeklyProfit", controller = "Sales"}. Executing controller action with signature System.Threading.Tasks.Task`1[Microsoft.AspNetCore.Mvc.IActionResult] GetWeeklyProfit() on controller AuthNet.Controllers.SalesController (AuthNet).
2025-08-10 10:43:22.619 +05:30 [INF] Route matched with {action = "GetCategoryWiseProductCount", controller = "Products"}. Executing controller action with signature System.Threading.Tasks.Task`1[Microsoft.AspNetCore.Mvc.IActionResult] GetCategoryWiseProductCount() on controller AuthNet.Controllers.ProductsController (AuthNet).
2025-08-10 10:43:22.642 +05:30 [INF] Executed DbCommand (21ms) [Parameters=[], CommandType='"Text"', CommandTimeout='30']
SELECT [c].[Name] AS [CategoryName], COUNT(*) AS [ProductCount]
FROM [Products] AS [p]
LEFT JOIN [Categories] AS [c] ON [p].[CategoryId] = [c].[CategoryId]
WHERE [c].[CategoryId] IS NOT NULL
GROUP BY [c].[Name]
2025-08-10 10:43:22.642 +05:30 [INF] Executed DbCommand (21ms) [Parameters=[@__startDate_0='?' (DbType = DateTime2), @__endDate_1='?' (DbType = DateTime2)], CommandType='"Text"', CommandTimeout='30']
SELECT [s].[Id], [s].[ProductId], [s].[ProductName], [s].[Quantity], [s].[SaleId], [s].[TotalPrice], [s].[UnitPrice], [s0].[Id], [s0].[AfterTaxAmount], [s0].[CreatedAt], [s0].[DiscountedAmount], [s0].[InvoiceDate], [s0].[InvoiceNo], [s0].[PrincipalAmount], [s0].[Template], [s0].[TotalAmount]
FROM [SaleItems] AS [s]
INNER JOIN [Sales] AS [s0] ON [s].[SaleId] = [s0].[Id]
WHERE CONVERT(date, [s0].[InvoiceDate]) >= @__startDate_0 AND CONVERT(date, [s0].[InvoiceDate]) <= @__endDate_1
2025-08-10 10:43:22.643 +05:30 [INF] Executing OkObjectResult, writing value of type 'System.Collections.Generic.List`1[[AuthNet.Models.DTO.CategoryProductCountDto, AuthNet, Version=1.0.0.0, Culture=neutral, PublicKeyToken=null]]'.
2025-08-10 10:43:22.643 +05:30 [INF] Executed action AuthNet.Controllers.ProductsController.GetCategoryWiseProductCount (AuthNet) in 23.4953ms
2025-08-10 10:43:22.644 +05:30 [INF] Executed endpoint 'AuthNet.Controllers.ProductsController.GetCategoryWiseProductCount (AuthNet)'
2025-08-10 10:43:22.644 +05:30 [INF] Request finished HTTP/2 GET https://localhost:7165/api/Products/CategoryWiseProductCount - 200 null application/json; charset=utf-8 27.2769ms
2025-08-10 10:43:22.679 +05:30 [INF] Executed DbCommand (36ms) [Parameters=[@__productIds_0='?' (Size = 4000)], CommandType='"Text"', CommandTimeout='30']
SELECT [p].[ProductId], [p].[CategoryId], [p].[CostPrice], [p].[Description], [p].[Name], [p].[ProductCode], [p].[ProductKey], [p].[SellPrice], [p].[SupplierId]
FROM [Products] AS [p]
WHERE [p].[ProductId] IN (
    SELECT [p0].[value]
    FROM OPENJSON(@__productIds_0) WITH ([value] int '$') AS [p0]
)
2025-08-10 10:43:22.679 +05:30 [INF] Executing OkObjectResult, writing value of type 'System.Collections.Generic.List`1[[AuthNet.Models.DTO.DailyProfitDto, AuthNet, Version=1.0.0.0, Culture=neutral, PublicKeyToken=null]]'.
2025-08-10 10:43:22.680 +05:30 [INF] Executed action AuthNet.Controllers.SalesController.GetWeeklyProfit (AuthNet) in 60.289ms
2025-08-10 10:43:22.680 +05:30 [INF] Executed endpoint 'AuthNet.Controllers.SalesController.GetWeeklyProfit (AuthNet)'
2025-08-10 10:43:22.680 +05:30 [INF] Request finished HTTP/2 GET https://localhost:7165/api/Sales/WeeklyProfit - 200 null application/json; charset=utf-8 63.3538ms
2025-08-10 10:44:18.533 +05:30 [INF] Request starting HTTP/1.1 POST https://localhost:7165/api/Auth/register - application/json; charset=utf-8 null
2025-08-10 10:44:18.535 +05:30 [INF] Executing endpoint 'AuthNet.Controllers.AuthController.Register (AuthNet)'
2025-08-10 10:44:18.547 +05:30 [INF] Route matched with {action = "Register", controller = "Auth"}. Executing controller action with signature System.Threading.Tasks.Task`1[Microsoft.AspNetCore.Mvc.IActionResult] Register(AuthNet.Models.DTO.RegisterDto) on controller AuthNet.Controllers.AuthController (AuthNet).
2025-08-10 10:44:19.019 +05:30 [INF] Executed DbCommand (90ms) [Parameters=[@__user_Username_0='?' (Size = 100)], CommandType='"Text"', CommandTimeout='30']
SELECT CASE
    WHEN EXISTS (
        SELECT 1
        FROM [Users] AS [u]
        WHERE [u].[Username] = @__user_Username_0) THEN CAST(1 AS bit)
    ELSE CAST(0 AS bit)
END
2025-08-10 10:44:19.032 +05:30 [INF] Executed DbCommand (6ms) [Parameters=[@__user_Email_0='?' (Size = 4000)], CommandType='"Text"', CommandTimeout='30']
SELECT CASE
    WHEN EXISTS (
        SELECT 1
        FROM [Users] AS [u]
        WHERE [u].[Email] = @__user_Email_0) THEN CAST(1 AS bit)
    ELSE CAST(0 AS bit)
END
2025-08-10 10:44:19.386 +05:30 [INF] Executed DbCommand (40ms) [Parameters=[@p0='?' (DbType = DateTime2), @p1='?' (Size = 4000), @p2='?' (Size = 100), @p3='?' (Size = 100), @p4='?' (Size = 4000), @p5='?' (Size = 50), @p6='?' (Size = 100)], CommandType='"Text"', CommandTimeout='30']
SET IMPLICIT_TRANSACTIONS OFF;
SET NOCOUNT ON;
INSERT INTO [Users] ([CreatedAt], [Email], [Firstname], [Lastname], [PasswordHash], [Role], [Username])
OUTPUT INSERTED.[UserId]
VALUES (@p0, @p1, @p2, @p3, @p4, @p5, @p6);
2025-08-10 10:44:19.454 +05:30 [INF] Executing OkObjectResult, writing value of type 'System.String'.
2025-08-10 10:44:19.455 +05:30 [INF] Executed action AuthNet.Controllers.AuthController.Register (AuthNet) in 907.3373ms
2025-08-10 10:44:19.455 +05:30 [INF] Executed endpoint 'AuthNet.Controllers.AuthController.Register (AuthNet)'
2025-08-10 10:44:19.455 +05:30 [INF] Request finished HTTP/1.1 POST https://localhost:7165/api/Auth/register - 200 null text/plain; charset=utf-8 922.499ms
2025-08-10 10:44:19.493 +05:30 [INF] Request starting HTTP/1.1 POST https://localhost:7165/api/Email/send-new-user - application/json; charset=utf-8 null
2025-08-10 10:44:19.494 +05:30 [INF] Executing endpoint 'AuthNet.Controllers.EmailController.SendNewUserEmail (AuthNet)'
2025-08-10 10:44:19.503 +05:30 [INF] Route matched with {action = "SendNewUserEmail", controller = "Email"}. Executing controller action with signature System.Threading.Tasks.Task`1[Microsoft.AspNetCore.Mvc.IActionResult] SendNewUserEmail(AuthNet.Models.DTO.NewUserEmailDto) on controller AuthNet.Controllers.EmailController (AuthNet).
2025-08-10 10:44:24.022 +05:30 [INF] Executing OkObjectResult, writing value of type 'System.String'.
2025-08-10 10:44:24.023 +05:30 [INF] Executed action AuthNet.Controllers.EmailController.SendNewUserEmail (AuthNet) in 4519.5469ms
2025-08-10 10:44:24.023 +05:30 [INF] Executed endpoint 'AuthNet.Controllers.EmailController.SendNewUserEmail (AuthNet)'
2025-08-10 10:44:24.023 +05:30 [INF] Request finished HTTP/1.1 POST https://localhost:7165/api/Email/send-new-user - 200 null text/plain; charset=utf-8 4529.65ms
2025-08-10 10:44:55.013 +05:30 [INF] Request starting HTTP/1.1 POST https://localhost:7165/api/Auth/login - application/json; charset=utf-8 null
2025-08-10 10:44:55.013 +05:30 [INF] Executing endpoint 'AuthNet.Controllers.AuthController.Login (AuthNet)'
2025-08-10 10:44:55.013 +05:30 [INF] Route matched with {action = "Login", controller = "Auth"}. Executing controller action with signature System.Threading.Tasks.Task`1[Microsoft.AspNetCore.Mvc.IActionResult] Login(AuthNet.Models.DTO.LoginDto) on controller AuthNet.Controllers.AuthController (AuthNet).
2025-08-10 10:44:55.095 +05:30 [INF] Executed DbCommand (71ms) [Parameters=[@__username_0='?' (Size = 100)], CommandType='"Text"', CommandTimeout='30']
SELECT TOP(1) [u].[UserId], [u].[CreatedAt], [u].[Email], [u].[Firstname], [u].[Lastname], [u].[PasswordHash], [u].[Role], [u].[Username]
FROM [Users] AS [u]
WHERE [u].[Username] = @__username_0
2025-08-10 10:44:55.428 +05:30 [INF] Executing OkObjectResult, writing value of type 'AuthNet.Models.DTO.ServiceResponse`1[[AuthNet.Models.DTO.LoginResponseDto, AuthNet, Version=1.0.0.0, Culture=neutral, PublicKeyToken=null]]'.
2025-08-10 10:44:55.429 +05:30 [INF] Executed action AuthNet.Controllers.AuthController.Login (AuthNet) in 415.251ms
2025-08-10 10:44:55.429 +05:30 [INF] Executed endpoint 'AuthNet.Controllers.AuthController.Login (AuthNet)'
2025-08-10 10:44:55.429 +05:30 [INF] Request finished HTTP/1.1 POST https://localhost:7165/api/Auth/login - 200 null application/json; charset=utf-8 416.1041ms
2025-08-10 10:44:55.537 +05:30 [INF] Request starting HTTP/1.1 GET https://localhost:7165/api/Sales/DailyProfit - null null
2025-08-10 10:44:55.537 +05:30 [INF] Executing endpoint 'AuthNet.Controllers.SalesController.GetDailyProfit (AuthNet)'
2025-08-10 10:44:55.537 +05:30 [INF] Route matched with {action = "GetDailyProfit", controller = "Sales"}. Executing controller action with signature System.Threading.Tasks.Task`1[Microsoft.AspNetCore.Mvc.IActionResult] GetDailyProfit() on controller AuthNet.Controllers.SalesController (AuthNet).
2025-08-10 10:44:55.563 +05:30 [INF] Executed DbCommand (23ms) [Parameters=[@__date_Date_0='?' (DbType = DateTime2)], CommandType='"Text"', CommandTimeout='30']
SELECT [s].[Id], [s].[ProductId], [s].[ProductName], [s].[Quantity], [s].[SaleId], [s].[TotalPrice], [s].[UnitPrice], [s0].[Id], [s0].[AfterTaxAmount], [s0].[CreatedAt], [s0].[DiscountedAmount], [s0].[InvoiceDate], [s0].[InvoiceNo], [s0].[PrincipalAmount], [s0].[Template], [s0].[TotalAmount]
FROM [SaleItems] AS [s]
INNER JOIN [Sales] AS [s0] ON [s].[SaleId] = [s0].[Id]
WHERE CONVERT(date, [s0].[InvoiceDate]) = @__date_Date_0
2025-08-10 10:44:55.577 +05:30 [INF] Executed DbCommand (11ms) [Parameters=[@__productIds_0='?' (Size = 4000)], CommandType='"Text"', CommandTimeout='30']
SELECT [p].[ProductId], [p].[CategoryId], [p].[CostPrice], [p].[Description], [p].[Name], [p].[ProductCode], [p].[ProductKey], [p].[SellPrice], [p].[SupplierId]
FROM [Products] AS [p]
WHERE [p].[ProductId] IN (
    SELECT [p0].[value]
    FROM OPENJSON(@__productIds_0) WITH ([value] int '$') AS [p0]
)
2025-08-10 10:44:55.579 +05:30 [INF] Executing OkObjectResult, writing value of type 'AuthNet.Models.DTO.DailyProfitDto'.
2025-08-10 10:44:55.579 +05:30 [INF] Executed action AuthNet.Controllers.SalesController.GetDailyProfit (AuthNet) in 42.2172ms
2025-08-10 10:44:55.579 +05:30 [INF] Executed endpoint 'AuthNet.Controllers.SalesController.GetDailyProfit (AuthNet)'
2025-08-10 10:44:55.580 +05:30 [INF] Request finished HTTP/1.1 GET https://localhost:7165/api/Sales/DailyProfit - 200 null application/json; charset=utf-8 43.0488ms
2025-08-10 10:44:55.638 +05:30 [INF] Request starting HTTP/1.1 GET https://localhost:7165/api/Sales/CurrentMonthProfit - null null
2025-08-10 10:44:55.638 +05:30 [INF] Executing endpoint 'AuthNet.Controllers.SalesController.GetCurrentMonthProfit (AuthNet)'
2025-08-10 10:44:55.638 +05:30 [INF] Route matched with {action = "GetCurrentMonthProfit", controller = "Sales"}. Executing controller action with signature System.Threading.Tasks.Task`1[Microsoft.AspNetCore.Mvc.IActionResult] GetCurrentMonthProfit() on controller AuthNet.Controllers.SalesController (AuthNet).
2025-08-10 10:44:55.647 +05:30 [INF] Executed DbCommand (7ms) [Parameters=[@__currentYear_0='?' (DbType = Int32), @__currentMonth_1='?' (DbType = Int32)], CommandType='"Text"', CommandTimeout='30']
SELECT [s].[Id], [s].[ProductId], [s].[ProductName], [s].[Quantity], [s].[SaleId], [s].[TotalPrice], [s].[UnitPrice], [s0].[Id], [s0].[AfterTaxAmount], [s0].[CreatedAt], [s0].[DiscountedAmount], [s0].[InvoiceDate], [s0].[InvoiceNo], [s0].[PrincipalAmount], [s0].[Template], [s0].[TotalAmount]
FROM [SaleItems] AS [s]
INNER JOIN [Sales] AS [s0] ON [s].[SaleId] = [s0].[Id]
WHERE DATEPART(year, [s0].[InvoiceDate]) = @__currentYear_0 AND DATEPART(month, [s0].[InvoiceDate]) = @__currentMonth_1
2025-08-10 10:44:55.647 +05:30 [INF] Executing OkObjectResult, writing value of type 'AuthNet.Models.DTO.MonthlyProfitDto'.
2025-08-10 10:44:55.648 +05:30 [INF] Executed action AuthNet.Controllers.SalesController.GetCurrentMonthProfit (AuthNet) in 9.5106ms
2025-08-10 10:44:55.648 +05:30 [INF] Executed endpoint 'AuthNet.Controllers.SalesController.GetCurrentMonthProfit (AuthNet)'
2025-08-10 10:44:55.648 +05:30 [INF] Request finished HTTP/1.1 GET https://localhost:7165/api/Sales/CurrentMonthProfit - 200 null application/json; charset=utf-8 10.4162ms
2025-08-10 10:44:55.762 +05:30 [INF] Request starting HTTP/1.1 GET https://localhost:7165/api/Sales/CurrentYearProfit - null null
2025-08-10 10:44:55.763 +05:30 [INF] Executing endpoint 'AuthNet.Controllers.SalesController.GetCurrentYearProfit (AuthNet)'
2025-08-10 10:44:55.763 +05:30 [INF] Route matched with {action = "GetCurrentYearProfit", controller = "Sales"}. Executing controller action with signature System.Threading.Tasks.Task`1[Microsoft.AspNetCore.Mvc.IActionResult] GetCurrentYearProfit() on controller AuthNet.Controllers.SalesController (AuthNet).
2025-08-10 10:44:55.936 +05:30 [INF] Executed DbCommand (169ms) [Parameters=[@__currentYear_0='?' (DbType = Int32)], CommandType='"Text"', CommandTimeout='30']
SELECT [s].[Id], [s].[ProductId], [s].[ProductName], [s].[Quantity], [s].[SaleId], [s].[TotalPrice], [s].[UnitPrice], [s0].[Id], [s0].[AfterTaxAmount], [s0].[CreatedAt], [s0].[DiscountedAmount], [s0].[InvoiceDate], [s0].[InvoiceNo], [s0].[PrincipalAmount], [s0].[Template], [s0].[TotalAmount]
FROM [SaleItems] AS [s]
INNER JOIN [Sales] AS [s0] ON [s].[SaleId] = [s0].[Id]
WHERE DATEPART(year, [s0].[InvoiceDate]) = @__currentYear_0
2025-08-10 10:44:55.949 +05:30 [INF] Executed DbCommand (12ms) [Parameters=[@__productIds_0='?' (Size = 4000)], CommandType='"Text"', CommandTimeout='30']
SELECT [p].[ProductId], [p].[CategoryId], [p].[CostPrice], [p].[Description], [p].[Name], [p].[ProductCode], [p].[ProductKey], [p].[SellPrice], [p].[SupplierId]
FROM [Products] AS [p]
WHERE [p].[ProductId] IN (
    SELECT [p0].[value]
    FROM OPENJSON(@__productIds_0) WITH ([value] int '$') AS [p0]
)
2025-08-10 10:44:55.950 +05:30 [INF] Executing OkObjectResult, writing value of type 'AuthNet.Models.DTO.YearlyProfitDto'.
2025-08-10 10:44:55.950 +05:30 [INF] Executed action AuthNet.Controllers.SalesController.GetCurrentYearProfit (AuthNet) in 187.4239ms
2025-08-10 10:44:55.950 +05:30 [INF] Executed endpoint 'AuthNet.Controllers.SalesController.GetCurrentYearProfit (AuthNet)'
2025-08-10 10:44:55.951 +05:30 [INF] Request finished HTTP/1.1 GET https://localhost:7165/api/Sales/CurrentYearProfit - 200 null application/json; charset=utf-8 188.1677ms
2025-08-10 10:44:56.254 +05:30 [INF] Request starting HTTP/1.1 GET https://localhost:7165/api/Products/count - null null
2025-08-10 10:44:56.256 +05:30 [INF] Executing endpoint 'AuthNet.Controllers.ProductsController.GetProductCount (AuthNet)'
2025-08-10 10:44:56.256 +05:30 [INF] Route matched with {action = "GetProductCount", controller = "Products"}. Executing controller action with signature System.Threading.Tasks.Task`1[Microsoft.AspNetCore.Mvc.IActionResult] GetProductCount() on controller AuthNet.Controllers.ProductsController (AuthNet).
2025-08-10 10:44:56.266 +05:30 [INF] Executed DbCommand (9ms) [Parameters=[], CommandType='"Text"', CommandTimeout='30']
SELECT COUNT(*)
FROM [Products] AS [p]
2025-08-10 10:44:56.267 +05:30 [INF] Executing OkObjectResult, writing value of type 'System.Int32'.
2025-08-10 10:44:56.267 +05:30 [INF] Executed action AuthNet.Controllers.ProductsController.GetProductCount (AuthNet) in 10.9583ms
2025-08-10 10:44:56.267 +05:30 [INF] Executed endpoint 'AuthNet.Controllers.ProductsController.GetProductCount (AuthNet)'
2025-08-10 10:44:56.267 +05:30 [INF] Request finished HTTP/1.1 GET https://localhost:7165/api/Products/count - 200 null application/json; charset=utf-8 12.8527ms
2025-08-10 10:44:56.715 +05:30 [INF] Request starting HTTP/1.1 GET https://localhost:7165/api/Suppliers/count - null null
2025-08-10 10:44:56.716 +05:30 [INF] Executing endpoint 'AuthNet.Controllers.SuppliersController.GetSupplierCount (AuthNet)'
2025-08-10 10:44:56.716 +05:30 [INF] Route matched with {action = "GetSupplierCount", controller = "Suppliers"}. Executing controller action with signature System.Threading.Tasks.Task`1[Microsoft.AspNetCore.Mvc.IActionResult] GetSupplierCount() on controller AuthNet.Controllers.SuppliersController (AuthNet).
2025-08-10 10:44:56.795 +05:30 [INF] Executed DbCommand (78ms) [Parameters=[], CommandType='"Text"', CommandTimeout='30']
SELECT COUNT(*)
FROM [Suppliers] AS [s]
2025-08-10 10:44:56.795 +05:30 [INF] Executing OkObjectResult, writing value of type 'System.Int32'.
2025-08-10 10:44:56.795 +05:30 [INF] Executed action AuthNet.Controllers.SuppliersController.GetSupplierCount (AuthNet) in 79.1534ms
2025-08-10 10:44:56.796 +05:30 [INF] Executed endpoint 'AuthNet.Controllers.SuppliersController.GetSupplierCount (AuthNet)'
2025-08-10 10:44:56.796 +05:30 [INF] Request finished HTTP/1.1 GET https://localhost:7165/api/Suppliers/count - 200 null application/json; charset=utf-8 80.2892ms
2025-08-10 10:44:57.235 +05:30 [INF] Request starting HTTP/1.1 GET https://localhost:7165/api/Categories/count - null null
2025-08-10 10:44:57.235 +05:30 [INF] Executing endpoint 'AuthNet.Controllers.CategoriesController.GetCategoryCount (AuthNet)'
2025-08-10 10:44:57.235 +05:30 [INF] Route matched with {action = "GetCategoryCount", controller = "Categories"}. Executing controller action with signature System.Threading.Tasks.Task`1[Microsoft.AspNetCore.Mvc.IActionResult] GetCategoryCount() on controller AuthNet.Controllers.CategoriesController (AuthNet).
2025-08-10 10:44:57.317 +05:30 [INF] Executed DbCommand (81ms) [Parameters=[], CommandType='"Text"', CommandTimeout='30']
SELECT COUNT(*)
FROM [Categories] AS [c]
2025-08-10 10:44:57.317 +05:30 [INF] Executing OkObjectResult, writing value of type 'System.Int32'.
2025-08-10 10:44:57.317 +05:30 [INF] Executed action AuthNet.Controllers.CategoriesController.GetCategoryCount (AuthNet) in 82.4047ms
2025-08-10 10:44:57.318 +05:30 [INF] Executed endpoint 'AuthNet.Controllers.CategoriesController.GetCategoryCount (AuthNet)'
2025-08-10 10:44:57.318 +05:30 [INF] Request finished HTTP/1.1 GET https://localhost:7165/api/Categories/count - 200 null application/json; charset=utf-8 83.0882ms
2025-08-10 10:44:57.339 +05:30 [INF] Request starting HTTP/1.1 GET https://localhost:7165/api/Orders/count - null null
2025-08-10 10:44:57.340 +05:30 [INF] Executing endpoint 'AuthNet.Controllers.OrdersController.GetOrderCount (AuthNet)'
2025-08-10 10:44:57.340 +05:30 [INF] Route matched with {action = "GetOrderCount", controller = "Orders"}. Executing controller action with signature System.Threading.Tasks.Task`1[Microsoft.AspNetCore.Mvc.IActionResult] GetOrderCount() on controller AuthNet.Controllers.OrdersController (AuthNet).
2025-08-10 10:44:57.396 +05:30 [INF] Executed DbCommand (55ms) [Parameters=[], CommandType='"Text"', CommandTimeout='30']
SELECT COUNT(*)
FROM [Orders] AS [o]
2025-08-10 10:44:57.396 +05:30 [INF] Executing OkObjectResult, writing value of type 'System.Int32'.
2025-08-10 10:44:57.396 +05:30 [INF] Executed action AuthNet.Controllers.OrdersController.GetOrderCount (AuthNet) in 56.1464ms
2025-08-10 10:44:57.396 +05:30 [INF] Executed endpoint 'AuthNet.Controllers.OrdersController.GetOrderCount (AuthNet)'
2025-08-10 10:44:57.399 +05:30 [INF] Request finished HTTP/1.1 GET https://localhost:7165/api/Orders/count - 200 null application/json; charset=utf-8 57.3653ms
2025-08-10 10:44:57.512 +05:30 [INF] Request starting HTTP/1.1 GET https://localhost:7165/api/Customers/count - null null
2025-08-10 10:44:57.513 +05:30 [INF] Executing endpoint 'AuthNet.Controllers.CustomersController.GetCustomerCount (AuthNet)'
2025-08-10 10:44:57.513 +05:30 [INF] Route matched with {action = "GetCustomerCount", controller = "Customers"}. Executing controller action with signature System.Threading.Tasks.Task`1[Microsoft.AspNetCore.Mvc.IActionResult] GetCustomerCount() on controller AuthNet.Controllers.CustomersController (AuthNet).
2025-08-10 10:44:57.546 +05:30 [INF] Executed DbCommand (22ms) [Parameters=[], CommandType='"Text"', CommandTimeout='30']
SELECT COUNT(*)
FROM [Customers] AS [c]
2025-08-10 10:44:57.548 +05:30 [INF] Executing OkObjectResult, writing value of type 'System.Int32'.
2025-08-10 10:44:57.548 +05:30 [INF] Executed action AuthNet.Controllers.CustomersController.GetCustomerCount (AuthNet) in 34.9799ms
2025-08-10 10:44:57.550 +05:30 [INF] Executed endpoint 'AuthNet.Controllers.CustomersController.GetCustomerCount (AuthNet)'
2025-08-10 10:44:57.550 +05:30 [INF] Request finished HTTP/1.1 GET https://localhost:7165/api/Customers/count - 200 null application/json; charset=utf-8 38.0664ms
2025-08-10 10:44:57.597 +05:30 [INF] Request starting HTTP/1.1 GET https://localhost:7165/api/Tasks - null null
2025-08-10 10:44:57.597 +05:30 [INF] Executing endpoint 'AuthNet.Controllers.TasksController.GetTasks (AuthNet)'
2025-08-10 10:44:57.598 +05:30 [INF] Route matched with {action = "GetTasks", controller = "Tasks"}. Executing controller action with signature Microsoft.AspNetCore.Mvc.IActionResult GetTasks() on controller AuthNet.Controllers.TasksController (AuthNet).
2025-08-10 10:44:57.640 +05:30 [INF] Executed DbCommand (40ms) [Parameters=[], CommandType='"Text"', CommandTimeout='30']
SELECT [t].[Id], [t].[Title], [t].[DueDate]
FROM [Tasks] AS [t]
2025-08-10 10:44:57.640 +05:30 [INF] Executing OkObjectResult, writing value of type 'System.Collections.Generic.List`1[[AuthNet.Models.DTO.TaskItemDto, AuthNet, Version=1.0.0.0, Culture=neutral, PublicKeyToken=null]]'.
2025-08-10 10:44:57.641 +05:30 [INF] Executed action AuthNet.Controllers.TasksController.GetTasks (AuthNet) in 42.8968ms
2025-08-10 10:44:57.641 +05:30 [INF] Executed endpoint 'AuthNet.Controllers.TasksController.GetTasks (AuthNet)'
2025-08-10 10:44:57.641 +05:30 [INF] Request finished HTTP/1.1 GET https://localhost:7165/api/Tasks - 200 null application/json; charset=utf-8 44.1242ms
2025-08-10 10:44:57.787 +05:30 [INF] Request starting HTTP/1.1 GET https://localhost:7165/api/Settings/Get - null null
2025-08-10 10:44:57.787 +05:30 [INF] Executing endpoint 'AuthNet.Controllers.SettingsController.GetCompanyInfo (AuthNet)'
2025-08-10 10:44:57.788 +05:30 [INF] Route matched with {action = "GetCompanyInfo", controller = "Settings"}. Executing controller action with signature System.Threading.Tasks.Task`1[Microsoft.AspNetCore.Mvc.IActionResult] GetCompanyInfo() on controller AuthNet.Controllers.SettingsController (AuthNet).
2025-08-10 10:44:57.807 +05:30 [INF] Executed DbCommand (16ms) [Parameters=[], CommandType='"Text"', CommandTimeout='30']
SELECT TOP(1) [c].[Id], [c].[Address], [c].[AlternateContactNumber], [c].[ContactNumber], [c].[Email], [c].[GSTIN], [c].[LogoFileExtension], [c].[LogoFilePath], [c].[LogoFileSizeInBytes], [c].[LogoName], [c].[Name], [c].[SignFileExtension], [c].[SignFilePath], [c].[SignFileSizeInBytes], [c].[SignName]
FROM [CompanyInfos] AS [c]
2025-08-10 10:44:57.807 +05:30 [INF] Executing OkObjectResult, writing value of type 'AuthNet.Models.DTO.CompanyInfoResponseDto'.
2025-08-10 10:44:57.808 +05:30 [INF] Executed action AuthNet.Controllers.SettingsController.GetCompanyInfo (AuthNet) in 19.8841ms
2025-08-10 10:44:57.808 +05:30 [INF] Executed endpoint 'AuthNet.Controllers.SettingsController.GetCompanyInfo (AuthNet)'
2025-08-10 10:44:57.808 +05:30 [INF] Request finished HTTP/1.1 GET https://localhost:7165/api/Settings/Get - 200 null application/json; charset=utf-8 20.7635ms
2025-08-10 10:44:58.355 +05:30 [INF] Request starting HTTP/2 GET https://localhost:7165/api/Sales/WeeklyProfit - null null
2025-08-10 10:44:58.355 +05:30 [INF] CORS policy execution successful.
2025-08-10 10:44:58.355 +05:30 [INF] Executing endpoint 'AuthNet.Controllers.SalesController.GetWeeklyProfit (AuthNet)'
2025-08-10 10:44:58.355 +05:30 [INF] Route matched with {action = "GetWeeklyProfit", controller = "Sales"}. Executing controller action with signature System.Threading.Tasks.Task`1[Microsoft.AspNetCore.Mvc.IActionResult] GetWeeklyProfit() on controller AuthNet.Controllers.SalesController (AuthNet).
2025-08-10 10:44:58.360 +05:30 [INF] Request starting HTTP/2 GET https://localhost:7165/api/Products/CategoryWiseProductCount - null null
2025-08-10 10:44:58.361 +05:30 [INF] CORS policy execution successful.
2025-08-10 10:44:58.361 +05:30 [INF] Executing endpoint 'AuthNet.Controllers.ProductsController.GetCategoryWiseProductCount (AuthNet)'
2025-08-10 10:44:58.361 +05:30 [INF] Route matched with {action = "GetCategoryWiseProductCount", controller = "Products"}. Executing controller action with signature System.Threading.Tasks.Task`1[Microsoft.AspNetCore.Mvc.IActionResult] GetCategoryWiseProductCount() on controller AuthNet.Controllers.ProductsController (AuthNet).
2025-08-10 10:44:58.373 +05:30 [INF] Executed DbCommand (16ms) [Parameters=[@__startDate_0='?' (DbType = DateTime2), @__endDate_1='?' (DbType = DateTime2)], CommandType='"Text"', CommandTimeout='30']
SELECT [s].[Id], [s].[ProductId], [s].[ProductName], [s].[Quantity], [s].[SaleId], [s].[TotalPrice], [s].[UnitPrice], [s0].[Id], [s0].[AfterTaxAmount], [s0].[CreatedAt], [s0].[DiscountedAmount], [s0].[InvoiceDate], [s0].[InvoiceNo], [s0].[PrincipalAmount], [s0].[Template], [s0].[TotalAmount]
FROM [SaleItems] AS [s]
INNER JOIN [Sales] AS [s0] ON [s].[SaleId] = [s0].[Id]
WHERE CONVERT(date, [s0].[InvoiceDate]) >= @__startDate_0 AND CONVERT(date, [s0].[InvoiceDate]) <= @__endDate_1
2025-08-10 10:44:58.390 +05:30 [INF] Executed DbCommand (13ms) [Parameters=[@__productIds_0='?' (Size = 4000)], CommandType='"Text"', CommandTimeout='30']
SELECT [p].[ProductId], [p].[CategoryId], [p].[CostPrice], [p].[Description], [p].[Name], [p].[ProductCode], [p].[ProductKey], [p].[SellPrice], [p].[SupplierId]
FROM [Products] AS [p]
WHERE [p].[ProductId] IN (
    SELECT [p0].[value]
    FROM OPENJSON(@__productIds_0) WITH ([value] int '$') AS [p0]
)
2025-08-10 10:44:58.390 +05:30 [INF] Executing OkObjectResult, writing value of type 'System.Collections.Generic.List`1[[AuthNet.Models.DTO.DailyProfitDto, AuthNet, Version=1.0.0.0, Culture=neutral, PublicKeyToken=null]]'.
2025-08-10 10:44:58.390 +05:30 [INF] Executed action AuthNet.Controllers.SalesController.GetWeeklyProfit (AuthNet) in 35.3918ms
2025-08-10 10:44:58.391 +05:30 [INF] Executed endpoint 'AuthNet.Controllers.SalesController.GetWeeklyProfit (AuthNet)'
2025-08-10 10:44:58.391 +05:30 [INF] Request finished HTTP/2 GET https://localhost:7165/api/Sales/WeeklyProfit - 200 null application/json; charset=utf-8 36.2157ms
2025-08-10 10:44:58.400 +05:30 [INF] Executed DbCommand (38ms) [Parameters=[], CommandType='"Text"', CommandTimeout='30']
SELECT [c].[Name] AS [CategoryName], COUNT(*) AS [ProductCount]
FROM [Products] AS [p]
LEFT JOIN [Categories] AS [c] ON [p].[CategoryId] = [c].[CategoryId]
WHERE [c].[CategoryId] IS NOT NULL
GROUP BY [c].[Name]
2025-08-10 10:44:58.401 +05:30 [INF] Executing OkObjectResult, writing value of type 'System.Collections.Generic.List`1[[AuthNet.Models.DTO.CategoryProductCountDto, AuthNet, Version=1.0.0.0, Culture=neutral, PublicKeyToken=null]]'.
2025-08-10 10:44:58.401 +05:30 [INF] Executed action AuthNet.Controllers.ProductsController.GetCategoryWiseProductCount (AuthNet) in 39.7194ms
2025-08-10 10:44:58.401 +05:30 [INF] Executed endpoint 'AuthNet.Controllers.ProductsController.GetCategoryWiseProductCount (AuthNet)'
2025-08-10 10:44:58.401 +05:30 [INF] Request finished HTTP/2 GET https://localhost:7165/api/Products/CategoryWiseProductCount - 200 null application/json; charset=utf-8 40.5444ms
2025-08-10 10:45:18.318 +05:30 [INF] Request starting HTTP/1.1 POST https://localhost:7165/api/Users/UpdateProfile - application/json; charset=utf-8 null
2025-08-10 10:45:18.319 +05:30 [INF] Executing endpoint 'AuthNet.Controllers.UsersController.UpdateProfile (AuthNet)'
2025-08-10 10:45:18.329 +05:30 [INF] Route matched with {action = "UpdateProfile", controller = "Users"}. Executing controller action with signature System.Threading.Tasks.Task`1[Microsoft.AspNetCore.Mvc.IActionResult] UpdateProfile(AuthNet.Models.DTO.UpdateProfileDTO) on controller AuthNet.Controllers.UsersController (AuthNet).
2025-08-10 10:45:18.394 +05:30 [INF] Executed DbCommand (13ms) [Parameters=[@__p_0='?' (DbType = Int32)], CommandType='"Text"', CommandTimeout='30']
SELECT TOP(1) [u].[UserId], [u].[CreatedAt], [u].[Email], [u].[Firstname], [u].[Lastname], [u].[PasswordHash], [u].[Role], [u].[Username]
FROM [Users] AS [u]
WHERE [u].[UserId] = @__p_0
2025-08-10 10:45:18.420 +05:30 [INF] Executed DbCommand (17ms) [Parameters=[@p1='?' (DbType = Int32), @p0='?' (Size = 100)], CommandType='"Text"', CommandTimeout='30']
SET IMPLICIT_TRANSACTIONS OFF;
SET NOCOUNT ON;
UPDATE [Users] SET [Firstname] = @p0
OUTPUT 1
WHERE [UserId] = @p1;
2025-08-10 10:45:18.423 +05:30 [INF] Executing OkObjectResult, writing value of type 'AuthNet.Models.DTO.ServiceResponse`1[[System.String, System.Private.CoreLib, Version=8.0.0.0, Culture=neutral, PublicKeyToken=7cec85d7bea7798e]]'.
2025-08-10 10:45:18.425 +05:30 [INF] Executed action AuthNet.Controllers.UsersController.UpdateProfile (AuthNet) in 95.792ms
2025-08-10 10:45:18.425 +05:30 [INF] Executed endpoint 'AuthNet.Controllers.UsersController.UpdateProfile (AuthNet)'
2025-08-10 10:45:18.425 +05:30 [INF] Request finished HTTP/1.1 POST https://localhost:7165/api/Users/UpdateProfile - 200 null application/json; charset=utf-8 107.0803ms
2025-08-10 10:45:23.336 +05:30 [INF] Request starting HTTP/1.1 GET https://localhost:7165/api/Settings/Get - null null
2025-08-10 10:45:23.336 +05:30 [INF] Executing endpoint 'AuthNet.Controllers.SettingsController.GetCompanyInfo (AuthNet)'
2025-08-10 10:45:23.337 +05:30 [INF] Route matched with {action = "GetCompanyInfo", controller = "Settings"}. Executing controller action with signature System.Threading.Tasks.Task`1[Microsoft.AspNetCore.Mvc.IActionResult] GetCompanyInfo() on controller AuthNet.Controllers.SettingsController (AuthNet).
2025-08-10 10:45:23.384 +05:30 [INF] Executed DbCommand (46ms) [Parameters=[], CommandType='"Text"', CommandTimeout='30']
SELECT TOP(1) [c].[Id], [c].[Address], [c].[AlternateContactNumber], [c].[ContactNumber], [c].[Email], [c].[GSTIN], [c].[LogoFileExtension], [c].[LogoFilePath], [c].[LogoFileSizeInBytes], [c].[LogoName], [c].[Name], [c].[SignFileExtension], [c].[SignFilePath], [c].[SignFileSizeInBytes], [c].[SignName]
FROM [CompanyInfos] AS [c]
2025-08-10 10:45:23.384 +05:30 [INF] Executing OkObjectResult, writing value of type 'AuthNet.Models.DTO.CompanyInfoResponseDto'.
2025-08-10 10:45:23.384 +05:30 [INF] Executed action AuthNet.Controllers.SettingsController.GetCompanyInfo (AuthNet) in 47.8418ms
2025-08-10 10:45:23.384 +05:30 [INF] Executed endpoint 'AuthNet.Controllers.SettingsController.GetCompanyInfo (AuthNet)'
2025-08-10 10:45:23.385 +05:30 [INF] Request finished HTTP/1.1 GET https://localhost:7165/api/Settings/Get - 200 null application/json; charset=utf-8 48.8088ms
2025-08-10 10:45:32.060 +05:30 [INF] Request starting HTTP/1.1 GET https://localhost:7165/api/Settings/Get - null null
2025-08-10 10:45:32.061 +05:30 [INF] Executing endpoint 'AuthNet.Controllers.SettingsController.GetCompanyInfo (AuthNet)'
2025-08-10 10:45:32.061 +05:30 [INF] Route matched with {action = "GetCompanyInfo", controller = "Settings"}. Executing controller action with signature System.Threading.Tasks.Task`1[Microsoft.AspNetCore.Mvc.IActionResult] GetCompanyInfo() on controller AuthNet.Controllers.SettingsController (AuthNet).
2025-08-10 10:45:32.077 +05:30 [INF] Executed DbCommand (14ms) [Parameters=[], CommandType='"Text"', CommandTimeout='30']
SELECT TOP(1) [c].[Id], [c].[Address], [c].[AlternateContactNumber], [c].[ContactNumber], [c].[Email], [c].[GSTIN], [c].[LogoFileExtension], [c].[LogoFilePath], [c].[LogoFileSizeInBytes], [c].[LogoName], [c].[Name], [c].[SignFileExtension], [c].[SignFilePath], [c].[SignFileSizeInBytes], [c].[SignName]
FROM [CompanyInfos] AS [c]
2025-08-10 10:45:32.078 +05:30 [INF] Executing OkObjectResult, writing value of type 'AuthNet.Models.DTO.CompanyInfoResponseDto'.
2025-08-10 10:45:32.078 +05:30 [INF] Executed action AuthNet.Controllers.SettingsController.GetCompanyInfo (AuthNet) in 17.2798ms
2025-08-10 10:45:32.078 +05:30 [INF] Executed endpoint 'AuthNet.Controllers.SettingsController.GetCompanyInfo (AuthNet)'
2025-08-10 10:45:32.078 +05:30 [INF] Request finished HTTP/1.1 GET https://localhost:7165/api/Settings/Get - 200 null application/json; charset=utf-8 18.1192ms
2025-08-10 10:45:37.732 +05:30 [INF] Request starting HTTP/1.1 PUT https://localhost:7165/api/Settings/Update - multipart/form-data; boundary="b0b51fe8-4550-461d-b92c-834e908a71c4" 1041
2025-08-10 10:45:37.733 +05:30 [INF] Executing endpoint 'AuthNet.Controllers.SettingsController.Update (AuthNet)'
2025-08-10 10:45:37.758 +05:30 [INF] Route matched with {action = "Update", controller = "Settings"}. Executing controller action with signature System.Threading.Tasks.Task`1[Microsoft.AspNetCore.Mvc.IActionResult] Update(AuthNet.Models.DTO.CompanyInfoDto) on controller AuthNet.Controllers.SettingsController (AuthNet).
2025-08-10 10:45:37.882 +05:30 [INF] Executed DbCommand (37ms) [Parameters=[], CommandType='"Text"', CommandTimeout='30']
SELECT TOP(1) [c].[Id], [c].[Address], [c].[AlternateContactNumber], [c].[ContactNumber], [c].[Email], [c].[GSTIN], [c].[LogoFileExtension], [c].[LogoFilePath], [c].[LogoFileSizeInBytes], [c].[LogoName], [c].[Name], [c].[SignFileExtension], [c].[SignFilePath], [c].[SignFileSizeInBytes], [c].[SignName]
FROM [CompanyInfos] AS [c]
2025-08-10 10:45:38.106 +05:30 [INF] Executed DbCommand (120ms) [Parameters=[@p0='?' (Size = 4000), @p1='?' (Size = 4000), @p2='?' (DbType = DateTime2), @p3='?' (Size = 4000), @p4='?' (Size = 4000), @p5='?' (Size = 4000), @p6='?' (Size = 4000), @p8='?' (DbType = Int32), @p7='?' (Size = 4000)], CommandType='"Text"', CommandTimeout='30']
SET NOCOUNT ON;
INSERT INTO [CompanyInfoHistories] ([Address], [AlternateContactNumber], [ArchivedAt], [ContactNumber], [Email], [GSTIN], [Name])
OUTPUT INSERTED.[Id]
VALUES (@p0, @p1, @p2, @p3, @p4, @p5, @p6);
UPDATE [CompanyInfos] SET [Name] = @p7
OUTPUT 1
WHERE [Id] = @p8;
2025-08-10 10:45:38.132 +05:30 [INF] Executing OkObjectResult, writing value of type 'AuthNet.Models.DTO.OperationResponse'.
2025-08-10 10:45:38.133 +05:30 [INF] Executed action AuthNet.Controllers.SettingsController.Update (AuthNet) in 374.677ms
2025-08-10 10:45:38.133 +05:30 [INF] Executed endpoint 'AuthNet.Controllers.SettingsController.Update (AuthNet)'
2025-08-10 10:45:38.134 +05:30 [INF] Request finished HTTP/1.1 PUT https://localhost:7165/api/Settings/Update - 200 null application/json; charset=utf-8 401.3005ms
2025-08-10 10:45:38.172 +05:30 [INF] Request starting HTTP/1.1 GET https://localhost:7165/api/Settings/Get - null null
2025-08-10 10:45:38.172 +05:30 [INF] Executing endpoint 'AuthNet.Controllers.SettingsController.GetCompanyInfo (AuthNet)'
2025-08-10 10:45:38.173 +05:30 [INF] Route matched with {action = "GetCompanyInfo", controller = "Settings"}. Executing controller action with signature System.Threading.Tasks.Task`1[Microsoft.AspNetCore.Mvc.IActionResult] GetCompanyInfo() on controller AuthNet.Controllers.SettingsController (AuthNet).
2025-08-10 10:45:38.180 +05:30 [INF] Executed DbCommand (7ms) [Parameters=[], CommandType='"Text"', CommandTimeout='30']
SELECT TOP(1) [c].[Id], [c].[Address], [c].[AlternateContactNumber], [c].[ContactNumber], [c].[Email], [c].[GSTIN], [c].[LogoFileExtension], [c].[LogoFilePath], [c].[LogoFileSizeInBytes], [c].[LogoName], [c].[Name], [c].[SignFileExtension], [c].[SignFilePath], [c].[SignFileSizeInBytes], [c].[SignName]
FROM [CompanyInfos] AS [c]
2025-08-10 10:45:38.181 +05:30 [INF] Executing OkObjectResult, writing value of type 'AuthNet.Models.DTO.CompanyInfoResponseDto'.
2025-08-10 10:45:38.181 +05:30 [INF] Executed action AuthNet.Controllers.SettingsController.GetCompanyInfo (AuthNet) in 8.7265ms
2025-08-10 10:45:38.181 +05:30 [INF] Executed endpoint 'AuthNet.Controllers.SettingsController.GetCompanyInfo (AuthNet)'
2025-08-10 10:45:38.182 +05:30 [INF] Request finished HTTP/1.1 GET https://localhost:7165/api/Settings/Get - 200 null application/json; charset=utf-8 9.4166ms
2025-08-10 10:45:51.474 +05:30 [INF] Request starting HTTP/1.1 GET https://localhost:7165/api/TaxSettings - null null
2025-08-10 10:45:51.476 +05:30 [INF] Executing endpoint 'AuthNet.Controllers.TaxSettingsController.GetAll (AuthNet)'
2025-08-10 10:45:51.483 +05:30 [INF] Route matched with {action = "GetAll", controller = "TaxSettings"}. Executing controller action with signature System.Threading.Tasks.Task`1[Microsoft.AspNetCore.Mvc.IActionResult] GetAll() on controller AuthNet.Controllers.TaxSettingsController (AuthNet).
2025-08-10 10:45:51.487 +05:30 [WRN] The query uses the 'First'/'FirstOrDefault' operator without 'OrderBy' and filter operators. This may lead to unpredictable results.
2025-08-10 10:45:51.545 +05:30 [INF] Executed DbCommand (52ms) [Parameters=[], CommandType='"Text"', CommandTimeout='30']
SELECT TOP(1) [t].[Id], [t].[CGST], [t].[IGST], [t].[SGST]
FROM [TaxSettings] AS [t]
2025-08-10 10:45:51.561 +05:30 [INF] Executing OkObjectResult, writing value of type 'AuthNet.Models.DTO.TaxSettingResponseDto'.
2025-08-10 10:45:51.564 +05:30 [INF] Executed action AuthNet.Controllers.TaxSettingsController.GetAll (AuthNet) in 81.252ms
2025-08-10 10:45:51.565 +05:30 [INF] Executed endpoint 'AuthNet.Controllers.TaxSettingsController.GetAll (AuthNet)'
2025-08-10 10:45:51.565 +05:30 [INF] Request finished HTTP/1.1 GET https://localhost:7165/api/TaxSettings - 200 null application/json; charset=utf-8 90.7857ms
2025-08-10 10:46:13.207 +05:30 [INF] Request starting HTTP/1.1 GET https://localhost:7165/api/TaxSettings - null null
2025-08-10 10:46:13.208 +05:30 [INF] Executing endpoint 'AuthNet.Controllers.TaxSettingsController.GetAll (AuthNet)'
2025-08-10 10:46:13.208 +05:30 [INF] Route matched with {action = "GetAll", controller = "TaxSettings"}. Executing controller action with signature System.Threading.Tasks.Task`1[Microsoft.AspNetCore.Mvc.IActionResult] GetAll() on controller AuthNet.Controllers.TaxSettingsController (AuthNet).
2025-08-10 10:46:13.223 +05:30 [INF] Executed DbCommand (10ms) [Parameters=[], CommandType='"Text"', CommandTimeout='30']
SELECT TOP(1) [t].[Id], [t].[CGST], [t].[IGST], [t].[SGST]
FROM [TaxSettings] AS [t]
2025-08-10 10:46:13.224 +05:30 [INF] Executing OkObjectResult, writing value of type 'AuthNet.Models.DTO.TaxSettingResponseDto'.
2025-08-10 10:46:13.224 +05:30 [INF] Executed action AuthNet.Controllers.TaxSettingsController.GetAll (AuthNet) in 15.9338ms
2025-08-10 10:46:13.224 +05:30 [INF] Executed endpoint 'AuthNet.Controllers.TaxSettingsController.GetAll (AuthNet)'
2025-08-10 10:46:13.224 +05:30 [INF] Request finished HTTP/1.1 GET https://localhost:7165/api/TaxSettings - 200 null application/json; charset=utf-8 16.8841ms
2025-08-10 10:46:25.141 +05:30 [INF] Request starting HTTP/1.1 PUT https://localhost:7165/api/TaxSettings/1 - application/json; charset=utf-8 null
2025-08-10 10:46:25.142 +05:30 [INF] Executing endpoint 'AuthNet.Controllers.TaxSettingsController.Update (AuthNet)'
2025-08-10 10:46:25.157 +05:30 [INF] Route matched with {action = "Update", controller = "TaxSettings"}. Executing controller action with signature System.Threading.Tasks.Task`1[Microsoft.AspNetCore.Mvc.IActionResult] Update(Int32, AuthNet.Models.Domain.TaxSetting) on controller AuthNet.Controllers.TaxSettingsController (AuthNet).
2025-08-10 10:46:25.202 +05:30 [INF] Executed DbCommand (12ms) [Parameters=[@__p_0='?' (DbType = Int32)], CommandType='"Text"', CommandTimeout='30']
SELECT TOP(1) [t].[Id], [t].[CGST], [t].[IGST], [t].[SGST]
FROM [TaxSettings] AS [t]
WHERE [t].[Id] = @__p_0
2025-08-10 10:46:25.249 +05:30 [INF] Executed DbCommand (11ms) [Parameters=[@p2='?' (DbType = Int32), @p0='?' (Precision = 18) (Scale = 2) (DbType = Decimal), @p1='?' (Precision = 18) (Scale = 2) (DbType = Decimal)], CommandType='"Text"', CommandTimeout='30']
SET IMPLICIT_TRANSACTIONS OFF;
SET NOCOUNT ON;
UPDATE [TaxSettings] SET [CGST] = @p0, [SGST] = @p1
OUTPUT 1
WHERE [Id] = @p2;
2025-08-10 10:46:25.251 +05:30 [INF] Executing OkObjectResult, writing value of type '<>f__AnonymousType0`1[[System.String, System.Private.CoreLib, Version=8.0.0.0, Culture=neutral, PublicKeyToken=7cec85d7bea7798e]]'.
2025-08-10 10:46:25.259 +05:30 [INF] Executed action AuthNet.Controllers.TaxSettingsController.Update (AuthNet) in 102.2002ms
2025-08-10 10:46:25.259 +05:30 [INF] Executed endpoint 'AuthNet.Controllers.TaxSettingsController.Update (AuthNet)'
2025-08-10 10:46:25.262 +05:30 [INF] Request finished HTTP/1.1 PUT https://localhost:7165/api/TaxSettings/1 - 200 null application/json; charset=utf-8 120.531ms
2025-08-10 10:46:25.302 +05:30 [INF] Request starting HTTP/1.1 GET https://localhost:7165/api/TaxSettings - null null
2025-08-10 10:46:25.302 +05:30 [INF] Executing endpoint 'AuthNet.Controllers.TaxSettingsController.GetAll (AuthNet)'
2025-08-10 10:46:25.302 +05:30 [INF] Route matched with {action = "GetAll", controller = "TaxSettings"}. Executing controller action with signature System.Threading.Tasks.Task`1[Microsoft.AspNetCore.Mvc.IActionResult] GetAll() on controller AuthNet.Controllers.TaxSettingsController (AuthNet).
2025-08-10 10:46:25.313 +05:30 [INF] Executed DbCommand (9ms) [Parameters=[], CommandType='"Text"', CommandTimeout='30']
SELECT TOP(1) [t].[Id], [t].[CGST], [t].[IGST], [t].[SGST]
FROM [TaxSettings] AS [t]
2025-08-10 10:46:25.313 +05:30 [INF] Executing OkObjectResult, writing value of type 'AuthNet.Models.DTO.TaxSettingResponseDto'.
2025-08-10 10:46:25.313 +05:30 [INF] Executed action AuthNet.Controllers.TaxSettingsController.GetAll (AuthNet) in 10.9918ms
2025-08-10 10:46:25.313 +05:30 [INF] Executed endpoint 'AuthNet.Controllers.TaxSettingsController.GetAll (AuthNet)'
2025-08-10 10:46:25.314 +05:30 [INF] Request finished HTTP/1.1 GET https://localhost:7165/api/TaxSettings - 200 null application/json; charset=utf-8 11.8937ms
2025-08-10 10:47:19.355 +05:30 [INF] Request starting HTTP/1.1 GET https://localhost:7165/api/Categories - null null
2025-08-10 10:47:19.355 +05:30 [INF] Executing endpoint 'AuthNet.Controllers.CategoriesController.GetAll (AuthNet)'
2025-08-10 10:47:19.362 +05:30 [INF] Route matched with {action = "GetAll", controller = "Categories"}. Executing controller action with signature System.Threading.Tasks.Task`1[Microsoft.AspNetCore.Mvc.IActionResult] GetAll() on controller AuthNet.Controllers.CategoriesController (AuthNet).
2025-08-10 10:47:19.384 +05:30 [INF] Executed DbCommand (12ms) [Parameters=[], CommandType='"Text"', CommandTimeout='30']
SELECT [c].[CategoryId], [c].[Description], [c].[Name]
FROM [Categories] AS [c]
2025-08-10 10:47:19.396 +05:30 [INF] Executing OkObjectResult, writing value of type 'System.Collections.Generic.List`1[[AuthNet.Models.Domain.Category, AuthNet, Version=1.0.0.0, Culture=neutral, PublicKeyToken=null]]'.
2025-08-10 10:47:19.408 +05:30 [INF] Executed action AuthNet.Controllers.CategoriesController.GetAll (AuthNet) in 46.0745ms
2025-08-10 10:47:19.408 +05:30 [INF] Executed endpoint 'AuthNet.Controllers.CategoriesController.GetAll (AuthNet)'
2025-08-10 10:47:19.409 +05:30 [INF] Request finished HTTP/1.1 GET https://localhost:7165/api/Categories - 200 null application/json; charset=utf-8 54.5901ms
2025-08-10 10:47:41.644 +05:30 [INF] Request starting HTTP/1.1 GET https://localhost:7165/api/Settings/Get - null null
2025-08-10 10:47:41.645 +05:30 [INF] Executing endpoint 'AuthNet.Controllers.SettingsController.GetCompanyInfo (AuthNet)'
2025-08-10 10:47:41.645 +05:30 [INF] Route matched with {action = "GetCompanyInfo", controller = "Settings"}. Executing controller action with signature System.Threading.Tasks.Task`1[Microsoft.AspNetCore.Mvc.IActionResult] GetCompanyInfo() on controller AuthNet.Controllers.SettingsController (AuthNet).
2025-08-10 10:47:41.653 +05:30 [INF] Executed DbCommand (6ms) [Parameters=[], CommandType='"Text"', CommandTimeout='30']
SELECT TOP(1) [c].[Id], [c].[Address], [c].[AlternateContactNumber], [c].[ContactNumber], [c].[Email], [c].[GSTIN], [c].[LogoFileExtension], [c].[LogoFilePath], [c].[LogoFileSizeInBytes], [c].[LogoName], [c].[Name], [c].[SignFileExtension], [c].[SignFilePath], [c].[SignFileSizeInBytes], [c].[SignName]
FROM [CompanyInfos] AS [c]
2025-08-10 10:47:41.653 +05:30 [INF] Executing OkObjectResult, writing value of type 'AuthNet.Models.DTO.CompanyInfoResponseDto'.
2025-08-10 10:47:41.653 +05:30 [INF] Executed action AuthNet.Controllers.SettingsController.GetCompanyInfo (AuthNet) in 7.7048ms
2025-08-10 10:47:41.653 +05:30 [INF] Executed endpoint 'AuthNet.Controllers.SettingsController.GetCompanyInfo (AuthNet)'
2025-08-10 10:47:41.654 +05:30 [INF] Request finished HTTP/1.1 GET https://localhost:7165/api/Settings/Get - 200 null application/json; charset=utf-8 9.6042ms
2025-08-10 10:47:43.496 +05:30 [INF] Request starting HTTP/1.1 GET https://localhost:7165/api/InvoiceTemplates - null null
2025-08-10 10:47:43.497 +05:30 [INF] Executing endpoint 'AuthNet.Controllers.InvoiceTemplatesController.GetAll (AuthNet)'
2025-08-10 10:47:43.502 +05:30 [INF] Route matched with {action = "GetAll", controller = "InvoiceTemplates"}. Executing controller action with signature System.Threading.Tasks.Task`1[Microsoft.AspNetCore.Mvc.IActionResult] GetAll() on controller AuthNet.Controllers.InvoiceTemplatesController (AuthNet).
2025-08-10 10:47:43.584 +05:30 [INF] Executed DbCommand (66ms) [Parameters=[], CommandType='"Text"', CommandTimeout='30']
SELECT [i].[Id], [i].[Layout], [i].[Notes], [i].[TermsAndConditions]
FROM [InvoiceTemplates] AS [i]
2025-08-10 10:47:43.601 +05:30 [INF] Executing OkObjectResult, writing value of type 'System.Collections.Generic.List`1[[AuthNet.Models.Domain.InvoiceTemplate, AuthNet, Version=1.0.0.0, Culture=neutral, PublicKeyToken=null]]'.
2025-08-10 10:47:43.604 +05:30 [INF] Executed action AuthNet.Controllers.InvoiceTemplatesController.GetAll (AuthNet) in 101.5542ms
2025-08-10 10:47:43.604 +05:30 [INF] Executed endpoint 'AuthNet.Controllers.InvoiceTemplatesController.GetAll (AuthNet)'
2025-08-10 10:47:43.604 +05:30 [INF] Request finished HTTP/1.1 GET https://localhost:7165/api/InvoiceTemplates - 200 null application/json; charset=utf-8 107.5722ms
2025-08-10 10:47:48.981 +05:30 [INF] Request starting HTTP/1.1 GET https://localhost:7165/api/InvoiceTemplates/3 - null null
2025-08-10 10:47:48.981 +05:30 [INF] Executing endpoint 'AuthNet.Controllers.InvoiceTemplatesController.GetById (AuthNet)'
2025-08-10 10:47:49.001 +05:30 [INF] Route matched with {action = "GetById", controller = "InvoiceTemplates"}. Executing controller action with signature System.Threading.Tasks.Task`1[Microsoft.AspNetCore.Mvc.IActionResult] GetById(Int32) on controller AuthNet.Controllers.InvoiceTemplatesController (AuthNet).
2025-08-10 10:47:49.064 +05:30 [INF] Executed DbCommand (18ms) [Parameters=[@__id_0='?' (DbType = Int32)], CommandType='"Text"', CommandTimeout='30']
SELECT TOP(1) [i].[Id], [i].[Layout], [i].[Notes], [i].[TermsAndConditions]
FROM [InvoiceTemplates] AS [i]
WHERE [i].[Id] = @__id_0
2025-08-10 10:47:49.065 +05:30 [INF] Executing OkObjectResult, writing value of type 'AuthNet.Models.DTO.InvoiceTemplateDto'.
2025-08-10 10:47:49.068 +05:30 [INF] Executed action AuthNet.Controllers.InvoiceTemplatesController.GetById (AuthNet) in 67.2064ms
2025-08-10 10:47:49.068 +05:30 [INF] Executed endpoint 'AuthNet.Controllers.InvoiceTemplatesController.GetById (AuthNet)'
2025-08-10 10:47:49.069 +05:30 [INF] Request finished HTTP/1.1 GET https://localhost:7165/api/InvoiceTemplates/3 - 200 null application/json; charset=utf-8 88.1506ms
2025-08-10 10:47:54.701 +05:30 [INF] Request starting HTTP/1.1 PUT https://localhost:7165/api/InvoiceTemplates/3 - application/json; charset=utf-8 null
2025-08-10 10:47:54.701 +05:30 [INF] Executing endpoint 'AuthNet.Controllers.InvoiceTemplatesController.Update (AuthNet)'
2025-08-10 10:47:54.768 +05:30 [INF] Route matched with {action = "Update", controller = "InvoiceTemplates"}. Executing controller action with signature System.Threading.Tasks.Task`1[Microsoft.AspNetCore.Mvc.IActionResult] Update(Int32, AuthNet.Models.Domain.InvoiceTemplate) on controller AuthNet.Controllers.InvoiceTemplatesController (AuthNet).
2025-08-10 10:47:54.820 +05:30 [INF] Executed DbCommand (15ms) [Parameters=[@__p_0='?' (DbType = Int32)], CommandType='"Text"', CommandTimeout='30']
SELECT TOP(1) [i].[Id], [i].[Layout], [i].[Notes], [i].[TermsAndConditions]
FROM [InvoiceTemplates] AS [i]
WHERE [i].[Id] = @__p_0
2025-08-10 10:47:54.853 +05:30 [INF] Executed DbCommand (21ms) [Parameters=[@p1='?' (DbType = Int32), @p0='?' (Size = 4000)], CommandType='"Text"', CommandTimeout='30']
SET IMPLICIT_TRANSACTIONS OFF;
SET NOCOUNT ON;
UPDATE [InvoiceTemplates] SET [TermsAndConditions] = @p0
OUTPUT 1
WHERE [Id] = @p1;
2025-08-10 10:47:54.854 +05:30 [INF] Executing OkObjectResult, writing value of type '<>f__AnonymousType0`1[[System.String, System.Private.CoreLib, Version=8.0.0.0, Culture=neutral, PublicKeyToken=7cec85d7bea7798e]]'.
2025-08-10 10:47:54.855 +05:30 [INF] Executed action AuthNet.Controllers.InvoiceTemplatesController.Update (AuthNet) in 86.7517ms
2025-08-10 10:47:54.855 +05:30 [INF] Executed endpoint 'AuthNet.Controllers.InvoiceTemplatesController.Update (AuthNet)'
2025-08-10 10:47:54.855 +05:30 [INF] Request finished HTTP/1.1 PUT https://localhost:7165/api/InvoiceTemplates/3 - 200 null application/json; charset=utf-8 154.4713ms
2025-08-10 10:47:54.915 +05:30 [INF] Request starting HTTP/1.1 GET https://localhost:7165/api/InvoiceTemplates - null null
2025-08-10 10:47:54.915 +05:30 [INF] Executing endpoint 'AuthNet.Controllers.InvoiceTemplatesController.GetAll (AuthNet)'
2025-08-10 10:47:54.915 +05:30 [INF] Route matched with {action = "GetAll", controller = "InvoiceTemplates"}. Executing controller action with signature System.Threading.Tasks.Task`1[Microsoft.AspNetCore.Mvc.IActionResult] GetAll() on controller AuthNet.Controllers.InvoiceTemplatesController (AuthNet).
2025-08-10 10:47:54.934 +05:30 [INF] Executed DbCommand (17ms) [Parameters=[], CommandType='"Text"', CommandTimeout='30']
SELECT [i].[Id], [i].[Layout], [i].[Notes], [i].[TermsAndConditions]
FROM [InvoiceTemplates] AS [i]
2025-08-10 10:47:54.935 +05:30 [INF] Executing OkObjectResult, writing value of type 'System.Collections.Generic.List`1[[AuthNet.Models.Domain.InvoiceTemplate, AuthNet, Version=1.0.0.0, Culture=neutral, PublicKeyToken=null]]'.
2025-08-10 10:47:54.935 +05:30 [INF] Executed action AuthNet.Controllers.InvoiceTemplatesController.GetAll (AuthNet) in 19.6288ms
2025-08-10 10:47:54.935 +05:30 [INF] Executed endpoint 'AuthNet.Controllers.InvoiceTemplatesController.GetAll (AuthNet)'
2025-08-10 10:47:54.935 +05:30 [INF] Request finished HTTP/1.1 GET https://localhost:7165/api/InvoiceTemplates - 200 null application/json; charset=utf-8 20.7554ms
2025-08-10 10:48:09.528 +05:30 [INF] Request starting HTTP/1.1 POST https://localhost:7165/api/InvoiceTemplates - application/json; charset=utf-8 null
2025-08-10 10:48:09.528 +05:30 [INF] Executing endpoint 'AuthNet.Controllers.InvoiceTemplatesController.Create (AuthNet)'
2025-08-10 10:48:09.533 +05:30 [INF] Route matched with {action = "Create", controller = "InvoiceTemplates"}. Executing controller action with signature System.Threading.Tasks.Task`1[Microsoft.AspNetCore.Mvc.IActionResult] Create(AuthNet.Models.Domain.InvoiceTemplate) on controller AuthNet.Controllers.InvoiceTemplatesController (AuthNet).
2025-08-10 10:48:09.630 +05:30 [INF] Executed DbCommand (64ms) [Parameters=[@p0='?' (Size = 4000), @p1='?' (Size = 4000), @p2='?' (Size = 4000)], CommandType='"Text"', CommandTimeout='30']
SET IMPLICIT_TRANSACTIONS OFF;
SET NOCOUNT ON;
INSERT INTO [InvoiceTemplates] ([Layout], [Notes], [TermsAndConditions])
OUTPUT INSERTED.[Id]
VALUES (@p0, @p1, @p2);
2025-08-10 10:48:09.635 +05:30 [INF] Executed DbCommand (3ms) [Parameters=[@__id_0='?' (DbType = Int32)], CommandType='"Text"', CommandTimeout='30']
SELECT TOP(1) [i].[Id], [i].[Layout], [i].[Notes], [i].[TermsAndConditions]
FROM [InvoiceTemplates] AS [i]
WHERE [i].[Id] = @__id_0
2025-08-10 10:48:09.641 +05:30 [INF] Executing CreatedAtActionResult, writing value of type 'AuthNet.Models.DTO.InvoiceTemplateDto'.
2025-08-10 10:48:09.684 +05:30 [INF] Executed action AuthNet.Controllers.InvoiceTemplatesController.Create (AuthNet) in 150.6584ms
2025-08-10 10:48:09.684 +05:30 [INF] Executed endpoint 'AuthNet.Controllers.InvoiceTemplatesController.Create (AuthNet)'
2025-08-10 10:48:09.685 +05:30 [INF] Request finished HTTP/1.1 POST https://localhost:7165/api/InvoiceTemplates - 201 null application/json; charset=utf-8 156.6718ms
2025-08-10 10:48:09.820 +05:30 [INF] Request starting HTTP/1.1 GET https://localhost:7165/api/InvoiceTemplates - null null
2025-08-10 10:48:09.820 +05:30 [INF] Executing endpoint 'AuthNet.Controllers.InvoiceTemplatesController.GetAll (AuthNet)'
2025-08-10 10:48:09.820 +05:30 [INF] Route matched with {action = "GetAll", controller = "InvoiceTemplates"}. Executing controller action with signature System.Threading.Tasks.Task`1[Microsoft.AspNetCore.Mvc.IActionResult] GetAll() on controller AuthNet.Controllers.InvoiceTemplatesController (AuthNet).
2025-08-10 10:48:09.849 +05:30 [INF] Executed DbCommand (29ms) [Parameters=[], CommandType='"Text"', CommandTimeout='30']
SELECT [i].[Id], [i].[Layout], [i].[Notes], [i].[TermsAndConditions]
FROM [InvoiceTemplates] AS [i]
2025-08-10 10:48:09.850 +05:30 [INF] Executing OkObjectResult, writing value of type 'System.Collections.Generic.List`1[[AuthNet.Models.Domain.InvoiceTemplate, AuthNet, Version=1.0.0.0, Culture=neutral, PublicKeyToken=null]]'.
2025-08-10 10:48:09.850 +05:30 [INF] Executed action AuthNet.Controllers.InvoiceTemplatesController.GetAll (AuthNet) in 29.9519ms
2025-08-10 10:48:09.850 +05:30 [INF] Executed endpoint 'AuthNet.Controllers.InvoiceTemplatesController.GetAll (AuthNet)'
2025-08-10 10:48:09.850 +05:30 [INF] Request finished HTTP/1.1 GET https://localhost:7165/api/InvoiceTemplates - 200 null application/json; charset=utf-8 30.4965ms
2025-08-10 10:48:20.494 +05:30 [INF] Request starting HTTP/1.1 GET https://localhost:7165/api/Sales/DailyProfit - null null
2025-08-10 10:48:20.494 +05:30 [INF] Executing endpoint 'AuthNet.Controllers.SalesController.GetDailyProfit (AuthNet)'
2025-08-10 10:48:20.494 +05:30 [INF] Route matched with {action = "GetDailyProfit", controller = "Sales"}. Executing controller action with signature System.Threading.Tasks.Task`1[Microsoft.AspNetCore.Mvc.IActionResult] GetDailyProfit() on controller AuthNet.Controllers.SalesController (AuthNet).
2025-08-10 10:48:20.542 +05:30 [INF] Executed DbCommand (45ms) [Parameters=[@__date_Date_0='?' (DbType = DateTime2)], CommandType='"Text"', CommandTimeout='30']
SELECT [s].[Id], [s].[ProductId], [s].[ProductName], [s].[Quantity], [s].[SaleId], [s].[TotalPrice], [s].[UnitPrice], [s0].[Id], [s0].[AfterTaxAmount], [s0].[CreatedAt], [s0].[DiscountedAmount], [s0].[InvoiceDate], [s0].[InvoiceNo], [s0].[PrincipalAmount], [s0].[Template], [s0].[TotalAmount]
FROM [SaleItems] AS [s]
INNER JOIN [Sales] AS [s0] ON [s].[SaleId] = [s0].[Id]
WHERE CONVERT(date, [s0].[InvoiceDate]) = @__date_Date_0
2025-08-10 10:48:20.568 +05:30 [INF] Executed DbCommand (20ms) [Parameters=[@__productIds_0='?' (Size = 4000)], CommandType='"Text"', CommandTimeout='30']
SELECT [p].[ProductId], [p].[CategoryId], [p].[CostPrice], [p].[Description], [p].[Name], [p].[ProductCode], [p].[ProductKey], [p].[SellPrice], [p].[SupplierId]
FROM [Products] AS [p]
WHERE [p].[ProductId] IN (
    SELECT [p0].[value]
    FROM OPENJSON(@__productIds_0) WITH ([value] int '$') AS [p0]
)
2025-08-10 10:48:20.575 +05:30 [INF] Executing OkObjectResult, writing value of type 'AuthNet.Models.DTO.DailyProfitDto'.
2025-08-10 10:48:20.577 +05:30 [INF] Executed action AuthNet.Controllers.SalesController.GetDailyProfit (AuthNet) in 82.3122ms
2025-08-10 10:48:20.577 +05:30 [INF] Executed endpoint 'AuthNet.Controllers.SalesController.GetDailyProfit (AuthNet)'
2025-08-10 10:48:20.577 +05:30 [INF] Request finished HTTP/1.1 GET https://localhost:7165/api/Sales/DailyProfit - 200 null application/json; charset=utf-8 83.8398ms
2025-08-10 10:48:20.633 +05:30 [INF] Request starting HTTP/1.1 GET https://localhost:7165/api/Sales/CurrentMonthProfit - null null
2025-08-10 10:48:20.633 +05:30 [INF] Executing endpoint 'AuthNet.Controllers.SalesController.GetCurrentMonthProfit (AuthNet)'
2025-08-10 10:48:20.633 +05:30 [INF] Route matched with {action = "GetCurrentMonthProfit", controller = "Sales"}. Executing controller action with signature System.Threading.Tasks.Task`1[Microsoft.AspNetCore.Mvc.IActionResult] GetCurrentMonthProfit() on controller AuthNet.Controllers.SalesController (AuthNet).
2025-08-10 10:48:20.698 +05:30 [INF] Executed DbCommand (63ms) [Parameters=[@__currentYear_0='?' (DbType = Int32), @__currentMonth_1='?' (DbType = Int32)], CommandType='"Text"', CommandTimeout='30']
SELECT [s].[Id], [s].[ProductId], [s].[ProductName], [s].[Quantity], [s].[SaleId], [s].[TotalPrice], [s].[UnitPrice], [s0].[Id], [s0].[AfterTaxAmount], [s0].[CreatedAt], [s0].[DiscountedAmount], [s0].[InvoiceDate], [s0].[InvoiceNo], [s0].[PrincipalAmount], [s0].[Template], [s0].[TotalAmount]
FROM [SaleItems] AS [s]
INNER JOIN [Sales] AS [s0] ON [s].[SaleId] = [s0].[Id]
WHERE DATEPART(year, [s0].[InvoiceDate]) = @__currentYear_0 AND DATEPART(month, [s0].[InvoiceDate]) = @__currentMonth_1
2025-08-10 10:48:20.698 +05:30 [INF] Executing OkObjectResult, writing value of type 'AuthNet.Models.DTO.MonthlyProfitDto'.
2025-08-10 10:48:20.698 +05:30 [INF] Executed action AuthNet.Controllers.SalesController.GetCurrentMonthProfit (AuthNet) in 64.7622ms
2025-08-10 10:48:20.698 +05:30 [INF] Executed endpoint 'AuthNet.Controllers.SalesController.GetCurrentMonthProfit (AuthNet)'
2025-08-10 10:48:20.698 +05:30 [INF] Request finished HTTP/1.1 GET https://localhost:7165/api/Sales/CurrentMonthProfit - 200 null application/json; charset=utf-8 65.7069ms
2025-08-10 10:48:20.762 +05:30 [INF] Request starting HTTP/1.1 GET https://localhost:7165/api/Sales/CurrentYearProfit - null null
2025-08-10 10:48:20.762 +05:30 [INF] Executing endpoint 'AuthNet.Controllers.SalesController.GetCurrentYearProfit (AuthNet)'
2025-08-10 10:48:20.762 +05:30 [INF] Route matched with {action = "GetCurrentYearProfit", controller = "Sales"}. Executing controller action with signature System.Threading.Tasks.Task`1[Microsoft.AspNetCore.Mvc.IActionResult] GetCurrentYearProfit() on controller AuthNet.Controllers.SalesController (AuthNet).
2025-08-10 10:48:20.770 +05:30 [INF] Executed DbCommand (6ms) [Parameters=[@__currentYear_0='?' (DbType = Int32)], CommandType='"Text"', CommandTimeout='30']
SELECT [s].[Id], [s].[ProductId], [s].[ProductName], [s].[Quantity], [s].[SaleId], [s].[TotalPrice], [s].[UnitPrice], [s0].[Id], [s0].[AfterTaxAmount], [s0].[CreatedAt], [s0].[DiscountedAmount], [s0].[InvoiceDate], [s0].[InvoiceNo], [s0].[PrincipalAmount], [s0].[Template], [s0].[TotalAmount]
FROM [SaleItems] AS [s]
INNER JOIN [Sales] AS [s0] ON [s].[SaleId] = [s0].[Id]
WHERE DATEPART(year, [s0].[InvoiceDate]) = @__currentYear_0
2025-08-10 10:48:20.781 +05:30 [INF] Executed DbCommand (9ms) [Parameters=[@__productIds_0='?' (Size = 4000)], CommandType='"Text"', CommandTimeout='30']
SELECT [p].[ProductId], [p].[CategoryId], [p].[CostPrice], [p].[Description], [p].[Name], [p].[ProductCode], [p].[ProductKey], [p].[SellPrice], [p].[SupplierId]
FROM [Products] AS [p]
WHERE [p].[ProductId] IN (
    SELECT [p0].[value]
    FROM OPENJSON(@__productIds_0) WITH ([value] int '$') AS [p0]
)
2025-08-10 10:48:20.781 +05:30 [INF] Executing OkObjectResult, writing value of type 'AuthNet.Models.DTO.YearlyProfitDto'.
2025-08-10 10:48:20.782 +05:30 [INF] Executed action AuthNet.Controllers.SalesController.GetCurrentYearProfit (AuthNet) in 19.2781ms
2025-08-10 10:48:20.782 +05:30 [INF] Executed endpoint 'AuthNet.Controllers.SalesController.GetCurrentYearProfit (AuthNet)'
2025-08-10 10:48:20.782 +05:30 [INF] Request finished HTTP/1.1 GET https://localhost:7165/api/Sales/CurrentYearProfit - 200 null application/json; charset=utf-8 20.1088ms
2025-08-10 10:48:20.799 +05:30 [INF] Request starting HTTP/1.1 GET https://localhost:7165/api/Products/count - null null
2025-08-10 10:48:20.799 +05:30 [INF] Executing endpoint 'AuthNet.Controllers.ProductsController.GetProductCount (AuthNet)'
2025-08-10 10:48:20.799 +05:30 [INF] Route matched with {action = "GetProductCount", controller = "Products"}. Executing controller action with signature System.Threading.Tasks.Task`1[Microsoft.AspNetCore.Mvc.IActionResult] GetProductCount() on controller AuthNet.Controllers.ProductsController (AuthNet).
2025-08-10 10:48:20.803 +05:30 [INF] Executed DbCommand (3ms) [Parameters=[], CommandType='"Text"', CommandTimeout='30']
SELECT COUNT(*)
FROM [Products] AS [p]
2025-08-10 10:48:20.804 +05:30 [INF] Executing OkObjectResult, writing value of type 'System.Int32'.
2025-08-10 10:48:20.804 +05:30 [INF] Executed action AuthNet.Controllers.ProductsController.GetProductCount (AuthNet) in 4.8029ms
2025-08-10 10:48:20.804 +05:30 [INF] Executed endpoint 'AuthNet.Controllers.ProductsController.GetProductCount (AuthNet)'
2025-08-10 10:48:20.805 +05:30 [INF] Request finished HTTP/1.1 GET https://localhost:7165/api/Products/count - 200 null application/json; charset=utf-8 5.6853ms
2025-08-10 10:48:20.836 +05:30 [INF] Request starting HTTP/1.1 GET https://localhost:7165/api/Suppliers/count - null null
2025-08-10 10:48:20.837 +05:30 [INF] Executing endpoint 'AuthNet.Controllers.SuppliersController.GetSupplierCount (AuthNet)'
2025-08-10 10:48:20.837 +05:30 [INF] Route matched with {action = "GetSupplierCount", controller = "Suppliers"}. Executing controller action with signature System.Threading.Tasks.Task`1[Microsoft.AspNetCore.Mvc.IActionResult] GetSupplierCount() on controller AuthNet.Controllers.SuppliersController (AuthNet).
2025-08-10 10:48:20.859 +05:30 [INF] Executed DbCommand (21ms) [Parameters=[], CommandType='"Text"', CommandTimeout='30']
SELECT COUNT(*)
FROM [Suppliers] AS [s]
2025-08-10 10:48:20.860 +05:30 [INF] Executing OkObjectResult, writing value of type 'System.Int32'.
2025-08-10 10:48:20.860 +05:30 [INF] Executed action AuthNet.Controllers.SuppliersController.GetSupplierCount (AuthNet) in 23.0663ms
2025-08-10 10:48:20.860 +05:30 [INF] Executed endpoint 'AuthNet.Controllers.SuppliersController.GetSupplierCount (AuthNet)'
2025-08-10 10:48:20.860 +05:30 [INF] Request finished HTTP/1.1 GET https://localhost:7165/api/Suppliers/count - 200 null application/json; charset=utf-8 23.7959ms
2025-08-10 10:48:20.966 +05:30 [INF] Request starting HTTP/1.1 GET https://localhost:7165/api/Categories/count - null null
2025-08-10 10:48:20.967 +05:30 [INF] Executing endpoint 'AuthNet.Controllers.CategoriesController.GetCategoryCount (AuthNet)'
2025-08-10 10:48:20.967 +05:30 [INF] Route matched with {action = "GetCategoryCount", controller = "Categories"}. Executing controller action with signature System.Threading.Tasks.Task`1[Microsoft.AspNetCore.Mvc.IActionResult] GetCategoryCount() on controller AuthNet.Controllers.CategoriesController (AuthNet).
2025-08-10 10:48:21.016 +05:30 [INF] Executed DbCommand (48ms) [Parameters=[], CommandType='"Text"', CommandTimeout='30']
SELECT COUNT(*)
FROM [Categories] AS [c]
2025-08-10 10:48:21.016 +05:30 [INF] Executing OkObjectResult, writing value of type 'System.Int32'.
2025-08-10 10:48:21.016 +05:30 [INF] Executed action AuthNet.Controllers.CategoriesController.GetCategoryCount (AuthNet) in 48.9193ms
2025-08-10 10:48:21.016 +05:30 [INF] Executed endpoint 'AuthNet.Controllers.CategoriesController.GetCategoryCount (AuthNet)'
2025-08-10 10:48:21.017 +05:30 [INF] Request finished HTTP/1.1 GET https://localhost:7165/api/Categories/count - 200 null application/json; charset=utf-8 50.4469ms
2025-08-10 10:48:21.085 +05:30 [INF] Request starting HTTP/1.1 GET https://localhost:7165/api/Orders/count - null null
2025-08-10 10:48:21.085 +05:30 [INF] Executing endpoint 'AuthNet.Controllers.OrdersController.GetOrderCount (AuthNet)'
2025-08-10 10:48:21.085 +05:30 [INF] Route matched with {action = "GetOrderCount", controller = "Orders"}. Executing controller action with signature System.Threading.Tasks.Task`1[Microsoft.AspNetCore.Mvc.IActionResult] GetOrderCount() on controller AuthNet.Controllers.OrdersController (AuthNet).
2025-08-10 10:48:21.201 +05:30 [INF] Executed DbCommand (115ms) [Parameters=[], CommandType='"Text"', CommandTimeout='30']
SELECT COUNT(*)
FROM [Orders] AS [o]
2025-08-10 10:48:21.201 +05:30 [INF] Executing OkObjectResult, writing value of type 'System.Int32'.
2025-08-10 10:48:21.201 +05:30 [INF] Executed action AuthNet.Controllers.OrdersController.GetOrderCount (AuthNet) in 115.9215ms
2025-08-10 10:48:21.201 +05:30 [INF] Executed endpoint 'AuthNet.Controllers.OrdersController.GetOrderCount (AuthNet)'
2025-08-10 10:48:21.202 +05:30 [INF] Request finished HTTP/1.1 GET https://localhost:7165/api/Orders/count - 200 null application/json; charset=utf-8 116.5954ms
2025-08-10 10:48:21.341 +05:30 [INF] Request starting HTTP/1.1 GET https://localhost:7165/api/Customers/count - null null
2025-08-10 10:48:21.341 +05:30 [INF] Executing endpoint 'AuthNet.Controllers.CustomersController.GetCustomerCount (AuthNet)'
2025-08-10 10:48:21.341 +05:30 [INF] Route matched with {action = "GetCustomerCount", controller = "Customers"}. Executing controller action with signature System.Threading.Tasks.Task`1[Microsoft.AspNetCore.Mvc.IActionResult] GetCustomerCount() on controller AuthNet.Controllers.CustomersController (AuthNet).
2025-08-10 10:48:21.351 +05:30 [INF] Executed DbCommand (8ms) [Parameters=[], CommandType='"Text"', CommandTimeout='30']
SELECT COUNT(*)
FROM [Customers] AS [c]
2025-08-10 10:48:21.351 +05:30 [INF] Executing OkObjectResult, writing value of type 'System.Int32'.
2025-08-10 10:48:21.351 +05:30 [INF] Executed action AuthNet.Controllers.CustomersController.GetCustomerCount (AuthNet) in 10.0491ms
2025-08-10 10:48:21.351 +05:30 [INF] Executed endpoint 'AuthNet.Controllers.CustomersController.GetCustomerCount (AuthNet)'
2025-08-10 10:48:21.351 +05:30 [INF] Request finished HTTP/1.1 GET https://localhost:7165/api/Customers/count - 200 null application/json; charset=utf-8 10.6193ms
2025-08-10 10:48:21.458 +05:30 [INF] Request starting HTTP/1.1 GET https://localhost:7165/api/Tasks - null null
2025-08-10 10:48:21.459 +05:30 [INF] Executing endpoint 'AuthNet.Controllers.TasksController.GetTasks (AuthNet)'
2025-08-10 10:48:21.459 +05:30 [INF] Route matched with {action = "GetTasks", controller = "Tasks"}. Executing controller action with signature Microsoft.AspNetCore.Mvc.IActionResult GetTasks() on controller AuthNet.Controllers.TasksController (AuthNet).
2025-08-10 10:48:21.470 +05:30 [INF] Executed DbCommand (11ms) [Parameters=[], CommandType='"Text"', CommandTimeout='30']
SELECT [t].[Id], [t].[Title], [t].[DueDate]
FROM [Tasks] AS [t]
2025-08-10 10:48:21.471 +05:30 [INF] Executing OkObjectResult, writing value of type 'System.Collections.Generic.List`1[[AuthNet.Models.DTO.TaskItemDto, AuthNet, Version=1.0.0.0, Culture=neutral, PublicKeyToken=null]]'.
2025-08-10 10:48:21.471 +05:30 [INF] Executed action AuthNet.Controllers.TasksController.GetTasks (AuthNet) in 12.3224ms
2025-08-10 10:48:21.471 +05:30 [INF] Executed endpoint 'AuthNet.Controllers.TasksController.GetTasks (AuthNet)'
2025-08-10 10:48:21.471 +05:30 [INF] Request finished HTTP/1.1 GET https://localhost:7165/api/Tasks - 200 null application/json; charset=utf-8 13.2047ms
2025-08-10 10:48:21.532 +05:30 [INF] Request starting HTTP/1.1 GET https://localhost:7165/api/Settings/Get - null null
2025-08-10 10:48:21.533 +05:30 [INF] Executing endpoint 'AuthNet.Controllers.SettingsController.GetCompanyInfo (AuthNet)'
2025-08-10 10:48:21.533 +05:30 [INF] Route matched with {action = "GetCompanyInfo", controller = "Settings"}. Executing controller action with signature System.Threading.Tasks.Task`1[Microsoft.AspNetCore.Mvc.IActionResult] GetCompanyInfo() on controller AuthNet.Controllers.SettingsController (AuthNet).
2025-08-10 10:48:21.543 +05:30 [INF] Executed DbCommand (9ms) [Parameters=[], CommandType='"Text"', CommandTimeout='30']
SELECT TOP(1) [c].[Id], [c].[Address], [c].[AlternateContactNumber], [c].[ContactNumber], [c].[Email], [c].[GSTIN], [c].[LogoFileExtension], [c].[LogoFilePath], [c].[LogoFileSizeInBytes], [c].[LogoName], [c].[Name], [c].[SignFileExtension], [c].[SignFilePath], [c].[SignFileSizeInBytes], [c].[SignName]
FROM [CompanyInfos] AS [c]
2025-08-10 10:48:21.544 +05:30 [INF] Executing OkObjectResult, writing value of type 'AuthNet.Models.DTO.CompanyInfoResponseDto'.
2025-08-10 10:48:21.544 +05:30 [INF] Executed action AuthNet.Controllers.SettingsController.GetCompanyInfo (AuthNet) in 11.0583ms
2025-08-10 10:48:21.544 +05:30 [INF] Executed endpoint 'AuthNet.Controllers.SettingsController.GetCompanyInfo (AuthNet)'
2025-08-10 10:48:21.544 +05:30 [INF] Request finished HTTP/1.1 GET https://localhost:7165/api/Settings/Get - 200 null application/json; charset=utf-8 11.9186ms
2025-08-10 10:48:21.826 +05:30 [INF] Request starting HTTP/2 GET https://localhost:7165/api/Sales/WeeklyProfit - null null
2025-08-10 10:48:21.826 +05:30 [INF] Request starting HTTP/2 GET https://localhost:7165/api/Products/CategoryWiseProductCount - null null
2025-08-10 10:48:21.826 +05:30 [INF] CORS policy execution successful.
2025-08-10 10:48:21.826 +05:30 [INF] CORS policy execution successful.
2025-08-10 10:48:21.826 +05:30 [INF] Executing endpoint 'AuthNet.Controllers.SalesController.GetWeeklyProfit (AuthNet)'
2025-08-10 10:48:21.826 +05:30 [INF] Executing endpoint 'AuthNet.Controllers.ProductsController.GetCategoryWiseProductCount (AuthNet)'
2025-08-10 10:48:21.827 +05:30 [INF] Route matched with {action = "GetCategoryWiseProductCount", controller = "Products"}. Executing controller action with signature System.Threading.Tasks.Task`1[Microsoft.AspNetCore.Mvc.IActionResult] GetCategoryWiseProductCount() on controller AuthNet.Controllers.ProductsController (AuthNet).
2025-08-10 10:48:21.827 +05:30 [INF] Route matched with {action = "GetWeeklyProfit", controller = "Sales"}. Executing controller action with signature System.Threading.Tasks.Task`1[Microsoft.AspNetCore.Mvc.IActionResult] GetWeeklyProfit() on controller AuthNet.Controllers.SalesController (AuthNet).
2025-08-10 10:48:21.924 +05:30 [INF] Executed DbCommand (96ms) [Parameters=[@__startDate_0='?' (DbType = DateTime2), @__endDate_1='?' (DbType = DateTime2)], CommandType='"Text"', CommandTimeout='30']
SELECT [s].[Id], [s].[ProductId], [s].[ProductName], [s].[Quantity], [s].[SaleId], [s].[TotalPrice], [s].[UnitPrice], [s0].[Id], [s0].[AfterTaxAmount], [s0].[CreatedAt], [s0].[DiscountedAmount], [s0].[InvoiceDate], [s0].[InvoiceNo], [s0].[PrincipalAmount], [s0].[Template], [s0].[TotalAmount]
FROM [SaleItems] AS [s]
INNER JOIN [Sales] AS [s0] ON [s].[SaleId] = [s0].[Id]
WHERE CONVERT(date, [s0].[InvoiceDate]) >= @__startDate_0 AND CONVERT(date, [s0].[InvoiceDate]) <= @__endDate_1
2025-08-10 10:48:21.926 +05:30 [INF] Executed DbCommand (98ms) [Parameters=[], CommandType='"Text"', CommandTimeout='30']
SELECT [c].[Name] AS [CategoryName], COUNT(*) AS [ProductCount]
FROM [Products] AS [p]
LEFT JOIN [Categories] AS [c] ON [p].[CategoryId] = [c].[CategoryId]
WHERE [c].[CategoryId] IS NOT NULL
GROUP BY [c].[Name]
2025-08-10 10:48:21.926 +05:30 [INF] Executing OkObjectResult, writing value of type 'System.Collections.Generic.List`1[[AuthNet.Models.DTO.CategoryProductCountDto, AuthNet, Version=1.0.0.0, Culture=neutral, PublicKeyToken=null]]'.
2025-08-10 10:48:21.926 +05:30 [INF] Executed action AuthNet.Controllers.ProductsController.GetCategoryWiseProductCount (AuthNet) in 99.6278ms
2025-08-10 10:48:21.926 +05:30 [INF] Executed endpoint 'AuthNet.Controllers.ProductsController.GetCategoryWiseProductCount (AuthNet)'
2025-08-10 10:48:21.926 +05:30 [INF] Request finished HTTP/2 GET https://localhost:7165/api/Products/CategoryWiseProductCount - 200 null application/json; charset=utf-8 100.7622ms
2025-08-10 10:48:22.136 +05:30 [INF] Executed DbCommand (210ms) [Parameters=[@__productIds_0='?' (Size = 4000)], CommandType='"Text"', CommandTimeout='30']
SELECT [p].[ProductId], [p].[CategoryId], [p].[CostPrice], [p].[Description], [p].[Name], [p].[ProductCode], [p].[ProductKey], [p].[SellPrice], [p].[SupplierId]
FROM [Products] AS [p]
WHERE [p].[ProductId] IN (
    SELECT [p0].[value]
    FROM OPENJSON(@__productIds_0) WITH ([value] int '$') AS [p0]
)
2025-08-10 10:48:22.147 +05:30 [INF] Executing OkObjectResult, writing value of type 'System.Collections.Generic.List`1[[AuthNet.Models.DTO.DailyProfitDto, AuthNet, Version=1.0.0.0, Culture=neutral, PublicKeyToken=null]]'.
2025-08-10 10:48:22.147 +05:30 [INF] Executed action AuthNet.Controllers.SalesController.GetWeeklyProfit (AuthNet) in 320.6651ms
2025-08-10 10:48:22.147 +05:30 [INF] Executed endpoint 'AuthNet.Controllers.SalesController.GetWeeklyProfit (AuthNet)'
2025-08-10 10:48:22.148 +05:30 [INF] Request finished HTTP/2 GET https://localhost:7165/api/Sales/WeeklyProfit - 200 null application/json; charset=utf-8 321.9265ms
2025-08-10 10:49:35.565 +05:30 [INF] Request starting HTTP/1.1 GET https://localhost:7165/api/Sales/monthly-sales-excel - null null
2025-08-10 10:49:35.565 +05:30 [INF] Executing endpoint 'AuthNet.Controllers.SalesController.GetMonthlySalesExcel (AuthNet)'
2025-08-10 10:49:35.572 +05:30 [INF] Route matched with {action = "GetMonthlySalesExcel", controller = "Sales"}. Executing controller action with signature System.Threading.Tasks.Task`1[Microsoft.AspNetCore.Mvc.IActionResult] GetMonthlySalesExcel() on controller AuthNet.Controllers.SalesController (AuthNet).
2025-08-10 10:49:37.146 +05:30 [INF] Executed DbCommand (24ms) [Parameters=[@__firstDayOfMonth_0='?' (DbType = DateTime2), @__firstDayOfNextMonth_1='?' (DbType = DateTime2)], CommandType='"Text"', CommandTimeout='30']
SELECT [s].[Id], [s].[AfterTaxAmount], [s].[CreatedAt], [s].[DiscountedAmount], [s].[InvoiceDate], [s].[InvoiceNo], [s].[PrincipalAmount], [s].[Template], [s].[TotalAmount], [s0].[Id], [s0].[ProductId], [s0].[ProductName], [s0].[Quantity], [s0].[SaleId], [s0].[TotalPrice], [s0].[UnitPrice]
FROM [Sales] AS [s]
LEFT JOIN [SaleItems] AS [s0] ON [s].[Id] = [s0].[SaleId]
WHERE [s].[InvoiceDate] >= @__firstDayOfMonth_0 AND [s].[InvoiceDate] < @__firstDayOfNextMonth_1
ORDER BY [s].[Id]
2025-08-10 10:49:45.440 +05:30 [INF] Executing FileContentResult, sending file with download name 'MonthlySales_202508.xlsx' ...
2025-08-10 10:49:45.450 +05:30 [INF] Executed action AuthNet.Controllers.SalesController.GetMonthlySalesExcel (AuthNet) in 9877.4465ms
2025-08-10 10:49:45.450 +05:30 [INF] Executed endpoint 'AuthNet.Controllers.SalesController.GetMonthlySalesExcel (AuthNet)'
2025-08-10 10:49:45.450 +05:30 [INF] Request finished HTTP/1.1 GET https://localhost:7165/api/Sales/monthly-sales-excel - 200 6507 application/vnd.openxmlformats-officedocument.spreadsheetml.sheet 9885.1508ms
2025-08-10 10:50:00.954 +05:30 [INF] Request starting HTTP/1.1 GET https://localhost:7165/api/Products - null null
2025-08-10 10:50:00.954 +05:30 [INF] Executing endpoint 'AuthNet.Controllers.ProductsController.GetAll (AuthNet)'
2025-08-10 10:50:00.962 +05:30 [INF] Route matched with {action = "GetAll", controller = "Products"}. Executing controller action with signature System.Threading.Tasks.Task`1[Microsoft.AspNetCore.Mvc.IActionResult] GetAll() on controller AuthNet.Controllers.ProductsController (AuthNet).
2025-08-10 10:50:00.998 +05:30 [INF] Executed DbCommand (24ms) [Parameters=[], CommandType='"Text"', CommandTimeout='30']
SELECT [p].[ProductId], [p].[CategoryId], [p].[CostPrice], [p].[Description], [p].[Name], [p].[ProductCode], [p].[ProductKey], [p].[SellPrice], [p].[SupplierId]
FROM [Products] AS [p]
2025-08-10 10:50:01.002 +05:30 [INF] Executing OkObjectResult, writing value of type 'System.Collections.Generic.List`1[[AuthNet.Models.Domain.Product, AuthNet, Version=1.0.0.0, Culture=neutral, PublicKeyToken=null]]'.
2025-08-10 10:50:01.007 +05:30 [INF] Executed action AuthNet.Controllers.ProductsController.GetAll (AuthNet) in 45.6763ms
2025-08-10 10:50:01.008 +05:30 [INF] Executed endpoint 'AuthNet.Controllers.ProductsController.GetAll (AuthNet)'
2025-08-10 10:50:01.008 +05:30 [INF] Request finished HTTP/1.1 GET https://localhost:7165/api/Products - 200 null application/json; charset=utf-8 53.7993ms
2025-08-10 10:50:01.023 +05:30 [INF] Request starting HTTP/1.1 GET https://localhost:7165/api/categories - null null
2025-08-10 10:50:01.024 +05:30 [INF] Executing endpoint 'AuthNet.Controllers.CategoriesController.GetAll (AuthNet)'
2025-08-10 10:50:01.024 +05:30 [INF] Route matched with {action = "GetAll", controller = "Categories"}. Executing controller action with signature System.Threading.Tasks.Task`1[Microsoft.AspNetCore.Mvc.IActionResult] GetAll() on controller AuthNet.Controllers.CategoriesController (AuthNet).
2025-08-10 10:50:01.029 +05:30 [INF] Executed DbCommand (4ms) [Parameters=[], CommandType='"Text"', CommandTimeout='30']
SELECT [c].[CategoryId], [c].[Description], [c].[Name]
FROM [Categories] AS [c]
2025-08-10 10:50:01.029 +05:30 [INF] Executing OkObjectResult, writing value of type 'System.Collections.Generic.List`1[[AuthNet.Models.Domain.Category, AuthNet, Version=1.0.0.0, Culture=neutral, PublicKeyToken=null]]'.
2025-08-10 10:50:01.029 +05:30 [INF] Executed action AuthNet.Controllers.CategoriesController.GetAll (AuthNet) in 5.5168ms
2025-08-10 10:50:01.029 +05:30 [INF] Executed endpoint 'AuthNet.Controllers.CategoriesController.GetAll (AuthNet)'
2025-08-10 10:50:01.030 +05:30 [INF] Request finished HTTP/1.1 GET https://localhost:7165/api/categories - 200 null application/json; charset=utf-8 6.3407ms
2025-08-10 10:50:01.054 +05:30 [INF] Request starting HTTP/1.1 GET https://localhost:7165/api/suppliers - null null
2025-08-10 10:50:01.054 +05:30 [INF] Executing endpoint 'AuthNet.Controllers.SuppliersController.GetAll (AuthNet)'
2025-08-10 10:50:01.058 +05:30 [INF] Route matched with {action = "GetAll", controller = "Suppliers"}. Executing controller action with signature System.Threading.Tasks.Task`1[Microsoft.AspNetCore.Mvc.IActionResult] GetAll() on controller AuthNet.Controllers.SuppliersController (AuthNet).
2025-08-10 10:50:01.075 +05:30 [INF] Executed DbCommand (10ms) [Parameters=[], CommandType='"Text"', CommandTimeout='30']
SELECT [s].[SupplierId], [s].[CompanyName], [s].[ContactName], [s].[Phone], [s].[Address]
FROM [Suppliers] AS [s]
2025-08-10 10:50:01.077 +05:30 [INF] Executing OkObjectResult, writing value of type 'System.Collections.Generic.List`1[[AuthNet.Models.DTO.SupplierViewModel, AuthNet, Version=1.0.0.0, Culture=neutral, PublicKeyToken=null]]'.
2025-08-10 10:50:01.079 +05:30 [INF] Executed action AuthNet.Controllers.SuppliersController.GetAll (AuthNet) in 20.7412ms
2025-08-10 10:50:01.079 +05:30 [INF] Executed endpoint 'AuthNet.Controllers.SuppliersController.GetAll (AuthNet)'
2025-08-10 10:50:01.080 +05:30 [INF] Request finished HTTP/1.1 GET https://localhost:7165/api/suppliers - 200 null application/json; charset=utf-8 25.6161ms
2025-08-10 10:50:40.291 +05:30 [INF] Request starting HTTP/1.1 DELETE https://localhost:7165/api/Products/55 - null null
2025-08-10 10:50:40.291 +05:30 [INF] Executing endpoint 'AuthNet.Controllers.ProductsController.Delete (AuthNet)'
2025-08-10 10:50:40.297 +05:30 [INF] Route matched with {action = "Delete", controller = "Products"}. Executing controller action with signature System.Threading.Tasks.Task`1[Microsoft.AspNetCore.Mvc.IActionResult] Delete(Int32) on controller AuthNet.Controllers.ProductsController (AuthNet).
2025-08-10 10:50:40.376 +05:30 [INF] Executed DbCommand (35ms) [Parameters=[@__p_0='?' (DbType = Int32)], CommandType='"Text"', CommandTimeout='30']
SELECT TOP(1) [p].[ProductId], [p].[CategoryId], [p].[CostPrice], [p].[Description], [p].[Name], [p].[ProductCode], [p].[ProductKey], [p].[SellPrice], [p].[SupplierId]
FROM [Products] AS [p]
WHERE [p].[ProductId] = @__p_0
2025-08-10 10:50:40.505 +05:30 [INF] Executed DbCommand (82ms) [Parameters=[@p0='?' (DbType = Int32)], CommandType='"Text"', CommandTimeout='30']
SET IMPLICIT_TRANSACTIONS OFF;
SET NOCOUNT ON;
DELETE FROM [Products]
OUTPUT 1
WHERE [ProductId] = @p0;
2025-08-10 10:50:40.511 +05:30 [INF] Executing OkObjectResult, writing value of type '<>f__AnonymousType0`1[[System.String, System.Private.CoreLib, Version=8.0.0.0, Culture=neutral, PublicKeyToken=7cec85d7bea7798e]]'.
2025-08-10 10:50:40.511 +05:30 [INF] Executed action AuthNet.Controllers.ProductsController.Delete (AuthNet) in 214.1217ms
2025-08-10 10:50:40.511 +05:30 [INF] Executed endpoint 'AuthNet.Controllers.ProductsController.Delete (AuthNet)'
2025-08-10 10:50:40.512 +05:30 [INF] Request finished HTTP/1.1 DELETE https://localhost:7165/api/Products/55 - 200 null application/json; charset=utf-8 220.7178ms
2025-08-10 10:50:40.542 +05:30 [INF] Request starting HTTP/1.1 GET https://localhost:7165/api/Products - null null
2025-08-10 10:50:40.543 +05:30 [INF] Executing endpoint 'AuthNet.Controllers.ProductsController.GetAll (AuthNet)'
2025-08-10 10:50:40.547 +05:30 [INF] Route matched with {action = "GetAll", controller = "Products"}. Executing controller action with signature System.Threading.Tasks.Task`1[Microsoft.AspNetCore.Mvc.IActionResult] GetAll() on controller AuthNet.Controllers.ProductsController (AuthNet).
2025-08-10 10:50:40.569 +05:30 [INF] Executed DbCommand (13ms) [Parameters=[], CommandType='"Text"', CommandTimeout='30']
SELECT [p].[ProductId], [p].[CategoryId], [p].[CostPrice], [p].[Description], [p].[Name], [p].[ProductCode], [p].[ProductKey], [p].[SellPrice], [p].[SupplierId]
FROM [Products] AS [p]
2025-08-10 10:50:40.569 +05:30 [INF] Executing OkObjectResult, writing value of type 'System.Collections.Generic.List`1[[AuthNet.Models.Domain.Product, AuthNet, Version=1.0.0.0, Culture=neutral, PublicKeyToken=null]]'.
2025-08-10 10:50:40.570 +05:30 [INF] Executed action AuthNet.Controllers.ProductsController.GetAll (AuthNet) in 22.8079ms
2025-08-10 10:50:40.570 +05:30 [INF] Executed endpoint 'AuthNet.Controllers.ProductsController.GetAll (AuthNet)'
2025-08-10 10:50:40.570 +05:30 [INF] Request finished HTTP/1.1 GET https://localhost:7165/api/Products - 200 null application/json; charset=utf-8 28.6143ms
2025-08-10 10:50:40.588 +05:30 [INF] Request starting HTTP/1.1 GET https://localhost:7165/api/categories - null null
2025-08-10 10:50:40.589 +05:30 [INF] Executing endpoint 'AuthNet.Controllers.CategoriesController.GetAll (AuthNet)'
2025-08-10 10:50:40.589 +05:30 [INF] Route matched with {action = "GetAll", controller = "Categories"}. Executing controller action with signature System.Threading.Tasks.Task`1[Microsoft.AspNetCore.Mvc.IActionResult] GetAll() on controller AuthNet.Controllers.CategoriesController (AuthNet).
2025-08-10 10:50:40.603 +05:30 [INF] Executed DbCommand (13ms) [Parameters=[], CommandType='"Text"', CommandTimeout='30']
SELECT [c].[CategoryId], [c].[Description], [c].[Name]
FROM [Categories] AS [c]
2025-08-10 10:50:40.603 +05:30 [INF] Executing OkObjectResult, writing value of type 'System.Collections.Generic.List`1[[AuthNet.Models.Domain.Category, AuthNet, Version=1.0.0.0, Culture=neutral, PublicKeyToken=null]]'.
2025-08-10 10:50:40.604 +05:30 [INF] Executed action AuthNet.Controllers.CategoriesController.GetAll (AuthNet) in 14.6857ms
2025-08-10 10:50:40.604 +05:30 [INF] Executed endpoint 'AuthNet.Controllers.CategoriesController.GetAll (AuthNet)'
2025-08-10 10:50:40.604 +05:30 [INF] Request finished HTTP/1.1 GET https://localhost:7165/api/categories - 200 null application/json; charset=utf-8 15.4101ms
2025-08-10 10:50:40.646 +05:30 [INF] Request starting HTTP/1.1 GET https://localhost:7165/api/suppliers - null null
2025-08-10 10:50:40.646 +05:30 [INF] Executing endpoint 'AuthNet.Controllers.SuppliersController.GetAll (AuthNet)'
2025-08-10 10:50:40.646 +05:30 [INF] Route matched with {action = "GetAll", controller = "Suppliers"}. Executing controller action with signature System.Threading.Tasks.Task`1[Microsoft.AspNetCore.Mvc.IActionResult] GetAll() on controller AuthNet.Controllers.SuppliersController (AuthNet).
2025-08-10 10:50:40.760 +05:30 [INF] Executed DbCommand (112ms) [Parameters=[], CommandType='"Text"', CommandTimeout='30']
SELECT [s].[SupplierId], [s].[CompanyName], [s].[ContactName], [s].[Phone], [s].[Address]
FROM [Suppliers] AS [s]
2025-08-10 10:50:40.760 +05:30 [INF] Executing OkObjectResult, writing value of type 'System.Collections.Generic.List`1[[AuthNet.Models.DTO.SupplierViewModel, AuthNet, Version=1.0.0.0, Culture=neutral, PublicKeyToken=null]]'.
2025-08-10 10:50:40.760 +05:30 [INF] Executed action AuthNet.Controllers.SuppliersController.GetAll (AuthNet) in 114.2533ms
2025-08-10 10:50:40.760 +05:30 [INF] Executed endpoint 'AuthNet.Controllers.SuppliersController.GetAll (AuthNet)'
2025-08-10 10:50:40.760 +05:30 [INF] Request finished HTTP/1.1 GET https://localhost:7165/api/suppliers - 200 null application/json; charset=utf-8 115.0443ms
2025-08-10 10:50:47.404 +05:30 [INF] Request starting HTTP/1.1 GET https://localhost:7165/api/categories - null null
2025-08-10 10:50:47.404 +05:30 [INF] Executing endpoint 'AuthNet.Controllers.CategoriesController.GetAll (AuthNet)'
2025-08-10 10:50:47.404 +05:30 [INF] Route matched with {action = "GetAll", controller = "Categories"}. Executing controller action with signature System.Threading.Tasks.Task`1[Microsoft.AspNetCore.Mvc.IActionResult] GetAll() on controller AuthNet.Controllers.CategoriesController (AuthNet).
2025-08-10 10:50:47.429 +05:30 [INF] Executed DbCommand (23ms) [Parameters=[], CommandType='"Text"', CommandTimeout='30']
SELECT [c].[CategoryId], [c].[Description], [c].[Name]
FROM [Categories] AS [c]
2025-08-10 10:50:47.429 +05:30 [INF] Executing OkObjectResult, writing value of type 'System.Collections.Generic.List`1[[AuthNet.Models.Domain.Category, AuthNet, Version=1.0.0.0, Culture=neutral, PublicKeyToken=null]]'.
2025-08-10 10:50:47.430 +05:30 [INF] Executed action AuthNet.Controllers.CategoriesController.GetAll (AuthNet) in 25.2613ms
2025-08-10 10:50:47.430 +05:30 [INF] Executed endpoint 'AuthNet.Controllers.CategoriesController.GetAll (AuthNet)'
2025-08-10 10:50:47.430 +05:30 [INF] Request finished HTTP/1.1 GET https://localhost:7165/api/categories - 200 null application/json; charset=utf-8 26.1367ms
2025-08-10 10:50:47.471 +05:30 [INF] Request starting HTTP/1.1 GET https://localhost:7165/api/suppliers - null null
2025-08-10 10:50:47.472 +05:30 [INF] Executing endpoint 'AuthNet.Controllers.SuppliersController.GetAll (AuthNet)'
2025-08-10 10:50:47.472 +05:30 [INF] Route matched with {action = "GetAll", controller = "Suppliers"}. Executing controller action with signature System.Threading.Tasks.Task`1[Microsoft.AspNetCore.Mvc.IActionResult] GetAll() on controller AuthNet.Controllers.SuppliersController (AuthNet).
2025-08-10 10:50:47.477 +05:30 [INF] Executed DbCommand (5ms) [Parameters=[], CommandType='"Text"', CommandTimeout='30']
SELECT [s].[SupplierId], [s].[CompanyName], [s].[ContactName], [s].[Phone], [s].[Address]
FROM [Suppliers] AS [s]
2025-08-10 10:50:47.478 +05:30 [INF] Executing OkObjectResult, writing value of type 'System.Collections.Generic.List`1[[AuthNet.Models.DTO.SupplierViewModel, AuthNet, Version=1.0.0.0, Culture=neutral, PublicKeyToken=null]]'.
2025-08-10 10:50:47.478 +05:30 [INF] Executed action AuthNet.Controllers.SuppliersController.GetAll (AuthNet) in 6.1088ms
2025-08-10 10:50:47.478 +05:30 [INF] Executed endpoint 'AuthNet.Controllers.SuppliersController.GetAll (AuthNet)'
2025-08-10 10:50:47.478 +05:30 [INF] Request finished HTTP/1.1 GET https://localhost:7165/api/suppliers - 200 null application/json; charset=utf-8 6.6724ms
2025-08-10 10:50:52.693 +05:30 [INF] Request starting HTTP/1.1 GET https://localhost:7165/api/Products - null null
2025-08-10 10:50:52.693 +05:30 [INF] Executing endpoint 'AuthNet.Controllers.ProductsController.GetAll (AuthNet)'
2025-08-10 10:50:52.693 +05:30 [INF] Route matched with {action = "GetAll", controller = "Products"}. Executing controller action with signature System.Threading.Tasks.Task`1[Microsoft.AspNetCore.Mvc.IActionResult] GetAll() on controller AuthNet.Controllers.ProductsController (AuthNet).
2025-08-10 10:50:52.744 +05:30 [INF] Executed DbCommand (49ms) [Parameters=[], CommandType='"Text"', CommandTimeout='30']
SELECT [p].[ProductId], [p].[CategoryId], [p].[CostPrice], [p].[Description], [p].[Name], [p].[ProductCode], [p].[ProductKey], [p].[SellPrice], [p].[SupplierId]
FROM [Products] AS [p]
2025-08-10 10:50:52.744 +05:30 [INF] Executing OkObjectResult, writing value of type 'System.Collections.Generic.List`1[[AuthNet.Models.Domain.Product, AuthNet, Version=1.0.0.0, Culture=neutral, PublicKeyToken=null]]'.
2025-08-10 10:50:52.744 +05:30 [INF] Executed action AuthNet.Controllers.ProductsController.GetAll (AuthNet) in 50.9259ms
2025-08-10 10:50:52.744 +05:30 [INF] Executed endpoint 'AuthNet.Controllers.ProductsController.GetAll (AuthNet)'
2025-08-10 10:50:52.744 +05:30 [INF] Request finished HTTP/1.1 GET https://localhost:7165/api/Products - 200 null application/json; charset=utf-8 51.5961ms
2025-08-10 10:50:52.796 +05:30 [INF] Request starting HTTP/1.1 GET https://localhost:7165/api/categories - null null
2025-08-10 10:50:52.797 +05:30 [INF] Executing endpoint 'AuthNet.Controllers.CategoriesController.GetAll (AuthNet)'
2025-08-10 10:50:52.797 +05:30 [INF] Route matched with {action = "GetAll", controller = "Categories"}. Executing controller action with signature System.Threading.Tasks.Task`1[Microsoft.AspNetCore.Mvc.IActionResult] GetAll() on controller AuthNet.Controllers.CategoriesController (AuthNet).
2025-08-10 10:50:52.801 +05:30 [INF] Executed DbCommand (3ms) [Parameters=[], CommandType='"Text"', CommandTimeout='30']
SELECT [c].[CategoryId], [c].[Description], [c].[Name]
FROM [Categories] AS [c]
2025-08-10 10:50:52.802 +05:30 [INF] Executing OkObjectResult, writing value of type 'System.Collections.Generic.List`1[[AuthNet.Models.Domain.Category, AuthNet, Version=1.0.0.0, Culture=neutral, PublicKeyToken=null]]'.
2025-08-10 10:50:52.802 +05:30 [INF] Executed action AuthNet.Controllers.CategoriesController.GetAll (AuthNet) in 4.9894ms
2025-08-10 10:50:52.802 +05:30 [INF] Executed endpoint 'AuthNet.Controllers.CategoriesController.GetAll (AuthNet)'
2025-08-10 10:50:52.802 +05:30 [INF] Request finished HTTP/1.1 GET https://localhost:7165/api/categories - 200 null application/json; charset=utf-8 5.7679ms
2025-08-10 10:50:52.820 +05:30 [INF] Request starting HTTP/1.1 GET https://localhost:7165/api/suppliers - null null
2025-08-10 10:50:52.820 +05:30 [INF] Executing endpoint 'AuthNet.Controllers.SuppliersController.GetAll (AuthNet)'
2025-08-10 10:50:52.820 +05:30 [INF] Route matched with {action = "GetAll", controller = "Suppliers"}. Executing controller action with signature System.Threading.Tasks.Task`1[Microsoft.AspNetCore.Mvc.IActionResult] GetAll() on controller AuthNet.Controllers.SuppliersController (AuthNet).
2025-08-10 10:50:52.828 +05:30 [INF] Executed DbCommand (7ms) [Parameters=[], CommandType='"Text"', CommandTimeout='30']
SELECT [s].[SupplierId], [s].[CompanyName], [s].[ContactName], [s].[Phone], [s].[Address]
FROM [Suppliers] AS [s]
2025-08-10 10:50:52.829 +05:30 [INF] Executing OkObjectResult, writing value of type 'System.Collections.Generic.List`1[[AuthNet.Models.DTO.SupplierViewModel, AuthNet, Version=1.0.0.0, Culture=neutral, PublicKeyToken=null]]'.
2025-08-10 10:50:52.829 +05:30 [INF] Executed action AuthNet.Controllers.SuppliersController.GetAll (AuthNet) in 8.2559ms
2025-08-10 10:50:52.829 +05:30 [INF] Executed endpoint 'AuthNet.Controllers.SuppliersController.GetAll (AuthNet)'
2025-08-10 10:50:52.829 +05:30 [INF] Request finished HTTP/1.1 GET https://localhost:7165/api/suppliers - 200 null application/json; charset=utf-8 8.9394ms
2025-08-10 10:50:55.838 +05:30 [INF] Request starting HTTP/1.1 GET https://localhost:7165/api/Products - null null
2025-08-10 10:50:55.838 +05:30 [INF] Executing endpoint 'AuthNet.Controllers.ProductsController.GetAll (AuthNet)'
2025-08-10 10:50:55.838 +05:30 [INF] Route matched with {action = "GetAll", controller = "Products"}. Executing controller action with signature System.Threading.Tasks.Task`1[Microsoft.AspNetCore.Mvc.IActionResult] GetAll() on controller AuthNet.Controllers.ProductsController (AuthNet).
2025-08-10 10:50:55.859 +05:30 [INF] Executed DbCommand (20ms) [Parameters=[], CommandType='"Text"', CommandTimeout='30']
SELECT [p].[ProductId], [p].[CategoryId], [p].[CostPrice], [p].[Description], [p].[Name], [p].[ProductCode], [p].[ProductKey], [p].[SellPrice], [p].[SupplierId]
FROM [Products] AS [p]
2025-08-10 10:50:55.860 +05:30 [INF] Executing OkObjectResult, writing value of type 'System.Collections.Generic.List`1[[AuthNet.Models.Domain.Product, AuthNet, Version=1.0.0.0, Culture=neutral, PublicKeyToken=null]]'.
2025-08-10 10:50:55.860 +05:30 [INF] Executed action AuthNet.Controllers.ProductsController.GetAll (AuthNet) in 21.5871ms
2025-08-10 10:50:55.860 +05:30 [INF] Executed endpoint 'AuthNet.Controllers.ProductsController.GetAll (AuthNet)'
2025-08-10 10:50:55.860 +05:30 [INF] Request finished HTTP/1.1 GET https://localhost:7165/api/Products - 200 null application/json; charset=utf-8 22.2204ms
2025-08-10 10:50:55.925 +05:30 [INF] Request starting HTTP/1.1 GET https://localhost:7165/api/InvoiceTemplates - null null
2025-08-10 10:50:55.925 +05:30 [INF] Executing endpoint 'AuthNet.Controllers.InvoiceTemplatesController.GetAll (AuthNet)'
2025-08-10 10:50:55.925 +05:30 [INF] Route matched with {action = "GetAll", controller = "InvoiceTemplates"}. Executing controller action with signature System.Threading.Tasks.Task`1[Microsoft.AspNetCore.Mvc.IActionResult] GetAll() on controller AuthNet.Controllers.InvoiceTemplatesController (AuthNet).
2025-08-10 10:50:55.959 +05:30 [INF] Executed DbCommand (33ms) [Parameters=[], CommandType='"Text"', CommandTimeout='30']
SELECT [i].[Id], [i].[Layout], [i].[Notes], [i].[TermsAndConditions]
FROM [InvoiceTemplates] AS [i]
2025-08-10 10:50:55.960 +05:30 [INF] Executing OkObjectResult, writing value of type 'System.Collections.Generic.List`1[[AuthNet.Models.Domain.InvoiceTemplate, AuthNet, Version=1.0.0.0, Culture=neutral, PublicKeyToken=null]]'.
2025-08-10 10:50:55.960 +05:30 [INF] Executed action AuthNet.Controllers.InvoiceTemplatesController.GetAll (AuthNet) in 34.4776ms
2025-08-10 10:50:55.960 +05:30 [INF] Executed endpoint 'AuthNet.Controllers.InvoiceTemplatesController.GetAll (AuthNet)'
2025-08-10 10:50:55.960 +05:30 [INF] Request finished HTTP/1.1 GET https://localhost:7165/api/InvoiceTemplates - 200 null application/json; charset=utf-8 35.268ms
2025-08-10 10:50:56.027 +05:30 [INF] Request starting HTTP/1.1 GET https://localhost:7165/api/categories - null null
2025-08-10 10:50:56.027 +05:30 [INF] Executing endpoint 'AuthNet.Controllers.CategoriesController.GetAll (AuthNet)'
2025-08-10 10:50:56.027 +05:30 [INF] Route matched with {action = "GetAll", controller = "Categories"}. Executing controller action with signature System.Threading.Tasks.Task`1[Microsoft.AspNetCore.Mvc.IActionResult] GetAll() on controller AuthNet.Controllers.CategoriesController (AuthNet).
2025-08-10 10:50:56.313 +05:30 [INF] Executed DbCommand (285ms) [Parameters=[], CommandType='"Text"', CommandTimeout='30']
SELECT [c].[CategoryId], [c].[Description], [c].[Name]
FROM [Categories] AS [c]
2025-08-10 10:50:56.316 +05:30 [INF] Executing OkObjectResult, writing value of type 'System.Collections.Generic.List`1[[AuthNet.Models.Domain.Category, AuthNet, Version=1.0.0.0, Culture=neutral, PublicKeyToken=null]]'.
2025-08-10 10:50:56.316 +05:30 [INF] Executed action AuthNet.Controllers.CategoriesController.GetAll (AuthNet) in 289.2052ms
2025-08-10 10:50:56.316 +05:30 [INF] Executed endpoint 'AuthNet.Controllers.CategoriesController.GetAll (AuthNet)'
2025-08-10 10:50:56.317 +05:30 [INF] Request finished HTTP/1.1 GET https://localhost:7165/api/categories - 200 null application/json; charset=utf-8 289.8528ms
2025-08-10 10:50:56.400 +05:30 [INF] Request starting HTTP/1.1 GET https://localhost:7165/api/Settings/Get - null null
2025-08-10 10:50:56.400 +05:30 [INF] Executing endpoint 'AuthNet.Controllers.SettingsController.GetCompanyInfo (AuthNet)'
2025-08-10 10:50:56.400 +05:30 [INF] Route matched with {action = "GetCompanyInfo", controller = "Settings"}. Executing controller action with signature System.Threading.Tasks.Task`1[Microsoft.AspNetCore.Mvc.IActionResult] GetCompanyInfo() on controller AuthNet.Controllers.SettingsController (AuthNet).
2025-08-10 10:50:56.590 +05:30 [INF] Executed DbCommand (188ms) [Parameters=[], CommandType='"Text"', CommandTimeout='30']
SELECT TOP(1) [c].[Id], [c].[Address], [c].[AlternateContactNumber], [c].[ContactNumber], [c].[Email], [c].[GSTIN], [c].[LogoFileExtension], [c].[LogoFilePath], [c].[LogoFileSizeInBytes], [c].[LogoName], [c].[Name], [c].[SignFileExtension], [c].[SignFilePath], [c].[SignFileSizeInBytes], [c].[SignName]
FROM [CompanyInfos] AS [c]
2025-08-10 10:50:56.590 +05:30 [INF] Executing OkObjectResult, writing value of type 'AuthNet.Models.DTO.CompanyInfoResponseDto'.
2025-08-10 10:50:56.590 +05:30 [INF] Executed action AuthNet.Controllers.SettingsController.GetCompanyInfo (AuthNet) in 189.7333ms
2025-08-10 10:50:56.590 +05:30 [INF] Executed endpoint 'AuthNet.Controllers.SettingsController.GetCompanyInfo (AuthNet)'
2025-08-10 10:50:56.591 +05:30 [INF] Request finished HTTP/1.1 GET https://localhost:7165/api/Settings/Get - 200 null application/json; charset=utf-8 190.5028ms
2025-08-10 10:50:56.640 +05:30 [INF] Request starting HTTP/1.1 GET https://localhost:7165/api/TaxSettings - null null
2025-08-10 10:50:56.641 +05:30 [INF] Executing endpoint 'AuthNet.Controllers.TaxSettingsController.GetAll (AuthNet)'
2025-08-10 10:50:56.641 +05:30 [INF] Route matched with {action = "GetAll", controller = "TaxSettings"}. Executing controller action with signature System.Threading.Tasks.Task`1[Microsoft.AspNetCore.Mvc.IActionResult] GetAll() on controller AuthNet.Controllers.TaxSettingsController (AuthNet).
2025-08-10 10:50:56.827 +05:30 [INF] Executed DbCommand (185ms) [Parameters=[], CommandType='"Text"', CommandTimeout='30']
SELECT TOP(1) [t].[Id], [t].[CGST], [t].[IGST], [t].[SGST]
FROM [TaxSettings] AS [t]
2025-08-10 10:50:56.828 +05:30 [INF] Executing OkObjectResult, writing value of type 'AuthNet.Models.DTO.TaxSettingResponseDto'.
2025-08-10 10:50:56.828 +05:30 [INF] Executed action AuthNet.Controllers.TaxSettingsController.GetAll (AuthNet) in 187.3268ms
2025-08-10 10:50:56.828 +05:30 [INF] Executed endpoint 'AuthNet.Controllers.TaxSettingsController.GetAll (AuthNet)'
2025-08-10 10:50:56.828 +05:30 [INF] Request finished HTTP/1.1 GET https://localhost:7165/api/TaxSettings - 200 null application/json; charset=utf-8 187.9794ms
2025-08-10 10:51:02.931 +05:30 [INF] Request starting HTTP/1.1 GET https://localhost:7165/api/Products - null null
2025-08-10 10:51:02.932 +05:30 [INF] Executing endpoint 'AuthNet.Controllers.ProductsController.GetAll (AuthNet)'
2025-08-10 10:51:02.932 +05:30 [INF] Route matched with {action = "GetAll", controller = "Products"}. Executing controller action with signature System.Threading.Tasks.Task`1[Microsoft.AspNetCore.Mvc.IActionResult] GetAll() on controller AuthNet.Controllers.ProductsController (AuthNet).
2025-08-10 10:51:02.941 +05:30 [INF] Executed DbCommand (8ms) [Parameters=[], CommandType='"Text"', CommandTimeout='30']
SELECT [p].[ProductId], [p].[CategoryId], [p].[CostPrice], [p].[Description], [p].[Name], [p].[ProductCode], [p].[ProductKey], [p].[SellPrice], [p].[SupplierId]
FROM [Products] AS [p]
2025-08-10 10:51:02.942 +05:30 [INF] Executing OkObjectResult, writing value of type 'System.Collections.Generic.List`1[[AuthNet.Models.Domain.Product, AuthNet, Version=1.0.0.0, Culture=neutral, PublicKeyToken=null]]'.
2025-08-10 10:51:02.942 +05:30 [INF] Executed action AuthNet.Controllers.ProductsController.GetAll (AuthNet) in 10.2809ms
2025-08-10 10:51:02.942 +05:30 [INF] Executed endpoint 'AuthNet.Controllers.ProductsController.GetAll (AuthNet)'
2025-08-10 10:51:02.942 +05:30 [INF] Request finished HTTP/1.1 GET https://localhost:7165/api/Products - 200 null application/json; charset=utf-8 10.9484ms
2025-08-10 10:51:02.968 +05:30 [INF] Request starting HTTP/1.1 GET https://localhost:7165/api/categories - null null
2025-08-10 10:51:02.968 +05:30 [INF] Executing endpoint 'AuthNet.Controllers.CategoriesController.GetAll (AuthNet)'
2025-08-10 10:51:02.968 +05:30 [INF] Route matched with {action = "GetAll", controller = "Categories"}. Executing controller action with signature System.Threading.Tasks.Task`1[Microsoft.AspNetCore.Mvc.IActionResult] GetAll() on controller AuthNet.Controllers.CategoriesController (AuthNet).
2025-08-10 10:51:02.972 +05:30 [INF] Executed DbCommand (2ms) [Parameters=[], CommandType='"Text"', CommandTimeout='30']
SELECT [c].[CategoryId], [c].[Description], [c].[Name]
FROM [Categories] AS [c]
2025-08-10 10:51:02.972 +05:30 [INF] Executing OkObjectResult, writing value of type 'System.Collections.Generic.List`1[[AuthNet.Models.Domain.Category, AuthNet, Version=1.0.0.0, Culture=neutral, PublicKeyToken=null]]'.
2025-08-10 10:51:02.972 +05:30 [INF] Executed action AuthNet.Controllers.CategoriesController.GetAll (AuthNet) in 3.8663ms
2025-08-10 10:51:02.972 +05:30 [INF] Executed endpoint 'AuthNet.Controllers.CategoriesController.GetAll (AuthNet)'
2025-08-10 10:51:02.972 +05:30 [INF] Request finished HTTP/1.1 GET https://localhost:7165/api/categories - 200 null application/json; charset=utf-8 4.8274ms
2025-08-10 10:51:03.002 +05:30 [INF] Request starting HTTP/1.1 GET https://localhost:7165/api/suppliers - null null
2025-08-10 10:51:03.002 +05:30 [INF] Executing endpoint 'AuthNet.Controllers.SuppliersController.GetAll (AuthNet)'
2025-08-10 10:51:03.002 +05:30 [INF] Route matched with {action = "GetAll", controller = "Suppliers"}. Executing controller action with signature System.Threading.Tasks.Task`1[Microsoft.AspNetCore.Mvc.IActionResult] GetAll() on controller AuthNet.Controllers.SuppliersController (AuthNet).
2025-08-10 10:51:03.006 +05:30 [INF] Executed DbCommand (3ms) [Parameters=[], CommandType='"Text"', CommandTimeout='30']
SELECT [s].[SupplierId], [s].[CompanyName], [s].[ContactName], [s].[Phone], [s].[Address]
FROM [Suppliers] AS [s]
2025-08-10 10:51:03.006 +05:30 [INF] Executing OkObjectResult, writing value of type 'System.Collections.Generic.List`1[[AuthNet.Models.DTO.SupplierViewModel, AuthNet, Version=1.0.0.0, Culture=neutral, PublicKeyToken=null]]'.
2025-08-10 10:51:03.006 +05:30 [INF] Executed action AuthNet.Controllers.SuppliersController.GetAll (AuthNet) in 3.9876ms
2025-08-10 10:51:03.006 +05:30 [INF] Executed endpoint 'AuthNet.Controllers.SuppliersController.GetAll (AuthNet)'
2025-08-10 10:51:03.007 +05:30 [INF] Request finished HTTP/1.1 GET https://localhost:7165/api/suppliers - 200 null application/json; charset=utf-8 4.6939ms
2025-08-10 10:51:05.713 +05:30 [INF] Request starting HTTP/1.1 GET https://localhost:7165/api/Products - null null
2025-08-10 10:51:05.714 +05:30 [INF] Executing endpoint 'AuthNet.Controllers.ProductsController.GetAll (AuthNet)'
2025-08-10 10:51:05.714 +05:30 [INF] Route matched with {action = "GetAll", controller = "Products"}. Executing controller action with signature System.Threading.Tasks.Task`1[Microsoft.AspNetCore.Mvc.IActionResult] GetAll() on controller AuthNet.Controllers.ProductsController (AuthNet).
2025-08-10 10:51:05.724 +05:30 [INF] Executed DbCommand (8ms) [Parameters=[], CommandType='"Text"', CommandTimeout='30']
SELECT [p].[ProductId], [p].[CategoryId], [p].[CostPrice], [p].[Description], [p].[Name], [p].[ProductCode], [p].[ProductKey], [p].[SellPrice], [p].[SupplierId]
FROM [Products] AS [p]
2025-08-10 10:51:05.725 +05:30 [INF] Executing OkObjectResult, writing value of type 'System.Collections.Generic.List`1[[AuthNet.Models.Domain.Product, AuthNet, Version=1.0.0.0, Culture=neutral, PublicKeyToken=null]]'.
2025-08-10 10:51:05.725 +05:30 [INF] Executed action AuthNet.Controllers.ProductsController.GetAll (AuthNet) in 11.1008ms
2025-08-10 10:51:05.725 +05:30 [INF] Executed endpoint 'AuthNet.Controllers.ProductsController.GetAll (AuthNet)'
2025-08-10 10:51:05.725 +05:30 [INF] Request finished HTTP/1.1 GET https://localhost:7165/api/Products - 200 null application/json; charset=utf-8 12.3743ms
2025-08-10 10:51:05.743 +05:30 [INF] Request starting HTTP/1.1 GET https://localhost:7165/api/InvoiceTemplates - null null
2025-08-10 10:51:05.743 +05:30 [INF] Executing endpoint 'AuthNet.Controllers.InvoiceTemplatesController.GetAll (AuthNet)'
2025-08-10 10:51:05.744 +05:30 [INF] Route matched with {action = "GetAll", controller = "InvoiceTemplates"}. Executing controller action with signature System.Threading.Tasks.Task`1[Microsoft.AspNetCore.Mvc.IActionResult] GetAll() on controller AuthNet.Controllers.InvoiceTemplatesController (AuthNet).
2025-08-10 10:51:05.766 +05:30 [INF] Executed DbCommand (18ms) [Parameters=[], CommandType='"Text"', CommandTimeout='30']
SELECT [i].[Id], [i].[Layout], [i].[Notes], [i].[TermsAndConditions]
FROM [InvoiceTemplates] AS [i]
2025-08-10 10:51:05.767 +05:30 [INF] Executing OkObjectResult, writing value of type 'System.Collections.Generic.List`1[[AuthNet.Models.Domain.InvoiceTemplate, AuthNet, Version=1.0.0.0, Culture=neutral, PublicKeyToken=null]]'.
2025-08-10 10:51:05.767 +05:30 [INF] Executed action AuthNet.Controllers.InvoiceTemplatesController.GetAll (AuthNet) in 23.7132ms
2025-08-10 10:51:05.768 +05:30 [INF] Executed endpoint 'AuthNet.Controllers.InvoiceTemplatesController.GetAll (AuthNet)'
2025-08-10 10:51:05.768 +05:30 [INF] Request finished HTTP/1.1 GET https://localhost:7165/api/InvoiceTemplates - 200 null application/json; charset=utf-8 24.6753ms
2025-08-10 10:51:05.791 +05:30 [INF] Request starting HTTP/1.1 GET https://localhost:7165/api/categories - null null
2025-08-10 10:51:05.791 +05:30 [INF] Executing endpoint 'AuthNet.Controllers.CategoriesController.GetAll (AuthNet)'
2025-08-10 10:51:05.791 +05:30 [INF] Route matched with {action = "GetAll", controller = "Categories"}. Executing controller action with signature System.Threading.Tasks.Task`1[Microsoft.AspNetCore.Mvc.IActionResult] GetAll() on controller AuthNet.Controllers.CategoriesController (AuthNet).
2025-08-10 10:51:05.801 +05:30 [INF] Executed DbCommand (9ms) [Parameters=[], CommandType='"Text"', CommandTimeout='30']
SELECT [c].[CategoryId], [c].[Description], [c].[Name]
FROM [Categories] AS [c]
2025-08-10 10:51:05.802 +05:30 [INF] Executing OkObjectResult, writing value of type 'System.Collections.Generic.List`1[[AuthNet.Models.Domain.Category, AuthNet, Version=1.0.0.0, Culture=neutral, PublicKeyToken=null]]'.
2025-08-10 10:51:05.802 +05:30 [INF] Executed action AuthNet.Controllers.CategoriesController.GetAll (AuthNet) in 10.3933ms
2025-08-10 10:51:05.802 +05:30 [INF] Executed endpoint 'AuthNet.Controllers.CategoriesController.GetAll (AuthNet)'
2025-08-10 10:51:05.802 +05:30 [INF] Request finished HTTP/1.1 GET https://localhost:7165/api/categories - 200 null application/json; charset=utf-8 11.3104ms
2025-08-10 10:51:05.843 +05:30 [INF] Request starting HTTP/1.1 GET https://localhost:7165/api/Settings/Get - null null
2025-08-10 10:51:05.844 +05:30 [INF] Executing endpoint 'AuthNet.Controllers.SettingsController.GetCompanyInfo (AuthNet)'
2025-08-10 10:51:05.844 +05:30 [INF] Route matched with {action = "GetCompanyInfo", controller = "Settings"}. Executing controller action with signature System.Threading.Tasks.Task`1[Microsoft.AspNetCore.Mvc.IActionResult] GetCompanyInfo() on controller AuthNet.Controllers.SettingsController (AuthNet).
2025-08-10 10:51:05.855 +05:30 [INF] Executed DbCommand (10ms) [Parameters=[], CommandType='"Text"', CommandTimeout='30']
SELECT TOP(1) [c].[Id], [c].[Address], [c].[AlternateContactNumber], [c].[ContactNumber], [c].[Email], [c].[GSTIN], [c].[LogoFileExtension], [c].[LogoFilePath], [c].[LogoFileSizeInBytes], [c].[LogoName], [c].[Name], [c].[SignFileExtension], [c].[SignFilePath], [c].[SignFileSizeInBytes], [c].[SignName]
FROM [CompanyInfos] AS [c]
2025-08-10 10:51:05.855 +05:30 [INF] Executing OkObjectResult, writing value of type 'AuthNet.Models.DTO.CompanyInfoResponseDto'.
2025-08-10 10:51:05.855 +05:30 [INF] Executed action AuthNet.Controllers.SettingsController.GetCompanyInfo (AuthNet) in 11.5135ms
2025-08-10 10:51:05.856 +05:30 [INF] Executed endpoint 'AuthNet.Controllers.SettingsController.GetCompanyInfo (AuthNet)'
2025-08-10 10:51:05.856 +05:30 [INF] Request finished HTTP/1.1 GET https://localhost:7165/api/Settings/Get - 200 null application/json; charset=utf-8 12.3105ms
2025-08-10 10:51:05.871 +05:30 [INF] Request starting HTTP/1.1 GET https://localhost:7165/api/TaxSettings - null null
2025-08-10 10:51:05.872 +05:30 [INF] Executing endpoint 'AuthNet.Controllers.TaxSettingsController.GetAll (AuthNet)'
2025-08-10 10:51:05.872 +05:30 [INF] Route matched with {action = "GetAll", controller = "TaxSettings"}. Executing controller action with signature System.Threading.Tasks.Task`1[Microsoft.AspNetCore.Mvc.IActionResult] GetAll() on controller AuthNet.Controllers.TaxSettingsController (AuthNet).
2025-08-10 10:51:05.878 +05:30 [INF] Executed DbCommand (6ms) [Parameters=[], CommandType='"Text"', CommandTimeout='30']
SELECT TOP(1) [t].[Id], [t].[CGST], [t].[IGST], [t].[SGST]
FROM [TaxSettings] AS [t]
2025-08-10 10:51:05.879 +05:30 [INF] Executing OkObjectResult, writing value of type 'AuthNet.Models.DTO.TaxSettingResponseDto'.
2025-08-10 10:51:05.879 +05:30 [INF] Executed action AuthNet.Controllers.TaxSettingsController.GetAll (AuthNet) in 6.852ms
2025-08-10 10:51:05.879 +05:30 [INF] Executed endpoint 'AuthNet.Controllers.TaxSettingsController.GetAll (AuthNet)'
2025-08-10 10:51:05.879 +05:30 [INF] Request finished HTTP/1.1 GET https://localhost:7165/api/TaxSettings - 200 null application/json; charset=utf-8 7.6008ms
2025-08-10 10:51:12.644 +05:30 [INF] Request starting HTTP/1.1 GET https://localhost:7165/api/Products - null null
2025-08-10 10:51:12.645 +05:30 [INF] Executing endpoint 'AuthNet.Controllers.ProductsController.GetAll (AuthNet)'
2025-08-10 10:51:12.645 +05:30 [INF] Route matched with {action = "GetAll", controller = "Products"}. Executing controller action with signature System.Threading.Tasks.Task`1[Microsoft.AspNetCore.Mvc.IActionResult] GetAll() on controller AuthNet.Controllers.ProductsController (AuthNet).
2025-08-10 10:51:12.682 +05:30 [INF] Executed DbCommand (36ms) [Parameters=[], CommandType='"Text"', CommandTimeout='30']
SELECT [p].[ProductId], [p].[CategoryId], [p].[CostPrice], [p].[Description], [p].[Name], [p].[ProductCode], [p].[ProductKey], [p].[SellPrice], [p].[SupplierId]
FROM [Products] AS [p]
2025-08-10 10:51:12.682 +05:30 [INF] Executing OkObjectResult, writing value of type 'System.Collections.Generic.List`1[[AuthNet.Models.Domain.Product, AuthNet, Version=1.0.0.0, Culture=neutral, PublicKeyToken=null]]'.
2025-08-10 10:51:12.683 +05:30 [INF] Executed action AuthNet.Controllers.ProductsController.GetAll (AuthNet) in 37.8157ms
2025-08-10 10:51:12.683 +05:30 [INF] Executed endpoint 'AuthNet.Controllers.ProductsController.GetAll (AuthNet)'
2025-08-10 10:51:12.683 +05:30 [INF] Request finished HTTP/1.1 GET https://localhost:7165/api/Products - 200 null application/json; charset=utf-8 38.5612ms
2025-08-10 10:51:12.720 +05:30 [INF] Request starting HTTP/1.1 GET https://localhost:7165/api/categories - null null
2025-08-10 10:51:12.721 +05:30 [INF] Executing endpoint 'AuthNet.Controllers.CategoriesController.GetAll (AuthNet)'
2025-08-10 10:51:12.721 +05:30 [INF] Route matched with {action = "GetAll", controller = "Categories"}. Executing controller action with signature System.Threading.Tasks.Task`1[Microsoft.AspNetCore.Mvc.IActionResult] GetAll() on controller AuthNet.Controllers.CategoriesController (AuthNet).
2025-08-10 10:51:12.741 +05:30 [INF] Executed DbCommand (19ms) [Parameters=[], CommandType='"Text"', CommandTimeout='30']
SELECT [c].[CategoryId], [c].[Description], [c].[Name]
FROM [Categories] AS [c]
2025-08-10 10:51:12.742 +05:30 [INF] Executing OkObjectResult, writing value of type 'System.Collections.Generic.List`1[[AuthNet.Models.Domain.Category, AuthNet, Version=1.0.0.0, Culture=neutral, PublicKeyToken=null]]'.
2025-08-10 10:51:12.742 +05:30 [INF] Executed action AuthNet.Controllers.CategoriesController.GetAll (AuthNet) in 21.2599ms
2025-08-10 10:51:12.742 +05:30 [INF] Executed endpoint 'AuthNet.Controllers.CategoriesController.GetAll (AuthNet)'
2025-08-10 10:51:12.742 +05:30 [INF] Request finished HTTP/1.1 GET https://localhost:7165/api/categories - 200 null application/json; charset=utf-8 21.9815ms
2025-08-10 10:51:12.809 +05:30 [INF] Request starting HTTP/1.1 GET https://localhost:7165/api/suppliers - null null
2025-08-10 10:51:12.809 +05:30 [INF] Executing endpoint 'AuthNet.Controllers.SuppliersController.GetAll (AuthNet)'
2025-08-10 10:51:12.809 +05:30 [INF] Route matched with {action = "GetAll", controller = "Suppliers"}. Executing controller action with signature System.Threading.Tasks.Task`1[Microsoft.AspNetCore.Mvc.IActionResult] GetAll() on controller AuthNet.Controllers.SuppliersController (AuthNet).
2025-08-10 10:51:12.813 +05:30 [INF] Executed DbCommand (3ms) [Parameters=[], CommandType='"Text"', CommandTimeout='30']
SELECT [s].[SupplierId], [s].[CompanyName], [s].[ContactName], [s].[Phone], [s].[Address]
FROM [Suppliers] AS [s]
2025-08-10 10:51:12.813 +05:30 [INF] Executing OkObjectResult, writing value of type 'System.Collections.Generic.List`1[[AuthNet.Models.DTO.SupplierViewModel, AuthNet, Version=1.0.0.0, Culture=neutral, PublicKeyToken=null]]'.
2025-08-10 10:51:12.813 +05:30 [INF] Executed action AuthNet.Controllers.SuppliersController.GetAll (AuthNet) in 4.3515ms
2025-08-10 10:51:12.813 +05:30 [INF] Executed endpoint 'AuthNet.Controllers.SuppliersController.GetAll (AuthNet)'
2025-08-10 10:51:12.814 +05:30 [INF] Request finished HTTP/1.1 GET https://localhost:7165/api/suppliers - 200 null application/json; charset=utf-8 5.0238ms
2025-08-10 10:51:47.173 +05:30 [INF] Request starting HTTP/1.1 GET https://localhost:7165/api/Products - null null
2025-08-10 10:51:47.174 +05:30 [INF] Executing endpoint 'AuthNet.Controllers.ProductsController.GetAll (AuthNet)'
2025-08-10 10:51:47.174 +05:30 [INF] Route matched with {action = "GetAll", controller = "Products"}. Executing controller action with signature System.Threading.Tasks.Task`1[Microsoft.AspNetCore.Mvc.IActionResult] GetAll() on controller AuthNet.Controllers.ProductsController (AuthNet).
2025-08-10 10:51:47.183 +05:30 [INF] Executed DbCommand (8ms) [Parameters=[], CommandType='"Text"', CommandTimeout='30']
SELECT [p].[ProductId], [p].[CategoryId], [p].[CostPrice], [p].[Description], [p].[Name], [p].[ProductCode], [p].[ProductKey], [p].[SellPrice], [p].[SupplierId]
FROM [Products] AS [p]
2025-08-10 10:51:47.183 +05:30 [INF] Executing OkObjectResult, writing value of type 'System.Collections.Generic.List`1[[AuthNet.Models.Domain.Product, AuthNet, Version=1.0.0.0, Culture=neutral, PublicKeyToken=null]]'.
2025-08-10 10:51:47.184 +05:30 [INF] Executed action AuthNet.Controllers.ProductsController.GetAll (AuthNet) in 9.6982ms
2025-08-10 10:51:47.184 +05:30 [INF] Executed endpoint 'AuthNet.Controllers.ProductsController.GetAll (AuthNet)'
2025-08-10 10:51:47.184 +05:30 [INF] Request finished HTTP/1.1 GET https://localhost:7165/api/Products - 200 null application/json; charset=utf-8 10.4488ms
2025-08-10 10:51:47.219 +05:30 [INF] Request starting HTTP/1.1 GET https://localhost:7165/api/InvoiceTemplates - null null
2025-08-10 10:51:47.219 +05:30 [INF] Executing endpoint 'AuthNet.Controllers.InvoiceTemplatesController.GetAll (AuthNet)'
2025-08-10 10:51:47.219 +05:30 [INF] Route matched with {action = "GetAll", controller = "InvoiceTemplates"}. Executing controller action with signature System.Threading.Tasks.Task`1[Microsoft.AspNetCore.Mvc.IActionResult] GetAll() on controller AuthNet.Controllers.InvoiceTemplatesController (AuthNet).
2025-08-10 10:51:47.272 +05:30 [INF] Executed DbCommand (52ms) [Parameters=[], CommandType='"Text"', CommandTimeout='30']
SELECT [i].[Id], [i].[Layout], [i].[Notes], [i].[TermsAndConditions]
FROM [InvoiceTemplates] AS [i]
2025-08-10 10:51:47.272 +05:30 [INF] Executing OkObjectResult, writing value of type 'System.Collections.Generic.List`1[[AuthNet.Models.Domain.InvoiceTemplate, AuthNet, Version=1.0.0.0, Culture=neutral, PublicKeyToken=null]]'.
2025-08-10 10:51:47.272 +05:30 [INF] Executed action AuthNet.Controllers.InvoiceTemplatesController.GetAll (AuthNet) in 53.1245ms
2025-08-10 10:51:47.272 +05:30 [INF] Executed endpoint 'AuthNet.Controllers.InvoiceTemplatesController.GetAll (AuthNet)'
2025-08-10 10:51:47.273 +05:30 [INF] Request finished HTTP/1.1 GET https://localhost:7165/api/InvoiceTemplates - 200 null application/json; charset=utf-8 54.1332ms
2025-08-10 10:51:47.347 +05:30 [INF] Request starting HTTP/1.1 GET https://localhost:7165/api/categories - null null
2025-08-10 10:51:47.348 +05:30 [INF] Executing endpoint 'AuthNet.Controllers.CategoriesController.GetAll (AuthNet)'
2025-08-10 10:51:47.348 +05:30 [INF] Route matched with {action = "GetAll", controller = "Categories"}. Executing controller action with signature System.Threading.Tasks.Task`1[Microsoft.AspNetCore.Mvc.IActionResult] GetAll() on controller AuthNet.Controllers.CategoriesController (AuthNet).
2025-08-10 10:51:47.358 +05:30 [INF] Executed DbCommand (10ms) [Parameters=[], CommandType='"Text"', CommandTimeout='30']
SELECT [c].[CategoryId], [c].[Description], [c].[Name]
FROM [Categories] AS [c]
2025-08-10 10:51:47.359 +05:30 [INF] Executing OkObjectResult, writing value of type 'System.Collections.Generic.List`1[[AuthNet.Models.Domain.Category, AuthNet, Version=1.0.0.0, Culture=neutral, PublicKeyToken=null]]'.
2025-08-10 10:51:47.359 +05:30 [INF] Executed action AuthNet.Controllers.CategoriesController.GetAll (AuthNet) in 10.8036ms
2025-08-10 10:51:47.359 +05:30 [INF] Executed endpoint 'AuthNet.Controllers.CategoriesController.GetAll (AuthNet)'
2025-08-10 10:51:47.359 +05:30 [INF] Request finished HTTP/1.1 GET https://localhost:7165/api/categories - 200 null application/json; charset=utf-8 11.4713ms
2025-08-10 10:51:47.381 +05:30 [INF] Request starting HTTP/1.1 GET https://localhost:7165/api/Settings/Get - null null
2025-08-10 10:51:47.381 +05:30 [INF] Executing endpoint 'AuthNet.Controllers.SettingsController.GetCompanyInfo (AuthNet)'
2025-08-10 10:51:47.381 +05:30 [INF] Route matched with {action = "GetCompanyInfo", controller = "Settings"}. Executing controller action with signature System.Threading.Tasks.Task`1[Microsoft.AspNetCore.Mvc.IActionResult] GetCompanyInfo() on controller AuthNet.Controllers.SettingsController (AuthNet).
2025-08-10 10:51:47.400 +05:30 [INF] Executed DbCommand (17ms) [Parameters=[], CommandType='"Text"', CommandTimeout='30']
SELECT TOP(1) [c].[Id], [c].[Address], [c].[AlternateContactNumber], [c].[ContactNumber], [c].[Email], [c].[GSTIN], [c].[LogoFileExtension], [c].[LogoFilePath], [c].[LogoFileSizeInBytes], [c].[LogoName], [c].[Name], [c].[SignFileExtension], [c].[SignFilePath], [c].[SignFileSizeInBytes], [c].[SignName]
FROM [CompanyInfos] AS [c]
2025-08-10 10:51:47.400 +05:30 [INF] Executing OkObjectResult, writing value of type 'AuthNet.Models.DTO.CompanyInfoResponseDto'.
2025-08-10 10:51:47.401 +05:30 [INF] Executed action AuthNet.Controllers.SettingsController.GetCompanyInfo (AuthNet) in 19.6444ms
2025-08-10 10:51:47.401 +05:30 [INF] Executed endpoint 'AuthNet.Controllers.SettingsController.GetCompanyInfo (AuthNet)'
2025-08-10 10:51:47.401 +05:30 [INF] Request finished HTTP/1.1 GET https://localhost:7165/api/Settings/Get - 200 null application/json; charset=utf-8 20.2876ms
2025-08-10 10:51:47.468 +05:30 [INF] Request starting HTTP/1.1 GET https://localhost:7165/api/TaxSettings - null null
2025-08-10 10:51:47.468 +05:30 [INF] Executing endpoint 'AuthNet.Controllers.TaxSettingsController.GetAll (AuthNet)'
2025-08-10 10:51:47.468 +05:30 [INF] Route matched with {action = "GetAll", controller = "TaxSettings"}. Executing controller action with signature System.Threading.Tasks.Task`1[Microsoft.AspNetCore.Mvc.IActionResult] GetAll() on controller AuthNet.Controllers.TaxSettingsController (AuthNet).
2025-08-10 10:51:47.556 +05:30 [INF] Executed DbCommand (87ms) [Parameters=[], CommandType='"Text"', CommandTimeout='30']
SELECT TOP(1) [t].[Id], [t].[CGST], [t].[IGST], [t].[SGST]
FROM [TaxSettings] AS [t]
2025-08-10 10:51:47.557 +05:30 [INF] Executing OkObjectResult, writing value of type 'AuthNet.Models.DTO.TaxSettingResponseDto'.
2025-08-10 10:51:47.557 +05:30 [INF] Executed action AuthNet.Controllers.TaxSettingsController.GetAll (AuthNet) in 89.167ms
2025-08-10 10:51:47.557 +05:30 [INF] Executed endpoint 'AuthNet.Controllers.TaxSettingsController.GetAll (AuthNet)'
2025-08-10 10:51:47.557 +05:30 [INF] Request finished HTTP/1.1 GET https://localhost:7165/api/TaxSettings - 200 null application/json; charset=utf-8 89.7792ms
2025-08-10 10:56:44.435 +05:30 [INF] Request starting HTTP/2 OPTIONS https://localhost:7165/api/Sales - null null
2025-08-10 10:56:44.436 +05:30 [INF] CORS policy execution successful.
2025-08-10 10:56:44.449 +05:30 [INF] Request finished HTTP/2 OPTIONS https://localhost:7165/api/Sales - 204 null null 13.3632ms
2025-08-10 10:56:44.460 +05:30 [INF] Request starting HTTP/2 POST https://localhost:7165/api/Sales - application/json 442
2025-08-10 10:56:44.462 +05:30 [INF] CORS policy execution successful.
2025-08-10 10:56:44.463 +05:30 [INF] Executing endpoint 'AuthNet.Controllers.SalesController.Create (AuthNet)'
2025-08-10 10:56:44.477 +05:30 [INF] Route matched with {action = "Create", controller = "Sales"}. Executing controller action with signature System.Threading.Tasks.Task`1[Microsoft.AspNetCore.Mvc.IActionResult] Create(AuthNet.Models.DTO.SaleDto) on controller AuthNet.Controllers.SalesController (AuthNet).
2025-08-10 10:56:44.604 +05:30 [INF] Executed DbCommand (27ms) [Parameters=[@p0='?' (Precision = 18) (Scale = 2) (DbType = Decimal), @p1='?' (DbType = DateTime2), @p2='?' (Precision = 18) (Scale = 2) (DbType = Decimal), @p3='?' (DbType = DateTime2), @p4='?' (Size = 4000), @p5='?' (Precision = 18) (Scale = 2) (DbType = Decimal), @p6='?' (Size = 4000), @p7='?' (Precision = 18) (Scale = 2) (DbType = Decimal)], CommandType='"Text"', CommandTimeout='30']
SET IMPLICIT_TRANSACTIONS OFF;
SET NOCOUNT ON;
INSERT INTO [Sales] ([AfterTaxAmount], [CreatedAt], [DiscountedAmount], [InvoiceDate], [InvoiceNo], [PrincipalAmount], [Template], [TotalAmount])
OUTPUT INSERTED.[Id]
VALUES (@p0, @p1, @p2, @p3, @p4, @p5, @p6, @p7);
2025-08-10 10:56:44.714 +05:30 [INF] Executed DbCommand (92ms) [Parameters=[@p8='?' (DbType = Int32), @p9='?' (Size = 4000), @p10='?' (DbType = Int32), @p11='?' (DbType = Int32), @p12='?' (Precision = 18) (Scale = 2) (DbType = Decimal), @p13='?' (Precision = 18) (Scale = 2) (DbType = Decimal), @p14='?' (DbType = Int32), @p15='?' (Size = 4000), @p16='?' (DbType = Int32), @p17='?' (DbType = Int32), @p18='?' (Precision = 18) (Scale = 2) (DbType = Decimal), @p19='?' (Precision = 18) (Scale = 2) (DbType = Decimal), @p20='?' (DbType = Int32), @p21='?' (Size = 4000), @p22='?' (DbType = Int32), @p23='?' (DbType = Int32), @p24='?' (Precision = 18) (Scale = 2) (DbType = Decimal), @p25='?' (Precision = 18) (Scale = 2) (DbType = Decimal), @p26='?' (DbType = Int32), @p27='?' (Size = 4000), @p28='?' (DbType = Int32), @p29='?' (DbType = Int32), @p30='?' (Precision = 18) (Scale = 2) (DbType = Decimal), @p31='?' (Precision = 18) (Scale = 2) (DbType = Decimal)], CommandType='"Text"', CommandTimeout='30']
SET IMPLICIT_TRANSACTIONS OFF;
SET NOCOUNT ON;
MERGE [SaleItems] USING (
VALUES (@p8, @p9, @p10, @p11, @p12, @p13, 0),
(@p14, @p15, @p16, @p17, @p18, @p19, 1),
(@p20, @p21, @p22, @p23, @p24, @p25, 2),
(@p26, @p27, @p28, @p29, @p30, @p31, 3)) AS i ([ProductId], [ProductName], [Quantity], [SaleId], [TotalPrice], [UnitPrice], _Position) ON 1=0
WHEN NOT MATCHED THEN
INSERT ([ProductId], [ProductName], [Quantity], [SaleId], [TotalPrice], [UnitPrice])
VALUES (i.[ProductId], i.[ProductName], i.[Quantity], i.[SaleId], i.[TotalPrice], i.[UnitPrice])
OUTPUT INSERTED.[Id], i._Position;
2025-08-10 10:56:44.718 +05:30 [INF] Executing OkObjectResult, writing value of type '<>f__AnonymousType3`2[[System.Boolean, System.Private.CoreLib, Version=8.0.0.0, Culture=neutral, PublicKeyToken=7cec85d7bea7798e],[System.String, System.Private.CoreLib, Version=8.0.0.0, Culture=neutral, PublicKeyToken=7cec85d7bea7798e]]'.
2025-08-10 10:56:44.721 +05:30 [INF] Executed action AuthNet.Controllers.SalesController.Create (AuthNet) in 244.6275ms
2025-08-10 10:56:44.721 +05:30 [INF] Executed endpoint 'AuthNet.Controllers.SalesController.Create (AuthNet)'
2025-08-10 10:56:44.722 +05:30 [INF] Request finished HTTP/2 POST https://localhost:7165/api/Sales - 200 null application/json; charset=utf-8 261.8839ms
2025-08-10 10:56:54.494 +05:30 [INF] Request starting HTTP/1.1 GET https://localhost:7165/api/Sales/DailyProfit - null null
2025-08-10 10:56:54.495 +05:30 [INF] Executing endpoint 'AuthNet.Controllers.SalesController.GetDailyProfit (AuthNet)'
2025-08-10 10:56:54.495 +05:30 [INF] Route matched with {action = "GetDailyProfit", controller = "Sales"}. Executing controller action with signature System.Threading.Tasks.Task`1[Microsoft.AspNetCore.Mvc.IActionResult] GetDailyProfit() on controller AuthNet.Controllers.SalesController (AuthNet).
2025-08-10 10:56:54.523 +05:30 [INF] Executed DbCommand (27ms) [Parameters=[@__date_Date_0='?' (DbType = DateTime2)], CommandType='"Text"', CommandTimeout='30']
SELECT [s].[Id], [s].[ProductId], [s].[ProductName], [s].[Quantity], [s].[SaleId], [s].[TotalPrice], [s].[UnitPrice], [s0].[Id], [s0].[AfterTaxAmount], [s0].[CreatedAt], [s0].[DiscountedAmount], [s0].[InvoiceDate], [s0].[InvoiceNo], [s0].[PrincipalAmount], [s0].[Template], [s0].[TotalAmount]
FROM [SaleItems] AS [s]
INNER JOIN [Sales] AS [s0] ON [s].[SaleId] = [s0].[Id]
WHERE CONVERT(date, [s0].[InvoiceDate]) = @__date_Date_0
2025-08-10 10:56:54.539 +05:30 [INF] Executed DbCommand (15ms) [Parameters=[@__productIds_0='?' (Size = 4000)], CommandType='"Text"', CommandTimeout='30']
SELECT [p].[ProductId], [p].[CategoryId], [p].[CostPrice], [p].[Description], [p].[Name], [p].[ProductCode], [p].[ProductKey], [p].[SellPrice], [p].[SupplierId]
FROM [Products] AS [p]
WHERE [p].[ProductId] IN (
    SELECT [p0].[value]
    FROM OPENJSON(@__productIds_0) WITH ([value] int '$') AS [p0]
)
2025-08-10 10:56:54.540 +05:30 [INF] Executing OkObjectResult, writing value of type 'AuthNet.Models.DTO.DailyProfitDto'.
2025-08-10 10:56:54.540 +05:30 [INF] Executed action AuthNet.Controllers.SalesController.GetDailyProfit (AuthNet) in 45.0998ms
2025-08-10 10:56:54.540 +05:30 [INF] Executed endpoint 'AuthNet.Controllers.SalesController.GetDailyProfit (AuthNet)'
2025-08-10 10:56:54.540 +05:30 [INF] Request finished HTTP/1.1 GET https://localhost:7165/api/Sales/DailyProfit - 200 null application/json; charset=utf-8 45.7642ms
2025-08-10 10:56:54.585 +05:30 [INF] Request starting HTTP/1.1 GET https://localhost:7165/api/Sales/CurrentMonthProfit - null null
2025-08-10 10:56:54.586 +05:30 [INF] Executing endpoint 'AuthNet.Controllers.SalesController.GetCurrentMonthProfit (AuthNet)'
2025-08-10 10:56:54.586 +05:30 [INF] Route matched with {action = "GetCurrentMonthProfit", controller = "Sales"}. Executing controller action with signature System.Threading.Tasks.Task`1[Microsoft.AspNetCore.Mvc.IActionResult] GetCurrentMonthProfit() on controller AuthNet.Controllers.SalesController (AuthNet).
2025-08-10 10:56:54.602 +05:30 [INF] Executed DbCommand (15ms) [Parameters=[@__currentYear_0='?' (DbType = Int32), @__currentMonth_1='?' (DbType = Int32)], CommandType='"Text"', CommandTimeout='30']
SELECT [s].[Id], [s].[ProductId], [s].[ProductName], [s].[Quantity], [s].[SaleId], [s].[TotalPrice], [s].[UnitPrice], [s0].[Id], [s0].[AfterTaxAmount], [s0].[CreatedAt], [s0].[DiscountedAmount], [s0].[InvoiceDate], [s0].[InvoiceNo], [s0].[PrincipalAmount], [s0].[Template], [s0].[TotalAmount]
FROM [SaleItems] AS [s]
INNER JOIN [Sales] AS [s0] ON [s].[SaleId] = [s0].[Id]
WHERE DATEPART(year, [s0].[InvoiceDate]) = @__currentYear_0 AND DATEPART(month, [s0].[InvoiceDate]) = @__currentMonth_1
2025-08-10 10:56:54.609 +05:30 [INF] Executed DbCommand (6ms) [Parameters=[@__productIds_0='?' (Size = 4000)], CommandType='"Text"', CommandTimeout='30']
SELECT [p].[ProductId], [p].[CategoryId], [p].[CostPrice], [p].[Description], [p].[Name], [p].[ProductCode], [p].[ProductKey], [p].[SellPrice], [p].[SupplierId]
FROM [Products] AS [p]
WHERE [p].[ProductId] IN (
    SELECT [p0].[value]
    FROM OPENJSON(@__productIds_0) WITH ([value] int '$') AS [p0]
)
2025-08-10 10:56:54.610 +05:30 [INF] Executing OkObjectResult, writing value of type 'AuthNet.Models.DTO.MonthlyProfitDto'.
2025-08-10 10:56:54.610 +05:30 [INF] Executed action AuthNet.Controllers.SalesController.GetCurrentMonthProfit (AuthNet) in 24.2578ms
2025-08-10 10:56:54.610 +05:30 [INF] Executed endpoint 'AuthNet.Controllers.SalesController.GetCurrentMonthProfit (AuthNet)'
2025-08-10 10:56:54.610 +05:30 [INF] Request finished HTTP/1.1 GET https://localhost:7165/api/Sales/CurrentMonthProfit - 200 null application/json; charset=utf-8 25.0893ms
2025-08-10 10:56:54.633 +05:30 [INF] Request starting HTTP/1.1 GET https://localhost:7165/api/Sales/CurrentYearProfit - null null
2025-08-10 10:56:54.634 +05:30 [INF] Executing endpoint 'AuthNet.Controllers.SalesController.GetCurrentYearProfit (AuthNet)'
2025-08-10 10:56:54.634 +05:30 [INF] Route matched with {action = "GetCurrentYearProfit", controller = "Sales"}. Executing controller action with signature System.Threading.Tasks.Task`1[Microsoft.AspNetCore.Mvc.IActionResult] GetCurrentYearProfit() on controller AuthNet.Controllers.SalesController (AuthNet).
2025-08-10 10:56:54.645 +05:30 [INF] Executed DbCommand (9ms) [Parameters=[@__currentYear_0='?' (DbType = Int32)], CommandType='"Text"', CommandTimeout='30']
SELECT [s].[Id], [s].[ProductId], [s].[ProductName], [s].[Quantity], [s].[SaleId], [s].[TotalPrice], [s].[UnitPrice], [s0].[Id], [s0].[AfterTaxAmount], [s0].[CreatedAt], [s0].[DiscountedAmount], [s0].[InvoiceDate], [s0].[InvoiceNo], [s0].[PrincipalAmount], [s0].[Template], [s0].[TotalAmount]
FROM [SaleItems] AS [s]
INNER JOIN [Sales] AS [s0] ON [s].[SaleId] = [s0].[Id]
WHERE DATEPART(year, [s0].[InvoiceDate]) = @__currentYear_0
2025-08-10 10:56:54.648 +05:30 [INF] Executed DbCommand (2ms) [Parameters=[@__productIds_0='?' (Size = 4000)], CommandType='"Text"', CommandTimeout='30']
SELECT [p].[ProductId], [p].[CategoryId], [p].[CostPrice], [p].[Description], [p].[Name], [p].[ProductCode], [p].[ProductKey], [p].[SellPrice], [p].[SupplierId]
FROM [Products] AS [p]
WHERE [p].[ProductId] IN (
    SELECT [p0].[value]
    FROM OPENJSON(@__productIds_0) WITH ([value] int '$') AS [p0]
)
2025-08-10 10:56:54.649 +05:30 [INF] Executing OkObjectResult, writing value of type 'AuthNet.Models.DTO.YearlyProfitDto'.
2025-08-10 10:56:54.650 +05:30 [INF] Executed action AuthNet.Controllers.SalesController.GetCurrentYearProfit (AuthNet) in 15.9235ms
2025-08-10 10:56:54.650 +05:30 [INF] Executed endpoint 'AuthNet.Controllers.SalesController.GetCurrentYearProfit (AuthNet)'
2025-08-10 10:56:54.650 +05:30 [INF] Request finished HTTP/1.1 GET https://localhost:7165/api/Sales/CurrentYearProfit - 200 null application/json; charset=utf-8 16.7337ms
2025-08-10 10:56:54.721 +05:30 [INF] Request starting HTTP/1.1 GET https://localhost:7165/api/Products/count - null null
2025-08-10 10:56:54.722 +05:30 [INF] Executing endpoint 'AuthNet.Controllers.ProductsController.GetProductCount (AuthNet)'
2025-08-10 10:56:54.722 +05:30 [INF] Route matched with {action = "GetProductCount", controller = "Products"}. Executing controller action with signature System.Threading.Tasks.Task`1[Microsoft.AspNetCore.Mvc.IActionResult] GetProductCount() on controller AuthNet.Controllers.ProductsController (AuthNet).
2025-08-10 10:56:54.750 +05:30 [INF] Executed DbCommand (27ms) [Parameters=[], CommandType='"Text"', CommandTimeout='30']
SELECT COUNT(*)
FROM [Products] AS [p]
2025-08-10 10:56:54.752 +05:30 [INF] Executing OkObjectResult, writing value of type 'System.Int32'.
2025-08-10 10:56:54.753 +05:30 [INF] Executed action AuthNet.Controllers.ProductsController.GetProductCount (AuthNet) in 30.6496ms
2025-08-10 10:56:54.753 +05:30 [INF] Executed endpoint 'AuthNet.Controllers.ProductsController.GetProductCount (AuthNet)'
2025-08-10 10:56:54.753 +05:30 [INF] Request finished HTTP/1.1 GET https://localhost:7165/api/Products/count - 200 null application/json; charset=utf-8 31.7432ms
2025-08-10 10:56:54.804 +05:30 [INF] Request starting HTTP/1.1 GET https://localhost:7165/api/Suppliers/count - null null
2025-08-10 10:56:54.804 +05:30 [INF] Executing endpoint 'AuthNet.Controllers.SuppliersController.GetSupplierCount (AuthNet)'
2025-08-10 10:56:54.804 +05:30 [INF] Route matched with {action = "GetSupplierCount", controller = "Suppliers"}. Executing controller action with signature System.Threading.Tasks.Task`1[Microsoft.AspNetCore.Mvc.IActionResult] GetSupplierCount() on controller AuthNet.Controllers.SuppliersController (AuthNet).
2025-08-10 10:56:54.819 +05:30 [INF] Executed DbCommand (14ms) [Parameters=[], CommandType='"Text"', CommandTimeout='30']
SELECT COUNT(*)
FROM [Suppliers] AS [s]
2025-08-10 10:56:54.819 +05:30 [INF] Executing OkObjectResult, writing value of type 'System.Int32'.
2025-08-10 10:56:54.819 +05:30 [INF] Executed action AuthNet.Controllers.SuppliersController.GetSupplierCount (AuthNet) in 15.2852ms
2025-08-10 10:56:54.819 +05:30 [INF] Executed endpoint 'AuthNet.Controllers.SuppliersController.GetSupplierCount (AuthNet)'
2025-08-10 10:56:54.820 +05:30 [INF] Request finished HTTP/1.1 GET https://localhost:7165/api/Suppliers/count - 200 null application/json; charset=utf-8 15.978ms
2025-08-10 10:56:54.837 +05:30 [INF] Request starting HTTP/1.1 GET https://localhost:7165/api/Categories/count - null null
2025-08-10 10:56:54.838 +05:30 [INF] Executing endpoint 'AuthNet.Controllers.CategoriesController.GetCategoryCount (AuthNet)'
2025-08-10 10:56:54.838 +05:30 [INF] Route matched with {action = "GetCategoryCount", controller = "Categories"}. Executing controller action with signature System.Threading.Tasks.Task`1[Microsoft.AspNetCore.Mvc.IActionResult] GetCategoryCount() on controller AuthNet.Controllers.CategoriesController (AuthNet).
2025-08-10 10:56:54.855 +05:30 [INF] Executed DbCommand (16ms) [Parameters=[], CommandType='"Text"', CommandTimeout='30']
SELECT COUNT(*)
FROM [Categories] AS [c]
2025-08-10 10:56:54.855 +05:30 [INF] Executing OkObjectResult, writing value of type 'System.Int32'.
2025-08-10 10:56:54.855 +05:30 [INF] Executed action AuthNet.Controllers.CategoriesController.GetCategoryCount (AuthNet) in 17.5722ms
2025-08-10 10:56:54.855 +05:30 [INF] Executed endpoint 'AuthNet.Controllers.CategoriesController.GetCategoryCount (AuthNet)'
2025-08-10 10:56:54.856 +05:30 [INF] Request finished HTTP/1.1 GET https://localhost:7165/api/Categories/count - 200 null application/json; charset=utf-8 18.85ms
2025-08-10 10:56:54.873 +05:30 [INF] Request starting HTTP/1.1 GET https://localhost:7165/api/Orders/count - null null
2025-08-10 10:56:54.874 +05:30 [INF] Executing endpoint 'AuthNet.Controllers.OrdersController.GetOrderCount (AuthNet)'
2025-08-10 10:56:54.874 +05:30 [INF] Route matched with {action = "GetOrderCount", controller = "Orders"}. Executing controller action with signature System.Threading.Tasks.Task`1[Microsoft.AspNetCore.Mvc.IActionResult] GetOrderCount() on controller AuthNet.Controllers.OrdersController (AuthNet).
2025-08-10 10:56:54.883 +05:30 [INF] Executed DbCommand (8ms) [Parameters=[], CommandType='"Text"', CommandTimeout='30']
SELECT COUNT(*)
FROM [Orders] AS [o]
2025-08-10 10:56:54.883 +05:30 [INF] Executing OkObjectResult, writing value of type 'System.Int32'.
2025-08-10 10:56:54.883 +05:30 [INF] Executed action AuthNet.Controllers.OrdersController.GetOrderCount (AuthNet) in 9.612ms
2025-08-10 10:56:54.883 +05:30 [INF] Executed endpoint 'AuthNet.Controllers.OrdersController.GetOrderCount (AuthNet)'
2025-08-10 10:56:54.884 +05:30 [INF] Request finished HTTP/1.1 GET https://localhost:7165/api/Orders/count - 200 null application/json; charset=utf-8 10.338ms
2025-08-10 10:56:54.932 +05:30 [INF] Request starting HTTP/1.1 GET https://localhost:7165/api/Customers/count - null null
2025-08-10 10:56:54.932 +05:30 [INF] Executing endpoint 'AuthNet.Controllers.CustomersController.GetCustomerCount (AuthNet)'
2025-08-10 10:56:54.932 +05:30 [INF] Route matched with {action = "GetCustomerCount", controller = "Customers"}. Executing controller action with signature System.Threading.Tasks.Task`1[Microsoft.AspNetCore.Mvc.IActionResult] GetCustomerCount() on controller AuthNet.Controllers.CustomersController (AuthNet).
2025-08-10 10:56:55.058 +05:30 [INF] Executed DbCommand (125ms) [Parameters=[], CommandType='"Text"', CommandTimeout='30']
SELECT COUNT(*)
FROM [Customers] AS [c]
2025-08-10 10:56:55.058 +05:30 [INF] Executing OkObjectResult, writing value of type 'System.Int32'.
2025-08-10 10:56:55.058 +05:30 [INF] Executed action AuthNet.Controllers.CustomersController.GetCustomerCount (AuthNet) in 126.1177ms
2025-08-10 10:56:55.058 +05:30 [INF] Executed endpoint 'AuthNet.Controllers.CustomersController.GetCustomerCount (AuthNet)'
2025-08-10 10:56:55.058 +05:30 [INF] Request finished HTTP/1.1 GET https://localhost:7165/api/Customers/count - 200 null application/json; charset=utf-8 126.7855ms
2025-08-10 10:56:55.093 +05:30 [INF] Request starting HTTP/1.1 GET https://localhost:7165/api/Tasks - null null
2025-08-10 10:56:55.094 +05:30 [INF] Executing endpoint 'AuthNet.Controllers.TasksController.GetTasks (AuthNet)'
2025-08-10 10:56:55.094 +05:30 [INF] Route matched with {action = "GetTasks", controller = "Tasks"}. Executing controller action with signature Microsoft.AspNetCore.Mvc.IActionResult GetTasks() on controller AuthNet.Controllers.TasksController (AuthNet).
2025-08-10 10:56:55.103 +05:30 [INF] Executed DbCommand (8ms) [Parameters=[], CommandType='"Text"', CommandTimeout='30']
SELECT [t].[Id], [t].[Title], [t].[DueDate]
FROM [Tasks] AS [t]
2025-08-10 10:56:55.103 +05:30 [INF] Executing OkObjectResult, writing value of type 'System.Collections.Generic.List`1[[AuthNet.Models.DTO.TaskItemDto, AuthNet, Version=1.0.0.0, Culture=neutral, PublicKeyToken=null]]'.
2025-08-10 10:56:55.103 +05:30 [INF] Executed action AuthNet.Controllers.TasksController.GetTasks (AuthNet) in 9.127ms
2025-08-10 10:56:55.103 +05:30 [INF] Executed endpoint 'AuthNet.Controllers.TasksController.GetTasks (AuthNet)'
2025-08-10 10:56:55.103 +05:30 [INF] Request finished HTTP/1.1 GET https://localhost:7165/api/Tasks - 200 null application/json; charset=utf-8 9.7596ms
2025-08-10 10:56:55.141 +05:30 [INF] Request starting HTTP/1.1 GET https://localhost:7165/api/Settings/Get - null null
2025-08-10 10:56:55.142 +05:30 [INF] Executing endpoint 'AuthNet.Controllers.SettingsController.GetCompanyInfo (AuthNet)'
2025-08-10 10:56:55.142 +05:30 [INF] Route matched with {action = "GetCompanyInfo", controller = "Settings"}. Executing controller action with signature System.Threading.Tasks.Task`1[Microsoft.AspNetCore.Mvc.IActionResult] GetCompanyInfo() on controller AuthNet.Controllers.SettingsController (AuthNet).
2025-08-10 10:56:55.157 +05:30 [INF] Executed DbCommand (13ms) [Parameters=[], CommandType='"Text"', CommandTimeout='30']
SELECT TOP(1) [c].[Id], [c].[Address], [c].[AlternateContactNumber], [c].[ContactNumber], [c].[Email], [c].[GSTIN], [c].[LogoFileExtension], [c].[LogoFilePath], [c].[LogoFileSizeInBytes], [c].[LogoName], [c].[Name], [c].[SignFileExtension], [c].[SignFilePath], [c].[SignFileSizeInBytes], [c].[SignName]
FROM [CompanyInfos] AS [c]
2025-08-10 10:56:55.157 +05:30 [INF] Executing OkObjectResult, writing value of type 'AuthNet.Models.DTO.CompanyInfoResponseDto'.
2025-08-10 10:56:55.157 +05:30 [INF] Executed action AuthNet.Controllers.SettingsController.GetCompanyInfo (AuthNet) in 15.6263ms
2025-08-10 10:56:55.158 +05:30 [INF] Executed endpoint 'AuthNet.Controllers.SettingsController.GetCompanyInfo (AuthNet)'
2025-08-10 10:56:55.158 +05:30 [INF] Request finished HTTP/1.1 GET https://localhost:7165/api/Settings/Get - 200 null application/json; charset=utf-8 16.3985ms
2025-08-10 10:56:55.353 +05:30 [INF] Request starting HTTP/2 GET https://localhost:7165/api/Sales/WeeklyProfit - null null
2025-08-10 10:56:55.353 +05:30 [INF] CORS policy execution successful.
2025-08-10 10:56:55.353 +05:30 [INF] Executing endpoint 'AuthNet.Controllers.SalesController.GetWeeklyProfit (AuthNet)'
2025-08-10 10:56:55.353 +05:30 [INF] Route matched with {action = "GetWeeklyProfit", controller = "Sales"}. Executing controller action with signature System.Threading.Tasks.Task`1[Microsoft.AspNetCore.Mvc.IActionResult] GetWeeklyProfit() on controller AuthNet.Controllers.SalesController (AuthNet).
2025-08-10 10:56:55.354 +05:30 [INF] Request starting HTTP/2 GET https://localhost:7165/api/Products/CategoryWiseProductCount - null null
2025-08-10 10:56:55.354 +05:30 [INF] CORS policy execution successful.
2025-08-10 10:56:55.354 +05:30 [INF] Executing endpoint 'AuthNet.Controllers.ProductsController.GetCategoryWiseProductCount (AuthNet)'
2025-08-10 10:56:55.354 +05:30 [INF] Route matched with {action = "GetCategoryWiseProductCount", controller = "Products"}. Executing controller action with signature System.Threading.Tasks.Task`1[Microsoft.AspNetCore.Mvc.IActionResult] GetCategoryWiseProductCount() on controller AuthNet.Controllers.ProductsController (AuthNet).
2025-08-10 10:56:55.386 +05:30 [INF] Executed DbCommand (30ms) [Parameters=[@__startDate_0='?' (DbType = DateTime2), @__endDate_1='?' (DbType = DateTime2)], CommandType='"Text"', CommandTimeout='30']
SELECT [s].[Id], [s].[ProductId], [s].[ProductName], [s].[Quantity], [s].[SaleId], [s].[TotalPrice], [s].[UnitPrice], [s0].[Id], [s0].[AfterTaxAmount], [s0].[CreatedAt], [s0].[DiscountedAmount], [s0].[InvoiceDate], [s0].[InvoiceNo], [s0].[PrincipalAmount], [s0].[Template], [s0].[TotalAmount]
FROM [SaleItems] AS [s]
INNER JOIN [Sales] AS [s0] ON [s].[SaleId] = [s0].[Id]
WHERE CONVERT(date, [s0].[InvoiceDate]) >= @__startDate_0 AND CONVERT(date, [s0].[InvoiceDate]) <= @__endDate_1
2025-08-10 10:56:55.481 +05:30 [INF] Executed DbCommand (90ms) [Parameters=[@__productIds_0='?' (Size = 4000)], CommandType='"Text"', CommandTimeout='30']
SELECT [p].[ProductId], [p].[CategoryId], [p].[CostPrice], [p].[Description], [p].[Name], [p].[ProductCode], [p].[ProductKey], [p].[SellPrice], [p].[SupplierId]
FROM [Products] AS [p]
WHERE [p].[ProductId] IN (
    SELECT [p0].[value]
    FROM OPENJSON(@__productIds_0) WITH ([value] int '$') AS [p0]
)
2025-08-10 10:56:55.491 +05:30 [INF] Executing OkObjectResult, writing value of type 'System.Collections.Generic.List`1[[AuthNet.Models.DTO.DailyProfitDto, AuthNet, Version=1.0.0.0, Culture=neutral, PublicKeyToken=null]]'.
2025-08-10 10:56:55.491 +05:30 [INF] Executed action AuthNet.Controllers.SalesController.GetWeeklyProfit (AuthNet) in 137.2918ms
2025-08-10 10:56:55.491 +05:30 [INF] Executed endpoint 'AuthNet.Controllers.SalesController.GetWeeklyProfit (AuthNet)'
2025-08-10 10:56:55.491 +05:30 [INF] Request finished HTTP/2 GET https://localhost:7165/api/Sales/WeeklyProfit - 200 null application/json; charset=utf-8 138.1057ms
2025-08-10 10:56:56.154 +05:30 [INF] Executed DbCommand (543ms) [Parameters=[], CommandType='"Text"', CommandTimeout='30']
SELECT [c].[Name] AS [CategoryName], COUNT(*) AS [ProductCount]
FROM [Products] AS [p]
LEFT JOIN [Categories] AS [c] ON [p].[CategoryId] = [c].[CategoryId]
WHERE [c].[CategoryId] IS NOT NULL
GROUP BY [c].[Name]
2025-08-10 10:56:56.155 +05:30 [INF] Executing OkObjectResult, writing value of type 'System.Collections.Generic.List`1[[AuthNet.Models.DTO.CategoryProductCountDto, AuthNet, Version=1.0.0.0, Culture=neutral, PublicKeyToken=null]]'.
2025-08-10 10:56:56.155 +05:30 [INF] Executed action AuthNet.Controllers.ProductsController.GetCategoryWiseProductCount (AuthNet) in 801.0257ms
2025-08-10 10:56:56.155 +05:30 [INF] Executed endpoint 'AuthNet.Controllers.ProductsController.GetCategoryWiseProductCount (AuthNet)'
2025-08-10 10:56:56.156 +05:30 [INF] Request finished HTTP/2 GET https://localhost:7165/api/Products/CategoryWiseProductCount - 200 null application/json; charset=utf-8 801.9915ms
2025-08-10 10:57:03.673 +05:30 [INF] Request starting HTTP/1.1 GET https://localhost:7165/api/Sales/Daily - null null
2025-08-10 10:57:03.673 +05:30 [INF] Executing endpoint 'AuthNet.Controllers.SalesController.GetDailySales (AuthNet)'
2025-08-10 10:57:03.678 +05:30 [INF] Route matched with {action = "GetDailySales", controller = "Sales"}. Executing controller action with signature System.Threading.Tasks.Task`1[Microsoft.AspNetCore.Mvc.IActionResult] GetDailySales() on controller AuthNet.Controllers.SalesController (AuthNet).
2025-08-10 10:57:03.795 +05:30 [INF] Executed DbCommand (99ms) [Parameters=[@__today_0='?' (DbType = DateTime2)], CommandType='"Text"', CommandTimeout='30']
SELECT [s].[Id], [s].[AfterTaxAmount], [s].[CreatedAt], [s].[DiscountedAmount], [s].[InvoiceDate], [s].[InvoiceNo], [s].[PrincipalAmount], [s].[Template], [s].[TotalAmount], [s0].[Id], [s0].[ProductId], [s0].[ProductName], [s0].[Quantity], [s0].[SaleId], [s0].[TotalPrice], [s0].[UnitPrice]
FROM [Sales] AS [s]
LEFT JOIN [SaleItems] AS [s0] ON [s].[Id] = [s0].[SaleId]
WHERE CONVERT(date, [s].[InvoiceDate]) = @__today_0
ORDER BY [s].[Id]
2025-08-10 10:57:03.821 +05:30 [INF] Executing OkObjectResult, writing value of type 'AuthNet.Models.DTO.ReportResultDto'.
2025-08-10 10:57:03.828 +05:30 [INF] Executed action AuthNet.Controllers.SalesController.GetDailySales (AuthNet) in 149.5712ms
2025-08-10 10:57:03.828 +05:30 [INF] Executed endpoint 'AuthNet.Controllers.SalesController.GetDailySales (AuthNet)'
2025-08-10 10:57:03.828 +05:30 [INF] Request finished HTTP/1.1 GET https://localhost:7165/api/Sales/Daily - 200 null application/json; charset=utf-8 155.7742ms
2025-08-10 10:57:39.176 +05:30 [INF] Request starting HTTP/1.1 GET https://localhost:7165/api/Products - null null
2025-08-10 10:57:39.177 +05:30 [INF] Executing endpoint 'AuthNet.Controllers.ProductsController.GetAll (AuthNet)'
2025-08-10 10:57:39.177 +05:30 [INF] Route matched with {action = "GetAll", controller = "Products"}. Executing controller action with signature System.Threading.Tasks.Task`1[Microsoft.AspNetCore.Mvc.IActionResult] GetAll() on controller AuthNet.Controllers.ProductsController (AuthNet).
2025-08-10 10:57:39.205 +05:30 [INF] Executed DbCommand (27ms) [Parameters=[], CommandType='"Text"', CommandTimeout='30']
SELECT [p].[ProductId], [p].[CategoryId], [p].[CostPrice], [p].[Description], [p].[Name], [p].[ProductCode], [p].[ProductKey], [p].[SellPrice], [p].[SupplierId]
FROM [Products] AS [p]
2025-08-10 10:57:39.205 +05:30 [INF] Executing OkObjectResult, writing value of type 'System.Collections.Generic.List`1[[AuthNet.Models.Domain.Product, AuthNet, Version=1.0.0.0, Culture=neutral, PublicKeyToken=null]]'.
2025-08-10 10:57:39.205 +05:30 [INF] Executed action AuthNet.Controllers.ProductsController.GetAll (AuthNet) in 28.6378ms
2025-08-10 10:57:39.205 +05:30 [INF] Executed endpoint 'AuthNet.Controllers.ProductsController.GetAll (AuthNet)'
2025-08-10 10:57:39.206 +05:30 [INF] Request finished HTTP/1.1 GET https://localhost:7165/api/Products - 200 null application/json; charset=utf-8 29.3834ms
2025-08-10 10:57:39.232 +05:30 [INF] Request starting HTTP/1.1 GET https://localhost:7165/api/InvoiceTemplates - null null
2025-08-10 10:57:39.232 +05:30 [INF] Executing endpoint 'AuthNet.Controllers.InvoiceTemplatesController.GetAll (AuthNet)'
2025-08-10 10:57:39.232 +05:30 [INF] Route matched with {action = "GetAll", controller = "InvoiceTemplates"}. Executing controller action with signature System.Threading.Tasks.Task`1[Microsoft.AspNetCore.Mvc.IActionResult] GetAll() on controller AuthNet.Controllers.InvoiceTemplatesController (AuthNet).
2025-08-10 10:57:39.240 +05:30 [INF] Executed DbCommand (6ms) [Parameters=[], CommandType='"Text"', CommandTimeout='30']
SELECT [i].[Id], [i].[Layout], [i].[Notes], [i].[TermsAndConditions]
FROM [InvoiceTemplates] AS [i]
2025-08-10 10:57:39.241 +05:30 [INF] Executing OkObjectResult, writing value of type 'System.Collections.Generic.List`1[[AuthNet.Models.Domain.InvoiceTemplate, AuthNet, Version=1.0.0.0, Culture=neutral, PublicKeyToken=null]]'.
2025-08-10 10:57:39.241 +05:30 [INF] Executed action AuthNet.Controllers.InvoiceTemplatesController.GetAll (AuthNet) in 8.4928ms
2025-08-10 10:57:39.241 +05:30 [INF] Executed endpoint 'AuthNet.Controllers.InvoiceTemplatesController.GetAll (AuthNet)'
2025-08-10 10:57:39.241 +05:30 [INF] Request finished HTTP/1.1 GET https://localhost:7165/api/InvoiceTemplates - 200 null application/json; charset=utf-8 9.6585ms
2025-08-10 10:57:39.287 +05:30 [INF] Request starting HTTP/1.1 GET https://localhost:7165/api/categories - null null
2025-08-10 10:57:39.287 +05:30 [INF] Executing endpoint 'AuthNet.Controllers.CategoriesController.GetAll (AuthNet)'
2025-08-10 10:57:39.287 +05:30 [INF] Route matched with {action = "GetAll", controller = "Categories"}. Executing controller action with signature System.Threading.Tasks.Task`1[Microsoft.AspNetCore.Mvc.IActionResult] GetAll() on controller AuthNet.Controllers.CategoriesController (AuthNet).
2025-08-10 10:57:39.293 +05:30 [INF] Executed DbCommand (5ms) [Parameters=[], CommandType='"Text"', CommandTimeout='30']
SELECT [c].[CategoryId], [c].[Description], [c].[Name]
FROM [Categories] AS [c]
2025-08-10 10:57:39.293 +05:30 [INF] Executing OkObjectResult, writing value of type 'System.Collections.Generic.List`1[[AuthNet.Models.Domain.Category, AuthNet, Version=1.0.0.0, Culture=neutral, PublicKeyToken=null]]'.
2025-08-10 10:57:39.293 +05:30 [INF] Executed action AuthNet.Controllers.CategoriesController.GetAll (AuthNet) in 5.9988ms
2025-08-10 10:57:39.293 +05:30 [INF] Executed endpoint 'AuthNet.Controllers.CategoriesController.GetAll (AuthNet)'
2025-08-10 10:57:39.293 +05:30 [INF] Request finished HTTP/1.1 GET https://localhost:7165/api/categories - 200 null application/json; charset=utf-8 6.8733ms
2025-08-10 10:57:39.323 +05:30 [INF] Request starting HTTP/1.1 GET https://localhost:7165/api/Settings/Get - null null
2025-08-10 10:57:39.323 +05:30 [INF] Executing endpoint 'AuthNet.Controllers.SettingsController.GetCompanyInfo (AuthNet)'
2025-08-10 10:57:39.323 +05:30 [INF] Route matched with {action = "GetCompanyInfo", controller = "Settings"}. Executing controller action with signature System.Threading.Tasks.Task`1[Microsoft.AspNetCore.Mvc.IActionResult] GetCompanyInfo() on controller AuthNet.Controllers.SettingsController (AuthNet).
2025-08-10 10:57:39.342 +05:30 [INF] Executed DbCommand (17ms) [Parameters=[], CommandType='"Text"', CommandTimeout='30']
SELECT TOP(1) [c].[Id], [c].[Address], [c].[AlternateContactNumber], [c].[ContactNumber], [c].[Email], [c].[GSTIN], [c].[LogoFileExtension], [c].[LogoFilePath], [c].[LogoFileSizeInBytes], [c].[LogoName], [c].[Name], [c].[SignFileExtension], [c].[SignFilePath], [c].[SignFileSizeInBytes], [c].[SignName]
FROM [CompanyInfos] AS [c]
2025-08-10 10:57:39.342 +05:30 [INF] Executing OkObjectResult, writing value of type 'AuthNet.Models.DTO.CompanyInfoResponseDto'.
2025-08-10 10:57:39.342 +05:30 [INF] Executed action AuthNet.Controllers.SettingsController.GetCompanyInfo (AuthNet) in 18.8589ms
2025-08-10 10:57:39.342 +05:30 [INF] Executed endpoint 'AuthNet.Controllers.SettingsController.GetCompanyInfo (AuthNet)'
2025-08-10 10:57:39.343 +05:30 [INF] Request finished HTTP/1.1 GET https://localhost:7165/api/Settings/Get - 200 null application/json; charset=utf-8 19.7041ms
2025-08-10 10:57:39.387 +05:30 [INF] Request starting HTTP/1.1 GET https://localhost:7165/api/TaxSettings - null null
2025-08-10 10:57:39.387 +05:30 [INF] Executing endpoint 'AuthNet.Controllers.TaxSettingsController.GetAll (AuthNet)'
2025-08-10 10:57:39.387 +05:30 [INF] Route matched with {action = "GetAll", controller = "TaxSettings"}. Executing controller action with signature System.Threading.Tasks.Task`1[Microsoft.AspNetCore.Mvc.IActionResult] GetAll() on controller AuthNet.Controllers.TaxSettingsController (AuthNet).
2025-08-10 10:57:39.393 +05:30 [INF] Executed DbCommand (5ms) [Parameters=[], CommandType='"Text"', CommandTimeout='30']
SELECT TOP(1) [t].[Id], [t].[CGST], [t].[IGST], [t].[SGST]
FROM [TaxSettings] AS [t]
2025-08-10 10:57:39.393 +05:30 [INF] Executing OkObjectResult, writing value of type 'AuthNet.Models.DTO.TaxSettingResponseDto'.
2025-08-10 10:57:39.393 +05:30 [INF] Executed action AuthNet.Controllers.TaxSettingsController.GetAll (AuthNet) in 6.3306ms
2025-08-10 10:57:39.393 +05:30 [INF] Executed endpoint 'AuthNet.Controllers.TaxSettingsController.GetAll (AuthNet)'
2025-08-10 10:57:39.394 +05:30 [INF] Request finished HTTP/1.1 GET https://localhost:7165/api/TaxSettings - 200 null application/json; charset=utf-8 7.027ms
2025-08-10 10:57:46.284 +05:30 [INF] Request starting HTTP/2 OPTIONS https://localhost:7165/api/Sales - null null
2025-08-10 10:57:46.285 +05:30 [INF] CORS policy execution successful.
2025-08-10 10:57:46.285 +05:30 [INF] Request finished HTTP/2 OPTIONS https://localhost:7165/api/Sales - 204 null null 0.7088ms
2025-08-10 10:57:46.287 +05:30 [INF] Request starting HTTP/2 POST https://localhost:7165/api/Sales - application/json 253
2025-08-10 10:57:46.288 +05:30 [INF] CORS policy execution successful.
2025-08-10 10:57:46.288 +05:30 [INF] Executing endpoint 'AuthNet.Controllers.SalesController.Create (AuthNet)'
2025-08-10 10:57:46.288 +05:30 [INF] Route matched with {action = "Create", controller = "Sales"}. Executing controller action with signature System.Threading.Tasks.Task`1[Microsoft.AspNetCore.Mvc.IActionResult] Create(AuthNet.Models.DTO.SaleDto) on controller AuthNet.Controllers.SalesController (AuthNet).
2025-08-10 10:57:46.301 +05:30 [INF] Executed DbCommand (9ms) [Parameters=[@p0='?' (Precision = 18) (Scale = 2) (DbType = Decimal), @p1='?' (DbType = DateTime2), @p2='?' (Precision = 18) (Scale = 2) (DbType = Decimal), @p3='?' (DbType = DateTime2), @p4='?' (Size = 4000), @p5='?' (Precision = 18) (Scale = 2) (DbType = Decimal), @p6='?' (Size = 4000), @p7='?' (Precision = 18) (Scale = 2) (DbType = Decimal)], CommandType='"Text"', CommandTimeout='30']
SET IMPLICIT_TRANSACTIONS OFF;
SET NOCOUNT ON;
INSERT INTO [Sales] ([AfterTaxAmount], [CreatedAt], [DiscountedAmount], [InvoiceDate], [InvoiceNo], [PrincipalAmount], [Template], [TotalAmount])
OUTPUT INSERTED.[Id]
VALUES (@p0, @p1, @p2, @p3, @p4, @p5, @p6, @p7);
2025-08-10 10:57:46.322 +05:30 [INF] Executed DbCommand (21ms) [Parameters=[@p8='?' (DbType = Int32), @p9='?' (Size = 4000), @p10='?' (DbType = Int32), @p11='?' (DbType = Int32), @p12='?' (Precision = 18) (Scale = 2) (DbType = Decimal), @p13='?' (Precision = 18) (Scale = 2) (DbType = Decimal), @p14='?' (DbType = Int32), @p15='?' (Size = 4000), @p16='?' (DbType = Int32), @p17='?' (DbType = Int32), @p18='?' (Precision = 18) (Scale = 2) (DbType = Decimal), @p19='?' (Precision = 18) (Scale = 2) (DbType = Decimal)], CommandType='"Text"', CommandTimeout='30']
SET IMPLICIT_TRANSACTIONS OFF;
SET NOCOUNT ON;
MERGE [SaleItems] USING (
VALUES (@p8, @p9, @p10, @p11, @p12, @p13, 0),
(@p14, @p15, @p16, @p17, @p18, @p19, 1)) AS i ([ProductId], [ProductName], [Quantity], [SaleId], [TotalPrice], [UnitPrice], _Position) ON 1=0
WHEN NOT MATCHED THEN
INSERT ([ProductId], [ProductName], [Quantity], [SaleId], [TotalPrice], [UnitPrice])
VALUES (i.[ProductId], i.[ProductName], i.[Quantity], i.[SaleId], i.[TotalPrice], i.[UnitPrice])
OUTPUT INSERTED.[Id], i._Position;
2025-08-10 10:57:46.324 +05:30 [INF] Executing OkObjectResult, writing value of type '<>f__AnonymousType3`2[[System.Boolean, System.Private.CoreLib, Version=8.0.0.0, Culture=neutral, PublicKeyToken=7cec85d7bea7798e],[System.String, System.Private.CoreLib, Version=8.0.0.0, Culture=neutral, PublicKeyToken=7cec85d7bea7798e]]'.
2025-08-10 10:57:46.325 +05:30 [INF] Executed action AuthNet.Controllers.SalesController.Create (AuthNet) in 36.7725ms
2025-08-10 10:57:46.325 +05:30 [INF] Executed endpoint 'AuthNet.Controllers.SalesController.Create (AuthNet)'
2025-08-10 10:57:46.325 +05:30 [INF] Request finished HTTP/2 POST https://localhost:7165/api/Sales - 200 null application/json; charset=utf-8 37.4809ms
2025-08-10 10:57:55.501 +05:30 [INF] Request starting HTTP/1.1 GET https://localhost:7165/api/Sales/Daily - null null
2025-08-10 10:57:55.501 +05:30 [INF] Executing endpoint 'AuthNet.Controllers.SalesController.GetDailySales (AuthNet)'
2025-08-10 10:57:55.502 +05:30 [INF] Route matched with {action = "GetDailySales", controller = "Sales"}. Executing controller action with signature System.Threading.Tasks.Task`1[Microsoft.AspNetCore.Mvc.IActionResult] GetDailySales() on controller AuthNet.Controllers.SalesController (AuthNet).
2025-08-10 10:57:55.516 +05:30 [INF] Executed DbCommand (13ms) [Parameters=[@__today_0='?' (DbType = DateTime2)], CommandType='"Text"', CommandTimeout='30']
SELECT [s].[Id], [s].[AfterTaxAmount], [s].[CreatedAt], [s].[DiscountedAmount], [s].[InvoiceDate], [s].[InvoiceNo], [s].[PrincipalAmount], [s].[Template], [s].[TotalAmount], [s0].[Id], [s0].[ProductId], [s0].[ProductName], [s0].[Quantity], [s0].[SaleId], [s0].[TotalPrice], [s0].[UnitPrice]
FROM [Sales] AS [s]
LEFT JOIN [SaleItems] AS [s0] ON [s].[Id] = [s0].[SaleId]
WHERE CONVERT(date, [s].[InvoiceDate]) = @__today_0
ORDER BY [s].[Id]
2025-08-10 10:57:55.517 +05:30 [INF] Executing OkObjectResult, writing value of type 'AuthNet.Models.DTO.ReportResultDto'.
2025-08-10 10:57:55.517 +05:30 [INF] Executed action AuthNet.Controllers.SalesController.GetDailySales (AuthNet) in 15.5767ms
2025-08-10 10:57:55.517 +05:30 [INF] Executed endpoint 'AuthNet.Controllers.SalesController.GetDailySales (AuthNet)'
2025-08-10 10:57:55.518 +05:30 [INF] Request finished HTTP/1.1 GET https://localhost:7165/api/Sales/Daily - 200 null application/json; charset=utf-8 16.7614ms
2025-08-10 10:58:08.485 +05:30 [INF] Request starting HTTP/1.1 GET https://localhost:7165/api/Sales/DailyProfit - null null
2025-08-10 10:58:08.486 +05:30 [INF] Executing endpoint 'AuthNet.Controllers.SalesController.GetDailyProfit (AuthNet)'
2025-08-10 10:58:08.486 +05:30 [INF] Route matched with {action = "GetDailyProfit", controller = "Sales"}. Executing controller action with signature System.Threading.Tasks.Task`1[Microsoft.AspNetCore.Mvc.IActionResult] GetDailyProfit() on controller AuthNet.Controllers.SalesController (AuthNet).
2025-08-10 10:58:08.503 +05:30 [INF] Executed DbCommand (16ms) [Parameters=[@__date_Date_0='?' (DbType = DateTime2)], CommandType='"Text"', CommandTimeout='30']
SELECT [s].[Id], [s].[ProductId], [s].[ProductName], [s].[Quantity], [s].[SaleId], [s].[TotalPrice], [s].[UnitPrice], [s0].[Id], [s0].[AfterTaxAmount], [s0].[CreatedAt], [s0].[DiscountedAmount], [s0].[InvoiceDate], [s0].[InvoiceNo], [s0].[PrincipalAmount], [s0].[Template], [s0].[TotalAmount]
FROM [SaleItems] AS [s]
INNER JOIN [Sales] AS [s0] ON [s].[SaleId] = [s0].[Id]
WHERE CONVERT(date, [s0].[InvoiceDate]) = @__date_Date_0
2025-08-10 10:58:08.519 +05:30 [INF] Executed DbCommand (14ms) [Parameters=[@__productIds_0='?' (Size = 4000)], CommandType='"Text"', CommandTimeout='30']
SELECT [p].[ProductId], [p].[CategoryId], [p].[CostPrice], [p].[Description], [p].[Name], [p].[ProductCode], [p].[ProductKey], [p].[SellPrice], [p].[SupplierId]
FROM [Products] AS [p]
WHERE [p].[ProductId] IN (
    SELECT [p0].[value]
    FROM OPENJSON(@__productIds_0) WITH ([value] int '$') AS [p0]
)
2025-08-10 10:58:08.519 +05:30 [INF] Executing OkObjectResult, writing value of type 'AuthNet.Models.DTO.DailyProfitDto'.
2025-08-10 10:58:08.519 +05:30 [INF] Executed action AuthNet.Controllers.SalesController.GetDailyProfit (AuthNet) in 33.4748ms
2025-08-10 10:58:08.519 +05:30 [INF] Executed endpoint 'AuthNet.Controllers.SalesController.GetDailyProfit (AuthNet)'
2025-08-10 10:58:08.520 +05:30 [INF] Request finished HTTP/1.1 GET https://localhost:7165/api/Sales/DailyProfit - 200 null application/json; charset=utf-8 34.2423ms
2025-08-10 10:58:08.538 +05:30 [INF] Request starting HTTP/1.1 GET https://localhost:7165/api/Sales/CurrentMonthProfit - null null
2025-08-10 10:58:08.538 +05:30 [INF] Executing endpoint 'AuthNet.Controllers.SalesController.GetCurrentMonthProfit (AuthNet)'
2025-08-10 10:58:08.538 +05:30 [INF] Route matched with {action = "GetCurrentMonthProfit", controller = "Sales"}. Executing controller action with signature System.Threading.Tasks.Task`1[Microsoft.AspNetCore.Mvc.IActionResult] GetCurrentMonthProfit() on controller AuthNet.Controllers.SalesController (AuthNet).
2025-08-10 10:58:08.549 +05:30 [INF] Executed DbCommand (10ms) [Parameters=[@__currentYear_0='?' (DbType = Int32), @__currentMonth_1='?' (DbType = Int32)], CommandType='"Text"', CommandTimeout='30']
SELECT [s].[Id], [s].[ProductId], [s].[ProductName], [s].[Quantity], [s].[SaleId], [s].[TotalPrice], [s].[UnitPrice], [s0].[Id], [s0].[AfterTaxAmount], [s0].[CreatedAt], [s0].[DiscountedAmount], [s0].[InvoiceDate], [s0].[InvoiceNo], [s0].[PrincipalAmount], [s0].[Template], [s0].[TotalAmount]
FROM [SaleItems] AS [s]
INNER JOIN [Sales] AS [s0] ON [s].[SaleId] = [s0].[Id]
WHERE DATEPART(year, [s0].[InvoiceDate]) = @__currentYear_0 AND DATEPART(month, [s0].[InvoiceDate]) = @__currentMonth_1
2025-08-10 10:58:08.557 +05:30 [INF] Executed DbCommand (6ms) [Parameters=[@__productIds_0='?' (Size = 4000)], CommandType='"Text"', CommandTimeout='30']
SELECT [p].[ProductId], [p].[CategoryId], [p].[CostPrice], [p].[Description], [p].[Name], [p].[ProductCode], [p].[ProductKey], [p].[SellPrice], [p].[SupplierId]
FROM [Products] AS [p]
WHERE [p].[ProductId] IN (
    SELECT [p0].[value]
    FROM OPENJSON(@__productIds_0) WITH ([value] int '$') AS [p0]
)
2025-08-10 10:58:08.558 +05:30 [INF] Executing OkObjectResult, writing value of type 'AuthNet.Models.DTO.MonthlyProfitDto'.
2025-08-10 10:58:08.558 +05:30 [INF] Executed action AuthNet.Controllers.SalesController.GetCurrentMonthProfit (AuthNet) in 19.899ms
2025-08-10 10:58:08.558 +05:30 [INF] Executed endpoint 'AuthNet.Controllers.SalesController.GetCurrentMonthProfit (AuthNet)'
2025-08-10 10:58:08.558 +05:30 [INF] Request finished HTTP/1.1 GET https://localhost:7165/api/Sales/CurrentMonthProfit - 200 null application/json; charset=utf-8 20.5335ms
2025-08-10 10:58:08.573 +05:30 [INF] Request starting HTTP/1.1 GET https://localhost:7165/api/Sales/CurrentYearProfit - null null
2025-08-10 10:58:08.573 +05:30 [INF] Executing endpoint 'AuthNet.Controllers.SalesController.GetCurrentYearProfit (AuthNet)'
2025-08-10 10:58:08.573 +05:30 [INF] Route matched with {action = "GetCurrentYearProfit", controller = "Sales"}. Executing controller action with signature System.Threading.Tasks.Task`1[Microsoft.AspNetCore.Mvc.IActionResult] GetCurrentYearProfit() on controller AuthNet.Controllers.SalesController (AuthNet).
2025-08-10 10:58:08.603 +05:30 [INF] Executed DbCommand (29ms) [Parameters=[@__currentYear_0='?' (DbType = Int32)], CommandType='"Text"', CommandTimeout='30']
SELECT [s].[Id], [s].[ProductId], [s].[ProductName], [s].[Quantity], [s].[SaleId], [s].[TotalPrice], [s].[UnitPrice], [s0].[Id], [s0].[AfterTaxAmount], [s0].[CreatedAt], [s0].[DiscountedAmount], [s0].[InvoiceDate], [s0].[InvoiceNo], [s0].[PrincipalAmount], [s0].[Template], [s0].[TotalAmount]
FROM [SaleItems] AS [s]
INNER JOIN [Sales] AS [s0] ON [s].[SaleId] = [s0].[Id]
WHERE DATEPART(year, [s0].[InvoiceDate]) = @__currentYear_0
2025-08-10 10:58:08.605 +05:30 [INF] Executed DbCommand (1ms) [Parameters=[@__productIds_0='?' (Size = 4000)], CommandType='"Text"', CommandTimeout='30']
SELECT [p].[ProductId], [p].[CategoryId], [p].[CostPrice], [p].[Description], [p].[Name], [p].[ProductCode], [p].[ProductKey], [p].[SellPrice], [p].[SupplierId]
FROM [Products] AS [p]
WHERE [p].[ProductId] IN (
    SELECT [p0].[value]
    FROM OPENJSON(@__productIds_0) WITH ([value] int '$') AS [p0]
)
2025-08-10 10:58:08.605 +05:30 [INF] Executing OkObjectResult, writing value of type 'AuthNet.Models.DTO.YearlyProfitDto'.
2025-08-10 10:58:08.606 +05:30 [INF] Executed action AuthNet.Controllers.SalesController.GetCurrentYearProfit (AuthNet) in 32.3149ms
2025-08-10 10:58:08.606 +05:30 [INF] Executed endpoint 'AuthNet.Controllers.SalesController.GetCurrentYearProfit (AuthNet)'
2025-08-10 10:58:08.606 +05:30 [INF] Request finished HTTP/1.1 GET https://localhost:7165/api/Sales/CurrentYearProfit - 200 null application/json; charset=utf-8 33.0111ms
2025-08-10 10:58:08.634 +05:30 [INF] Request starting HTTP/1.1 GET https://localhost:7165/api/Products/count - null null
2025-08-10 10:58:08.634 +05:30 [INF] Executing endpoint 'AuthNet.Controllers.ProductsController.GetProductCount (AuthNet)'
2025-08-10 10:58:08.634 +05:30 [INF] Route matched with {action = "GetProductCount", controller = "Products"}. Executing controller action with signature System.Threading.Tasks.Task`1[Microsoft.AspNetCore.Mvc.IActionResult] GetProductCount() on controller AuthNet.Controllers.ProductsController (AuthNet).
2025-08-10 10:58:08.639 +05:30 [INF] Executed DbCommand (4ms) [Parameters=[], CommandType='"Text"', CommandTimeout='30']
SELECT COUNT(*)
FROM [Products] AS [p]
2025-08-10 10:58:08.639 +05:30 [INF] Executing OkObjectResult, writing value of type 'System.Int32'.
2025-08-10 10:58:08.639 +05:30 [INF] Executed action AuthNet.Controllers.ProductsController.GetProductCount (AuthNet) in 5.226ms
2025-08-10 10:58:08.639 +05:30 [INF] Executed endpoint 'AuthNet.Controllers.ProductsController.GetProductCount (AuthNet)'
2025-08-10 10:58:08.640 +05:30 [INF] Request finished HTTP/1.1 GET https://localhost:7165/api/Products/count - 200 null application/json; charset=utf-8 5.9336ms
2025-08-10 10:58:08.653 +05:30 [INF] Request starting HTTP/1.1 GET https://localhost:7165/api/Suppliers/count - null null
2025-08-10 10:58:08.654 +05:30 [INF] Executing endpoint 'AuthNet.Controllers.SuppliersController.GetSupplierCount (AuthNet)'
2025-08-10 10:58:08.654 +05:30 [INF] Route matched with {action = "GetSupplierCount", controller = "Suppliers"}. Executing controller action with signature System.Threading.Tasks.Task`1[Microsoft.AspNetCore.Mvc.IActionResult] GetSupplierCount() on controller AuthNet.Controllers.SuppliersController (AuthNet).
2025-08-10 10:58:08.664 +05:30 [INF] Executed DbCommand (8ms) [Parameters=[], CommandType='"Text"', CommandTimeout='30']
SELECT COUNT(*)
FROM [Suppliers] AS [s]
2025-08-10 10:58:08.665 +05:30 [INF] Executing OkObjectResult, writing value of type 'System.Int32'.
2025-08-10 10:58:08.665 +05:30 [INF] Executed action AuthNet.Controllers.SuppliersController.GetSupplierCount (AuthNet) in 10.8243ms
2025-08-10 10:58:08.665 +05:30 [INF] Executed endpoint 'AuthNet.Controllers.SuppliersController.GetSupplierCount (AuthNet)'
2025-08-10 10:58:08.665 +05:30 [INF] Request finished HTTP/1.1 GET https://localhost:7165/api/Suppliers/count - 200 null application/json; charset=utf-8 11.976ms
2025-08-10 10:58:08.684 +05:30 [INF] Request starting HTTP/1.1 GET https://localhost:7165/api/Categories/count - null null
2025-08-10 10:58:08.685 +05:30 [INF] Executing endpoint 'AuthNet.Controllers.CategoriesController.GetCategoryCount (AuthNet)'
2025-08-10 10:58:08.685 +05:30 [INF] Route matched with {action = "GetCategoryCount", controller = "Categories"}. Executing controller action with signature System.Threading.Tasks.Task`1[Microsoft.AspNetCore.Mvc.IActionResult] GetCategoryCount() on controller AuthNet.Controllers.CategoriesController (AuthNet).
2025-08-10 10:58:08.704 +05:30 [INF] Executed DbCommand (16ms) [Parameters=[], CommandType='"Text"', CommandTimeout='30']
SELECT COUNT(*)
FROM [Categories] AS [c]
2025-08-10 10:58:08.705 +05:30 [INF] Executing OkObjectResult, writing value of type 'System.Int32'.
2025-08-10 10:58:08.705 +05:30 [INF] Executed action AuthNet.Controllers.CategoriesController.GetCategoryCount (AuthNet) in 19.9761ms
2025-08-10 10:58:08.705 +05:30 [INF] Executed endpoint 'AuthNet.Controllers.CategoriesController.GetCategoryCount (AuthNet)'
2025-08-10 10:58:08.705 +05:30 [INF] Request finished HTTP/1.1 GET https://localhost:7165/api/Categories/count - 200 null application/json; charset=utf-8 20.6526ms
2025-08-10 10:58:08.737 +05:30 [INF] Request starting HTTP/1.1 GET https://localhost:7165/api/Orders/count - null null
2025-08-10 10:58:08.737 +05:30 [INF] Executing endpoint 'AuthNet.Controllers.OrdersController.GetOrderCount (AuthNet)'
2025-08-10 10:58:08.737 +05:30 [INF] Route matched with {action = "GetOrderCount", controller = "Orders"}. Executing controller action with signature System.Threading.Tasks.Task`1[Microsoft.AspNetCore.Mvc.IActionResult] GetOrderCount() on controller AuthNet.Controllers.OrdersController (AuthNet).
2025-08-10 10:58:08.741 +05:30 [INF] Executed DbCommand (3ms) [Parameters=[], CommandType='"Text"', CommandTimeout='30']
SELECT COUNT(*)
FROM [Orders] AS [o]
2025-08-10 10:58:08.741 +05:30 [INF] Executing OkObjectResult, writing value of type 'System.Int32'.
2025-08-10 10:58:08.741 +05:30 [INF] Executed action AuthNet.Controllers.OrdersController.GetOrderCount (AuthNet) in 4.374ms
2025-08-10 10:58:08.741 +05:30 [INF] Executed endpoint 'AuthNet.Controllers.OrdersController.GetOrderCount (AuthNet)'
2025-08-10 10:58:08.742 +05:30 [INF] Request finished HTTP/1.1 GET https://localhost:7165/api/Orders/count - 200 null application/json; charset=utf-8 5.1523ms
2025-08-10 10:58:08.756 +05:30 [INF] Request starting HTTP/1.1 GET https://localhost:7165/api/Customers/count - null null
2025-08-10 10:58:08.757 +05:30 [INF] Executing endpoint 'AuthNet.Controllers.CustomersController.GetCustomerCount (AuthNet)'
2025-08-10 10:58:08.757 +05:30 [INF] Route matched with {action = "GetCustomerCount", controller = "Customers"}. Executing controller action with signature System.Threading.Tasks.Task`1[Microsoft.AspNetCore.Mvc.IActionResult] GetCustomerCount() on controller AuthNet.Controllers.CustomersController (AuthNet).
2025-08-10 10:58:08.771 +05:30 [INF] Executed DbCommand (11ms) [Parameters=[], CommandType='"Text"', CommandTimeout='30']
SELECT COUNT(*)
FROM [Customers] AS [c]
2025-08-10 10:58:08.771 +05:30 [INF] Executing OkObjectResult, writing value of type 'System.Int32'.
2025-08-10 10:58:08.771 +05:30 [INF] Executed action AuthNet.Controllers.CustomersController.GetCustomerCount (AuthNet) in 13.9604ms
2025-08-10 10:58:08.771 +05:30 [INF] Executed endpoint 'AuthNet.Controllers.CustomersController.GetCustomerCount (AuthNet)'
2025-08-10 10:58:08.771 +05:30 [INF] Request finished HTTP/1.1 GET https://localhost:7165/api/Customers/count - 200 null application/json; charset=utf-8 15.1254ms
2025-08-10 10:58:08.791 +05:30 [INF] Request starting HTTP/1.1 GET https://localhost:7165/api/Tasks - null null
2025-08-10 10:58:08.791 +05:30 [INF] Executing endpoint 'AuthNet.Controllers.TasksController.GetTasks (AuthNet)'
2025-08-10 10:58:08.791 +05:30 [INF] Route matched with {action = "GetTasks", controller = "Tasks"}. Executing controller action with signature Microsoft.AspNetCore.Mvc.IActionResult GetTasks() on controller AuthNet.Controllers.TasksController (AuthNet).
2025-08-10 10:58:08.803 +05:30 [INF] Executed DbCommand (10ms) [Parameters=[], CommandType='"Text"', CommandTimeout='30']
SELECT [t].[Id], [t].[Title], [t].[DueDate]
FROM [Tasks] AS [t]
2025-08-10 10:58:08.803 +05:30 [INF] Executing OkObjectResult, writing value of type 'System.Collections.Generic.List`1[[AuthNet.Models.DTO.TaskItemDto, AuthNet, Version=1.0.0.0, Culture=neutral, PublicKeyToken=null]]'.
2025-08-10 10:58:08.803 +05:30 [INF] Executed action AuthNet.Controllers.TasksController.GetTasks (AuthNet) in 11.9408ms
2025-08-10 10:58:08.803 +05:30 [INF] Executed endpoint 'AuthNet.Controllers.TasksController.GetTasks (AuthNet)'
2025-08-10 10:58:08.803 +05:30 [INF] Request finished HTTP/1.1 GET https://localhost:7165/api/Tasks - 200 null application/json; charset=utf-8 12.8879ms
2025-08-10 10:58:08.858 +05:30 [INF] Request starting HTTP/1.1 GET https://localhost:7165/api/Settings/Get - null null
2025-08-10 10:58:08.859 +05:30 [INF] Executing endpoint 'AuthNet.Controllers.SettingsController.GetCompanyInfo (AuthNet)'
2025-08-10 10:58:08.859 +05:30 [INF] Route matched with {action = "GetCompanyInfo", controller = "Settings"}. Executing controller action with signature System.Threading.Tasks.Task`1[Microsoft.AspNetCore.Mvc.IActionResult] GetCompanyInfo() on controller AuthNet.Controllers.SettingsController (AuthNet).
2025-08-10 10:58:08.884 +05:30 [INF] Executed DbCommand (18ms) [Parameters=[], CommandType='"Text"', CommandTimeout='30']
SELECT TOP(1) [c].[Id], [c].[Address], [c].[AlternateContactNumber], [c].[ContactNumber], [c].[Email], [c].[GSTIN], [c].[LogoFileExtension], [c].[LogoFilePath], [c].[LogoFileSizeInBytes], [c].[LogoName], [c].[Name], [c].[SignFileExtension], [c].[SignFilePath], [c].[SignFileSizeInBytes], [c].[SignName]
FROM [CompanyInfos] AS [c]
2025-08-10 10:58:08.885 +05:30 [INF] Executing OkObjectResult, writing value of type 'AuthNet.Models.DTO.CompanyInfoResponseDto'.
2025-08-10 10:58:08.885 +05:30 [INF] Executed action AuthNet.Controllers.SettingsController.GetCompanyInfo (AuthNet) in 25.4694ms
2025-08-10 10:58:08.885 +05:30 [INF] Executed endpoint 'AuthNet.Controllers.SettingsController.GetCompanyInfo (AuthNet)'
2025-08-10 10:58:08.885 +05:30 [INF] Request finished HTTP/1.1 GET https://localhost:7165/api/Settings/Get - 200 null application/json; charset=utf-8 26.6408ms
2025-08-10 10:58:09.193 +05:30 [INF] Request starting HTTP/2 GET https://localhost:7165/api/Sales/WeeklyProfit - null null
2025-08-10 10:58:09.193 +05:30 [INF] CORS policy execution successful.
2025-08-10 10:58:09.193 +05:30 [INF] Executing endpoint 'AuthNet.Controllers.SalesController.GetWeeklyProfit (AuthNet)'
2025-08-10 10:58:09.193 +05:30 [INF] Route matched with {action = "GetWeeklyProfit", controller = "Sales"}. Executing controller action with signature System.Threading.Tasks.Task`1[Microsoft.AspNetCore.Mvc.IActionResult] GetWeeklyProfit() on controller AuthNet.Controllers.SalesController (AuthNet).
2025-08-10 10:58:09.208 +05:30 [INF] Request starting HTTP/2 GET https://localhost:7165/api/Products/CategoryWiseProductCount - null null
2025-08-10 10:58:09.208 +05:30 [INF] CORS policy execution successful.
2025-08-10 10:58:09.208 +05:30 [INF] Executing endpoint 'AuthNet.Controllers.ProductsController.GetCategoryWiseProductCount (AuthNet)'
2025-08-10 10:58:09.208 +05:30 [INF] Route matched with {action = "GetCategoryWiseProductCount", controller = "Products"}. Executing controller action with signature System.Threading.Tasks.Task`1[Microsoft.AspNetCore.Mvc.IActionResult] GetCategoryWiseProductCount() on controller AuthNet.Controllers.ProductsController (AuthNet).
2025-08-10 10:58:09.210 +05:30 [INF] Executed DbCommand (13ms) [Parameters=[@__startDate_0='?' (DbType = DateTime2), @__endDate_1='?' (DbType = DateTime2)], CommandType='"Text"', CommandTimeout='30']
SELECT [s].[Id], [s].[ProductId], [s].[ProductName], [s].[Quantity], [s].[SaleId], [s].[TotalPrice], [s].[UnitPrice], [s0].[Id], [s0].[AfterTaxAmount], [s0].[CreatedAt], [s0].[DiscountedAmount], [s0].[InvoiceDate], [s0].[InvoiceNo], [s0].[PrincipalAmount], [s0].[Template], [s0].[TotalAmount]
FROM [SaleItems] AS [s]
INNER JOIN [Sales] AS [s0] ON [s].[SaleId] = [s0].[Id]
WHERE CONVERT(date, [s0].[InvoiceDate]) >= @__startDate_0 AND CONVERT(date, [s0].[InvoiceDate]) <= @__endDate_1
2025-08-10 10:58:09.251 +05:30 [INF] Executed DbCommand (33ms) [Parameters=[@__productIds_0='?' (Size = 4000)], CommandType='"Text"', CommandTimeout='30']
SELECT [p].[ProductId], [p].[CategoryId], [p].[CostPrice], [p].[Description], [p].[Name], [p].[ProductCode], [p].[ProductKey], [p].[SellPrice], [p].[SupplierId]
FROM [Products] AS [p]
WHERE [p].[ProductId] IN (
    SELECT [p0].[value]
    FROM OPENJSON(@__productIds_0) WITH ([value] int '$') AS [p0]
)
2025-08-10 10:58:09.254 +05:30 [INF] Executing OkObjectResult, writing value of type 'System.Collections.Generic.List`1[[AuthNet.Models.DTO.DailyProfitDto, AuthNet, Version=1.0.0.0, Culture=neutral, PublicKeyToken=null]]'.
2025-08-10 10:58:09.255 +05:30 [INF] Executed action AuthNet.Controllers.SalesController.GetWeeklyProfit (AuthNet) in 61.5393ms
2025-08-10 10:58:09.255 +05:30 [INF] Executed endpoint 'AuthNet.Controllers.SalesController.GetWeeklyProfit (AuthNet)'
2025-08-10 10:58:09.255 +05:30 [INF] Request finished HTTP/2 GET https://localhost:7165/api/Sales/WeeklyProfit - 200 null application/json; charset=utf-8 62.3105ms
2025-08-10 10:58:09.760 +05:30 [INF] Executed DbCommand (184ms) [Parameters=[], CommandType='"Text"', CommandTimeout='30']
SELECT [c].[Name] AS [CategoryName], COUNT(*) AS [ProductCount]
FROM [Products] AS [p]
LEFT JOIN [Categories] AS [c] ON [p].[CategoryId] = [c].[CategoryId]
WHERE [c].[CategoryId] IS NOT NULL
GROUP BY [c].[Name]
2025-08-10 10:58:09.760 +05:30 [INF] Executing OkObjectResult, writing value of type 'System.Collections.Generic.List`1[[AuthNet.Models.DTO.CategoryProductCountDto, AuthNet, Version=1.0.0.0, Culture=neutral, PublicKeyToken=null]]'.
2025-08-10 10:58:09.762 +05:30 [INF] Executed action AuthNet.Controllers.ProductsController.GetCategoryWiseProductCount (AuthNet) in 553.874ms
2025-08-10 10:58:09.762 +05:30 [INF] Executed endpoint 'AuthNet.Controllers.ProductsController.GetCategoryWiseProductCount (AuthNet)'
2025-08-10 10:58:09.763 +05:30 [INF] Request finished HTTP/2 GET https://localhost:7165/api/Products/CategoryWiseProductCount - 200 null application/json; charset=utf-8 566.1665ms
2025-08-10 10:58:30.958 +05:30 [INF] Request starting HTTP/1.1 GET https://localhost:7165/api/Products - null null
2025-08-10 10:58:30.958 +05:30 [INF] Executing endpoint 'AuthNet.Controllers.ProductsController.GetAll (AuthNet)'
2025-08-10 10:58:30.958 +05:30 [INF] Route matched with {action = "GetAll", controller = "Products"}. Executing controller action with signature System.Threading.Tasks.Task`1[Microsoft.AspNetCore.Mvc.IActionResult] GetAll() on controller AuthNet.Controllers.ProductsController (AuthNet).
2025-08-10 10:58:30.968 +05:30 [INF] Executed DbCommand (6ms) [Parameters=[], CommandType='"Text"', CommandTimeout='30']
SELECT [p].[ProductId], [p].[CategoryId], [p].[CostPrice], [p].[Description], [p].[Name], [p].[ProductCode], [p].[ProductKey], [p].[SellPrice], [p].[SupplierId]
FROM [Products] AS [p]
2025-08-10 10:58:30.968 +05:30 [INF] Executing OkObjectResult, writing value of type 'System.Collections.Generic.List`1[[AuthNet.Models.Domain.Product, AuthNet, Version=1.0.0.0, Culture=neutral, PublicKeyToken=null]]'.
2025-08-10 10:58:30.968 +05:30 [INF] Executed action AuthNet.Controllers.ProductsController.GetAll (AuthNet) in 9.5362ms
2025-08-10 10:58:30.968 +05:30 [INF] Executed endpoint 'AuthNet.Controllers.ProductsController.GetAll (AuthNet)'
2025-08-10 10:58:30.968 +05:30 [INF] Request finished HTTP/1.1 GET https://localhost:7165/api/Products - 200 null application/json; charset=utf-8 10.4589ms
2025-08-10 10:58:30.995 +05:30 [INF] Request starting HTTP/1.1 GET https://localhost:7165/api/InvoiceTemplates - null null
2025-08-10 10:58:30.995 +05:30 [INF] Executing endpoint 'AuthNet.Controllers.InvoiceTemplatesController.GetAll (AuthNet)'
2025-08-10 10:58:30.996 +05:30 [INF] Route matched with {action = "GetAll", controller = "InvoiceTemplates"}. Executing controller action with signature System.Threading.Tasks.Task`1[Microsoft.AspNetCore.Mvc.IActionResult] GetAll() on controller AuthNet.Controllers.InvoiceTemplatesController (AuthNet).
2025-08-10 10:58:30.999 +05:30 [INF] Executed DbCommand (3ms) [Parameters=[], CommandType='"Text"', CommandTimeout='30']
SELECT [i].[Id], [i].[Layout], [i].[Notes], [i].[TermsAndConditions]
FROM [InvoiceTemplates] AS [i]
2025-08-10 10:58:31.000 +05:30 [INF] Executing OkObjectResult, writing value of type 'System.Collections.Generic.List`1[[AuthNet.Models.Domain.InvoiceTemplate, AuthNet, Version=1.0.0.0, Culture=neutral, PublicKeyToken=null]]'.
2025-08-10 10:58:31.000 +05:30 [INF] Executed action AuthNet.Controllers.InvoiceTemplatesController.GetAll (AuthNet) in 3.9798ms
2025-08-10 10:58:31.000 +05:30 [INF] Executed endpoint 'AuthNet.Controllers.InvoiceTemplatesController.GetAll (AuthNet)'
2025-08-10 10:58:31.000 +05:30 [INF] Request finished HTTP/1.1 GET https://localhost:7165/api/InvoiceTemplates - 200 null application/json; charset=utf-8 4.793ms
2025-08-10 10:58:31.029 +05:30 [INF] Request starting HTTP/1.1 GET https://localhost:7165/api/categories - null null
2025-08-10 10:58:31.030 +05:30 [INF] Executing endpoint 'AuthNet.Controllers.CategoriesController.GetAll (AuthNet)'
2025-08-10 10:58:31.030 +05:30 [INF] Route matched with {action = "GetAll", controller = "Categories"}. Executing controller action with signature System.Threading.Tasks.Task`1[Microsoft.AspNetCore.Mvc.IActionResult] GetAll() on controller AuthNet.Controllers.CategoriesController (AuthNet).
2025-08-10 10:58:31.034 +05:30 [INF] Executed DbCommand (3ms) [Parameters=[], CommandType='"Text"', CommandTimeout='30']
SELECT [c].[CategoryId], [c].[Description], [c].[Name]
FROM [Categories] AS [c]
2025-08-10 10:58:31.035 +05:30 [INF] Executing OkObjectResult, writing value of type 'System.Collections.Generic.List`1[[AuthNet.Models.Domain.Category, AuthNet, Version=1.0.0.0, Culture=neutral, PublicKeyToken=null]]'.
2025-08-10 10:58:31.035 +05:30 [INF] Executed action AuthNet.Controllers.CategoriesController.GetAll (AuthNet) in 4.759ms
2025-08-10 10:58:31.035 +05:30 [INF] Executed endpoint 'AuthNet.Controllers.CategoriesController.GetAll (AuthNet)'
2025-08-10 10:58:31.035 +05:30 [INF] Request finished HTTP/1.1 GET https://localhost:7165/api/categories - 200 null application/json; charset=utf-8 5.5004ms
2025-08-10 10:58:31.055 +05:30 [INF] Request starting HTTP/1.1 GET https://localhost:7165/api/Settings/Get - null null
2025-08-10 10:58:31.056 +05:30 [INF] Executing endpoint 'AuthNet.Controllers.SettingsController.GetCompanyInfo (AuthNet)'
2025-08-10 10:58:31.056 +05:30 [INF] Route matched with {action = "GetCompanyInfo", controller = "Settings"}. Executing controller action with signature System.Threading.Tasks.Task`1[Microsoft.AspNetCore.Mvc.IActionResult] GetCompanyInfo() on controller AuthNet.Controllers.SettingsController (AuthNet).
2025-08-10 10:58:31.063 +05:30 [INF] Executed DbCommand (6ms) [Parameters=[], CommandType='"Text"', CommandTimeout='30']
SELECT TOP(1) [c].[Id], [c].[Address], [c].[AlternateContactNumber], [c].[ContactNumber], [c].[Email], [c].[GSTIN], [c].[LogoFileExtension], [c].[LogoFilePath], [c].[LogoFileSizeInBytes], [c].[LogoName], [c].[Name], [c].[SignFileExtension], [c].[SignFilePath], [c].[SignFileSizeInBytes], [c].[SignName]
FROM [CompanyInfos] AS [c]
2025-08-10 10:58:31.063 +05:30 [INF] Executing OkObjectResult, writing value of type 'AuthNet.Models.DTO.CompanyInfoResponseDto'.
2025-08-10 10:58:31.063 +05:30 [INF] Executed action AuthNet.Controllers.SettingsController.GetCompanyInfo (AuthNet) in 7.2304ms
2025-08-10 10:58:31.063 +05:30 [INF] Executed endpoint 'AuthNet.Controllers.SettingsController.GetCompanyInfo (AuthNet)'
2025-08-10 10:58:31.063 +05:30 [INF] Request finished HTTP/1.1 GET https://localhost:7165/api/Settings/Get - 200 null application/json; charset=utf-8 7.8195ms
2025-08-10 10:58:31.076 +05:30 [INF] Request starting HTTP/1.1 GET https://localhost:7165/api/TaxSettings - null null
2025-08-10 10:58:31.076 +05:30 [INF] Executing endpoint 'AuthNet.Controllers.TaxSettingsController.GetAll (AuthNet)'
2025-08-10 10:58:31.077 +05:30 [INF] Route matched with {action = "GetAll", controller = "TaxSettings"}. Executing controller action with signature System.Threading.Tasks.Task`1[Microsoft.AspNetCore.Mvc.IActionResult] GetAll() on controller AuthNet.Controllers.TaxSettingsController (AuthNet).
2025-08-10 10:58:31.091 +05:30 [INF] Executed DbCommand (11ms) [Parameters=[], CommandType='"Text"', CommandTimeout='30']
SELECT TOP(1) [t].[Id], [t].[CGST], [t].[IGST], [t].[SGST]
FROM [TaxSettings] AS [t]
2025-08-10 10:58:31.094 +05:30 [INF] Executing OkObjectResult, writing value of type 'AuthNet.Models.DTO.TaxSettingResponseDto'.
2025-08-10 10:58:31.095 +05:30 [INF] Executed action AuthNet.Controllers.TaxSettingsController.GetAll (AuthNet) in 18.267ms
2025-08-10 10:58:31.095 +05:30 [INF] Executed endpoint 'AuthNet.Controllers.TaxSettingsController.GetAll (AuthNet)'
2025-08-10 10:58:31.095 +05:30 [INF] Request finished HTTP/1.1 GET https://localhost:7165/api/TaxSettings - 200 null application/json; charset=utf-8 19.1939ms
2025-08-10 10:58:56.553 +05:30 [INF] Request starting HTTP/1.1 GET https://localhost:7165/api/Inventory - null null
2025-08-10 10:58:56.553 +05:30 [INF] Executing endpoint 'AuthNet.Controllers.InventoryController.GetAll (AuthNet)'
2025-08-10 10:58:56.585 +05:30 [INF] Route matched with {action = "GetAll", controller = "Inventory"}. Executing controller action with signature System.Threading.Tasks.Task`1[Microsoft.AspNetCore.Mvc.IActionResult] GetAll() on controller AuthNet.Controllers.InventoryController (AuthNet).
2025-08-10 10:58:56.645 +05:30 [INF] Executed DbCommand (30ms) [Parameters=[], CommandType='"Text"', CommandTimeout='30']
SELECT [i].[InventoryId], [i].[LastUpdated], [i].[ProductId], [i].[QuantityInStock], [i].[ReorderLevel]
FROM [Inventories] AS [i]
2025-08-10 10:58:56.660 +05:30 [INF] Executing OkObjectResult, writing value of type 'System.Collections.Generic.List`1[[AuthNet.Models.Domain.Inventory, AuthNet, Version=1.0.0.0, Culture=neutral, PublicKeyToken=null]]'.
2025-08-10 10:58:56.663 +05:30 [INF] Executed action AuthNet.Controllers.InventoryController.GetAll (AuthNet) in 77.4513ms
2025-08-10 10:58:56.663 +05:30 [INF] Executed endpoint 'AuthNet.Controllers.InventoryController.GetAll (AuthNet)'
2025-08-10 10:58:56.663 +05:30 [INF] Request finished HTTP/1.1 GET https://localhost:7165/api/Inventory - 200 null application/json; charset=utf-8 109.8498ms
2025-08-10 10:58:56.787 +05:30 [INF] Request starting HTTP/1.1 GET https://localhost:7165/api/Products - null null
2025-08-10 10:58:56.788 +05:30 [INF] Executing endpoint 'AuthNet.Controllers.ProductsController.GetAll (AuthNet)'
2025-08-10 10:58:56.789 +05:30 [INF] Route matched with {action = "GetAll", controller = "Products"}. Executing controller action with signature System.Threading.Tasks.Task`1[Microsoft.AspNetCore.Mvc.IActionResult] GetAll() on controller AuthNet.Controllers.ProductsController (AuthNet).
2025-08-10 10:58:56.816 +05:30 [INF] Executed DbCommand (26ms) [Parameters=[], CommandType='"Text"', CommandTimeout='30']
SELECT [p].[ProductId], [p].[CategoryId], [p].[CostPrice], [p].[Description], [p].[Name], [p].[ProductCode], [p].[ProductKey], [p].[SellPrice], [p].[SupplierId]
FROM [Products] AS [p]
2025-08-10 10:58:56.816 +05:30 [INF] Executing OkObjectResult, writing value of type 'System.Collections.Generic.List`1[[AuthNet.Models.Domain.Product, AuthNet, Version=1.0.0.0, Culture=neutral, PublicKeyToken=null]]'.
2025-08-10 10:58:56.816 +05:30 [INF] Executed action AuthNet.Controllers.ProductsController.GetAll (AuthNet) in 27.394ms
2025-08-10 10:58:56.816 +05:30 [INF] Executed endpoint 'AuthNet.Controllers.ProductsController.GetAll (AuthNet)'
2025-08-10 10:58:56.816 +05:30 [INF] Request finished HTTP/1.1 GET https://localhost:7165/api/Products - 200 null application/json; charset=utf-8 29.7037ms
2025-08-10 10:59:03.331 +05:30 [INF] Request starting HTTP/1.1 DELETE https://localhost:7165/api/Inventory/30 - null null
2025-08-10 10:59:03.332 +05:30 [INF] Executing endpoint 'AuthNet.Controllers.InventoryController.Delete (AuthNet)'
2025-08-10 10:59:03.338 +05:30 [INF] Route matched with {action = "Delete", controller = "Inventory"}. Executing controller action with signature System.Threading.Tasks.Task`1[Microsoft.AspNetCore.Mvc.IActionResult] Delete(Int32) on controller AuthNet.Controllers.InventoryController (AuthNet).
2025-08-10 10:59:03.438 +05:30 [INF] Executed DbCommand (82ms) [Parameters=[@__p_0='?' (DbType = Int32)], CommandType='"Text"', CommandTimeout='30']
SELECT TOP(1) [i].[InventoryId], [i].[LastUpdated], [i].[ProductId], [i].[QuantityInStock], [i].[ReorderLevel]
FROM [Inventories] AS [i]
WHERE [i].[InventoryId] = @__p_0
2025-08-10 10:59:03.467 +05:30 [INF] Executed DbCommand (4ms) [Parameters=[@p0='?' (DbType = Int32)], CommandType='"Text"', CommandTimeout='30']
SET IMPLICIT_TRANSACTIONS OFF;
SET NOCOUNT ON;
DELETE FROM [Inventories]
OUTPUT 1
WHERE [InventoryId] = @p0;
2025-08-10 10:59:03.467 +05:30 [INF] Executing OkObjectResult, writing value of type '<>f__AnonymousType0`1[[System.String, System.Private.CoreLib, Version=8.0.0.0, Culture=neutral, PublicKeyToken=7cec85d7bea7798e]]'.
2025-08-10 10:59:03.468 +05:30 [INF] Executed action AuthNet.Controllers.InventoryController.Delete (AuthNet) in 129.2976ms
2025-08-10 10:59:03.468 +05:30 [INF] Executed endpoint 'AuthNet.Controllers.InventoryController.Delete (AuthNet)'
2025-08-10 10:59:03.468 +05:30 [INF] Request finished HTTP/1.1 DELETE https://localhost:7165/api/Inventory/30 - 200 null application/json; charset=utf-8 137.0186ms
2025-08-10 10:59:03.504 +05:30 [INF] Request starting HTTP/1.1 GET https://localhost:7165/api/Inventory - null null
2025-08-10 10:59:03.504 +05:30 [INF] Executing endpoint 'AuthNet.Controllers.InventoryController.GetAll (AuthNet)'
2025-08-10 10:59:03.504 +05:30 [INF] Route matched with {action = "GetAll", controller = "Inventory"}. Executing controller action with signature System.Threading.Tasks.Task`1[Microsoft.AspNetCore.Mvc.IActionResult] GetAll() on controller AuthNet.Controllers.InventoryController (AuthNet).
2025-08-10 10:59:03.515 +05:30 [INF] Executed DbCommand (8ms) [Parameters=[], CommandType='"Text"', CommandTimeout='30']
SELECT [i].[InventoryId], [i].[LastUpdated], [i].[ProductId], [i].[QuantityInStock], [i].[ReorderLevel]
FROM [Inventories] AS [i]
2025-08-10 10:59:03.516 +05:30 [INF] Executing OkObjectResult, writing value of type 'System.Collections.Generic.List`1[[AuthNet.Models.Domain.Inventory, AuthNet, Version=1.0.0.0, Culture=neutral, PublicKeyToken=null]]'.
2025-08-10 10:59:03.516 +05:30 [INF] Executed action AuthNet.Controllers.InventoryController.GetAll (AuthNet) in 11.8475ms
2025-08-10 10:59:03.516 +05:30 [INF] Executed endpoint 'AuthNet.Controllers.InventoryController.GetAll (AuthNet)'
2025-08-10 10:59:03.516 +05:30 [INF] Request finished HTTP/1.1 GET https://localhost:7165/api/Inventory - 200 null application/json; charset=utf-8 12.6943ms
2025-08-10 10:59:03.585 +05:30 [INF] Request starting HTTP/1.1 GET https://localhost:7165/api/Products - null null
2025-08-10 10:59:03.585 +05:30 [INF] Executing endpoint 'AuthNet.Controllers.ProductsController.GetAll (AuthNet)'
2025-08-10 10:59:03.585 +05:30 [INF] Route matched with {action = "GetAll", controller = "Products"}. Executing controller action with signature System.Threading.Tasks.Task`1[Microsoft.AspNetCore.Mvc.IActionResult] GetAll() on controller AuthNet.Controllers.ProductsController (AuthNet).
2025-08-10 10:59:03.716 +05:30 [INF] Executed DbCommand (130ms) [Parameters=[], CommandType='"Text"', CommandTimeout='30']
SELECT [p].[ProductId], [p].[CategoryId], [p].[CostPrice], [p].[Description], [p].[Name], [p].[ProductCode], [p].[ProductKey], [p].[SellPrice], [p].[SupplierId]
FROM [Products] AS [p]
2025-08-10 10:59:03.717 +05:30 [INF] Executing OkObjectResult, writing value of type 'System.Collections.Generic.List`1[[AuthNet.Models.Domain.Product, AuthNet, Version=1.0.0.0, Culture=neutral, PublicKeyToken=null]]'.
2025-08-10 10:59:03.717 +05:30 [INF] Executed action AuthNet.Controllers.ProductsController.GetAll (AuthNet) in 131.6542ms
2025-08-10 10:59:03.717 +05:30 [INF] Executed endpoint 'AuthNet.Controllers.ProductsController.GetAll (AuthNet)'
2025-08-10 10:59:03.717 +05:30 [INF] Request finished HTTP/1.1 GET https://localhost:7165/api/Products - 200 null application/json; charset=utf-8 132.2621ms
2025-08-10 11:00:25.525 +05:30 [INF] Request starting HTTP/1.1 GET https://localhost:7165/api/Products - null null
2025-08-10 11:00:25.525 +05:30 [INF] Executing endpoint 'AuthNet.Controllers.ProductsController.GetAll (AuthNet)'
2025-08-10 11:00:25.525 +05:30 [INF] Route matched with {action = "GetAll", controller = "Products"}. Executing controller action with signature System.Threading.Tasks.Task`1[Microsoft.AspNetCore.Mvc.IActionResult] GetAll() on controller AuthNet.Controllers.ProductsController (AuthNet).
2025-08-10 11:00:25.620 +05:30 [INF] Executed DbCommand (94ms) [Parameters=[], CommandType='"Text"', CommandTimeout='30']
SELECT [p].[ProductId], [p].[CategoryId], [p].[CostPrice], [p].[Description], [p].[Name], [p].[ProductCode], [p].[ProductKey], [p].[SellPrice], [p].[SupplierId]
FROM [Products] AS [p]
2025-08-10 11:00:25.620 +05:30 [INF] Executing OkObjectResult, writing value of type 'System.Collections.Generic.List`1[[AuthNet.Models.Domain.Product, AuthNet, Version=1.0.0.0, Culture=neutral, PublicKeyToken=null]]'.
2025-08-10 11:00:25.621 +05:30 [INF] Executed action AuthNet.Controllers.ProductsController.GetAll (AuthNet) in 95.368ms
2025-08-10 11:00:25.621 +05:30 [INF] Executed endpoint 'AuthNet.Controllers.ProductsController.GetAll (AuthNet)'
2025-08-10 11:00:25.621 +05:30 [INF] Request finished HTTP/1.1 GET https://localhost:7165/api/Products - 200 null application/json; charset=utf-8 96.2649ms
2025-08-10 11:00:25.643 +05:30 [INF] Request starting HTTP/1.1 GET https://localhost:7165/api/Inventory - null null
2025-08-10 11:00:25.643 +05:30 [INF] Executing endpoint 'AuthNet.Controllers.InventoryController.GetAll (AuthNet)'
2025-08-10 11:00:25.644 +05:30 [INF] Route matched with {action = "GetAll", controller = "Inventory"}. Executing controller action with signature System.Threading.Tasks.Task`1[Microsoft.AspNetCore.Mvc.IActionResult] GetAll() on controller AuthNet.Controllers.InventoryController (AuthNet).
2025-08-10 11:00:25.658 +05:30 [INF] Executed DbCommand (14ms) [Parameters=[], CommandType='"Text"', CommandTimeout='30']
SELECT [i].[InventoryId], [i].[LastUpdated], [i].[ProductId], [i].[QuantityInStock], [i].[ReorderLevel]
FROM [Inventories] AS [i]
2025-08-10 11:00:25.659 +05:30 [INF] Executing OkObjectResult, writing value of type 'System.Collections.Generic.List`1[[AuthNet.Models.Domain.Inventory, AuthNet, Version=1.0.0.0, Culture=neutral, PublicKeyToken=null]]'.
2025-08-10 11:00:25.659 +05:30 [INF] Executed action AuthNet.Controllers.InventoryController.GetAll (AuthNet) in 15.2889ms
2025-08-10 11:00:25.659 +05:30 [INF] Executed endpoint 'AuthNet.Controllers.InventoryController.GetAll (AuthNet)'
2025-08-10 11:00:25.659 +05:30 [INF] Request finished HTTP/1.1 GET https://localhost:7165/api/Inventory - 200 null application/json; charset=utf-8 16.1875ms
2025-08-10 11:00:38.366 +05:30 [INF] Request starting HTTP/1.1 GET https://localhost:7165/api/Inventory - null null
2025-08-10 11:00:38.366 +05:30 [INF] Executing endpoint 'AuthNet.Controllers.InventoryController.GetAll (AuthNet)'
2025-08-10 11:00:38.366 +05:30 [INF] Route matched with {action = "GetAll", controller = "Inventory"}. Executing controller action with signature System.Threading.Tasks.Task`1[Microsoft.AspNetCore.Mvc.IActionResult] GetAll() on controller AuthNet.Controllers.InventoryController (AuthNet).
2025-08-10 11:00:38.393 +05:30 [INF] Executed DbCommand (26ms) [Parameters=[], CommandType='"Text"', CommandTimeout='30']
SELECT [i].[InventoryId], [i].[LastUpdated], [i].[ProductId], [i].[QuantityInStock], [i].[ReorderLevel]
FROM [Inventories] AS [i]
2025-08-10 11:00:38.394 +05:30 [INF] Executing OkObjectResult, writing value of type 'System.Collections.Generic.List`1[[AuthNet.Models.Domain.Inventory, AuthNet, Version=1.0.0.0, Culture=neutral, PublicKeyToken=null]]'.
2025-08-10 11:00:38.394 +05:30 [INF] Executed action AuthNet.Controllers.InventoryController.GetAll (AuthNet) in 27.4822ms
2025-08-10 11:00:38.394 +05:30 [INF] Executed endpoint 'AuthNet.Controllers.InventoryController.GetAll (AuthNet)'
2025-08-10 11:00:38.394 +05:30 [INF] Request finished HTTP/1.1 GET https://localhost:7165/api/Inventory - 200 null application/json; charset=utf-8 28.4524ms
2025-08-10 11:00:38.449 +05:30 [INF] Request starting HTTP/1.1 POST https://localhost:7165/api/Inventory - application/json; charset=utf-8 null
2025-08-10 11:00:38.449 +05:30 [INF] Executing endpoint 'AuthNet.Controllers.InventoryController.Create (AuthNet)'
2025-08-10 11:00:38.463 +05:30 [INF] Route matched with {action = "Create", controller = "Inventory"}. Executing controller action with signature System.Threading.Tasks.Task`1[Microsoft.AspNetCore.Mvc.IActionResult] Create(AuthNet.Models.Domain.Inventory) on controller AuthNet.Controllers.InventoryController (AuthNet).
2025-08-10 11:00:38.508 +05:30 [INF] Executed DbCommand (27ms) [Parameters=[@p0='?' (DbType = DateTime2), @p1='?' (DbType = Int32), @p2='?' (DbType = Int32), @p3='?' (DbType = Int32)], CommandType='"Text"', CommandTimeout='30']
SET IMPLICIT_TRANSACTIONS OFF;
SET NOCOUNT ON;
INSERT INTO [Inventories] ([LastUpdated], [ProductId], [QuantityInStock], [ReorderLevel])
OUTPUT INSERTED.[InventoryId]
VALUES (@p0, @p1, @p2, @p3);
2025-08-10 11:00:38.518 +05:30 [INF] Executed DbCommand (2ms) [Parameters=[@__id_0='?' (DbType = Int32)], CommandType='"Text"', CommandTimeout='30']
SELECT TOP(1) [i].[InventoryId], [i].[LastUpdated], [i].[ProductId], [i].[QuantityInStock], [i].[ReorderLevel]
FROM [Inventories] AS [i]
WHERE [i].[InventoryId] = @__id_0
2025-08-10 11:00:38.519 +05:30 [INF] Executing CreatedAtActionResult, writing value of type 'AuthNet.Models.DTO.InventoryDto'.
2025-08-10 11:00:38.527 +05:30 [INF] Executed action AuthNet.Controllers.InventoryController.Create (AuthNet) in 63.2398ms
2025-08-10 11:00:38.527 +05:30 [INF] Executed endpoint 'AuthNet.Controllers.InventoryController.Create (AuthNet)'
2025-08-10 11:00:38.527 +05:30 [INF] Request finished HTTP/1.1 POST https://localhost:7165/api/Inventory - 201 null application/json; charset=utf-8 77.7892ms
2025-08-10 11:00:38.581 +05:30 [INF] Request starting HTTP/1.1 GET https://localhost:7165/api/Inventory - null null
2025-08-10 11:00:38.581 +05:30 [INF] Executing endpoint 'AuthNet.Controllers.InventoryController.GetAll (AuthNet)'
2025-08-10 11:00:38.581 +05:30 [INF] Route matched with {action = "GetAll", controller = "Inventory"}. Executing controller action with signature System.Threading.Tasks.Task`1[Microsoft.AspNetCore.Mvc.IActionResult] GetAll() on controller AuthNet.Controllers.InventoryController (AuthNet).
2025-08-10 11:00:38.639 +05:30 [INF] Executed DbCommand (56ms) [Parameters=[], CommandType='"Text"', CommandTimeout='30']
SELECT [i].[InventoryId], [i].[LastUpdated], [i].[ProductId], [i].[QuantityInStock], [i].[ReorderLevel]
FROM [Inventories] AS [i]
2025-08-10 11:00:38.639 +05:30 [INF] Executing OkObjectResult, writing value of type 'System.Collections.Generic.List`1[[AuthNet.Models.Domain.Inventory, AuthNet, Version=1.0.0.0, Culture=neutral, PublicKeyToken=null]]'.
2025-08-10 11:00:38.639 +05:30 [INF] Executed action AuthNet.Controllers.InventoryController.GetAll (AuthNet) in 57.939ms
2025-08-10 11:00:38.639 +05:30 [INF] Executed endpoint 'AuthNet.Controllers.InventoryController.GetAll (AuthNet)'
2025-08-10 11:00:38.639 +05:30 [INF] Request finished HTTP/1.1 GET https://localhost:7165/api/Inventory - 200 null application/json; charset=utf-8 58.7235ms
2025-08-10 11:00:38.692 +05:30 [INF] Request starting HTTP/1.1 GET https://localhost:7165/api/Products - null null
2025-08-10 11:00:38.692 +05:30 [INF] Executing endpoint 'AuthNet.Controllers.ProductsController.GetAll (AuthNet)'
2025-08-10 11:00:38.692 +05:30 [INF] Route matched with {action = "GetAll", controller = "Products"}. Executing controller action with signature System.Threading.Tasks.Task`1[Microsoft.AspNetCore.Mvc.IActionResult] GetAll() on controller AuthNet.Controllers.ProductsController (AuthNet).
2025-08-10 11:00:38.734 +05:30 [INF] Executed DbCommand (39ms) [Parameters=[], CommandType='"Text"', CommandTimeout='30']
SELECT [p].[ProductId], [p].[CategoryId], [p].[CostPrice], [p].[Description], [p].[Name], [p].[ProductCode], [p].[ProductKey], [p].[SellPrice], [p].[SupplierId]
FROM [Products] AS [p]
2025-08-10 11:00:38.734 +05:30 [INF] Executing OkObjectResult, writing value of type 'System.Collections.Generic.List`1[[AuthNet.Models.Domain.Product, AuthNet, Version=1.0.0.0, Culture=neutral, PublicKeyToken=null]]'.
2025-08-10 11:00:38.734 +05:30 [INF] Executed action AuthNet.Controllers.ProductsController.GetAll (AuthNet) in 41.9736ms
2025-08-10 11:00:38.734 +05:30 [INF] Executed endpoint 'AuthNet.Controllers.ProductsController.GetAll (AuthNet)'
2025-08-10 11:00:38.734 +05:30 [INF] Request finished HTTP/1.1 GET https://localhost:7165/api/Products - 200 null application/json; charset=utf-8 42.8241ms
2025-08-10 11:00:44.934 +05:30 [INF] Request starting HTTP/1.1 GET https://localhost:7165/api/Products - null null
2025-08-10 11:00:44.934 +05:30 [INF] Executing endpoint 'AuthNet.Controllers.ProductsController.GetAll (AuthNet)'
2025-08-10 11:00:44.935 +05:30 [INF] Route matched with {action = "GetAll", controller = "Products"}. Executing controller action with signature System.Threading.Tasks.Task`1[Microsoft.AspNetCore.Mvc.IActionResult] GetAll() on controller AuthNet.Controllers.ProductsController (AuthNet).
2025-08-10 11:00:44.948 +05:30 [INF] Executed DbCommand (12ms) [Parameters=[], CommandType='"Text"', CommandTimeout='30']
SELECT [p].[ProductId], [p].[CategoryId], [p].[CostPrice], [p].[Description], [p].[Name], [p].[ProductCode], [p].[ProductKey], [p].[SellPrice], [p].[SupplierId]
FROM [Products] AS [p]
2025-08-10 11:00:44.952 +05:30 [INF] Executing OkObjectResult, writing value of type 'System.Collections.Generic.List`1[[AuthNet.Models.Domain.Product, AuthNet, Version=1.0.0.0, Culture=neutral, PublicKeyToken=null]]'.
2025-08-10 11:00:44.953 +05:30 [INF] Executed action AuthNet.Controllers.ProductsController.GetAll (AuthNet) in 17.9915ms
2025-08-10 11:00:44.953 +05:30 [INF] Executed endpoint 'AuthNet.Controllers.ProductsController.GetAll (AuthNet)'
2025-08-10 11:00:44.956 +05:30 [INF] Request finished HTTP/1.1 GET https://localhost:7165/api/Products - 200 null application/json; charset=utf-8 21.747ms
2025-08-10 11:00:44.991 +05:30 [INF] Request starting HTTP/1.1 GET https://localhost:7165/api/Inventory - null null
2025-08-10 11:00:44.991 +05:30 [INF] Executing endpoint 'AuthNet.Controllers.InventoryController.GetAll (AuthNet)'
2025-08-10 11:00:44.991 +05:30 [INF] Route matched with {action = "GetAll", controller = "Inventory"}. Executing controller action with signature System.Threading.Tasks.Task`1[Microsoft.AspNetCore.Mvc.IActionResult] GetAll() on controller AuthNet.Controllers.InventoryController (AuthNet).
2025-08-10 11:00:44.998 +05:30 [INF] Executed DbCommand (6ms) [Parameters=[], CommandType='"Text"', CommandTimeout='30']
SELECT [i].[InventoryId], [i].[LastUpdated], [i].[ProductId], [i].[QuantityInStock], [i].[ReorderLevel]
FROM [Inventories] AS [i]
2025-08-10 11:00:44.998 +05:30 [INF] Executing OkObjectResult, writing value of type 'System.Collections.Generic.List`1[[AuthNet.Models.Domain.Inventory, AuthNet, Version=1.0.0.0, Culture=neutral, PublicKeyToken=null]]'.
2025-08-10 11:00:44.999 +05:30 [INF] Executed action AuthNet.Controllers.InventoryController.GetAll (AuthNet) in 7.4456ms
2025-08-10 11:00:44.999 +05:30 [INF] Executed endpoint 'AuthNet.Controllers.InventoryController.GetAll (AuthNet)'
2025-08-10 11:00:44.999 +05:30 [INF] Request finished HTTP/1.1 GET https://localhost:7165/api/Inventory - 200 null application/json; charset=utf-8 8.2104ms
2025-08-10 11:00:49.298 +05:30 [INF] Request starting HTTP/1.1 GET https://localhost:7165/api/Inventory - null null
2025-08-10 11:00:49.298 +05:30 [INF] Executing endpoint 'AuthNet.Controllers.InventoryController.GetAll (AuthNet)'
2025-08-10 11:00:49.298 +05:30 [INF] Route matched with {action = "GetAll", controller = "Inventory"}. Executing controller action with signature System.Threading.Tasks.Task`1[Microsoft.AspNetCore.Mvc.IActionResult] GetAll() on controller AuthNet.Controllers.InventoryController (AuthNet).
2025-08-10 11:00:49.309 +05:30 [INF] Executed DbCommand (9ms) [Parameters=[], CommandType='"Text"', CommandTimeout='30']
SELECT [i].[InventoryId], [i].[LastUpdated], [i].[ProductId], [i].[QuantityInStock], [i].[ReorderLevel]
FROM [Inventories] AS [i]
2025-08-10 11:00:49.310 +05:30 [INF] Executing OkObjectResult, writing value of type 'System.Collections.Generic.List`1[[AuthNet.Models.Domain.Inventory, AuthNet, Version=1.0.0.0, Culture=neutral, PublicKeyToken=null]]'.
2025-08-10 11:00:49.310 +05:30 [INF] Executed action AuthNet.Controllers.InventoryController.GetAll (AuthNet) in 11.5931ms
2025-08-10 11:00:49.310 +05:30 [INF] Executed endpoint 'AuthNet.Controllers.InventoryController.GetAll (AuthNet)'
2025-08-10 11:00:49.310 +05:30 [INF] Request finished HTTP/1.1 GET https://localhost:7165/api/Inventory - 200 null application/json; charset=utf-8 12.4051ms
2025-08-10 11:00:49.371 +05:30 [INF] Request starting HTTP/1.1 GET https://localhost:7165/api/Products - null null
2025-08-10 11:00:49.371 +05:30 [INF] Executing endpoint 'AuthNet.Controllers.ProductsController.GetAll (AuthNet)'
2025-08-10 11:00:49.371 +05:30 [INF] Route matched with {action = "GetAll", controller = "Products"}. Executing controller action with signature System.Threading.Tasks.Task`1[Microsoft.AspNetCore.Mvc.IActionResult] GetAll() on controller AuthNet.Controllers.ProductsController (AuthNet).
2025-08-10 11:00:49.401 +05:30 [INF] Executed DbCommand (29ms) [Parameters=[], CommandType='"Text"', CommandTimeout='30']
SELECT [p].[ProductId], [p].[CategoryId], [p].[CostPrice], [p].[Description], [p].[Name], [p].[ProductCode], [p].[ProductKey], [p].[SellPrice], [p].[SupplierId]
FROM [Products] AS [p]
2025-08-10 11:00:49.401 +05:30 [INF] Executing OkObjectResult, writing value of type 'System.Collections.Generic.List`1[[AuthNet.Models.Domain.Product, AuthNet, Version=1.0.0.0, Culture=neutral, PublicKeyToken=null]]'.
2025-08-10 11:00:49.402 +05:30 [INF] Executed action AuthNet.Controllers.ProductsController.GetAll (AuthNet) in 30.7205ms
2025-08-10 11:00:49.402 +05:30 [INF] Executed endpoint 'AuthNet.Controllers.ProductsController.GetAll (AuthNet)'
2025-08-10 11:00:49.402 +05:30 [INF] Request finished HTTP/1.1 GET https://localhost:7165/api/Products - 200 null application/json; charset=utf-8 31.2936ms
2025-08-10 11:00:52.117 +05:30 [INF] Request starting HTTP/1.1 GET https://localhost:7165/api/Inventory/35 - null null
2025-08-10 11:00:52.117 +05:30 [INF] Executing endpoint 'AuthNet.Controllers.InventoryController.GetById (AuthNet)'
2025-08-10 11:00:52.129 +05:30 [INF] Route matched with {action = "GetById", controller = "Inventory"}. Executing controller action with signature System.Threading.Tasks.Task`1[Microsoft.AspNetCore.Mvc.IActionResult] GetById(Int32) on controller AuthNet.Controllers.InventoryController (AuthNet).
2025-08-10 11:00:52.150 +05:30 [INF] Executed DbCommand (18ms) [Parameters=[@__id_0='?' (DbType = Int32)], CommandType='"Text"', CommandTimeout='30']
SELECT TOP(1) [i].[InventoryId], [i].[LastUpdated], [i].[ProductId], [i].[QuantityInStock], [i].[ReorderLevel]
FROM [Inventories] AS [i]
WHERE [i].[InventoryId] = @__id_0
2025-08-10 11:00:52.151 +05:30 [INF] Executing OkObjectResult, writing value of type 'AuthNet.Models.DTO.InventoryDto'.
2025-08-10 11:00:52.151 +05:30 [INF] Executed action AuthNet.Controllers.InventoryController.GetById (AuthNet) in 22.107ms
2025-08-10 11:00:52.151 +05:30 [INF] Executed endpoint 'AuthNet.Controllers.InventoryController.GetById (AuthNet)'
2025-08-10 11:00:52.152 +05:30 [INF] Request finished HTTP/1.1 GET https://localhost:7165/api/Inventory/35 - 200 null application/json; charset=utf-8 34.7354ms
2025-08-10 11:00:52.184 +05:30 [INF] Request starting HTTP/1.1 GET https://localhost:7165/api/Products - null null
2025-08-10 11:00:52.184 +05:30 [INF] Executing endpoint 'AuthNet.Controllers.ProductsController.GetAll (AuthNet)'
2025-08-10 11:00:52.184 +05:30 [INF] Route matched with {action = "GetAll", controller = "Products"}. Executing controller action with signature System.Threading.Tasks.Task`1[Microsoft.AspNetCore.Mvc.IActionResult] GetAll() on controller AuthNet.Controllers.ProductsController (AuthNet).
2025-08-10 11:00:52.226 +05:30 [INF] Executed DbCommand (41ms) [Parameters=[], CommandType='"Text"', CommandTimeout='30']
SELECT [p].[ProductId], [p].[CategoryId], [p].[CostPrice], [p].[Description], [p].[Name], [p].[ProductCode], [p].[ProductKey], [p].[SellPrice], [p].[SupplierId]
FROM [Products] AS [p]
2025-08-10 11:00:52.227 +05:30 [INF] Executing OkObjectResult, writing value of type 'System.Collections.Generic.List`1[[AuthNet.Models.Domain.Product, AuthNet, Version=1.0.0.0, Culture=neutral, PublicKeyToken=null]]'.
2025-08-10 11:00:52.227 +05:30 [INF] Executed action AuthNet.Controllers.ProductsController.GetAll (AuthNet) in 42.6635ms
2025-08-10 11:00:52.227 +05:30 [INF] Executed endpoint 'AuthNet.Controllers.ProductsController.GetAll (AuthNet)'
2025-08-10 11:00:52.227 +05:30 [INF] Request finished HTTP/1.1 GET https://localhost:7165/api/Products - 200 null application/json; charset=utf-8 43.3704ms
2025-08-10 11:00:56.694 +05:30 [INF] Request starting HTTP/1.1 GET https://localhost:7165/api/Inventory - null null
2025-08-10 11:00:56.694 +05:30 [INF] Executing endpoint 'AuthNet.Controllers.InventoryController.GetAll (AuthNet)'
2025-08-10 11:00:56.695 +05:30 [INF] Route matched with {action = "GetAll", controller = "Inventory"}. Executing controller action with signature System.Threading.Tasks.Task`1[Microsoft.AspNetCore.Mvc.IActionResult] GetAll() on controller AuthNet.Controllers.InventoryController (AuthNet).
2025-08-10 11:00:56.724 +05:30 [INF] Executed DbCommand (28ms) [Parameters=[], CommandType='"Text"', CommandTimeout='30']
SELECT [i].[InventoryId], [i].[LastUpdated], [i].[ProductId], [i].[QuantityInStock], [i].[ReorderLevel]
FROM [Inventories] AS [i]
2025-08-10 11:00:56.724 +05:30 [INF] Executing OkObjectResult, writing value of type 'System.Collections.Generic.List`1[[AuthNet.Models.Domain.Inventory, AuthNet, Version=1.0.0.0, Culture=neutral, PublicKeyToken=null]]'.
2025-08-10 11:00:56.724 +05:30 [INF] Executed action AuthNet.Controllers.InventoryController.GetAll (AuthNet) in 29.6269ms
2025-08-10 11:00:56.724 +05:30 [INF] Executed endpoint 'AuthNet.Controllers.InventoryController.GetAll (AuthNet)'
2025-08-10 11:00:56.724 +05:30 [INF] Request finished HTTP/1.1 GET https://localhost:7165/api/Inventory - 200 null application/json; charset=utf-8 30.2824ms
2025-08-10 11:00:56.763 +05:30 [INF] Request starting HTTP/1.1 PUT https://localhost:7165/api/Inventory/35 - application/json; charset=utf-8 null
2025-08-10 11:00:56.763 +05:30 [INF] Executing endpoint 'AuthNet.Controllers.InventoryController.Update (AuthNet)'
2025-08-10 11:00:56.770 +05:30 [INF] Route matched with {action = "Update", controller = "Inventory"}. Executing controller action with signature System.Threading.Tasks.Task`1[Microsoft.AspNetCore.Mvc.IActionResult] Update(Int32, AuthNet.Models.Domain.Inventory) on controller AuthNet.Controllers.InventoryController (AuthNet).
2025-08-10 11:00:56.901 +05:30 [INF] Executed DbCommand (121ms) [Parameters=[@__p_0='?' (DbType = Int32)], CommandType='"Text"', CommandTimeout='30']
SELECT TOP(1) [i].[InventoryId], [i].[LastUpdated], [i].[ProductId], [i].[QuantityInStock], [i].[ReorderLevel]
FROM [Inventories] AS [i]
WHERE [i].[InventoryId] = @__p_0
2025-08-10 11:00:56.985 +05:30 [INF] Executed DbCommand (75ms) [Parameters=[@p2='?' (DbType = Int32), @p0='?' (DbType = DateTime2), @p1='?' (DbType = Int32)], CommandType='"Text"', CommandTimeout='30']
SET IMPLICIT_TRANSACTIONS OFF;
SET NOCOUNT ON;
UPDATE [Inventories] SET [LastUpdated] = @p0, [QuantityInStock] = @p1
OUTPUT 1
WHERE [InventoryId] = @p2;
2025-08-10 11:00:56.985 +05:30 [INF] Executing OkObjectResult, writing value of type '<>f__AnonymousType0`1[[System.String, System.Private.CoreLib, Version=8.0.0.0, Culture=neutral, PublicKeyToken=7cec85d7bea7798e]]'.
2025-08-10 11:00:56.988 +05:30 [INF] Executed action AuthNet.Controllers.InventoryController.Update (AuthNet) in 217.3196ms
2025-08-10 11:00:56.988 +05:30 [INF] Executed endpoint 'AuthNet.Controllers.InventoryController.Update (AuthNet)'
2025-08-10 11:00:56.988 +05:30 [INF] Request finished HTTP/1.1 PUT https://localhost:7165/api/Inventory/35 - 200 null application/json; charset=utf-8 225.1787ms
2025-08-10 11:00:57.029 +05:30 [INF] Request starting HTTP/1.1 GET https://localhost:7165/api/Inventory - null null
2025-08-10 11:00:57.029 +05:30 [INF] Executing endpoint 'AuthNet.Controllers.InventoryController.GetAll (AuthNet)'
2025-08-10 11:00:57.030 +05:30 [INF] Route matched with {action = "GetAll", controller = "Inventory"}. Executing controller action with signature System.Threading.Tasks.Task`1[Microsoft.AspNetCore.Mvc.IActionResult] GetAll() on controller AuthNet.Controllers.InventoryController (AuthNet).
2025-08-10 11:00:57.239 +05:30 [INF] Executed DbCommand (208ms) [Parameters=[], CommandType='"Text"', CommandTimeout='30']
SELECT [i].[InventoryId], [i].[LastUpdated], [i].[ProductId], [i].[QuantityInStock], [i].[ReorderLevel]
FROM [Inventories] AS [i]
2025-08-10 11:00:57.239 +05:30 [INF] Executing OkObjectResult, writing value of type 'System.Collections.Generic.List`1[[AuthNet.Models.Domain.Inventory, AuthNet, Version=1.0.0.0, Culture=neutral, PublicKeyToken=null]]'.
2025-08-10 11:00:57.239 +05:30 [INF] Executed action AuthNet.Controllers.InventoryController.GetAll (AuthNet) in 209.8534ms
2025-08-10 11:00:57.240 +05:30 [INF] Executed endpoint 'AuthNet.Controllers.InventoryController.GetAll (AuthNet)'
2025-08-10 11:00:57.240 +05:30 [INF] Request finished HTTP/1.1 GET https://localhost:7165/api/Inventory - 200 null application/json; charset=utf-8 210.5686ms
2025-08-10 11:00:57.264 +05:30 [INF] Request starting HTTP/1.1 GET https://localhost:7165/api/Products - null null
2025-08-10 11:00:57.264 +05:30 [INF] Executing endpoint 'AuthNet.Controllers.ProductsController.GetAll (AuthNet)'
2025-08-10 11:00:57.264 +05:30 [INF] Route matched with {action = "GetAll", controller = "Products"}. Executing controller action with signature System.Threading.Tasks.Task`1[Microsoft.AspNetCore.Mvc.IActionResult] GetAll() on controller AuthNet.Controllers.ProductsController (AuthNet).
2025-08-10 11:00:57.273 +05:30 [INF] Executed DbCommand (7ms) [Parameters=[], CommandType='"Text"', CommandTimeout='30']
SELECT [p].[ProductId], [p].[CategoryId], [p].[CostPrice], [p].[Description], [p].[Name], [p].[ProductCode], [p].[ProductKey], [p].[SellPrice], [p].[SupplierId]
FROM [Products] AS [p]
2025-08-10 11:00:57.274 +05:30 [INF] Executing OkObjectResult, writing value of type 'System.Collections.Generic.List`1[[AuthNet.Models.Domain.Product, AuthNet, Version=1.0.0.0, Culture=neutral, PublicKeyToken=null]]'.
2025-08-10 11:00:57.274 +05:30 [INF] Executed action AuthNet.Controllers.ProductsController.GetAll (AuthNet) in 9.8489ms
2025-08-10 11:00:57.274 +05:30 [INF] Executed endpoint 'AuthNet.Controllers.ProductsController.GetAll (AuthNet)'
2025-08-10 11:00:57.279 +05:30 [INF] Request finished HTTP/1.1 GET https://localhost:7165/api/Products - 200 null application/json; charset=utf-8 15.2235ms
2025-08-10 11:01:08.063 +05:30 [INF] Request starting HTTP/1.1 GET https://localhost:7165/api/Orders - null null
2025-08-10 11:01:08.063 +05:30 [INF] Executing endpoint 'AuthNet.Controllers.OrdersController.GetAll (AuthNet)'
2025-08-10 11:01:08.073 +05:30 [INF] Route matched with {action = "GetAll", controller = "Orders"}. Executing controller action with signature System.Threading.Tasks.Task`1[Microsoft.AspNetCore.Mvc.IActionResult] GetAll() on controller AuthNet.Controllers.OrdersController (AuthNet).
2025-08-10 11:01:08.113 +05:30 [INF] Executed DbCommand (16ms) [Parameters=[], CommandType='"Text"', CommandTimeout='30']
SELECT [o].[OrderId], [o].[CustomerId], [o].[UserId], [o].[OrderDate], [o].[TotalAmount]
FROM [Orders] AS [o]
2025-08-10 11:01:08.115 +05:30 [INF] Executing OkObjectResult, writing value of type 'System.Collections.Generic.List`1[[AuthNet.Models.DTO.OrderViewModel, AuthNet, Version=1.0.0.0, Culture=neutral, PublicKeyToken=null]]'.
2025-08-10 11:01:08.118 +05:30 [INF] Executed action AuthNet.Controllers.OrdersController.GetAll (AuthNet) in 45.1976ms
2025-08-10 11:01:08.118 +05:30 [INF] Executed endpoint 'AuthNet.Controllers.OrdersController.GetAll (AuthNet)'
2025-08-10 11:01:08.119 +05:30 [INF] Request finished HTTP/1.1 GET https://localhost:7165/api/Orders - 200 null application/json; charset=utf-8 56.5255ms
2025-08-10 11:01:08.148 +05:30 [INF] Request starting HTTP/1.1 GET https://localhost:7165/api/Users - null null
2025-08-10 11:01:08.148 +05:30 [INF] Executing endpoint 'AuthNet.Controllers.UsersController.GetAll (AuthNet)'
2025-08-10 11:01:08.153 +05:30 [INF] Route matched with {action = "GetAll", controller = "Users"}. Executing controller action with signature System.Threading.Tasks.Task`1[Microsoft.AspNetCore.Mvc.IActionResult] GetAll() on controller AuthNet.Controllers.UsersController (AuthNet).
2025-08-10 11:01:08.167 +05:30 [INF] Executed DbCommand (4ms) [Parameters=[], CommandType='"Text"', CommandTimeout='30']
SELECT [u].[UserId], [u].[Username], [u].[Firstname], [u].[Lastname], [u].[Email], [u].[Role], [u].[CreatedAt]
FROM [Users] AS [u]
2025-08-10 11:01:08.173 +05:30 [INF] Executing OkObjectResult, writing value of type 'System.Collections.Generic.List`1[[AuthNet.Models.DTO.UserViewModel, AuthNet, Version=1.0.0.0, Culture=neutral, PublicKeyToken=null]]'.
2025-08-10 11:01:08.177 +05:30 [INF] Executed action AuthNet.Controllers.UsersController.GetAll (AuthNet) in 23.0909ms
2025-08-10 11:01:08.177 +05:30 [INF] Executed endpoint 'AuthNet.Controllers.UsersController.GetAll (AuthNet)'
2025-08-10 11:01:08.177 +05:30 [INF] Request finished HTTP/1.1 GET https://localhost:7165/api/Users - 200 null application/json; charset=utf-8 29.5411ms
2025-08-10 11:01:08.211 +05:30 [INF] Request starting HTTP/1.1 GET https://localhost:7165/api/Customers - null null
2025-08-10 11:01:08.211 +05:30 [INF] Executing endpoint 'AuthNet.Controllers.CustomersController.GetAll (AuthNet)'
2025-08-10 11:01:08.215 +05:30 [INF] Route matched with {action = "GetAll", controller = "Customers"}. Executing controller action with signature System.Threading.Tasks.Task`1[Microsoft.AspNetCore.Mvc.IActionResult] GetAll() on controller AuthNet.Controllers.CustomersController (AuthNet).
2025-08-10 11:01:08.264 +05:30 [INF] Executed DbCommand (37ms) [Parameters=[], CommandType='"Text"', CommandTimeout='30']
SELECT [c].[CustomerId], [c].[Name], [c].[Email], [c].[Phone], [c].[Address]
FROM [Customers] AS [c]
2025-08-10 11:01:08.266 +05:30 [INF] Executing OkObjectResult, writing value of type 'System.Collections.Generic.List`1[[AuthNet.Models.DTO.CustomerViewModel, AuthNet, Version=1.0.0.0, Culture=neutral, PublicKeyToken=null]]'.
2025-08-10 11:01:08.270 +05:30 [INF] Executed action AuthNet.Controllers.CustomersController.GetAll (AuthNet) in 55.4396ms
2025-08-10 11:01:08.271 +05:30 [INF] Executed endpoint 'AuthNet.Controllers.CustomersController.GetAll (AuthNet)'
2025-08-10 11:01:08.271 +05:30 [INF] Request finished HTTP/1.1 GET https://localhost:7165/api/Customers - 200 null application/json; charset=utf-8 60.5275ms
2025-08-10 11:01:12.583 +05:30 [INF] Request starting HTTP/1.1 GET https://localhost:7165/api/Customers - null null
2025-08-10 11:01:12.584 +05:30 [INF] Executing endpoint 'AuthNet.Controllers.CustomersController.GetAll (AuthNet)'
2025-08-10 11:01:12.584 +05:30 [INF] Route matched with {action = "GetAll", controller = "Customers"}. Executing controller action with signature System.Threading.Tasks.Task`1[Microsoft.AspNetCore.Mvc.IActionResult] GetAll() on controller AuthNet.Controllers.CustomersController (AuthNet).
2025-08-10 11:01:12.596 +05:30 [INF] Executed DbCommand (7ms) [Parameters=[], CommandType='"Text"', CommandTimeout='30']
SELECT [c].[CustomerId], [c].[Name], [c].[Email], [c].[Phone], [c].[Address]
FROM [Customers] AS [c]
2025-08-10 11:01:12.596 +05:30 [INF] Executing OkObjectResult, writing value of type 'System.Collections.Generic.List`1[[AuthNet.Models.DTO.CustomerViewModel, AuthNet, Version=1.0.0.0, Culture=neutral, PublicKeyToken=null]]'.
2025-08-10 11:01:12.596 +05:30 [INF] Executed action AuthNet.Controllers.CustomersController.GetAll (AuthNet) in 12.6212ms
2025-08-10 11:01:12.596 +05:30 [INF] Executed endpoint 'AuthNet.Controllers.CustomersController.GetAll (AuthNet)'
2025-08-10 11:01:12.597 +05:30 [INF] Request finished HTTP/1.1 GET https://localhost:7165/api/Customers - 200 null application/json; charset=utf-8 13.4703ms
2025-08-10 11:01:12.649 +05:30 [INF] Request starting HTTP/1.1 GET https://localhost:7165/api/Users - null null
2025-08-10 11:01:12.650 +05:30 [INF] Executing endpoint 'AuthNet.Controllers.UsersController.GetAll (AuthNet)'
2025-08-10 11:01:12.650 +05:30 [INF] Route matched with {action = "GetAll", controller = "Users"}. Executing controller action with signature System.Threading.Tasks.Task`1[Microsoft.AspNetCore.Mvc.IActionResult] GetAll() on controller AuthNet.Controllers.UsersController (AuthNet).
2025-08-10 11:01:12.656 +05:30 [INF] Executed DbCommand (3ms) [Parameters=[], CommandType='"Text"', CommandTimeout='30']
SELECT [u].[UserId], [u].[Username], [u].[Firstname], [u].[Lastname], [u].[Email], [u].[Role], [u].[CreatedAt]
FROM [Users] AS [u]
2025-08-10 11:01:12.656 +05:30 [INF] Executing OkObjectResult, writing value of type 'System.Collections.Generic.List`1[[AuthNet.Models.DTO.UserViewModel, AuthNet, Version=1.0.0.0, Culture=neutral, PublicKeyToken=null]]'.
2025-08-10 11:01:12.656 +05:30 [INF] Executed action AuthNet.Controllers.UsersController.GetAll (AuthNet) in 6.4105ms
2025-08-10 11:01:12.656 +05:30 [INF] Executed endpoint 'AuthNet.Controllers.UsersController.GetAll (AuthNet)'
2025-08-10 11:01:12.656 +05:30 [INF] Request finished HTTP/1.1 GET https://localhost:7165/api/Users - 200 null application/json; charset=utf-8 7.1267ms
2025-08-10 11:01:12.681 +05:30 [INF] Request starting HTTP/1.1 GET https://localhost:7165/api/Products - null null
2025-08-10 11:01:12.682 +05:30 [INF] Executing endpoint 'AuthNet.Controllers.ProductsController.GetAll (AuthNet)'
2025-08-10 11:01:12.682 +05:30 [INF] Route matched with {action = "GetAll", controller = "Products"}. Executing controller action with signature System.Threading.Tasks.Task`1[Microsoft.AspNetCore.Mvc.IActionResult] GetAll() on controller AuthNet.Controllers.ProductsController (AuthNet).
2025-08-10 11:01:12.783 +05:30 [INF] Executed DbCommand (99ms) [Parameters=[], CommandType='"Text"', CommandTimeout='30']
SELECT [p].[ProductId], [p].[CategoryId], [p].[CostPrice], [p].[Description], [p].[Name], [p].[ProductCode], [p].[ProductKey], [p].[SellPrice], [p].[SupplierId]
FROM [Products] AS [p]
2025-08-10 11:01:12.784 +05:30 [INF] Executing OkObjectResult, writing value of type 'System.Collections.Generic.List`1[[AuthNet.Models.Domain.Product, AuthNet, Version=1.0.0.0, Culture=neutral, PublicKeyToken=null]]'.
2025-08-10 11:01:12.784 +05:30 [INF] Executed action AuthNet.Controllers.ProductsController.GetAll (AuthNet) in 102.0057ms
2025-08-10 11:01:12.784 +05:30 [INF] Executed endpoint 'AuthNet.Controllers.ProductsController.GetAll (AuthNet)'
2025-08-10 11:01:12.784 +05:30 [INF] Request finished HTTP/1.1 GET https://localhost:7165/api/Products - 200 null application/json; charset=utf-8 102.6742ms
2025-08-10 11:01:53.597 +05:30 [INF] Request starting HTTP/1.1 POST https://localhost:7165/api/Orders - application/json; charset=utf-8 null
2025-08-10 11:01:53.597 +05:30 [INF] Executing endpoint 'AuthNet.Controllers.OrdersController.Create (AuthNet)'
2025-08-10 11:01:53.615 +05:30 [INF] Route matched with {action = "Create", controller = "Orders"}. Executing controller action with signature System.Threading.Tasks.Task`1[Microsoft.AspNetCore.Mvc.IActionResult] Create(AuthNet.Models.Domain.Order) on controller AuthNet.Controllers.OrdersController (AuthNet).
2025-08-10 11:01:53.722 +05:30 [INF] Executed DbCommand (23ms) [Parameters=[@p0='?' (DbType = Int32), @p1='?' (DbType = DateTime2), @p2='?' (Precision = 18) (Scale = 2) (DbType = Decimal), @p3='?' (DbType = Int32)], CommandType='"Text"', CommandTimeout='30']
SET IMPLICIT_TRANSACTIONS OFF;
SET NOCOUNT ON;
INSERT INTO [Orders] ([CustomerId], [OrderDate], [TotalAmount], [UserId])
OUTPUT INSERTED.[OrderId]
VALUES (@p0, @p1, @p2, @p3);
2025-08-10 11:01:53.776 +05:30 [INF] Executed DbCommand (45ms) [Parameters=[@p4='?' (DbType = Int32), @p5='?' (DbType = Int32), @p6='?' (DbType = Int32), @p7='?' (Precision = 18) (Scale = 2) (DbType = Decimal), @p8='?' (DbType = Int32), @p9='?' (DbType = Int32), @p10='?' (DbType = Int32), @p11='?' (Precision = 18) (Scale = 2) (DbType = Decimal)], CommandType='"Text"', CommandTimeout='30']
SET IMPLICIT_TRANSACTIONS OFF;
SET NOCOUNT ON;
MERGE [OrderItems] USING (
VALUES (@p4, @p5, @p6, @p7, 0),
(@p8, @p9, @p10, @p11, 1)) AS i ([OrderId], [ProductId], [Quantity], [UnitPrice], _Position) ON 1=0
WHEN NOT MATCHED THEN
INSERT ([OrderId], [ProductId], [Quantity], [UnitPrice])
VALUES (i.[OrderId], i.[ProductId], i.[Quantity], i.[UnitPrice])
OUTPUT INSERTED.[OrderItemId], i._Position;
2025-08-10 11:01:53.842 +05:30 [INF] Executed DbCommand (15ms) [Parameters=[@__id_0='?' (DbType = Int32)], CommandType='"Text"', CommandTimeout='30']
SELECT [t].[OrderId], [t].[CustomerId], [t].[OrderDate], [t].[TotalAmount], [t].[UserId], [o0].[OrderItemId], [o0].[OrderId], [o0].[ProductId], [o0].[Quantity], [o0].[UnitPrice]
FROM (
    SELECT TOP(1) [o].[OrderId], [o].[CustomerId], [o].[OrderDate], [o].[TotalAmount], [o].[UserId]
    FROM [Orders] AS [o]
    WHERE [o].[OrderId] = @__id_0
) AS [t]
LEFT JOIN [OrderItems] AS [o0] ON [t].[OrderId] = [o0].[OrderId]
ORDER BY [t].[OrderId]
2025-08-10 11:01:53.848 +05:30 [INF] Executing CreatedAtActionResult, writing value of type 'AuthNet.Models.Domain.Order'.
2025-08-10 11:01:53.857 +05:30 [INF] Executed action AuthNet.Controllers.OrdersController.Create (AuthNet) in 241.3353ms
2025-08-10 11:01:53.857 +05:30 [INF] Executed endpoint 'AuthNet.Controllers.OrdersController.Create (AuthNet)'
2025-08-10 11:01:53.857 +05:30 [INF] Request finished HTTP/1.1 POST https://localhost:7165/api/Orders - 201 null application/json; charset=utf-8 260.4948ms
2025-08-10 11:01:53.891 +05:30 [INF] Request starting HTTP/1.1 GET https://localhost:7165/api/Orders - null null
2025-08-10 11:01:53.892 +05:30 [INF] Executing endpoint 'AuthNet.Controllers.OrdersController.GetAll (AuthNet)'
2025-08-10 11:01:53.892 +05:30 [INF] Route matched with {action = "GetAll", controller = "Orders"}. Executing controller action with signature System.Threading.Tasks.Task`1[Microsoft.AspNetCore.Mvc.IActionResult] GetAll() on controller AuthNet.Controllers.OrdersController (AuthNet).
2025-08-10 11:01:53.898 +05:30 [INF] Executed DbCommand (5ms) [Parameters=[], CommandType='"Text"', CommandTimeout='30']
SELECT [o].[OrderId], [o].[CustomerId], [o].[UserId], [o].[OrderDate], [o].[TotalAmount]
FROM [Orders] AS [o]
2025-08-10 11:01:53.902 +05:30 [INF] Executing OkObjectResult, writing value of type 'System.Collections.Generic.List`1[[AuthNet.Models.DTO.OrderViewModel, AuthNet, Version=1.0.0.0, Culture=neutral, PublicKeyToken=null]]'.
2025-08-10 11:01:53.902 +05:30 [INF] Executed action AuthNet.Controllers.OrdersController.GetAll (AuthNet) in 10.6131ms
2025-08-10 11:01:53.902 +05:30 [INF] Executed endpoint 'AuthNet.Controllers.OrdersController.GetAll (AuthNet)'
2025-08-10 11:01:53.903 +05:30 [INF] Request finished HTTP/1.1 GET https://localhost:7165/api/Orders - 200 null application/json; charset=utf-8 11.3889ms
2025-08-10 11:01:53.919 +05:30 [INF] Request starting HTTP/1.1 GET https://localhost:7165/api/Users - null null
2025-08-10 11:01:53.919 +05:30 [INF] Executing endpoint 'AuthNet.Controllers.UsersController.GetAll (AuthNet)'
2025-08-10 11:01:53.919 +05:30 [INF] Route matched with {action = "GetAll", controller = "Users"}. Executing controller action with signature System.Threading.Tasks.Task`1[Microsoft.AspNetCore.Mvc.IActionResult] GetAll() on controller AuthNet.Controllers.UsersController (AuthNet).
2025-08-10 11:01:54.024 +05:30 [INF] Executed DbCommand (101ms) [Parameters=[], CommandType='"Text"', CommandTimeout='30']
SELECT [u].[UserId], [u].[Username], [u].[Firstname], [u].[Lastname], [u].[Email], [u].[Role], [u].[CreatedAt]
FROM [Users] AS [u]
2025-08-10 11:01:54.025 +05:30 [INF] Executing OkObjectResult, writing value of type 'System.Collections.Generic.List`1[[AuthNet.Models.DTO.UserViewModel, AuthNet, Version=1.0.0.0, Culture=neutral, PublicKeyToken=null]]'.
2025-08-10 11:01:54.025 +05:30 [INF] Executed action AuthNet.Controllers.UsersController.GetAll (AuthNet) in 105.3157ms
2025-08-10 11:01:54.025 +05:30 [INF] Executed endpoint 'AuthNet.Controllers.UsersController.GetAll (AuthNet)'
2025-08-10 11:01:54.025 +05:30 [INF] Request finished HTTP/1.1 GET https://localhost:7165/api/Users - 200 null application/json; charset=utf-8 106.6686ms
2025-08-10 11:01:54.073 +05:30 [INF] Request starting HTTP/1.1 GET https://localhost:7165/api/Customers - null null
2025-08-10 11:01:54.073 +05:30 [INF] Executing endpoint 'AuthNet.Controllers.CustomersController.GetAll (AuthNet)'
2025-08-10 11:01:54.073 +05:30 [INF] Route matched with {action = "GetAll", controller = "Customers"}. Executing controller action with signature System.Threading.Tasks.Task`1[Microsoft.AspNetCore.Mvc.IActionResult] GetAll() on controller AuthNet.Controllers.CustomersController (AuthNet).
2025-08-10 11:01:54.085 +05:30 [INF] Executed DbCommand (11ms) [Parameters=[], CommandType='"Text"', CommandTimeout='30']
SELECT [c].[CustomerId], [c].[Name], [c].[Email], [c].[Phone], [c].[Address]
FROM [Customers] AS [c]
2025-08-10 11:01:54.086 +05:30 [INF] Executing OkObjectResult, writing value of type 'System.Collections.Generic.List`1[[AuthNet.Models.DTO.CustomerViewModel, AuthNet, Version=1.0.0.0, Culture=neutral, PublicKeyToken=null]]'.
2025-08-10 11:01:54.086 +05:30 [INF] Executed action AuthNet.Controllers.CustomersController.GetAll (AuthNet) in 12.427ms
2025-08-10 11:01:54.086 +05:30 [INF] Executed endpoint 'AuthNet.Controllers.CustomersController.GetAll (AuthNet)'
2025-08-10 11:01:54.086 +05:30 [INF] Request finished HTTP/1.1 GET https://localhost:7165/api/Customers - 200 null application/json; charset=utf-8 13.0034ms
2025-08-10 11:02:11.646 +05:30 [INF] Request starting HTTP/1.1 GET https://localhost:7165/api/OrderItems/grouped - null null
2025-08-10 11:02:11.646 +05:30 [INF] Executing endpoint 'AuthNet.Controllers.OrderItemsController.GetGroupedOrderItems (AuthNet)'
2025-08-10 11:02:11.657 +05:30 [INF] Route matched with {action = "GetGroupedOrderItems", controller = "OrderItems"}. Executing controller action with signature System.Threading.Tasks.Task`1[Microsoft.AspNetCore.Mvc.IActionResult] GetGroupedOrderItems() on controller AuthNet.Controllers.OrderItemsController (AuthNet).
2025-08-10 11:02:11.773 +05:30 [INF] Executed DbCommand (77ms) [Parameters=[], CommandType='"Text"', CommandTimeout='30']
SELECT [o].[OrderItemId], [o].[OrderId], [o].[ProductId], [o].[Quantity], [o].[UnitPrice], [p].[ProductId], [p].[CategoryId], [p].[CostPrice], [p].[Description], [p].[Name], [p].[ProductCode], [p].[ProductKey], [p].[SellPrice], [p].[SupplierId], [o0].[OrderId], [o0].[CustomerId], [o0].[OrderDate], [o0].[TotalAmount], [o0].[UserId], [c].[CustomerId], [c].[Address], [c].[Email], [c].[Name], [c].[Phone]
FROM [OrderItems] AS [o]
INNER JOIN [Products] AS [p] ON [o].[ProductId] = [p].[ProductId]
INNER JOIN [Orders] AS [o0] ON [o].[OrderId] = [o0].[OrderId]
INNER JOIN [Customers] AS [c] ON [o0].[CustomerId] = [c].[CustomerId]
2025-08-10 11:02:11.779 +05:30 [INF] Executing OkObjectResult, writing value of type 'System.Linq.Enumerable+SelectEnumerableIterator`2[[System.Linq.IGrouping`2[[System.Int32, System.Private.CoreLib, Version=8.0.0.0, Culture=neutral, PublicKeyToken=7cec85d7bea7798e],[AuthNet.Models.Domain.OrderItem, AuthNet, Version=1.0.0.0, Culture=neutral, PublicKeyToken=null]], System.Linq, Version=8.0.0.0, Culture=neutral, PublicKeyToken=b03f5f7f11d50a3a],[AuthNet.Models.DTO.OrderWithItemsDto, AuthNet, Version=1.0.0.0, Culture=neutral, PublicKeyToken=null]]'.
2025-08-10 11:02:11.795 +05:30 [INF] Executed action AuthNet.Controllers.OrderItemsController.GetGroupedOrderItems (AuthNet) in 137.3301ms
2025-08-10 11:02:11.795 +05:30 [INF] Executed endpoint 'AuthNet.Controllers.OrderItemsController.GetGroupedOrderItems (AuthNet)'
2025-08-10 11:02:11.795 +05:30 [INF] Request finished HTTP/1.1 GET https://localhost:7165/api/OrderItems/grouped - 200 null application/json; charset=utf-8 149.5095ms
2025-08-10 11:03:15.364 +05:30 [INF] Request starting HTTP/1.1 GET https://localhost:7165/api/Purchase - null null
2025-08-10 11:03:15.364 +05:30 [INF] Executing endpoint 'AuthNet.Controllers.PurchaseController.GetAll (AuthNet)'
2025-08-10 11:03:15.369 +05:30 [INF] Route matched with {action = "GetAll", controller = "Purchase"}. Executing controller action with signature System.Threading.Tasks.Task`1[Microsoft.AspNetCore.Mvc.IActionResult] GetAll() on controller AuthNet.Controllers.PurchaseController (AuthNet).
2025-08-10 11:03:15.441 +05:30 [INF] Executed DbCommand (51ms) [Parameters=[], CommandType='"Text"', CommandTimeout='30']
SELECT [p].[PurchaseOrderId], [p].[SupplierId], [p].[CreatedByUserId], [p].[OrderDate], [p].[TotalAmount]
FROM [purchaseOrders] AS [p]
2025-08-10 11:03:15.443 +05:30 [INF] Executing OkObjectResult, writing value of type 'System.Collections.Generic.List`1[[AuthNet.Models.DTO.PurchaseViewModel, AuthNet, Version=1.0.0.0, Culture=neutral, PublicKeyToken=null]]'.
2025-08-10 11:03:15.445 +05:30 [INF] Executed action AuthNet.Controllers.PurchaseController.GetAll (AuthNet) in 75.6301ms
2025-08-10 11:03:15.445 +05:30 [INF] Executed endpoint 'AuthNet.Controllers.PurchaseController.GetAll (AuthNet)'
2025-08-10 11:03:15.446 +05:30 [INF] Request finished HTTP/1.1 GET https://localhost:7165/api/Purchase - 200 null application/json; charset=utf-8 81.5577ms
2025-08-10 11:03:15.479 +05:30 [INF] Request starting HTTP/1.1 GET https://localhost:7165/api/Users - null null
2025-08-10 11:03:15.480 +05:30 [INF] Executing endpoint 'AuthNet.Controllers.UsersController.GetAll (AuthNet)'
2025-08-10 11:03:15.480 +05:30 [INF] Route matched with {action = "GetAll", controller = "Users"}. Executing controller action with signature System.Threading.Tasks.Task`1[Microsoft.AspNetCore.Mvc.IActionResult] GetAll() on controller AuthNet.Controllers.UsersController (AuthNet).
2025-08-10 11:03:15.490 +05:30 [INF] Executed DbCommand (6ms) [Parameters=[], CommandType='"Text"', CommandTimeout='30']
SELECT [u].[UserId], [u].[Username], [u].[Firstname], [u].[Lastname], [u].[Email], [u].[Role], [u].[CreatedAt]
FROM [Users] AS [u]
2025-08-10 11:03:15.490 +05:30 [INF] Executing OkObjectResult, writing value of type 'System.Collections.Generic.List`1[[AuthNet.Models.DTO.UserViewModel, AuthNet, Version=1.0.0.0, Culture=neutral, PublicKeyToken=null]]'.
2025-08-10 11:03:15.491 +05:30 [INF] Executed action AuthNet.Controllers.UsersController.GetAll (AuthNet) in 10.8445ms
2025-08-10 11:03:15.491 +05:30 [INF] Executed endpoint 'AuthNet.Controllers.UsersController.GetAll (AuthNet)'
2025-08-10 11:03:15.491 +05:30 [INF] Request finished HTTP/1.1 GET https://localhost:7165/api/Users - 200 null application/json; charset=utf-8 11.9837ms
2025-08-10 11:03:15.511 +05:30 [INF] Request starting HTTP/1.1 GET https://localhost:7165/api/Suppliers - null null
2025-08-10 11:03:15.517 +05:30 [INF] Executing endpoint 'AuthNet.Controllers.SuppliersController.GetAll (AuthNet)'
2025-08-10 11:03:15.517 +05:30 [INF] Route matched with {action = "GetAll", controller = "Suppliers"}. Executing controller action with signature System.Threading.Tasks.Task`1[Microsoft.AspNetCore.Mvc.IActionResult] GetAll() on controller AuthNet.Controllers.SuppliersController (AuthNet).
2025-08-10 11:03:15.535 +05:30 [INF] Executed DbCommand (11ms) [Parameters=[], CommandType='"Text"', CommandTimeout='30']
SELECT [s].[SupplierId], [s].[CompanyName], [s].[ContactName], [s].[Phone], [s].[Address]
FROM [Suppliers] AS [s]
2025-08-10 11:03:15.536 +05:30 [INF] Executing OkObjectResult, writing value of type 'System.Collections.Generic.List`1[[AuthNet.Models.DTO.SupplierViewModel, AuthNet, Version=1.0.0.0, Culture=neutral, PublicKeyToken=null]]'.
2025-08-10 11:03:15.536 +05:30 [INF] Executed action AuthNet.Controllers.SuppliersController.GetAll (AuthNet) in 18.9666ms
2025-08-10 11:03:15.536 +05:30 [INF] Executed endpoint 'AuthNet.Controllers.SuppliersController.GetAll (AuthNet)'
2025-08-10 11:03:15.536 +05:30 [INF] Request finished HTTP/1.1 GET https://localhost:7165/api/Suppliers - 200 null application/json; charset=utf-8 25.561ms
2025-08-10 11:03:19.402 +05:30 [INF] Request starting HTTP/1.1 GET https://localhost:7165/api/Suppliers - null null
2025-08-10 11:03:19.404 +05:30 [INF] Executing endpoint 'AuthNet.Controllers.SuppliersController.GetAll (AuthNet)'
2025-08-10 11:03:19.405 +05:30 [INF] Route matched with {action = "GetAll", controller = "Suppliers"}. Executing controller action with signature System.Threading.Tasks.Task`1[Microsoft.AspNetCore.Mvc.IActionResult] GetAll() on controller AuthNet.Controllers.SuppliersController (AuthNet).
2025-08-10 11:03:19.458 +05:30 [INF] Executed DbCommand (52ms) [Parameters=[], CommandType='"Text"', CommandTimeout='30']
SELECT [s].[SupplierId], [s].[CompanyName], [s].[ContactName], [s].[Phone], [s].[Address]
FROM [Suppliers] AS [s]
2025-08-10 11:03:19.458 +05:30 [INF] Executing OkObjectResult, writing value of type 'System.Collections.Generic.List`1[[AuthNet.Models.DTO.SupplierViewModel, AuthNet, Version=1.0.0.0, Culture=neutral, PublicKeyToken=null]]'.
2025-08-10 11:03:19.458 +05:30 [INF] Executed action AuthNet.Controllers.SuppliersController.GetAll (AuthNet) in 53.8389ms
2025-08-10 11:03:19.458 +05:30 [INF] Executed endpoint 'AuthNet.Controllers.SuppliersController.GetAll (AuthNet)'
2025-08-10 11:03:19.459 +05:30 [INF] Request finished HTTP/1.1 GET https://localhost:7165/api/Suppliers - 200 null application/json; charset=utf-8 57.2338ms
2025-08-10 11:03:19.491 +05:30 [INF] Request starting HTTP/1.1 GET https://localhost:7165/api/Users - null null
2025-08-10 11:03:19.491 +05:30 [INF] Executing endpoint 'AuthNet.Controllers.UsersController.GetAll (AuthNet)'
2025-08-10 11:03:19.492 +05:30 [INF] Route matched with {action = "GetAll", controller = "Users"}. Executing controller action with signature System.Threading.Tasks.Task`1[Microsoft.AspNetCore.Mvc.IActionResult] GetAll() on controller AuthNet.Controllers.UsersController (AuthNet).
2025-08-10 11:03:19.501 +05:30 [INF] Executed DbCommand (8ms) [Parameters=[], CommandType='"Text"', CommandTimeout='30']
SELECT [u].[UserId], [u].[Username], [u].[Firstname], [u].[Lastname], [u].[Email], [u].[Role], [u].[CreatedAt]
FROM [Users] AS [u]
2025-08-10 11:03:19.501 +05:30 [INF] Executing OkObjectResult, writing value of type 'System.Collections.Generic.List`1[[AuthNet.Models.DTO.UserViewModel, AuthNet, Version=1.0.0.0, Culture=neutral, PublicKeyToken=null]]'.
2025-08-10 11:03:19.501 +05:30 [INF] Executed action AuthNet.Controllers.UsersController.GetAll (AuthNet) in 9.8862ms
2025-08-10 11:03:19.502 +05:30 [INF] Executed endpoint 'AuthNet.Controllers.UsersController.GetAll (AuthNet)'
2025-08-10 11:03:19.502 +05:30 [INF] Request finished HTTP/1.1 GET https://localhost:7165/api/Users - 200 null application/json; charset=utf-8 10.7431ms
2025-08-10 11:03:19.536 +05:30 [INF] Request starting HTTP/1.1 GET https://localhost:7165/api/Products - null null
2025-08-10 11:03:19.537 +05:30 [INF] Executing endpoint 'AuthNet.Controllers.ProductsController.GetAll (AuthNet)'
2025-08-10 11:03:19.537 +05:30 [INF] Route matched with {action = "GetAll", controller = "Products"}. Executing controller action with signature System.Threading.Tasks.Task`1[Microsoft.AspNetCore.Mvc.IActionResult] GetAll() on controller AuthNet.Controllers.ProductsController (AuthNet).
2025-08-10 11:03:19.553 +05:30 [INF] Executed DbCommand (15ms) [Parameters=[], CommandType='"Text"', CommandTimeout='30']
SELECT [p].[ProductId], [p].[CategoryId], [p].[CostPrice], [p].[Description], [p].[Name], [p].[ProductCode], [p].[ProductKey], [p].[SellPrice], [p].[SupplierId]
FROM [Products] AS [p]
2025-08-10 11:03:19.553 +05:30 [INF] Executing OkObjectResult, writing value of type 'System.Collections.Generic.List`1[[AuthNet.Models.Domain.Product, AuthNet, Version=1.0.0.0, Culture=neutral, PublicKeyToken=null]]'.
2025-08-10 11:03:19.554 +05:30 [INF] Executed action AuthNet.Controllers.ProductsController.GetAll (AuthNet) in 16.7047ms
2025-08-10 11:03:19.554 +05:30 [INF] Executed endpoint 'AuthNet.Controllers.ProductsController.GetAll (AuthNet)'
2025-08-10 11:03:19.554 +05:30 [INF] Request finished HTTP/1.1 GET https://localhost:7165/api/Products - 200 null application/json; charset=utf-8 17.5235ms
2025-08-10 11:03:22.937 +05:30 [INF] Request starting HTTP/1.1 GET https://localhost:7165/api/Purchase - null null
2025-08-10 11:03:22.937 +05:30 [INF] Executing endpoint 'AuthNet.Controllers.PurchaseController.GetAll (AuthNet)'
2025-08-10 11:03:22.937 +05:30 [INF] Route matched with {action = "GetAll", controller = "Purchase"}. Executing controller action with signature System.Threading.Tasks.Task`1[Microsoft.AspNetCore.Mvc.IActionResult] GetAll() on controller AuthNet.Controllers.PurchaseController (AuthNet).
2025-08-10 11:03:22.943 +05:30 [INF] Executed DbCommand (3ms) [Parameters=[], CommandType='"Text"', CommandTimeout='30']
SELECT [p].[PurchaseOrderId], [p].[SupplierId], [p].[CreatedByUserId], [p].[OrderDate], [p].[TotalAmount]
FROM [purchaseOrders] AS [p]
2025-08-10 11:03:22.943 +05:30 [INF] Executing OkObjectResult, writing value of type 'System.Collections.Generic.List`1[[AuthNet.Models.DTO.PurchaseViewModel, AuthNet, Version=1.0.0.0, Culture=neutral, PublicKeyToken=null]]'.
2025-08-10 11:03:22.944 +05:30 [INF] Executed action AuthNet.Controllers.PurchaseController.GetAll (AuthNet) in 6.216ms
2025-08-10 11:03:22.944 +05:30 [INF] Executed endpoint 'AuthNet.Controllers.PurchaseController.GetAll (AuthNet)'
2025-08-10 11:03:22.944 +05:30 [INF] Request finished HTTP/1.1 GET https://localhost:7165/api/Purchase - 200 null application/json; charset=utf-8 7.04ms
2025-08-10 11:03:22.973 +05:30 [INF] Request starting HTTP/1.1 GET https://localhost:7165/api/Users - null null
2025-08-10 11:03:22.973 +05:30 [INF] Executing endpoint 'AuthNet.Controllers.UsersController.GetAll (AuthNet)'
2025-08-10 11:03:22.973 +05:30 [INF] Route matched with {action = "GetAll", controller = "Users"}. Executing controller action with signature System.Threading.Tasks.Task`1[Microsoft.AspNetCore.Mvc.IActionResult] GetAll() on controller AuthNet.Controllers.UsersController (AuthNet).
2025-08-10 11:03:23.010 +05:30 [INF] Executed DbCommand (31ms) [Parameters=[], CommandType='"Text"', CommandTimeout='30']
SELECT [u].[UserId], [u].[Username], [u].[Firstname], [u].[Lastname], [u].[Email], [u].[Role], [u].[CreatedAt]
FROM [Users] AS [u]
2025-08-10 11:03:23.011 +05:30 [INF] Executing OkObjectResult, writing value of type 'System.Collections.Generic.List`1[[AuthNet.Models.DTO.UserViewModel, AuthNet, Version=1.0.0.0, Culture=neutral, PublicKeyToken=null]]'.
2025-08-10 11:03:23.011 +05:30 [INF] Executed action AuthNet.Controllers.UsersController.GetAll (AuthNet) in 37.9571ms
2025-08-10 11:03:23.011 +05:30 [INF] Executed endpoint 'AuthNet.Controllers.UsersController.GetAll (AuthNet)'
2025-08-10 11:03:23.011 +05:30 [INF] Request finished HTTP/1.1 GET https://localhost:7165/api/Users - 200 null application/json; charset=utf-8 38.6197ms
2025-08-10 11:03:23.039 +05:30 [INF] Request starting HTTP/1.1 GET https://localhost:7165/api/Suppliers - null null
2025-08-10 11:03:23.039 +05:30 [INF] Executing endpoint 'AuthNet.Controllers.SuppliersController.GetAll (AuthNet)'
2025-08-10 11:03:23.039 +05:30 [INF] Route matched with {action = "GetAll", controller = "Suppliers"}. Executing controller action with signature System.Threading.Tasks.Task`1[Microsoft.AspNetCore.Mvc.IActionResult] GetAll() on controller AuthNet.Controllers.SuppliersController (AuthNet).
2025-08-10 11:03:23.071 +05:30 [INF] Executed DbCommand (30ms) [Parameters=[], CommandType='"Text"', CommandTimeout='30']
SELECT [s].[SupplierId], [s].[CompanyName], [s].[ContactName], [s].[Phone], [s].[Address]
FROM [Suppliers] AS [s]
2025-08-10 11:03:23.071 +05:30 [INF] Executing OkObjectResult, writing value of type 'System.Collections.Generic.List`1[[AuthNet.Models.DTO.SupplierViewModel, AuthNet, Version=1.0.0.0, Culture=neutral, PublicKeyToken=null]]'.
2025-08-10 11:03:23.072 +05:30 [INF] Executed action AuthNet.Controllers.SuppliersController.GetAll (AuthNet) in 32.3586ms
2025-08-10 11:03:23.072 +05:30 [INF] Executed endpoint 'AuthNet.Controllers.SuppliersController.GetAll (AuthNet)'
2025-08-10 11:03:23.072 +05:30 [INF] Request finished HTTP/1.1 GET https://localhost:7165/api/Suppliers - 200 null application/json; charset=utf-8 33.22ms
2025-08-10 11:03:26.002 +05:30 [INF] Request starting HTTP/1.1 GET https://localhost:7165/api/PurchaseOrderItems/grouped - null null
2025-08-10 11:03:26.003 +05:30 [INF] Executing endpoint 'AuthNet.Controllers.PurchaseOrderItemsController.GetGroupedPurchaseOrderItems (AuthNet)'
2025-08-10 11:03:26.009 +05:30 [INF] Route matched with {action = "GetGroupedPurchaseOrderItems", controller = "PurchaseOrderItems"}. Executing controller action with signature System.Threading.Tasks.Task`1[Microsoft.AspNetCore.Mvc.IActionResult] GetGroupedPurchaseOrderItems() on controller AuthNet.Controllers.PurchaseOrderItemsController (AuthNet).
2025-08-10 11:03:26.051 +05:30 [INF] Executed DbCommand (13ms) [Parameters=[], CommandType='"Text"', CommandTimeout='30']
SELECT [p].[PurchaseOrderItemId], [p].[ProductId], [p].[PurchaseOrderId], [p].[Quantity], [p].[UnitPrice], [p0].[ProductId], [p0].[CategoryId], [p0].[CostPrice], [p0].[Description], [p0].[Name], [p0].[ProductCode], [p0].[ProductKey], [p0].[SellPrice], [p0].[SupplierId], [p1].[PurchaseOrderId], [p1].[CreatedByUserId], [p1].[OrderDate], [p1].[SupplierId], [p1].[TotalAmount], [s].[SupplierId], [s].[Address], [s].[CompanyName], [s].[ContactName], [s].[Phone]
FROM [PurchaseOrderItems] AS [p]
INNER JOIN [Products] AS [p0] ON [p].[ProductId] = [p0].[ProductId]
INNER JOIN [purchaseOrders] AS [p1] ON [p].[PurchaseOrderId] = [p1].[PurchaseOrderId]
INNER JOIN [Suppliers] AS [s] ON [p1].[SupplierId] = [s].[SupplierId]
2025-08-10 11:03:26.053 +05:30 [INF] Executing OkObjectResult, writing value of type 'System.Linq.Enumerable+SelectEnumerableIterator`2[[System.Linq.IGrouping`2[[System.Int32, System.Private.CoreLib, Version=8.0.0.0, Culture=neutral, PublicKeyToken=7cec85d7bea7798e],[AuthNet.Models.Domain.PurchaseOrderItems, AuthNet, Version=1.0.0.0, Culture=neutral, PublicKeyToken=null]], System.Linq, Version=8.0.0.0, Culture=neutral, PublicKeyToken=b03f5f7f11d50a3a],[AuthNet.Models.DTO.PurchaseOrderWithItemsDto, AuthNet, Version=1.0.0.0, Culture=neutral, PublicKeyToken=null]]'.
2025-08-10 11:03:26.069 +05:30 [INF] Executed action AuthNet.Controllers.PurchaseOrderItemsController.GetGroupedPurchaseOrderItems (AuthNet) in 60.5346ms
2025-08-10 11:03:26.069 +05:30 [INF] Executed endpoint 'AuthNet.Controllers.PurchaseOrderItemsController.GetGroupedPurchaseOrderItems (AuthNet)'
2025-08-10 11:03:26.070 +05:30 [INF] Request finished HTTP/1.1 GET https://localhost:7165/api/PurchaseOrderItems/grouped - 200 null application/json; charset=utf-8 67.1375ms
2025-08-10 11:03:36.083 +05:30 [INF] Request starting HTTP/1.1 GET https://localhost:7165/api/Sales/DailyProfit - null null
2025-08-10 11:03:36.084 +05:30 [INF] Executing endpoint 'AuthNet.Controllers.SalesController.GetDailyProfit (AuthNet)'
2025-08-10 11:03:36.084 +05:30 [INF] Route matched with {action = "GetDailyProfit", controller = "Sales"}. Executing controller action with signature System.Threading.Tasks.Task`1[Microsoft.AspNetCore.Mvc.IActionResult] GetDailyProfit() on controller AuthNet.Controllers.SalesController (AuthNet).
2025-08-10 11:03:36.093 +05:30 [INF] Executed DbCommand (8ms) [Parameters=[@__date_Date_0='?' (DbType = DateTime2)], CommandType='"Text"', CommandTimeout='30']
SELECT [s].[Id], [s].[ProductId], [s].[ProductName], [s].[Quantity], [s].[SaleId], [s].[TotalPrice], [s].[UnitPrice], [s0].[Id], [s0].[AfterTaxAmount], [s0].[CreatedAt], [s0].[DiscountedAmount], [s0].[InvoiceDate], [s0].[InvoiceNo], [s0].[PrincipalAmount], [s0].[Template], [s0].[TotalAmount]
FROM [SaleItems] AS [s]
INNER JOIN [Sales] AS [s0] ON [s].[SaleId] = [s0].[Id]
WHERE CONVERT(date, [s0].[InvoiceDate]) = @__date_Date_0
2025-08-10 11:03:36.106 +05:30 [INF] Executed DbCommand (12ms) [Parameters=[@__productIds_0='?' (Size = 4000)], CommandType='"Text"', CommandTimeout='30']
SELECT [p].[ProductId], [p].[CategoryId], [p].[CostPrice], [p].[Description], [p].[Name], [p].[ProductCode], [p].[ProductKey], [p].[SellPrice], [p].[SupplierId]
FROM [Products] AS [p]
WHERE [p].[ProductId] IN (
    SELECT [p0].[value]
    FROM OPENJSON(@__productIds_0) WITH ([value] int '$') AS [p0]
)
2025-08-10 11:03:36.107 +05:30 [INF] Executing OkObjectResult, writing value of type 'AuthNet.Models.DTO.DailyProfitDto'.
2025-08-10 11:03:36.107 +05:30 [INF] Executed action AuthNet.Controllers.SalesController.GetDailyProfit (AuthNet) in 22.9152ms
2025-08-10 11:03:36.107 +05:30 [INF] Executed endpoint 'AuthNet.Controllers.SalesController.GetDailyProfit (AuthNet)'
2025-08-10 11:03:36.107 +05:30 [INF] Request finished HTTP/1.1 GET https://localhost:7165/api/Sales/DailyProfit - 200 null application/json; charset=utf-8 23.7442ms
2025-08-10 11:03:36.132 +05:30 [INF] Request starting HTTP/1.1 GET https://localhost:7165/api/Sales/CurrentMonthProfit - null null
2025-08-10 11:03:36.132 +05:30 [INF] Executing endpoint 'AuthNet.Controllers.SalesController.GetCurrentMonthProfit (AuthNet)'
2025-08-10 11:03:36.133 +05:30 [INF] Route matched with {action = "GetCurrentMonthProfit", controller = "Sales"}. Executing controller action with signature System.Threading.Tasks.Task`1[Microsoft.AspNetCore.Mvc.IActionResult] GetCurrentMonthProfit() on controller AuthNet.Controllers.SalesController (AuthNet).
2025-08-10 11:03:36.142 +05:30 [INF] Executed DbCommand (8ms) [Parameters=[@__currentYear_0='?' (DbType = Int32), @__currentMonth_1='?' (DbType = Int32)], CommandType='"Text"', CommandTimeout='30']
SELECT [s].[Id], [s].[ProductId], [s].[ProductName], [s].[Quantity], [s].[SaleId], [s].[TotalPrice], [s].[UnitPrice], [s0].[Id], [s0].[AfterTaxAmount], [s0].[CreatedAt], [s0].[DiscountedAmount], [s0].[InvoiceDate], [s0].[InvoiceNo], [s0].[PrincipalAmount], [s0].[Template], [s0].[TotalAmount]
FROM [SaleItems] AS [s]
INNER JOIN [Sales] AS [s0] ON [s].[SaleId] = [s0].[Id]
WHERE DATEPART(year, [s0].[InvoiceDate]) = @__currentYear_0 AND DATEPART(month, [s0].[InvoiceDate]) = @__currentMonth_1
2025-08-10 11:03:36.145 +05:30 [INF] Executed DbCommand (2ms) [Parameters=[@__productIds_0='?' (Size = 4000)], CommandType='"Text"', CommandTimeout='30']
SELECT [p].[ProductId], [p].[CategoryId], [p].[CostPrice], [p].[Description], [p].[Name], [p].[ProductCode], [p].[ProductKey], [p].[SellPrice], [p].[SupplierId]
FROM [Products] AS [p]
WHERE [p].[ProductId] IN (
    SELECT [p0].[value]
    FROM OPENJSON(@__productIds_0) WITH ([value] int '$') AS [p0]
)
2025-08-10 11:03:36.147 +05:30 [INF] Executing OkObjectResult, writing value of type 'AuthNet.Models.DTO.MonthlyProfitDto'.
2025-08-10 11:03:36.147 +05:30 [INF] Executed action AuthNet.Controllers.SalesController.GetCurrentMonthProfit (AuthNet) in 14.1888ms
2025-08-10 11:03:36.147 +05:30 [INF] Executed endpoint 'AuthNet.Controllers.SalesController.GetCurrentMonthProfit (AuthNet)'
2025-08-10 11:03:36.148 +05:30 [INF] Request finished HTTP/1.1 GET https://localhost:7165/api/Sales/CurrentMonthProfit - 200 null application/json; charset=utf-8 15.6113ms
2025-08-10 11:03:36.191 +05:30 [INF] Request starting HTTP/1.1 GET https://localhost:7165/api/Sales/CurrentYearProfit - null null
2025-08-10 11:03:36.192 +05:30 [INF] Executing endpoint 'AuthNet.Controllers.SalesController.GetCurrentYearProfit (AuthNet)'
2025-08-10 11:03:36.192 +05:30 [INF] Route matched with {action = "GetCurrentYearProfit", controller = "Sales"}. Executing controller action with signature System.Threading.Tasks.Task`1[Microsoft.AspNetCore.Mvc.IActionResult] GetCurrentYearProfit() on controller AuthNet.Controllers.SalesController (AuthNet).
2025-08-10 11:03:36.205 +05:30 [INF] Executed DbCommand (12ms) [Parameters=[@__currentYear_0='?' (DbType = Int32)], CommandType='"Text"', CommandTimeout='30']
SELECT [s].[Id], [s].[ProductId], [s].[ProductName], [s].[Quantity], [s].[SaleId], [s].[TotalPrice], [s].[UnitPrice], [s0].[Id], [s0].[AfterTaxAmount], [s0].[CreatedAt], [s0].[DiscountedAmount], [s0].[InvoiceDate], [s0].[InvoiceNo], [s0].[PrincipalAmount], [s0].[Template], [s0].[TotalAmount]
FROM [SaleItems] AS [s]
INNER JOIN [Sales] AS [s0] ON [s].[SaleId] = [s0].[Id]
WHERE DATEPART(year, [s0].[InvoiceDate]) = @__currentYear_0
2025-08-10 11:03:36.208 +05:30 [INF] Executed DbCommand (2ms) [Parameters=[@__productIds_0='?' (Size = 4000)], CommandType='"Text"', CommandTimeout='30']
SELECT [p].[ProductId], [p].[CategoryId], [p].[CostPrice], [p].[Description], [p].[Name], [p].[ProductCode], [p].[ProductKey], [p].[SellPrice], [p].[SupplierId]
FROM [Products] AS [p]
WHERE [p].[ProductId] IN (
    SELECT [p0].[value]
    FROM OPENJSON(@__productIds_0) WITH ([value] int '$') AS [p0]
)
2025-08-10 11:03:36.209 +05:30 [INF] Executing OkObjectResult, writing value of type 'AuthNet.Models.DTO.YearlyProfitDto'.
2025-08-10 11:03:36.209 +05:30 [INF] Executed action AuthNet.Controllers.SalesController.GetCurrentYearProfit (AuthNet) in 17.1254ms
2025-08-10 11:03:36.209 +05:30 [INF] Executed endpoint 'AuthNet.Controllers.SalesController.GetCurrentYearProfit (AuthNet)'
2025-08-10 11:03:36.209 +05:30 [INF] Request finished HTTP/1.1 GET https://localhost:7165/api/Sales/CurrentYearProfit - 200 null application/json; charset=utf-8 17.9501ms
2025-08-10 11:03:36.224 +05:30 [INF] Request starting HTTP/1.1 GET https://localhost:7165/api/Products/count - null null
2025-08-10 11:03:36.224 +05:30 [INF] Executing endpoint 'AuthNet.Controllers.ProductsController.GetProductCount (AuthNet)'
2025-08-10 11:03:36.225 +05:30 [INF] Route matched with {action = "GetProductCount", controller = "Products"}. Executing controller action with signature System.Threading.Tasks.Task`1[Microsoft.AspNetCore.Mvc.IActionResult] GetProductCount() on controller AuthNet.Controllers.ProductsController (AuthNet).
2025-08-10 11:03:36.234 +05:30 [INF] Executed DbCommand (9ms) [Parameters=[], CommandType='"Text"', CommandTimeout='30']
SELECT COUNT(*)
FROM [Products] AS [p]
2025-08-10 11:03:36.235 +05:30 [INF] Executing OkObjectResult, writing value of type 'System.Int32'.
2025-08-10 11:03:36.235 +05:30 [INF] Executed action AuthNet.Controllers.ProductsController.GetProductCount (AuthNet) in 10.2147ms
2025-08-10 11:03:36.235 +05:30 [INF] Executed endpoint 'AuthNet.Controllers.ProductsController.GetProductCount (AuthNet)'
2025-08-10 11:03:36.235 +05:30 [INF] Request finished HTTP/1.1 GET https://localhost:7165/api/Products/count - 200 null application/json; charset=utf-8 11.1113ms
2025-08-10 11:03:36.253 +05:30 [INF] Request starting HTTP/1.1 GET https://localhost:7165/api/Suppliers/count - null null
2025-08-10 11:03:36.253 +05:30 [INF] Executing endpoint 'AuthNet.Controllers.SuppliersController.GetSupplierCount (AuthNet)'
2025-08-10 11:03:36.253 +05:30 [INF] Route matched with {action = "GetSupplierCount", controller = "Suppliers"}. Executing controller action with signature System.Threading.Tasks.Task`1[Microsoft.AspNetCore.Mvc.IActionResult] GetSupplierCount() on controller AuthNet.Controllers.SuppliersController (AuthNet).
2025-08-10 11:03:36.259 +05:30 [INF] Executed DbCommand (5ms) [Parameters=[], CommandType='"Text"', CommandTimeout='30']
SELECT COUNT(*)
FROM [Suppliers] AS [s]
2025-08-10 11:03:36.260 +05:30 [INF] Executing OkObjectResult, writing value of type 'System.Int32'.
2025-08-10 11:03:36.260 +05:30 [INF] Executed action AuthNet.Controllers.SuppliersController.GetSupplierCount (AuthNet) in 6.6396ms
2025-08-10 11:03:36.260 +05:30 [INF] Executed endpoint 'AuthNet.Controllers.SuppliersController.GetSupplierCount (AuthNet)'
2025-08-10 11:03:36.260 +05:30 [INF] Request finished HTTP/1.1 GET https://localhost:7165/api/Suppliers/count - 200 null application/json; charset=utf-8 7.5641ms
2025-08-10 11:03:36.286 +05:30 [INF] Request starting HTTP/1.1 GET https://localhost:7165/api/Categories/count - null null
2025-08-10 11:03:36.287 +05:30 [INF] Executing endpoint 'AuthNet.Controllers.CategoriesController.GetCategoryCount (AuthNet)'
2025-08-10 11:03:36.287 +05:30 [INF] Route matched with {action = "GetCategoryCount", controller = "Categories"}. Executing controller action with signature System.Threading.Tasks.Task`1[Microsoft.AspNetCore.Mvc.IActionResult] GetCategoryCount() on controller AuthNet.Controllers.CategoriesController (AuthNet).
2025-08-10 11:03:36.293 +05:30 [INF] Executed DbCommand (5ms) [Parameters=[], CommandType='"Text"', CommandTimeout='30']
SELECT COUNT(*)
FROM [Categories] AS [c]
2025-08-10 11:03:36.293 +05:30 [INF] Executing OkObjectResult, writing value of type 'System.Int32'.
2025-08-10 11:03:36.293 +05:30 [INF] Executed action AuthNet.Controllers.CategoriesController.GetCategoryCount (AuthNet) in 5.9804ms
2025-08-10 11:03:36.293 +05:30 [INF] Executed endpoint 'AuthNet.Controllers.CategoriesController.GetCategoryCount (AuthNet)'
2025-08-10 11:03:36.294 +05:30 [INF] Request finished HTTP/1.1 GET https://localhost:7165/api/Categories/count - 200 null application/json; charset=utf-8 7.2913ms
2025-08-10 11:03:36.315 +05:30 [INF] Request starting HTTP/1.1 GET https://localhost:7165/api/Orders/count - null null
2025-08-10 11:03:36.316 +05:30 [INF] Executing endpoint 'AuthNet.Controllers.OrdersController.GetOrderCount (AuthNet)'
2025-08-10 11:03:36.316 +05:30 [INF] Route matched with {action = "GetOrderCount", controller = "Orders"}. Executing controller action with signature System.Threading.Tasks.Task`1[Microsoft.AspNetCore.Mvc.IActionResult] GetOrderCount() on controller AuthNet.Controllers.OrdersController (AuthNet).
2025-08-10 11:03:36.321 +05:30 [INF] Executed DbCommand (4ms) [Parameters=[], CommandType='"Text"', CommandTimeout='30']
SELECT COUNT(*)
FROM [Orders] AS [o]
2025-08-10 11:03:36.321 +05:30 [INF] Executing OkObjectResult, writing value of type 'System.Int32'.
2025-08-10 11:03:36.321 +05:30 [INF] Executed action AuthNet.Controllers.OrdersController.GetOrderCount (AuthNet) in 5.5777ms
2025-08-10 11:03:36.322 +05:30 [INF] Executed endpoint 'AuthNet.Controllers.OrdersController.GetOrderCount (AuthNet)'
2025-08-10 11:03:36.322 +05:30 [INF] Request finished HTTP/1.1 GET https://localhost:7165/api/Orders/count - 200 null application/json; charset=utf-8 6.3842ms
2025-08-10 11:03:36.344 +05:30 [INF] Request starting HTTP/1.1 GET https://localhost:7165/api/Customers/count - null null
2025-08-10 11:03:36.344 +05:30 [INF] Executing endpoint 'AuthNet.Controllers.CustomersController.GetCustomerCount (AuthNet)'
2025-08-10 11:03:36.344 +05:30 [INF] Route matched with {action = "GetCustomerCount", controller = "Customers"}. Executing controller action with signature System.Threading.Tasks.Task`1[Microsoft.AspNetCore.Mvc.IActionResult] GetCustomerCount() on controller AuthNet.Controllers.CustomersController (AuthNet).
2025-08-10 11:03:36.356 +05:30 [INF] Executed DbCommand (8ms) [Parameters=[], CommandType='"Text"', CommandTimeout='30']
SELECT COUNT(*)
FROM [Customers] AS [c]
2025-08-10 11:03:36.356 +05:30 [INF] Executing OkObjectResult, writing value of type 'System.Int32'.
2025-08-10 11:03:36.357 +05:30 [INF] Executed action AuthNet.Controllers.CustomersController.GetCustomerCount (AuthNet) in 12.333ms
2025-08-10 11:03:36.357 +05:30 [INF] Executed endpoint 'AuthNet.Controllers.CustomersController.GetCustomerCount (AuthNet)'
2025-08-10 11:03:36.357 +05:30 [INF] Request finished HTTP/1.1 GET https://localhost:7165/api/Customers/count - 200 null application/json; charset=utf-8 12.8763ms
2025-08-10 11:03:36.385 +05:30 [INF] Request starting HTTP/1.1 GET https://localhost:7165/api/Tasks - null null
2025-08-10 11:03:36.386 +05:30 [INF] Executing endpoint 'AuthNet.Controllers.TasksController.GetTasks (AuthNet)'
2025-08-10 11:03:36.386 +05:30 [INF] Route matched with {action = "GetTasks", controller = "Tasks"}. Executing controller action with signature Microsoft.AspNetCore.Mvc.IActionResult GetTasks() on controller AuthNet.Controllers.TasksController (AuthNet).
2025-08-10 11:03:36.393 +05:30 [INF] Executed DbCommand (6ms) [Parameters=[], CommandType='"Text"', CommandTimeout='30']
SELECT [t].[Id], [t].[Title], [t].[DueDate]
FROM [Tasks] AS [t]
2025-08-10 11:03:36.394 +05:30 [INF] Executing OkObjectResult, writing value of type 'System.Collections.Generic.List`1[[AuthNet.Models.DTO.TaskItemDto, AuthNet, Version=1.0.0.0, Culture=neutral, PublicKeyToken=null]]'.
2025-08-10 11:03:36.394 +05:30 [INF] Executed action AuthNet.Controllers.TasksController.GetTasks (AuthNet) in 8.269ms
2025-08-10 11:03:36.394 +05:30 [INF] Executed endpoint 'AuthNet.Controllers.TasksController.GetTasks (AuthNet)'
2025-08-10 11:03:36.394 +05:30 [INF] Request finished HTTP/1.1 GET https://localhost:7165/api/Tasks - 200 null application/json; charset=utf-8 9.0137ms
2025-08-10 11:03:36.430 +05:30 [INF] Request starting HTTP/1.1 GET https://localhost:7165/api/Settings/Get - null null
2025-08-10 11:03:36.431 +05:30 [INF] Executing endpoint 'AuthNet.Controllers.SettingsController.GetCompanyInfo (AuthNet)'
2025-08-10 11:03:36.431 +05:30 [INF] Route matched with {action = "GetCompanyInfo", controller = "Settings"}. Executing controller action with signature System.Threading.Tasks.Task`1[Microsoft.AspNetCore.Mvc.IActionResult] GetCompanyInfo() on controller AuthNet.Controllers.SettingsController (AuthNet).
2025-08-10 11:03:36.440 +05:30 [INF] Executed DbCommand (7ms) [Parameters=[], CommandType='"Text"', CommandTimeout='30']
SELECT TOP(1) [c].[Id], [c].[Address], [c].[AlternateContactNumber], [c].[ContactNumber], [c].[Email], [c].[GSTIN], [c].[LogoFileExtension], [c].[LogoFilePath], [c].[LogoFileSizeInBytes], [c].[LogoName], [c].[Name], [c].[SignFileExtension], [c].[SignFilePath], [c].[SignFileSizeInBytes], [c].[SignName]
FROM [CompanyInfos] AS [c]
2025-08-10 11:03:36.440 +05:30 [INF] Executing OkObjectResult, writing value of type 'AuthNet.Models.DTO.CompanyInfoResponseDto'.
2025-08-10 11:03:36.440 +05:30 [INF] Executed action AuthNet.Controllers.SettingsController.GetCompanyInfo (AuthNet) in 9.205ms
2025-08-10 11:03:36.440 +05:30 [INF] Executed endpoint 'AuthNet.Controllers.SettingsController.GetCompanyInfo (AuthNet)'
2025-08-10 11:03:36.440 +05:30 [INF] Request finished HTTP/1.1 GET https://localhost:7165/api/Settings/Get - 200 null application/json; charset=utf-8 10.0971ms
2025-08-10 11:03:36.705 +05:30 [INF] Request starting HTTP/2 GET https://localhost:7165/api/Sales/WeeklyProfit - null null
2025-08-10 11:03:36.706 +05:30 [INF] CORS policy execution successful.
2025-08-10 11:03:36.706 +05:30 [INF] Executing endpoint 'AuthNet.Controllers.SalesController.GetWeeklyProfit (AuthNet)'
2025-08-10 11:03:36.706 +05:30 [INF] Route matched with {action = "GetWeeklyProfit", controller = "Sales"}. Executing controller action with signature System.Threading.Tasks.Task`1[Microsoft.AspNetCore.Mvc.IActionResult] GetWeeklyProfit() on controller AuthNet.Controllers.SalesController (AuthNet).
2025-08-10 11:03:36.722 +05:30 [INF] Request starting HTTP/2 GET https://localhost:7165/api/Products/CategoryWiseProductCount - null null
2025-08-10 11:03:36.723 +05:30 [INF] CORS policy execution successful.
2025-08-10 11:03:36.723 +05:30 [INF] Executing endpoint 'AuthNet.Controllers.ProductsController.GetCategoryWiseProductCount (AuthNet)'
2025-08-10 11:03:36.723 +05:30 [INF] Route matched with {action = "GetCategoryWiseProductCount", controller = "Products"}. Executing controller action with signature System.Threading.Tasks.Task`1[Microsoft.AspNetCore.Mvc.IActionResult] GetCategoryWiseProductCount() on controller AuthNet.Controllers.ProductsController (AuthNet).
2025-08-10 11:03:36.735 +05:30 [INF] Executed DbCommand (26ms) [Parameters=[@__startDate_0='?' (DbType = DateTime2), @__endDate_1='?' (DbType = DateTime2)], CommandType='"Text"', CommandTimeout='30']
SELECT [s].[Id], [s].[ProductId], [s].[ProductName], [s].[Quantity], [s].[SaleId], [s].[TotalPrice], [s].[UnitPrice], [s0].[Id], [s0].[AfterTaxAmount], [s0].[CreatedAt], [s0].[DiscountedAmount], [s0].[InvoiceDate], [s0].[InvoiceNo], [s0].[PrincipalAmount], [s0].[Template], [s0].[TotalAmount]
FROM [SaleItems] AS [s]
INNER JOIN [Sales] AS [s0] ON [s].[SaleId] = [s0].[Id]
WHERE CONVERT(date, [s0].[InvoiceDate]) >= @__startDate_0 AND CONVERT(date, [s0].[InvoiceDate]) <= @__endDate_1
2025-08-10 11:03:36.735 +05:30 [INF] Executed DbCommand (11ms) [Parameters=[], CommandType='"Text"', CommandTimeout='30']
SELECT [c].[Name] AS [CategoryName], COUNT(*) AS [ProductCount]
FROM [Products] AS [p]
LEFT JOIN [Categories] AS [c] ON [p].[CategoryId] = [c].[CategoryId]
WHERE [c].[CategoryId] IS NOT NULL
GROUP BY [c].[Name]
2025-08-10 11:03:36.735 +05:30 [INF] Executing OkObjectResult, writing value of type 'System.Collections.Generic.List`1[[AuthNet.Models.DTO.CategoryProductCountDto, AuthNet, Version=1.0.0.0, Culture=neutral, PublicKeyToken=null]]'.
2025-08-10 11:03:36.735 +05:30 [INF] Executed action AuthNet.Controllers.ProductsController.GetCategoryWiseProductCount (AuthNet) in 12.4529ms
2025-08-10 11:03:36.735 +05:30 [INF] Executed endpoint 'AuthNet.Controllers.ProductsController.GetCategoryWiseProductCount (AuthNet)'
2025-08-10 11:03:36.736 +05:30 [INF] Request finished HTTP/2 GET https://localhost:7165/api/Products/CategoryWiseProductCount - 200 null application/json; charset=utf-8 13.8781ms
2025-08-10 11:03:36.738 +05:30 [INF] Executed DbCommand (3ms) [Parameters=[@__productIds_0='?' (Size = 4000)], CommandType='"Text"', CommandTimeout='30']
SELECT [p].[ProductId], [p].[CategoryId], [p].[CostPrice], [p].[Description], [p].[Name], [p].[ProductCode], [p].[ProductKey], [p].[SellPrice], [p].[SupplierId]
FROM [Products] AS [p]
WHERE [p].[ProductId] IN (
    SELECT [p0].[value]
    FROM OPENJSON(@__productIds_0) WITH ([value] int '$') AS [p0]
)
2025-08-10 11:03:36.739 +05:30 [INF] Executing OkObjectResult, writing value of type 'System.Collections.Generic.List`1[[AuthNet.Models.DTO.DailyProfitDto, AuthNet, Version=1.0.0.0, Culture=neutral, PublicKeyToken=null]]'.
2025-08-10 11:03:36.739 +05:30 [INF] Executed action AuthNet.Controllers.SalesController.GetWeeklyProfit (AuthNet) in 32.6122ms
2025-08-10 11:03:36.739 +05:30 [INF] Executed endpoint 'AuthNet.Controllers.SalesController.GetWeeklyProfit (AuthNet)'
2025-08-10 11:03:36.739 +05:30 [INF] Request finished HTTP/2 GET https://localhost:7165/api/Sales/WeeklyProfit - 200 null application/json; charset=utf-8 33.6982ms
2025-08-10 11:03:42.270 +05:30 [INF] Request starting HTTP/1.1 GET https://localhost:7165/api/Customers - null null
2025-08-10 11:03:42.270 +05:30 [INF] Executing endpoint 'AuthNet.Controllers.CustomersController.GetAll (AuthNet)'
2025-08-10 11:03:42.270 +05:30 [INF] Route matched with {action = "GetAll", controller = "Customers"}. Executing controller action with signature System.Threading.Tasks.Task`1[Microsoft.AspNetCore.Mvc.IActionResult] GetAll() on controller AuthNet.Controllers.CustomersController (AuthNet).
2025-08-10 11:03:42.308 +05:30 [INF] Executed DbCommand (37ms) [Parameters=[], CommandType='"Text"', CommandTimeout='30']
SELECT [c].[CustomerId], [c].[Name], [c].[Email], [c].[Phone], [c].[Address]
FROM [Customers] AS [c]
2025-08-10 11:03:42.309 +05:30 [INF] Executing OkObjectResult, writing value of type 'System.Collections.Generic.List`1[[AuthNet.Models.DTO.CustomerViewModel, AuthNet, Version=1.0.0.0, Culture=neutral, PublicKeyToken=null]]'.
2025-08-10 11:03:42.310 +05:30 [INF] Executed action AuthNet.Controllers.CustomersController.GetAll (AuthNet) in 39.8935ms
2025-08-10 11:03:42.314 +05:30 [INF] Executed endpoint 'AuthNet.Controllers.CustomersController.GetAll (AuthNet)'
2025-08-10 11:03:42.315 +05:30 [INF] Request finished HTTP/1.1 GET https://localhost:7165/api/Customers - 200 null application/json; charset=utf-8 45.1817ms
2025-08-10 11:03:58.400 +05:30 [INF] Request starting HTTP/1.1 GET https://localhost:7165/api/Suppliers - null null
2025-08-10 11:03:58.400 +05:30 [INF] Executing endpoint 'AuthNet.Controllers.SuppliersController.GetAll (AuthNet)'
2025-08-10 11:03:58.400 +05:30 [INF] Route matched with {action = "GetAll", controller = "Suppliers"}. Executing controller action with signature System.Threading.Tasks.Task`1[Microsoft.AspNetCore.Mvc.IActionResult] GetAll() on controller AuthNet.Controllers.SuppliersController (AuthNet).
2025-08-10 11:03:58.430 +05:30 [INF] Executed DbCommand (28ms) [Parameters=[], CommandType='"Text"', CommandTimeout='30']
SELECT [s].[SupplierId], [s].[CompanyName], [s].[ContactName], [s].[Phone], [s].[Address]
FROM [Suppliers] AS [s]
2025-08-10 11:03:58.430 +05:30 [INF] Executing OkObjectResult, writing value of type 'System.Collections.Generic.List`1[[AuthNet.Models.DTO.SupplierViewModel, AuthNet, Version=1.0.0.0, Culture=neutral, PublicKeyToken=null]]'.
2025-08-10 11:03:58.430 +05:30 [INF] Executed action AuthNet.Controllers.SuppliersController.GetAll (AuthNet) in 29.9157ms
2025-08-10 11:03:58.430 +05:30 [INF] Executed endpoint 'AuthNet.Controllers.SuppliersController.GetAll (AuthNet)'
2025-08-10 11:03:58.431 +05:30 [INF] Request finished HTTP/1.1 GET https://localhost:7165/api/Suppliers - 200 null application/json; charset=utf-8 30.7326ms
2025-08-10 11:04:03.402 +05:30 [INF] Request starting HTTP/1.1 GET https://localhost:7165/api/Products - null null
2025-08-10 11:04:03.403 +05:30 [INF] Executing endpoint 'AuthNet.Controllers.ProductsController.GetAll (AuthNet)'
2025-08-10 11:04:03.403 +05:30 [INF] Route matched with {action = "GetAll", controller = "Products"}. Executing controller action with signature System.Threading.Tasks.Task`1[Microsoft.AspNetCore.Mvc.IActionResult] GetAll() on controller AuthNet.Controllers.ProductsController (AuthNet).
2025-08-10 11:04:03.409 +05:30 [INF] Executed DbCommand (6ms) [Parameters=[], CommandType='"Text"', CommandTimeout='30']
SELECT [p].[ProductId], [p].[CategoryId], [p].[CostPrice], [p].[Description], [p].[Name], [p].[ProductCode], [p].[ProductKey], [p].[SellPrice], [p].[SupplierId]
FROM [Products] AS [p]
2025-08-10 11:04:03.410 +05:30 [INF] Executing OkObjectResult, writing value of type 'System.Collections.Generic.List`1[[AuthNet.Models.Domain.Product, AuthNet, Version=1.0.0.0, Culture=neutral, PublicKeyToken=null]]'.
2025-08-10 11:04:03.410 +05:30 [INF] Executed action AuthNet.Controllers.ProductsController.GetAll (AuthNet) in 7.2882ms
2025-08-10 11:04:03.410 +05:30 [INF] Executed endpoint 'AuthNet.Controllers.ProductsController.GetAll (AuthNet)'
2025-08-10 11:04:03.413 +05:30 [INF] Request finished HTTP/1.1 GET https://localhost:7165/api/Products - 200 null application/json; charset=utf-8 7.9274ms
2025-08-10 11:04:03.449 +05:30 [INF] Request starting HTTP/1.1 GET https://localhost:7165/api/categories - null null
2025-08-10 11:04:03.449 +05:30 [INF] Executing endpoint 'AuthNet.Controllers.CategoriesController.GetAll (AuthNet)'
2025-08-10 11:04:03.449 +05:30 [INF] Route matched with {action = "GetAll", controller = "Categories"}. Executing controller action with signature System.Threading.Tasks.Task`1[Microsoft.AspNetCore.Mvc.IActionResult] GetAll() on controller AuthNet.Controllers.CategoriesController (AuthNet).
2025-08-10 11:04:03.457 +05:30 [INF] Executed DbCommand (6ms) [Parameters=[], CommandType='"Text"', CommandTimeout='30']
SELECT [c].[CategoryId], [c].[Description], [c].[Name]
FROM [Categories] AS [c]
2025-08-10 11:04:03.458 +05:30 [INF] Executing OkObjectResult, writing value of type 'System.Collections.Generic.List`1[[AuthNet.Models.Domain.Category, AuthNet, Version=1.0.0.0, Culture=neutral, PublicKeyToken=null]]'.
2025-08-10 11:04:03.458 +05:30 [INF] Executed action AuthNet.Controllers.CategoriesController.GetAll (AuthNet) in 8.9126ms
2025-08-10 11:04:03.458 +05:30 [INF] Executed endpoint 'AuthNet.Controllers.CategoriesController.GetAll (AuthNet)'
2025-08-10 11:04:03.459 +05:30 [INF] Request finished HTTP/1.1 GET https://localhost:7165/api/categories - 200 null application/json; charset=utf-8 9.6362ms
2025-08-10 11:04:03.489 +05:30 [INF] Request starting HTTP/1.1 GET https://localhost:7165/api/suppliers - null null
2025-08-10 11:04:03.489 +05:30 [INF] Executing endpoint 'AuthNet.Controllers.SuppliersController.GetAll (AuthNet)'
2025-08-10 11:04:03.490 +05:30 [INF] Route matched with {action = "GetAll", controller = "Suppliers"}. Executing controller action with signature System.Threading.Tasks.Task`1[Microsoft.AspNetCore.Mvc.IActionResult] GetAll() on controller AuthNet.Controllers.SuppliersController (AuthNet).
2025-08-10 11:04:03.501 +05:30 [INF] Executed DbCommand (10ms) [Parameters=[], CommandType='"Text"', CommandTimeout='30']
SELECT [s].[SupplierId], [s].[CompanyName], [s].[ContactName], [s].[Phone], [s].[Address]
FROM [Suppliers] AS [s]
2025-08-10 11:04:03.502 +05:30 [INF] Executing OkObjectResult, writing value of type 'System.Collections.Generic.List`1[[AuthNet.Models.DTO.SupplierViewModel, AuthNet, Version=1.0.0.0, Culture=neutral, PublicKeyToken=null]]'.
2025-08-10 11:04:03.502 +05:30 [INF] Executed action AuthNet.Controllers.SuppliersController.GetAll (AuthNet) in 12.1076ms
2025-08-10 11:04:03.502 +05:30 [INF] Executed endpoint 'AuthNet.Controllers.SuppliersController.GetAll (AuthNet)'
2025-08-10 11:04:03.502 +05:30 [INF] Request finished HTTP/1.1 GET https://localhost:7165/api/suppliers - 200 null application/json; charset=utf-8 13.3303ms
2025-08-10 11:04:07.502 +05:30 [INF] Request starting HTTP/1.1 GET https://localhost:7165/api/categories - null null
2025-08-10 11:04:07.502 +05:30 [INF] Executing endpoint 'AuthNet.Controllers.CategoriesController.GetAll (AuthNet)'
2025-08-10 11:04:07.502 +05:30 [INF] Route matched with {action = "GetAll", controller = "Categories"}. Executing controller action with signature System.Threading.Tasks.Task`1[Microsoft.AspNetCore.Mvc.IActionResult] GetAll() on controller AuthNet.Controllers.CategoriesController (AuthNet).
2025-08-10 11:04:07.539 +05:30 [INF] Executed DbCommand (35ms) [Parameters=[], CommandType='"Text"', CommandTimeout='30']
SELECT [c].[CategoryId], [c].[Description], [c].[Name]
FROM [Categories] AS [c]
2025-08-10 11:04:07.539 +05:30 [INF] Executing OkObjectResult, writing value of type 'System.Collections.Generic.List`1[[AuthNet.Models.Domain.Category, AuthNet, Version=1.0.0.0, Culture=neutral, PublicKeyToken=null]]'.
2025-08-10 11:04:07.540 +05:30 [INF] Executed action AuthNet.Controllers.CategoriesController.GetAll (AuthNet) in 37.105ms
2025-08-10 11:04:07.540 +05:30 [INF] Executed endpoint 'AuthNet.Controllers.CategoriesController.GetAll (AuthNet)'
2025-08-10 11:04:07.540 +05:30 [INF] Request finished HTTP/1.1 GET https://localhost:7165/api/categories - 200 null application/json; charset=utf-8 37.826ms
2025-08-10 11:04:07.573 +05:30 [INF] Request starting HTTP/1.1 GET https://localhost:7165/api/suppliers - null null
2025-08-10 11:04:07.573 +05:30 [INF] Executing endpoint 'AuthNet.Controllers.SuppliersController.GetAll (AuthNet)'
2025-08-10 11:04:07.574 +05:30 [INF] Route matched with {action = "GetAll", controller = "Suppliers"}. Executing controller action with signature System.Threading.Tasks.Task`1[Microsoft.AspNetCore.Mvc.IActionResult] GetAll() on controller AuthNet.Controllers.SuppliersController (AuthNet).
2025-08-10 11:04:07.586 +05:30 [INF] Executed DbCommand (10ms) [Parameters=[], CommandType='"Text"', CommandTimeout='30']
SELECT [s].[SupplierId], [s].[CompanyName], [s].[ContactName], [s].[Phone], [s].[Address]
FROM [Suppliers] AS [s]
2025-08-10 11:04:07.586 +05:30 [INF] Executing OkObjectResult, writing value of type 'System.Collections.Generic.List`1[[AuthNet.Models.DTO.SupplierViewModel, AuthNet, Version=1.0.0.0, Culture=neutral, PublicKeyToken=null]]'.
2025-08-10 11:04:07.586 +05:30 [INF] Executed action AuthNet.Controllers.SuppliersController.GetAll (AuthNet) in 12.3681ms
2025-08-10 11:04:07.586 +05:30 [INF] Executed endpoint 'AuthNet.Controllers.SuppliersController.GetAll (AuthNet)'
2025-08-10 11:04:07.586 +05:30 [INF] Request finished HTTP/1.1 GET https://localhost:7165/api/suppliers - 200 null application/json; charset=utf-8 13.1335ms
2025-08-10 11:04:19.034 +05:30 [INF] Request starting HTTP/1.1 GET https://localhost:7165/api/Purchase - null null
2025-08-10 11:04:19.034 +05:30 [INF] Executing endpoint 'AuthNet.Controllers.PurchaseController.GetAll (AuthNet)'
2025-08-10 11:04:19.034 +05:30 [INF] Route matched with {action = "GetAll", controller = "Purchase"}. Executing controller action with signature System.Threading.Tasks.Task`1[Microsoft.AspNetCore.Mvc.IActionResult] GetAll() on controller AuthNet.Controllers.PurchaseController (AuthNet).
2025-08-10 11:04:19.050 +05:30 [INF] Executed DbCommand (11ms) [Parameters=[], CommandType='"Text"', CommandTimeout='30']
SELECT [p].[PurchaseOrderId], [p].[SupplierId], [p].[CreatedByUserId], [p].[OrderDate], [p].[TotalAmount]
FROM [purchaseOrders] AS [p]
2025-08-10 11:04:19.050 +05:30 [INF] Executing OkObjectResult, writing value of type 'System.Collections.Generic.List`1[[AuthNet.Models.DTO.PurchaseViewModel, AuthNet, Version=1.0.0.0, Culture=neutral, PublicKeyToken=null]]'.
2025-08-10 11:04:19.050 +05:30 [INF] Executed action AuthNet.Controllers.PurchaseController.GetAll (AuthNet) in 16.1553ms
2025-08-10 11:04:19.050 +05:30 [INF] Executed endpoint 'AuthNet.Controllers.PurchaseController.GetAll (AuthNet)'
2025-08-10 11:04:19.051 +05:30 [INF] Request finished HTTP/1.1 GET https://localhost:7165/api/Purchase - 200 null application/json; charset=utf-8 17.4855ms
2025-08-10 11:04:19.064 +05:30 [INF] Request starting HTTP/1.1 GET https://localhost:7165/api/Users - null null
2025-08-10 11:04:19.064 +05:30 [INF] Executing endpoint 'AuthNet.Controllers.UsersController.GetAll (AuthNet)'
2025-08-10 11:04:19.064 +05:30 [INF] Route matched with {action = "GetAll", controller = "Users"}. Executing controller action with signature System.Threading.Tasks.Task`1[Microsoft.AspNetCore.Mvc.IActionResult] GetAll() on controller AuthNet.Controllers.UsersController (AuthNet).
2025-08-10 11:04:19.068 +05:30 [INF] Executed DbCommand (3ms) [Parameters=[], CommandType='"Text"', CommandTimeout='30']
SELECT [u].[UserId], [u].[Username], [u].[Firstname], [u].[Lastname], [u].[Email], [u].[Role], [u].[CreatedAt]
FROM [Users] AS [u]
2025-08-10 11:04:19.068 +05:30 [INF] Executing OkObjectResult, writing value of type 'System.Collections.Generic.List`1[[AuthNet.Models.DTO.UserViewModel, AuthNet, Version=1.0.0.0, Culture=neutral, PublicKeyToken=null]]'.
2025-08-10 11:04:19.068 +05:30 [INF] Executed action AuthNet.Controllers.UsersController.GetAll (AuthNet) in 4.1087ms
2025-08-10 11:04:19.068 +05:30 [INF] Executed endpoint 'AuthNet.Controllers.UsersController.GetAll (AuthNet)'
2025-08-10 11:04:19.068 +05:30 [INF] Request finished HTTP/1.1 GET https://localhost:7165/api/Users - 200 null application/json; charset=utf-8 4.8145ms
2025-08-10 11:04:19.089 +05:30 [INF] Request starting HTTP/1.1 GET https://localhost:7165/api/Suppliers - null null
2025-08-10 11:04:19.089 +05:30 [INF] Executing endpoint 'AuthNet.Controllers.SuppliersController.GetAll (AuthNet)'
2025-08-10 11:04:19.089 +05:30 [INF] Route matched with {action = "GetAll", controller = "Suppliers"}. Executing controller action with signature System.Threading.Tasks.Task`1[Microsoft.AspNetCore.Mvc.IActionResult] GetAll() on controller AuthNet.Controllers.SuppliersController (AuthNet).
2025-08-10 11:04:19.093 +05:30 [INF] Executed DbCommand (2ms) [Parameters=[], CommandType='"Text"', CommandTimeout='30']
SELECT [s].[SupplierId], [s].[CompanyName], [s].[ContactName], [s].[Phone], [s].[Address]
FROM [Suppliers] AS [s]
2025-08-10 11:04:19.093 +05:30 [INF] Executing OkObjectResult, writing value of type 'System.Collections.Generic.List`1[[AuthNet.Models.DTO.SupplierViewModel, AuthNet, Version=1.0.0.0, Culture=neutral, PublicKeyToken=null]]'.
2025-08-10 11:04:19.093 +05:30 [INF] Executed action AuthNet.Controllers.SuppliersController.GetAll (AuthNet) in 3.8943ms
2025-08-10 11:04:19.093 +05:30 [INF] Executed endpoint 'AuthNet.Controllers.SuppliersController.GetAll (AuthNet)'
2025-08-10 11:04:19.094 +05:30 [INF] Request finished HTTP/1.1 GET https://localhost:7165/api/Suppliers - 200 null application/json; charset=utf-8 5.0273ms
2025-08-10 11:04:21.291 +05:30 [INF] Request starting HTTP/1.1 GET https://localhost:7165/api/Suppliers - null null
2025-08-10 11:04:21.291 +05:30 [INF] Executing endpoint 'AuthNet.Controllers.SuppliersController.GetAll (AuthNet)'
2025-08-10 11:04:21.291 +05:30 [INF] Route matched with {action = "GetAll", controller = "Suppliers"}. Executing controller action with signature System.Threading.Tasks.Task`1[Microsoft.AspNetCore.Mvc.IActionResult] GetAll() on controller AuthNet.Controllers.SuppliersController (AuthNet).
2025-08-10 11:04:21.302 +05:30 [INF] Executed DbCommand (9ms) [Parameters=[], CommandType='"Text"', CommandTimeout='30']
SELECT [s].[SupplierId], [s].[CompanyName], [s].[ContactName], [s].[Phone], [s].[Address]
FROM [Suppliers] AS [s]
2025-08-10 11:04:21.302 +05:30 [INF] Executing OkObjectResult, writing value of type 'System.Collections.Generic.List`1[[AuthNet.Models.DTO.SupplierViewModel, AuthNet, Version=1.0.0.0, Culture=neutral, PublicKeyToken=null]]'.
2025-08-10 11:04:21.302 +05:30 [INF] Executed action AuthNet.Controllers.SuppliersController.GetAll (AuthNet) in 11.1103ms
2025-08-10 11:04:21.302 +05:30 [INF] Executed endpoint 'AuthNet.Controllers.SuppliersController.GetAll (AuthNet)'
2025-08-10 11:04:21.303 +05:30 [INF] Request finished HTTP/1.1 GET https://localhost:7165/api/Suppliers - 200 null application/json; charset=utf-8 11.6771ms
2025-08-10 11:04:21.323 +05:30 [INF] Request starting HTTP/1.1 GET https://localhost:7165/api/Users - null null
2025-08-10 11:04:21.323 +05:30 [INF] Executing endpoint 'AuthNet.Controllers.UsersController.GetAll (AuthNet)'
2025-08-10 11:04:21.323 +05:30 [INF] Route matched with {action = "GetAll", controller = "Users"}. Executing controller action with signature System.Threading.Tasks.Task`1[Microsoft.AspNetCore.Mvc.IActionResult] GetAll() on controller AuthNet.Controllers.UsersController (AuthNet).
2025-08-10 11:04:21.330 +05:30 [INF] Executed DbCommand (6ms) [Parameters=[], CommandType='"Text"', CommandTimeout='30']
SELECT [u].[UserId], [u].[Username], [u].[Firstname], [u].[Lastname], [u].[Email], [u].[Role], [u].[CreatedAt]
FROM [Users] AS [u]
2025-08-10 11:04:21.331 +05:30 [INF] Executing OkObjectResult, writing value of type 'System.Collections.Generic.List`1[[AuthNet.Models.DTO.UserViewModel, AuthNet, Version=1.0.0.0, Culture=neutral, PublicKeyToken=null]]'.
2025-08-10 11:04:21.331 +05:30 [INF] Executed action AuthNet.Controllers.UsersController.GetAll (AuthNet) in 7.2188ms
2025-08-10 11:04:21.331 +05:30 [INF] Executed endpoint 'AuthNet.Controllers.UsersController.GetAll (AuthNet)'
2025-08-10 11:04:21.331 +05:30 [INF] Request finished HTTP/1.1 GET https://localhost:7165/api/Users - 200 null application/json; charset=utf-8 8.1815ms
2025-08-10 11:04:21.350 +05:30 [INF] Request starting HTTP/1.1 GET https://localhost:7165/api/Products - null null
2025-08-10 11:04:21.350 +05:30 [INF] Executing endpoint 'AuthNet.Controllers.ProductsController.GetAll (AuthNet)'
2025-08-10 11:04:21.350 +05:30 [INF] Route matched with {action = "GetAll", controller = "Products"}. Executing controller action with signature System.Threading.Tasks.Task`1[Microsoft.AspNetCore.Mvc.IActionResult] GetAll() on controller AuthNet.Controllers.ProductsController (AuthNet).
2025-08-10 11:04:21.355 +05:30 [INF] Executed DbCommand (4ms) [Parameters=[], CommandType='"Text"', CommandTimeout='30']
SELECT [p].[ProductId], [p].[CategoryId], [p].[CostPrice], [p].[Description], [p].[Name], [p].[ProductCode], [p].[ProductKey], [p].[SellPrice], [p].[SupplierId]
FROM [Products] AS [p]
2025-08-10 11:04:21.355 +05:30 [INF] Executing OkObjectResult, writing value of type 'System.Collections.Generic.List`1[[AuthNet.Models.Domain.Product, AuthNet, Version=1.0.0.0, Culture=neutral, PublicKeyToken=null]]'.
2025-08-10 11:04:21.356 +05:30 [INF] Executed action AuthNet.Controllers.ProductsController.GetAll (AuthNet) in 5.5296ms
2025-08-10 11:04:21.356 +05:30 [INF] Executed endpoint 'AuthNet.Controllers.ProductsController.GetAll (AuthNet)'
2025-08-10 11:04:21.356 +05:30 [INF] Request finished HTTP/1.1 GET https://localhost:7165/api/Products - 200 null application/json; charset=utf-8 6.2465ms
2025-08-10 11:04:30.655 +05:30 [INF] Request starting HTTP/1.1 GET https://localhost:7165/api/Orders - null null
2025-08-10 11:04:30.655 +05:30 [INF] Executing endpoint 'AuthNet.Controllers.OrdersController.GetAll (AuthNet)'
2025-08-10 11:04:30.655 +05:30 [INF] Route matched with {action = "GetAll", controller = "Orders"}. Executing controller action with signature System.Threading.Tasks.Task`1[Microsoft.AspNetCore.Mvc.IActionResult] GetAll() on controller AuthNet.Controllers.OrdersController (AuthNet).
2025-08-10 11:04:30.666 +05:30 [INF] Executed DbCommand (9ms) [Parameters=[], CommandType='"Text"', CommandTimeout='30']
SELECT [o].[OrderId], [o].[CustomerId], [o].[UserId], [o].[OrderDate], [o].[TotalAmount]
FROM [Orders] AS [o]
2025-08-10 11:04:30.667 +05:30 [INF] Executing OkObjectResult, writing value of type 'System.Collections.Generic.List`1[[AuthNet.Models.DTO.OrderViewModel, AuthNet, Version=1.0.0.0, Culture=neutral, PublicKeyToken=null]]'.
2025-08-10 11:04:30.667 +05:30 [INF] Executed action AuthNet.Controllers.OrdersController.GetAll (AuthNet) in 11.689ms
2025-08-10 11:04:30.667 +05:30 [INF] Executed endpoint 'AuthNet.Controllers.OrdersController.GetAll (AuthNet)'
2025-08-10 11:04:30.667 +05:30 [INF] Request finished HTTP/1.1 GET https://localhost:7165/api/Orders - 200 null application/json; charset=utf-8 12.3568ms
2025-08-10 11:04:30.686 +05:30 [INF] Request starting HTTP/1.1 GET https://localhost:7165/api/Users - null null
2025-08-10 11:04:30.686 +05:30 [INF] Executing endpoint 'AuthNet.Controllers.UsersController.GetAll (AuthNet)'
2025-08-10 11:04:30.686 +05:30 [INF] Route matched with {action = "GetAll", controller = "Users"}. Executing controller action with signature System.Threading.Tasks.Task`1[Microsoft.AspNetCore.Mvc.IActionResult] GetAll() on controller AuthNet.Controllers.UsersController (AuthNet).
2025-08-10 11:04:30.697 +05:30 [INF] Executed DbCommand (8ms) [Parameters=[], CommandType='"Text"', CommandTimeout='30']
SELECT [u].[UserId], [u].[Username], [u].[Firstname], [u].[Lastname], [u].[Email], [u].[Role], [u].[CreatedAt]
FROM [Users] AS [u]
2025-08-10 11:04:30.698 +05:30 [INF] Executing OkObjectResult, writing value of type 'System.Collections.Generic.List`1[[AuthNet.Models.DTO.UserViewModel, AuthNet, Version=1.0.0.0, Culture=neutral, PublicKeyToken=null]]'.
2025-08-10 11:04:30.699 +05:30 [INF] Executed action AuthNet.Controllers.UsersController.GetAll (AuthNet) in 12.1236ms
2025-08-10 11:04:30.699 +05:30 [INF] Executed endpoint 'AuthNet.Controllers.UsersController.GetAll (AuthNet)'
2025-08-10 11:04:30.699 +05:30 [INF] Request finished HTTP/1.1 GET https://localhost:7165/api/Users - 200 null application/json; charset=utf-8 13.2435ms
2025-08-10 11:04:30.738 +05:30 [INF] Request starting HTTP/1.1 GET https://localhost:7165/api/Customers - null null
2025-08-10 11:04:30.739 +05:30 [INF] Executing endpoint 'AuthNet.Controllers.CustomersController.GetAll (AuthNet)'
2025-08-10 11:04:30.739 +05:30 [INF] Route matched with {action = "GetAll", controller = "Customers"}. Executing controller action with signature System.Threading.Tasks.Task`1[Microsoft.AspNetCore.Mvc.IActionResult] GetAll() on controller AuthNet.Controllers.CustomersController (AuthNet).
2025-08-10 11:04:30.750 +05:30 [INF] Executed DbCommand (9ms) [Parameters=[], CommandType='"Text"', CommandTimeout='30']
SELECT [c].[CustomerId], [c].[Name], [c].[Email], [c].[Phone], [c].[Address]
FROM [Customers] AS [c]
2025-08-10 11:04:30.754 +05:30 [INF] Executing OkObjectResult, writing value of type 'System.Collections.Generic.List`1[[AuthNet.Models.DTO.CustomerViewModel, AuthNet, Version=1.0.0.0, Culture=neutral, PublicKeyToken=null]]'.
2025-08-10 11:04:30.754 +05:30 [INF] Executed action AuthNet.Controllers.CustomersController.GetAll (AuthNet) in 15.0741ms
2025-08-10 11:04:30.754 +05:30 [INF] Executed endpoint 'AuthNet.Controllers.CustomersController.GetAll (AuthNet)'
2025-08-10 11:04:30.754 +05:30 [INF] Request finished HTTP/1.1 GET https://localhost:7165/api/Customers - 200 null application/json; charset=utf-8 15.7079ms
2025-08-10 11:04:32.817 +05:30 [INF] Request starting HTTP/1.1 GET https://localhost:7165/api/Customers - null null
2025-08-10 11:04:32.817 +05:30 [INF] Executing endpoint 'AuthNet.Controllers.CustomersController.GetAll (AuthNet)'
2025-08-10 11:04:32.817 +05:30 [INF] Route matched with {action = "GetAll", controller = "Customers"}. Executing controller action with signature System.Threading.Tasks.Task`1[Microsoft.AspNetCore.Mvc.IActionResult] GetAll() on controller AuthNet.Controllers.CustomersController (AuthNet).
2025-08-10 11:04:32.822 +05:30 [INF] Executed DbCommand (3ms) [Parameters=[], CommandType='"Text"', CommandTimeout='30']
SELECT [c].[CustomerId], [c].[Name], [c].[Email], [c].[Phone], [c].[Address]
FROM [Customers] AS [c]
2025-08-10 11:04:32.822 +05:30 [INF] Executing OkObjectResult, writing value of type 'System.Collections.Generic.List`1[[AuthNet.Models.DTO.CustomerViewModel, AuthNet, Version=1.0.0.0, Culture=neutral, PublicKeyToken=null]]'.
2025-08-10 11:04:32.822 +05:30 [INF] Executed action AuthNet.Controllers.CustomersController.GetAll (AuthNet) in 5.0603ms
2025-08-10 11:04:32.822 +05:30 [INF] Executed endpoint 'AuthNet.Controllers.CustomersController.GetAll (AuthNet)'
2025-08-10 11:04:32.823 +05:30 [INF] Request finished HTTP/1.1 GET https://localhost:7165/api/Customers - 200 null application/json; charset=utf-8 5.9393ms
2025-08-10 11:04:32.838 +05:30 [INF] Request starting HTTP/1.1 GET https://localhost:7165/api/Users - null null
2025-08-10 11:04:32.839 +05:30 [INF] Executing endpoint 'AuthNet.Controllers.UsersController.GetAll (AuthNet)'
2025-08-10 11:04:32.839 +05:30 [INF] Route matched with {action = "GetAll", controller = "Users"}. Executing controller action with signature System.Threading.Tasks.Task`1[Microsoft.AspNetCore.Mvc.IActionResult] GetAll() on controller AuthNet.Controllers.UsersController (AuthNet).
2025-08-10 11:04:32.842 +05:30 [INF] Executed DbCommand (2ms) [Parameters=[], CommandType='"Text"', CommandTimeout='30']
SELECT [u].[UserId], [u].[Username], [u].[Firstname], [u].[Lastname], [u].[Email], [u].[Role], [u].[CreatedAt]
FROM [Users] AS [u]
2025-08-10 11:04:32.843 +05:30 [INF] Executing OkObjectResult, writing value of type 'System.Collections.Generic.List`1[[AuthNet.Models.DTO.UserViewModel, AuthNet, Version=1.0.0.0, Culture=neutral, PublicKeyToken=null]]'.
2025-08-10 11:04:32.843 +05:30 [INF] Executed action AuthNet.Controllers.UsersController.GetAll (AuthNet) in 3.8601ms
2025-08-10 11:04:32.843 +05:30 [INF] Executed endpoint 'AuthNet.Controllers.UsersController.GetAll (AuthNet)'
2025-08-10 11:04:32.843 +05:30 [INF] Request finished HTTP/1.1 GET https://localhost:7165/api/Users - 200 null application/json; charset=utf-8 4.6498ms
2025-08-10 11:04:32.866 +05:30 [INF] Request starting HTTP/1.1 GET https://localhost:7165/api/Products - null null
2025-08-10 11:04:32.866 +05:30 [INF] Executing endpoint 'AuthNet.Controllers.ProductsController.GetAll (AuthNet)'
2025-08-10 11:04:32.866 +05:30 [INF] Route matched with {action = "GetAll", controller = "Products"}. Executing controller action with signature System.Threading.Tasks.Task`1[Microsoft.AspNetCore.Mvc.IActionResult] GetAll() on controller AuthNet.Controllers.ProductsController (AuthNet).
2025-08-10 11:04:32.870 +05:30 [INF] Executed DbCommand (3ms) [Parameters=[], CommandType='"Text"', CommandTimeout='30']
SELECT [p].[ProductId], [p].[CategoryId], [p].[CostPrice], [p].[Description], [p].[Name], [p].[ProductCode], [p].[ProductKey], [p].[SellPrice], [p].[SupplierId]
FROM [Products] AS [p]
2025-08-10 11:04:32.870 +05:30 [INF] Executing OkObjectResult, writing value of type 'System.Collections.Generic.List`1[[AuthNet.Models.Domain.Product, AuthNet, Version=1.0.0.0, Culture=neutral, PublicKeyToken=null]]'.
2025-08-10 11:04:32.870 +05:30 [INF] Executed action AuthNet.Controllers.ProductsController.GetAll (AuthNet) in 4.0982ms
2025-08-10 11:04:32.871 +05:30 [INF] Executed endpoint 'AuthNet.Controllers.ProductsController.GetAll (AuthNet)'
2025-08-10 11:04:32.871 +05:30 [INF] Request finished HTTP/1.1 GET https://localhost:7165/api/Products - 200 null application/json; charset=utf-8 4.9089ms
2025-08-10 11:04:37.820 +05:30 [INF] Request starting HTTP/1.1 GET https://localhost:7165/api/Orders - null null
2025-08-10 11:04:37.820 +05:30 [INF] Executing endpoint 'AuthNet.Controllers.OrdersController.GetAll (AuthNet)'
2025-08-10 11:04:37.820 +05:30 [INF] Route matched with {action = "GetAll", controller = "Orders"}. Executing controller action with signature System.Threading.Tasks.Task`1[Microsoft.AspNetCore.Mvc.IActionResult] GetAll() on controller AuthNet.Controllers.OrdersController (AuthNet).
2025-08-10 11:04:37.857 +05:30 [INF] Executed DbCommand (35ms) [Parameters=[], CommandType='"Text"', CommandTimeout='30']
SELECT [o].[OrderId], [o].[CustomerId], [o].[UserId], [o].[OrderDate], [o].[TotalAmount]
FROM [Orders] AS [o]
2025-08-10 11:04:37.858 +05:30 [INF] Executing OkObjectResult, writing value of type 'System.Collections.Generic.List`1[[AuthNet.Models.DTO.OrderViewModel, AuthNet, Version=1.0.0.0, Culture=neutral, PublicKeyToken=null]]'.
2025-08-10 11:04:37.858 +05:30 [INF] Executed action AuthNet.Controllers.OrdersController.GetAll (AuthNet) in 38.0625ms
2025-08-10 11:04:37.858 +05:30 [INF] Executed endpoint 'AuthNet.Controllers.OrdersController.GetAll (AuthNet)'
2025-08-10 11:04:37.859 +05:30 [INF] Request finished HTTP/1.1 GET https://localhost:7165/api/Orders - 200 null application/json; charset=utf-8 38.8587ms
2025-08-10 11:04:37.935 +05:30 [INF] Request starting HTTP/1.1 GET https://localhost:7165/api/Users - null null
2025-08-10 11:04:37.935 +05:30 [INF] Executing endpoint 'AuthNet.Controllers.UsersController.GetAll (AuthNet)'
2025-08-10 11:04:37.935 +05:30 [INF] Route matched with {action = "GetAll", controller = "Users"}. Executing controller action with signature System.Threading.Tasks.Task`1[Microsoft.AspNetCore.Mvc.IActionResult] GetAll() on controller AuthNet.Controllers.UsersController (AuthNet).
2025-08-10 11:04:37.951 +05:30 [INF] Executed DbCommand (14ms) [Parameters=[], CommandType='"Text"', CommandTimeout='30']
SELECT [u].[UserId], [u].[Username], [u].[Firstname], [u].[Lastname], [u].[Email], [u].[Role], [u].[CreatedAt]
FROM [Users] AS [u]
2025-08-10 11:04:37.952 +05:30 [INF] Executing OkObjectResult, writing value of type 'System.Collections.Generic.List`1[[AuthNet.Models.DTO.UserViewModel, AuthNet, Version=1.0.0.0, Culture=neutral, PublicKeyToken=null]]'.
2025-08-10 11:04:37.952 +05:30 [INF] Executed action AuthNet.Controllers.UsersController.GetAll (AuthNet) in 16.1577ms
2025-08-10 11:04:37.952 +05:30 [INF] Executed endpoint 'AuthNet.Controllers.UsersController.GetAll (AuthNet)'
2025-08-10 11:04:37.952 +05:30 [INF] Request finished HTTP/1.1 GET https://localhost:7165/api/Users - 200 null application/json; charset=utf-8 16.854ms
2025-08-10 11:04:37.969 +05:30 [INF] Request starting HTTP/1.1 GET https://localhost:7165/api/Customers - null null
2025-08-10 11:04:37.970 +05:30 [INF] Executing endpoint 'AuthNet.Controllers.CustomersController.GetAll (AuthNet)'
2025-08-10 11:04:37.970 +05:30 [INF] Route matched with {action = "GetAll", controller = "Customers"}. Executing controller action with signature System.Threading.Tasks.Task`1[Microsoft.AspNetCore.Mvc.IActionResult] GetAll() on controller AuthNet.Controllers.CustomersController (AuthNet).
2025-08-10 11:04:37.986 +05:30 [INF] Executed DbCommand (14ms) [Parameters=[], CommandType='"Text"', CommandTimeout='30']
SELECT [c].[CustomerId], [c].[Name], [c].[Email], [c].[Phone], [c].[Address]
FROM [Customers] AS [c]
2025-08-10 11:04:37.987 +05:30 [INF] Executing OkObjectResult, writing value of type 'System.Collections.Generic.List`1[[AuthNet.Models.DTO.CustomerViewModel, AuthNet, Version=1.0.0.0, Culture=neutral, PublicKeyToken=null]]'.
2025-08-10 11:04:37.987 +05:30 [INF] Executed action AuthNet.Controllers.CustomersController.GetAll (AuthNet) in 16.8443ms
2025-08-10 11:04:37.987 +05:30 [INF] Executed endpoint 'AuthNet.Controllers.CustomersController.GetAll (AuthNet)'
2025-08-10 11:04:37.987 +05:30 [INF] Request finished HTTP/1.1 GET https://localhost:7165/api/Customers - 200 null application/json; charset=utf-8 17.6637ms
2025-08-10 11:04:41.070 +05:30 [INF] Request starting HTTP/1.1 GET https://localhost:7165/api/Categories - null null
2025-08-10 11:04:41.070 +05:30 [INF] Executing endpoint 'AuthNet.Controllers.CategoriesController.GetAll (AuthNet)'
2025-08-10 11:04:41.070 +05:30 [INF] Route matched with {action = "GetAll", controller = "Categories"}. Executing controller action with signature System.Threading.Tasks.Task`1[Microsoft.AspNetCore.Mvc.IActionResult] GetAll() on controller AuthNet.Controllers.CategoriesController (AuthNet).
2025-08-10 11:04:41.074 +05:30 [INF] Executed DbCommand (3ms) [Parameters=[], CommandType='"Text"', CommandTimeout='30']
SELECT [c].[CategoryId], [c].[Description], [c].[Name]
FROM [Categories] AS [c]
2025-08-10 11:04:41.074 +05:30 [INF] Executing OkObjectResult, writing value of type 'System.Collections.Generic.List`1[[AuthNet.Models.Domain.Category, AuthNet, Version=1.0.0.0, Culture=neutral, PublicKeyToken=null]]'.
2025-08-10 11:04:41.074 +05:30 [INF] Executed action AuthNet.Controllers.CategoriesController.GetAll (AuthNet) in 4.1574ms
2025-08-10 11:04:41.074 +05:30 [INF] Executed endpoint 'AuthNet.Controllers.CategoriesController.GetAll (AuthNet)'
2025-08-10 11:04:41.075 +05:30 [INF] Request finished HTTP/1.1 GET https://localhost:7165/api/Categories - 200 null application/json; charset=utf-8 4.9011ms
2025-08-10 11:05:31.468 +05:30 [INF] Request starting HTTP/1.1 GET https://localhost:7165/api/Products - null null
2025-08-10 11:05:31.468 +05:30 [INF] Executing endpoint 'AuthNet.Controllers.ProductsController.GetAll (AuthNet)'
2025-08-10 11:05:31.468 +05:30 [INF] Route matched with {action = "GetAll", controller = "Products"}. Executing controller action with signature System.Threading.Tasks.Task`1[Microsoft.AspNetCore.Mvc.IActionResult] GetAll() on controller AuthNet.Controllers.ProductsController (AuthNet).
2025-08-10 11:05:31.487 +05:30 [INF] Executed DbCommand (13ms) [Parameters=[], CommandType='"Text"', CommandTimeout='30']
SELECT [p].[ProductId], [p].[CategoryId], [p].[CostPrice], [p].[Description], [p].[Name], [p].[ProductCode], [p].[ProductKey], [p].[SellPrice], [p].[SupplierId]
FROM [Products] AS [p]
2025-08-10 11:05:31.487 +05:30 [INF] Executing OkObjectResult, writing value of type 'System.Collections.Generic.List`1[[AuthNet.Models.Domain.Product, AuthNet, Version=1.0.0.0, Culture=neutral, PublicKeyToken=null]]'.
2025-08-10 11:05:31.488 +05:30 [INF] Executed action AuthNet.Controllers.ProductsController.GetAll (AuthNet) in 19.42ms
2025-08-10 11:05:31.488 +05:30 [INF] Executed endpoint 'AuthNet.Controllers.ProductsController.GetAll (AuthNet)'
2025-08-10 11:05:31.488 +05:30 [INF] Request finished HTTP/1.1 GET https://localhost:7165/api/Products - 200 null application/json; charset=utf-8 20.4406ms
2025-08-10 11:05:31.519 +05:30 [INF] Request starting HTTP/1.1 GET https://localhost:7165/api/categories - null null
2025-08-10 11:05:31.519 +05:30 [INF] Executing endpoint 'AuthNet.Controllers.CategoriesController.GetAll (AuthNet)'
2025-08-10 11:05:31.519 +05:30 [INF] Route matched with {action = "GetAll", controller = "Categories"}. Executing controller action with signature System.Threading.Tasks.Task`1[Microsoft.AspNetCore.Mvc.IActionResult] GetAll() on controller AuthNet.Controllers.CategoriesController (AuthNet).
2025-08-10 11:05:31.524 +05:30 [INF] Executed DbCommand (4ms) [Parameters=[], CommandType='"Text"', CommandTimeout='30']
SELECT [c].[CategoryId], [c].[Description], [c].[Name]
FROM [Categories] AS [c]
2025-08-10 11:05:31.525 +05:30 [INF] Executing OkObjectResult, writing value of type 'System.Collections.Generic.List`1[[AuthNet.Models.Domain.Category, AuthNet, Version=1.0.0.0, Culture=neutral, PublicKeyToken=null]]'.
2025-08-10 11:05:31.525 +05:30 [INF] Executed action AuthNet.Controllers.CategoriesController.GetAll (AuthNet) in 5.6993ms
2025-08-10 11:05:31.525 +05:30 [INF] Executed endpoint 'AuthNet.Controllers.CategoriesController.GetAll (AuthNet)'
2025-08-10 11:05:31.525 +05:30 [INF] Request finished HTTP/1.1 GET https://localhost:7165/api/categories - 200 null application/json; charset=utf-8 6.4155ms
2025-08-10 11:05:31.544 +05:30 [INF] Request starting HTTP/1.1 GET https://localhost:7165/api/suppliers - null null
2025-08-10 11:05:31.544 +05:30 [INF] Executing endpoint 'AuthNet.Controllers.SuppliersController.GetAll (AuthNet)'
2025-08-10 11:05:31.544 +05:30 [INF] Route matched with {action = "GetAll", controller = "Suppliers"}. Executing controller action with signature System.Threading.Tasks.Task`1[Microsoft.AspNetCore.Mvc.IActionResult] GetAll() on controller AuthNet.Controllers.SuppliersController (AuthNet).
2025-08-10 11:05:31.551 +05:30 [INF] Executed DbCommand (5ms) [Parameters=[], CommandType='"Text"', CommandTimeout='30']
SELECT [s].[SupplierId], [s].[CompanyName], [s].[ContactName], [s].[Phone], [s].[Address]
FROM [Suppliers] AS [s]
2025-08-10 11:05:31.551 +05:30 [INF] Executing OkObjectResult, writing value of type 'System.Collections.Generic.List`1[[AuthNet.Models.DTO.SupplierViewModel, AuthNet, Version=1.0.0.0, Culture=neutral, PublicKeyToken=null]]'.
2025-08-10 11:05:31.551 +05:30 [INF] Executed action AuthNet.Controllers.SuppliersController.GetAll (AuthNet) in 6.6845ms
2025-08-10 11:05:31.551 +05:30 [INF] Executed endpoint 'AuthNet.Controllers.SuppliersController.GetAll (AuthNet)'
2025-08-10 11:05:31.551 +05:30 [INF] Request finished HTTP/1.1 GET https://localhost:7165/api/suppliers - 200 null application/json; charset=utf-8 7.4148ms
2025-08-10 11:05:46.361 +05:30 [INF] Request starting HTTP/1.1 GET https://localhost:7165/api/Products - null null
2025-08-10 11:05:46.361 +05:30 [INF] Executing endpoint 'AuthNet.Controllers.ProductsController.GetAll (AuthNet)'
2025-08-10 11:05:46.362 +05:30 [INF] Route matched with {action = "GetAll", controller = "Products"}. Executing controller action with signature System.Threading.Tasks.Task`1[Microsoft.AspNetCore.Mvc.IActionResult] GetAll() on controller AuthNet.Controllers.ProductsController (AuthNet).
2025-08-10 11:05:46.400 +05:30 [INF] Executed DbCommand (37ms) [Parameters=[], CommandType='"Text"', CommandTimeout='30']
SELECT [p].[ProductId], [p].[CategoryId], [p].[CostPrice], [p].[Description], [p].[Name], [p].[ProductCode], [p].[ProductKey], [p].[SellPrice], [p].[SupplierId]
FROM [Products] AS [p]
2025-08-10 11:05:46.400 +05:30 [INF] Executing OkObjectResult, writing value of type 'System.Collections.Generic.List`1[[AuthNet.Models.Domain.Product, AuthNet, Version=1.0.0.0, Culture=neutral, PublicKeyToken=null]]'.
2025-08-10 11:05:46.400 +05:30 [INF] Executed action AuthNet.Controllers.ProductsController.GetAll (AuthNet) in 38.6801ms
2025-08-10 11:05:46.400 +05:30 [INF] Executed endpoint 'AuthNet.Controllers.ProductsController.GetAll (AuthNet)'
2025-08-10 11:05:46.400 +05:30 [INF] Request finished HTTP/1.1 GET https://localhost:7165/api/Products - 200 null application/json; charset=utf-8 39.3551ms
2025-08-10 11:05:46.442 +05:30 [INF] Request starting HTTP/1.1 GET https://localhost:7165/api/InvoiceTemplates - null null
2025-08-10 11:05:46.442 +05:30 [INF] Executing endpoint 'AuthNet.Controllers.InvoiceTemplatesController.GetAll (AuthNet)'
2025-08-10 11:05:46.442 +05:30 [INF] Route matched with {action = "GetAll", controller = "InvoiceTemplates"}. Executing controller action with signature System.Threading.Tasks.Task`1[Microsoft.AspNetCore.Mvc.IActionResult] GetAll() on controller AuthNet.Controllers.InvoiceTemplatesController (AuthNet).
2025-08-10 11:05:46.449 +05:30 [INF] Executed DbCommand (6ms) [Parameters=[], CommandType='"Text"', CommandTimeout='30']
SELECT [i].[Id], [i].[Layout], [i].[Notes], [i].[TermsAndConditions]
FROM [InvoiceTemplates] AS [i]
2025-08-10 11:05:46.450 +05:30 [INF] Executing OkObjectResult, writing value of type 'System.Collections.Generic.List`1[[AuthNet.Models.Domain.InvoiceTemplate, AuthNet, Version=1.0.0.0, Culture=neutral, PublicKeyToken=null]]'.
2025-08-10 11:05:46.450 +05:30 [INF] Executed action AuthNet.Controllers.InvoiceTemplatesController.GetAll (AuthNet) in 7.1186ms
2025-08-10 11:05:46.450 +05:30 [INF] Executed endpoint 'AuthNet.Controllers.InvoiceTemplatesController.GetAll (AuthNet)'
2025-08-10 11:05:46.450 +05:30 [INF] Request finished HTTP/1.1 GET https://localhost:7165/api/InvoiceTemplates - 200 null application/json; charset=utf-8 8.3601ms
2025-08-10 11:05:46.471 +05:30 [INF] Request starting HTTP/1.1 GET https://localhost:7165/api/categories - null null
2025-08-10 11:05:46.471 +05:30 [INF] Executing endpoint 'AuthNet.Controllers.CategoriesController.GetAll (AuthNet)'
2025-08-10 11:05:46.471 +05:30 [INF] Route matched with {action = "GetAll", controller = "Categories"}. Executing controller action with signature System.Threading.Tasks.Task`1[Microsoft.AspNetCore.Mvc.IActionResult] GetAll() on controller AuthNet.Controllers.CategoriesController (AuthNet).
2025-08-10 11:05:46.478 +05:30 [INF] Executed DbCommand (6ms) [Parameters=[], CommandType='"Text"', CommandTimeout='30']
SELECT [c].[CategoryId], [c].[Description], [c].[Name]
FROM [Categories] AS [c]
2025-08-10 11:05:46.480 +05:30 [INF] Executing OkObjectResult, writing value of type 'System.Collections.Generic.List`1[[AuthNet.Models.Domain.Category, AuthNet, Version=1.0.0.0, Culture=neutral, PublicKeyToken=null]]'.
2025-08-10 11:05:46.484 +05:30 [INF] Executed action AuthNet.Controllers.CategoriesController.GetAll (AuthNet) in 12.3171ms
2025-08-10 11:05:46.484 +05:30 [INF] Executed endpoint 'AuthNet.Controllers.CategoriesController.GetAll (AuthNet)'
2025-08-10 11:05:46.484 +05:30 [INF] Request finished HTTP/1.1 GET https://localhost:7165/api/categories - 200 null application/json; charset=utf-8 13.1645ms
2025-08-10 11:05:46.563 +05:30 [INF] Request starting HTTP/1.1 GET https://localhost:7165/api/Settings/Get - null null
2025-08-10 11:05:46.563 +05:30 [INF] Executing endpoint 'AuthNet.Controllers.SettingsController.GetCompanyInfo (AuthNet)'
2025-08-10 11:05:46.563 +05:30 [INF] Route matched with {action = "GetCompanyInfo", controller = "Settings"}. Executing controller action with signature System.Threading.Tasks.Task`1[Microsoft.AspNetCore.Mvc.IActionResult] GetCompanyInfo() on controller AuthNet.Controllers.SettingsController (AuthNet).
2025-08-10 11:05:46.613 +05:30 [INF] Executed DbCommand (48ms) [Parameters=[], CommandType='"Text"', CommandTimeout='30']
SELECT TOP(1) [c].[Id], [c].[Address], [c].[AlternateContactNumber], [c].[ContactNumber], [c].[Email], [c].[GSTIN], [c].[LogoFileExtension], [c].[LogoFilePath], [c].[LogoFileSizeInBytes], [c].[LogoName], [c].[Name], [c].[SignFileExtension], [c].[SignFilePath], [c].[SignFileSizeInBytes], [c].[SignName]
FROM [CompanyInfos] AS [c]
2025-08-10 11:05:46.613 +05:30 [INF] Executing OkObjectResult, writing value of type 'AuthNet.Models.DTO.CompanyInfoResponseDto'.
2025-08-10 11:05:46.613 +05:30 [INF] Executed action AuthNet.Controllers.SettingsController.GetCompanyInfo (AuthNet) in 50.064ms
2025-08-10 11:05:46.613 +05:30 [INF] Executed endpoint 'AuthNet.Controllers.SettingsController.GetCompanyInfo (AuthNet)'
2025-08-10 11:05:46.613 +05:30 [INF] Request finished HTTP/1.1 GET https://localhost:7165/api/Settings/Get - 200 null application/json; charset=utf-8 50.6601ms
2025-08-10 11:05:46.643 +05:30 [INF] Request starting HTTP/1.1 GET https://localhost:7165/api/TaxSettings - null null
2025-08-10 11:05:46.643 +05:30 [INF] Executing endpoint 'AuthNet.Controllers.TaxSettingsController.GetAll (AuthNet)'
2025-08-10 11:05:46.643 +05:30 [INF] Route matched with {action = "GetAll", controller = "TaxSettings"}. Executing controller action with signature System.Threading.Tasks.Task`1[Microsoft.AspNetCore.Mvc.IActionResult] GetAll() on controller AuthNet.Controllers.TaxSettingsController (AuthNet).
2025-08-10 11:05:46.650 +05:30 [INF] Executed DbCommand (6ms) [Parameters=[], CommandType='"Text"', CommandTimeout='30']
SELECT TOP(1) [t].[Id], [t].[CGST], [t].[IGST], [t].[SGST]
FROM [TaxSettings] AS [t]
2025-08-10 11:05:46.651 +05:30 [INF] Executing OkObjectResult, writing value of type 'AuthNet.Models.DTO.TaxSettingResponseDto'.
2025-08-10 11:05:46.651 +05:30 [INF] Executed action AuthNet.Controllers.TaxSettingsController.GetAll (AuthNet) in 7.7357ms
2025-08-10 11:05:46.651 +05:30 [INF] Executed endpoint 'AuthNet.Controllers.TaxSettingsController.GetAll (AuthNet)'
2025-08-10 11:05:46.651 +05:30 [INF] Request finished HTTP/1.1 GET https://localhost:7165/api/TaxSettings - 200 null application/json; charset=utf-8 8.2796ms
2025-08-10 11:06:03.050 +05:30 [INF] Request starting HTTP/1.1 GET https://localhost:7165/api/Sales/Yearly - null null
2025-08-10 11:06:03.051 +05:30 [INF] Executing endpoint 'AuthNet.Controllers.SalesController.GetYearlySales (AuthNet)'
2025-08-10 11:06:03.059 +05:30 [INF] Route matched with {action = "GetYearlySales", controller = "Sales"}. Executing controller action with signature System.Threading.Tasks.Task`1[Microsoft.AspNetCore.Mvc.IActionResult] GetYearlySales() on controller AuthNet.Controllers.SalesController (AuthNet).
2025-08-10 11:06:03.113 +05:30 [INF] Executed DbCommand (31ms) [Parameters=[@__start_0='?' (DbType = DateTime2), @__end_1='?' (DbType = DateTime2)], CommandType='"Text"', CommandTimeout='30']
SELECT [s].[Id], [s].[AfterTaxAmount], [s].[CreatedAt], [s].[DiscountedAmount], [s].[InvoiceDate], [s].[InvoiceNo], [s].[PrincipalAmount], [s].[Template], [s].[TotalAmount], [s0].[Id], [s0].[ProductId], [s0].[ProductName], [s0].[Quantity], [s0].[SaleId], [s0].[TotalPrice], [s0].[UnitPrice]
FROM [Sales] AS [s]
LEFT JOIN [SaleItems] AS [s0] ON [s].[Id] = [s0].[SaleId]
WHERE [s].[InvoiceDate] >= @__start_0 AND [s].[InvoiceDate] < @__end_1
ORDER BY [s].[Id]
2025-08-10 11:06:03.114 +05:30 [INF] Executing OkObjectResult, writing value of type 'AuthNet.Models.DTO.ReportResultDto'.
2025-08-10 11:06:03.114 +05:30 [INF] Executed action AuthNet.Controllers.SalesController.GetYearlySales (AuthNet) in 55.7038ms
2025-08-10 11:06:03.114 +05:30 [INF] Executed endpoint 'AuthNet.Controllers.SalesController.GetYearlySales (AuthNet)'
2025-08-10 11:06:03.115 +05:30 [INF] Request finished HTTP/1.1 GET https://localhost:7165/api/Sales/Yearly - 200 null application/json; charset=utf-8 64.4684ms
2025-08-10 11:06:08.417 +05:30 [INF] Request starting HTTP/1.1 GET https://localhost:7165/api/Tasks - null null
2025-08-10 11:06:08.417 +05:30 [INF] Executing endpoint 'AuthNet.Controllers.TasksController.GetTasks (AuthNet)'
2025-08-10 11:06:08.417 +05:30 [INF] Route matched with {action = "GetTasks", controller = "Tasks"}. Executing controller action with signature Microsoft.AspNetCore.Mvc.IActionResult GetTasks() on controller AuthNet.Controllers.TasksController (AuthNet).
2025-08-10 11:06:08.453 +05:30 [INF] Executed DbCommand (34ms) [Parameters=[], CommandType='"Text"', CommandTimeout='30']
SELECT [t].[Id], [t].[Title], [t].[DueDate]
FROM [Tasks] AS [t]
2025-08-10 11:06:08.453 +05:30 [INF] Executing OkObjectResult, writing value of type 'System.Collections.Generic.List`1[[AuthNet.Models.DTO.TaskItemDto, AuthNet, Version=1.0.0.0, Culture=neutral, PublicKeyToken=null]]'.
2025-08-10 11:06:08.453 +05:30 [INF] Executed action AuthNet.Controllers.TasksController.GetTasks (AuthNet) in 35.7232ms
2025-08-10 11:06:08.453 +05:30 [INF] Executed endpoint 'AuthNet.Controllers.TasksController.GetTasks (AuthNet)'
2025-08-10 11:06:08.453 +05:30 [INF] Request finished HTTP/1.1 GET https://localhost:7165/api/Tasks - 200 null application/json; charset=utf-8 36.2924ms
2025-08-10 11:06:37.745 +05:30 [INF] Request starting HTTP/1.1 GET https://localhost:7165/api/Products - null null
2025-08-10 11:06:37.745 +05:30 [INF] Executing endpoint 'AuthNet.Controllers.ProductsController.GetAll (AuthNet)'
2025-08-10 11:06:37.745 +05:30 [INF] Route matched with {action = "GetAll", controller = "Products"}. Executing controller action with signature System.Threading.Tasks.Task`1[Microsoft.AspNetCore.Mvc.IActionResult] GetAll() on controller AuthNet.Controllers.ProductsController (AuthNet).
2025-08-10 11:06:37.762 +05:30 [INF] Executed DbCommand (9ms) [Parameters=[], CommandType='"Text"', CommandTimeout='30']
SELECT [p].[ProductId], [p].[CategoryId], [p].[CostPrice], [p].[Description], [p].[Name], [p].[ProductCode], [p].[ProductKey], [p].[SellPrice], [p].[SupplierId]
FROM [Products] AS [p]
2025-08-10 11:06:37.765 +05:30 [INF] Executing OkObjectResult, writing value of type 'System.Collections.Generic.List`1[[AuthNet.Models.Domain.Product, AuthNet, Version=1.0.0.0, Culture=neutral, PublicKeyToken=null]]'.
2025-08-10 11:06:37.765 +05:30 [INF] Executed action AuthNet.Controllers.ProductsController.GetAll (AuthNet) in 20.1287ms
2025-08-10 11:06:37.765 +05:30 [INF] Executed endpoint 'AuthNet.Controllers.ProductsController.GetAll (AuthNet)'
2025-08-10 11:06:37.766 +05:30 [INF] Request finished HTTP/1.1 GET https://localhost:7165/api/Products - 200 null application/json; charset=utf-8 21.035ms
2025-08-10 11:06:37.794 +05:30 [INF] Request starting HTTP/1.1 GET https://localhost:7165/api/InvoiceTemplates - null null
2025-08-10 11:06:37.794 +05:30 [INF] Executing endpoint 'AuthNet.Controllers.InvoiceTemplatesController.GetAll (AuthNet)'
2025-08-10 11:06:37.794 +05:30 [INF] Route matched with {action = "GetAll", controller = "InvoiceTemplates"}. Executing controller action with signature System.Threading.Tasks.Task`1[Microsoft.AspNetCore.Mvc.IActionResult] GetAll() on controller AuthNet.Controllers.InvoiceTemplatesController (AuthNet).
2025-08-10 11:06:37.801 +05:30 [INF] Executed DbCommand (6ms) [Parameters=[], CommandType='"Text"', CommandTimeout='30']
SELECT [i].[Id], [i].[Layout], [i].[Notes], [i].[TermsAndConditions]
FROM [InvoiceTemplates] AS [i]
2025-08-10 11:06:37.801 +05:30 [INF] Executing OkObjectResult, writing value of type 'System.Collections.Generic.List`1[[AuthNet.Models.Domain.InvoiceTemplate, AuthNet, Version=1.0.0.0, Culture=neutral, PublicKeyToken=null]]'.
2025-08-10 11:06:37.801 +05:30 [INF] Executed action AuthNet.Controllers.InvoiceTemplatesController.GetAll (AuthNet) in 7.0086ms
2025-08-10 11:06:37.801 +05:30 [INF] Executed endpoint 'AuthNet.Controllers.InvoiceTemplatesController.GetAll (AuthNet)'
2025-08-10 11:06:37.801 +05:30 [INF] Request finished HTTP/1.1 GET https://localhost:7165/api/InvoiceTemplates - 200 null application/json; charset=utf-8 7.6551ms
2025-08-10 11:06:37.820 +05:30 [INF] Request starting HTTP/1.1 GET https://localhost:7165/api/categories - null null
2025-08-10 11:06:37.820 +05:30 [INF] Executing endpoint 'AuthNet.Controllers.CategoriesController.GetAll (AuthNet)'
2025-08-10 11:06:37.820 +05:30 [INF] Route matched with {action = "GetAll", controller = "Categories"}. Executing controller action with signature System.Threading.Tasks.Task`1[Microsoft.AspNetCore.Mvc.IActionResult] GetAll() on controller AuthNet.Controllers.CategoriesController (AuthNet).
2025-08-10 11:06:37.825 +05:30 [INF] Executed DbCommand (4ms) [Parameters=[], CommandType='"Text"', CommandTimeout='30']
SELECT [c].[CategoryId], [c].[Description], [c].[Name]
FROM [Categories] AS [c]
2025-08-10 11:06:37.826 +05:30 [INF] Executing OkObjectResult, writing value of type 'System.Collections.Generic.List`1[[AuthNet.Models.Domain.Category, AuthNet, Version=1.0.0.0, Culture=neutral, PublicKeyToken=null]]'.
2025-08-10 11:06:37.826 +05:30 [INF] Executed action AuthNet.Controllers.CategoriesController.GetAll (AuthNet) in 5.2609ms
2025-08-10 11:06:37.826 +05:30 [INF] Executed endpoint 'AuthNet.Controllers.CategoriesController.GetAll (AuthNet)'
2025-08-10 11:06:37.826 +05:30 [INF] Request finished HTTP/1.1 GET https://localhost:7165/api/categories - 200 null application/json; charset=utf-8 6.4026ms
2025-08-10 11:06:37.846 +05:30 [INF] Request starting HTTP/1.1 GET https://localhost:7165/api/Settings/Get - null null
2025-08-10 11:06:37.847 +05:30 [INF] Executing endpoint 'AuthNet.Controllers.SettingsController.GetCompanyInfo (AuthNet)'
2025-08-10 11:06:37.847 +05:30 [INF] Route matched with {action = "GetCompanyInfo", controller = "Settings"}. Executing controller action with signature System.Threading.Tasks.Task`1[Microsoft.AspNetCore.Mvc.IActionResult] GetCompanyInfo() on controller AuthNet.Controllers.SettingsController (AuthNet).
2025-08-10 11:06:37.860 +05:30 [INF] Executed DbCommand (11ms) [Parameters=[], CommandType='"Text"', CommandTimeout='30']
SELECT TOP(1) [c].[Id], [c].[Address], [c].[AlternateContactNumber], [c].[ContactNumber], [c].[Email], [c].[GSTIN], [c].[LogoFileExtension], [c].[LogoFilePath], [c].[LogoFileSizeInBytes], [c].[LogoName], [c].[Name], [c].[SignFileExtension], [c].[SignFilePath], [c].[SignFileSizeInBytes], [c].[SignName]
FROM [CompanyInfos] AS [c]
2025-08-10 11:06:37.860 +05:30 [INF] Executing OkObjectResult, writing value of type 'AuthNet.Models.DTO.CompanyInfoResponseDto'.
2025-08-10 11:06:37.860 +05:30 [INF] Executed action AuthNet.Controllers.SettingsController.GetCompanyInfo (AuthNet) in 13.5735ms
2025-08-10 11:06:37.861 +05:30 [INF] Executed endpoint 'AuthNet.Controllers.SettingsController.GetCompanyInfo (AuthNet)'
2025-08-10 11:06:37.861 +05:30 [INF] Request finished HTTP/1.1 GET https://localhost:7165/api/Settings/Get - 200 null application/json; charset=utf-8 14.465ms
2025-08-10 11:06:37.906 +05:30 [INF] Request starting HTTP/1.1 GET https://localhost:7165/api/TaxSettings - null null
2025-08-10 11:06:37.906 +05:30 [INF] Executing endpoint 'AuthNet.Controllers.TaxSettingsController.GetAll (AuthNet)'
2025-08-10 11:06:37.906 +05:30 [INF] Route matched with {action = "GetAll", controller = "TaxSettings"}. Executing controller action with signature System.Threading.Tasks.Task`1[Microsoft.AspNetCore.Mvc.IActionResult] GetAll() on controller AuthNet.Controllers.TaxSettingsController (AuthNet).
2025-08-10 11:06:37.914 +05:30 [INF] Executed DbCommand (7ms) [Parameters=[], CommandType='"Text"', CommandTimeout='30']
SELECT TOP(1) [t].[Id], [t].[CGST], [t].[IGST], [t].[SGST]
FROM [TaxSettings] AS [t]
2025-08-10 11:06:37.915 +05:30 [INF] Executing OkObjectResult, writing value of type 'AuthNet.Models.DTO.TaxSettingResponseDto'.
2025-08-10 11:06:37.915 +05:30 [INF] Executed action AuthNet.Controllers.TaxSettingsController.GetAll (AuthNet) in 8.2968ms
2025-08-10 11:06:37.915 +05:30 [INF] Executed endpoint 'AuthNet.Controllers.TaxSettingsController.GetAll (AuthNet)'
2025-08-10 11:06:37.915 +05:30 [INF] Request finished HTTP/1.1 GET https://localhost:7165/api/TaxSettings - 200 null application/json; charset=utf-8 9.0385ms
2025-08-10 11:09:35.409 +05:30 [INF] Request starting HTTP/1.1 GET https://localhost:7165/api/Tasks - null null
2025-08-10 11:09:35.409 +05:30 [INF] Executing endpoint 'AuthNet.Controllers.TasksController.GetTasks (AuthNet)'
2025-08-10 11:09:35.409 +05:30 [INF] Route matched with {action = "GetTasks", controller = "Tasks"}. Executing controller action with signature Microsoft.AspNetCore.Mvc.IActionResult GetTasks() on controller AuthNet.Controllers.TasksController (AuthNet).
2025-08-10 11:09:35.439 +05:30 [INF] Executed DbCommand (29ms) [Parameters=[], CommandType='"Text"', CommandTimeout='30']
SELECT [t].[Id], [t].[Title], [t].[DueDate]
FROM [Tasks] AS [t]
2025-08-10 11:09:35.440 +05:30 [INF] Executing OkObjectResult, writing value of type 'System.Collections.Generic.List`1[[AuthNet.Models.DTO.TaskItemDto, AuthNet, Version=1.0.0.0, Culture=neutral, PublicKeyToken=null]]'.
2025-08-10 11:09:35.440 +05:30 [INF] Executed action AuthNet.Controllers.TasksController.GetTasks (AuthNet) in 30.3535ms
2025-08-10 11:09:35.440 +05:30 [INF] Executed endpoint 'AuthNet.Controllers.TasksController.GetTasks (AuthNet)'
2025-08-10 11:09:35.440 +05:30 [INF] Request finished HTTP/1.1 GET https://localhost:7165/api/Tasks - 200 null application/json; charset=utf-8 31.2319ms
2025-08-10 11:09:48.971 +05:30 [INF] Request starting HTTP/1.1 GET https://localhost:7165/api/Sales/DailyProfit - null null
2025-08-10 11:09:48.971 +05:30 [INF] Executing endpoint 'AuthNet.Controllers.SalesController.GetDailyProfit (AuthNet)'
2025-08-10 11:09:48.971 +05:30 [INF] Route matched with {action = "GetDailyProfit", controller = "Sales"}. Executing controller action with signature System.Threading.Tasks.Task`1[Microsoft.AspNetCore.Mvc.IActionResult] GetDailyProfit() on controller AuthNet.Controllers.SalesController (AuthNet).
2025-08-10 11:09:49.028 +05:30 [INF] Executed DbCommand (55ms) [Parameters=[@__date_Date_0='?' (DbType = DateTime2)], CommandType='"Text"', CommandTimeout='30']
SELECT [s].[Id], [s].[ProductId], [s].[ProductName], [s].[Quantity], [s].[SaleId], [s].[TotalPrice], [s].[UnitPrice], [s0].[Id], [s0].[AfterTaxAmount], [s0].[CreatedAt], [s0].[DiscountedAmount], [s0].[InvoiceDate], [s0].[InvoiceNo], [s0].[PrincipalAmount], [s0].[Template], [s0].[TotalAmount]
FROM [SaleItems] AS [s]
INNER JOIN [Sales] AS [s0] ON [s].[SaleId] = [s0].[Id]
WHERE CONVERT(date, [s0].[InvoiceDate]) = @__date_Date_0
2025-08-10 11:09:49.039 +05:30 [INF] Executed DbCommand (9ms) [Parameters=[@__productIds_0='?' (Size = 4000)], CommandType='"Text"', CommandTimeout='30']
SELECT [p].[ProductId], [p].[CategoryId], [p].[CostPrice], [p].[Description], [p].[Name], [p].[ProductCode], [p].[ProductKey], [p].[SellPrice], [p].[SupplierId]
FROM [Products] AS [p]
WHERE [p].[ProductId] IN (
    SELECT [p0].[value]
    FROM OPENJSON(@__productIds_0) WITH ([value] int '$') AS [p0]
)
2025-08-10 11:09:49.039 +05:30 [INF] Executing OkObjectResult, writing value of type 'AuthNet.Models.DTO.DailyProfitDto'.
2025-08-10 11:09:49.039 +05:30 [INF] Executed action AuthNet.Controllers.SalesController.GetDailyProfit (AuthNet) in 68.2864ms
2025-08-10 11:09:49.039 +05:30 [INF] Executed endpoint 'AuthNet.Controllers.SalesController.GetDailyProfit (AuthNet)'
2025-08-10 11:09:49.040 +05:30 [INF] Request finished HTTP/1.1 GET https://localhost:7165/api/Sales/DailyProfit - 200 null application/json; charset=utf-8 69.01ms
2025-08-10 11:09:49.070 +05:30 [INF] Request starting HTTP/1.1 GET https://localhost:7165/api/Sales/CurrentMonthProfit - null null
2025-08-10 11:09:49.070 +05:30 [INF] Executing endpoint 'AuthNet.Controllers.SalesController.GetCurrentMonthProfit (AuthNet)'
2025-08-10 11:09:49.070 +05:30 [INF] Route matched with {action = "GetCurrentMonthProfit", controller = "Sales"}. Executing controller action with signature System.Threading.Tasks.Task`1[Microsoft.AspNetCore.Mvc.IActionResult] GetCurrentMonthProfit() on controller AuthNet.Controllers.SalesController (AuthNet).
2025-08-10 11:09:49.077 +05:30 [INF] Executed DbCommand (6ms) [Parameters=[@__currentYear_0='?' (DbType = Int32), @__currentMonth_1='?' (DbType = Int32)], CommandType='"Text"', CommandTimeout='30']
SELECT [s].[Id], [s].[ProductId], [s].[ProductName], [s].[Quantity], [s].[SaleId], [s].[TotalPrice], [s].[UnitPrice], [s0].[Id], [s0].[AfterTaxAmount], [s0].[CreatedAt], [s0].[DiscountedAmount], [s0].[InvoiceDate], [s0].[InvoiceNo], [s0].[PrincipalAmount], [s0].[Template], [s0].[TotalAmount]
FROM [SaleItems] AS [s]
INNER JOIN [Sales] AS [s0] ON [s].[SaleId] = [s0].[Id]
WHERE DATEPART(year, [s0].[InvoiceDate]) = @__currentYear_0 AND DATEPART(month, [s0].[InvoiceDate]) = @__currentMonth_1
2025-08-10 11:09:49.093 +05:30 [INF] Executed DbCommand (7ms) [Parameters=[@__productIds_0='?' (Size = 4000)], CommandType='"Text"', CommandTimeout='30']
SELECT [p].[ProductId], [p].[CategoryId], [p].[CostPrice], [p].[Description], [p].[Name], [p].[ProductCode], [p].[ProductKey], [p].[SellPrice], [p].[SupplierId]
FROM [Products] AS [p]
WHERE [p].[ProductId] IN (
    SELECT [p0].[value]
    FROM OPENJSON(@__productIds_0) WITH ([value] int '$') AS [p0]
)
2025-08-10 11:09:49.093 +05:30 [INF] Executing OkObjectResult, writing value of type 'AuthNet.Models.DTO.MonthlyProfitDto'.
2025-08-10 11:09:49.093 +05:30 [INF] Executed action AuthNet.Controllers.SalesController.GetCurrentMonthProfit (AuthNet) in 23.0799ms
2025-08-10 11:09:49.093 +05:30 [INF] Executed endpoint 'AuthNet.Controllers.SalesController.GetCurrentMonthProfit (AuthNet)'
2025-08-10 11:09:49.094 +05:30 [INF] Request finished HTTP/1.1 GET https://localhost:7165/api/Sales/CurrentMonthProfit - 200 null application/json; charset=utf-8 23.6468ms
2025-08-10 11:09:49.190 +05:30 [INF] Request starting HTTP/1.1 GET https://localhost:7165/api/Sales/CurrentYearProfit - null null
2025-08-10 11:09:49.190 +05:30 [INF] Executing endpoint 'AuthNet.Controllers.SalesController.GetCurrentYearProfit (AuthNet)'
2025-08-10 11:09:49.191 +05:30 [INF] Route matched with {action = "GetCurrentYearProfit", controller = "Sales"}. Executing controller action with signature System.Threading.Tasks.Task`1[Microsoft.AspNetCore.Mvc.IActionResult] GetCurrentYearProfit() on controller AuthNet.Controllers.SalesController (AuthNet).
2025-08-10 11:09:49.209 +05:30 [INF] Executed DbCommand (17ms) [Parameters=[@__currentYear_0='?' (DbType = Int32)], CommandType='"Text"', CommandTimeout='30']
SELECT [s].[Id], [s].[ProductId], [s].[ProductName], [s].[Quantity], [s].[SaleId], [s].[TotalPrice], [s].[UnitPrice], [s0].[Id], [s0].[AfterTaxAmount], [s0].[CreatedAt], [s0].[DiscountedAmount], [s0].[InvoiceDate], [s0].[InvoiceNo], [s0].[PrincipalAmount], [s0].[Template], [s0].[TotalAmount]
FROM [SaleItems] AS [s]
INNER JOIN [Sales] AS [s0] ON [s].[SaleId] = [s0].[Id]
WHERE DATEPART(year, [s0].[InvoiceDate]) = @__currentYear_0
2025-08-10 11:09:49.266 +05:30 [INF] Executed DbCommand (56ms) [Parameters=[@__productIds_0='?' (Size = 4000)], CommandType='"Text"', CommandTimeout='30']
SELECT [p].[ProductId], [p].[CategoryId], [p].[CostPrice], [p].[Description], [p].[Name], [p].[ProductCode], [p].[ProductKey], [p].[SellPrice], [p].[SupplierId]
FROM [Products] AS [p]
WHERE [p].[ProductId] IN (
    SELECT [p0].[value]
    FROM OPENJSON(@__productIds_0) WITH ([value] int '$') AS [p0]
)
2025-08-10 11:09:49.266 +05:30 [INF] Executing OkObjectResult, writing value of type 'AuthNet.Models.DTO.YearlyProfitDto'.
2025-08-10 11:09:49.267 +05:30 [INF] Executed action AuthNet.Controllers.SalesController.GetCurrentYearProfit (AuthNet) in 75.9312ms
2025-08-10 11:09:49.267 +05:30 [INF] Executed endpoint 'AuthNet.Controllers.SalesController.GetCurrentYearProfit (AuthNet)'
2025-08-10 11:09:49.267 +05:30 [INF] Request finished HTTP/1.1 GET https://localhost:7165/api/Sales/CurrentYearProfit - 200 null application/json; charset=utf-8 77.422ms
2025-08-10 11:09:49.286 +05:30 [INF] Request starting HTTP/1.1 GET https://localhost:7165/api/Products/count - null null
2025-08-10 11:09:49.287 +05:30 [INF] Executing endpoint 'AuthNet.Controllers.ProductsController.GetProductCount (AuthNet)'
2025-08-10 11:09:49.287 +05:30 [INF] Route matched with {action = "GetProductCount", controller = "Products"}. Executing controller action with signature System.Threading.Tasks.Task`1[Microsoft.AspNetCore.Mvc.IActionResult] GetProductCount() on controller AuthNet.Controllers.ProductsController (AuthNet).
2025-08-10 11:09:49.426 +05:30 [INF] Executed DbCommand (138ms) [Parameters=[], CommandType='"Text"', CommandTimeout='30']
SELECT COUNT(*)
FROM [Products] AS [p]
2025-08-10 11:09:49.426 +05:30 [INF] Executing OkObjectResult, writing value of type 'System.Int32'.
2025-08-10 11:09:49.427 +05:30 [INF] Executed action AuthNet.Controllers.ProductsController.GetProductCount (AuthNet) in 139.8768ms
2025-08-10 11:09:49.427 +05:30 [INF] Executed endpoint 'AuthNet.Controllers.ProductsController.GetProductCount (AuthNet)'
2025-08-10 11:09:49.430 +05:30 [INF] Request finished HTTP/1.1 GET https://localhost:7165/api/Products/count - 200 null application/json; charset=utf-8 144.1214ms
2025-08-10 11:09:49.516 +05:30 [INF] Request starting HTTP/1.1 GET https://localhost:7165/api/Suppliers/count - null null
2025-08-10 11:09:49.516 +05:30 [INF] Executing endpoint 'AuthNet.Controllers.SuppliersController.GetSupplierCount (AuthNet)'
2025-08-10 11:09:49.516 +05:30 [INF] Route matched with {action = "GetSupplierCount", controller = "Suppliers"}. Executing controller action with signature System.Threading.Tasks.Task`1[Microsoft.AspNetCore.Mvc.IActionResult] GetSupplierCount() on controller AuthNet.Controllers.SuppliersController (AuthNet).
2025-08-10 11:09:49.543 +05:30 [INF] Executed DbCommand (26ms) [Parameters=[], CommandType='"Text"', CommandTimeout='30']
SELECT COUNT(*)
FROM [Suppliers] AS [s]
2025-08-10 11:09:49.544 +05:30 [INF] Executing OkObjectResult, writing value of type 'System.Int32'.
2025-08-10 11:09:49.544 +05:30 [INF] Executed action AuthNet.Controllers.SuppliersController.GetSupplierCount (AuthNet) in 27.1445ms
2025-08-10 11:09:49.544 +05:30 [INF] Executed endpoint 'AuthNet.Controllers.SuppliersController.GetSupplierCount (AuthNet)'
2025-08-10 11:09:49.544 +05:30 [INF] Request finished HTTP/1.1 GET https://localhost:7165/api/Suppliers/count - 200 null application/json; charset=utf-8 27.8345ms
2025-08-10 11:09:49.597 +05:30 [INF] Request starting HTTP/1.1 GET https://localhost:7165/api/Categories/count - null null
2025-08-10 11:09:49.598 +05:30 [INF] Executing endpoint 'AuthNet.Controllers.CategoriesController.GetCategoryCount (AuthNet)'
2025-08-10 11:09:49.598 +05:30 [INF] Route matched with {action = "GetCategoryCount", controller = "Categories"}. Executing controller action with signature System.Threading.Tasks.Task`1[Microsoft.AspNetCore.Mvc.IActionResult] GetCategoryCount() on controller AuthNet.Controllers.CategoriesController (AuthNet).
2025-08-10 11:09:49.610 +05:30 [INF] Executed DbCommand (9ms) [Parameters=[], CommandType='"Text"', CommandTimeout='30']
SELECT COUNT(*)
FROM [Categories] AS [c]
2025-08-10 11:09:49.610 +05:30 [INF] Executing OkObjectResult, writing value of type 'System.Int32'.
2025-08-10 11:09:49.610 +05:30 [INF] Executed action AuthNet.Controllers.CategoriesController.GetCategoryCount (AuthNet) in 12.0593ms
2025-08-10 11:09:49.610 +05:30 [INF] Executed endpoint 'AuthNet.Controllers.CategoriesController.GetCategoryCount (AuthNet)'
2025-08-10 11:09:49.611 +05:30 [INF] Request finished HTTP/1.1 GET https://localhost:7165/api/Categories/count - 200 null application/json; charset=utf-8 13.8193ms
2025-08-10 11:09:49.634 +05:30 [INF] Request starting HTTP/1.1 GET https://localhost:7165/api/Orders/count - null null
2025-08-10 11:09:49.635 +05:30 [INF] Executing endpoint 'AuthNet.Controllers.OrdersController.GetOrderCount (AuthNet)'
2025-08-10 11:09:49.635 +05:30 [INF] Route matched with {action = "GetOrderCount", controller = "Orders"}. Executing controller action with signature System.Threading.Tasks.Task`1[Microsoft.AspNetCore.Mvc.IActionResult] GetOrderCount() on controller AuthNet.Controllers.OrdersController (AuthNet).
2025-08-10 11:09:49.658 +05:30 [INF] Executed DbCommand (21ms) [Parameters=[], CommandType='"Text"', CommandTimeout='30']
SELECT COUNT(*)
FROM [Orders] AS [o]
2025-08-10 11:09:49.658 +05:30 [INF] Executing OkObjectResult, writing value of type 'System.Int32'.
2025-08-10 11:09:49.658 +05:30 [INF] Executed action AuthNet.Controllers.OrdersController.GetOrderCount (AuthNet) in 23.6056ms
2025-08-10 11:09:49.658 +05:30 [INF] Executed endpoint 'AuthNet.Controllers.OrdersController.GetOrderCount (AuthNet)'
2025-08-10 11:09:49.659 +05:30 [INF] Request finished HTTP/1.1 GET https://localhost:7165/api/Orders/count - 200 null application/json; charset=utf-8 24.3242ms
2025-08-10 11:09:49.743 +05:30 [INF] Request starting HTTP/1.1 GET https://localhost:7165/api/Customers/count - null null
2025-08-10 11:09:49.743 +05:30 [INF] Executing endpoint 'AuthNet.Controllers.CustomersController.GetCustomerCount (AuthNet)'
2025-08-10 11:09:49.743 +05:30 [INF] Route matched with {action = "GetCustomerCount", controller = "Customers"}. Executing controller action with signature System.Threading.Tasks.Task`1[Microsoft.AspNetCore.Mvc.IActionResult] GetCustomerCount() on controller AuthNet.Controllers.CustomersController (AuthNet).
2025-08-10 11:09:49.796 +05:30 [INF] Executed DbCommand (51ms) [Parameters=[], CommandType='"Text"', CommandTimeout='30']
SELECT COUNT(*)
FROM [Customers] AS [c]
2025-08-10 11:09:49.797 +05:30 [INF] Executing OkObjectResult, writing value of type 'System.Int32'.
2025-08-10 11:09:49.797 +05:30 [INF] Executed action AuthNet.Controllers.CustomersController.GetCustomerCount (AuthNet) in 53.1485ms
2025-08-10 11:09:49.797 +05:30 [INF] Executed endpoint 'AuthNet.Controllers.CustomersController.GetCustomerCount (AuthNet)'
2025-08-10 11:09:49.797 +05:30 [INF] Request finished HTTP/1.1 GET https://localhost:7165/api/Customers/count - 200 null application/json; charset=utf-8 54.3713ms
2025-08-10 11:09:49.818 +05:30 [INF] Request starting HTTP/1.1 GET https://localhost:7165/api/Tasks - null null
2025-08-10 11:09:49.818 +05:30 [INF] Executing endpoint 'AuthNet.Controllers.TasksController.GetTasks (AuthNet)'
2025-08-10 11:09:49.818 +05:30 [INF] Route matched with {action = "GetTasks", controller = "Tasks"}. Executing controller action with signature Microsoft.AspNetCore.Mvc.IActionResult GetTasks() on controller AuthNet.Controllers.TasksController (AuthNet).
2025-08-10 11:09:49.824 +05:30 [INF] Executed DbCommand (4ms) [Parameters=[], CommandType='"Text"', CommandTimeout='30']
SELECT [t].[Id], [t].[Title], [t].[DueDate]
FROM [Tasks] AS [t]
2025-08-10 11:09:49.824 +05:30 [INF] Executing OkObjectResult, writing value of type 'System.Collections.Generic.List`1[[AuthNet.Models.DTO.TaskItemDto, AuthNet, Version=1.0.0.0, Culture=neutral, PublicKeyToken=null]]'.
2025-08-10 11:09:49.824 +05:30 [INF] Executed action AuthNet.Controllers.TasksController.GetTasks (AuthNet) in 5.8945ms
2025-08-10 11:09:49.824 +05:30 [INF] Executed endpoint 'AuthNet.Controllers.TasksController.GetTasks (AuthNet)'
2025-08-10 11:09:49.824 +05:30 [INF] Request finished HTTP/1.1 GET https://localhost:7165/api/Tasks - 200 null application/json; charset=utf-8 6.4964ms
2025-08-10 11:09:49.842 +05:30 [INF] Request starting HTTP/1.1 GET https://localhost:7165/api/Settings/Get - null null
2025-08-10 11:09:49.842 +05:30 [INF] Executing endpoint 'AuthNet.Controllers.SettingsController.GetCompanyInfo (AuthNet)'
2025-08-10 11:09:49.842 +05:30 [INF] Route matched with {action = "GetCompanyInfo", controller = "Settings"}. Executing controller action with signature System.Threading.Tasks.Task`1[Microsoft.AspNetCore.Mvc.IActionResult] GetCompanyInfo() on controller AuthNet.Controllers.SettingsController (AuthNet).
2025-08-10 11:09:49.852 +05:30 [INF] Executed DbCommand (9ms) [Parameters=[], CommandType='"Text"', CommandTimeout='30']
SELECT TOP(1) [c].[Id], [c].[Address], [c].[AlternateContactNumber], [c].[ContactNumber], [c].[Email], [c].[GSTIN], [c].[LogoFileExtension], [c].[LogoFilePath], [c].[LogoFileSizeInBytes], [c].[LogoName], [c].[Name], [c].[SignFileExtension], [c].[SignFilePath], [c].[SignFileSizeInBytes], [c].[SignName]
FROM [CompanyInfos] AS [c]
2025-08-10 11:09:49.852 +05:30 [INF] Executing OkObjectResult, writing value of type 'AuthNet.Models.DTO.CompanyInfoResponseDto'.
2025-08-10 11:09:49.853 +05:30 [INF] Executed action AuthNet.Controllers.SettingsController.GetCompanyInfo (AuthNet) in 10.065ms
2025-08-10 11:09:49.853 +05:30 [INF] Executed endpoint 'AuthNet.Controllers.SettingsController.GetCompanyInfo (AuthNet)'
2025-08-10 11:09:49.853 +05:30 [INF] Request finished HTTP/1.1 GET https://localhost:7165/api/Settings/Get - 200 null application/json; charset=utf-8 10.7672ms
2025-08-10 11:09:50.141 +05:30 [INF] Request starting HTTP/2 GET https://localhost:7165/api/Sales/WeeklyProfit - null null
2025-08-10 11:09:50.141 +05:30 [INF] CORS policy execution successful.
2025-08-10 11:09:50.141 +05:30 [INF] Executing endpoint 'AuthNet.Controllers.SalesController.GetWeeklyProfit (AuthNet)'
2025-08-10 11:09:50.141 +05:30 [INF] Route matched with {action = "GetWeeklyProfit", controller = "Sales"}. Executing controller action with signature System.Threading.Tasks.Task`1[Microsoft.AspNetCore.Mvc.IActionResult] GetWeeklyProfit() on controller AuthNet.Controllers.SalesController (AuthNet).
2025-08-10 11:09:50.141 +05:30 [INF] Request starting HTTP/2 GET https://localhost:7165/api/Products/CategoryWiseProductCount - null null
2025-08-10 11:09:50.142 +05:30 [INF] CORS policy execution successful.
2025-08-10 11:09:50.142 +05:30 [INF] Executing endpoint 'AuthNet.Controllers.ProductsController.GetCategoryWiseProductCount (AuthNet)'
2025-08-10 11:09:50.142 +05:30 [INF] Route matched with {action = "GetCategoryWiseProductCount", controller = "Products"}. Executing controller action with signature System.Threading.Tasks.Task`1[Microsoft.AspNetCore.Mvc.IActionResult] GetCategoryWiseProductCount() on controller AuthNet.Controllers.ProductsController (AuthNet).
2025-08-10 11:09:50.370 +05:30 [INF] Executed DbCommand (228ms) [Parameters=[@__startDate_0='?' (DbType = DateTime2), @__endDate_1='?' (DbType = DateTime2)], CommandType='"Text"', CommandTimeout='30']
SELECT [s].[Id], [s].[ProductId], [s].[ProductName], [s].[Quantity], [s].[SaleId], [s].[TotalPrice], [s].[UnitPrice], [s0].[Id], [s0].[AfterTaxAmount], [s0].[CreatedAt], [s0].[DiscountedAmount], [s0].[InvoiceDate], [s0].[InvoiceNo], [s0].[PrincipalAmount], [s0].[Template], [s0].[TotalAmount]
FROM [SaleItems] AS [s]
INNER JOIN [Sales] AS [s0] ON [s].[SaleId] = [s0].[Id]
WHERE CONVERT(date, [s0].[InvoiceDate]) >= @__startDate_0 AND CONVERT(date, [s0].[InvoiceDate]) <= @__endDate_1
2025-08-10 11:09:50.520 +05:30 [INF] Executed DbCommand (149ms) [Parameters=[@__productIds_0='?' (Size = 4000)], CommandType='"Text"', CommandTimeout='30']
SELECT [p].[ProductId], [p].[CategoryId], [p].[CostPrice], [p].[Description], [p].[Name], [p].[ProductCode], [p].[ProductKey], [p].[SellPrice], [p].[SupplierId]
FROM [Products] AS [p]
WHERE [p].[ProductId] IN (
    SELECT [p0].[value]
    FROM OPENJSON(@__productIds_0) WITH ([value] int '$') AS [p0]
)
2025-08-10 11:09:50.522 +05:30 [INF] Executing OkObjectResult, writing value of type 'System.Collections.Generic.List`1[[AuthNet.Models.DTO.DailyProfitDto, AuthNet, Version=1.0.0.0, Culture=neutral, PublicKeyToken=null]]'.
2025-08-10 11:09:50.522 +05:30 [INF] Executed action AuthNet.Controllers.SalesController.GetWeeklyProfit (AuthNet) in 380.83ms
2025-08-10 11:09:50.522 +05:30 [INF] Executed endpoint 'AuthNet.Controllers.SalesController.GetWeeklyProfit (AuthNet)'
2025-08-10 11:09:50.523 +05:30 [INF] Request finished HTTP/2 GET https://localhost:7165/api/Sales/WeeklyProfit - 200 null application/json; charset=utf-8 382.1514ms
2025-08-10 11:09:51.039 +05:30 [INF] Executed DbCommand (663ms) [Parameters=[], CommandType='"Text"', CommandTimeout='30']
SELECT [c].[Name] AS [CategoryName], COUNT(*) AS [ProductCount]
FROM [Products] AS [p]
LEFT JOIN [Categories] AS [c] ON [p].[CategoryId] = [c].[CategoryId]
WHERE [c].[CategoryId] IS NOT NULL
GROUP BY [c].[Name]
2025-08-10 11:09:51.040 +05:30 [INF] Executing OkObjectResult, writing value of type 'System.Collections.Generic.List`1[[AuthNet.Models.DTO.CategoryProductCountDto, AuthNet, Version=1.0.0.0, Culture=neutral, PublicKeyToken=null]]'.
2025-08-10 11:09:51.040 +05:30 [INF] Executed action AuthNet.Controllers.ProductsController.GetCategoryWiseProductCount (AuthNet) in 897.9918ms
2025-08-10 11:09:51.040 +05:30 [INF] Executed endpoint 'AuthNet.Controllers.ProductsController.GetCategoryWiseProductCount (AuthNet)'
2025-08-10 11:09:51.040 +05:30 [INF] Request finished HTTP/2 GET https://localhost:7165/api/Products/CategoryWiseProductCount - 200 null application/json; charset=utf-8 898.5987ms
2025-08-10 11:10:29.437 +05:30 [INF] Request starting HTTP/1.1 GET https://localhost:7165/api/Sales/DailyProfit - null null
2025-08-10 11:10:29.437 +05:30 [INF] Executing endpoint 'AuthNet.Controllers.SalesController.GetDailyProfit (AuthNet)'
2025-08-10 11:10:29.438 +05:30 [INF] Route matched with {action = "GetDailyProfit", controller = "Sales"}. Executing controller action with signature System.Threading.Tasks.Task`1[Microsoft.AspNetCore.Mvc.IActionResult] GetDailyProfit() on controller AuthNet.Controllers.SalesController (AuthNet).
2025-08-10 11:10:29.474 +05:30 [INF] Executed DbCommand (34ms) [Parameters=[@__date_Date_0='?' (DbType = DateTime2)], CommandType='"Text"', CommandTimeout='30']
SELECT [s].[Id], [s].[ProductId], [s].[ProductName], [s].[Quantity], [s].[SaleId], [s].[TotalPrice], [s].[UnitPrice], [s0].[Id], [s0].[AfterTaxAmount], [s0].[CreatedAt], [s0].[DiscountedAmount], [s0].[InvoiceDate], [s0].[InvoiceNo], [s0].[PrincipalAmount], [s0].[Template], [s0].[TotalAmount]
FROM [SaleItems] AS [s]
INNER JOIN [Sales] AS [s0] ON [s].[SaleId] = [s0].[Id]
WHERE CONVERT(date, [s0].[InvoiceDate]) = @__date_Date_0
2025-08-10 11:10:29.515 +05:30 [INF] Executed DbCommand (30ms) [Parameters=[@__productIds_0='?' (Size = 4000)], CommandType='"Text"', CommandTimeout='30']
SELECT [p].[ProductId], [p].[CategoryId], [p].[CostPrice], [p].[Description], [p].[Name], [p].[ProductCode], [p].[ProductKey], [p].[SellPrice], [p].[SupplierId]
FROM [Products] AS [p]
WHERE [p].[ProductId] IN (
    SELECT [p0].[value]
    FROM OPENJSON(@__productIds_0) WITH ([value] int '$') AS [p0]
)
2025-08-10 11:10:29.516 +05:30 [INF] Executing OkObjectResult, writing value of type 'AuthNet.Models.DTO.DailyProfitDto'.
2025-08-10 11:10:29.516 +05:30 [INF] Executed action AuthNet.Controllers.SalesController.GetDailyProfit (AuthNet) in 78.0823ms
2025-08-10 11:10:29.516 +05:30 [INF] Executed endpoint 'AuthNet.Controllers.SalesController.GetDailyProfit (AuthNet)'
2025-08-10 11:10:29.516 +05:30 [INF] Request finished HTTP/1.1 GET https://localhost:7165/api/Sales/DailyProfit - 200 null application/json; charset=utf-8 79.0551ms
2025-08-10 11:10:29.538 +05:30 [INF] Request starting HTTP/1.1 GET https://localhost:7165/api/Sales/CurrentMonthProfit - null null
2025-08-10 11:10:29.538 +05:30 [INF] Executing endpoint 'AuthNet.Controllers.SalesController.GetCurrentMonthProfit (AuthNet)'
2025-08-10 11:10:29.538 +05:30 [INF] Route matched with {action = "GetCurrentMonthProfit", controller = "Sales"}. Executing controller action with signature System.Threading.Tasks.Task`1[Microsoft.AspNetCore.Mvc.IActionResult] GetCurrentMonthProfit() on controller AuthNet.Controllers.SalesController (AuthNet).
2025-08-10 11:10:29.548 +05:30 [INF] Executed DbCommand (9ms) [Parameters=[@__currentYear_0='?' (DbType = Int32), @__currentMonth_1='?' (DbType = Int32)], CommandType='"Text"', CommandTimeout='30']
SELECT [s].[Id], [s].[ProductId], [s].[ProductName], [s].[Quantity], [s].[SaleId], [s].[TotalPrice], [s].[UnitPrice], [s0].[Id], [s0].[AfterTaxAmount], [s0].[CreatedAt], [s0].[DiscountedAmount], [s0].[InvoiceDate], [s0].[InvoiceNo], [s0].[PrincipalAmount], [s0].[Template], [s0].[TotalAmount]
FROM [SaleItems] AS [s]
INNER JOIN [Sales] AS [s0] ON [s].[SaleId] = [s0].[Id]
WHERE DATEPART(year, [s0].[InvoiceDate]) = @__currentYear_0 AND DATEPART(month, [s0].[InvoiceDate]) = @__currentMonth_1
2025-08-10 11:10:29.550 +05:30 [INF] Executed DbCommand (1ms) [Parameters=[@__productIds_0='?' (Size = 4000)], CommandType='"Text"', CommandTimeout='30']
SELECT [p].[ProductId], [p].[CategoryId], [p].[CostPrice], [p].[Description], [p].[Name], [p].[ProductCode], [p].[ProductKey], [p].[SellPrice], [p].[SupplierId]
FROM [Products] AS [p]
WHERE [p].[ProductId] IN (
    SELECT [p0].[value]
    FROM OPENJSON(@__productIds_0) WITH ([value] int '$') AS [p0]
)
2025-08-10 11:10:29.550 +05:30 [INF] Executing OkObjectResult, writing value of type 'AuthNet.Models.DTO.MonthlyProfitDto'.
2025-08-10 11:10:29.550 +05:30 [INF] Executed action AuthNet.Controllers.SalesController.GetCurrentMonthProfit (AuthNet) in 12.2046ms
2025-08-10 11:10:29.550 +05:30 [INF] Executed endpoint 'AuthNet.Controllers.SalesController.GetCurrentMonthProfit (AuthNet)'
2025-08-10 11:10:29.551 +05:30 [INF] Request finished HTTP/1.1 GET https://localhost:7165/api/Sales/CurrentMonthProfit - 200 null application/json; charset=utf-8 13.0722ms
2025-08-10 11:10:29.588 +05:30 [INF] Request starting HTTP/1.1 GET https://localhost:7165/api/Sales/CurrentYearProfit - null null
2025-08-10 11:10:29.588 +05:30 [INF] Executing endpoint 'AuthNet.Controllers.SalesController.GetCurrentYearProfit (AuthNet)'
2025-08-10 11:10:29.589 +05:30 [INF] Route matched with {action = "GetCurrentYearProfit", controller = "Sales"}. Executing controller action with signature System.Threading.Tasks.Task`1[Microsoft.AspNetCore.Mvc.IActionResult] GetCurrentYearProfit() on controller AuthNet.Controllers.SalesController (AuthNet).
2025-08-10 11:10:29.607 +05:30 [INF] Executed DbCommand (17ms) [Parameters=[@__currentYear_0='?' (DbType = Int32)], CommandType='"Text"', CommandTimeout='30']
SELECT [s].[Id], [s].[ProductId], [s].[ProductName], [s].[Quantity], [s].[SaleId], [s].[TotalPrice], [s].[UnitPrice], [s0].[Id], [s0].[AfterTaxAmount], [s0].[CreatedAt], [s0].[DiscountedAmount], [s0].[InvoiceDate], [s0].[InvoiceNo], [s0].[PrincipalAmount], [s0].[Template], [s0].[TotalAmount]
FROM [SaleItems] AS [s]
INNER JOIN [Sales] AS [s0] ON [s].[SaleId] = [s0].[Id]
WHERE DATEPART(year, [s0].[InvoiceDate]) = @__currentYear_0
2025-08-10 11:10:29.612 +05:30 [INF] Executed DbCommand (2ms) [Parameters=[@__productIds_0='?' (Size = 4000)], CommandType='"Text"', CommandTimeout='30']
SELECT [p].[ProductId], [p].[CategoryId], [p].[CostPrice], [p].[Description], [p].[Name], [p].[ProductCode], [p].[ProductKey], [p].[SellPrice], [p].[SupplierId]
FROM [Products] AS [p]
WHERE [p].[ProductId] IN (
    SELECT [p0].[value]
    FROM OPENJSON(@__productIds_0) WITH ([value] int '$') AS [p0]
)
2025-08-10 11:10:29.612 +05:30 [INF] Executing OkObjectResult, writing value of type 'AuthNet.Models.DTO.YearlyProfitDto'.
2025-08-10 11:10:29.613 +05:30 [INF] Executed action AuthNet.Controllers.SalesController.GetCurrentYearProfit (AuthNet) in 23.8965ms
2025-08-10 11:10:29.613 +05:30 [INF] Executed endpoint 'AuthNet.Controllers.SalesController.GetCurrentYearProfit (AuthNet)'
2025-08-10 11:10:29.613 +05:30 [INF] Request finished HTTP/1.1 GET https://localhost:7165/api/Sales/CurrentYearProfit - 200 null application/json; charset=utf-8 24.6831ms
2025-08-10 11:10:29.633 +05:30 [INF] Request starting HTTP/1.1 GET https://localhost:7165/api/Products/count - null null
2025-08-10 11:10:29.633 +05:30 [INF] Executing endpoint 'AuthNet.Controllers.ProductsController.GetProductCount (AuthNet)'
2025-08-10 11:10:29.633 +05:30 [INF] Route matched with {action = "GetProductCount", controller = "Products"}. Executing controller action with signature System.Threading.Tasks.Task`1[Microsoft.AspNetCore.Mvc.IActionResult] GetProductCount() on controller AuthNet.Controllers.ProductsController (AuthNet).
2025-08-10 11:10:29.641 +05:30 [INF] Executed DbCommand (7ms) [Parameters=[], CommandType='"Text"', CommandTimeout='30']
SELECT COUNT(*)
FROM [Products] AS [p]
2025-08-10 11:10:29.642 +05:30 [INF] Executing OkObjectResult, writing value of type 'System.Int32'.
2025-08-10 11:10:29.642 +05:30 [INF] Executed action AuthNet.Controllers.ProductsController.GetProductCount (AuthNet) in 9.1047ms
2025-08-10 11:10:29.642 +05:30 [INF] Executed endpoint 'AuthNet.Controllers.ProductsController.GetProductCount (AuthNet)'
2025-08-10 11:10:29.643 +05:30 [INF] Request finished HTTP/1.1 GET https://localhost:7165/api/Products/count - 200 null application/json; charset=utf-8 10.0389ms
2025-08-10 11:10:29.692 +05:30 [INF] Request starting HTTP/1.1 GET https://localhost:7165/api/Suppliers/count - null null
2025-08-10 11:10:29.694 +05:30 [INF] Executing endpoint 'AuthNet.Controllers.SuppliersController.GetSupplierCount (AuthNet)'
2025-08-10 11:10:29.694 +05:30 [INF] Route matched with {action = "GetSupplierCount", controller = "Suppliers"}. Executing controller action with signature System.Threading.Tasks.Task`1[Microsoft.AspNetCore.Mvc.IActionResult] GetSupplierCount() on controller AuthNet.Controllers.SuppliersController (AuthNet).
2025-08-10 11:10:29.741 +05:30 [INF] Executed DbCommand (43ms) [Parameters=[], CommandType='"Text"', CommandTimeout='30']
SELECT COUNT(*)
FROM [Suppliers] AS [s]
2025-08-10 11:10:29.741 +05:30 [INF] Executing OkObjectResult, writing value of type 'System.Int32'.
2025-08-10 11:10:29.741 +05:30 [INF] Executed action AuthNet.Controllers.SuppliersController.GetSupplierCount (AuthNet) in 46.5258ms
2025-08-10 11:10:29.741 +05:30 [INF] Executed endpoint 'AuthNet.Controllers.SuppliersController.GetSupplierCount (AuthNet)'
2025-08-10 11:10:29.741 +05:30 [INF] Request finished HTTP/1.1 GET https://localhost:7165/api/Suppliers/count - 200 null application/json; charset=utf-8 49.1563ms
2025-08-10 11:10:29.775 +05:30 [INF] Request starting HTTP/1.1 GET https://localhost:7165/api/Categories/count - null null
2025-08-10 11:10:29.775 +05:30 [INF] Executing endpoint 'AuthNet.Controllers.CategoriesController.GetCategoryCount (AuthNet)'
2025-08-10 11:10:29.775 +05:30 [INF] Route matched with {action = "GetCategoryCount", controller = "Categories"}. Executing controller action with signature System.Threading.Tasks.Task`1[Microsoft.AspNetCore.Mvc.IActionResult] GetCategoryCount() on controller AuthNet.Controllers.CategoriesController (AuthNet).
2025-08-10 11:10:29.795 +05:30 [INF] Executed DbCommand (17ms) [Parameters=[], CommandType='"Text"', CommandTimeout='30']
SELECT COUNT(*)
FROM [Categories] AS [c]
2025-08-10 11:10:29.795 +05:30 [INF] Executing OkObjectResult, writing value of type 'System.Int32'.
2025-08-10 11:10:29.795 +05:30 [INF] Executed action AuthNet.Controllers.CategoriesController.GetCategoryCount (AuthNet) in 20.1114ms
2025-08-10 11:10:29.796 +05:30 [INF] Executed endpoint 'AuthNet.Controllers.CategoriesController.GetCategoryCount (AuthNet)'
2025-08-10 11:10:29.796 +05:30 [INF] Request finished HTTP/1.1 GET https://localhost:7165/api/Categories/count - 200 null application/json; charset=utf-8 20.8611ms
2025-08-10 11:10:29.842 +05:30 [INF] Request starting HTTP/1.1 GET https://localhost:7165/api/Orders/count - null null
2025-08-10 11:10:29.842 +05:30 [INF] Executing endpoint 'AuthNet.Controllers.OrdersController.GetOrderCount (AuthNet)'
2025-08-10 11:10:29.842 +05:30 [INF] Route matched with {action = "GetOrderCount", controller = "Orders"}. Executing controller action with signature System.Threading.Tasks.Task`1[Microsoft.AspNetCore.Mvc.IActionResult] GetOrderCount() on controller AuthNet.Controllers.OrdersController (AuthNet).
2025-08-10 11:10:29.848 +05:30 [INF] Executed DbCommand (5ms) [Parameters=[], CommandType='"Text"', CommandTimeout='30']
SELECT COUNT(*)
FROM [Orders] AS [o]
2025-08-10 11:10:29.849 +05:30 [INF] Executing OkObjectResult, writing value of type 'System.Int32'.
2025-08-10 11:10:29.849 +05:30 [INF] Executed action AuthNet.Controllers.OrdersController.GetOrderCount (AuthNet) in 6.665ms
2025-08-10 11:10:29.849 +05:30 [INF] Executed endpoint 'AuthNet.Controllers.OrdersController.GetOrderCount (AuthNet)'
2025-08-10 11:10:29.849 +05:30 [INF] Request finished HTTP/1.1 GET https://localhost:7165/api/Orders/count - 200 null application/json; charset=utf-8 7.6552ms
2025-08-10 11:10:29.869 +05:30 [INF] Request starting HTTP/1.1 GET https://localhost:7165/api/Customers/count - null null
2025-08-10 11:10:29.869 +05:30 [INF] Executing endpoint 'AuthNet.Controllers.CustomersController.GetCustomerCount (AuthNet)'
2025-08-10 11:10:29.869 +05:30 [INF] Route matched with {action = "GetCustomerCount", controller = "Customers"}. Executing controller action with signature System.Threading.Tasks.Task`1[Microsoft.AspNetCore.Mvc.IActionResult] GetCustomerCount() on controller AuthNet.Controllers.CustomersController (AuthNet).
2025-08-10 11:10:29.880 +05:30 [INF] Executed DbCommand (10ms) [Parameters=[], CommandType='"Text"', CommandTimeout='30']
SELECT COUNT(*)
FROM [Customers] AS [c]
2025-08-10 11:10:29.881 +05:30 [INF] Executing OkObjectResult, writing value of type 'System.Int32'.
2025-08-10 11:10:29.881 +05:30 [INF] Executed action AuthNet.Controllers.CustomersController.GetCustomerCount (AuthNet) in 11.1098ms
2025-08-10 11:10:29.881 +05:30 [INF] Executed endpoint 'AuthNet.Controllers.CustomersController.GetCustomerCount (AuthNet)'
2025-08-10 11:10:29.881 +05:30 [INF] Request finished HTTP/1.1 GET https://localhost:7165/api/Customers/count - 200 null application/json; charset=utf-8 12.3002ms
2025-08-10 11:10:29.926 +05:30 [INF] Request starting HTTP/1.1 GET https://localhost:7165/api/Tasks - null null
2025-08-10 11:10:29.926 +05:30 [INF] Executing endpoint 'AuthNet.Controllers.TasksController.GetTasks (AuthNet)'
2025-08-10 11:10:29.926 +05:30 [INF] Route matched with {action = "GetTasks", controller = "Tasks"}. Executing controller action with signature Microsoft.AspNetCore.Mvc.IActionResult GetTasks() on controller AuthNet.Controllers.TasksController (AuthNet).
2025-08-10 11:10:29.939 +05:30 [INF] Executed DbCommand (11ms) [Parameters=[], CommandType='"Text"', CommandTimeout='30']
SELECT [t].[Id], [t].[Title], [t].[DueDate]
FROM [Tasks] AS [t]
2025-08-10 11:10:29.940 +05:30 [INF] Executing OkObjectResult, writing value of type 'System.Collections.Generic.List`1[[AuthNet.Models.DTO.TaskItemDto, AuthNet, Version=1.0.0.0, Culture=neutral, PublicKeyToken=null]]'.
2025-08-10 11:10:29.940 +05:30 [INF] Executed action AuthNet.Controllers.TasksController.GetTasks (AuthNet) in 13.3719ms
2025-08-10 11:10:29.940 +05:30 [INF] Executed endpoint 'AuthNet.Controllers.TasksController.GetTasks (AuthNet)'
2025-08-10 11:10:29.940 +05:30 [INF] Request finished HTTP/1.1 GET https://localhost:7165/api/Tasks - 200 null application/json; charset=utf-8 14.1235ms
2025-08-10 11:10:29.982 +05:30 [INF] Request starting HTTP/1.1 GET https://localhost:7165/api/Settings/Get - null null
2025-08-10 11:10:29.983 +05:30 [INF] Executing endpoint 'AuthNet.Controllers.SettingsController.GetCompanyInfo (AuthNet)'
2025-08-10 11:10:29.983 +05:30 [INF] Route matched with {action = "GetCompanyInfo", controller = "Settings"}. Executing controller action with signature System.Threading.Tasks.Task`1[Microsoft.AspNetCore.Mvc.IActionResult] GetCompanyInfo() on controller AuthNet.Controllers.SettingsController (AuthNet).
2025-08-10 11:10:30.001 +05:30 [INF] Executed DbCommand (17ms) [Parameters=[], CommandType='"Text"', CommandTimeout='30']
SELECT TOP(1) [c].[Id], [c].[Address], [c].[AlternateContactNumber], [c].[ContactNumber], [c].[Email], [c].[GSTIN], [c].[LogoFileExtension], [c].[LogoFilePath], [c].[LogoFileSizeInBytes], [c].[LogoName], [c].[Name], [c].[SignFileExtension], [c].[SignFilePath], [c].[SignFileSizeInBytes], [c].[SignName]
FROM [CompanyInfos] AS [c]
2025-08-10 11:10:30.001 +05:30 [INF] Executing OkObjectResult, writing value of type 'AuthNet.Models.DTO.CompanyInfoResponseDto'.
2025-08-10 11:10:30.001 +05:30 [INF] Executed action AuthNet.Controllers.SettingsController.GetCompanyInfo (AuthNet) in 18.2641ms
2025-08-10 11:10:30.001 +05:30 [INF] Executed endpoint 'AuthNet.Controllers.SettingsController.GetCompanyInfo (AuthNet)'
2025-08-10 11:10:30.001 +05:30 [INF] Request finished HTTP/1.1 GET https://localhost:7165/api/Settings/Get - 200 null application/json; charset=utf-8 18.8618ms
2025-08-10 11:10:30.445 +05:30 [INF] Request starting HTTP/2 GET https://localhost:7165/api/Sales/WeeklyProfit - null null
2025-08-10 11:10:30.445 +05:30 [INF] CORS policy execution successful.
2025-08-10 11:10:30.445 +05:30 [INF] Executing endpoint 'AuthNet.Controllers.SalesController.GetWeeklyProfit (AuthNet)'
2025-08-10 11:10:30.445 +05:30 [INF] Route matched with {action = "GetWeeklyProfit", controller = "Sales"}. Executing controller action with signature System.Threading.Tasks.Task`1[Microsoft.AspNetCore.Mvc.IActionResult] GetWeeklyProfit() on controller AuthNet.Controllers.SalesController (AuthNet).
2025-08-10 11:10:30.447 +05:30 [INF] Request starting HTTP/2 GET https://localhost:7165/api/Products/CategoryWiseProductCount - null null
2025-08-10 11:10:30.536 +05:30 [INF] CORS policy execution successful.
2025-08-10 11:10:30.536 +05:30 [INF] Executing endpoint 'AuthNet.Controllers.ProductsController.GetCategoryWiseProductCount (AuthNet)'
2025-08-10 11:10:30.536 +05:30 [INF] Route matched with {action = "GetCategoryWiseProductCount", controller = "Products"}. Executing controller action with signature System.Threading.Tasks.Task`1[Microsoft.AspNetCore.Mvc.IActionResult] GetCategoryWiseProductCount() on controller AuthNet.Controllers.ProductsController (AuthNet).
2025-08-10 11:10:30.688 +05:30 [INF] Executed DbCommand (241ms) [Parameters=[@__startDate_0='?' (DbType = DateTime2), @__endDate_1='?' (DbType = DateTime2)], CommandType='"Text"', CommandTimeout='30']
SELECT [s].[Id], [s].[ProductId], [s].[ProductName], [s].[Quantity], [s].[SaleId], [s].[TotalPrice], [s].[UnitPrice], [s0].[Id], [s0].[AfterTaxAmount], [s0].[CreatedAt], [s0].[DiscountedAmount], [s0].[InvoiceDate], [s0].[InvoiceNo], [s0].[PrincipalAmount], [s0].[Template], [s0].[TotalAmount]
FROM [SaleItems] AS [s]
INNER JOIN [Sales] AS [s0] ON [s].[SaleId] = [s0].[Id]
WHERE CONVERT(date, [s0].[InvoiceDate]) >= @__startDate_0 AND CONVERT(date, [s0].[InvoiceDate]) <= @__endDate_1
2025-08-10 11:10:30.691 +05:30 [INF] Executed DbCommand (155ms) [Parameters=[], CommandType='"Text"', CommandTimeout='30']
SELECT [c].[Name] AS [CategoryName], COUNT(*) AS [ProductCount]
FROM [Products] AS [p]
LEFT JOIN [Categories] AS [c] ON [p].[CategoryId] = [c].[CategoryId]
WHERE [c].[CategoryId] IS NOT NULL
GROUP BY [c].[Name]
2025-08-10 11:10:30.692 +05:30 [INF] Executing OkObjectResult, writing value of type 'System.Collections.Generic.List`1[[AuthNet.Models.DTO.CategoryProductCountDto, AuthNet, Version=1.0.0.0, Culture=neutral, PublicKeyToken=null]]'.
2025-08-10 11:10:30.692 +05:30 [INF] Executed action AuthNet.Controllers.ProductsController.GetCategoryWiseProductCount (AuthNet) in 156.1601ms
2025-08-10 11:10:30.692 +05:30 [INF] Executed endpoint 'AuthNet.Controllers.ProductsController.GetCategoryWiseProductCount (AuthNet)'
2025-08-10 11:10:30.706 +05:30 [INF] Request finished HTTP/2 GET https://localhost:7165/api/Products/CategoryWiseProductCount - 200 null application/json; charset=utf-8 259.3722ms
2025-08-10 11:10:30.740 +05:30 [INF] Executed DbCommand (49ms) [Parameters=[@__productIds_0='?' (Size = 4000)], CommandType='"Text"', CommandTimeout='30']
SELECT [p].[ProductId], [p].[CategoryId], [p].[CostPrice], [p].[Description], [p].[Name], [p].[ProductCode], [p].[ProductKey], [p].[SellPrice], [p].[SupplierId]
FROM [Products] AS [p]
WHERE [p].[ProductId] IN (
    SELECT [p0].[value]
    FROM OPENJSON(@__productIds_0) WITH ([value] int '$') AS [p0]
)
2025-08-10 11:10:30.758 +05:30 [INF] Executing OkObjectResult, writing value of type 'System.Collections.Generic.List`1[[AuthNet.Models.DTO.DailyProfitDto, AuthNet, Version=1.0.0.0, Culture=neutral, PublicKeyToken=null]]'.
2025-08-10 11:10:30.759 +05:30 [INF] Executed action AuthNet.Controllers.SalesController.GetWeeklyProfit (AuthNet) in 313.2634ms
2025-08-10 11:10:30.759 +05:30 [INF] Executed endpoint 'AuthNet.Controllers.SalesController.GetWeeklyProfit (AuthNet)'
2025-08-10 11:10:30.759 +05:30 [INF] Request finished HTTP/2 GET https://localhost:7165/api/Sales/WeeklyProfit - 200 null application/json; charset=utf-8 314.2131ms
2025-08-10 11:10:48.395 +05:30 [INF] Request starting HTTP/1.1 GET https://localhost:7165/api/Sales/DailyProfit - null null
2025-08-10 11:10:48.395 +05:30 [INF] Executing endpoint 'AuthNet.Controllers.SalesController.GetDailyProfit (AuthNet)'
2025-08-10 11:10:48.395 +05:30 [INF] Route matched with {action = "GetDailyProfit", controller = "Sales"}. Executing controller action with signature System.Threading.Tasks.Task`1[Microsoft.AspNetCore.Mvc.IActionResult] GetDailyProfit() on controller AuthNet.Controllers.SalesController (AuthNet).
2025-08-10 11:10:48.442 +05:30 [INF] Executed DbCommand (45ms) [Parameters=[@__date_Date_0='?' (DbType = DateTime2)], CommandType='"Text"', CommandTimeout='30']
SELECT [s].[Id], [s].[ProductId], [s].[ProductName], [s].[Quantity], [s].[SaleId], [s].[TotalPrice], [s].[UnitPrice], [s0].[Id], [s0].[AfterTaxAmount], [s0].[CreatedAt], [s0].[DiscountedAmount], [s0].[InvoiceDate], [s0].[InvoiceNo], [s0].[PrincipalAmount], [s0].[Template], [s0].[TotalAmount]
FROM [SaleItems] AS [s]
INNER JOIN [Sales] AS [s0] ON [s].[SaleId] = [s0].[Id]
WHERE CONVERT(date, [s0].[InvoiceDate]) = @__date_Date_0
2025-08-10 11:10:48.454 +05:30 [INF] Executed DbCommand (9ms) [Parameters=[@__productIds_0='?' (Size = 4000)], CommandType='"Text"', CommandTimeout='30']
SELECT [p].[ProductId], [p].[CategoryId], [p].[CostPrice], [p].[Description], [p].[Name], [p].[ProductCode], [p].[ProductKey], [p].[SellPrice], [p].[SupplierId]
FROM [Products] AS [p]
WHERE [p].[ProductId] IN (
    SELECT [p0].[value]
    FROM OPENJSON(@__productIds_0) WITH ([value] int '$') AS [p0]
)
2025-08-10 11:10:48.454 +05:30 [INF] Executing OkObjectResult, writing value of type 'AuthNet.Models.DTO.DailyProfitDto'.
2025-08-10 11:10:48.454 +05:30 [INF] Executed action AuthNet.Controllers.SalesController.GetDailyProfit (AuthNet) in 58.7097ms
2025-08-10 11:10:48.454 +05:30 [INF] Executed endpoint 'AuthNet.Controllers.SalesController.GetDailyProfit (AuthNet)'
2025-08-10 11:10:48.454 +05:30 [INF] Request finished HTTP/1.1 GET https://localhost:7165/api/Sales/DailyProfit - 200 null application/json; charset=utf-8 59.3682ms
2025-08-10 11:10:48.474 +05:30 [INF] Request starting HTTP/1.1 GET https://localhost:7165/api/Sales/CurrentMonthProfit - null null
2025-08-10 11:10:48.474 +05:30 [INF] Executing endpoint 'AuthNet.Controllers.SalesController.GetCurrentMonthProfit (AuthNet)'
2025-08-10 11:10:48.474 +05:30 [INF] Route matched with {action = "GetCurrentMonthProfit", controller = "Sales"}. Executing controller action with signature System.Threading.Tasks.Task`1[Microsoft.AspNetCore.Mvc.IActionResult] GetCurrentMonthProfit() on controller AuthNet.Controllers.SalesController (AuthNet).
2025-08-10 11:10:48.485 +05:30 [INF] Executed DbCommand (9ms) [Parameters=[@__currentYear_0='?' (DbType = Int32), @__currentMonth_1='?' (DbType = Int32)], CommandType='"Text"', CommandTimeout='30']
SELECT [s].[Id], [s].[ProductId], [s].[ProductName], [s].[Quantity], [s].[SaleId], [s].[TotalPrice], [s].[UnitPrice], [s0].[Id], [s0].[AfterTaxAmount], [s0].[CreatedAt], [s0].[DiscountedAmount], [s0].[InvoiceDate], [s0].[InvoiceNo], [s0].[PrincipalAmount], [s0].[Template], [s0].[TotalAmount]
FROM [SaleItems] AS [s]
INNER JOIN [Sales] AS [s0] ON [s].[SaleId] = [s0].[Id]
WHERE DATEPART(year, [s0].[InvoiceDate]) = @__currentYear_0 AND DATEPART(month, [s0].[InvoiceDate]) = @__currentMonth_1
2025-08-10 11:10:48.489 +05:30 [INF] Executed DbCommand (3ms) [Parameters=[@__productIds_0='?' (Size = 4000)], CommandType='"Text"', CommandTimeout='30']
SELECT [p].[ProductId], [p].[CategoryId], [p].[CostPrice], [p].[Description], [p].[Name], [p].[ProductCode], [p].[ProductKey], [p].[SellPrice], [p].[SupplierId]
FROM [Products] AS [p]
WHERE [p].[ProductId] IN (
    SELECT [p0].[value]
    FROM OPENJSON(@__productIds_0) WITH ([value] int '$') AS [p0]
)
2025-08-10 11:10:48.490 +05:30 [INF] Executing OkObjectResult, writing value of type 'AuthNet.Models.DTO.MonthlyProfitDto'.
2025-08-10 11:10:48.490 +05:30 [INF] Executed action AuthNet.Controllers.SalesController.GetCurrentMonthProfit (AuthNet) in 15.4195ms
2025-08-10 11:10:48.490 +05:30 [INF] Executed endpoint 'AuthNet.Controllers.SalesController.GetCurrentMonthProfit (AuthNet)'
2025-08-10 11:10:48.490 +05:30 [INF] Request finished HTTP/1.1 GET https://localhost:7165/api/Sales/CurrentMonthProfit - 200 null application/json; charset=utf-8 16.425ms
2025-08-10 11:10:48.542 +05:30 [INF] Request starting HTTP/1.1 GET https://localhost:7165/api/Sales/CurrentYearProfit - null null
2025-08-10 11:10:48.544 +05:30 [INF] Executing endpoint 'AuthNet.Controllers.SalesController.GetCurrentYearProfit (AuthNet)'
2025-08-10 11:10:48.545 +05:30 [INF] Route matched with {action = "GetCurrentYearProfit", controller = "Sales"}. Executing controller action with signature System.Threading.Tasks.Task`1[Microsoft.AspNetCore.Mvc.IActionResult] GetCurrentYearProfit() on controller AuthNet.Controllers.SalesController (AuthNet).
2025-08-10 11:10:48.575 +05:30 [INF] Executed DbCommand (29ms) [Parameters=[@__currentYear_0='?' (DbType = Int32)], CommandType='"Text"', CommandTimeout='30']
SELECT [s].[Id], [s].[ProductId], [s].[ProductName], [s].[Quantity], [s].[SaleId], [s].[TotalPrice], [s].[UnitPrice], [s0].[Id], [s0].[AfterTaxAmount], [s0].[CreatedAt], [s0].[DiscountedAmount], [s0].[InvoiceDate], [s0].[InvoiceNo], [s0].[PrincipalAmount], [s0].[Template], [s0].[TotalAmount]
FROM [SaleItems] AS [s]
INNER JOIN [Sales] AS [s0] ON [s].[SaleId] = [s0].[Id]
WHERE DATEPART(year, [s0].[InvoiceDate]) = @__currentYear_0
2025-08-10 11:10:48.599 +05:30 [INF] Executed DbCommand (20ms) [Parameters=[@__productIds_0='?' (Size = 4000)], CommandType='"Text"', CommandTimeout='30']
SELECT [p].[ProductId], [p].[CategoryId], [p].[CostPrice], [p].[Description], [p].[Name], [p].[ProductCode], [p].[ProductKey], [p].[SellPrice], [p].[SupplierId]
FROM [Products] AS [p]
WHERE [p].[ProductId] IN (
    SELECT [p0].[value]
    FROM OPENJSON(@__productIds_0) WITH ([value] int '$') AS [p0]
)
2025-08-10 11:10:48.599 +05:30 [INF] Executing OkObjectResult, writing value of type 'AuthNet.Models.DTO.YearlyProfitDto'.
2025-08-10 11:10:48.599 +05:30 [INF] Executed action AuthNet.Controllers.SalesController.GetCurrentYearProfit (AuthNet) in 54.7163ms
2025-08-10 11:10:48.599 +05:30 [INF] Executed endpoint 'AuthNet.Controllers.SalesController.GetCurrentYearProfit (AuthNet)'
2025-08-10 11:10:48.600 +05:30 [INF] Request finished HTTP/1.1 GET https://localhost:7165/api/Sales/CurrentYearProfit - 200 null application/json; charset=utf-8 58.0413ms
2025-08-10 11:10:48.678 +05:30 [INF] Request starting HTTP/1.1 GET https://localhost:7165/api/Products/count - null null
2025-08-10 11:10:48.678 +05:30 [INF] Executing endpoint 'AuthNet.Controllers.ProductsController.GetProductCount (AuthNet)'
2025-08-10 11:10:48.678 +05:30 [INF] Route matched with {action = "GetProductCount", controller = "Products"}. Executing controller action with signature System.Threading.Tasks.Task`1[Microsoft.AspNetCore.Mvc.IActionResult] GetProductCount() on controller AuthNet.Controllers.ProductsController (AuthNet).
2025-08-10 11:10:48.684 +05:30 [INF] Executed DbCommand (5ms) [Parameters=[], CommandType='"Text"', CommandTimeout='30']
SELECT COUNT(*)
FROM [Products] AS [p]
2025-08-10 11:10:48.685 +05:30 [INF] Executing OkObjectResult, writing value of type 'System.Int32'.
2025-08-10 11:10:48.685 +05:30 [INF] Executed action AuthNet.Controllers.ProductsController.GetProductCount (AuthNet) in 7.4253ms
2025-08-10 11:10:48.685 +05:30 [INF] Executed endpoint 'AuthNet.Controllers.ProductsController.GetProductCount (AuthNet)'
2025-08-10 11:10:48.686 +05:30 [INF] Request finished HTTP/1.1 GET https://localhost:7165/api/Products/count - 200 null application/json; charset=utf-8 8.1415ms
2025-08-10 11:10:48.715 +05:30 [INF] Request starting HTTP/1.1 GET https://localhost:7165/api/Suppliers/count - null null
2025-08-10 11:10:48.715 +05:30 [INF] Executing endpoint 'AuthNet.Controllers.SuppliersController.GetSupplierCount (AuthNet)'
2025-08-10 11:10:48.715 +05:30 [INF] Route matched with {action = "GetSupplierCount", controller = "Suppliers"}. Executing controller action with signature System.Threading.Tasks.Task`1[Microsoft.AspNetCore.Mvc.IActionResult] GetSupplierCount() on controller AuthNet.Controllers.SuppliersController (AuthNet).
2025-08-10 11:10:48.721 +05:30 [INF] Executed DbCommand (5ms) [Parameters=[], CommandType='"Text"', CommandTimeout='30']
SELECT COUNT(*)
FROM [Suppliers] AS [s]
2025-08-10 11:10:48.721 +05:30 [INF] Executing OkObjectResult, writing value of type 'System.Int32'.
2025-08-10 11:10:48.722 +05:30 [INF] Executed action AuthNet.Controllers.SuppliersController.GetSupplierCount (AuthNet) in 6.7087ms
2025-08-10 11:10:48.722 +05:30 [INF] Executed endpoint 'AuthNet.Controllers.SuppliersController.GetSupplierCount (AuthNet)'
2025-08-10 11:10:48.722 +05:30 [INF] Request finished HTTP/1.1 GET https://localhost:7165/api/Suppliers/count - 200 null application/json; charset=utf-8 7.6032ms
2025-08-10 11:10:48.741 +05:30 [INF] Request starting HTTP/1.1 GET https://localhost:7165/api/Categories/count - null null
2025-08-10 11:10:48.741 +05:30 [INF] Executing endpoint 'AuthNet.Controllers.CategoriesController.GetCategoryCount (AuthNet)'
2025-08-10 11:10:48.741 +05:30 [INF] Route matched with {action = "GetCategoryCount", controller = "Categories"}. Executing controller action with signature System.Threading.Tasks.Task`1[Microsoft.AspNetCore.Mvc.IActionResult] GetCategoryCount() on controller AuthNet.Controllers.CategoriesController (AuthNet).
2025-08-10 11:10:48.751 +05:30 [INF] Executed DbCommand (8ms) [Parameters=[], CommandType='"Text"', CommandTimeout='30']
SELECT COUNT(*)
FROM [Categories] AS [c]
2025-08-10 11:10:48.752 +05:30 [INF] Executing OkObjectResult, writing value of type 'System.Int32'.
2025-08-10 11:10:48.752 +05:30 [INF] Executed action AuthNet.Controllers.CategoriesController.GetCategoryCount (AuthNet) in 10.5409ms
2025-08-10 11:10:48.752 +05:30 [INF] Executed endpoint 'AuthNet.Controllers.CategoriesController.GetCategoryCount (AuthNet)'
2025-08-10 11:10:48.752 +05:30 [INF] Request finished HTTP/1.1 GET https://localhost:7165/api/Categories/count - 200 null application/json; charset=utf-8 11.2225ms
2025-08-10 11:10:48.789 +05:30 [INF] Request starting HTTP/1.1 GET https://localhost:7165/api/Orders/count - null null
2025-08-10 11:10:48.789 +05:30 [INF] Executing endpoint 'AuthNet.Controllers.OrdersController.GetOrderCount (AuthNet)'
2025-08-10 11:10:48.789 +05:30 [INF] Route matched with {action = "GetOrderCount", controller = "Orders"}. Executing controller action with signature System.Threading.Tasks.Task`1[Microsoft.AspNetCore.Mvc.IActionResult] GetOrderCount() on controller AuthNet.Controllers.OrdersController (AuthNet).
2025-08-10 11:10:48.839 +05:30 [INF] Executed DbCommand (48ms) [Parameters=[], CommandType='"Text"', CommandTimeout='30']
SELECT COUNT(*)
FROM [Orders] AS [o]
2025-08-10 11:10:48.839 +05:30 [INF] Executing OkObjectResult, writing value of type 'System.Int32'.
2025-08-10 11:10:48.840 +05:30 [INF] Executed action AuthNet.Controllers.OrdersController.GetOrderCount (AuthNet) in 50.4008ms
2025-08-10 11:10:48.840 +05:30 [INF] Executed endpoint 'AuthNet.Controllers.OrdersController.GetOrderCount (AuthNet)'
2025-08-10 11:10:48.840 +05:30 [INF] Request finished HTTP/1.1 GET https://localhost:7165/api/Orders/count - 200 null application/json; charset=utf-8 51.2366ms
2025-08-10 11:10:48.901 +05:30 [INF] Request starting HTTP/1.1 GET https://localhost:7165/api/Customers/count - null null
2025-08-10 11:10:48.901 +05:30 [INF] Executing endpoint 'AuthNet.Controllers.CustomersController.GetCustomerCount (AuthNet)'
2025-08-10 11:10:48.902 +05:30 [INF] Route matched with {action = "GetCustomerCount", controller = "Customers"}. Executing controller action with signature System.Threading.Tasks.Task`1[Microsoft.AspNetCore.Mvc.IActionResult] GetCustomerCount() on controller AuthNet.Controllers.CustomersController (AuthNet).
2025-08-10 11:10:48.912 +05:30 [INF] Executed DbCommand (9ms) [Parameters=[], CommandType='"Text"', CommandTimeout='30']
SELECT COUNT(*)
FROM [Customers] AS [c]
2025-08-10 11:10:48.912 +05:30 [INF] Executing OkObjectResult, writing value of type 'System.Int32'.
2025-08-10 11:10:48.912 +05:30 [INF] Executed action AuthNet.Controllers.CustomersController.GetCustomerCount (AuthNet) in 10.8574ms
2025-08-10 11:10:48.912 +05:30 [INF] Executed endpoint 'AuthNet.Controllers.CustomersController.GetCustomerCount (AuthNet)'
2025-08-10 11:10:48.913 +05:30 [INF] Request finished HTTP/1.1 GET https://localhost:7165/api/Customers/count - 200 null application/json; charset=utf-8 11.4755ms
2025-08-10 11:10:48.934 +05:30 [INF] Request starting HTTP/1.1 GET https://localhost:7165/api/Tasks - null null
2025-08-10 11:10:48.937 +05:30 [INF] Executing endpoint 'AuthNet.Controllers.TasksController.GetTasks (AuthNet)'
2025-08-10 11:10:48.937 +05:30 [INF] Route matched with {action = "GetTasks", controller = "Tasks"}. Executing controller action with signature Microsoft.AspNetCore.Mvc.IActionResult GetTasks() on controller AuthNet.Controllers.TasksController (AuthNet).
2025-08-10 11:10:48.944 +05:30 [INF] Executed DbCommand (5ms) [Parameters=[], CommandType='"Text"', CommandTimeout='30']
SELECT [t].[Id], [t].[Title], [t].[DueDate]
FROM [Tasks] AS [t]
2025-08-10 11:10:48.944 +05:30 [INF] Executing OkObjectResult, writing value of type 'System.Collections.Generic.List`1[[AuthNet.Models.DTO.TaskItemDto, AuthNet, Version=1.0.0.0, Culture=neutral, PublicKeyToken=null]]'.
2025-08-10 11:10:48.944 +05:30 [INF] Executed action AuthNet.Controllers.TasksController.GetTasks (AuthNet) in 6.7083ms
2025-08-10 11:10:48.944 +05:30 [INF] Executed endpoint 'AuthNet.Controllers.TasksController.GetTasks (AuthNet)'
2025-08-10 11:10:48.944 +05:30 [INF] Request finished HTTP/1.1 GET https://localhost:7165/api/Tasks - 200 null application/json; charset=utf-8 9.9063ms
2025-08-10 11:10:48.965 +05:30 [INF] Request starting HTTP/1.1 GET https://localhost:7165/api/Settings/Get - null null
2025-08-10 11:10:48.965 +05:30 [INF] Executing endpoint 'AuthNet.Controllers.SettingsController.GetCompanyInfo (AuthNet)'
2025-08-10 11:10:48.966 +05:30 [INF] Route matched with {action = "GetCompanyInfo", controller = "Settings"}. Executing controller action with signature System.Threading.Tasks.Task`1[Microsoft.AspNetCore.Mvc.IActionResult] GetCompanyInfo() on controller AuthNet.Controllers.SettingsController (AuthNet).
2025-08-10 11:10:48.976 +05:30 [INF] Executed DbCommand (10ms) [Parameters=[], CommandType='"Text"', CommandTimeout='30']
SELECT TOP(1) [c].[Id], [c].[Address], [c].[AlternateContactNumber], [c].[ContactNumber], [c].[Email], [c].[GSTIN], [c].[LogoFileExtension], [c].[LogoFilePath], [c].[LogoFileSizeInBytes], [c].[LogoName], [c].[Name], [c].[SignFileExtension], [c].[SignFilePath], [c].[SignFileSizeInBytes], [c].[SignName]
FROM [CompanyInfos] AS [c]
2025-08-10 11:10:48.976 +05:30 [INF] Executing OkObjectResult, writing value of type 'AuthNet.Models.DTO.CompanyInfoResponseDto'.
2025-08-10 11:10:48.977 +05:30 [INF] Executed action AuthNet.Controllers.SettingsController.GetCompanyInfo (AuthNet) in 11.0392ms
2025-08-10 11:10:48.977 +05:30 [INF] Executed endpoint 'AuthNet.Controllers.SettingsController.GetCompanyInfo (AuthNet)'
2025-08-10 11:10:48.977 +05:30 [INF] Request finished HTTP/1.1 GET https://localhost:7165/api/Settings/Get - 200 null application/json; charset=utf-8 12.1298ms
2025-08-10 11:10:49.219 +05:30 [INF] Request starting HTTP/2 GET https://localhost:7165/api/Sales/WeeklyProfit - null null
2025-08-10 11:10:49.219 +05:30 [INF] CORS policy execution successful.
2025-08-10 11:10:49.219 +05:30 [INF] Executing endpoint 'AuthNet.Controllers.SalesController.GetWeeklyProfit (AuthNet)'
2025-08-10 11:10:49.220 +05:30 [INF] Route matched with {action = "GetWeeklyProfit", controller = "Sales"}. Executing controller action with signature System.Threading.Tasks.Task`1[Microsoft.AspNetCore.Mvc.IActionResult] GetWeeklyProfit() on controller AuthNet.Controllers.SalesController (AuthNet).
2025-08-10 11:10:49.220 +05:30 [INF] Request starting HTTP/2 GET https://localhost:7165/api/Products/CategoryWiseProductCount - null null
2025-08-10 11:10:49.220 +05:30 [INF] CORS policy execution successful.
2025-08-10 11:10:49.220 +05:30 [INF] Executing endpoint 'AuthNet.Controllers.ProductsController.GetCategoryWiseProductCount (AuthNet)'
2025-08-10 11:10:49.221 +05:30 [INF] Route matched with {action = "GetCategoryWiseProductCount", controller = "Products"}. Executing controller action with signature System.Threading.Tasks.Task`1[Microsoft.AspNetCore.Mvc.IActionResult] GetCategoryWiseProductCount() on controller AuthNet.Controllers.ProductsController (AuthNet).
2025-08-10 11:10:49.254 +05:30 [INF] Executed DbCommand (32ms) [Parameters=[@__startDate_0='?' (DbType = DateTime2), @__endDate_1='?' (DbType = DateTime2)], CommandType='"Text"', CommandTimeout='30']
SELECT [s].[Id], [s].[ProductId], [s].[ProductName], [s].[Quantity], [s].[SaleId], [s].[TotalPrice], [s].[UnitPrice], [s0].[Id], [s0].[AfterTaxAmount], [s0].[CreatedAt], [s0].[DiscountedAmount], [s0].[InvoiceDate], [s0].[InvoiceNo], [s0].[PrincipalAmount], [s0].[Template], [s0].[TotalAmount]
FROM [SaleItems] AS [s]
INNER JOIN [Sales] AS [s0] ON [s].[SaleId] = [s0].[Id]
WHERE CONVERT(date, [s0].[InvoiceDate]) >= @__startDate_0 AND CONVERT(date, [s0].[InvoiceDate]) <= @__endDate_1
2025-08-10 11:10:49.254 +05:30 [INF] Executed DbCommand (23ms) [Parameters=[], CommandType='"Text"', CommandTimeout='30']
SELECT [c].[Name] AS [CategoryName], COUNT(*) AS [ProductCount]
FROM [Products] AS [p]
LEFT JOIN [Categories] AS [c] ON [p].[CategoryId] = [c].[CategoryId]
WHERE [c].[CategoryId] IS NOT NULL
GROUP BY [c].[Name]
2025-08-10 11:10:49.254 +05:30 [INF] Executing OkObjectResult, writing value of type 'System.Collections.Generic.List`1[[AuthNet.Models.DTO.CategoryProductCountDto, AuthNet, Version=1.0.0.0, Culture=neutral, PublicKeyToken=null]]'.
2025-08-10 11:10:49.254 +05:30 [INF] Executed action AuthNet.Controllers.ProductsController.GetCategoryWiseProductCount (AuthNet) in 32.8434ms
2025-08-10 11:10:49.254 +05:30 [INF] Executed endpoint 'AuthNet.Controllers.ProductsController.GetCategoryWiseProductCount (AuthNet)'
2025-08-10 11:10:49.255 +05:30 [INF] Request finished HTTP/2 GET https://localhost:7165/api/Products/CategoryWiseProductCount - 200 null application/json; charset=utf-8 34.9515ms
2025-08-10 11:10:49.275 +05:30 [INF] Executed DbCommand (20ms) [Parameters=[@__productIds_0='?' (Size = 4000)], CommandType='"Text"', CommandTimeout='30']
SELECT [p].[ProductId], [p].[CategoryId], [p].[CostPrice], [p].[Description], [p].[Name], [p].[ProductCode], [p].[ProductKey], [p].[SellPrice], [p].[SupplierId]
FROM [Products] AS [p]
WHERE [p].[ProductId] IN (
    SELECT [p0].[value]
    FROM OPENJSON(@__productIds_0) WITH ([value] int '$') AS [p0]
)
2025-08-10 11:10:49.277 +05:30 [INF] Executing OkObjectResult, writing value of type 'System.Collections.Generic.List`1[[AuthNet.Models.DTO.DailyProfitDto, AuthNet, Version=1.0.0.0, Culture=neutral, PublicKeyToken=null]]'.
2025-08-10 11:10:49.278 +05:30 [INF] Executed action AuthNet.Controllers.SalesController.GetWeeklyProfit (AuthNet) in 58.0778ms
2025-08-10 11:10:49.278 +05:30 [INF] Executed endpoint 'AuthNet.Controllers.SalesController.GetWeeklyProfit (AuthNet)'
2025-08-10 11:10:49.278 +05:30 [INF] Request finished HTTP/2 GET https://localhost:7165/api/Sales/WeeklyProfit - 200 null application/json; charset=utf-8 58.7752ms
2025-08-10 11:10:51.322 +05:30 [INF] Request starting HTTP/1.1 GET https://localhost:7165/api/Sales/DailyProfit - null null
2025-08-10 11:10:51.323 +05:30 [INF] Executing endpoint 'AuthNet.Controllers.SalesController.GetDailyProfit (AuthNet)'
2025-08-10 11:10:51.323 +05:30 [INF] Route matched with {action = "GetDailyProfit", controller = "Sales"}. Executing controller action with signature System.Threading.Tasks.Task`1[Microsoft.AspNetCore.Mvc.IActionResult] GetDailyProfit() on controller AuthNet.Controllers.SalesController (AuthNet).
2025-08-10 11:10:51.352 +05:30 [INF] Executed DbCommand (27ms) [Parameters=[@__date_Date_0='?' (DbType = DateTime2)], CommandType='"Text"', CommandTimeout='30']
SELECT [s].[Id], [s].[ProductId], [s].[ProductName], [s].[Quantity], [s].[SaleId], [s].[TotalPrice], [s].[UnitPrice], [s0].[Id], [s0].[AfterTaxAmount], [s0].[CreatedAt], [s0].[DiscountedAmount], [s0].[InvoiceDate], [s0].[InvoiceNo], [s0].[PrincipalAmount], [s0].[Template], [s0].[TotalAmount]
FROM [SaleItems] AS [s]
INNER JOIN [Sales] AS [s0] ON [s].[SaleId] = [s0].[Id]
WHERE CONVERT(date, [s0].[InvoiceDate]) = @__date_Date_0
2025-08-10 11:10:51.365 +05:30 [INF] Executed DbCommand (12ms) [Parameters=[@__productIds_0='?' (Size = 4000)], CommandType='"Text"', CommandTimeout='30']
SELECT [p].[ProductId], [p].[CategoryId], [p].[CostPrice], [p].[Description], [p].[Name], [p].[ProductCode], [p].[ProductKey], [p].[SellPrice], [p].[SupplierId]
FROM [Products] AS [p]
WHERE [p].[ProductId] IN (
    SELECT [p0].[value]
    FROM OPENJSON(@__productIds_0) WITH ([value] int '$') AS [p0]
)
2025-08-10 11:10:51.365 +05:30 [INF] Executing OkObjectResult, writing value of type 'AuthNet.Models.DTO.DailyProfitDto'.
2025-08-10 11:10:51.365 +05:30 [INF] Executed action AuthNet.Controllers.SalesController.GetDailyProfit (AuthNet) in 42.3277ms
2025-08-10 11:10:51.365 +05:30 [INF] Executed endpoint 'AuthNet.Controllers.SalesController.GetDailyProfit (AuthNet)'
2025-08-10 11:10:51.365 +05:30 [INF] Request finished HTTP/1.1 GET https://localhost:7165/api/Sales/DailyProfit - 200 null application/json; charset=utf-8 42.9858ms
2025-08-10 11:10:51.527 +05:30 [INF] Request starting HTTP/1.1 GET https://localhost:7165/api/Sales/CurrentMonthProfit - null null
2025-08-10 11:10:51.527 +05:30 [INF] Executing endpoint 'AuthNet.Controllers.SalesController.GetCurrentMonthProfit (AuthNet)'
2025-08-10 11:10:51.527 +05:30 [INF] Route matched with {action = "GetCurrentMonthProfit", controller = "Sales"}. Executing controller action with signature System.Threading.Tasks.Task`1[Microsoft.AspNetCore.Mvc.IActionResult] GetCurrentMonthProfit() on controller AuthNet.Controllers.SalesController (AuthNet).
2025-08-10 11:10:51.538 +05:30 [INF] Executed DbCommand (9ms) [Parameters=[@__currentYear_0='?' (DbType = Int32), @__currentMonth_1='?' (DbType = Int32)], CommandType='"Text"', CommandTimeout='30']
SELECT [s].[Id], [s].[ProductId], [s].[ProductName], [s].[Quantity], [s].[SaleId], [s].[TotalPrice], [s].[UnitPrice], [s0].[Id], [s0].[AfterTaxAmount], [s0].[CreatedAt], [s0].[DiscountedAmount], [s0].[InvoiceDate], [s0].[InvoiceNo], [s0].[PrincipalAmount], [s0].[Template], [s0].[TotalAmount]
FROM [SaleItems] AS [s]
INNER JOIN [Sales] AS [s0] ON [s].[SaleId] = [s0].[Id]
WHERE DATEPART(year, [s0].[InvoiceDate]) = @__currentYear_0 AND DATEPART(month, [s0].[InvoiceDate]) = @__currentMonth_1
2025-08-10 11:10:51.552 +05:30 [INF] Executed DbCommand (14ms) [Parameters=[@__productIds_0='?' (Size = 4000)], CommandType='"Text"', CommandTimeout='30']
SELECT [p].[ProductId], [p].[CategoryId], [p].[CostPrice], [p].[Description], [p].[Name], [p].[ProductCode], [p].[ProductKey], [p].[SellPrice], [p].[SupplierId]
FROM [Products] AS [p]
WHERE [p].[ProductId] IN (
    SELECT [p0].[value]
    FROM OPENJSON(@__productIds_0) WITH ([value] int '$') AS [p0]
)
2025-08-10 11:10:51.552 +05:30 [INF] Executing OkObjectResult, writing value of type 'AuthNet.Models.DTO.MonthlyProfitDto'.
2025-08-10 11:10:51.553 +05:30 [INF] Executed action AuthNet.Controllers.SalesController.GetCurrentMonthProfit (AuthNet) in 25.4268ms
2025-08-10 11:10:51.553 +05:30 [INF] Executed endpoint 'AuthNet.Controllers.SalesController.GetCurrentMonthProfit (AuthNet)'
2025-08-10 11:10:51.553 +05:30 [INF] Request finished HTTP/1.1 GET https://localhost:7165/api/Sales/CurrentMonthProfit - 200 null application/json; charset=utf-8 26.2463ms
2025-08-10 11:10:51.664 +05:30 [INF] Request starting HTTP/1.1 GET https://localhost:7165/api/Sales/CurrentYearProfit - null null
2025-08-10 11:10:51.664 +05:30 [INF] Executing endpoint 'AuthNet.Controllers.SalesController.GetCurrentYearProfit (AuthNet)'
2025-08-10 11:10:51.664 +05:30 [INF] Route matched with {action = "GetCurrentYearProfit", controller = "Sales"}. Executing controller action with signature System.Threading.Tasks.Task`1[Microsoft.AspNetCore.Mvc.IActionResult] GetCurrentYearProfit() on controller AuthNet.Controllers.SalesController (AuthNet).
2025-08-10 11:10:51.701 +05:30 [INF] Executed DbCommand (36ms) [Parameters=[@__currentYear_0='?' (DbType = Int32)], CommandType='"Text"', CommandTimeout='30']
SELECT [s].[Id], [s].[ProductId], [s].[ProductName], [s].[Quantity], [s].[SaleId], [s].[TotalPrice], [s].[UnitPrice], [s0].[Id], [s0].[AfterTaxAmount], [s0].[CreatedAt], [s0].[DiscountedAmount], [s0].[InvoiceDate], [s0].[InvoiceNo], [s0].[PrincipalAmount], [s0].[Template], [s0].[TotalAmount]
FROM [SaleItems] AS [s]
INNER JOIN [Sales] AS [s0] ON [s].[SaleId] = [s0].[Id]
WHERE DATEPART(year, [s0].[InvoiceDate]) = @__currentYear_0
2025-08-10 11:10:51.719 +05:30 [INF] Executed DbCommand (16ms) [Parameters=[@__productIds_0='?' (Size = 4000)], CommandType='"Text"', CommandTimeout='30']
SELECT [p].[ProductId], [p].[CategoryId], [p].[CostPrice], [p].[Description], [p].[Name], [p].[ProductCode], [p].[ProductKey], [p].[SellPrice], [p].[SupplierId]
FROM [Products] AS [p]
WHERE [p].[ProductId] IN (
    SELECT [p0].[value]
    FROM OPENJSON(@__productIds_0) WITH ([value] int '$') AS [p0]
)
2025-08-10 11:10:51.719 +05:30 [INF] Executing OkObjectResult, writing value of type 'AuthNet.Models.DTO.YearlyProfitDto'.
2025-08-10 11:10:51.719 +05:30 [INF] Executed action AuthNet.Controllers.SalesController.GetCurrentYearProfit (AuthNet) in 54.9346ms
2025-08-10 11:10:51.719 +05:30 [INF] Executed endpoint 'AuthNet.Controllers.SalesController.GetCurrentYearProfit (AuthNet)'
2025-08-10 11:10:51.719 +05:30 [INF] Request finished HTTP/1.1 GET https://localhost:7165/api/Sales/CurrentYearProfit - 200 null application/json; charset=utf-8 55.6234ms
2025-08-10 11:10:51.763 +05:30 [INF] Request starting HTTP/1.1 GET https://localhost:7165/api/Products/count - null null
2025-08-10 11:10:51.764 +05:30 [INF] Executing endpoint 'AuthNet.Controllers.ProductsController.GetProductCount (AuthNet)'
2025-08-10 11:10:51.764 +05:30 [INF] Route matched with {action = "GetProductCount", controller = "Products"}. Executing controller action with signature System.Threading.Tasks.Task`1[Microsoft.AspNetCore.Mvc.IActionResult] GetProductCount() on controller AuthNet.Controllers.ProductsController (AuthNet).
2025-08-10 11:10:51.772 +05:30 [INF] Executed DbCommand (7ms) [Parameters=[], CommandType='"Text"', CommandTimeout='30']
SELECT COUNT(*)
FROM [Products] AS [p]
2025-08-10 11:10:51.772 +05:30 [INF] Executing OkObjectResult, writing value of type 'System.Int32'.
2025-08-10 11:10:51.773 +05:30 [INF] Executed action AuthNet.Controllers.ProductsController.GetProductCount (AuthNet) in 8.6862ms
2025-08-10 11:10:51.773 +05:30 [INF] Executed endpoint 'AuthNet.Controllers.ProductsController.GetProductCount (AuthNet)'
2025-08-10 11:10:51.773 +05:30 [INF] Request finished HTTP/1.1 GET https://localhost:7165/api/Products/count - 200 null application/json; charset=utf-8 9.8252ms
2025-08-10 11:10:51.833 +05:30 [INF] Request starting HTTP/1.1 GET https://localhost:7165/api/Suppliers/count - null null
2025-08-10 11:10:51.833 +05:30 [INF] Executing endpoint 'AuthNet.Controllers.SuppliersController.GetSupplierCount (AuthNet)'
2025-08-10 11:10:51.833 +05:30 [INF] Route matched with {action = "GetSupplierCount", controller = "Suppliers"}. Executing controller action with signature System.Threading.Tasks.Task`1[Microsoft.AspNetCore.Mvc.IActionResult] GetSupplierCount() on controller AuthNet.Controllers.SuppliersController (AuthNet).
2025-08-10 11:10:51.877 +05:30 [INF] Executed DbCommand (43ms) [Parameters=[], CommandType='"Text"', CommandTimeout='30']
SELECT COUNT(*)
FROM [Suppliers] AS [s]
2025-08-10 11:10:51.877 +05:30 [INF] Executing OkObjectResult, writing value of type 'System.Int32'.
2025-08-10 11:10:51.877 +05:30 [INF] Executed action AuthNet.Controllers.SuppliersController.GetSupplierCount (AuthNet) in 44.6054ms
2025-08-10 11:10:51.878 +05:30 [INF] Executed endpoint 'AuthNet.Controllers.SuppliersController.GetSupplierCount (AuthNet)'
2025-08-10 11:10:51.878 +05:30 [INF] Request finished HTTP/1.1 GET https://localhost:7165/api/Suppliers/count - 200 null application/json; charset=utf-8 45.2043ms
2025-08-10 11:10:51.943 +05:30 [INF] Request starting HTTP/1.1 GET https://localhost:7165/api/Categories/count - null null
2025-08-10 11:10:51.943 +05:30 [INF] Executing endpoint 'AuthNet.Controllers.CategoriesController.GetCategoryCount (AuthNet)'
2025-08-10 11:10:51.943 +05:30 [INF] Route matched with {action = "GetCategoryCount", controller = "Categories"}. Executing controller action with signature System.Threading.Tasks.Task`1[Microsoft.AspNetCore.Mvc.IActionResult] GetCategoryCount() on controller AuthNet.Controllers.CategoriesController (AuthNet).
2025-08-10 11:10:51.963 +05:30 [INF] Executed DbCommand (19ms) [Parameters=[], CommandType='"Text"', CommandTimeout='30']
SELECT COUNT(*)
FROM [Categories] AS [c]
2025-08-10 11:10:51.963 +05:30 [INF] Executing OkObjectResult, writing value of type 'System.Int32'.
2025-08-10 11:10:51.963 +05:30 [INF] Executed action AuthNet.Controllers.CategoriesController.GetCategoryCount (AuthNet) in 20.408ms
2025-08-10 11:10:51.963 +05:30 [INF] Executed endpoint 'AuthNet.Controllers.CategoriesController.GetCategoryCount (AuthNet)'
2025-08-10 11:10:51.964 +05:30 [INF] Request finished HTTP/1.1 GET https://localhost:7165/api/Categories/count - 200 null application/json; charset=utf-8 20.9964ms
2025-08-10 11:10:52.001 +05:30 [INF] Request starting HTTP/1.1 GET https://localhost:7165/api/Orders/count - null null
2025-08-10 11:10:52.002 +05:30 [INF] Executing endpoint 'AuthNet.Controllers.OrdersController.GetOrderCount (AuthNet)'
2025-08-10 11:10:52.002 +05:30 [INF] Route matched with {action = "GetOrderCount", controller = "Orders"}. Executing controller action with signature System.Threading.Tasks.Task`1[Microsoft.AspNetCore.Mvc.IActionResult] GetOrderCount() on controller AuthNet.Controllers.OrdersController (AuthNet).
2025-08-10 11:10:52.007 +05:30 [INF] Executed DbCommand (4ms) [Parameters=[], CommandType='"Text"', CommandTimeout='30']
SELECT COUNT(*)
FROM [Orders] AS [o]
2025-08-10 11:10:52.008 +05:30 [INF] Executing OkObjectResult, writing value of type 'System.Int32'.
2025-08-10 11:10:52.008 +05:30 [INF] Executed action AuthNet.Controllers.OrdersController.GetOrderCount (AuthNet) in 6.1566ms
2025-08-10 11:10:52.008 +05:30 [INF] Executed endpoint 'AuthNet.Controllers.OrdersController.GetOrderCount (AuthNet)'
2025-08-10 11:10:52.009 +05:30 [INF] Request finished HTTP/1.1 GET https://localhost:7165/api/Orders/count - 200 null application/json; charset=utf-8 7.6101ms
2025-08-10 11:10:52.035 +05:30 [INF] Request starting HTTP/1.1 GET https://localhost:7165/api/Customers/count - null null
2025-08-10 11:10:52.035 +05:30 [INF] Executing endpoint 'AuthNet.Controllers.CustomersController.GetCustomerCount (AuthNet)'
2025-08-10 11:10:52.035 +05:30 [INF] Route matched with {action = "GetCustomerCount", controller = "Customers"}. Executing controller action with signature System.Threading.Tasks.Task`1[Microsoft.AspNetCore.Mvc.IActionResult] GetCustomerCount() on controller AuthNet.Controllers.CustomersController (AuthNet).
2025-08-10 11:10:52.040 +05:30 [INF] Executed DbCommand (3ms) [Parameters=[], CommandType='"Text"', CommandTimeout='30']
SELECT COUNT(*)
FROM [Customers] AS [c]
2025-08-10 11:10:52.040 +05:30 [INF] Executing OkObjectResult, writing value of type 'System.Int32'.
2025-08-10 11:10:52.040 +05:30 [INF] Executed action AuthNet.Controllers.CustomersController.GetCustomerCount (AuthNet) in 4.5589ms
2025-08-10 11:10:52.040 +05:30 [INF] Executed endpoint 'AuthNet.Controllers.CustomersController.GetCustomerCount (AuthNet)'
2025-08-10 11:10:52.040 +05:30 [INF] Request finished HTTP/1.1 GET https://localhost:7165/api/Customers/count - 200 null application/json; charset=utf-8 5.282ms
2025-08-10 11:10:52.066 +05:30 [INF] Request starting HTTP/1.1 GET https://localhost:7165/api/Tasks - null null
2025-08-10 11:10:52.066 +05:30 [INF] Executing endpoint 'AuthNet.Controllers.TasksController.GetTasks (AuthNet)'
2025-08-10 11:10:52.066 +05:30 [INF] Route matched with {action = "GetTasks", controller = "Tasks"}. Executing controller action with signature Microsoft.AspNetCore.Mvc.IActionResult GetTasks() on controller AuthNet.Controllers.TasksController (AuthNet).
2025-08-10 11:10:52.071 +05:30 [INF] Executed DbCommand (4ms) [Parameters=[], CommandType='"Text"', CommandTimeout='30']
SELECT [t].[Id], [t].[Title], [t].[DueDate]
FROM [Tasks] AS [t]
2025-08-10 11:10:52.071 +05:30 [INF] Executing OkObjectResult, writing value of type 'System.Collections.Generic.List`1[[AuthNet.Models.DTO.TaskItemDto, AuthNet, Version=1.0.0.0, Culture=neutral, PublicKeyToken=null]]'.
2025-08-10 11:10:52.072 +05:30 [INF] Executed action AuthNet.Controllers.TasksController.GetTasks (AuthNet) in 5.5258ms
2025-08-10 11:10:52.072 +05:30 [INF] Executed endpoint 'AuthNet.Controllers.TasksController.GetTasks (AuthNet)'
2025-08-10 11:10:52.072 +05:30 [INF] Request finished HTTP/1.1 GET https://localhost:7165/api/Tasks - 200 null application/json; charset=utf-8 5.986ms
2025-08-10 11:10:52.145 +05:30 [INF] Request starting HTTP/1.1 GET https://localhost:7165/api/Settings/Get - null null
2025-08-10 11:10:52.145 +05:30 [INF] Executing endpoint 'AuthNet.Controllers.SettingsController.GetCompanyInfo (AuthNet)'
2025-08-10 11:10:52.145 +05:30 [INF] Route matched with {action = "GetCompanyInfo", controller = "Settings"}. Executing controller action with signature System.Threading.Tasks.Task`1[Microsoft.AspNetCore.Mvc.IActionResult] GetCompanyInfo() on controller AuthNet.Controllers.SettingsController (AuthNet).
2025-08-10 11:10:52.164 +05:30 [INF] Executed DbCommand (18ms) [Parameters=[], CommandType='"Text"', CommandTimeout='30']
SELECT TOP(1) [c].[Id], [c].[Address], [c].[AlternateContactNumber], [c].[ContactNumber], [c].[Email], [c].[GSTIN], [c].[LogoFileExtension], [c].[LogoFilePath], [c].[LogoFileSizeInBytes], [c].[LogoName], [c].[Name], [c].[SignFileExtension], [c].[SignFilePath], [c].[SignFileSizeInBytes], [c].[SignName]
FROM [CompanyInfos] AS [c]
2025-08-10 11:10:52.164 +05:30 [INF] Executing OkObjectResult, writing value of type 'AuthNet.Models.DTO.CompanyInfoResponseDto'.
2025-08-10 11:10:52.164 +05:30 [INF] Executed action AuthNet.Controllers.SettingsController.GetCompanyInfo (AuthNet) in 19.3854ms
2025-08-10 11:10:52.164 +05:30 [INF] Executed endpoint 'AuthNet.Controllers.SettingsController.GetCompanyInfo (AuthNet)'
2025-08-10 11:10:52.165 +05:30 [INF] Request finished HTTP/1.1 GET https://localhost:7165/api/Settings/Get - 200 null application/json; charset=utf-8 20.1152ms
2025-08-10 11:10:52.341 +05:30 [INF] Request starting HTTP/2 GET https://localhost:7165/api/Sales/WeeklyProfit - null null
2025-08-10 11:10:52.341 +05:30 [INF] CORS policy execution successful.
2025-08-10 11:10:52.341 +05:30 [INF] Executing endpoint 'AuthNet.Controllers.SalesController.GetWeeklyProfit (AuthNet)'
2025-08-10 11:10:52.341 +05:30 [INF] Route matched with {action = "GetWeeklyProfit", controller = "Sales"}. Executing controller action with signature System.Threading.Tasks.Task`1[Microsoft.AspNetCore.Mvc.IActionResult] GetWeeklyProfit() on controller AuthNet.Controllers.SalesController (AuthNet).
2025-08-10 11:10:52.354 +05:30 [INF] Request starting HTTP/2 GET https://localhost:7165/api/Products/CategoryWiseProductCount - null null
2025-08-10 11:10:52.354 +05:30 [INF] CORS policy execution successful.
2025-08-10 11:10:52.354 +05:30 [INF] Executing endpoint 'AuthNet.Controllers.ProductsController.GetCategoryWiseProductCount (AuthNet)'
2025-08-10 11:10:52.354 +05:30 [INF] Route matched with {action = "GetCategoryWiseProductCount", controller = "Products"}. Executing controller action with signature System.Threading.Tasks.Task`1[Microsoft.AspNetCore.Mvc.IActionResult] GetCategoryWiseProductCount() on controller AuthNet.Controllers.ProductsController (AuthNet).
2025-08-10 11:10:52.515 +05:30 [INF] Executed DbCommand (172ms) [Parameters=[@__startDate_0='?' (DbType = DateTime2), @__endDate_1='?' (DbType = DateTime2)], CommandType='"Text"', CommandTimeout='30']
SELECT [s].[Id], [s].[ProductId], [s].[ProductName], [s].[Quantity], [s].[SaleId], [s].[TotalPrice], [s].[UnitPrice], [s0].[Id], [s0].[AfterTaxAmount], [s0].[CreatedAt], [s0].[DiscountedAmount], [s0].[InvoiceDate], [s0].[InvoiceNo], [s0].[PrincipalAmount], [s0].[Template], [s0].[TotalAmount]
FROM [SaleItems] AS [s]
INNER JOIN [Sales] AS [s0] ON [s].[SaleId] = [s0].[Id]
WHERE CONVERT(date, [s0].[InvoiceDate]) >= @__startDate_0 AND CONVERT(date, [s0].[InvoiceDate]) <= @__endDate_1
2025-08-10 11:10:52.522 +05:30 [INF] Executed DbCommand (167ms) [Parameters=[], CommandType='"Text"', CommandTimeout='30']
SELECT [c].[Name] AS [CategoryName], COUNT(*) AS [ProductCount]
FROM [Products] AS [p]
LEFT JOIN [Categories] AS [c] ON [p].[CategoryId] = [c].[CategoryId]
WHERE [c].[CategoryId] IS NOT NULL
GROUP BY [c].[Name]
2025-08-10 11:10:52.522 +05:30 [INF] Executing OkObjectResult, writing value of type 'System.Collections.Generic.List`1[[AuthNet.Models.DTO.CategoryProductCountDto, AuthNet, Version=1.0.0.0, Culture=neutral, PublicKeyToken=null]]'.
2025-08-10 11:10:52.522 +05:30 [INF] Executed action AuthNet.Controllers.ProductsController.GetCategoryWiseProductCount (AuthNet) in 168.2473ms
2025-08-10 11:10:52.522 +05:30 [INF] Executed endpoint 'AuthNet.Controllers.ProductsController.GetCategoryWiseProductCount (AuthNet)'
2025-08-10 11:10:52.523 +05:30 [INF] Request finished HTTP/2 GET https://localhost:7165/api/Products/CategoryWiseProductCount - 200 null application/json; charset=utf-8 168.8918ms
2025-08-10 11:10:52.526 +05:30 [INF] Executed DbCommand (10ms) [Parameters=[@__productIds_0='?' (Size = 4000)], CommandType='"Text"', CommandTimeout='30']
SELECT [p].[ProductId], [p].[CategoryId], [p].[CostPrice], [p].[Description], [p].[Name], [p].[ProductCode], [p].[ProductKey], [p].[SellPrice], [p].[SupplierId]
FROM [Products] AS [p]
WHERE [p].[ProductId] IN (
    SELECT [p0].[value]
    FROM OPENJSON(@__productIds_0) WITH ([value] int '$') AS [p0]
)
2025-08-10 11:10:52.527 +05:30 [INF] Executing OkObjectResult, writing value of type 'System.Collections.Generic.List`1[[AuthNet.Models.DTO.DailyProfitDto, AuthNet, Version=1.0.0.0, Culture=neutral, PublicKeyToken=null]]'.
2025-08-10 11:10:52.527 +05:30 [INF] Executed action AuthNet.Controllers.SalesController.GetWeeklyProfit (AuthNet) in 185.9098ms
2025-08-10 11:10:52.527 +05:30 [INF] Executed endpoint 'AuthNet.Controllers.SalesController.GetWeeklyProfit (AuthNet)'
2025-08-10 11:10:52.528 +05:30 [INF] Request finished HTTP/2 GET https://localhost:7165/api/Sales/WeeklyProfit - 200 null application/json; charset=utf-8 186.8045ms
2025-08-10 11:10:59.854 +05:30 [INF] Request starting HTTP/1.1 GET https://localhost:7165/api/Sales/daily-sales-excel - null null
2025-08-10 11:10:59.854 +05:30 [INF] Executing endpoint 'AuthNet.Controllers.SalesController.GetDailySalesExcel (AuthNet)'
2025-08-10 11:10:59.868 +05:30 [INF] Route matched with {action = "GetDailySalesExcel", controller = "Sales"}. Executing controller action with signature System.Threading.Tasks.Task`1[Microsoft.AspNetCore.Mvc.IActionResult] GetDailySalesExcel() on controller AuthNet.Controllers.SalesController (AuthNet).
2025-08-10 11:10:59.917 +05:30 [INF] Executed DbCommand (19ms) [Parameters=[@__today_0='?' (DbType = DateTime2), @__tomorrow_1='?' (DbType = DateTime2)], CommandType='"Text"', CommandTimeout='30']
SELECT [s].[Id], [s].[AfterTaxAmount], [s].[CreatedAt], [s].[DiscountedAmount], [s].[InvoiceDate], [s].[InvoiceNo], [s].[PrincipalAmount], [s].[Template], [s].[TotalAmount], [s0].[Id], [s0].[ProductId], [s0].[ProductName], [s0].[Quantity], [s0].[SaleId], [s0].[TotalPrice], [s0].[UnitPrice]
FROM [Sales] AS [s]
LEFT JOIN [SaleItems] AS [s0] ON [s].[Id] = [s0].[SaleId]
WHERE [s].[InvoiceDate] >= @__today_0 AND [s].[InvoiceDate] < @__tomorrow_1
ORDER BY [s].[Id]
2025-08-10 11:10:59.957 +05:30 [INF] Executing FileContentResult, sending file with download name 'DailySales_20250810.xlsx' ...
2025-08-10 11:10:59.962 +05:30 [INF] Executed action AuthNet.Controllers.SalesController.GetDailySalesExcel (AuthNet) in 94.0251ms
2025-08-10 11:10:59.963 +05:30 [INF] Executed endpoint 'AuthNet.Controllers.SalesController.GetDailySalesExcel (AuthNet)'
2025-08-10 11:10:59.963 +05:30 [INF] Request finished HTTP/1.1 GET https://localhost:7165/api/Sales/daily-sales-excel - 200 6399 application/vnd.openxmlformats-officedocument.spreadsheetml.sheet 109.4721ms
2025-08-10 11:11:22.371 +05:30 [INF] Request starting HTTP/1.1 GET https://localhost:7165/api/Categories - null null
2025-08-10 11:11:22.372 +05:30 [INF] Executing endpoint 'AuthNet.Controllers.CategoriesController.GetAll (AuthNet)'
2025-08-10 11:11:22.372 +05:30 [INF] Route matched with {action = "GetAll", controller = "Categories"}. Executing controller action with signature System.Threading.Tasks.Task`1[Microsoft.AspNetCore.Mvc.IActionResult] GetAll() on controller AuthNet.Controllers.CategoriesController (AuthNet).
2025-08-10 11:11:22.386 +05:30 [INF] Executed DbCommand (3ms) [Parameters=[], CommandType='"Text"', CommandTimeout='30']
SELECT [c].[CategoryId], [c].[Description], [c].[Name]
FROM [Categories] AS [c]
2025-08-10 11:11:22.388 +05:30 [INF] Executing OkObjectResult, writing value of type 'System.Collections.Generic.List`1[[AuthNet.Models.Domain.Category, AuthNet, Version=1.0.0.0, Culture=neutral, PublicKeyToken=null]]'.
2025-08-10 11:11:22.388 +05:30 [INF] Executed action AuthNet.Controllers.CategoriesController.GetAll (AuthNet) in 15.7372ms
2025-08-10 11:11:22.388 +05:30 [INF] Executed endpoint 'AuthNet.Controllers.CategoriesController.GetAll (AuthNet)'
2025-08-10 11:11:22.388 +05:30 [INF] Request finished HTTP/1.1 GET https://localhost:7165/api/Categories - 200 null application/json; charset=utf-8 16.7698ms
2025-08-10 11:11:36.452 +05:30 [INF] Request starting HTTP/1.1 POST https://localhost:7165/api/Categories - application/json; charset=utf-8 null
2025-08-10 11:11:36.452 +05:30 [INF] Executing endpoint 'AuthNet.Controllers.CategoriesController.Create (AuthNet)'
2025-08-10 11:11:36.467 +05:30 [INF] Route matched with {action = "Create", controller = "Categories"}. Executing controller action with signature System.Threading.Tasks.Task`1[Microsoft.AspNetCore.Mvc.IActionResult] Create(AuthNet.Models.Domain.Category) on controller AuthNet.Controllers.CategoriesController (AuthNet).
2025-08-10 11:11:36.588 +05:30 [INF] Executed DbCommand (83ms) [Parameters=[@p0='?' (Size = 4000), @p1='?' (Size = 4000)], CommandType='"Text"', CommandTimeout='30']
SET IMPLICIT_TRANSACTIONS OFF;
SET NOCOUNT ON;
INSERT INTO [Categories] ([Description], [Name])
OUTPUT INSERTED.[CategoryId]
VALUES (@p0, @p1);
2025-08-10 11:11:36.610 +05:30 [INF] Executed DbCommand (9ms) [Parameters=[@__id_0='?' (DbType = Int32)], CommandType='"Text"', CommandTimeout='30']
SELECT TOP(1) [c].[CategoryId], [c].[Description], [c].[Name]
FROM [Categories] AS [c]
WHERE [c].[CategoryId] = @__id_0
2025-08-10 11:11:36.611 +05:30 [INF] Executing CreatedAtActionResult, writing value of type 'AuthNet.Models.DTO.CategoryDto'.
2025-08-10 11:11:36.613 +05:30 [INF] Executed action AuthNet.Controllers.CategoriesController.Create (AuthNet) in 145.9291ms
2025-08-10 11:11:36.613 +05:30 [INF] Executed endpoint 'AuthNet.Controllers.CategoriesController.Create (AuthNet)'
2025-08-10 11:11:36.613 +05:30 [INF] Request finished HTTP/1.1 POST https://localhost:7165/api/Categories - 201 null application/json; charset=utf-8 161.7769ms
2025-08-10 11:11:36.660 +05:30 [INF] Request starting HTTP/1.1 GET https://localhost:7165/api/Categories - null null
2025-08-10 11:11:36.660 +05:30 [INF] Executing endpoint 'AuthNet.Controllers.CategoriesController.GetAll (AuthNet)'
2025-08-10 11:11:36.660 +05:30 [INF] Route matched with {action = "GetAll", controller = "Categories"}. Executing controller action with signature System.Threading.Tasks.Task`1[Microsoft.AspNetCore.Mvc.IActionResult] GetAll() on controller AuthNet.Controllers.CategoriesController (AuthNet).
2025-08-10 11:11:36.664 +05:30 [INF] Executed DbCommand (3ms) [Parameters=[], CommandType='"Text"', CommandTimeout='30']
SELECT [c].[CategoryId], [c].[Description], [c].[Name]
FROM [Categories] AS [c]
2025-08-10 11:11:36.666 +05:30 [INF] Executing OkObjectResult, writing value of type 'System.Collections.Generic.List`1[[AuthNet.Models.Domain.Category, AuthNet, Version=1.0.0.0, Culture=neutral, PublicKeyToken=null]]'.
2025-08-10 11:11:36.666 +05:30 [INF] Executed action AuthNet.Controllers.CategoriesController.GetAll (AuthNet) in 5.8107ms
2025-08-10 11:11:36.666 +05:30 [INF] Executed endpoint 'AuthNet.Controllers.CategoriesController.GetAll (AuthNet)'
2025-08-10 11:11:36.666 +05:30 [INF] Request finished HTTP/1.1 GET https://localhost:7165/api/Categories - 200 null application/json; charset=utf-8 6.6355ms
2025-08-10 11:11:42.301 +05:30 [INF] Request starting HTTP/1.1 GET https://localhost:7165/api/Sales/DailyProfit - null null
2025-08-10 11:11:42.301 +05:30 [INF] Executing endpoint 'AuthNet.Controllers.SalesController.GetDailyProfit (AuthNet)'
2025-08-10 11:11:42.301 +05:30 [INF] Route matched with {action = "GetDailyProfit", controller = "Sales"}. Executing controller action with signature System.Threading.Tasks.Task`1[Microsoft.AspNetCore.Mvc.IActionResult] GetDailyProfit() on controller AuthNet.Controllers.SalesController (AuthNet).
2025-08-10 11:11:42.315 +05:30 [INF] Executed DbCommand (11ms) [Parameters=[@__date_Date_0='?' (DbType = DateTime2)], CommandType='"Text"', CommandTimeout='30']
SELECT [s].[Id], [s].[ProductId], [s].[ProductName], [s].[Quantity], [s].[SaleId], [s].[TotalPrice], [s].[UnitPrice], [s0].[Id], [s0].[AfterTaxAmount], [s0].[CreatedAt], [s0].[DiscountedAmount], [s0].[InvoiceDate], [s0].[InvoiceNo], [s0].[PrincipalAmount], [s0].[Template], [s0].[TotalAmount]
FROM [SaleItems] AS [s]
INNER JOIN [Sales] AS [s0] ON [s].[SaleId] = [s0].[Id]
WHERE CONVERT(date, [s0].[InvoiceDate]) = @__date_Date_0
2025-08-10 11:11:42.321 +05:30 [INF] Executed DbCommand (6ms) [Parameters=[@__productIds_0='?' (Size = 4000)], CommandType='"Text"', CommandTimeout='30']
SELECT [p].[ProductId], [p].[CategoryId], [p].[CostPrice], [p].[Description], [p].[Name], [p].[ProductCode], [p].[ProductKey], [p].[SellPrice], [p].[SupplierId]
FROM [Products] AS [p]
WHERE [p].[ProductId] IN (
    SELECT [p0].[value]
    FROM OPENJSON(@__productIds_0) WITH ([value] int '$') AS [p0]
)
2025-08-10 11:11:42.322 +05:30 [INF] Executing OkObjectResult, writing value of type 'AuthNet.Models.DTO.DailyProfitDto'.
2025-08-10 11:11:42.322 +05:30 [INF] Executed action AuthNet.Controllers.SalesController.GetDailyProfit (AuthNet) in 20.5011ms
2025-08-10 11:11:42.322 +05:30 [INF] Executed endpoint 'AuthNet.Controllers.SalesController.GetDailyProfit (AuthNet)'
2025-08-10 11:11:42.322 +05:30 [INF] Request finished HTTP/1.1 GET https://localhost:7165/api/Sales/DailyProfit - 200 null application/json; charset=utf-8 21.2467ms
2025-08-10 11:11:42.342 +05:30 [INF] Request starting HTTP/1.1 GET https://localhost:7165/api/Sales/CurrentMonthProfit - null null
2025-08-10 11:11:42.342 +05:30 [INF] Executing endpoint 'AuthNet.Controllers.SalesController.GetCurrentMonthProfit (AuthNet)'
2025-08-10 11:11:42.342 +05:30 [INF] Route matched with {action = "GetCurrentMonthProfit", controller = "Sales"}. Executing controller action with signature System.Threading.Tasks.Task`1[Microsoft.AspNetCore.Mvc.IActionResult] GetCurrentMonthProfit() on controller AuthNet.Controllers.SalesController (AuthNet).
2025-08-10 11:11:42.358 +05:30 [INF] Executed DbCommand (12ms) [Parameters=[@__currentYear_0='?' (DbType = Int32), @__currentMonth_1='?' (DbType = Int32)], CommandType='"Text"', CommandTimeout='30']
SELECT [s].[Id], [s].[ProductId], [s].[ProductName], [s].[Quantity], [s].[SaleId], [s].[TotalPrice], [s].[UnitPrice], [s0].[Id], [s0].[AfterTaxAmount], [s0].[CreatedAt], [s0].[DiscountedAmount], [s0].[InvoiceDate], [s0].[InvoiceNo], [s0].[PrincipalAmount], [s0].[Template], [s0].[TotalAmount]
FROM [SaleItems] AS [s]
INNER JOIN [Sales] AS [s0] ON [s].[SaleId] = [s0].[Id]
WHERE DATEPART(year, [s0].[InvoiceDate]) = @__currentYear_0 AND DATEPART(month, [s0].[InvoiceDate]) = @__currentMonth_1
2025-08-10 11:11:42.360 +05:30 [INF] Executed DbCommand (1ms) [Parameters=[@__productIds_0='?' (Size = 4000)], CommandType='"Text"', CommandTimeout='30']
SELECT [p].[ProductId], [p].[CategoryId], [p].[CostPrice], [p].[Description], [p].[Name], [p].[ProductCode], [p].[ProductKey], [p].[SellPrice], [p].[SupplierId]
FROM [Products] AS [p]
WHERE [p].[ProductId] IN (
    SELECT [p0].[value]
    FROM OPENJSON(@__productIds_0) WITH ([value] int '$') AS [p0]
)
2025-08-10 11:11:42.361 +05:30 [INF] Executing OkObjectResult, writing value of type 'AuthNet.Models.DTO.MonthlyProfitDto'.
2025-08-10 11:11:42.361 +05:30 [INF] Executed action AuthNet.Controllers.SalesController.GetCurrentMonthProfit (AuthNet) in 18.7658ms
2025-08-10 11:11:42.361 +05:30 [INF] Executed endpoint 'AuthNet.Controllers.SalesController.GetCurrentMonthProfit (AuthNet)'
2025-08-10 11:11:42.361 +05:30 [INF] Request finished HTTP/1.1 GET https://localhost:7165/api/Sales/CurrentMonthProfit - 200 null application/json; charset=utf-8 19.4901ms
2025-08-10 11:11:42.387 +05:30 [INF] Request starting HTTP/1.1 GET https://localhost:7165/api/Sales/CurrentYearProfit - null null
2025-08-10 11:11:42.387 +05:30 [INF] Executing endpoint 'AuthNet.Controllers.SalesController.GetCurrentYearProfit (AuthNet)'
2025-08-10 11:11:42.387 +05:30 [INF] Route matched with {action = "GetCurrentYearProfit", controller = "Sales"}. Executing controller action with signature System.Threading.Tasks.Task`1[Microsoft.AspNetCore.Mvc.IActionResult] GetCurrentYearProfit() on controller AuthNet.Controllers.SalesController (AuthNet).
2025-08-10 11:11:42.400 +05:30 [INF] Executed DbCommand (11ms) [Parameters=[@__currentYear_0='?' (DbType = Int32)], CommandType='"Text"', CommandTimeout='30']
SELECT [s].[Id], [s].[ProductId], [s].[ProductName], [s].[Quantity], [s].[SaleId], [s].[TotalPrice], [s].[UnitPrice], [s0].[Id], [s0].[AfterTaxAmount], [s0].[CreatedAt], [s0].[DiscountedAmount], [s0].[InvoiceDate], [s0].[InvoiceNo], [s0].[PrincipalAmount], [s0].[Template], [s0].[TotalAmount]
FROM [SaleItems] AS [s]
INNER JOIN [Sales] AS [s0] ON [s].[SaleId] = [s0].[Id]
WHERE DATEPART(year, [s0].[InvoiceDate]) = @__currentYear_0
2025-08-10 11:11:42.402 +05:30 [INF] Executed DbCommand (1ms) [Parameters=[@__productIds_0='?' (Size = 4000)], CommandType='"Text"', CommandTimeout='30']
SELECT [p].[ProductId], [p].[CategoryId], [p].[CostPrice], [p].[Description], [p].[Name], [p].[ProductCode], [p].[ProductKey], [p].[SellPrice], [p].[SupplierId]
FROM [Products] AS [p]
WHERE [p].[ProductId] IN (
    SELECT [p0].[value]
    FROM OPENJSON(@__productIds_0) WITH ([value] int '$') AS [p0]
)
2025-08-10 11:11:42.402 +05:30 [INF] Executing OkObjectResult, writing value of type 'AuthNet.Models.DTO.YearlyProfitDto'.
2025-08-10 11:11:42.403 +05:30 [INF] Executed action AuthNet.Controllers.SalesController.GetCurrentYearProfit (AuthNet) in 15.2725ms
2025-08-10 11:11:42.403 +05:30 [INF] Executed endpoint 'AuthNet.Controllers.SalesController.GetCurrentYearProfit (AuthNet)'
2025-08-10 11:11:42.403 +05:30 [INF] Request finished HTTP/1.1 GET https://localhost:7165/api/Sales/CurrentYearProfit - 200 null application/json; charset=utf-8 16.0441ms
2025-08-10 11:11:42.451 +05:30 [INF] Request starting HTTP/1.1 GET https://localhost:7165/api/Products/count - null null
2025-08-10 11:11:42.452 +05:30 [INF] Executing endpoint 'AuthNet.Controllers.ProductsController.GetProductCount (AuthNet)'
2025-08-10 11:11:42.452 +05:30 [INF] Route matched with {action = "GetProductCount", controller = "Products"}. Executing controller action with signature System.Threading.Tasks.Task`1[Microsoft.AspNetCore.Mvc.IActionResult] GetProductCount() on controller AuthNet.Controllers.ProductsController (AuthNet).
2025-08-10 11:11:42.459 +05:30 [INF] Executed DbCommand (6ms) [Parameters=[], CommandType='"Text"', CommandTimeout='30']
SELECT COUNT(*)
FROM [Products] AS [p]
2025-08-10 11:11:42.460 +05:30 [INF] Executing OkObjectResult, writing value of type 'System.Int32'.
2025-08-10 11:11:42.461 +05:30 [INF] Executed action AuthNet.Controllers.ProductsController.GetProductCount (AuthNet) in 8.8536ms
2025-08-10 11:11:42.461 +05:30 [INF] Executed endpoint 'AuthNet.Controllers.ProductsController.GetProductCount (AuthNet)'
2025-08-10 11:11:42.461 +05:30 [INF] Request finished HTTP/1.1 GET https://localhost:7165/api/Products/count - 200 null application/json; charset=utf-8 9.685ms
2025-08-10 11:11:42.496 +05:30 [INF] Request starting HTTP/1.1 GET https://localhost:7165/api/Suppliers/count - null null
2025-08-10 11:11:42.496 +05:30 [INF] Executing endpoint 'AuthNet.Controllers.SuppliersController.GetSupplierCount (AuthNet)'
2025-08-10 11:11:42.498 +05:30 [INF] Route matched with {action = "GetSupplierCount", controller = "Suppliers"}. Executing controller action with signature System.Threading.Tasks.Task`1[Microsoft.AspNetCore.Mvc.IActionResult] GetSupplierCount() on controller AuthNet.Controllers.SuppliersController (AuthNet).
2025-08-10 11:11:42.519 +05:30 [INF] Executed DbCommand (17ms) [Parameters=[], CommandType='"Text"', CommandTimeout='30']
SELECT COUNT(*)
FROM [Suppliers] AS [s]
2025-08-10 11:11:42.520 +05:30 [INF] Executing OkObjectResult, writing value of type 'System.Int32'.
2025-08-10 11:11:42.521 +05:30 [INF] Executed action AuthNet.Controllers.SuppliersController.GetSupplierCount (AuthNet) in 22.1639ms
2025-08-10 11:11:42.521 +05:30 [INF] Executed endpoint 'AuthNet.Controllers.SuppliersController.GetSupplierCount (AuthNet)'
2025-08-10 11:11:42.521 +05:30 [INF] Request finished HTTP/1.1 GET https://localhost:7165/api/Suppliers/count - 200 null application/json; charset=utf-8 25.2215ms
2025-08-10 11:11:42.542 +05:30 [INF] Request starting HTTP/1.1 GET https://localhost:7165/api/Categories/count - null null
2025-08-10 11:11:42.543 +05:30 [INF] Executing endpoint 'AuthNet.Controllers.CategoriesController.GetCategoryCount (AuthNet)'
2025-08-10 11:11:42.543 +05:30 [INF] Route matched with {action = "GetCategoryCount", controller = "Categories"}. Executing controller action with signature System.Threading.Tasks.Task`1[Microsoft.AspNetCore.Mvc.IActionResult] GetCategoryCount() on controller AuthNet.Controllers.CategoriesController (AuthNet).
2025-08-10 11:11:42.546 +05:30 [INF] Executed DbCommand (2ms) [Parameters=[], CommandType='"Text"', CommandTimeout='30']
SELECT COUNT(*)
FROM [Categories] AS [c]
2025-08-10 11:11:42.547 +05:30 [INF] Executing OkObjectResult, writing value of type 'System.Int32'.
2025-08-10 11:11:42.547 +05:30 [INF] Executed action AuthNet.Controllers.CategoriesController.GetCategoryCount (AuthNet) in 4.554ms
2025-08-10 11:11:42.547 +05:30 [INF] Executed endpoint 'AuthNet.Controllers.CategoriesController.GetCategoryCount (AuthNet)'
2025-08-10 11:11:42.548 +05:30 [INF] Request finished HTTP/1.1 GET https://localhost:7165/api/Categories/count - 200 null application/json; charset=utf-8 5.4956ms
2025-08-10 11:11:42.571 +05:30 [INF] Request starting HTTP/1.1 GET https://localhost:7165/api/Orders/count - null null
2025-08-10 11:11:42.571 +05:30 [INF] Executing endpoint 'AuthNet.Controllers.OrdersController.GetOrderCount (AuthNet)'
2025-08-10 11:11:42.571 +05:30 [INF] Route matched with {action = "GetOrderCount", controller = "Orders"}. Executing controller action with signature System.Threading.Tasks.Task`1[Microsoft.AspNetCore.Mvc.IActionResult] GetOrderCount() on controller AuthNet.Controllers.OrdersController (AuthNet).
2025-08-10 11:11:42.575 +05:30 [INF] Executed DbCommand (3ms) [Parameters=[], CommandType='"Text"', CommandTimeout='30']
SELECT COUNT(*)
FROM [Orders] AS [o]
2025-08-10 11:11:42.576 +05:30 [INF] Executing OkObjectResult, writing value of type 'System.Int32'.
2025-08-10 11:11:42.576 +05:30 [INF] Executed action AuthNet.Controllers.OrdersController.GetOrderCount (AuthNet) in 4.8798ms
2025-08-10 11:11:42.576 +05:30 [INF] Executed endpoint 'AuthNet.Controllers.OrdersController.GetOrderCount (AuthNet)'
2025-08-10 11:11:42.577 +05:30 [INF] Request finished HTTP/1.1 GET https://localhost:7165/api/Orders/count - 200 null application/json; charset=utf-8 5.7487ms
2025-08-10 11:11:42.602 +05:30 [INF] Request starting HTTP/1.1 GET https://localhost:7165/api/Customers/count - null null
2025-08-10 11:11:42.602 +05:30 [INF] Executing endpoint 'AuthNet.Controllers.CustomersController.GetCustomerCount (AuthNet)'
2025-08-10 11:11:42.602 +05:30 [INF] Route matched with {action = "GetCustomerCount", controller = "Customers"}. Executing controller action with signature System.Threading.Tasks.Task`1[Microsoft.AspNetCore.Mvc.IActionResult] GetCustomerCount() on controller AuthNet.Controllers.CustomersController (AuthNet).
2025-08-10 11:11:42.606 +05:30 [INF] Executed DbCommand (2ms) [Parameters=[], CommandType='"Text"', CommandTimeout='30']
SELECT COUNT(*)
FROM [Customers] AS [c]
2025-08-10 11:11:42.606 +05:30 [INF] Executing OkObjectResult, writing value of type 'System.Int32'.
2025-08-10 11:11:42.606 +05:30 [INF] Executed action AuthNet.Controllers.CustomersController.GetCustomerCount (AuthNet) in 4.1239ms
2025-08-10 11:11:42.606 +05:30 [INF] Executed endpoint 'AuthNet.Controllers.CustomersController.GetCustomerCount (AuthNet)'
2025-08-10 11:11:42.608 +05:30 [INF] Request finished HTTP/1.1 GET https://localhost:7165/api/Customers/count - 200 null application/json; charset=utf-8 6.4183ms
2025-08-10 11:11:42.629 +05:30 [INF] Request starting HTTP/1.1 GET https://localhost:7165/api/Tasks - null null
2025-08-10 11:11:42.629 +05:30 [INF] Executing endpoint 'AuthNet.Controllers.TasksController.GetTasks (AuthNet)'
2025-08-10 11:11:42.630 +05:30 [INF] Route matched with {action = "GetTasks", controller = "Tasks"}. Executing controller action with signature Microsoft.AspNetCore.Mvc.IActionResult GetTasks() on controller AuthNet.Controllers.TasksController (AuthNet).
2025-08-10 11:11:42.633 +05:30 [INF] Executed DbCommand (3ms) [Parameters=[], CommandType='"Text"', CommandTimeout='30']
SELECT [t].[Id], [t].[Title], [t].[DueDate]
FROM [Tasks] AS [t]
2025-08-10 11:11:42.633 +05:30 [INF] Executing OkObjectResult, writing value of type 'System.Collections.Generic.List`1[[AuthNet.Models.DTO.TaskItemDto, AuthNet, Version=1.0.0.0, Culture=neutral, PublicKeyToken=null]]'.
2025-08-10 11:11:42.633 +05:30 [INF] Executed action AuthNet.Controllers.TasksController.GetTasks (AuthNet) in 3.8855ms
2025-08-10 11:11:42.634 +05:30 [INF] Executed endpoint 'AuthNet.Controllers.TasksController.GetTasks (AuthNet)'
2025-08-10 11:11:42.634 +05:30 [INF] Request finished HTTP/1.1 GET https://localhost:7165/api/Tasks - 200 null application/json; charset=utf-8 4.464ms
2025-08-10 11:11:42.664 +05:30 [INF] Request starting HTTP/1.1 GET https://localhost:7165/api/Settings/Get - null null
2025-08-10 11:11:42.665 +05:30 [INF] Executing endpoint 'AuthNet.Controllers.SettingsController.GetCompanyInfo (AuthNet)'
2025-08-10 11:11:42.665 +05:30 [INF] Route matched with {action = "GetCompanyInfo", controller = "Settings"}. Executing controller action with signature System.Threading.Tasks.Task`1[Microsoft.AspNetCore.Mvc.IActionResult] GetCompanyInfo() on controller AuthNet.Controllers.SettingsController (AuthNet).
2025-08-10 11:11:42.681 +05:30 [INF] Executed DbCommand (15ms) [Parameters=[], CommandType='"Text"', CommandTimeout='30']
SELECT TOP(1) [c].[Id], [c].[Address], [c].[AlternateContactNumber], [c].[ContactNumber], [c].[Email], [c].[GSTIN], [c].[LogoFileExtension], [c].[LogoFilePath], [c].[LogoFileSizeInBytes], [c].[LogoName], [c].[Name], [c].[SignFileExtension], [c].[SignFilePath], [c].[SignFileSizeInBytes], [c].[SignName]
FROM [CompanyInfos] AS [c]
2025-08-10 11:11:42.681 +05:30 [INF] Executing OkObjectResult, writing value of type 'AuthNet.Models.DTO.CompanyInfoResponseDto'.
2025-08-10 11:11:42.682 +05:30 [INF] Executed action AuthNet.Controllers.SettingsController.GetCompanyInfo (AuthNet) in 16.5246ms
2025-08-10 11:11:42.682 +05:30 [INF] Executed endpoint 'AuthNet.Controllers.SettingsController.GetCompanyInfo (AuthNet)'
2025-08-10 11:11:42.682 +05:30 [INF] Request finished HTTP/1.1 GET https://localhost:7165/api/Settings/Get - 200 null application/json; charset=utf-8 17.4121ms
2025-08-10 11:11:43.026 +05:30 [INF] Request starting HTTP/2 GET https://localhost:7165/api/Sales/WeeklyProfit - null null
2025-08-10 11:11:43.026 +05:30 [INF] CORS policy execution successful.
2025-08-10 11:11:43.026 +05:30 [INF] Executing endpoint 'AuthNet.Controllers.SalesController.GetWeeklyProfit (AuthNet)'
2025-08-10 11:11:43.026 +05:30 [INF] Route matched with {action = "GetWeeklyProfit", controller = "Sales"}. Executing controller action with signature System.Threading.Tasks.Task`1[Microsoft.AspNetCore.Mvc.IActionResult] GetWeeklyProfit() on controller AuthNet.Controllers.SalesController (AuthNet).
2025-08-10 11:11:43.069 +05:30 [INF] Request starting HTTP/2 GET https://localhost:7165/api/Products/CategoryWiseProductCount - null null
2025-08-10 11:11:43.069 +05:30 [INF] CORS policy execution successful.
2025-08-10 11:11:43.070 +05:30 [INF] Executing endpoint 'AuthNet.Controllers.ProductsController.GetCategoryWiseProductCount (AuthNet)'
2025-08-10 11:11:43.070 +05:30 [INF] Route matched with {action = "GetCategoryWiseProductCount", controller = "Products"}. Executing controller action with signature System.Threading.Tasks.Task`1[Microsoft.AspNetCore.Mvc.IActionResult] GetCategoryWiseProductCount() on controller AuthNet.Controllers.ProductsController (AuthNet).
2025-08-10 11:11:43.070 +05:30 [INF] Executed DbCommand (43ms) [Parameters=[@__startDate_0='?' (DbType = DateTime2), @__endDate_1='?' (DbType = DateTime2)], CommandType='"Text"', CommandTimeout='30']
SELECT [s].[Id], [s].[ProductId], [s].[ProductName], [s].[Quantity], [s].[SaleId], [s].[TotalPrice], [s].[UnitPrice], [s0].[Id], [s0].[AfterTaxAmount], [s0].[CreatedAt], [s0].[DiscountedAmount], [s0].[InvoiceDate], [s0].[InvoiceNo], [s0].[PrincipalAmount], [s0].[Template], [s0].[TotalAmount]
FROM [SaleItems] AS [s]
INNER JOIN [Sales] AS [s0] ON [s].[SaleId] = [s0].[Id]
WHERE CONVERT(date, [s0].[InvoiceDate]) >= @__startDate_0 AND CONVERT(date, [s0].[InvoiceDate]) <= @__endDate_1
2025-08-10 11:11:43.105 +05:30 [INF] Executed DbCommand (34ms) [Parameters=[@__productIds_0='?' (Size = 4000)], CommandType='"Text"', CommandTimeout='30']
SELECT [p].[ProductId], [p].[CategoryId], [p].[CostPrice], [p].[Description], [p].[Name], [p].[ProductCode], [p].[ProductKey], [p].[SellPrice], [p].[SupplierId]
FROM [Products] AS [p]
WHERE [p].[ProductId] IN (
    SELECT [p0].[value]
    FROM OPENJSON(@__productIds_0) WITH ([value] int '$') AS [p0]
)
2025-08-10 11:11:43.105 +05:30 [INF] Executing OkObjectResult, writing value of type 'System.Collections.Generic.List`1[[AuthNet.Models.DTO.DailyProfitDto, AuthNet, Version=1.0.0.0, Culture=neutral, PublicKeyToken=null]]'.
2025-08-10 11:11:43.105 +05:30 [INF] Executed action AuthNet.Controllers.SalesController.GetWeeklyProfit (AuthNet) in 79.018ms
2025-08-10 11:11:43.105 +05:30 [INF] Executed endpoint 'AuthNet.Controllers.SalesController.GetWeeklyProfit (AuthNet)'
2025-08-10 11:11:43.106 +05:30 [INF] Request finished HTTP/2 GET https://localhost:7165/api/Sales/WeeklyProfit - 200 null application/json; charset=utf-8 79.766ms
2025-08-10 11:11:43.234 +05:30 [INF] Executed DbCommand (163ms) [Parameters=[], CommandType='"Text"', CommandTimeout='30']
SELECT [c].[Name] AS [CategoryName], COUNT(*) AS [ProductCount]
FROM [Products] AS [p]
LEFT JOIN [Categories] AS [c] ON [p].[CategoryId] = [c].[CategoryId]
WHERE [c].[CategoryId] IS NOT NULL
GROUP BY [c].[Name]
2025-08-10 11:11:43.234 +05:30 [INF] Executing OkObjectResult, writing value of type 'System.Collections.Generic.List`1[[AuthNet.Models.DTO.CategoryProductCountDto, AuthNet, Version=1.0.0.0, Culture=neutral, PublicKeyToken=null]]'.
2025-08-10 11:11:43.235 +05:30 [INF] Executed action AuthNet.Controllers.ProductsController.GetCategoryWiseProductCount (AuthNet) in 164.9313ms
2025-08-10 11:11:43.235 +05:30 [INF] Executed endpoint 'AuthNet.Controllers.ProductsController.GetCategoryWiseProductCount (AuthNet)'
2025-08-10 11:11:43.235 +05:30 [INF] Request finished HTTP/2 GET https://localhost:7165/api/Products/CategoryWiseProductCount - 200 null application/json; charset=utf-8 165.6177ms
2025-08-10 11:13:01.728 +05:30 [INF] Request starting HTTP/1.1 GET https://localhost:7165/api/Products - null null
2025-08-10 11:13:01.729 +05:30 [INF] Executing endpoint 'AuthNet.Controllers.ProductsController.GetAll (AuthNet)'
2025-08-10 11:13:01.729 +05:30 [INF] Route matched with {action = "GetAll", controller = "Products"}. Executing controller action with signature System.Threading.Tasks.Task`1[Microsoft.AspNetCore.Mvc.IActionResult] GetAll() on controller AuthNet.Controllers.ProductsController (AuthNet).
2025-08-10 11:13:01.735 +05:30 [INF] Executed DbCommand (5ms) [Parameters=[], CommandType='"Text"', CommandTimeout='30']
SELECT [p].[ProductId], [p].[CategoryId], [p].[CostPrice], [p].[Description], [p].[Name], [p].[ProductCode], [p].[ProductKey], [p].[SellPrice], [p].[SupplierId]
FROM [Products] AS [p]
2025-08-10 11:13:01.736 +05:30 [INF] Executing OkObjectResult, writing value of type 'System.Collections.Generic.List`1[[AuthNet.Models.Domain.Product, AuthNet, Version=1.0.0.0, Culture=neutral, PublicKeyToken=null]]'.
2025-08-10 11:13:01.736 +05:30 [INF] Executed action AuthNet.Controllers.ProductsController.GetAll (AuthNet) in 7.2039ms
2025-08-10 11:13:01.736 +05:30 [INF] Executed endpoint 'AuthNet.Controllers.ProductsController.GetAll (AuthNet)'
2025-08-10 11:13:01.736 +05:30 [INF] Request finished HTTP/1.1 GET https://localhost:7165/api/Products - 200 null application/json; charset=utf-8 7.9053ms
2025-08-10 11:13:01.756 +05:30 [INF] Request starting HTTP/1.1 GET https://localhost:7165/api/categories - null null
2025-08-10 11:13:01.757 +05:30 [INF] Executing endpoint 'AuthNet.Controllers.CategoriesController.GetAll (AuthNet)'
2025-08-10 11:13:01.757 +05:30 [INF] Route matched with {action = "GetAll", controller = "Categories"}. Executing controller action with signature System.Threading.Tasks.Task`1[Microsoft.AspNetCore.Mvc.IActionResult] GetAll() on controller AuthNet.Controllers.CategoriesController (AuthNet).
2025-08-10 11:13:01.764 +05:30 [INF] Executed DbCommand (5ms) [Parameters=[], CommandType='"Text"', CommandTimeout='30']
SELECT [c].[CategoryId], [c].[Description], [c].[Name]
FROM [Categories] AS [c]
2025-08-10 11:13:01.764 +05:30 [INF] Executing OkObjectResult, writing value of type 'System.Collections.Generic.List`1[[AuthNet.Models.Domain.Category, AuthNet, Version=1.0.0.0, Culture=neutral, PublicKeyToken=null]]'.
2025-08-10 11:13:01.764 +05:30 [INF] Executed action AuthNet.Controllers.CategoriesController.GetAll (AuthNet) in 6.6843ms
2025-08-10 11:13:01.764 +05:30 [INF] Executed endpoint 'AuthNet.Controllers.CategoriesController.GetAll (AuthNet)'
2025-08-10 11:13:01.765 +05:30 [INF] Request finished HTTP/1.1 GET https://localhost:7165/api/categories - 200 null application/json; charset=utf-8 8.8361ms
2025-08-10 11:13:01.798 +05:30 [INF] Request starting HTTP/1.1 GET https://localhost:7165/api/suppliers - null null
2025-08-10 11:13:01.798 +05:30 [INF] Executing endpoint 'AuthNet.Controllers.SuppliersController.GetAll (AuthNet)'
2025-08-10 11:13:01.798 +05:30 [INF] Route matched with {action = "GetAll", controller = "Suppliers"}. Executing controller action with signature System.Threading.Tasks.Task`1[Microsoft.AspNetCore.Mvc.IActionResult] GetAll() on controller AuthNet.Controllers.SuppliersController (AuthNet).
2025-08-10 11:13:01.810 +05:30 [INF] Executed DbCommand (9ms) [Parameters=[], CommandType='"Text"', CommandTimeout='30']
SELECT [s].[SupplierId], [s].[CompanyName], [s].[ContactName], [s].[Phone], [s].[Address]
FROM [Suppliers] AS [s]
2025-08-10 11:13:01.810 +05:30 [INF] Executing OkObjectResult, writing value of type 'System.Collections.Generic.List`1[[AuthNet.Models.DTO.SupplierViewModel, AuthNet, Version=1.0.0.0, Culture=neutral, PublicKeyToken=null]]'.
2025-08-10 11:13:01.810 +05:30 [INF] Executed action AuthNet.Controllers.SuppliersController.GetAll (AuthNet) in 11.8045ms
2025-08-10 11:13:01.810 +05:30 [INF] Executed endpoint 'AuthNet.Controllers.SuppliersController.GetAll (AuthNet)'
2025-08-10 11:13:01.811 +05:30 [INF] Request finished HTTP/1.1 GET https://localhost:7165/api/suppliers - 200 null application/json; charset=utf-8 12.8254ms
2025-08-10 11:13:23.604 +05:30 [INF] Request starting HTTP/1.1 GET https://localhost:7165/api/categories - null null
2025-08-10 11:13:23.604 +05:30 [INF] Executing endpoint 'AuthNet.Controllers.CategoriesController.GetAll (AuthNet)'
2025-08-10 11:13:23.604 +05:30 [INF] Route matched with {action = "GetAll", controller = "Categories"}. Executing controller action with signature System.Threading.Tasks.Task`1[Microsoft.AspNetCore.Mvc.IActionResult] GetAll() on controller AuthNet.Controllers.CategoriesController (AuthNet).
2025-08-10 11:13:23.613 +05:30 [INF] Executed DbCommand (8ms) [Parameters=[], CommandType='"Text"', CommandTimeout='30']
SELECT [c].[CategoryId], [c].[Description], [c].[Name]
FROM [Categories] AS [c]
2025-08-10 11:13:23.613 +05:30 [INF] Executing OkObjectResult, writing value of type 'System.Collections.Generic.List`1[[AuthNet.Models.Domain.Category, AuthNet, Version=1.0.0.0, Culture=neutral, PublicKeyToken=null]]'.
2025-08-10 11:13:23.614 +05:30 [INF] Executed action AuthNet.Controllers.CategoriesController.GetAll (AuthNet) in 9.5323ms
2025-08-10 11:13:23.614 +05:30 [INF] Executed endpoint 'AuthNet.Controllers.CategoriesController.GetAll (AuthNet)'
2025-08-10 11:13:23.614 +05:30 [INF] Request finished HTTP/1.1 GET https://localhost:7165/api/categories - 200 null application/json; charset=utf-8 10.3185ms
2025-08-10 11:13:23.650 +05:30 [INF] Request starting HTTP/1.1 GET https://localhost:7165/api/suppliers - null null
2025-08-10 11:13:23.650 +05:30 [INF] Executing endpoint 'AuthNet.Controllers.SuppliersController.GetAll (AuthNet)'
2025-08-10 11:13:23.651 +05:30 [INF] Route matched with {action = "GetAll", controller = "Suppliers"}. Executing controller action with signature System.Threading.Tasks.Task`1[Microsoft.AspNetCore.Mvc.IActionResult] GetAll() on controller AuthNet.Controllers.SuppliersController (AuthNet).
2025-08-10 11:13:23.657 +05:30 [INF] Executed DbCommand (5ms) [Parameters=[], CommandType='"Text"', CommandTimeout='30']
SELECT [s].[SupplierId], [s].[CompanyName], [s].[ContactName], [s].[Phone], [s].[Address]
FROM [Suppliers] AS [s]
2025-08-10 11:13:23.659 +05:30 [INF] Executing OkObjectResult, writing value of type 'System.Collections.Generic.List`1[[AuthNet.Models.DTO.SupplierViewModel, AuthNet, Version=1.0.0.0, Culture=neutral, PublicKeyToken=null]]'.
2025-08-10 11:13:23.659 +05:30 [INF] Executed action AuthNet.Controllers.SuppliersController.GetAll (AuthNet) in 8.2808ms
2025-08-10 11:13:23.659 +05:30 [INF] Executed endpoint 'AuthNet.Controllers.SuppliersController.GetAll (AuthNet)'
2025-08-10 11:13:23.659 +05:30 [INF] Request finished HTTP/1.1 GET https://localhost:7165/api/suppliers - 200 null application/json; charset=utf-8 9.0601ms
2025-08-10 11:13:26.198 +05:30 [INF] Request starting HTTP/1.1 GET https://localhost:7165/api/Products - null null
2025-08-10 11:13:26.198 +05:30 [INF] Executing endpoint 'AuthNet.Controllers.ProductsController.GetAll (AuthNet)'
2025-08-10 11:13:26.198 +05:30 [INF] Route matched with {action = "GetAll", controller = "Products"}. Executing controller action with signature System.Threading.Tasks.Task`1[Microsoft.AspNetCore.Mvc.IActionResult] GetAll() on controller AuthNet.Controllers.ProductsController (AuthNet).
2025-08-10 11:13:26.225 +05:30 [INF] Executed DbCommand (15ms) [Parameters=[], CommandType='"Text"', CommandTimeout='30']
SELECT [p].[ProductId], [p].[CategoryId], [p].[CostPrice], [p].[Description], [p].[Name], [p].[ProductCode], [p].[ProductKey], [p].[SellPrice], [p].[SupplierId]
FROM [Products] AS [p]
2025-08-10 11:13:26.226 +05:30 [INF] Executing OkObjectResult, writing value of type 'System.Collections.Generic.List`1[[AuthNet.Models.Domain.Product, AuthNet, Version=1.0.0.0, Culture=neutral, PublicKeyToken=null]]'.
2025-08-10 11:13:26.226 +05:30 [INF] Executed action AuthNet.Controllers.ProductsController.GetAll (AuthNet) in 27.437ms
2025-08-10 11:13:26.226 +05:30 [INF] Executed endpoint 'AuthNet.Controllers.ProductsController.GetAll (AuthNet)'
2025-08-10 11:13:26.226 +05:30 [INF] Request finished HTTP/1.1 GET https://localhost:7165/api/Products - 200 null application/json; charset=utf-8 28.1644ms
2025-08-10 11:13:26.264 +05:30 [INF] Request starting HTTP/1.1 GET https://localhost:7165/api/categories - null null
2025-08-10 11:13:26.264 +05:30 [INF] Executing endpoint 'AuthNet.Controllers.CategoriesController.GetAll (AuthNet)'
2025-08-10 11:13:26.264 +05:30 [INF] Route matched with {action = "GetAll", controller = "Categories"}. Executing controller action with signature System.Threading.Tasks.Task`1[Microsoft.AspNetCore.Mvc.IActionResult] GetAll() on controller AuthNet.Controllers.CategoriesController (AuthNet).
2025-08-10 11:13:26.360 +05:30 [INF] Executed DbCommand (95ms) [Parameters=[], CommandType='"Text"', CommandTimeout='30']
SELECT [c].[CategoryId], [c].[Description], [c].[Name]
FROM [Categories] AS [c]
2025-08-10 11:13:26.361 +05:30 [INF] Executing OkObjectResult, writing value of type 'System.Collections.Generic.List`1[[AuthNet.Models.Domain.Category, AuthNet, Version=1.0.0.0, Culture=neutral, PublicKeyToken=null]]'.
2025-08-10 11:13:26.361 +05:30 [INF] Executed action AuthNet.Controllers.CategoriesController.GetAll (AuthNet) in 96.7883ms
2025-08-10 11:13:26.361 +05:30 [INF] Executed endpoint 'AuthNet.Controllers.CategoriesController.GetAll (AuthNet)'
2025-08-10 11:13:26.361 +05:30 [INF] Request finished HTTP/1.1 GET https://localhost:7165/api/categories - 200 null application/json; charset=utf-8 97.6262ms
2025-08-10 11:13:26.403 +05:30 [INF] Request starting HTTP/1.1 GET https://localhost:7165/api/suppliers - null null
2025-08-10 11:13:26.404 +05:30 [INF] Executing endpoint 'AuthNet.Controllers.SuppliersController.GetAll (AuthNet)'
2025-08-10 11:13:26.404 +05:30 [INF] Route matched with {action = "GetAll", controller = "Suppliers"}. Executing controller action with signature System.Threading.Tasks.Task`1[Microsoft.AspNetCore.Mvc.IActionResult] GetAll() on controller AuthNet.Controllers.SuppliersController (AuthNet).
2025-08-10 11:13:26.428 +05:30 [INF] Executed DbCommand (23ms) [Parameters=[], CommandType='"Text"', CommandTimeout='30']
SELECT [s].[SupplierId], [s].[CompanyName], [s].[ContactName], [s].[Phone], [s].[Address]
FROM [Suppliers] AS [s]
2025-08-10 11:13:26.429 +05:30 [INF] Executing OkObjectResult, writing value of type 'System.Collections.Generic.List`1[[AuthNet.Models.DTO.SupplierViewModel, AuthNet, Version=1.0.0.0, Culture=neutral, PublicKeyToken=null]]'.
2025-08-10 11:13:26.429 +05:30 [INF] Executed action AuthNet.Controllers.SuppliersController.GetAll (AuthNet) in 24.8918ms
2025-08-10 11:13:26.429 +05:30 [INF] Executed endpoint 'AuthNet.Controllers.SuppliersController.GetAll (AuthNet)'
2025-08-10 11:13:26.429 +05:30 [INF] Request finished HTTP/1.1 GET https://localhost:7165/api/suppliers - 200 null application/json; charset=utf-8 26.5342ms
2025-08-10 11:13:46.919 +05:30 [INF] Request starting HTTP/1.1 GET https://localhost:7165/api/Settings/Get - null null
2025-08-10 11:13:46.919 +05:30 [INF] Executing endpoint 'AuthNet.Controllers.SettingsController.GetCompanyInfo (AuthNet)'
2025-08-10 11:13:46.919 +05:30 [INF] Route matched with {action = "GetCompanyInfo", controller = "Settings"}. Executing controller action with signature System.Threading.Tasks.Task`1[Microsoft.AspNetCore.Mvc.IActionResult] GetCompanyInfo() on controller AuthNet.Controllers.SettingsController (AuthNet).
2025-08-10 11:13:46.936 +05:30 [INF] Executed DbCommand (16ms) [Parameters=[], CommandType='"Text"', CommandTimeout='30']
SELECT TOP(1) [c].[Id], [c].[Address], [c].[AlternateContactNumber], [c].[ContactNumber], [c].[Email], [c].[GSTIN], [c].[LogoFileExtension], [c].[LogoFilePath], [c].[LogoFileSizeInBytes], [c].[LogoName], [c].[Name], [c].[SignFileExtension], [c].[SignFilePath], [c].[SignFileSizeInBytes], [c].[SignName]
FROM [CompanyInfos] AS [c]
2025-08-10 11:13:46.953 +05:30 [INF] Executing OkObjectResult, writing value of type 'AuthNet.Models.DTO.CompanyInfoResponseDto'.
2025-08-10 11:13:46.953 +05:30 [INF] Executed action AuthNet.Controllers.SettingsController.GetCompanyInfo (AuthNet) in 33.8562ms
2025-08-10 11:13:46.953 +05:30 [INF] Executed endpoint 'AuthNet.Controllers.SettingsController.GetCompanyInfo (AuthNet)'
2025-08-10 11:13:46.953 +05:30 [INF] Request finished HTTP/1.1 GET https://localhost:7165/api/Settings/Get - 200 null application/json; charset=utf-8 34.6673ms
2025-08-10 11:13:52.712 +05:30 [INF] Request starting HTTP/1.1 GET https://localhost:7165/api/Settings/Get - null null
2025-08-10 11:13:52.712 +05:30 [INF] Executing endpoint 'AuthNet.Controllers.SettingsController.GetCompanyInfo (AuthNet)'
2025-08-10 11:13:52.712 +05:30 [INF] Route matched with {action = "GetCompanyInfo", controller = "Settings"}. Executing controller action with signature System.Threading.Tasks.Task`1[Microsoft.AspNetCore.Mvc.IActionResult] GetCompanyInfo() on controller AuthNet.Controllers.SettingsController (AuthNet).
2025-08-10 11:13:52.722 +05:30 [INF] Executed DbCommand (9ms) [Parameters=[], CommandType='"Text"', CommandTimeout='30']
SELECT TOP(1) [c].[Id], [c].[Address], [c].[AlternateContactNumber], [c].[ContactNumber], [c].[Email], [c].[GSTIN], [c].[LogoFileExtension], [c].[LogoFilePath], [c].[LogoFileSizeInBytes], [c].[LogoName], [c].[Name], [c].[SignFileExtension], [c].[SignFilePath], [c].[SignFileSizeInBytes], [c].[SignName]
FROM [CompanyInfos] AS [c]
2025-08-10 11:13:52.727 +05:30 [INF] Executing OkObjectResult, writing value of type 'AuthNet.Models.DTO.CompanyInfoResponseDto'.
2025-08-10 11:13:52.729 +05:30 [INF] Executed action AuthNet.Controllers.SettingsController.GetCompanyInfo (AuthNet) in 16.3077ms
2025-08-10 11:13:52.729 +05:30 [INF] Executed endpoint 'AuthNet.Controllers.SettingsController.GetCompanyInfo (AuthNet)'
2025-08-10 11:13:52.729 +05:30 [INF] Request finished HTTP/1.1 GET https://localhost:7165/api/Settings/Get - 200 null application/json; charset=utf-8 17.0517ms
2025-08-10 11:14:04.397 +05:30 [INF] Request starting HTTP/1.1 PUT https://localhost:7165/api/Settings/Update - multipart/form-data; boundary="b7e858d3-6d1f-4cba-b4f3-01e8f9d16476" 6428
2025-08-10 11:14:04.398 +05:30 [INF] Executing endpoint 'AuthNet.Controllers.SettingsController.Update (AuthNet)'
2025-08-10 11:14:04.398 +05:30 [INF] Route matched with {action = "Update", controller = "Settings"}. Executing controller action with signature System.Threading.Tasks.Task`1[Microsoft.AspNetCore.Mvc.IActionResult] Update(AuthNet.Models.DTO.CompanyInfoDto) on controller AuthNet.Controllers.SettingsController (AuthNet).
2025-08-10 11:14:04.464 +05:30 [INF] Executed DbCommand (37ms) [Parameters=[], CommandType='"Text"', CommandTimeout='30']
SELECT TOP(1) [c].[Id], [c].[Address], [c].[AlternateContactNumber], [c].[ContactNumber], [c].[Email], [c].[GSTIN], [c].[LogoFileExtension], [c].[LogoFilePath], [c].[LogoFileSizeInBytes], [c].[LogoName], [c].[Name], [c].[SignFileExtension], [c].[SignFilePath], [c].[SignFileSizeInBytes], [c].[SignName]
FROM [CompanyInfos] AS [c]
2025-08-10 11:14:04.553 +05:30 [INF] Executed DbCommand (38ms) [Parameters=[@p0='?' (Size = 4000), @p1='?' (Size = 4000), @p2='?' (DbType = DateTime2), @p3='?' (Size = 4000), @p4='?' (Size = 4000), @p5='?' (Size = 4000), @p6='?' (Size = 4000), @p11='?' (DbType = Int32), @p7='?' (Size = 4000), @p8='?' (Size = 4000), @p9='?' (DbType = Int64), @p10='?' (Size = 4000)], CommandType='"Text"', CommandTimeout='30']
SET NOCOUNT ON;
INSERT INTO [CompanyInfoHistories] ([Address], [AlternateContactNumber], [ArchivedAt], [ContactNumber], [Email], [GSTIN], [Name])
OUTPUT INSERTED.[Id]
VALUES (@p0, @p1, @p2, @p3, @p4, @p5, @p6);
UPDATE [CompanyInfos] SET [LogoFileExtension] = @p7, [LogoFilePath] = @p8, [LogoFileSizeInBytes] = @p9, [LogoName] = @p10
OUTPUT 1
WHERE [Id] = @p11;
2025-08-10 11:14:04.561 +05:30 [INF] Executing OkObjectResult, writing value of type 'AuthNet.Models.DTO.OperationResponse'.
2025-08-10 11:14:04.562 +05:30 [INF] Executed action AuthNet.Controllers.SettingsController.Update (AuthNet) in 163.6854ms
2025-08-10 11:14:04.562 +05:30 [INF] Executed endpoint 'AuthNet.Controllers.SettingsController.Update (AuthNet)'
2025-08-10 11:14:04.563 +05:30 [INF] Request finished HTTP/1.1 PUT https://localhost:7165/api/Settings/Update - 200 null application/json; charset=utf-8 165.4763ms
2025-08-10 11:14:04.635 +05:30 [INF] Request starting HTTP/1.1 GET https://localhost:7165/api/Settings/Get - null null
2025-08-10 11:14:04.636 +05:30 [INF] Executing endpoint 'AuthNet.Controllers.SettingsController.GetCompanyInfo (AuthNet)'
2025-08-10 11:14:04.636 +05:30 [INF] Route matched with {action = "GetCompanyInfo", controller = "Settings"}. Executing controller action with signature System.Threading.Tasks.Task`1[Microsoft.AspNetCore.Mvc.IActionResult] GetCompanyInfo() on controller AuthNet.Controllers.SettingsController (AuthNet).
2025-08-10 11:14:04.695 +05:30 [INF] Executed DbCommand (58ms) [Parameters=[], CommandType='"Text"', CommandTimeout='30']
SELECT TOP(1) [c].[Id], [c].[Address], [c].[AlternateContactNumber], [c].[ContactNumber], [c].[Email], [c].[GSTIN], [c].[LogoFileExtension], [c].[LogoFilePath], [c].[LogoFileSizeInBytes], [c].[LogoName], [c].[Name], [c].[SignFileExtension], [c].[SignFilePath], [c].[SignFileSizeInBytes], [c].[SignName]
FROM [CompanyInfos] AS [c]
2025-08-10 11:14:04.696 +05:30 [INF] Executing OkObjectResult, writing value of type 'AuthNet.Models.DTO.CompanyInfoResponseDto'.
2025-08-10 11:14:04.696 +05:30 [INF] Executed action AuthNet.Controllers.SettingsController.GetCompanyInfo (AuthNet) in 59.98ms
2025-08-10 11:14:04.696 +05:30 [INF] Executed endpoint 'AuthNet.Controllers.SettingsController.GetCompanyInfo (AuthNet)'
2025-08-10 11:14:04.696 +05:30 [INF] Request finished HTTP/1.1 GET https://localhost:7165/api/Settings/Get - 200 null application/json; charset=utf-8 60.645ms
2025-08-10 11:14:19.863 +05:30 [INF] Request starting HTTP/1.1 GET https://localhost:7165/api/Settings/Get - null null
2025-08-10 11:14:19.863 +05:30 [INF] Executing endpoint 'AuthNet.Controllers.SettingsController.GetCompanyInfo (AuthNet)'
2025-08-10 11:14:19.863 +05:30 [INF] Route matched with {action = "GetCompanyInfo", controller = "Settings"}. Executing controller action with signature System.Threading.Tasks.Task`1[Microsoft.AspNetCore.Mvc.IActionResult] GetCompanyInfo() on controller AuthNet.Controllers.SettingsController (AuthNet).
2025-08-10 11:14:19.982 +05:30 [INF] Executed DbCommand (117ms) [Parameters=[], CommandType='"Text"', CommandTimeout='30']
SELECT TOP(1) [c].[Id], [c].[Address], [c].[AlternateContactNumber], [c].[ContactNumber], [c].[Email], [c].[GSTIN], [c].[LogoFileExtension], [c].[LogoFilePath], [c].[LogoFileSizeInBytes], [c].[LogoName], [c].[Name], [c].[SignFileExtension], [c].[SignFilePath], [c].[SignFileSizeInBytes], [c].[SignName]
FROM [CompanyInfos] AS [c]
2025-08-10 11:14:19.985 +05:30 [INF] Executing OkObjectResult, writing value of type 'AuthNet.Models.DTO.CompanyInfoResponseDto'.
2025-08-10 11:14:19.986 +05:30 [INF] Executed action AuthNet.Controllers.SettingsController.GetCompanyInfo (AuthNet) in 122.398ms
2025-08-10 11:14:19.988 +05:30 [INF] Executed endpoint 'AuthNet.Controllers.SettingsController.GetCompanyInfo (AuthNet)'
2025-08-10 11:14:19.989 +05:30 [INF] Request finished HTTP/1.1 GET https://localhost:7165/api/Settings/Get - 200 null application/json; charset=utf-8 125.8102ms
2025-08-10 11:14:21.853 +05:30 [INF] Request starting HTTP/1.1 GET https://localhost:7165/api/Products - null null
2025-08-10 11:14:21.854 +05:30 [INF] Executing endpoint 'AuthNet.Controllers.ProductsController.GetAll (AuthNet)'
2025-08-10 11:14:21.854 +05:30 [INF] Route matched with {action = "GetAll", controller = "Products"}. Executing controller action with signature System.Threading.Tasks.Task`1[Microsoft.AspNetCore.Mvc.IActionResult] GetAll() on controller AuthNet.Controllers.ProductsController (AuthNet).
2025-08-10 11:14:21.879 +05:30 [INF] Executed DbCommand (23ms) [Parameters=[], CommandType='"Text"', CommandTimeout='30']
SELECT [p].[ProductId], [p].[CategoryId], [p].[CostPrice], [p].[Description], [p].[Name], [p].[ProductCode], [p].[ProductKey], [p].[SellPrice], [p].[SupplierId]
FROM [Products] AS [p]
2025-08-10 11:14:21.879 +05:30 [INF] Executing OkObjectResult, writing value of type 'System.Collections.Generic.List`1[[AuthNet.Models.Domain.Product, AuthNet, Version=1.0.0.0, Culture=neutral, PublicKeyToken=null]]'.
2025-08-10 11:14:21.879 +05:30 [INF] Executed action AuthNet.Controllers.ProductsController.GetAll (AuthNet) in 24.9819ms
2025-08-10 11:14:21.879 +05:30 [INF] Executed endpoint 'AuthNet.Controllers.ProductsController.GetAll (AuthNet)'
2025-08-10 11:14:21.879 +05:30 [INF] Request finished HTTP/1.1 GET https://localhost:7165/api/Products - 200 null application/json; charset=utf-8 26.4ms
2025-08-10 11:14:21.902 +05:30 [INF] Request starting HTTP/1.1 GET https://localhost:7165/api/categories - null null
2025-08-10 11:14:21.903 +05:30 [INF] Executing endpoint 'AuthNet.Controllers.CategoriesController.GetAll (AuthNet)'
2025-08-10 11:14:21.903 +05:30 [INF] Route matched with {action = "GetAll", controller = "Categories"}. Executing controller action with signature System.Threading.Tasks.Task`1[Microsoft.AspNetCore.Mvc.IActionResult] GetAll() on controller AuthNet.Controllers.CategoriesController (AuthNet).
2025-08-10 11:14:21.907 +05:30 [INF] Executed DbCommand (3ms) [Parameters=[], CommandType='"Text"', CommandTimeout='30']
SELECT [c].[CategoryId], [c].[Description], [c].[Name]
FROM [Categories] AS [c]
2025-08-10 11:14:21.907 +05:30 [INF] Executing OkObjectResult, writing value of type 'System.Collections.Generic.List`1[[AuthNet.Models.Domain.Category, AuthNet, Version=1.0.0.0, Culture=neutral, PublicKeyToken=null]]'.
2025-08-10 11:14:21.907 +05:30 [INF] Executed action AuthNet.Controllers.CategoriesController.GetAll (AuthNet) in 4.2706ms
2025-08-10 11:14:21.907 +05:30 [INF] Executed endpoint 'AuthNet.Controllers.CategoriesController.GetAll (AuthNet)'
2025-08-10 11:14:21.908 +05:30 [INF] Request finished HTTP/1.1 GET https://localhost:7165/api/categories - 200 null application/json; charset=utf-8 5.2171ms
2025-08-10 11:14:21.935 +05:30 [INF] Request starting HTTP/1.1 GET https://localhost:7165/api/suppliers - null null
2025-08-10 11:14:21.936 +05:30 [INF] Executing endpoint 'AuthNet.Controllers.SuppliersController.GetAll (AuthNet)'
2025-08-10 11:14:21.936 +05:30 [INF] Route matched with {action = "GetAll", controller = "Suppliers"}. Executing controller action with signature System.Threading.Tasks.Task`1[Microsoft.AspNetCore.Mvc.IActionResult] GetAll() on controller AuthNet.Controllers.SuppliersController (AuthNet).
2025-08-10 11:14:21.941 +05:30 [INF] Executed DbCommand (5ms) [Parameters=[], CommandType='"Text"', CommandTimeout='30']
SELECT [s].[SupplierId], [s].[CompanyName], [s].[ContactName], [s].[Phone], [s].[Address]
FROM [Suppliers] AS [s]
2025-08-10 11:14:21.942 +05:30 [INF] Executing OkObjectResult, writing value of type 'System.Collections.Generic.List`1[[AuthNet.Models.DTO.SupplierViewModel, AuthNet, Version=1.0.0.0, Culture=neutral, PublicKeyToken=null]]'.
2025-08-10 11:14:21.942 +05:30 [INF] Executed action AuthNet.Controllers.SuppliersController.GetAll (AuthNet) in 5.9612ms
2025-08-10 11:14:21.942 +05:30 [INF] Executed endpoint 'AuthNet.Controllers.SuppliersController.GetAll (AuthNet)'
2025-08-10 11:14:21.942 +05:30 [INF] Request finished HTTP/1.1 GET https://localhost:7165/api/suppliers - 200 null application/json; charset=utf-8 6.7961ms
2025-08-10 11:15:51.589 +05:30 [INF] Request starting HTTP/1.1 GET https://localhost:7165/api/Inventory - null null
2025-08-10 11:15:51.589 +05:30 [INF] Executing endpoint 'AuthNet.Controllers.InventoryController.GetAll (AuthNet)'
2025-08-10 11:15:51.589 +05:30 [INF] Route matched with {action = "GetAll", controller = "Inventory"}. Executing controller action with signature System.Threading.Tasks.Task`1[Microsoft.AspNetCore.Mvc.IActionResult] GetAll() on controller AuthNet.Controllers.InventoryController (AuthNet).
2025-08-10 11:15:51.648 +05:30 [INF] Executed DbCommand (58ms) [Parameters=[], CommandType='"Text"', CommandTimeout='30']
SELECT [i].[InventoryId], [i].[LastUpdated], [i].[ProductId], [i].[QuantityInStock], [i].[ReorderLevel]
FROM [Inventories] AS [i]
2025-08-10 11:15:51.648 +05:30 [INF] Executing OkObjectResult, writing value of type 'System.Collections.Generic.List`1[[AuthNet.Models.Domain.Inventory, AuthNet, Version=1.0.0.0, Culture=neutral, PublicKeyToken=null]]'.
2025-08-10 11:15:51.649 +05:30 [INF] Executed action AuthNet.Controllers.InventoryController.GetAll (AuthNet) in 59.4836ms
2025-08-10 11:15:51.649 +05:30 [INF] Executed endpoint 'AuthNet.Controllers.InventoryController.GetAll (AuthNet)'
2025-08-10 11:15:51.649 +05:30 [INF] Request finished HTTP/1.1 GET https://localhost:7165/api/Inventory - 200 null application/json; charset=utf-8 60.1587ms
2025-08-10 11:15:51.682 +05:30 [INF] Request starting HTTP/1.1 GET https://localhost:7165/api/Products - null null
2025-08-10 11:15:51.682 +05:30 [INF] Executing endpoint 'AuthNet.Controllers.ProductsController.GetAll (AuthNet)'
2025-08-10 11:15:51.682 +05:30 [INF] Route matched with {action = "GetAll", controller = "Products"}. Executing controller action with signature System.Threading.Tasks.Task`1[Microsoft.AspNetCore.Mvc.IActionResult] GetAll() on controller AuthNet.Controllers.ProductsController (AuthNet).
2025-08-10 11:15:51.692 +05:30 [INF] Executed DbCommand (9ms) [Parameters=[], CommandType='"Text"', CommandTimeout='30']
SELECT [p].[ProductId], [p].[CategoryId], [p].[CostPrice], [p].[Description], [p].[Name], [p].[ProductCode], [p].[ProductKey], [p].[SellPrice], [p].[SupplierId]
FROM [Products] AS [p]
2025-08-10 11:15:51.693 +05:30 [INF] Executing OkObjectResult, writing value of type 'System.Collections.Generic.List`1[[AuthNet.Models.Domain.Product, AuthNet, Version=1.0.0.0, Culture=neutral, PublicKeyToken=null]]'.
2025-08-10 11:15:51.693 +05:30 [INF] Executed action AuthNet.Controllers.ProductsController.GetAll (AuthNet) in 10.6211ms
2025-08-10 11:15:51.693 +05:30 [INF] Executed endpoint 'AuthNet.Controllers.ProductsController.GetAll (AuthNet)'
2025-08-10 11:15:51.693 +05:30 [INF] Request finished HTTP/1.1 GET https://localhost:7165/api/Products - 200 null application/json; charset=utf-8 11.1875ms
2025-08-10 11:16:12.438 +05:30 [INF] Request starting HTTP/1.1 GET https://localhost:7165/api/Products - null null
2025-08-10 11:16:12.438 +05:30 [INF] Executing endpoint 'AuthNet.Controllers.ProductsController.GetAll (AuthNet)'
2025-08-10 11:16:12.439 +05:30 [INF] Route matched with {action = "GetAll", controller = "Products"}. Executing controller action with signature System.Threading.Tasks.Task`1[Microsoft.AspNetCore.Mvc.IActionResult] GetAll() on controller AuthNet.Controllers.ProductsController (AuthNet).
2025-08-10 11:16:12.531 +05:30 [INF] Executed DbCommand (91ms) [Parameters=[], CommandType='"Text"', CommandTimeout='30']
SELECT [p].[ProductId], [p].[CategoryId], [p].[CostPrice], [p].[Description], [p].[Name], [p].[ProductCode], [p].[ProductKey], [p].[SellPrice], [p].[SupplierId]
FROM [Products] AS [p]
2025-08-10 11:16:12.531 +05:30 [INF] Executing OkObjectResult, writing value of type 'System.Collections.Generic.List`1[[AuthNet.Models.Domain.Product, AuthNet, Version=1.0.0.0, Culture=neutral, PublicKeyToken=null]]'.
2025-08-10 11:16:12.531 +05:30 [INF] Executed action AuthNet.Controllers.ProductsController.GetAll (AuthNet) in 92.6964ms
2025-08-10 11:16:12.531 +05:30 [INF] Executed endpoint 'AuthNet.Controllers.ProductsController.GetAll (AuthNet)'
2025-08-10 11:16:12.532 +05:30 [INF] Request finished HTTP/1.1 GET https://localhost:7165/api/Products - 200 null application/json; charset=utf-8 93.442ms
2025-08-10 11:16:12.571 +05:30 [INF] Request starting HTTP/1.1 GET https://localhost:7165/api/categories - null null
2025-08-10 11:16:12.571 +05:30 [INF] Executing endpoint 'AuthNet.Controllers.CategoriesController.GetAll (AuthNet)'
2025-08-10 11:16:12.571 +05:30 [INF] Route matched with {action = "GetAll", controller = "Categories"}. Executing controller action with signature System.Threading.Tasks.Task`1[Microsoft.AspNetCore.Mvc.IActionResult] GetAll() on controller AuthNet.Controllers.CategoriesController (AuthNet).
2025-08-10 11:16:12.596 +05:30 [INF] Executed DbCommand (23ms) [Parameters=[], CommandType='"Text"', CommandTimeout='30']
SELECT [c].[CategoryId], [c].[Description], [c].[Name]
FROM [Categories] AS [c]
2025-08-10 11:16:12.597 +05:30 [INF] Executing OkObjectResult, writing value of type 'System.Collections.Generic.List`1[[AuthNet.Models.Domain.Category, AuthNet, Version=1.0.0.0, Culture=neutral, PublicKeyToken=null]]'.
2025-08-10 11:16:12.597 +05:30 [INF] Executed action AuthNet.Controllers.CategoriesController.GetAll (AuthNet) in 25.4711ms
2025-08-10 11:16:12.597 +05:30 [INF] Executed endpoint 'AuthNet.Controllers.CategoriesController.GetAll (AuthNet)'
2025-08-10 11:16:12.597 +05:30 [INF] Request finished HTTP/1.1 GET https://localhost:7165/api/categories - 200 null application/json; charset=utf-8 26.4108ms
2025-08-10 11:16:12.652 +05:30 [INF] Request starting HTTP/1.1 GET https://localhost:7165/api/suppliers - null null
2025-08-10 11:16:12.653 +05:30 [INF] Executing endpoint 'AuthNet.Controllers.SuppliersController.GetAll (AuthNet)'
2025-08-10 11:16:12.653 +05:30 [INF] Route matched with {action = "GetAll", controller = "Suppliers"}. Executing controller action with signature System.Threading.Tasks.Task`1[Microsoft.AspNetCore.Mvc.IActionResult] GetAll() on controller AuthNet.Controllers.SuppliersController (AuthNet).
2025-08-10 11:16:12.683 +05:30 [INF] Executed DbCommand (28ms) [Parameters=[], CommandType='"Text"', CommandTimeout='30']
SELECT [s].[SupplierId], [s].[CompanyName], [s].[ContactName], [s].[Phone], [s].[Address]
FROM [Suppliers] AS [s]
2025-08-10 11:16:12.683 +05:30 [INF] Executing OkObjectResult, writing value of type 'System.Collections.Generic.List`1[[AuthNet.Models.DTO.SupplierViewModel, AuthNet, Version=1.0.0.0, Culture=neutral, PublicKeyToken=null]]'.
2025-08-10 11:16:12.683 +05:30 [INF] Executed action AuthNet.Controllers.SuppliersController.GetAll (AuthNet) in 30.501ms
2025-08-10 11:16:12.683 +05:30 [INF] Executed endpoint 'AuthNet.Controllers.SuppliersController.GetAll (AuthNet)'
2025-08-10 11:16:12.684 +05:30 [INF] Request finished HTTP/1.1 GET https://localhost:7165/api/suppliers - 200 null application/json; charset=utf-8 31.4451ms
2025-08-10 11:17:01.072 +05:30 [INF] Request starting HTTP/1.1 GET https://localhost:7165/api/Sales/DailyProfit - null null
2025-08-10 11:17:01.073 +05:30 [INF] Executing endpoint 'AuthNet.Controllers.SalesController.GetDailyProfit (AuthNet)'
2025-08-10 11:17:01.073 +05:30 [INF] Route matched with {action = "GetDailyProfit", controller = "Sales"}. Executing controller action with signature System.Threading.Tasks.Task`1[Microsoft.AspNetCore.Mvc.IActionResult] GetDailyProfit() on controller AuthNet.Controllers.SalesController (AuthNet).
2025-08-10 11:17:01.146 +05:30 [INF] Executed DbCommand (72ms) [Parameters=[@__date_Date_0='?' (DbType = DateTime2)], CommandType='"Text"', CommandTimeout='30']
SELECT [s].[Id], [s].[ProductId], [s].[ProductName], [s].[Quantity], [s].[SaleId], [s].[TotalPrice], [s].[UnitPrice], [s0].[Id], [s0].[AfterTaxAmount], [s0].[CreatedAt], [s0].[DiscountedAmount], [s0].[InvoiceDate], [s0].[InvoiceNo], [s0].[PrincipalAmount], [s0].[Template], [s0].[TotalAmount]
FROM [SaleItems] AS [s]
INNER JOIN [Sales] AS [s0] ON [s].[SaleId] = [s0].[Id]
WHERE CONVERT(date, [s0].[InvoiceDate]) = @__date_Date_0
2025-08-10 11:17:01.181 +05:30 [INF] Executed DbCommand (35ms) [Parameters=[@__productIds_0='?' (Size = 4000)], CommandType='"Text"', CommandTimeout='30']
SELECT [p].[ProductId], [p].[CategoryId], [p].[CostPrice], [p].[Description], [p].[Name], [p].[ProductCode], [p].[ProductKey], [p].[SellPrice], [p].[SupplierId]
FROM [Products] AS [p]
WHERE [p].[ProductId] IN (
    SELECT [p0].[value]
    FROM OPENJSON(@__productIds_0) WITH ([value] int '$') AS [p0]
)
2025-08-10 11:17:01.182 +05:30 [INF] Executing OkObjectResult, writing value of type 'AuthNet.Models.DTO.DailyProfitDto'.
2025-08-10 11:17:01.182 +05:30 [INF] Executed action AuthNet.Controllers.SalesController.GetDailyProfit (AuthNet) in 109.3313ms
2025-08-10 11:17:01.182 +05:30 [INF] Executed endpoint 'AuthNet.Controllers.SalesController.GetDailyProfit (AuthNet)'
2025-08-10 11:17:01.182 +05:30 [INF] Request finished HTTP/1.1 GET https://localhost:7165/api/Sales/DailyProfit - 200 null application/json; charset=utf-8 110.2259ms
2025-08-10 11:17:01.226 +05:30 [INF] Request starting HTTP/1.1 GET https://localhost:7165/api/Sales/CurrentMonthProfit - null null
2025-08-10 11:17:01.228 +05:30 [INF] Executing endpoint 'AuthNet.Controllers.SalesController.GetCurrentMonthProfit (AuthNet)'
2025-08-10 11:17:01.229 +05:30 [INF] Route matched with {action = "GetCurrentMonthProfit", controller = "Sales"}. Executing controller action with signature System.Threading.Tasks.Task`1[Microsoft.AspNetCore.Mvc.IActionResult] GetCurrentMonthProfit() on controller AuthNet.Controllers.SalesController (AuthNet).
2025-08-10 11:17:01.239 +05:30 [INF] Executed DbCommand (9ms) [Parameters=[@__currentYear_0='?' (DbType = Int32), @__currentMonth_1='?' (DbType = Int32)], CommandType='"Text"', CommandTimeout='30']
SELECT [s].[Id], [s].[ProductId], [s].[ProductName], [s].[Quantity], [s].[SaleId], [s].[TotalPrice], [s].[UnitPrice], [s0].[Id], [s0].[AfterTaxAmount], [s0].[CreatedAt], [s0].[DiscountedAmount], [s0].[InvoiceDate], [s0].[InvoiceNo], [s0].[PrincipalAmount], [s0].[Template], [s0].[TotalAmount]
FROM [SaleItems] AS [s]
INNER JOIN [Sales] AS [s0] ON [s].[SaleId] = [s0].[Id]
WHERE DATEPART(year, [s0].[InvoiceDate]) = @__currentYear_0 AND DATEPART(month, [s0].[InvoiceDate]) = @__currentMonth_1
2025-08-10 11:17:01.250 +05:30 [INF] Executed DbCommand (8ms) [Parameters=[@__productIds_0='?' (Size = 4000)], CommandType='"Text"', CommandTimeout='30']
SELECT [p].[ProductId], [p].[CategoryId], [p].[CostPrice], [p].[Description], [p].[Name], [p].[ProductCode], [p].[ProductKey], [p].[SellPrice], [p].[SupplierId]
FROM [Products] AS [p]
WHERE [p].[ProductId] IN (
    SELECT [p0].[value]
    FROM OPENJSON(@__productIds_0) WITH ([value] int '$') AS [p0]
)
2025-08-10 11:17:01.253 +05:30 [INF] Executing OkObjectResult, writing value of type 'AuthNet.Models.DTO.MonthlyProfitDto'.
2025-08-10 11:17:01.253 +05:30 [INF] Executed action AuthNet.Controllers.SalesController.GetCurrentMonthProfit (AuthNet) in 24.6779ms
2025-08-10 11:17:01.253 +05:30 [INF] Executed endpoint 'AuthNet.Controllers.SalesController.GetCurrentMonthProfit (AuthNet)'
2025-08-10 11:17:01.254 +05:30 [INF] Request finished HTTP/1.1 GET https://localhost:7165/api/Sales/CurrentMonthProfit - 200 null application/json; charset=utf-8 28.0499ms
2025-08-10 11:17:01.274 +05:30 [INF] Request starting HTTP/1.1 GET https://localhost:7165/api/Sales/CurrentYearProfit - null null
2025-08-10 11:17:01.274 +05:30 [INF] Executing endpoint 'AuthNet.Controllers.SalesController.GetCurrentYearProfit (AuthNet)'
2025-08-10 11:17:01.274 +05:30 [INF] Route matched with {action = "GetCurrentYearProfit", controller = "Sales"}. Executing controller action with signature System.Threading.Tasks.Task`1[Microsoft.AspNetCore.Mvc.IActionResult] GetCurrentYearProfit() on controller AuthNet.Controllers.SalesController (AuthNet).
2025-08-10 11:17:01.282 +05:30 [INF] Executed DbCommand (6ms) [Parameters=[@__currentYear_0='?' (DbType = Int32)], CommandType='"Text"', CommandTimeout='30']
SELECT [s].[Id], [s].[ProductId], [s].[ProductName], [s].[Quantity], [s].[SaleId], [s].[TotalPrice], [s].[UnitPrice], [s0].[Id], [s0].[AfterTaxAmount], [s0].[CreatedAt], [s0].[DiscountedAmount], [s0].[InvoiceDate], [s0].[InvoiceNo], [s0].[PrincipalAmount], [s0].[Template], [s0].[TotalAmount]
FROM [SaleItems] AS [s]
INNER JOIN [Sales] AS [s0] ON [s].[SaleId] = [s0].[Id]
WHERE DATEPART(year, [s0].[InvoiceDate]) = @__currentYear_0
2025-08-10 11:17:01.283 +05:30 [INF] Executed DbCommand (1ms) [Parameters=[@__productIds_0='?' (Size = 4000)], CommandType='"Text"', CommandTimeout='30']
SELECT [p].[ProductId], [p].[CategoryId], [p].[CostPrice], [p].[Description], [p].[Name], [p].[ProductCode], [p].[ProductKey], [p].[SellPrice], [p].[SupplierId]
FROM [Products] AS [p]
WHERE [p].[ProductId] IN (
    SELECT [p0].[value]
    FROM OPENJSON(@__productIds_0) WITH ([value] int '$') AS [p0]
)
2025-08-10 11:17:01.284 +05:30 [INF] Executing OkObjectResult, writing value of type 'AuthNet.Models.DTO.YearlyProfitDto'.
2025-08-10 11:17:01.284 +05:30 [INF] Executed action AuthNet.Controllers.SalesController.GetCurrentYearProfit (AuthNet) in 9.4408ms
2025-08-10 11:17:01.284 +05:30 [INF] Executed endpoint 'AuthNet.Controllers.SalesController.GetCurrentYearProfit (AuthNet)'
2025-08-10 11:17:01.284 +05:30 [INF] Request finished HTTP/1.1 GET https://localhost:7165/api/Sales/CurrentYearProfit - 200 null application/json; charset=utf-8 10.2827ms
2025-08-10 11:17:01.333 +05:30 [INF] Request starting HTTP/1.1 GET https://localhost:7165/api/Products/count - null null
2025-08-10 11:17:01.334 +05:30 [INF] Executing endpoint 'AuthNet.Controllers.ProductsController.GetProductCount (AuthNet)'
2025-08-10 11:17:01.334 +05:30 [INF] Route matched with {action = "GetProductCount", controller = "Products"}. Executing controller action with signature System.Threading.Tasks.Task`1[Microsoft.AspNetCore.Mvc.IActionResult] GetProductCount() on controller AuthNet.Controllers.ProductsController (AuthNet).
2025-08-10 11:17:01.352 +05:30 [INF] Executed DbCommand (18ms) [Parameters=[], CommandType='"Text"', CommandTimeout='30']
SELECT COUNT(*)
FROM [Products] AS [p]
2025-08-10 11:17:01.353 +05:30 [INF] Executing OkObjectResult, writing value of type 'System.Int32'.
2025-08-10 11:17:01.353 +05:30 [INF] Executed action AuthNet.Controllers.ProductsController.GetProductCount (AuthNet) in 19.1599ms
2025-08-10 11:17:01.353 +05:30 [INF] Executed endpoint 'AuthNet.Controllers.ProductsController.GetProductCount (AuthNet)'
2025-08-10 11:17:01.353 +05:30 [INF] Request finished HTTP/1.1 GET https://localhost:7165/api/Products/count - 200 null application/json; charset=utf-8 19.851ms
2025-08-10 11:17:01.397 +05:30 [INF] Request starting HTTP/1.1 GET https://localhost:7165/api/Suppliers/count - null null
2025-08-10 11:17:01.398 +05:30 [INF] Executing endpoint 'AuthNet.Controllers.SuppliersController.GetSupplierCount (AuthNet)'
2025-08-10 11:17:01.398 +05:30 [INF] Route matched with {action = "GetSupplierCount", controller = "Suppliers"}. Executing controller action with signature System.Threading.Tasks.Task`1[Microsoft.AspNetCore.Mvc.IActionResult] GetSupplierCount() on controller AuthNet.Controllers.SuppliersController (AuthNet).
2025-08-10 11:17:01.434 +05:30 [INF] Executed DbCommand (35ms) [Parameters=[], CommandType='"Text"', CommandTimeout='30']
SELECT COUNT(*)
FROM [Suppliers] AS [s]
2025-08-10 11:17:01.435 +05:30 [INF] Executing OkObjectResult, writing value of type 'System.Int32'.
2025-08-10 11:17:01.435 +05:30 [INF] Executed action AuthNet.Controllers.SuppliersController.GetSupplierCount (AuthNet) in 37.5258ms
2025-08-10 11:17:01.436 +05:30 [INF] Executed endpoint 'AuthNet.Controllers.SuppliersController.GetSupplierCount (AuthNet)'
2025-08-10 11:17:01.436 +05:30 [INF] Request finished HTTP/1.1 GET https://localhost:7165/api/Suppliers/count - 200 null application/json; charset=utf-8 38.6008ms
2025-08-10 11:17:01.472 +05:30 [INF] Request starting HTTP/1.1 GET https://localhost:7165/api/Categories/count - null null
2025-08-10 11:17:01.473 +05:30 [INF] Executing endpoint 'AuthNet.Controllers.CategoriesController.GetCategoryCount (AuthNet)'
2025-08-10 11:17:01.473 +05:30 [INF] Route matched with {action = "GetCategoryCount", controller = "Categories"}. Executing controller action with signature System.Threading.Tasks.Task`1[Microsoft.AspNetCore.Mvc.IActionResult] GetCategoryCount() on controller AuthNet.Controllers.CategoriesController (AuthNet).
2025-08-10 11:17:01.481 +05:30 [INF] Executed DbCommand (7ms) [Parameters=[], CommandType='"Text"', CommandTimeout='30']
SELECT COUNT(*)
FROM [Categories] AS [c]
2025-08-10 11:17:01.482 +05:30 [INF] Executing OkObjectResult, writing value of type 'System.Int32'.
2025-08-10 11:17:01.483 +05:30 [INF] Executed action AuthNet.Controllers.CategoriesController.GetCategoryCount (AuthNet) in 9.5069ms
2025-08-10 11:17:01.483 +05:30 [INF] Executed endpoint 'AuthNet.Controllers.CategoriesController.GetCategoryCount (AuthNet)'
2025-08-10 11:17:01.483 +05:30 [INF] Request finished HTTP/1.1 GET https://localhost:7165/api/Categories/count - 200 null application/json; charset=utf-8 10.6181ms
2025-08-10 11:17:01.499 +05:30 [INF] Request starting HTTP/1.1 GET https://localhost:7165/api/Orders/count - null null
2025-08-10 11:17:01.499 +05:30 [INF] Executing endpoint 'AuthNet.Controllers.OrdersController.GetOrderCount (AuthNet)'
2025-08-10 11:17:01.499 +05:30 [INF] Route matched with {action = "GetOrderCount", controller = "Orders"}. Executing controller action with signature System.Threading.Tasks.Task`1[Microsoft.AspNetCore.Mvc.IActionResult] GetOrderCount() on controller AuthNet.Controllers.OrdersController (AuthNet).
2025-08-10 11:17:01.510 +05:30 [INF] Executed DbCommand (10ms) [Parameters=[], CommandType='"Text"', CommandTimeout='30']
SELECT COUNT(*)
FROM [Orders] AS [o]
2025-08-10 11:17:01.510 +05:30 [INF] Executing OkObjectResult, writing value of type 'System.Int32'.
2025-08-10 11:17:01.510 +05:30 [INF] Executed action AuthNet.Controllers.OrdersController.GetOrderCount (AuthNet) in 10.937ms
2025-08-10 11:17:01.510 +05:30 [INF] Executed endpoint 'AuthNet.Controllers.OrdersController.GetOrderCount (AuthNet)'
2025-08-10 11:17:01.511 +05:30 [INF] Request finished HTTP/1.1 GET https://localhost:7165/api/Orders/count - 200 null application/json; charset=utf-8 11.9559ms
2025-08-10 11:17:01.529 +05:30 [INF] Request starting HTTP/1.1 GET https://localhost:7165/api/Customers/count - null null
2025-08-10 11:17:01.530 +05:30 [INF] Executing endpoint 'AuthNet.Controllers.CustomersController.GetCustomerCount (AuthNet)'
2025-08-10 11:17:01.530 +05:30 [INF] Route matched with {action = "GetCustomerCount", controller = "Customers"}. Executing controller action with signature System.Threading.Tasks.Task`1[Microsoft.AspNetCore.Mvc.IActionResult] GetCustomerCount() on controller AuthNet.Controllers.CustomersController (AuthNet).
2025-08-10 11:17:01.539 +05:30 [INF] Executed DbCommand (8ms) [Parameters=[], CommandType='"Text"', CommandTimeout='30']
SELECT COUNT(*)
FROM [Customers] AS [c]
2025-08-10 11:17:01.539 +05:30 [INF] Executing OkObjectResult, writing value of type 'System.Int32'.
2025-08-10 11:17:01.539 +05:30 [INF] Executed action AuthNet.Controllers.CustomersController.GetCustomerCount (AuthNet) in 9.5823ms
2025-08-10 11:17:01.539 +05:30 [INF] Executed endpoint 'AuthNet.Controllers.CustomersController.GetCustomerCount (AuthNet)'
2025-08-10 11:17:01.540 +05:30 [INF] Request finished HTTP/1.1 GET https://localhost:7165/api/Customers/count - 200 null application/json; charset=utf-8 10.1629ms
2025-08-10 11:17:01.571 +05:30 [INF] Request starting HTTP/1.1 GET https://localhost:7165/api/Tasks - null null
2025-08-10 11:17:01.571 +05:30 [INF] Executing endpoint 'AuthNet.Controllers.TasksController.GetTasks (AuthNet)'
2025-08-10 11:17:01.571 +05:30 [INF] Route matched with {action = "GetTasks", controller = "Tasks"}. Executing controller action with signature Microsoft.AspNetCore.Mvc.IActionResult GetTasks() on controller AuthNet.Controllers.TasksController (AuthNet).
2025-08-10 11:17:01.585 +05:30 [INF] Executed DbCommand (11ms) [Parameters=[], CommandType='"Text"', CommandTimeout='30']
SELECT [t].[Id], [t].[Title], [t].[DueDate]
FROM [Tasks] AS [t]
2025-08-10 11:17:01.585 +05:30 [INF] Executing OkObjectResult, writing value of type 'System.Collections.Generic.List`1[[AuthNet.Models.DTO.TaskItemDto, AuthNet, Version=1.0.0.0, Culture=neutral, PublicKeyToken=null]]'.
2025-08-10 11:17:01.585 +05:30 [INF] Executed action AuthNet.Controllers.TasksController.GetTasks (AuthNet) in 13.8302ms
2025-08-10 11:17:01.585 +05:30 [INF] Executed endpoint 'AuthNet.Controllers.TasksController.GetTasks (AuthNet)'
2025-08-10 11:17:01.585 +05:30 [INF] Request finished HTTP/1.1 GET https://localhost:7165/api/Tasks - 200 null application/json; charset=utf-8 14.784ms
2025-08-10 11:17:01.634 +05:30 [INF] Request starting HTTP/1.1 GET https://localhost:7165/api/Settings/Get - null null
2025-08-10 11:17:01.634 +05:30 [INF] Executing endpoint 'AuthNet.Controllers.SettingsController.GetCompanyInfo (AuthNet)'
2025-08-10 11:17:01.634 +05:30 [INF] Route matched with {action = "GetCompanyInfo", controller = "Settings"}. Executing controller action with signature System.Threading.Tasks.Task`1[Microsoft.AspNetCore.Mvc.IActionResult] GetCompanyInfo() on controller AuthNet.Controllers.SettingsController (AuthNet).
2025-08-10 11:17:01.714 +05:30 [INF] Executed DbCommand (79ms) [Parameters=[], CommandType='"Text"', CommandTimeout='30']
SELECT TOP(1) [c].[Id], [c].[Address], [c].[AlternateContactNumber], [c].[ContactNumber], [c].[Email], [c].[GSTIN], [c].[LogoFileExtension], [c].[LogoFilePath], [c].[LogoFileSizeInBytes], [c].[LogoName], [c].[Name], [c].[SignFileExtension], [c].[SignFilePath], [c].[SignFileSizeInBytes], [c].[SignName]
FROM [CompanyInfos] AS [c]
2025-08-10 11:17:01.715 +05:30 [INF] Executing OkObjectResult, writing value of type 'AuthNet.Models.DTO.CompanyInfoResponseDto'.
2025-08-10 11:17:01.715 +05:30 [INF] Executed action AuthNet.Controllers.SettingsController.GetCompanyInfo (AuthNet) in 80.4996ms
2025-08-10 11:17:01.715 +05:30 [INF] Executed endpoint 'AuthNet.Controllers.SettingsController.GetCompanyInfo (AuthNet)'
2025-08-10 11:17:01.715 +05:30 [INF] Request finished HTTP/1.1 GET https://localhost:7165/api/Settings/Get - 200 null application/json; charset=utf-8 81.0718ms
2025-08-10 11:17:01.935 +05:30 [INF] Request starting HTTP/2 GET https://localhost:7165/api/Sales/WeeklyProfit - null null
2025-08-10 11:17:01.935 +05:30 [INF] CORS policy execution successful.
2025-08-10 11:17:01.935 +05:30 [INF] Executing endpoint 'AuthNet.Controllers.SalesController.GetWeeklyProfit (AuthNet)'
2025-08-10 11:17:01.935 +05:30 [INF] Route matched with {action = "GetWeeklyProfit", controller = "Sales"}. Executing controller action with signature System.Threading.Tasks.Task`1[Microsoft.AspNetCore.Mvc.IActionResult] GetWeeklyProfit() on controller AuthNet.Controllers.SalesController (AuthNet).
2025-08-10 11:17:01.936 +05:30 [INF] Request starting HTTP/2 GET https://localhost:7165/api/Products/CategoryWiseProductCount - null null
2025-08-10 11:17:01.936 +05:30 [INF] CORS policy execution successful.
2025-08-10 11:17:01.936 +05:30 [INF] Executing endpoint 'AuthNet.Controllers.ProductsController.GetCategoryWiseProductCount (AuthNet)'
2025-08-10 11:17:01.936 +05:30 [INF] Route matched with {action = "GetCategoryWiseProductCount", controller = "Products"}. Executing controller action with signature System.Threading.Tasks.Task`1[Microsoft.AspNetCore.Mvc.IActionResult] GetCategoryWiseProductCount() on controller AuthNet.Controllers.ProductsController (AuthNet).
2025-08-10 11:17:01.990 +05:30 [INF] Executed DbCommand (54ms) [Parameters=[@__startDate_0='?' (DbType = DateTime2), @__endDate_1='?' (DbType = DateTime2)], CommandType='"Text"', CommandTimeout='30']
SELECT [s].[Id], [s].[ProductId], [s].[ProductName], [s].[Quantity], [s].[SaleId], [s].[TotalPrice], [s].[UnitPrice], [s0].[Id], [s0].[AfterTaxAmount], [s0].[CreatedAt], [s0].[DiscountedAmount], [s0].[InvoiceDate], [s0].[InvoiceNo], [s0].[PrincipalAmount], [s0].[Template], [s0].[TotalAmount]
FROM [SaleItems] AS [s]
INNER JOIN [Sales] AS [s0] ON [s].[SaleId] = [s0].[Id]
WHERE CONVERT(date, [s0].[InvoiceDate]) >= @__startDate_0 AND CONVERT(date, [s0].[InvoiceDate]) <= @__endDate_1
2025-08-10 11:17:02.022 +05:30 [INF] Executed DbCommand (30ms) [Parameters=[@__productIds_0='?' (Size = 4000)], CommandType='"Text"', CommandTimeout='30']
SELECT [p].[ProductId], [p].[CategoryId], [p].[CostPrice], [p].[Description], [p].[Name], [p].[ProductCode], [p].[ProductKey], [p].[SellPrice], [p].[SupplierId]
FROM [Products] AS [p]
WHERE [p].[ProductId] IN (
    SELECT [p0].[value]
    FROM OPENJSON(@__productIds_0) WITH ([value] int '$') AS [p0]
)
2025-08-10 11:17:02.022 +05:30 [INF] Executing OkObjectResult, writing value of type 'System.Collections.Generic.List`1[[AuthNet.Models.DTO.DailyProfitDto, AuthNet, Version=1.0.0.0, Culture=neutral, PublicKeyToken=null]]'.
2025-08-10 11:17:02.022 +05:30 [INF] Executed action AuthNet.Controllers.SalesController.GetWeeklyProfit (AuthNet) in 87.0169ms
2025-08-10 11:17:02.022 +05:30 [INF] Executed endpoint 'AuthNet.Controllers.SalesController.GetWeeklyProfit (AuthNet)'
2025-08-10 11:17:02.023 +05:30 [INF] Request finished HTTP/2 GET https://localhost:7165/api/Sales/WeeklyProfit - 200 null application/json; charset=utf-8 87.694ms
2025-08-10 11:17:02.181 +05:30 [INF] Executed DbCommand (77ms) [Parameters=[], CommandType='"Text"', CommandTimeout='30']
SELECT [c].[Name] AS [CategoryName], COUNT(*) AS [ProductCount]
FROM [Products] AS [p]
LEFT JOIN [Categories] AS [c] ON [p].[CategoryId] = [c].[CategoryId]
WHERE [c].[CategoryId] IS NOT NULL
GROUP BY [c].[Name]
2025-08-10 11:17:02.182 +05:30 [INF] Executing OkObjectResult, writing value of type 'System.Collections.Generic.List`1[[AuthNet.Models.DTO.CategoryProductCountDto, AuthNet, Version=1.0.0.0, Culture=neutral, PublicKeyToken=null]]'.
2025-08-10 11:17:02.182 +05:30 [INF] Executed action AuthNet.Controllers.ProductsController.GetCategoryWiseProductCount (AuthNet) in 245.8453ms
2025-08-10 11:17:02.183 +05:30 [INF] Executed endpoint 'AuthNet.Controllers.ProductsController.GetCategoryWiseProductCount (AuthNet)'
2025-08-10 11:17:02.183 +05:30 [INF] Request finished HTTP/2 GET https://localhost:7165/api/Products/CategoryWiseProductCount - 200 null application/json; charset=utf-8 247.0184ms
