2025-08-13 12:19:08.458 +05:30 [INF] User profile is available. Using 'C:\Users\Admin\AppData\Local\ASP.NET\DataProtection-Keys' as key repository and Windows DPAPI to encrypt keys at rest.
2025-08-13 12:19:16.723 +05:30 [INF] Now listening on: https://localhost:7165
2025-08-13 12:19:16.724 +05:30 [INF] Now listening on: http://localhost:5008
2025-08-13 12:19:17.937 +05:30 [INF] Application started. Press Ctrl+C to shut down.
2025-08-13 12:19:17.938 +05:30 [INF] Hosting environment: Development
2025-08-13 12:19:17.938 +05:30 [INF] Content root path: C:\Users\Admin\Source\Repos\AuthNet\AuthNet
2025-08-13 12:19:22.129 +05:30 [INF] Request starting HTTP/2 GET https://localhost:7165/swagger/index.html - null null
2025-08-13 12:19:22.724 +05:30 [INF] Request starting HTTP/1.1 GET https://localhost:7165/api/Sales/DailyProfit - null null
2025-08-13 12:19:26.475 +05:30 [INF] Executing endpoint 'AuthNet.Controllers.SalesController.GetDailyProfit (AuthNet)'
2025-08-13 12:19:26.631 +05:30 [INF] Route matched with {action = "GetDailyProfit", controller = "Sales"}. Executing controller action with signature System.Threading.Tasks.Task`1[Microsoft.AspNetCore.Mvc.IActionResult] GetDailyProfit() on controller AuthNet.Controllers.SalesController (AuthNet).
2025-08-13 12:19:26.988 +05:30 [INF] Request finished HTTP/2 GET https://localhost:7165/swagger/index.html - 200 null text/html;charset=utf-8 4901.4375ms
2025-08-13 12:19:27.681 +05:30 [INF] Request starting HTTP/2 GET https://localhost:7165/_framework/aspnetcore-browser-refresh.js - null null
2025-08-13 12:19:27.691 +05:30 [INF] Request starting HTTP/2 GET https://localhost:7165/_vs/browserLink - null null
2025-08-13 12:19:27.755 +05:30 [INF] Request finished HTTP/2 GET https://localhost:7165/_framework/aspnetcore-browser-refresh.js - 200 16499 application/javascript; charset=utf-8 74.2823ms
2025-08-13 12:19:30.274 +05:30 [INF] Request finished HTTP/2 GET https://localhost:7165/_vs/browserLink - 200 null text/javascript; charset=UTF-8 2581.8868ms
2025-08-13 12:19:30.751 +05:30 [INF] Request starting HTTP/2 GET https://localhost:7165/swagger/v1/swagger.json - null null
2025-08-13 12:19:31.809 +05:30 [INF] Request finished HTTP/2 GET https://localhost:7165/swagger/v1/swagger.json - 200 null application/json;charset=utf-8 1111.583ms
2025-08-13 12:19:36.508 +05:30 [WRN] No store type was specified for the decimal property 'TotalAmount' on entity type 'Order'. This will cause values to be silently truncated if they do not fit in the default precision and scale. Explicitly specify the SQL server column type that can accommodate all the values in 'OnModelCreating' using 'HasColumnType', specify precision and scale using 'HasPrecision', or configure a value converter using 'HasConversion'.
2025-08-13 12:19:36.509 +05:30 [WRN] No store type was specified for the decimal property 'UnitPrice' on entity type 'OrderItem'. This will cause values to be silently truncated if they do not fit in the default precision and scale. Explicitly specify the SQL server column type that can accommodate all the values in 'OnModelCreating' using 'HasColumnType', specify precision and scale using 'HasPrecision', or configure a value converter using 'HasConversion'.
2025-08-13 12:19:36.509 +05:30 [WRN] No store type was specified for the decimal property 'CostPrice' on entity type 'Product'. This will cause values to be silently truncated if they do not fit in the default precision and scale. Explicitly specify the SQL server column type that can accommodate all the values in 'OnModelCreating' using 'HasColumnType', specify precision and scale using 'HasPrecision', or configure a value converter using 'HasConversion'.
2025-08-13 12:19:36.509 +05:30 [WRN] No store type was specified for the decimal property 'SellPrice' on entity type 'Product'. This will cause values to be silently truncated if they do not fit in the default precision and scale. Explicitly specify the SQL server column type that can accommodate all the values in 'OnModelCreating' using 'HasColumnType', specify precision and scale using 'HasPrecision', or configure a value converter using 'HasConversion'.
2025-08-13 12:19:36.509 +05:30 [WRN] No store type was specified for the decimal property 'TotalAmount' on entity type 'PurchaseOrder'. This will cause values to be silently truncated if they do not fit in the default precision and scale. Explicitly specify the SQL server column type that can accommodate all the values in 'OnModelCreating' using 'HasColumnType', specify precision and scale using 'HasPrecision', or configure a value converter using 'HasConversion'.
2025-08-13 12:19:36.509 +05:30 [WRN] No store type was specified for the decimal property 'UnitPrice' on entity type 'PurchaseOrderItems'. This will cause values to be silently truncated if they do not fit in the default precision and scale. Explicitly specify the SQL server column type that can accommodate all the values in 'OnModelCreating' using 'HasColumnType', specify precision and scale using 'HasPrecision', or configure a value converter using 'HasConversion'.
2025-08-13 12:19:36.509 +05:30 [WRN] No store type was specified for the decimal property 'AfterTaxAmount' on entity type 'Sale'. This will cause values to be silently truncated if they do not fit in the default precision and scale. Explicitly specify the SQL server column type that can accommodate all the values in 'OnModelCreating' using 'HasColumnType', specify precision and scale using 'HasPrecision', or configure a value converter using 'HasConversion'.
2025-08-13 12:19:36.509 +05:30 [WRN] No store type was specified for the decimal property 'DiscountedAmount' on entity type 'Sale'. This will cause values to be silently truncated if they do not fit in the default precision and scale. Explicitly specify the SQL server column type that can accommodate all the values in 'OnModelCreating' using 'HasColumnType', specify precision and scale using 'HasPrecision', or configure a value converter using 'HasConversion'.
2025-08-13 12:19:36.510 +05:30 [WRN] No store type was specified for the decimal property 'PrincipalAmount' on entity type 'Sale'. This will cause values to be silently truncated if they do not fit in the default precision and scale. Explicitly specify the SQL server column type that can accommodate all the values in 'OnModelCreating' using 'HasColumnType', specify precision and scale using 'HasPrecision', or configure a value converter using 'HasConversion'.
2025-08-13 12:19:36.510 +05:30 [WRN] No store type was specified for the decimal property 'TotalAmount' on entity type 'Sale'. This will cause values to be silently truncated if they do not fit in the default precision and scale. Explicitly specify the SQL server column type that can accommodate all the values in 'OnModelCreating' using 'HasColumnType', specify precision and scale using 'HasPrecision', or configure a value converter using 'HasConversion'.
2025-08-13 12:19:36.510 +05:30 [WRN] No store type was specified for the decimal property 'TotalPrice' on entity type 'SaleItem'. This will cause values to be silently truncated if they do not fit in the default precision and scale. Explicitly specify the SQL server column type that can accommodate all the values in 'OnModelCreating' using 'HasColumnType', specify precision and scale using 'HasPrecision', or configure a value converter using 'HasConversion'.
2025-08-13 12:19:36.510 +05:30 [WRN] No store type was specified for the decimal property 'UnitPrice' on entity type 'SaleItem'. This will cause values to be silently truncated if they do not fit in the default precision and scale. Explicitly specify the SQL server column type that can accommodate all the values in 'OnModelCreating' using 'HasColumnType', specify precision and scale using 'HasPrecision', or configure a value converter using 'HasConversion'.
2025-08-13 12:19:36.510 +05:30 [WRN] No store type was specified for the decimal property 'CGST' on entity type 'TaxSetting'. This will cause values to be silently truncated if they do not fit in the default precision and scale. Explicitly specify the SQL server column type that can accommodate all the values in 'OnModelCreating' using 'HasColumnType', specify precision and scale using 'HasPrecision', or configure a value converter using 'HasConversion'.
2025-08-13 12:19:36.510 +05:30 [WRN] No store type was specified for the decimal property 'IGST' on entity type 'TaxSetting'. This will cause values to be silently truncated if they do not fit in the default precision and scale. Explicitly specify the SQL server column type that can accommodate all the values in 'OnModelCreating' using 'HasColumnType', specify precision and scale using 'HasPrecision', or configure a value converter using 'HasConversion'.
2025-08-13 12:19:36.510 +05:30 [WRN] No store type was specified for the decimal property 'SGST' on entity type 'TaxSetting'. This will cause values to be silently truncated if they do not fit in the default precision and scale. Explicitly specify the SQL server column type that can accommodate all the values in 'OnModelCreating' using 'HasColumnType', specify precision and scale using 'HasPrecision', or configure a value converter using 'HasConversion'.
2025-08-13 12:19:47.520 +05:30 [INF] Executed DbCommand (3,995ms) [Parameters=[@__date_Date_0='?' (DbType = DateTime2)], CommandType='"Text"', CommandTimeout='30']
SELECT [s].[Id], [s].[ProductId], [s].[ProductName], [s].[Quantity], [s].[SaleId], [s].[TotalPrice], [s].[UnitPrice], [s0].[Id], [s0].[AfterTaxAmount], [s0].[CreatedAt], [s0].[DiscountedAmount], [s0].[InvoiceDate], [s0].[InvoiceNo], [s0].[PrincipalAmount], [s0].[Template], [s0].[TotalAmount]
FROM [SaleItems] AS [s]
INNER JOIN [Sales] AS [s0] ON [s].[SaleId] = [s0].[Id]
WHERE CONVERT(date, [s0].[InvoiceDate]) = @__date_Date_0
2025-08-13 12:19:48.865 +05:30 [INF] Executed DbCommand (994ms) [Parameters=[@__productIds_0='?' (Size = 4000)], CommandType='"Text"', CommandTimeout='30']
SELECT [p].[ProductId], [p].[CategoryId], [p].[CostPrice], [p].[Description], [p].[Name], [p].[ProductCode], [p].[ProductKey], [p].[SellPrice], [p].[SupplierId]
FROM [Products] AS [p]
WHERE [p].[ProductId] IN (
    SELECT [p0].[value]
    FROM OPENJSON(@__productIds_0) WITH ([value] int '$') AS [p0]
)
2025-08-13 12:19:48.883 +05:30 [INF] Executing OkObjectResult, writing value of type 'AuthNet.Models.DTO.DailyProfitDto'.
2025-08-13 12:19:48.957 +05:30 [INF] Executed action AuthNet.Controllers.SalesController.GetDailyProfit (AuthNet) in 22318.003ms
2025-08-13 12:19:48.958 +05:30 [INF] Executed endpoint 'AuthNet.Controllers.SalesController.GetDailyProfit (AuthNet)'
2025-08-13 12:19:48.985 +05:30 [INF] Request finished HTTP/1.1 GET https://localhost:7165/api/Sales/DailyProfit - 200 null application/json; charset=utf-8 26264.8114ms
2025-08-13 12:19:49.086 +05:30 [INF] Request starting HTTP/1.1 GET https://localhost:7165/api/Sales/CurrentMonthProfit - null null
2025-08-13 12:19:49.104 +05:30 [INF] Executing endpoint 'AuthNet.Controllers.SalesController.GetCurrentMonthProfit (AuthNet)'
2025-08-13 12:19:49.116 +05:30 [INF] Route matched with {action = "GetCurrentMonthProfit", controller = "Sales"}. Executing controller action with signature System.Threading.Tasks.Task`1[Microsoft.AspNetCore.Mvc.IActionResult] GetCurrentMonthProfit() on controller AuthNet.Controllers.SalesController (AuthNet).
2025-08-13 12:19:49.220 +05:30 [INF] Executed DbCommand (20ms) [Parameters=[@__currentYear_0='?' (DbType = Int32), @__currentMonth_1='?' (DbType = Int32)], CommandType='"Text"', CommandTimeout='30']
SELECT [s].[Id], [s].[ProductId], [s].[ProductName], [s].[Quantity], [s].[SaleId], [s].[TotalPrice], [s].[UnitPrice], [s0].[Id], [s0].[AfterTaxAmount], [s0].[CreatedAt], [s0].[DiscountedAmount], [s0].[InvoiceDate], [s0].[InvoiceNo], [s0].[PrincipalAmount], [s0].[Template], [s0].[TotalAmount]
FROM [SaleItems] AS [s]
INNER JOIN [Sales] AS [s0] ON [s].[SaleId] = [s0].[Id]
WHERE DATEPART(year, [s0].[InvoiceDate]) = @__currentYear_0 AND DATEPART(month, [s0].[InvoiceDate]) = @__currentMonth_1
2025-08-13 12:19:49.454 +05:30 [INF] Executed DbCommand (13ms) [Parameters=[@__productIds_0='?' (Size = 4000)], CommandType='"Text"', CommandTimeout='30']
SELECT [p].[ProductId], [p].[CategoryId], [p].[CostPrice], [p].[Description], [p].[Name], [p].[ProductCode], [p].[ProductKey], [p].[SellPrice], [p].[SupplierId]
FROM [Products] AS [p]
WHERE [p].[ProductId] IN (
    SELECT [p0].[value]
    FROM OPENJSON(@__productIds_0) WITH ([value] int '$') AS [p0]
)
2025-08-13 12:19:49.520 +05:30 [INF] Executing OkObjectResult, writing value of type 'AuthNet.Models.DTO.MonthlyProfitDto'.
2025-08-13 12:19:49.524 +05:30 [INF] Executed action AuthNet.Controllers.SalesController.GetCurrentMonthProfit (AuthNet) in 408.0091ms
2025-08-13 12:19:49.525 +05:30 [INF] Executed endpoint 'AuthNet.Controllers.SalesController.GetCurrentMonthProfit (AuthNet)'
2025-08-13 12:19:49.526 +05:30 [INF] Request finished HTTP/1.1 GET https://localhost:7165/api/Sales/CurrentMonthProfit - 200 null application/json; charset=utf-8 439.6159ms
2025-08-13 12:19:49.667 +05:30 [INF] Request starting HTTP/1.1 GET https://localhost:7165/api/Sales/CurrentYearProfit - null null
2025-08-13 12:19:49.671 +05:30 [INF] Executing endpoint 'AuthNet.Controllers.SalesController.GetCurrentYearProfit (AuthNet)'
2025-08-13 12:19:49.677 +05:30 [INF] Route matched with {action = "GetCurrentYearProfit", controller = "Sales"}. Executing controller action with signature System.Threading.Tasks.Task`1[Microsoft.AspNetCore.Mvc.IActionResult] GetCurrentYearProfit() on controller AuthNet.Controllers.SalesController (AuthNet).
2025-08-13 12:19:49.946 +05:30 [INF] Executed DbCommand (60ms) [Parameters=[@__currentYear_0='?' (DbType = Int32)], CommandType='"Text"', CommandTimeout='30']
SELECT [s].[Id], [s].[ProductId], [s].[ProductName], [s].[Quantity], [s].[SaleId], [s].[TotalPrice], [s].[UnitPrice], [s0].[Id], [s0].[AfterTaxAmount], [s0].[CreatedAt], [s0].[DiscountedAmount], [s0].[InvoiceDate], [s0].[InvoiceNo], [s0].[PrincipalAmount], [s0].[Template], [s0].[TotalAmount]
FROM [SaleItems] AS [s]
INNER JOIN [Sales] AS [s0] ON [s].[SaleId] = [s0].[Id]
WHERE DATEPART(year, [s0].[InvoiceDate]) = @__currentYear_0
2025-08-13 12:19:49.976 +05:30 [INF] Executed DbCommand (24ms) [Parameters=[@__productIds_0='?' (Size = 4000)], CommandType='"Text"', CommandTimeout='30']
SELECT [p].[ProductId], [p].[CategoryId], [p].[CostPrice], [p].[Description], [p].[Name], [p].[ProductCode], [p].[ProductKey], [p].[SellPrice], [p].[SupplierId]
FROM [Products] AS [p]
WHERE [p].[ProductId] IN (
    SELECT [p0].[value]
    FROM OPENJSON(@__productIds_0) WITH ([value] int '$') AS [p0]
)
2025-08-13 12:19:49.978 +05:30 [INF] Executing OkObjectResult, writing value of type 'AuthNet.Models.DTO.YearlyProfitDto'.
2025-08-13 12:19:49.980 +05:30 [INF] Executed action AuthNet.Controllers.SalesController.GetCurrentYearProfit (AuthNet) in 302.4758ms
2025-08-13 12:19:49.980 +05:30 [INF] Executed endpoint 'AuthNet.Controllers.SalesController.GetCurrentYearProfit (AuthNet)'
2025-08-13 12:19:49.981 +05:30 [INF] Request finished HTTP/1.1 GET https://localhost:7165/api/Sales/CurrentYearProfit - 200 null application/json; charset=utf-8 314.7329ms
2025-08-13 12:19:50.094 +05:30 [INF] Request starting HTTP/1.1 GET https://localhost:7165/api/Products/count - null null
2025-08-13 12:19:50.098 +05:30 [INF] Executing endpoint 'AuthNet.Controllers.ProductsController.GetProductCount (AuthNet)'
2025-08-13 12:19:50.105 +05:30 [INF] Route matched with {action = "GetProductCount", controller = "Products"}. Executing controller action with signature System.Threading.Tasks.Task`1[Microsoft.AspNetCore.Mvc.IActionResult] GetProductCount() on controller AuthNet.Controllers.ProductsController (AuthNet).
2025-08-13 12:19:50.236 +05:30 [INF] Executed DbCommand (72ms) [Parameters=[], CommandType='"Text"', CommandTimeout='30']
SELECT COUNT(*)
FROM [Products] AS [p]
2025-08-13 12:19:50.240 +05:30 [INF] Executing OkObjectResult, writing value of type 'System.Int32'.
2025-08-13 12:19:50.245 +05:30 [INF] Executed action AuthNet.Controllers.ProductsController.GetProductCount (AuthNet) in 140.1457ms
2025-08-13 12:19:50.246 +05:30 [INF] Executed endpoint 'AuthNet.Controllers.ProductsController.GetProductCount (AuthNet)'
2025-08-13 12:19:50.246 +05:30 [INF] Request finished HTTP/1.1 GET https://localhost:7165/api/Products/count - 200 null application/json; charset=utf-8 152.0943ms
2025-08-13 12:19:50.386 +05:30 [INF] Request starting HTTP/1.1 GET https://localhost:7165/api/Suppliers/count - null null
2025-08-13 12:19:50.386 +05:30 [INF] Executing endpoint 'AuthNet.Controllers.SuppliersController.GetSupplierCount (AuthNet)'
2025-08-13 12:19:50.393 +05:30 [INF] Route matched with {action = "GetSupplierCount", controller = "Suppliers"}. Executing controller action with signature System.Threading.Tasks.Task`1[Microsoft.AspNetCore.Mvc.IActionResult] GetSupplierCount() on controller AuthNet.Controllers.SuppliersController (AuthNet).
2025-08-13 12:19:50.438 +05:30 [INF] Executed DbCommand (29ms) [Parameters=[], CommandType='"Text"', CommandTimeout='30']
SELECT COUNT(*)
FROM [Suppliers] AS [s]
2025-08-13 12:19:50.440 +05:30 [INF] Executing OkObjectResult, writing value of type 'System.Int32'.
2025-08-13 12:19:50.440 +05:30 [INF] Executed action AuthNet.Controllers.SuppliersController.GetSupplierCount (AuthNet) in 46.4687ms
2025-08-13 12:19:50.440 +05:30 [INF] Executed endpoint 'AuthNet.Controllers.SuppliersController.GetSupplierCount (AuthNet)'
2025-08-13 12:19:50.441 +05:30 [INF] Request finished HTTP/1.1 GET https://localhost:7165/api/Suppliers/count - 200 null application/json; charset=utf-8 55.0547ms
2025-08-13 12:19:50.472 +05:30 [INF] Request starting HTTP/1.1 GET https://localhost:7165/api/Categories/count - null null
2025-08-13 12:19:50.473 +05:30 [INF] Executing endpoint 'AuthNet.Controllers.CategoriesController.GetCategoryCount (AuthNet)'
2025-08-13 12:19:50.480 +05:30 [INF] Route matched with {action = "GetCategoryCount", controller = "Categories"}. Executing controller action with signature System.Threading.Tasks.Task`1[Microsoft.AspNetCore.Mvc.IActionResult] GetCategoryCount() on controller AuthNet.Controllers.CategoriesController (AuthNet).
2025-08-13 12:19:50.497 +05:30 [INF] Executed DbCommand (7ms) [Parameters=[], CommandType='"Text"', CommandTimeout='30']
SELECT COUNT(*)
FROM [Categories] AS [c]
2025-08-13 12:19:50.498 +05:30 [INF] Executing OkObjectResult, writing value of type 'System.Int32'.
2025-08-13 12:19:50.498 +05:30 [INF] Executed action AuthNet.Controllers.CategoriesController.GetCategoryCount (AuthNet) in 18.4828ms
2025-08-13 12:19:50.499 +05:30 [INF] Executed endpoint 'AuthNet.Controllers.CategoriesController.GetCategoryCount (AuthNet)'
2025-08-13 12:19:50.499 +05:30 [INF] Request finished HTTP/1.1 GET https://localhost:7165/api/Categories/count - 200 null application/json; charset=utf-8 26.7988ms
2025-08-13 12:19:50.595 +05:30 [INF] Request starting HTTP/1.1 GET https://localhost:7165/api/Orders/count - null null
2025-08-13 12:19:50.598 +05:30 [INF] Executing endpoint 'AuthNet.Controllers.OrdersController.GetOrderCount (AuthNet)'
2025-08-13 12:19:50.605 +05:30 [INF] Route matched with {action = "GetOrderCount", controller = "Orders"}. Executing controller action with signature System.Threading.Tasks.Task`1[Microsoft.AspNetCore.Mvc.IActionResult] GetOrderCount() on controller AuthNet.Controllers.OrdersController (AuthNet).
2025-08-13 12:19:50.702 +05:30 [INF] Executed DbCommand (86ms) [Parameters=[], CommandType='"Text"', CommandTimeout='30']
SELECT COUNT(*)
FROM [Orders] AS [o]
2025-08-13 12:19:50.703 +05:30 [INF] Executing OkObjectResult, writing value of type 'System.Int32'.
2025-08-13 12:19:50.704 +05:30 [INF] Executed action AuthNet.Controllers.OrdersController.GetOrderCount (AuthNet) in 98.8636ms
2025-08-13 12:19:50.704 +05:30 [INF] Executed endpoint 'AuthNet.Controllers.OrdersController.GetOrderCount (AuthNet)'
2025-08-13 12:19:50.705 +05:30 [INF] Request finished HTTP/1.1 GET https://localhost:7165/api/Orders/count - 200 null application/json; charset=utf-8 109.9288ms
2025-08-13 12:19:50.739 +05:30 [INF] Request starting HTTP/1.1 GET https://localhost:7165/api/Customers/count - null null
2025-08-13 12:19:50.740 +05:30 [INF] Executing endpoint 'AuthNet.Controllers.CustomersController.GetCustomerCount (AuthNet)'
2025-08-13 12:19:50.747 +05:30 [INF] Route matched with {action = "GetCustomerCount", controller = "Customers"}. Executing controller action with signature System.Threading.Tasks.Task`1[Microsoft.AspNetCore.Mvc.IActionResult] GetCustomerCount() on controller AuthNet.Controllers.CustomersController (AuthNet).
2025-08-13 12:19:50.794 +05:30 [INF] Executed DbCommand (39ms) [Parameters=[], CommandType='"Text"', CommandTimeout='30']
SELECT COUNT(*)
FROM [Customers] AS [c]
2025-08-13 12:19:50.796 +05:30 [INF] Executing OkObjectResult, writing value of type 'System.Int32'.
2025-08-13 12:19:50.796 +05:30 [INF] Executed action AuthNet.Controllers.CustomersController.GetCustomerCount (AuthNet) in 49.0032ms
2025-08-13 12:19:50.797 +05:30 [INF] Executed endpoint 'AuthNet.Controllers.CustomersController.GetCustomerCount (AuthNet)'
2025-08-13 12:19:50.797 +05:30 [INF] Request finished HTTP/1.1 GET https://localhost:7165/api/Customers/count - 200 null application/json; charset=utf-8 58.0143ms
2025-08-13 12:19:50.935 +05:30 [INF] Request starting HTTP/1.1 GET https://localhost:7165/api/Tasks - null null
2025-08-13 12:19:50.936 +05:30 [INF] Executing endpoint 'AuthNet.Controllers.TasksController.GetTasks (AuthNet)'
2025-08-13 12:19:50.939 +05:30 [INF] Route matched with {action = "GetTasks", controller = "Tasks"}. Executing controller action with signature Microsoft.AspNetCore.Mvc.IActionResult GetTasks() on controller AuthNet.Controllers.TasksController (AuthNet).
2025-08-13 12:19:51.060 +05:30 [INF] Executed DbCommand (59ms) [Parameters=[], CommandType='"Text"', CommandTimeout='30']
SELECT [t].[Id], [t].[Title], [t].[DueDate]
FROM [Tasks] AS [t]
2025-08-13 12:19:51.068 +05:30 [INF] Executing OkObjectResult, writing value of type 'System.Collections.Generic.List`1[[AuthNet.Models.DTO.TaskItemDto, AuthNet, Version=1.0.0.0, Culture=neutral, PublicKeyToken=null]]'.
2025-08-13 12:19:51.079 +05:30 [INF] Executed action AuthNet.Controllers.TasksController.GetTasks (AuthNet) in 139.7315ms
2025-08-13 12:19:51.079 +05:30 [INF] Executed endpoint 'AuthNet.Controllers.TasksController.GetTasks (AuthNet)'
2025-08-13 12:19:51.079 +05:30 [INF] Request finished HTTP/1.1 GET https://localhost:7165/api/Tasks - 200 null application/json; charset=utf-8 143.6895ms
2025-08-13 12:19:51.209 +05:30 [INF] Request starting HTTP/1.1 GET https://localhost:7165/api/Settings/Get - null null
2025-08-13 12:19:51.210 +05:30 [INF] Executing endpoint 'AuthNet.Controllers.SettingsController.GetCompanyInfo (AuthNet)'
2025-08-13 12:19:51.218 +05:30 [INF] Route matched with {action = "GetCompanyInfo", controller = "Settings"}. Executing controller action with signature System.Threading.Tasks.Task`1[Microsoft.AspNetCore.Mvc.IActionResult] GetCompanyInfo() on controller AuthNet.Controllers.SettingsController (AuthNet).
2025-08-13 12:19:51.234 +05:30 [WRN] The query uses the 'First'/'FirstOrDefault' operator without 'OrderBy' and filter operators. This may lead to unpredictable results.
2025-08-13 12:19:51.258 +05:30 [INF] Executed DbCommand (10ms) [Parameters=[], CommandType='"Text"', CommandTimeout='30']
SELECT TOP(1) [c].[Id], [c].[Address], [c].[AlternateContactNumber], [c].[ContactNumber], [c].[Email], [c].[GSTIN], [c].[LogoFileExtension], [c].[LogoFilePath], [c].[LogoFileSizeInBytes], [c].[LogoName], [c].[Name], [c].[SignFileExtension], [c].[SignFilePath], [c].[SignFileSizeInBytes], [c].[SignName]
FROM [CompanyInfos] AS [c]
2025-08-13 12:19:51.336 +05:30 [INF] Executing OkObjectResult, writing value of type 'AuthNet.Models.DTO.CompanyInfoResponseDto'.
2025-08-13 12:19:51.339 +05:30 [INF] Executed action AuthNet.Controllers.SettingsController.GetCompanyInfo (AuthNet) in 121.0569ms
2025-08-13 12:19:51.340 +05:30 [INF] Executed endpoint 'AuthNet.Controllers.SettingsController.GetCompanyInfo (AuthNet)'
2025-08-13 12:19:51.340 +05:30 [INF] Request finished HTTP/1.1 GET https://localhost:7165/api/Settings/Get - 200 null application/json; charset=utf-8 131.0664ms
2025-08-13 12:20:07.546 +05:30 [INF] Request starting HTTP/2 GET https://localhost:7165/api/Sales/WeeklyProfit - null null
2025-08-13 12:20:07.553 +05:30 [INF] CORS policy execution successful.
2025-08-13 12:20:07.557 +05:30 [INF] Executing endpoint 'AuthNet.Controllers.SalesController.GetWeeklyProfit (AuthNet)'
2025-08-13 12:20:07.558 +05:30 [INF] Request starting HTTP/2 GET https://localhost:7165/api/Products/CategoryWiseProductCount - null null
2025-08-13 12:20:07.579 +05:30 [INF] CORS policy execution successful.
2025-08-13 12:20:07.582 +05:30 [INF] Route matched with {action = "GetWeeklyProfit", controller = "Sales"}. Executing controller action with signature System.Threading.Tasks.Task`1[Microsoft.AspNetCore.Mvc.IActionResult] GetWeeklyProfit() on controller AuthNet.Controllers.SalesController (AuthNet).
2025-08-13 12:20:07.589 +05:30 [INF] Executing endpoint 'AuthNet.Controllers.ProductsController.GetCategoryWiseProductCount (AuthNet)'
2025-08-13 12:20:07.610 +05:30 [INF] Route matched with {action = "GetCategoryWiseProductCount", controller = "Products"}. Executing controller action with signature System.Threading.Tasks.Task`1[Microsoft.AspNetCore.Mvc.IActionResult] GetCategoryWiseProductCount() on controller AuthNet.Controllers.ProductsController (AuthNet).
2025-08-13 12:20:07.700 +05:30 [INF] Executed DbCommand (60ms) [Parameters=[@__startDate_0='?' (DbType = DateTime2), @__endDate_1='?' (DbType = DateTime2)], CommandType='"Text"', CommandTimeout='30']
SELECT [s].[Id], [s].[ProductId], [s].[ProductName], [s].[Quantity], [s].[SaleId], [s].[TotalPrice], [s].[UnitPrice], [s0].[Id], [s0].[AfterTaxAmount], [s0].[CreatedAt], [s0].[DiscountedAmount], [s0].[InvoiceDate], [s0].[InvoiceNo], [s0].[PrincipalAmount], [s0].[Template], [s0].[TotalAmount]
FROM [SaleItems] AS [s]
INNER JOIN [Sales] AS [s0] ON [s].[SaleId] = [s0].[Id]
WHERE CONVERT(date, [s0].[InvoiceDate]) >= @__startDate_0 AND CONVERT(date, [s0].[InvoiceDate]) <= @__endDate_1
2025-08-13 12:20:07.715 +05:30 [INF] Executed DbCommand (12ms) [Parameters=[@__productIds_0='?' (Size = 4000)], CommandType='"Text"', CommandTimeout='30']
SELECT [p].[ProductId], [p].[CategoryId], [p].[CostPrice], [p].[Description], [p].[Name], [p].[ProductCode], [p].[ProductKey], [p].[SellPrice], [p].[SupplierId]
FROM [Products] AS [p]
WHERE [p].[ProductId] IN (
    SELECT [p0].[value]
    FROM OPENJSON(@__productIds_0) WITH ([value] int '$') AS [p0]
)
2025-08-13 12:20:07.733 +05:30 [INF] Executing OkObjectResult, writing value of type 'System.Collections.Generic.List`1[[AuthNet.Models.DTO.DailyProfitDto, AuthNet, Version=1.0.0.0, Culture=neutral, PublicKeyToken=null]]'.
2025-08-13 12:20:07.735 +05:30 [INF] Executed action AuthNet.Controllers.SalesController.GetWeeklyProfit (AuthNet) in 153.074ms
2025-08-13 12:20:07.735 +05:30 [INF] Executed endpoint 'AuthNet.Controllers.SalesController.GetWeeklyProfit (AuthNet)'
2025-08-13 12:20:07.736 +05:30 [INF] Request finished HTTP/2 GET https://localhost:7165/api/Sales/WeeklyProfit - 200 null application/json; charset=utf-8 190.3795ms
2025-08-13 12:20:07.861 +05:30 [INF] Executed DbCommand (69ms) [Parameters=[], CommandType='"Text"', CommandTimeout='30']
SELECT [c].[Name] AS [CategoryName], COUNT(*) AS [ProductCount]
FROM [Products] AS [p]
LEFT JOIN [Categories] AS [c] ON [p].[CategoryId] = [c].[CategoryId]
WHERE [c].[CategoryId] IS NOT NULL
GROUP BY [c].[Name]
2025-08-13 12:20:07.863 +05:30 [INF] Executing OkObjectResult, writing value of type 'System.Collections.Generic.List`1[[AuthNet.Models.DTO.CategoryProductCountDto, AuthNet, Version=1.0.0.0, Culture=neutral, PublicKeyToken=null]]'.
2025-08-13 12:20:07.867 +05:30 [INF] Executed action AuthNet.Controllers.ProductsController.GetCategoryWiseProductCount (AuthNet) in 256.9416ms
2025-08-13 12:20:07.867 +05:30 [INF] Executed endpoint 'AuthNet.Controllers.ProductsController.GetCategoryWiseProductCount (AuthNet)'
2025-08-13 12:20:07.868 +05:30 [INF] Request finished HTTP/2 GET https://localhost:7165/api/Products/CategoryWiseProductCount - 200 null application/json; charset=utf-8 322.1583ms
2025-08-13 12:36:27.357 +05:30 [INF] Request starting HTTP/1.1 POST https://localhost:7165/api/Auth/login - application/json; charset=utf-8 null
2025-08-13 12:36:27.364 +05:30 [INF] Executing endpoint 'AuthNet.Controllers.AuthController.Login (AuthNet)'
2025-08-13 12:36:27.385 +05:30 [INF] Route matched with {action = "Login", controller = "Auth"}. Executing controller action with signature System.Threading.Tasks.Task`1[Microsoft.AspNetCore.Mvc.IActionResult] Login(AuthNet.Models.DTO.LoginDto) on controller AuthNet.Controllers.AuthController (AuthNet).
2025-08-13 12:36:28.131 +05:30 [INF] Executed DbCommand (151ms) [Parameters=[@__username_0='?' (Size = 100)], CommandType='"Text"', CommandTimeout='30']
SELECT TOP(1) [u].[UserId], [u].[CreatedAt], [u].[Email], [u].[Firstname], [u].[Lastname], [u].[PasswordHash], [u].[Role], [u].[Username]
FROM [Users] AS [u]
WHERE [u].[Username] = @__username_0
2025-08-13 12:36:29.425 +05:30 [INF] Executing OkObjectResult, writing value of type 'AuthNet.Models.DTO.ServiceResponse`1[[AuthNet.Models.DTO.LoginResponseDto, AuthNet, Version=1.0.0.0, Culture=neutral, PublicKeyToken=null]]'.
2025-08-13 12:36:29.432 +05:30 [INF] Executed action AuthNet.Controllers.AuthController.Login (AuthNet) in 2046.6423ms
2025-08-13 12:36:29.432 +05:30 [INF] Executed endpoint 'AuthNet.Controllers.AuthController.Login (AuthNet)'
2025-08-13 12:36:29.433 +05:30 [INF] Request finished HTTP/1.1 POST https://localhost:7165/api/Auth/login - 200 null application/json; charset=utf-8 2076.4294ms
2025-08-13 12:36:29.488 +05:30 [INF] Request starting HTTP/1.1 GET https://localhost:7165/api/Sales/DailyProfit - null null
2025-08-13 12:36:29.489 +05:30 [INF] Executing endpoint 'AuthNet.Controllers.SalesController.GetDailyProfit (AuthNet)'
2025-08-13 12:36:29.489 +05:30 [INF] Route matched with {action = "GetDailyProfit", controller = "Sales"}. Executing controller action with signature System.Threading.Tasks.Task`1[Microsoft.AspNetCore.Mvc.IActionResult] GetDailyProfit() on controller AuthNet.Controllers.SalesController (AuthNet).
2025-08-13 12:36:29.508 +05:30 [INF] Executed DbCommand (16ms) [Parameters=[@__date_Date_0='?' (DbType = DateTime2)], CommandType='"Text"', CommandTimeout='30']
SELECT [s].[Id], [s].[ProductId], [s].[ProductName], [s].[Quantity], [s].[SaleId], [s].[TotalPrice], [s].[UnitPrice], [s0].[Id], [s0].[AfterTaxAmount], [s0].[CreatedAt], [s0].[DiscountedAmount], [s0].[InvoiceDate], [s0].[InvoiceNo], [s0].[PrincipalAmount], [s0].[Template], [s0].[TotalAmount]
FROM [SaleItems] AS [s]
INNER JOIN [Sales] AS [s0] ON [s].[SaleId] = [s0].[Id]
WHERE CONVERT(date, [s0].[InvoiceDate]) = @__date_Date_0
2025-08-13 12:36:29.556 +05:30 [INF] Executed DbCommand (46ms) [Parameters=[@__productIds_0='?' (Size = 4000)], CommandType='"Text"', CommandTimeout='30']
SELECT [p].[ProductId], [p].[CategoryId], [p].[CostPrice], [p].[Description], [p].[Name], [p].[ProductCode], [p].[ProductKey], [p].[SellPrice], [p].[SupplierId]
FROM [Products] AS [p]
WHERE [p].[ProductId] IN (
    SELECT [p0].[value]
    FROM OPENJSON(@__productIds_0) WITH ([value] int '$') AS [p0]
)
2025-08-13 12:36:29.556 +05:30 [INF] Executing OkObjectResult, writing value of type 'AuthNet.Models.DTO.DailyProfitDto'.
2025-08-13 12:36:29.556 +05:30 [INF] Executed action AuthNet.Controllers.SalesController.GetDailyProfit (AuthNet) in 67.1629ms
2025-08-13 12:36:29.557 +05:30 [INF] Executed endpoint 'AuthNet.Controllers.SalesController.GetDailyProfit (AuthNet)'
2025-08-13 12:36:29.557 +05:30 [INF] Request finished HTTP/1.1 GET https://localhost:7165/api/Sales/DailyProfit - 200 null application/json; charset=utf-8 69.3267ms
2025-08-13 12:36:29.585 +05:30 [INF] Request starting HTTP/1.1 GET https://localhost:7165/api/Sales/CurrentMonthProfit - null null
2025-08-13 12:36:29.586 +05:30 [INF] Executing endpoint 'AuthNet.Controllers.SalesController.GetCurrentMonthProfit (AuthNet)'
2025-08-13 12:36:29.587 +05:30 [INF] Route matched with {action = "GetCurrentMonthProfit", controller = "Sales"}. Executing controller action with signature System.Threading.Tasks.Task`1[Microsoft.AspNetCore.Mvc.IActionResult] GetCurrentMonthProfit() on controller AuthNet.Controllers.SalesController (AuthNet).
2025-08-13 12:36:29.600 +05:30 [INF] Executed DbCommand (12ms) [Parameters=[@__currentYear_0='?' (DbType = Int32), @__currentMonth_1='?' (DbType = Int32)], CommandType='"Text"', CommandTimeout='30']
SELECT [s].[Id], [s].[ProductId], [s].[ProductName], [s].[Quantity], [s].[SaleId], [s].[TotalPrice], [s].[UnitPrice], [s0].[Id], [s0].[AfterTaxAmount], [s0].[CreatedAt], [s0].[DiscountedAmount], [s0].[InvoiceDate], [s0].[InvoiceNo], [s0].[PrincipalAmount], [s0].[Template], [s0].[TotalAmount]
FROM [SaleItems] AS [s]
INNER JOIN [Sales] AS [s0] ON [s].[SaleId] = [s0].[Id]
WHERE DATEPART(year, [s0].[InvoiceDate]) = @__currentYear_0 AND DATEPART(month, [s0].[InvoiceDate]) = @__currentMonth_1
2025-08-13 12:36:29.607 +05:30 [INF] Executed DbCommand (2ms) [Parameters=[@__productIds_0='?' (Size = 4000)], CommandType='"Text"', CommandTimeout='30']
SELECT [p].[ProductId], [p].[CategoryId], [p].[CostPrice], [p].[Description], [p].[Name], [p].[ProductCode], [p].[ProductKey], [p].[SellPrice], [p].[SupplierId]
FROM [Products] AS [p]
WHERE [p].[ProductId] IN (
    SELECT [p0].[value]
    FROM OPENJSON(@__productIds_0) WITH ([value] int '$') AS [p0]
)
2025-08-13 12:36:29.608 +05:30 [INF] Executing OkObjectResult, writing value of type 'AuthNet.Models.DTO.MonthlyProfitDto'.
2025-08-13 12:36:29.608 +05:30 [INF] Executed action AuthNet.Controllers.SalesController.GetCurrentMonthProfit (AuthNet) in 21.2414ms
2025-08-13 12:36:29.608 +05:30 [INF] Executed endpoint 'AuthNet.Controllers.SalesController.GetCurrentMonthProfit (AuthNet)'
2025-08-13 12:36:29.608 +05:30 [INF] Request finished HTTP/1.1 GET https://localhost:7165/api/Sales/CurrentMonthProfit - 200 null application/json; charset=utf-8 23.3591ms
2025-08-13 12:36:29.669 +05:30 [INF] Request starting HTTP/1.1 GET https://localhost:7165/api/Sales/CurrentYearProfit - null null
2025-08-13 12:36:29.670 +05:30 [INF] Executing endpoint 'AuthNet.Controllers.SalesController.GetCurrentYearProfit (AuthNet)'
2025-08-13 12:36:29.670 +05:30 [INF] Route matched with {action = "GetCurrentYearProfit", controller = "Sales"}. Executing controller action with signature System.Threading.Tasks.Task`1[Microsoft.AspNetCore.Mvc.IActionResult] GetCurrentYearProfit() on controller AuthNet.Controllers.SalesController (AuthNet).
2025-08-13 12:36:29.705 +05:30 [INF] Executed DbCommand (32ms) [Parameters=[@__currentYear_0='?' (DbType = Int32)], CommandType='"Text"', CommandTimeout='30']
SELECT [s].[Id], [s].[ProductId], [s].[ProductName], [s].[Quantity], [s].[SaleId], [s].[TotalPrice], [s].[UnitPrice], [s0].[Id], [s0].[AfterTaxAmount], [s0].[CreatedAt], [s0].[DiscountedAmount], [s0].[InvoiceDate], [s0].[InvoiceNo], [s0].[PrincipalAmount], [s0].[Template], [s0].[TotalAmount]
FROM [SaleItems] AS [s]
INNER JOIN [Sales] AS [s0] ON [s].[SaleId] = [s0].[Id]
WHERE DATEPART(year, [s0].[InvoiceDate]) = @__currentYear_0
2025-08-13 12:36:29.712 +05:30 [INF] Executed DbCommand (4ms) [Parameters=[@__productIds_0='?' (Size = 4000)], CommandType='"Text"', CommandTimeout='30']
SELECT [p].[ProductId], [p].[CategoryId], [p].[CostPrice], [p].[Description], [p].[Name], [p].[ProductCode], [p].[ProductKey], [p].[SellPrice], [p].[SupplierId]
FROM [Products] AS [p]
WHERE [p].[ProductId] IN (
    SELECT [p0].[value]
    FROM OPENJSON(@__productIds_0) WITH ([value] int '$') AS [p0]
)
2025-08-13 12:36:29.714 +05:30 [INF] Executing OkObjectResult, writing value of type 'AuthNet.Models.DTO.YearlyProfitDto'.
2025-08-13 12:36:29.714 +05:30 [INF] Executed action AuthNet.Controllers.SalesController.GetCurrentYearProfit (AuthNet) in 44.325ms
2025-08-13 12:36:29.714 +05:30 [INF] Executed endpoint 'AuthNet.Controllers.SalesController.GetCurrentYearProfit (AuthNet)'
2025-08-13 12:36:29.715 +05:30 [INF] Request finished HTTP/1.1 GET https://localhost:7165/api/Sales/CurrentYearProfit - 200 null application/json; charset=utf-8 46.0209ms
2025-08-13 12:36:29.744 +05:30 [INF] Request starting HTTP/1.1 GET https://localhost:7165/api/Products/count - null null
2025-08-13 12:36:29.744 +05:30 [INF] Executing endpoint 'AuthNet.Controllers.ProductsController.GetProductCount (AuthNet)'
2025-08-13 12:36:29.751 +05:30 [INF] Route matched with {action = "GetProductCount", controller = "Products"}. Executing controller action with signature System.Threading.Tasks.Task`1[Microsoft.AspNetCore.Mvc.IActionResult] GetProductCount() on controller AuthNet.Controllers.ProductsController (AuthNet).
2025-08-13 12:36:29.788 +05:30 [INF] Executed DbCommand (32ms) [Parameters=[], CommandType='"Text"', CommandTimeout='30']
SELECT COUNT(*)
FROM [Products] AS [p]
2025-08-13 12:36:29.789 +05:30 [INF] Executing OkObjectResult, writing value of type 'System.Int32'.
2025-08-13 12:36:29.790 +05:30 [INF] Executed action AuthNet.Controllers.ProductsController.GetProductCount (AuthNet) in 38.5444ms
2025-08-13 12:36:29.790 +05:30 [INF] Executed endpoint 'AuthNet.Controllers.ProductsController.GetProductCount (AuthNet)'
2025-08-13 12:36:29.790 +05:30 [INF] Request finished HTTP/1.1 GET https://localhost:7165/api/Products/count - 200 null application/json; charset=utf-8 46.9027ms
2025-08-13 12:36:29.811 +05:30 [INF] Request starting HTTP/1.1 GET https://localhost:7165/api/Suppliers/count - null null
2025-08-13 12:36:29.812 +05:30 [INF] Executing endpoint 'AuthNet.Controllers.SuppliersController.GetSupplierCount (AuthNet)'
2025-08-13 12:36:29.812 +05:30 [INF] Route matched with {action = "GetSupplierCount", controller = "Suppliers"}. Executing controller action with signature System.Threading.Tasks.Task`1[Microsoft.AspNetCore.Mvc.IActionResult] GetSupplierCount() on controller AuthNet.Controllers.SuppliersController (AuthNet).
2025-08-13 12:36:29.826 +05:30 [INF] Executed DbCommand (11ms) [Parameters=[], CommandType='"Text"', CommandTimeout='30']
SELECT COUNT(*)
FROM [Suppliers] AS [s]
2025-08-13 12:36:29.827 +05:30 [INF] Executing OkObjectResult, writing value of type 'System.Int32'.
2025-08-13 12:36:29.827 +05:30 [INF] Executed action AuthNet.Controllers.SuppliersController.GetSupplierCount (AuthNet) in 14.5169ms
2025-08-13 12:36:29.827 +05:30 [INF] Executed endpoint 'AuthNet.Controllers.SuppliersController.GetSupplierCount (AuthNet)'
2025-08-13 12:36:29.827 +05:30 [INF] Request finished HTTP/1.1 GET https://localhost:7165/api/Suppliers/count - 200 null application/json; charset=utf-8 16.6669ms
2025-08-13 12:36:29.867 +05:30 [INF] Request starting HTTP/1.1 GET https://localhost:7165/api/Categories/count - null null
2025-08-13 12:36:29.868 +05:30 [INF] Executing endpoint 'AuthNet.Controllers.CategoriesController.GetCategoryCount (AuthNet)'
2025-08-13 12:36:29.868 +05:30 [INF] Route matched with {action = "GetCategoryCount", controller = "Categories"}. Executing controller action with signature System.Threading.Tasks.Task`1[Microsoft.AspNetCore.Mvc.IActionResult] GetCategoryCount() on controller AuthNet.Controllers.CategoriesController (AuthNet).
2025-08-13 12:36:29.894 +05:30 [INF] Executed DbCommand (23ms) [Parameters=[], CommandType='"Text"', CommandTimeout='30']
SELECT COUNT(*)
FROM [Categories] AS [c]
2025-08-13 12:36:29.895 +05:30 [INF] Executing OkObjectResult, writing value of type 'System.Int32'.
2025-08-13 12:36:29.895 +05:30 [INF] Executed action AuthNet.Controllers.CategoriesController.GetCategoryCount (AuthNet) in 26.4749ms
2025-08-13 12:36:29.895 +05:30 [INF] Executed endpoint 'AuthNet.Controllers.CategoriesController.GetCategoryCount (AuthNet)'
2025-08-13 12:36:29.896 +05:30 [INF] Request finished HTTP/1.1 GET https://localhost:7165/api/Categories/count - 200 null application/json; charset=utf-8 28.4791ms
2025-08-13 12:36:29.926 +05:30 [INF] Request starting HTTP/1.1 GET https://localhost:7165/api/Orders/count - null null
2025-08-13 12:36:29.926 +05:30 [INF] Executing endpoint 'AuthNet.Controllers.OrdersController.GetOrderCount (AuthNet)'
2025-08-13 12:36:29.927 +05:30 [INF] Route matched with {action = "GetOrderCount", controller = "Orders"}. Executing controller action with signature System.Threading.Tasks.Task`1[Microsoft.AspNetCore.Mvc.IActionResult] GetOrderCount() on controller AuthNet.Controllers.OrdersController (AuthNet).
2025-08-13 12:36:29.941 +05:30 [INF] Executed DbCommand (8ms) [Parameters=[], CommandType='"Text"', CommandTimeout='30']
SELECT COUNT(*)
FROM [Orders] AS [o]
2025-08-13 12:36:29.942 +05:30 [INF] Executing OkObjectResult, writing value of type 'System.Int32'.
2025-08-13 12:36:29.942 +05:30 [INF] Executed action AuthNet.Controllers.OrdersController.GetOrderCount (AuthNet) in 15.3294ms
2025-08-13 12:36:29.943 +05:30 [INF] Executed endpoint 'AuthNet.Controllers.OrdersController.GetOrderCount (AuthNet)'
2025-08-13 12:36:29.943 +05:30 [INF] Request finished HTTP/1.1 GET https://localhost:7165/api/Orders/count - 200 null application/json; charset=utf-8 16.879ms
2025-08-13 12:36:30.170 +05:30 [INF] Request starting HTTP/1.1 GET https://localhost:7165/api/Customers/count - null null
2025-08-13 12:36:30.171 +05:30 [INF] Executing endpoint 'AuthNet.Controllers.CustomersController.GetCustomerCount (AuthNet)'
2025-08-13 12:36:30.171 +05:30 [INF] Route matched with {action = "GetCustomerCount", controller = "Customers"}. Executing controller action with signature System.Threading.Tasks.Task`1[Microsoft.AspNetCore.Mvc.IActionResult] GetCustomerCount() on controller AuthNet.Controllers.CustomersController (AuthNet).
2025-08-13 12:36:30.257 +05:30 [INF] Executed DbCommand (84ms) [Parameters=[], CommandType='"Text"', CommandTimeout='30']
SELECT COUNT(*)
FROM [Customers] AS [c]
2025-08-13 12:36:30.259 +05:30 [INF] Executing OkObjectResult, writing value of type 'System.Int32'.
2025-08-13 12:36:30.261 +05:30 [INF] Executed action AuthNet.Controllers.CustomersController.GetCustomerCount (AuthNet) in 89.7906ms
2025-08-13 12:36:30.261 +05:30 [INF] Executed endpoint 'AuthNet.Controllers.CustomersController.GetCustomerCount (AuthNet)'
2025-08-13 12:36:30.263 +05:30 [INF] Request finished HTTP/1.1 GET https://localhost:7165/api/Customers/count - 200 null application/json; charset=utf-8 91.7671ms
2025-08-13 12:36:30.304 +05:30 [INF] Request starting HTTP/1.1 GET https://localhost:7165/api/Tasks - null null
2025-08-13 12:36:30.304 +05:30 [INF] Executing endpoint 'AuthNet.Controllers.TasksController.GetTasks (AuthNet)'
2025-08-13 12:36:30.304 +05:30 [INF] Route matched with {action = "GetTasks", controller = "Tasks"}. Executing controller action with signature Microsoft.AspNetCore.Mvc.IActionResult GetTasks() on controller AuthNet.Controllers.TasksController (AuthNet).
2025-08-13 12:36:30.314 +05:30 [INF] Executed DbCommand (5ms) [Parameters=[], CommandType='"Text"', CommandTimeout='30']
SELECT [t].[Id], [t].[Title], [t].[DueDate]
FROM [Tasks] AS [t]
2025-08-13 12:36:30.315 +05:30 [INF] Executing OkObjectResult, writing value of type 'System.Collections.Generic.List`1[[AuthNet.Models.DTO.TaskItemDto, AuthNet, Version=1.0.0.0, Culture=neutral, PublicKeyToken=null]]'.
2025-08-13 12:36:30.315 +05:30 [INF] Executed action AuthNet.Controllers.TasksController.GetTasks (AuthNet) in 10.974ms
2025-08-13 12:36:30.316 +05:30 [INF] Executed endpoint 'AuthNet.Controllers.TasksController.GetTasks (AuthNet)'
2025-08-13 12:36:30.316 +05:30 [INF] Request finished HTTP/1.1 GET https://localhost:7165/api/Tasks - 200 null application/json; charset=utf-8 12.0553ms
2025-08-13 12:36:30.357 +05:30 [INF] Request starting HTTP/1.1 GET https://localhost:7165/api/Settings/Get - null null
2025-08-13 12:36:30.361 +05:30 [INF] Executing endpoint 'AuthNet.Controllers.SettingsController.GetCompanyInfo (AuthNet)'
2025-08-13 12:36:30.361 +05:30 [INF] Route matched with {action = "GetCompanyInfo", controller = "Settings"}. Executing controller action with signature System.Threading.Tasks.Task`1[Microsoft.AspNetCore.Mvc.IActionResult] GetCompanyInfo() on controller AuthNet.Controllers.SettingsController (AuthNet).
2025-08-13 12:36:30.391 +05:30 [INF] Executed DbCommand (26ms) [Parameters=[], CommandType='"Text"', CommandTimeout='30']
SELECT TOP(1) [c].[Id], [c].[Address], [c].[AlternateContactNumber], [c].[ContactNumber], [c].[Email], [c].[GSTIN], [c].[LogoFileExtension], [c].[LogoFilePath], [c].[LogoFileSizeInBytes], [c].[LogoName], [c].[Name], [c].[SignFileExtension], [c].[SignFilePath], [c].[SignFileSizeInBytes], [c].[SignName]
FROM [CompanyInfos] AS [c]
2025-08-13 12:36:30.392 +05:30 [INF] Executing OkObjectResult, writing value of type 'AuthNet.Models.DTO.CompanyInfoResponseDto'.
2025-08-13 12:36:30.392 +05:30 [INF] Executed action AuthNet.Controllers.SettingsController.GetCompanyInfo (AuthNet) in 30.5704ms
2025-08-13 12:36:30.392 +05:30 [INF] Executed endpoint 'AuthNet.Controllers.SettingsController.GetCompanyInfo (AuthNet)'
2025-08-13 12:36:30.393 +05:30 [INF] Request finished HTTP/1.1 GET https://localhost:7165/api/Settings/Get - 200 null application/json; charset=utf-8 35.4829ms
2025-08-13 12:36:31.008 +05:30 [INF] Request starting HTTP/2 GET https://localhost:7165/api/Sales/WeeklyProfit - null null
2025-08-13 12:36:31.008 +05:30 [INF] Request starting HTTP/2 GET https://localhost:7165/api/Products/CategoryWiseProductCount - null null
2025-08-13 12:36:31.008 +05:30 [INF] CORS policy execution successful.
2025-08-13 12:36:31.008 +05:30 [INF] Executing endpoint 'AuthNet.Controllers.SalesController.GetWeeklyProfit (AuthNet)'
2025-08-13 12:36:31.009 +05:30 [INF] Route matched with {action = "GetWeeklyProfit", controller = "Sales"}. Executing controller action with signature System.Threading.Tasks.Task`1[Microsoft.AspNetCore.Mvc.IActionResult] GetWeeklyProfit() on controller AuthNet.Controllers.SalesController (AuthNet).
2025-08-13 12:36:31.008 +05:30 [INF] CORS policy execution successful.
2025-08-13 12:36:31.009 +05:30 [INF] Executing endpoint 'AuthNet.Controllers.ProductsController.GetCategoryWiseProductCount (AuthNet)'
2025-08-13 12:36:31.009 +05:30 [INF] Route matched with {action = "GetCategoryWiseProductCount", controller = "Products"}. Executing controller action with signature System.Threading.Tasks.Task`1[Microsoft.AspNetCore.Mvc.IActionResult] GetCategoryWiseProductCount() on controller AuthNet.Controllers.ProductsController (AuthNet).
2025-08-13 12:36:31.030 +05:30 [INF] Executed DbCommand (18ms) [Parameters=[@__startDate_0='?' (DbType = DateTime2), @__endDate_1='?' (DbType = DateTime2)], CommandType='"Text"', CommandTimeout='30']
SELECT [s].[Id], [s].[ProductId], [s].[ProductName], [s].[Quantity], [s].[SaleId], [s].[TotalPrice], [s].[UnitPrice], [s0].[Id], [s0].[AfterTaxAmount], [s0].[CreatedAt], [s0].[DiscountedAmount], [s0].[InvoiceDate], [s0].[InvoiceNo], [s0].[PrincipalAmount], [s0].[Template], [s0].[TotalAmount]
FROM [SaleItems] AS [s]
INNER JOIN [Sales] AS [s0] ON [s].[SaleId] = [s0].[Id]
WHERE CONVERT(date, [s0].[InvoiceDate]) >= @__startDate_0 AND CONVERT(date, [s0].[InvoiceDate]) <= @__endDate_1
2025-08-13 12:36:31.051 +05:30 [INF] Executed DbCommand (14ms) [Parameters=[@__productIds_0='?' (Size = 4000)], CommandType='"Text"', CommandTimeout='30']
SELECT [p].[ProductId], [p].[CategoryId], [p].[CostPrice], [p].[Description], [p].[Name], [p].[ProductCode], [p].[ProductKey], [p].[SellPrice], [p].[SupplierId]
FROM [Products] AS [p]
WHERE [p].[ProductId] IN (
    SELECT [p0].[value]
    FROM OPENJSON(@__productIds_0) WITH ([value] int '$') AS [p0]
)
2025-08-13 12:36:31.052 +05:30 [INF] Executing OkObjectResult, writing value of type 'System.Collections.Generic.List`1[[AuthNet.Models.DTO.DailyProfitDto, AuthNet, Version=1.0.0.0, Culture=neutral, PublicKeyToken=null]]'.
2025-08-13 12:36:31.053 +05:30 [INF] Executed action AuthNet.Controllers.SalesController.GetWeeklyProfit (AuthNet) in 44.3875ms
2025-08-13 12:36:31.053 +05:30 [INF] Executed endpoint 'AuthNet.Controllers.SalesController.GetWeeklyProfit (AuthNet)'
2025-08-13 12:36:31.054 +05:30 [INF] Request finished HTTP/2 GET https://localhost:7165/api/Sales/WeeklyProfit - 200 null application/json; charset=utf-8 45.819ms
2025-08-13 12:36:31.194 +05:30 [INF] Executed DbCommand (112ms) [Parameters=[], CommandType='"Text"', CommandTimeout='30']
SELECT [c].[Name] AS [CategoryName], COUNT(*) AS [ProductCount]
FROM [Products] AS [p]
LEFT JOIN [Categories] AS [c] ON [p].[CategoryId] = [c].[CategoryId]
WHERE [c].[CategoryId] IS NOT NULL
GROUP BY [c].[Name]
2025-08-13 12:36:31.195 +05:30 [INF] Executing OkObjectResult, writing value of type 'System.Collections.Generic.List`1[[AuthNet.Models.DTO.CategoryProductCountDto, AuthNet, Version=1.0.0.0, Culture=neutral, PublicKeyToken=null]]'.
2025-08-13 12:36:31.195 +05:30 [INF] Executed action AuthNet.Controllers.ProductsController.GetCategoryWiseProductCount (AuthNet) in 186.5772ms
2025-08-13 12:36:31.196 +05:30 [INF] Executed endpoint 'AuthNet.Controllers.ProductsController.GetCategoryWiseProductCount (AuthNet)'
2025-08-13 12:36:31.196 +05:30 [INF] Request finished HTTP/2 GET https://localhost:7165/api/Products/CategoryWiseProductCount - 200 null application/json; charset=utf-8 188.0043ms
2025-08-13 12:42:36.386 +05:30 [INF] Request starting HTTP/1.1 GET https://localhost:7165/api/Products - null null
2025-08-13 12:42:36.387 +05:30 [INF] Executing endpoint 'AuthNet.Controllers.ProductsController.GetAll (AuthNet)'
2025-08-13 12:42:36.394 +05:30 [INF] Route matched with {action = "GetAll", controller = "Products"}. Executing controller action with signature System.Threading.Tasks.Task`1[Microsoft.AspNetCore.Mvc.IActionResult] GetAll() on controller AuthNet.Controllers.ProductsController (AuthNet).
2025-08-13 12:42:36.468 +05:30 [INF] Executed DbCommand (61ms) [Parameters=[], CommandType='"Text"', CommandTimeout='30']
SELECT [p].[ProductId], [p].[CategoryId], [p].[CostPrice], [p].[Description], [p].[Name], [p].[ProductCode], [p].[ProductKey], [p].[SellPrice], [p].[SupplierId]
FROM [Products] AS [p]
2025-08-13 12:42:36.469 +05:30 [INF] Executing OkObjectResult, writing value of type 'System.Collections.Generic.List`1[[AuthNet.Models.Domain.Product, AuthNet, Version=1.0.0.0, Culture=neutral, PublicKeyToken=null]]'.
2025-08-13 12:42:36.487 +05:30 [INF] Executed action AuthNet.Controllers.ProductsController.GetAll (AuthNet) in 92.701ms
2025-08-13 12:42:36.487 +05:30 [INF] Executed endpoint 'AuthNet.Controllers.ProductsController.GetAll (AuthNet)'
2025-08-13 12:42:36.488 +05:30 [INF] Request finished HTTP/1.1 GET https://localhost:7165/api/Products - 200 null application/json; charset=utf-8 102.202ms
2025-08-13 12:42:36.531 +05:30 [INF] Request starting HTTP/1.1 GET https://localhost:7165/api/InvoiceTemplates - null null
2025-08-13 12:42:36.532 +05:30 [INF] Executing endpoint 'AuthNet.Controllers.InvoiceTemplatesController.GetAll (AuthNet)'
2025-08-13 12:42:36.542 +05:30 [INF] Route matched with {action = "GetAll", controller = "InvoiceTemplates"}. Executing controller action with signature System.Threading.Tasks.Task`1[Microsoft.AspNetCore.Mvc.IActionResult] GetAll() on controller AuthNet.Controllers.InvoiceTemplatesController (AuthNet).
2025-08-13 12:42:36.597 +05:30 [INF] Executed DbCommand (37ms) [Parameters=[], CommandType='"Text"', CommandTimeout='30']
SELECT [i].[Id], [i].[Layout], [i].[Notes], [i].[TermsAndConditions]
FROM [InvoiceTemplates] AS [i]
2025-08-13 12:42:36.615 +05:30 [INF] Executing OkObjectResult, writing value of type 'System.Collections.Generic.List`1[[AuthNet.Models.Domain.InvoiceTemplate, AuthNet, Version=1.0.0.0, Culture=neutral, PublicKeyToken=null]]'.
2025-08-13 12:42:36.619 +05:30 [INF] Executed action AuthNet.Controllers.InvoiceTemplatesController.GetAll (AuthNet) in 76.3438ms
2025-08-13 12:42:36.619 +05:30 [INF] Executed endpoint 'AuthNet.Controllers.InvoiceTemplatesController.GetAll (AuthNet)'
2025-08-13 12:42:36.619 +05:30 [INF] Request finished HTTP/1.1 GET https://localhost:7165/api/InvoiceTemplates - 200 null application/json; charset=utf-8 88.468ms
2025-08-13 12:42:36.725 +05:30 [INF] Request starting HTTP/1.1 GET https://localhost:7165/api/categories - null null
2025-08-13 12:42:36.726 +05:30 [INF] Executing endpoint 'AuthNet.Controllers.CategoriesController.GetAll (AuthNet)'
2025-08-13 12:42:36.733 +05:30 [INF] Route matched with {action = "GetAll", controller = "Categories"}. Executing controller action with signature System.Threading.Tasks.Task`1[Microsoft.AspNetCore.Mvc.IActionResult] GetAll() on controller AuthNet.Controllers.CategoriesController (AuthNet).
2025-08-13 12:42:36.832 +05:30 [INF] Executed DbCommand (87ms) [Parameters=[], CommandType='"Text"', CommandTimeout='30']
SELECT [c].[CategoryId], [c].[Description], [c].[Name]
FROM [Categories] AS [c]
2025-08-13 12:42:36.845 +05:30 [INF] Executing OkObjectResult, writing value of type 'System.Collections.Generic.List`1[[AuthNet.Models.Domain.Category, AuthNet, Version=1.0.0.0, Culture=neutral, PublicKeyToken=null]]'.
2025-08-13 12:42:36.847 +05:30 [INF] Executed action AuthNet.Controllers.CategoriesController.GetAll (AuthNet) in 113.8754ms
2025-08-13 12:42:36.847 +05:30 [INF] Executed endpoint 'AuthNet.Controllers.CategoriesController.GetAll (AuthNet)'
2025-08-13 12:42:36.848 +05:30 [INF] Request finished HTTP/1.1 GET https://localhost:7165/api/categories - 200 null application/json; charset=utf-8 122.6292ms
2025-08-13 12:42:36.910 +05:30 [INF] Request starting HTTP/1.1 GET https://localhost:7165/api/Settings/Get - null null
2025-08-13 12:42:36.911 +05:30 [INF] Executing endpoint 'AuthNet.Controllers.SettingsController.GetCompanyInfo (AuthNet)'
2025-08-13 12:42:36.911 +05:30 [INF] Route matched with {action = "GetCompanyInfo", controller = "Settings"}. Executing controller action with signature System.Threading.Tasks.Task`1[Microsoft.AspNetCore.Mvc.IActionResult] GetCompanyInfo() on controller AuthNet.Controllers.SettingsController (AuthNet).
2025-08-13 12:42:36.929 +05:30 [INF] Executed DbCommand (14ms) [Parameters=[], CommandType='"Text"', CommandTimeout='30']
SELECT TOP(1) [c].[Id], [c].[Address], [c].[AlternateContactNumber], [c].[ContactNumber], [c].[Email], [c].[GSTIN], [c].[LogoFileExtension], [c].[LogoFilePath], [c].[LogoFileSizeInBytes], [c].[LogoName], [c].[Name], [c].[SignFileExtension], [c].[SignFilePath], [c].[SignFileSizeInBytes], [c].[SignName]
FROM [CompanyInfos] AS [c]
2025-08-13 12:42:36.929 +05:30 [INF] Executing OkObjectResult, writing value of type 'AuthNet.Models.DTO.CompanyInfoResponseDto'.
2025-08-13 12:42:36.929 +05:30 [INF] Executed action AuthNet.Controllers.SettingsController.GetCompanyInfo (AuthNet) in 18.4045ms
2025-08-13 12:42:36.930 +05:30 [INF] Executed endpoint 'AuthNet.Controllers.SettingsController.GetCompanyInfo (AuthNet)'
2025-08-13 12:42:36.930 +05:30 [INF] Request finished HTTP/1.1 GET https://localhost:7165/api/Settings/Get - 200 null application/json; charset=utf-8 20.2849ms
2025-08-13 12:42:37.103 +05:30 [INF] Request starting HTTP/1.1 GET https://localhost:7165/api/TaxSettings - null null
2025-08-13 12:42:37.104 +05:30 [INF] Executing endpoint 'AuthNet.Controllers.TaxSettingsController.GetAll (AuthNet)'
2025-08-13 12:42:37.109 +05:30 [INF] Route matched with {action = "GetAll", controller = "TaxSettings"}. Executing controller action with signature System.Threading.Tasks.Task`1[Microsoft.AspNetCore.Mvc.IActionResult] GetAll() on controller AuthNet.Controllers.TaxSettingsController (AuthNet).
2025-08-13 12:42:37.115 +05:30 [WRN] The query uses the 'First'/'FirstOrDefault' operator without 'OrderBy' and filter operators. This may lead to unpredictable results.
2025-08-13 12:42:37.168 +05:30 [INF] Executed DbCommand (46ms) [Parameters=[], CommandType='"Text"', CommandTimeout='30']
SELECT TOP(1) [t].[Id], [t].[CGST], [t].[IGST], [t].[SGST]
FROM [TaxSettings] AS [t]
2025-08-13 12:42:37.188 +05:30 [INF] Executing OkObjectResult, writing value of type 'AuthNet.Models.DTO.TaxSettingResponseDto'.
2025-08-13 12:42:37.191 +05:30 [INF] Executed action AuthNet.Controllers.TaxSettingsController.GetAll (AuthNet) in 81.2961ms
2025-08-13 12:42:37.191 +05:30 [INF] Executed endpoint 'AuthNet.Controllers.TaxSettingsController.GetAll (AuthNet)'
2025-08-13 12:42:37.191 +05:30 [INF] Request finished HTTP/1.1 GET https://localhost:7165/api/TaxSettings - 200 null application/json; charset=utf-8 88.3522ms
2025-08-13 12:42:44.506 +05:30 [INF] Request starting HTTP/1.1 GET https://localhost:7165/api/Products - null null
2025-08-13 12:42:44.507 +05:30 [INF] Executing endpoint 'AuthNet.Controllers.ProductsController.GetAll (AuthNet)'
2025-08-13 12:42:44.507 +05:30 [INF] Route matched with {action = "GetAll", controller = "Products"}. Executing controller action with signature System.Threading.Tasks.Task`1[Microsoft.AspNetCore.Mvc.IActionResult] GetAll() on controller AuthNet.Controllers.ProductsController (AuthNet).
2025-08-13 12:42:44.548 +05:30 [INF] Executed DbCommand (39ms) [Parameters=[], CommandType='"Text"', CommandTimeout='30']
SELECT [p].[ProductId], [p].[CategoryId], [p].[CostPrice], [p].[Description], [p].[Name], [p].[ProductCode], [p].[ProductKey], [p].[SellPrice], [p].[SupplierId]
FROM [Products] AS [p]
2025-08-13 12:42:44.548 +05:30 [INF] Executing OkObjectResult, writing value of type 'System.Collections.Generic.List`1[[AuthNet.Models.Domain.Product, AuthNet, Version=1.0.0.0, Culture=neutral, PublicKeyToken=null]]'.
2025-08-13 12:42:44.549 +05:30 [INF] Executed action AuthNet.Controllers.ProductsController.GetAll (AuthNet) in 41.5ms
2025-08-13 12:42:44.549 +05:30 [INF] Executed endpoint 'AuthNet.Controllers.ProductsController.GetAll (AuthNet)'
2025-08-13 12:42:44.549 +05:30 [INF] Request finished HTTP/1.1 GET https://localhost:7165/api/Products - 200 null application/json; charset=utf-8 43.3159ms
2025-08-13 12:42:44.574 +05:30 [INF] Request starting HTTP/1.1 GET https://localhost:7165/api/categories - null null
2025-08-13 12:42:44.575 +05:30 [INF] Executing endpoint 'AuthNet.Controllers.CategoriesController.GetAll (AuthNet)'
2025-08-13 12:42:44.575 +05:30 [INF] Route matched with {action = "GetAll", controller = "Categories"}. Executing controller action with signature System.Threading.Tasks.Task`1[Microsoft.AspNetCore.Mvc.IActionResult] GetAll() on controller AuthNet.Controllers.CategoriesController (AuthNet).
2025-08-13 12:42:44.582 +05:30 [INF] Executed DbCommand (6ms) [Parameters=[], CommandType='"Text"', CommandTimeout='30']
SELECT [c].[CategoryId], [c].[Description], [c].[Name]
FROM [Categories] AS [c]
2025-08-13 12:42:44.584 +05:30 [INF] Executing OkObjectResult, writing value of type 'System.Collections.Generic.List`1[[AuthNet.Models.Domain.Category, AuthNet, Version=1.0.0.0, Culture=neutral, PublicKeyToken=null]]'.
2025-08-13 12:42:44.584 +05:30 [INF] Executed action AuthNet.Controllers.CategoriesController.GetAll (AuthNet) in 9.3417ms
2025-08-13 12:42:44.585 +05:30 [INF] Executed endpoint 'AuthNet.Controllers.CategoriesController.GetAll (AuthNet)'
2025-08-13 12:42:44.585 +05:30 [INF] Request finished HTTP/1.1 GET https://localhost:7165/api/categories - 200 null application/json; charset=utf-8 11.6318ms
2025-08-13 12:42:44.610 +05:30 [INF] Request starting HTTP/1.1 GET https://localhost:7165/api/suppliers - null null
2025-08-13 12:42:44.612 +05:30 [INF] Executing endpoint 'AuthNet.Controllers.SuppliersController.GetAll (AuthNet)'
2025-08-13 12:42:44.628 +05:30 [INF] Route matched with {action = "GetAll", controller = "Suppliers"}. Executing controller action with signature System.Threading.Tasks.Task`1[Microsoft.AspNetCore.Mvc.IActionResult] GetAll() on controller AuthNet.Controllers.SuppliersController (AuthNet).
2025-08-13 12:42:44.654 +05:30 [INF] Executed DbCommand (7ms) [Parameters=[], CommandType='"Text"', CommandTimeout='30']
SELECT [s].[SupplierId], [s].[CompanyName], [s].[ContactName], [s].[Phone], [s].[Address]
FROM [Suppliers] AS [s]
2025-08-13 12:42:44.655 +05:30 [INF] Executing OkObjectResult, writing value of type 'System.Collections.Generic.List`1[[AuthNet.Models.DTO.SupplierViewModel, AuthNet, Version=1.0.0.0, Culture=neutral, PublicKeyToken=null]]'.
2025-08-13 12:42:44.658 +05:30 [INF] Executed action AuthNet.Controllers.SuppliersController.GetAll (AuthNet) in 29.2657ms
2025-08-13 12:42:44.658 +05:30 [INF] Executed endpoint 'AuthNet.Controllers.SuppliersController.GetAll (AuthNet)'
2025-08-13 12:42:44.658 +05:30 [INF] Request finished HTTP/1.1 GET https://localhost:7165/api/suppliers - 200 null application/json; charset=utf-8 47.8507ms
2025-08-13 12:42:56.448 +05:30 [INF] Request starting HTTP/1.1 GET https://localhost:7165/api/Inventory - null null
2025-08-13 12:42:56.453 +05:30 [INF] Executing endpoint 'AuthNet.Controllers.InventoryController.GetAll (AuthNet)'
2025-08-13 12:42:56.469 +05:30 [INF] Route matched with {action = "GetAll", controller = "Inventory"}. Executing controller action with signature System.Threading.Tasks.Task`1[Microsoft.AspNetCore.Mvc.IActionResult] GetAll() on controller AuthNet.Controllers.InventoryController (AuthNet).
2025-08-13 12:42:56.490 +05:30 [INF] Executed DbCommand (9ms) [Parameters=[], CommandType='"Text"', CommandTimeout='30']
SELECT [i].[InventoryId], [i].[LastUpdated], [i].[ProductId], [i].[QuantityInStock], [i].[ReorderLevel]
FROM [Inventories] AS [i]
2025-08-13 12:42:56.506 +05:30 [INF] Executing OkObjectResult, writing value of type 'System.Collections.Generic.List`1[[AuthNet.Models.Domain.Inventory, AuthNet, Version=1.0.0.0, Culture=neutral, PublicKeyToken=null]]'.
2025-08-13 12:42:56.510 +05:30 [INF] Executed action AuthNet.Controllers.InventoryController.GetAll (AuthNet) in 40.2846ms
2025-08-13 12:42:56.510 +05:30 [INF] Executed endpoint 'AuthNet.Controllers.InventoryController.GetAll (AuthNet)'
2025-08-13 12:42:56.510 +05:30 [INF] Request finished HTTP/1.1 GET https://localhost:7165/api/Inventory - 200 null application/json; charset=utf-8 62.4554ms
2025-08-13 12:42:56.540 +05:30 [INF] Request starting HTTP/1.1 GET https://localhost:7165/api/Products - null null
2025-08-13 12:42:56.540 +05:30 [INF] Executing endpoint 'AuthNet.Controllers.ProductsController.GetAll (AuthNet)'
2025-08-13 12:42:56.541 +05:30 [INF] Route matched with {action = "GetAll", controller = "Products"}. Executing controller action with signature System.Threading.Tasks.Task`1[Microsoft.AspNetCore.Mvc.IActionResult] GetAll() on controller AuthNet.Controllers.ProductsController (AuthNet).
2025-08-13 12:42:56.546 +05:30 [INF] Executed DbCommand (3ms) [Parameters=[], CommandType='"Text"', CommandTimeout='30']
SELECT [p].[ProductId], [p].[CategoryId], [p].[CostPrice], [p].[Description], [p].[Name], [p].[ProductCode], [p].[ProductKey], [p].[SellPrice], [p].[SupplierId]
FROM [Products] AS [p]
2025-08-13 12:42:56.547 +05:30 [INF] Executing OkObjectResult, writing value of type 'System.Collections.Generic.List`1[[AuthNet.Models.Domain.Product, AuthNet, Version=1.0.0.0, Culture=neutral, PublicKeyToken=null]]'.
2025-08-13 12:42:56.548 +05:30 [INF] Executed action AuthNet.Controllers.ProductsController.GetAll (AuthNet) in 7.1957ms
2025-08-13 12:42:56.548 +05:30 [INF] Executed endpoint 'AuthNet.Controllers.ProductsController.GetAll (AuthNet)'
2025-08-13 12:42:56.549 +05:30 [INF] Request finished HTTP/1.1 GET https://localhost:7165/api/Products - 200 null application/json; charset=utf-8 9.0275ms
2025-08-13 12:43:07.542 +05:30 [INF] Request starting HTTP/1.1 GET https://localhost:7165/api/Orders - null null
2025-08-13 12:43:07.542 +05:30 [INF] Executing endpoint 'AuthNet.Controllers.OrdersController.GetAll (AuthNet)'
2025-08-13 12:43:07.552 +05:30 [INF] Route matched with {action = "GetAll", controller = "Orders"}. Executing controller action with signature System.Threading.Tasks.Task`1[Microsoft.AspNetCore.Mvc.IActionResult] GetAll() on controller AuthNet.Controllers.OrdersController (AuthNet).
2025-08-13 12:43:07.573 +05:30 [INF] Executed DbCommand (5ms) [Parameters=[], CommandType='"Text"', CommandTimeout='30']
SELECT [o].[OrderId], [o].[CustomerId], [o].[UserId], [o].[OrderDate], [o].[TotalAmount]
FROM [Orders] AS [o]
2025-08-13 12:43:07.576 +05:30 [INF] Executing OkObjectResult, writing value of type 'System.Collections.Generic.List`1[[AuthNet.Models.DTO.OrderViewModel, AuthNet, Version=1.0.0.0, Culture=neutral, PublicKeyToken=null]]'.
2025-08-13 12:43:07.580 +05:30 [INF] Executed action AuthNet.Controllers.OrdersController.GetAll (AuthNet) in 27.8495ms
2025-08-13 12:43:07.580 +05:30 [INF] Executed endpoint 'AuthNet.Controllers.OrdersController.GetAll (AuthNet)'
2025-08-13 12:43:07.581 +05:30 [INF] Request finished HTTP/1.1 GET https://localhost:7165/api/Orders - 200 null application/json; charset=utf-8 38.9603ms
2025-08-13 12:43:07.613 +05:30 [INF] Request starting HTTP/1.1 GET https://localhost:7165/api/Users - null null
2025-08-13 12:43:07.614 +05:30 [INF] Executing endpoint 'AuthNet.Controllers.UsersController.GetAll (AuthNet)'
2025-08-13 12:43:07.621 +05:30 [INF] Route matched with {action = "GetAll", controller = "Users"}. Executing controller action with signature System.Threading.Tasks.Task`1[Microsoft.AspNetCore.Mvc.IActionResult] GetAll() on controller AuthNet.Controllers.UsersController (AuthNet).
2025-08-13 12:43:07.639 +05:30 [INF] Executed DbCommand (6ms) [Parameters=[], CommandType='"Text"', CommandTimeout='30']
SELECT [u].[UserId], [u].[Username], [u].[Firstname], [u].[Lastname], [u].[Email], [u].[Role], [u].[CreatedAt]
FROM [Users] AS [u]
2025-08-13 12:43:07.642 +05:30 [INF] Executing OkObjectResult, writing value of type 'System.Collections.Generic.List`1[[AuthNet.Models.DTO.UserViewModel, AuthNet, Version=1.0.0.0, Culture=neutral, PublicKeyToken=null]]'.
2025-08-13 12:43:07.645 +05:30 [INF] Executed action AuthNet.Controllers.UsersController.GetAll (AuthNet) in 23.732ms
2025-08-13 12:43:07.645 +05:30 [INF] Executed endpoint 'AuthNet.Controllers.UsersController.GetAll (AuthNet)'
2025-08-13 12:43:07.645 +05:30 [INF] Request finished HTTP/1.1 GET https://localhost:7165/api/Users - 200 null application/json; charset=utf-8 32.6549ms
2025-08-13 12:43:07.720 +05:30 [INF] Request starting HTTP/1.1 GET https://localhost:7165/api/Customers - null null
2025-08-13 12:43:07.721 +05:30 [INF] Executing endpoint 'AuthNet.Controllers.CustomersController.GetAll (AuthNet)'
2025-08-13 12:43:07.726 +05:30 [INF] Route matched with {action = "GetAll", controller = "Customers"}. Executing controller action with signature System.Threading.Tasks.Task`1[Microsoft.AspNetCore.Mvc.IActionResult] GetAll() on controller AuthNet.Controllers.CustomersController (AuthNet).
2025-08-13 12:43:07.752 +05:30 [INF] Executed DbCommand (11ms) [Parameters=[], CommandType='"Text"', CommandTimeout='30']
SELECT [c].[CustomerId], [c].[Name], [c].[Email], [c].[Phone], [c].[Address]
FROM [Customers] AS [c]
2025-08-13 12:43:07.754 +05:30 [INF] Executing OkObjectResult, writing value of type 'System.Collections.Generic.List`1[[AuthNet.Models.DTO.CustomerViewModel, AuthNet, Version=1.0.0.0, Culture=neutral, PublicKeyToken=null]]'.
2025-08-13 12:43:07.758 +05:30 [INF] Executed action AuthNet.Controllers.CustomersController.GetAll (AuthNet) in 31.7513ms
2025-08-13 12:43:07.758 +05:30 [INF] Executed endpoint 'AuthNet.Controllers.CustomersController.GetAll (AuthNet)'
2025-08-13 12:43:07.759 +05:30 [INF] Request finished HTTP/1.1 GET https://localhost:7165/api/Customers - 200 null application/json; charset=utf-8 38.3416ms
2025-08-13 12:44:08.995 +05:30 [INF] Request starting HTTP/1.1 GET https://localhost:7165/api/Purchase - null null
2025-08-13 12:44:09.008 +05:30 [INF] Executing endpoint 'AuthNet.Controllers.PurchaseController.GetAll (AuthNet)'
2025-08-13 12:44:09.023 +05:30 [INF] Route matched with {action = "GetAll", controller = "Purchase"}. Executing controller action with signature System.Threading.Tasks.Task`1[Microsoft.AspNetCore.Mvc.IActionResult] GetAll() on controller AuthNet.Controllers.PurchaseController (AuthNet).
2025-08-13 12:44:09.091 +05:30 [INF] Executed DbCommand (54ms) [Parameters=[], CommandType='"Text"', CommandTimeout='30']
SELECT [p].[PurchaseOrderId], [p].[SupplierId], [p].[CreatedByUserId], [p].[OrderDate], [p].[TotalAmount]
FROM [purchaseOrders] AS [p]
2025-08-13 12:44:09.094 +05:30 [INF] Executing OkObjectResult, writing value of type 'System.Collections.Generic.List`1[[AuthNet.Models.DTO.PurchaseViewModel, AuthNet, Version=1.0.0.0, Culture=neutral, PublicKeyToken=null]]'.
2025-08-13 12:44:09.100 +05:30 [INF] Executed action AuthNet.Controllers.PurchaseController.GetAll (AuthNet) in 76.8227ms
2025-08-13 12:44:09.100 +05:30 [INF] Executed endpoint 'AuthNet.Controllers.PurchaseController.GetAll (AuthNet)'
2025-08-13 12:44:09.100 +05:30 [INF] Request finished HTTP/1.1 GET https://localhost:7165/api/Purchase - 200 null application/json; charset=utf-8 105.6098ms
2025-08-13 12:44:09.149 +05:30 [INF] Request starting HTTP/1.1 GET https://localhost:7165/api/Users - null null
2025-08-13 12:44:09.149 +05:30 [INF] Executing endpoint 'AuthNet.Controllers.UsersController.GetAll (AuthNet)'
2025-08-13 12:44:09.149 +05:30 [INF] Route matched with {action = "GetAll", controller = "Users"}. Executing controller action with signature System.Threading.Tasks.Task`1[Microsoft.AspNetCore.Mvc.IActionResult] GetAll() on controller AuthNet.Controllers.UsersController (AuthNet).
2025-08-13 12:44:09.159 +05:30 [INF] Executed DbCommand (8ms) [Parameters=[], CommandType='"Text"', CommandTimeout='30']
SELECT [u].[UserId], [u].[Username], [u].[Firstname], [u].[Lastname], [u].[Email], [u].[Role], [u].[CreatedAt]
FROM [Users] AS [u]
2025-08-13 12:44:09.159 +05:30 [INF] Executing OkObjectResult, writing value of type 'System.Collections.Generic.List`1[[AuthNet.Models.DTO.UserViewModel, AuthNet, Version=1.0.0.0, Culture=neutral, PublicKeyToken=null]]'.
2025-08-13 12:44:09.159 +05:30 [INF] Executed action AuthNet.Controllers.UsersController.GetAll (AuthNet) in 10.1347ms
2025-08-13 12:44:09.159 +05:30 [INF] Executed endpoint 'AuthNet.Controllers.UsersController.GetAll (AuthNet)'
2025-08-13 12:44:09.160 +05:30 [INF] Request finished HTTP/1.1 GET https://localhost:7165/api/Users - 200 null application/json; charset=utf-8 11.3411ms
2025-08-13 12:44:09.177 +05:30 [INF] Request starting HTTP/1.1 GET https://localhost:7165/api/Suppliers - null null
2025-08-13 12:44:09.178 +05:30 [INF] Executing endpoint 'AuthNet.Controllers.SuppliersController.GetAll (AuthNet)'
2025-08-13 12:44:09.178 +05:30 [INF] Route matched with {action = "GetAll", controller = "Suppliers"}. Executing controller action with signature System.Threading.Tasks.Task`1[Microsoft.AspNetCore.Mvc.IActionResult] GetAll() on controller AuthNet.Controllers.SuppliersController (AuthNet).
2025-08-13 12:44:09.188 +05:30 [INF] Executed DbCommand (5ms) [Parameters=[], CommandType='"Text"', CommandTimeout='30']
SELECT [s].[SupplierId], [s].[CompanyName], [s].[ContactName], [s].[Phone], [s].[Address]
FROM [Suppliers] AS [s]
2025-08-13 12:44:09.189 +05:30 [INF] Executing OkObjectResult, writing value of type 'System.Collections.Generic.List`1[[AuthNet.Models.DTO.SupplierViewModel, AuthNet, Version=1.0.0.0, Culture=neutral, PublicKeyToken=null]]'.
2025-08-13 12:44:09.189 +05:30 [INF] Executed action AuthNet.Controllers.SuppliersController.GetAll (AuthNet) in 10.7563ms
2025-08-13 12:44:09.189 +05:30 [INF] Executed endpoint 'AuthNet.Controllers.SuppliersController.GetAll (AuthNet)'
2025-08-13 12:44:09.190 +05:30 [INF] Request finished HTTP/1.1 GET https://localhost:7165/api/Suppliers - 200 null application/json; charset=utf-8 12.4734ms
2025-08-13 12:44:20.877 +05:30 [INF] Request starting HTTP/1.1 GET https://localhost:7165/api/OrderItems/grouped - null null
2025-08-13 12:44:20.877 +05:30 [INF] Executing endpoint 'AuthNet.Controllers.OrderItemsController.GetGroupedOrderItems (AuthNet)'
2025-08-13 12:44:20.889 +05:30 [INF] Route matched with {action = "GetGroupedOrderItems", controller = "OrderItems"}. Executing controller action with signature System.Threading.Tasks.Task`1[Microsoft.AspNetCore.Mvc.IActionResult] GetGroupedOrderItems() on controller AuthNet.Controllers.OrderItemsController (AuthNet).
2025-08-13 12:44:20.984 +05:30 [INF] Executed DbCommand (26ms) [Parameters=[], CommandType='"Text"', CommandTimeout='30']
SELECT [o].[OrderItemId], [o].[OrderId], [o].[ProductId], [o].[Quantity], [o].[UnitPrice], [p].[ProductId], [p].[CategoryId], [p].[CostPrice], [p].[Description], [p].[Name], [p].[ProductCode], [p].[ProductKey], [p].[SellPrice], [p].[SupplierId], [o0].[OrderId], [o0].[CustomerId], [o0].[OrderDate], [o0].[TotalAmount], [o0].[UserId], [c].[CustomerId], [c].[Address], [c].[Email], [c].[Name], [c].[Phone]
FROM [OrderItems] AS [o]
INNER JOIN [Products] AS [p] ON [o].[ProductId] = [p].[ProductId]
INNER JOIN [Orders] AS [o0] ON [o].[OrderId] = [o0].[OrderId]
INNER JOIN [Customers] AS [c] ON [o0].[CustomerId] = [c].[CustomerId]
2025-08-13 12:44:20.991 +05:30 [INF] Executing OkObjectResult, writing value of type 'System.Linq.Enumerable+SelectEnumerableIterator`2[[System.Linq.IGrouping`2[[System.Int32, System.Private.CoreLib, Version=8.0.0.0, Culture=neutral, PublicKeyToken=7cec85d7bea7798e],[AuthNet.Models.Domain.OrderItem, AuthNet, Version=1.0.0.0, Culture=neutral, PublicKeyToken=null]], System.Linq, Version=8.0.0.0, Culture=neutral, PublicKeyToken=b03f5f7f11d50a3a],[AuthNet.Models.DTO.OrderWithItemsDto, AuthNet, Version=1.0.0.0, Culture=neutral, PublicKeyToken=null]]'.
2025-08-13 12:44:21.014 +05:30 [INF] Executed action AuthNet.Controllers.OrderItemsController.GetGroupedOrderItems (AuthNet) in 124.9653ms
2025-08-13 12:44:21.014 +05:30 [INF] Executed endpoint 'AuthNet.Controllers.OrderItemsController.GetGroupedOrderItems (AuthNet)'
2025-08-13 12:44:21.014 +05:30 [INF] Request finished HTTP/1.1 GET https://localhost:7165/api/OrderItems/grouped - 200 null application/json; charset=utf-8 137.3561ms
2025-08-13 12:44:42.815 +05:30 [INF] Request starting HTTP/1.1 GET https://localhost:7165/api/Categories - null null
2025-08-13 12:44:42.815 +05:30 [INF] Executing endpoint 'AuthNet.Controllers.CategoriesController.GetAll (AuthNet)'
2025-08-13 12:44:42.815 +05:30 [INF] Route matched with {action = "GetAll", controller = "Categories"}. Executing controller action with signature System.Threading.Tasks.Task`1[Microsoft.AspNetCore.Mvc.IActionResult] GetAll() on controller AuthNet.Controllers.CategoriesController (AuthNet).
2025-08-13 12:44:42.820 +05:30 [INF] Executed DbCommand (4ms) [Parameters=[], CommandType='"Text"', CommandTimeout='30']
SELECT [c].[CategoryId], [c].[Description], [c].[Name]
FROM [Categories] AS [c]
2025-08-13 12:44:42.821 +05:30 [INF] Executing OkObjectResult, writing value of type 'System.Collections.Generic.List`1[[AuthNet.Models.Domain.Category, AuthNet, Version=1.0.0.0, Culture=neutral, PublicKeyToken=null]]'.
2025-08-13 12:44:42.821 +05:30 [INF] Executed action AuthNet.Controllers.CategoriesController.GetAll (AuthNet) in 6.1752ms
2025-08-13 12:44:42.821 +05:30 [INF] Executed endpoint 'AuthNet.Controllers.CategoriesController.GetAll (AuthNet)'
2025-08-13 12:44:42.822 +05:30 [INF] Request finished HTTP/1.1 GET https://localhost:7165/api/Categories - 200 null application/json; charset=utf-8 7.1577ms
2025-08-13 12:44:57.083 +05:30 [INF] Request starting HTTP/1.1 GET https://localhost:7165/api/Sales/Daily - null null
2025-08-13 12:44:57.084 +05:30 [INF] Executing endpoint 'AuthNet.Controllers.SalesController.GetDailySales (AuthNet)'
2025-08-13 12:44:57.098 +05:30 [INF] Route matched with {action = "GetDailySales", controller = "Sales"}. Executing controller action with signature System.Threading.Tasks.Task`1[Microsoft.AspNetCore.Mvc.IActionResult] GetDailySales() on controller AuthNet.Controllers.SalesController (AuthNet).
2025-08-13 12:44:57.184 +05:30 [INF] Executed DbCommand (21ms) [Parameters=[@__today_0='?' (DbType = DateTime2)], CommandType='"Text"', CommandTimeout='30']
SELECT [s].[Id], [s].[AfterTaxAmount], [s].[CreatedAt], [s].[DiscountedAmount], [s].[InvoiceDate], [s].[InvoiceNo], [s].[PrincipalAmount], [s].[Template], [s].[TotalAmount], [s0].[Id], [s0].[ProductId], [s0].[ProductName], [s0].[Quantity], [s0].[SaleId], [s0].[TotalPrice], [s0].[UnitPrice]
FROM [Sales] AS [s]
LEFT JOIN [SaleItems] AS [s0] ON [s].[Id] = [s0].[SaleId]
WHERE CONVERT(date, [s].[InvoiceDate]) = @__today_0
ORDER BY [s].[Id]
2025-08-13 12:44:57.190 +05:30 [INF] Executing OkObjectResult, writing value of type 'AuthNet.Models.DTO.ReportResultDto'.
2025-08-13 12:44:57.195 +05:30 [INF] Executed action AuthNet.Controllers.SalesController.GetDailySales (AuthNet) in 97.2092ms
2025-08-13 12:44:57.195 +05:30 [INF] Executed endpoint 'AuthNet.Controllers.SalesController.GetDailySales (AuthNet)'
2025-08-13 12:44:57.195 +05:30 [INF] Request finished HTTP/1.1 GET https://localhost:7165/api/Sales/Daily - 200 null application/json; charset=utf-8 112.5741ms
2025-08-13 12:45:13.582 +05:30 [INF] Request starting HTTP/1.1 GET https://localhost:7165/api/Customers - null null
2025-08-13 12:45:13.582 +05:30 [INF] Executing endpoint 'AuthNet.Controllers.CustomersController.GetAll (AuthNet)'
2025-08-13 12:45:13.583 +05:30 [INF] Route matched with {action = "GetAll", controller = "Customers"}. Executing controller action with signature System.Threading.Tasks.Task`1[Microsoft.AspNetCore.Mvc.IActionResult] GetAll() on controller AuthNet.Controllers.CustomersController (AuthNet).
2025-08-13 12:45:13.591 +05:30 [INF] Executed DbCommand (6ms) [Parameters=[], CommandType='"Text"', CommandTimeout='30']
SELECT [c].[CustomerId], [c].[Name], [c].[Email], [c].[Phone], [c].[Address]
FROM [Customers] AS [c]
2025-08-13 12:45:13.592 +05:30 [INF] Executing OkObjectResult, writing value of type 'System.Collections.Generic.List`1[[AuthNet.Models.DTO.CustomerViewModel, AuthNet, Version=1.0.0.0, Culture=neutral, PublicKeyToken=null]]'.
2025-08-13 12:45:13.592 +05:30 [INF] Executed action AuthNet.Controllers.CustomersController.GetAll (AuthNet) in 9.3921ms
2025-08-13 12:45:13.592 +05:30 [INF] Executed endpoint 'AuthNet.Controllers.CustomersController.GetAll (AuthNet)'
2025-08-13 12:45:13.592 +05:30 [INF] Request finished HTTP/1.1 GET https://localhost:7165/api/Customers - 200 null application/json; charset=utf-8 10.4554ms
2025-08-13 12:45:27.786 +05:30 [INF] Request starting HTTP/1.1 GET https://localhost:7165/api/Customers - null null
2025-08-13 12:45:27.786 +05:30 [INF] Executing endpoint 'AuthNet.Controllers.CustomersController.GetAll (AuthNet)'
2025-08-13 12:45:27.786 +05:30 [INF] Route matched with {action = "GetAll", controller = "Customers"}. Executing controller action with signature System.Threading.Tasks.Task`1[Microsoft.AspNetCore.Mvc.IActionResult] GetAll() on controller AuthNet.Controllers.CustomersController (AuthNet).
2025-08-13 12:45:27.798 +05:30 [INF] Executed DbCommand (8ms) [Parameters=[], CommandType='"Text"', CommandTimeout='30']
SELECT [c].[CustomerId], [c].[Name], [c].[Email], [c].[Phone], [c].[Address]
FROM [Customers] AS [c]
2025-08-13 12:45:27.798 +05:30 [INF] Executing OkObjectResult, writing value of type 'System.Collections.Generic.List`1[[AuthNet.Models.DTO.CustomerViewModel, AuthNet, Version=1.0.0.0, Culture=neutral, PublicKeyToken=null]]'.
2025-08-13 12:45:27.799 +05:30 [INF] Executed action AuthNet.Controllers.CustomersController.GetAll (AuthNet) in 12.3206ms
2025-08-13 12:45:27.799 +05:30 [INF] Executed endpoint 'AuthNet.Controllers.CustomersController.GetAll (AuthNet)'
2025-08-13 12:45:27.799 +05:30 [INF] Request finished HTTP/1.1 GET https://localhost:7165/api/Customers - 200 null application/json; charset=utf-8 14.1561ms
2025-08-13 12:45:49.668 +05:30 [INF] Request starting HTTP/1.1 GET https://localhost:7165/api/Suppliers - null null
2025-08-13 12:45:49.668 +05:30 [INF] Executing endpoint 'AuthNet.Controllers.SuppliersController.GetAll (AuthNet)'
2025-08-13 12:45:49.669 +05:30 [INF] Route matched with {action = "GetAll", controller = "Suppliers"}. Executing controller action with signature System.Threading.Tasks.Task`1[Microsoft.AspNetCore.Mvc.IActionResult] GetAll() on controller AuthNet.Controllers.SuppliersController (AuthNet).
2025-08-13 12:45:49.680 +05:30 [INF] Executed DbCommand (9ms) [Parameters=[], CommandType='"Text"', CommandTimeout='30']
SELECT [s].[SupplierId], [s].[CompanyName], [s].[ContactName], [s].[Phone], [s].[Address]
FROM [Suppliers] AS [s]
2025-08-13 12:45:49.681 +05:30 [INF] Executing OkObjectResult, writing value of type 'System.Collections.Generic.List`1[[AuthNet.Models.DTO.SupplierViewModel, AuthNet, Version=1.0.0.0, Culture=neutral, PublicKeyToken=null]]'.
2025-08-13 12:45:49.681 +05:30 [INF] Executed action AuthNet.Controllers.SuppliersController.GetAll (AuthNet) in 12.1328ms
2025-08-13 12:45:49.681 +05:30 [INF] Executed endpoint 'AuthNet.Controllers.SuppliersController.GetAll (AuthNet)'
2025-08-13 12:45:49.681 +05:30 [INF] Request finished HTTP/1.1 GET https://localhost:7165/api/Suppliers - 200 null application/json; charset=utf-8 13.8151ms
2025-08-13 12:45:55.848 +05:30 [INF] Request starting HTTP/1.1 GET https://localhost:7165/api/Categories - null null
2025-08-13 12:45:55.848 +05:30 [INF] Executing endpoint 'AuthNet.Controllers.CategoriesController.GetAll (AuthNet)'
2025-08-13 12:45:55.849 +05:30 [INF] Route matched with {action = "GetAll", controller = "Categories"}. Executing controller action with signature System.Threading.Tasks.Task`1[Microsoft.AspNetCore.Mvc.IActionResult] GetAll() on controller AuthNet.Controllers.CategoriesController (AuthNet).
2025-08-13 12:45:55.870 +05:30 [INF] Executed DbCommand (19ms) [Parameters=[], CommandType='"Text"', CommandTimeout='30']
SELECT [c].[CategoryId], [c].[Description], [c].[Name]
FROM [Categories] AS [c]
2025-08-13 12:45:55.870 +05:30 [INF] Executing OkObjectResult, writing value of type 'System.Collections.Generic.List`1[[AuthNet.Models.Domain.Category, AuthNet, Version=1.0.0.0, Culture=neutral, PublicKeyToken=null]]'.
2025-08-13 12:45:55.870 +05:30 [INF] Executed action AuthNet.Controllers.CategoriesController.GetAll (AuthNet) in 21.7299ms
2025-08-13 12:45:55.871 +05:30 [INF] Executed endpoint 'AuthNet.Controllers.CategoriesController.GetAll (AuthNet)'
2025-08-13 12:45:55.871 +05:30 [INF] Request finished HTTP/1.1 GET https://localhost:7165/api/Categories - 200 null application/json; charset=utf-8 23.1836ms
2025-08-13 12:46:03.754 +05:30 [INF] Request starting HTTP/1.1 GET https://localhost:7165/api/Tasks - null null
2025-08-13 12:46:03.755 +05:30 [INF] Executing endpoint 'AuthNet.Controllers.TasksController.GetTasks (AuthNet)'
2025-08-13 12:46:03.755 +05:30 [INF] Route matched with {action = "GetTasks", controller = "Tasks"}. Executing controller action with signature Microsoft.AspNetCore.Mvc.IActionResult GetTasks() on controller AuthNet.Controllers.TasksController (AuthNet).
2025-08-13 12:46:03.805 +05:30 [INF] Executed DbCommand (44ms) [Parameters=[], CommandType='"Text"', CommandTimeout='30']
SELECT [t].[Id], [t].[Title], [t].[DueDate]
FROM [Tasks] AS [t]
2025-08-13 12:46:03.805 +05:30 [INF] Executing OkObjectResult, writing value of type 'System.Collections.Generic.List`1[[AuthNet.Models.DTO.TaskItemDto, AuthNet, Version=1.0.0.0, Culture=neutral, PublicKeyToken=null]]'.
2025-08-13 12:46:03.805 +05:30 [INF] Executed action AuthNet.Controllers.TasksController.GetTasks (AuthNet) in 50.2161ms
2025-08-13 12:46:03.805 +05:30 [INF] Executed endpoint 'AuthNet.Controllers.TasksController.GetTasks (AuthNet)'
2025-08-13 12:46:03.805 +05:30 [INF] Request finished HTTP/1.1 GET https://localhost:7165/api/Tasks - 200 null application/json; charset=utf-8 51.6347ms
2025-08-13 12:46:19.348 +05:30 [INF] Request starting HTTP/1.1 GET https://localhost:7165/api/Products - null null
2025-08-13 12:46:19.348 +05:30 [INF] Executing endpoint 'AuthNet.Controllers.ProductsController.GetAll (AuthNet)'
2025-08-13 12:46:19.349 +05:30 [INF] Route matched with {action = "GetAll", controller = "Products"}. Executing controller action with signature System.Threading.Tasks.Task`1[Microsoft.AspNetCore.Mvc.IActionResult] GetAll() on controller AuthNet.Controllers.ProductsController (AuthNet).
2025-08-13 12:46:19.364 +05:30 [INF] Executed DbCommand (14ms) [Parameters=[], CommandType='"Text"', CommandTimeout='30']
SELECT [p].[ProductId], [p].[CategoryId], [p].[CostPrice], [p].[Description], [p].[Name], [p].[ProductCode], [p].[ProductKey], [p].[SellPrice], [p].[SupplierId]
FROM [Products] AS [p]
2025-08-13 12:46:19.365 +05:30 [INF] Executing OkObjectResult, writing value of type 'System.Collections.Generic.List`1[[AuthNet.Models.Domain.Product, AuthNet, Version=1.0.0.0, Culture=neutral, PublicKeyToken=null]]'.
2025-08-13 12:46:19.366 +05:30 [INF] Executed action AuthNet.Controllers.ProductsController.GetAll (AuthNet) in 17.2357ms
2025-08-13 12:46:19.366 +05:30 [INF] Executed endpoint 'AuthNet.Controllers.ProductsController.GetAll (AuthNet)'
2025-08-13 12:46:19.366 +05:30 [INF] Request finished HTTP/1.1 GET https://localhost:7165/api/Products - 200 null application/json; charset=utf-8 18.3196ms
2025-08-13 12:46:19.404 +05:30 [INF] Request starting HTTP/1.1 GET https://localhost:7165/api/InvoiceTemplates - null null
2025-08-13 12:46:19.405 +05:30 [INF] Executing endpoint 'AuthNet.Controllers.InvoiceTemplatesController.GetAll (AuthNet)'
2025-08-13 12:46:19.405 +05:30 [INF] Route matched with {action = "GetAll", controller = "InvoiceTemplates"}. Executing controller action with signature System.Threading.Tasks.Task`1[Microsoft.AspNetCore.Mvc.IActionResult] GetAll() on controller AuthNet.Controllers.InvoiceTemplatesController (AuthNet).
2025-08-13 12:46:19.414 +05:30 [INF] Executed DbCommand (5ms) [Parameters=[], CommandType='"Text"', CommandTimeout='30']
SELECT [i].[Id], [i].[Layout], [i].[Notes], [i].[TermsAndConditions]
FROM [InvoiceTemplates] AS [i]
2025-08-13 12:46:19.415 +05:30 [INF] Executing OkObjectResult, writing value of type 'System.Collections.Generic.List`1[[AuthNet.Models.Domain.InvoiceTemplate, AuthNet, Version=1.0.0.0, Culture=neutral, PublicKeyToken=null]]'.
2025-08-13 12:46:19.415 +05:30 [INF] Executed action AuthNet.Controllers.InvoiceTemplatesController.GetAll (AuthNet) in 9.3913ms
2025-08-13 12:46:19.415 +05:30 [INF] Executed endpoint 'AuthNet.Controllers.InvoiceTemplatesController.GetAll (AuthNet)'
2025-08-13 12:46:19.415 +05:30 [INF] Request finished HTTP/1.1 GET https://localhost:7165/api/InvoiceTemplates - 200 null application/json; charset=utf-8 10.8899ms
2025-08-13 12:46:19.437 +05:30 [INF] Request starting HTTP/1.1 GET https://localhost:7165/api/categories - null null
2025-08-13 12:46:19.437 +05:30 [INF] Executing endpoint 'AuthNet.Controllers.CategoriesController.GetAll (AuthNet)'
2025-08-13 12:46:19.437 +05:30 [INF] Route matched with {action = "GetAll", controller = "Categories"}. Executing controller action with signature System.Threading.Tasks.Task`1[Microsoft.AspNetCore.Mvc.IActionResult] GetAll() on controller AuthNet.Controllers.CategoriesController (AuthNet).
2025-08-13 12:46:19.454 +05:30 [INF] Executed DbCommand (16ms) [Parameters=[], CommandType='"Text"', CommandTimeout='30']
SELECT [c].[CategoryId], [c].[Description], [c].[Name]
FROM [Categories] AS [c]
2025-08-13 12:46:19.455 +05:30 [INF] Executing OkObjectResult, writing value of type 'System.Collections.Generic.List`1[[AuthNet.Models.Domain.Category, AuthNet, Version=1.0.0.0, Culture=neutral, PublicKeyToken=null]]'.
2025-08-13 12:46:19.455 +05:30 [INF] Executed action AuthNet.Controllers.CategoriesController.GetAll (AuthNet) in 17.6385ms
2025-08-13 12:46:19.455 +05:30 [INF] Executed endpoint 'AuthNet.Controllers.CategoriesController.GetAll (AuthNet)'
2025-08-13 12:46:19.455 +05:30 [INF] Request finished HTTP/1.1 GET https://localhost:7165/api/categories - 200 null application/json; charset=utf-8 18.6543ms
2025-08-13 12:46:19.480 +05:30 [INF] Request starting HTTP/1.1 GET https://localhost:7165/api/Settings/Get - null null
2025-08-13 12:46:19.480 +05:30 [INF] Executing endpoint 'AuthNet.Controllers.SettingsController.GetCompanyInfo (AuthNet)'
2025-08-13 12:46:19.480 +05:30 [INF] Route matched with {action = "GetCompanyInfo", controller = "Settings"}. Executing controller action with signature System.Threading.Tasks.Task`1[Microsoft.AspNetCore.Mvc.IActionResult] GetCompanyInfo() on controller AuthNet.Controllers.SettingsController (AuthNet).
2025-08-13 12:46:19.487 +05:30 [INF] Executed DbCommand (6ms) [Parameters=[], CommandType='"Text"', CommandTimeout='30']
SELECT TOP(1) [c].[Id], [c].[Address], [c].[AlternateContactNumber], [c].[ContactNumber], [c].[Email], [c].[GSTIN], [c].[LogoFileExtension], [c].[LogoFilePath], [c].[LogoFileSizeInBytes], [c].[LogoName], [c].[Name], [c].[SignFileExtension], [c].[SignFilePath], [c].[SignFileSizeInBytes], [c].[SignName]
FROM [CompanyInfos] AS [c]
2025-08-13 12:46:19.488 +05:30 [INF] Executing OkObjectResult, writing value of type 'AuthNet.Models.DTO.CompanyInfoResponseDto'.
2025-08-13 12:46:19.488 +05:30 [INF] Executed action AuthNet.Controllers.SettingsController.GetCompanyInfo (AuthNet) in 7.8437ms
2025-08-13 12:46:19.488 +05:30 [INF] Executed endpoint 'AuthNet.Controllers.SettingsController.GetCompanyInfo (AuthNet)'
2025-08-13 12:46:19.489 +05:30 [INF] Request finished HTTP/1.1 GET https://localhost:7165/api/Settings/Get - 200 null application/json; charset=utf-8 9.256ms
2025-08-13 12:46:19.513 +05:30 [INF] Request starting HTTP/1.1 GET https://localhost:7165/api/TaxSettings - null null
2025-08-13 12:46:19.513 +05:30 [INF] Executing endpoint 'AuthNet.Controllers.TaxSettingsController.GetAll (AuthNet)'
2025-08-13 12:46:19.513 +05:30 [INF] Route matched with {action = "GetAll", controller = "TaxSettings"}. Executing controller action with signature System.Threading.Tasks.Task`1[Microsoft.AspNetCore.Mvc.IActionResult] GetAll() on controller AuthNet.Controllers.TaxSettingsController (AuthNet).
2025-08-13 12:46:19.521 +05:30 [INF] Executed DbCommand (5ms) [Parameters=[], CommandType='"Text"', CommandTimeout='30']
SELECT TOP(1) [t].[Id], [t].[CGST], [t].[IGST], [t].[SGST]
FROM [TaxSettings] AS [t]
2025-08-13 12:46:19.524 +05:30 [INF] Executing OkObjectResult, writing value of type 'AuthNet.Models.DTO.TaxSettingResponseDto'.
2025-08-13 12:46:19.526 +05:30 [INF] Executed action AuthNet.Controllers.TaxSettingsController.GetAll (AuthNet) in 12.2444ms
2025-08-13 12:46:19.526 +05:30 [INF] Executed endpoint 'AuthNet.Controllers.TaxSettingsController.GetAll (AuthNet)'
2025-08-13 12:46:19.526 +05:30 [INF] Request finished HTTP/1.1 GET https://localhost:7165/api/TaxSettings - 200 null application/json; charset=utf-8 13.8736ms
2025-08-13 12:48:29.824 +05:30 [INF] Request starting HTTP/1.1 GET https://localhost:7165/api/Inventory - null null
2025-08-13 12:48:29.825 +05:30 [INF] Executing endpoint 'AuthNet.Controllers.InventoryController.GetAll (AuthNet)'
2025-08-13 12:48:29.825 +05:30 [INF] Route matched with {action = "GetAll", controller = "Inventory"}. Executing controller action with signature System.Threading.Tasks.Task`1[Microsoft.AspNetCore.Mvc.IActionResult] GetAll() on controller AuthNet.Controllers.InventoryController (AuthNet).
2025-08-13 12:48:29.872 +05:30 [INF] Executed DbCommand (44ms) [Parameters=[], CommandType='"Text"', CommandTimeout='30']
SELECT [i].[InventoryId], [i].[LastUpdated], [i].[ProductId], [i].[QuantityInStock], [i].[ReorderLevel]
FROM [Inventories] AS [i]
2025-08-13 12:48:29.873 +05:30 [INF] Executing OkObjectResult, writing value of type 'System.Collections.Generic.List`1[[AuthNet.Models.Domain.Inventory, AuthNet, Version=1.0.0.0, Culture=neutral, PublicKeyToken=null]]'.
2025-08-13 12:48:29.873 +05:30 [INF] Executed action AuthNet.Controllers.InventoryController.GetAll (AuthNet) in 48.4805ms
2025-08-13 12:48:29.873 +05:30 [INF] Executed endpoint 'AuthNet.Controllers.InventoryController.GetAll (AuthNet)'
2025-08-13 12:48:29.874 +05:30 [INF] Request finished HTTP/1.1 GET https://localhost:7165/api/Inventory - 200 null application/json; charset=utf-8 49.4258ms
2025-08-13 12:48:29.907 +05:30 [INF] Request starting HTTP/1.1 GET https://localhost:7165/api/Products - null null
2025-08-13 12:48:29.908 +05:30 [INF] Executing endpoint 'AuthNet.Controllers.ProductsController.GetAll (AuthNet)'
2025-08-13 12:48:29.908 +05:30 [INF] Route matched with {action = "GetAll", controller = "Products"}. Executing controller action with signature System.Threading.Tasks.Task`1[Microsoft.AspNetCore.Mvc.IActionResult] GetAll() on controller AuthNet.Controllers.ProductsController (AuthNet).
2025-08-13 12:48:29.918 +05:30 [INF] Executed DbCommand (5ms) [Parameters=[], CommandType='"Text"', CommandTimeout='30']
SELECT [p].[ProductId], [p].[CategoryId], [p].[CostPrice], [p].[Description], [p].[Name], [p].[ProductCode], [p].[ProductKey], [p].[SellPrice], [p].[SupplierId]
FROM [Products] AS [p]
2025-08-13 12:48:29.919 +05:30 [INF] Executing OkObjectResult, writing value of type 'System.Collections.Generic.List`1[[AuthNet.Models.Domain.Product, AuthNet, Version=1.0.0.0, Culture=neutral, PublicKeyToken=null]]'.
2025-08-13 12:48:29.920 +05:30 [INF] Executed action AuthNet.Controllers.ProductsController.GetAll (AuthNet) in 11.2042ms
2025-08-13 12:48:29.920 +05:30 [INF] Executed endpoint 'AuthNet.Controllers.ProductsController.GetAll (AuthNet)'
2025-08-13 12:48:29.920 +05:30 [INF] Request finished HTTP/1.1 GET https://localhost:7165/api/Products - 200 null application/json; charset=utf-8 13.1781ms
2025-08-13 12:48:33.317 +05:30 [INF] Request starting HTTP/1.1 GET https://localhost:7165/api/Products - null null
2025-08-13 12:48:33.320 +05:30 [INF] Executing endpoint 'AuthNet.Controllers.ProductsController.GetAll (AuthNet)'
2025-08-13 12:48:33.321 +05:30 [INF] Route matched with {action = "GetAll", controller = "Products"}. Executing controller action with signature System.Threading.Tasks.Task`1[Microsoft.AspNetCore.Mvc.IActionResult] GetAll() on controller AuthNet.Controllers.ProductsController (AuthNet).
2025-08-13 12:48:33.366 +05:30 [INF] Executed DbCommand (41ms) [Parameters=[], CommandType='"Text"', CommandTimeout='30']
SELECT [p].[ProductId], [p].[CategoryId], [p].[CostPrice], [p].[Description], [p].[Name], [p].[ProductCode], [p].[ProductKey], [p].[SellPrice], [p].[SupplierId]
FROM [Products] AS [p]
2025-08-13 12:48:33.367 +05:30 [INF] Executing OkObjectResult, writing value of type 'System.Collections.Generic.List`1[[AuthNet.Models.Domain.Product, AuthNet, Version=1.0.0.0, Culture=neutral, PublicKeyToken=null]]'.
2025-08-13 12:48:33.367 +05:30 [INF] Executed action AuthNet.Controllers.ProductsController.GetAll (AuthNet) in 45.606ms
2025-08-13 12:48:33.367 +05:30 [INF] Executed endpoint 'AuthNet.Controllers.ProductsController.GetAll (AuthNet)'
2025-08-13 12:48:33.367 +05:30 [INF] Request finished HTTP/1.1 GET https://localhost:7165/api/Products - 200 null application/json; charset=utf-8 50.6783ms
2025-08-13 12:48:33.391 +05:30 [INF] Request starting HTTP/1.1 GET https://localhost:7165/api/InvoiceTemplates - null null
2025-08-13 12:48:33.392 +05:30 [INF] Executing endpoint 'AuthNet.Controllers.InvoiceTemplatesController.GetAll (AuthNet)'
2025-08-13 12:48:33.392 +05:30 [INF] Route matched with {action = "GetAll", controller = "InvoiceTemplates"}. Executing controller action with signature System.Threading.Tasks.Task`1[Microsoft.AspNetCore.Mvc.IActionResult] GetAll() on controller AuthNet.Controllers.InvoiceTemplatesController (AuthNet).
2025-08-13 12:48:33.404 +05:30 [INF] Executed DbCommand (9ms) [Parameters=[], CommandType='"Text"', CommandTimeout='30']
SELECT [i].[Id], [i].[Layout], [i].[Notes], [i].[TermsAndConditions]
FROM [InvoiceTemplates] AS [i]
2025-08-13 12:48:33.404 +05:30 [INF] Executing OkObjectResult, writing value of type 'System.Collections.Generic.List`1[[AuthNet.Models.Domain.InvoiceTemplate, AuthNet, Version=1.0.0.0, Culture=neutral, PublicKeyToken=null]]'.
2025-08-13 12:48:33.405 +05:30 [INF] Executed action AuthNet.Controllers.InvoiceTemplatesController.GetAll (AuthNet) in 12.6932ms
2025-08-13 12:48:33.405 +05:30 [INF] Executed endpoint 'AuthNet.Controllers.InvoiceTemplatesController.GetAll (AuthNet)'
2025-08-13 12:48:33.405 +05:30 [INF] Request finished HTTP/1.1 GET https://localhost:7165/api/InvoiceTemplates - 200 null application/json; charset=utf-8 13.8324ms
2025-08-13 12:48:33.427 +05:30 [INF] Request starting HTTP/1.1 GET https://localhost:7165/api/categories - null null
2025-08-13 12:48:33.427 +05:30 [INF] Executing endpoint 'AuthNet.Controllers.CategoriesController.GetAll (AuthNet)'
2025-08-13 12:48:33.428 +05:30 [INF] Route matched with {action = "GetAll", controller = "Categories"}. Executing controller action with signature System.Threading.Tasks.Task`1[Microsoft.AspNetCore.Mvc.IActionResult] GetAll() on controller AuthNet.Controllers.CategoriesController (AuthNet).
2025-08-13 12:48:33.448 +05:30 [INF] Executed DbCommand (17ms) [Parameters=[], CommandType='"Text"', CommandTimeout='30']
SELECT [c].[CategoryId], [c].[Description], [c].[Name]
FROM [Categories] AS [c]
2025-08-13 12:48:33.449 +05:30 [INF] Executing OkObjectResult, writing value of type 'System.Collections.Generic.List`1[[AuthNet.Models.Domain.Category, AuthNet, Version=1.0.0.0, Culture=neutral, PublicKeyToken=null]]'.
2025-08-13 12:48:33.449 +05:30 [INF] Executed action AuthNet.Controllers.CategoriesController.GetAll (AuthNet) in 21.388ms
2025-08-13 12:48:33.449 +05:30 [INF] Executed endpoint 'AuthNet.Controllers.CategoriesController.GetAll (AuthNet)'
2025-08-13 12:48:33.450 +05:30 [INF] Request finished HTTP/1.1 GET https://localhost:7165/api/categories - 200 null application/json; charset=utf-8 22.83ms
2025-08-13 12:48:33.474 +05:30 [INF] Request starting HTTP/1.1 GET https://localhost:7165/api/Settings/Get - null null
2025-08-13 12:48:33.475 +05:30 [INF] Executing endpoint 'AuthNet.Controllers.SettingsController.GetCompanyInfo (AuthNet)'
2025-08-13 12:48:33.475 +05:30 [INF] Route matched with {action = "GetCompanyInfo", controller = "Settings"}. Executing controller action with signature System.Threading.Tasks.Task`1[Microsoft.AspNetCore.Mvc.IActionResult] GetCompanyInfo() on controller AuthNet.Controllers.SettingsController (AuthNet).
2025-08-13 12:48:33.484 +05:30 [INF] Executed DbCommand (7ms) [Parameters=[], CommandType='"Text"', CommandTimeout='30']
SELECT TOP(1) [c].[Id], [c].[Address], [c].[AlternateContactNumber], [c].[ContactNumber], [c].[Email], [c].[GSTIN], [c].[LogoFileExtension], [c].[LogoFilePath], [c].[LogoFileSizeInBytes], [c].[LogoName], [c].[Name], [c].[SignFileExtension], [c].[SignFilePath], [c].[SignFileSizeInBytes], [c].[SignName]
FROM [CompanyInfos] AS [c]
2025-08-13 12:48:33.485 +05:30 [INF] Executing OkObjectResult, writing value of type 'AuthNet.Models.DTO.CompanyInfoResponseDto'.
2025-08-13 12:48:33.485 +05:30 [INF] Executed action AuthNet.Controllers.SettingsController.GetCompanyInfo (AuthNet) in 9.5468ms
2025-08-13 12:48:33.485 +05:30 [INF] Executed endpoint 'AuthNet.Controllers.SettingsController.GetCompanyInfo (AuthNet)'
2025-08-13 12:48:33.485 +05:30 [INF] Request finished HTTP/1.1 GET https://localhost:7165/api/Settings/Get - 200 null application/json; charset=utf-8 11.2888ms
2025-08-13 12:48:33.506 +05:30 [INF] Request starting HTTP/1.1 GET https://localhost:7165/api/TaxSettings - null null
2025-08-13 12:48:33.507 +05:30 [INF] Executing endpoint 'AuthNet.Controllers.TaxSettingsController.GetAll (AuthNet)'
2025-08-13 12:48:33.507 +05:30 [INF] Route matched with {action = "GetAll", controller = "TaxSettings"}. Executing controller action with signature System.Threading.Tasks.Task`1[Microsoft.AspNetCore.Mvc.IActionResult] GetAll() on controller AuthNet.Controllers.TaxSettingsController (AuthNet).
2025-08-13 12:48:33.514 +05:30 [INF] Executed DbCommand (5ms) [Parameters=[], CommandType='"Text"', CommandTimeout='30']
SELECT TOP(1) [t].[Id], [t].[CGST], [t].[IGST], [t].[SGST]
FROM [TaxSettings] AS [t]
2025-08-13 12:48:33.515 +05:30 [INF] Executing OkObjectResult, writing value of type 'AuthNet.Models.DTO.TaxSettingResponseDto'.
2025-08-13 12:48:33.515 +05:30 [INF] Executed action AuthNet.Controllers.TaxSettingsController.GetAll (AuthNet) in 8.0683ms
2025-08-13 12:48:33.515 +05:30 [INF] Executed endpoint 'AuthNet.Controllers.TaxSettingsController.GetAll (AuthNet)'
2025-08-13 12:48:33.515 +05:30 [INF] Request finished HTTP/1.1 GET https://localhost:7165/api/TaxSettings - 200 null application/json; charset=utf-8 9.4207ms
2025-08-13 12:48:40.108 +05:30 [INF] Request starting HTTP/1.1 GET https://localhost:7165/api/Inventory - null null
2025-08-13 12:48:40.108 +05:30 [INF] Executing endpoint 'AuthNet.Controllers.InventoryController.GetAll (AuthNet)'
2025-08-13 12:48:40.108 +05:30 [INF] Route matched with {action = "GetAll", controller = "Inventory"}. Executing controller action with signature System.Threading.Tasks.Task`1[Microsoft.AspNetCore.Mvc.IActionResult] GetAll() on controller AuthNet.Controllers.InventoryController (AuthNet).
2025-08-13 12:48:40.122 +05:30 [INF] Executed DbCommand (9ms) [Parameters=[], CommandType='"Text"', CommandTimeout='30']
SELECT [i].[InventoryId], [i].[LastUpdated], [i].[ProductId], [i].[QuantityInStock], [i].[ReorderLevel]
FROM [Inventories] AS [i]
2025-08-13 12:48:40.122 +05:30 [INF] Executing OkObjectResult, writing value of type 'System.Collections.Generic.List`1[[AuthNet.Models.Domain.Inventory, AuthNet, Version=1.0.0.0, Culture=neutral, PublicKeyToken=null]]'.
2025-08-13 12:48:40.123 +05:30 [INF] Executed action AuthNet.Controllers.InventoryController.GetAll (AuthNet) in 14.1074ms
2025-08-13 12:48:40.123 +05:30 [INF] Executed endpoint 'AuthNet.Controllers.InventoryController.GetAll (AuthNet)'
2025-08-13 12:48:40.123 +05:30 [INF] Request finished HTTP/1.1 GET https://localhost:7165/api/Inventory - 200 null application/json; charset=utf-8 15.2532ms
2025-08-13 12:48:40.144 +05:30 [INF] Request starting HTTP/1.1 GET https://localhost:7165/api/Products - null null
2025-08-13 12:48:40.145 +05:30 [INF] Executing endpoint 'AuthNet.Controllers.ProductsController.GetAll (AuthNet)'
2025-08-13 12:48:40.145 +05:30 [INF] Route matched with {action = "GetAll", controller = "Products"}. Executing controller action with signature System.Threading.Tasks.Task`1[Microsoft.AspNetCore.Mvc.IActionResult] GetAll() on controller AuthNet.Controllers.ProductsController (AuthNet).
2025-08-13 12:48:40.154 +05:30 [INF] Executed DbCommand (3ms) [Parameters=[], CommandType='"Text"', CommandTimeout='30']
SELECT [p].[ProductId], [p].[CategoryId], [p].[CostPrice], [p].[Description], [p].[Name], [p].[ProductCode], [p].[ProductKey], [p].[SellPrice], [p].[SupplierId]
FROM [Products] AS [p]
2025-08-13 12:48:40.154 +05:30 [INF] Executing OkObjectResult, writing value of type 'System.Collections.Generic.List`1[[AuthNet.Models.Domain.Product, AuthNet, Version=1.0.0.0, Culture=neutral, PublicKeyToken=null]]'.
2025-08-13 12:48:40.155 +05:30 [INF] Executed action AuthNet.Controllers.ProductsController.GetAll (AuthNet) in 9.7367ms
2025-08-13 12:48:40.155 +05:30 [INF] Executed endpoint 'AuthNet.Controllers.ProductsController.GetAll (AuthNet)'
2025-08-13 12:48:40.155 +05:30 [INF] Request finished HTTP/1.1 GET https://localhost:7165/api/Products - 200 null application/json; charset=utf-8 11.274ms
2025-08-13 12:48:45.670 +05:30 [INF] Request starting HTTP/1.1 GET https://localhost:7165/api/Products - null null
2025-08-13 12:48:45.671 +05:30 [INF] Executing endpoint 'AuthNet.Controllers.ProductsController.GetAll (AuthNet)'
2025-08-13 12:48:45.671 +05:30 [INF] Route matched with {action = "GetAll", controller = "Products"}. Executing controller action with signature System.Threading.Tasks.Task`1[Microsoft.AspNetCore.Mvc.IActionResult] GetAll() on controller AuthNet.Controllers.ProductsController (AuthNet).
2025-08-13 12:48:45.707 +05:30 [INF] Executed DbCommand (31ms) [Parameters=[], CommandType='"Text"', CommandTimeout='30']
SELECT [p].[ProductId], [p].[CategoryId], [p].[CostPrice], [p].[Description], [p].[Name], [p].[ProductCode], [p].[ProductKey], [p].[SellPrice], [p].[SupplierId]
FROM [Products] AS [p]
2025-08-13 12:48:45.707 +05:30 [INF] Executing OkObjectResult, writing value of type 'System.Collections.Generic.List`1[[AuthNet.Models.Domain.Product, AuthNet, Version=1.0.0.0, Culture=neutral, PublicKeyToken=null]]'.
2025-08-13 12:48:45.708 +05:30 [INF] Executed action AuthNet.Controllers.ProductsController.GetAll (AuthNet) in 36.1458ms
2025-08-13 12:48:45.708 +05:30 [INF] Executed endpoint 'AuthNet.Controllers.ProductsController.GetAll (AuthNet)'
2025-08-13 12:48:45.708 +05:30 [INF] Request finished HTTP/1.1 GET https://localhost:7165/api/Products - 200 null application/json; charset=utf-8 37.9118ms
2025-08-13 12:48:45.799 +05:30 [INF] Request starting HTTP/1.1 GET https://localhost:7165/api/InvoiceTemplates - null null
2025-08-13 12:48:45.799 +05:30 [INF] Executing endpoint 'AuthNet.Controllers.InvoiceTemplatesController.GetAll (AuthNet)'
2025-08-13 12:48:45.799 +05:30 [INF] Route matched with {action = "GetAll", controller = "InvoiceTemplates"}. Executing controller action with signature System.Threading.Tasks.Task`1[Microsoft.AspNetCore.Mvc.IActionResult] GetAll() on controller AuthNet.Controllers.InvoiceTemplatesController (AuthNet).
2025-08-13 12:48:45.819 +05:30 [INF] Executed DbCommand (16ms) [Parameters=[], CommandType='"Text"', CommandTimeout='30']
SELECT [i].[Id], [i].[Layout], [i].[Notes], [i].[TermsAndConditions]
FROM [InvoiceTemplates] AS [i]
2025-08-13 12:48:45.819 +05:30 [INF] Executing OkObjectResult, writing value of type 'System.Collections.Generic.List`1[[AuthNet.Models.Domain.InvoiceTemplate, AuthNet, Version=1.0.0.0, Culture=neutral, PublicKeyToken=null]]'.
2025-08-13 12:48:45.820 +05:30 [INF] Executed action AuthNet.Controllers.InvoiceTemplatesController.GetAll (AuthNet) in 20.2998ms
2025-08-13 12:48:45.820 +05:30 [INF] Executed endpoint 'AuthNet.Controllers.InvoiceTemplatesController.GetAll (AuthNet)'
2025-08-13 12:48:45.820 +05:30 [INF] Request finished HTTP/1.1 GET https://localhost:7165/api/InvoiceTemplates - 200 null application/json; charset=utf-8 21.3061ms
2025-08-13 12:48:45.929 +05:30 [INF] Request starting HTTP/1.1 GET https://localhost:7165/api/categories - null null
2025-08-13 12:48:45.929 +05:30 [INF] Executing endpoint 'AuthNet.Controllers.CategoriesController.GetAll (AuthNet)'
2025-08-13 12:48:45.929 +05:30 [INF] Route matched with {action = "GetAll", controller = "Categories"}. Executing controller action with signature System.Threading.Tasks.Task`1[Microsoft.AspNetCore.Mvc.IActionResult] GetAll() on controller AuthNet.Controllers.CategoriesController (AuthNet).
2025-08-13 12:48:45.943 +05:30 [INF] Executed DbCommand (12ms) [Parameters=[], CommandType='"Text"', CommandTimeout='30']
SELECT [c].[CategoryId], [c].[Description], [c].[Name]
FROM [Categories] AS [c]
2025-08-13 12:48:45.944 +05:30 [INF] Executing OkObjectResult, writing value of type 'System.Collections.Generic.List`1[[AuthNet.Models.Domain.Category, AuthNet, Version=1.0.0.0, Culture=neutral, PublicKeyToken=null]]'.
2025-08-13 12:48:45.944 +05:30 [INF] Executed action AuthNet.Controllers.CategoriesController.GetAll (AuthNet) in 14.6145ms
2025-08-13 12:48:45.944 +05:30 [INF] Executed endpoint 'AuthNet.Controllers.CategoriesController.GetAll (AuthNet)'
2025-08-13 12:48:45.945 +05:30 [INF] Request finished HTTP/1.1 GET https://localhost:7165/api/categories - 200 null application/json; charset=utf-8 15.7245ms
2025-08-13 12:48:46.149 +05:30 [INF] Request starting HTTP/1.1 GET https://localhost:7165/api/Settings/Get - null null
2025-08-13 12:48:46.151 +05:30 [INF] Executing endpoint 'AuthNet.Controllers.SettingsController.GetCompanyInfo (AuthNet)'
2025-08-13 12:48:46.151 +05:30 [INF] Route matched with {action = "GetCompanyInfo", controller = "Settings"}. Executing controller action with signature System.Threading.Tasks.Task`1[Microsoft.AspNetCore.Mvc.IActionResult] GetCompanyInfo() on controller AuthNet.Controllers.SettingsController (AuthNet).
2025-08-13 12:48:46.158 +05:30 [INF] Executed DbCommand (5ms) [Parameters=[], CommandType='"Text"', CommandTimeout='30']
SELECT TOP(1) [c].[Id], [c].[Address], [c].[AlternateContactNumber], [c].[ContactNumber], [c].[Email], [c].[GSTIN], [c].[LogoFileExtension], [c].[LogoFilePath], [c].[LogoFileSizeInBytes], [c].[LogoName], [c].[Name], [c].[SignFileExtension], [c].[SignFilePath], [c].[SignFileSizeInBytes], [c].[SignName]
FROM [CompanyInfos] AS [c]
2025-08-13 12:48:46.158 +05:30 [INF] Executing OkObjectResult, writing value of type 'AuthNet.Models.DTO.CompanyInfoResponseDto'.
2025-08-13 12:48:46.158 +05:30 [INF] Executed action AuthNet.Controllers.SettingsController.GetCompanyInfo (AuthNet) in 6.9283ms
2025-08-13 12:48:46.158 +05:30 [INF] Executed endpoint 'AuthNet.Controllers.SettingsController.GetCompanyInfo (AuthNet)'
2025-08-13 12:48:46.159 +05:30 [INF] Request finished HTTP/1.1 GET https://localhost:7165/api/Settings/Get - 200 null application/json; charset=utf-8 9.3902ms
2025-08-13 12:48:46.186 +05:30 [INF] Request starting HTTP/1.1 GET https://localhost:7165/api/TaxSettings - null null
2025-08-13 12:48:46.186 +05:30 [INF] Executing endpoint 'AuthNet.Controllers.TaxSettingsController.GetAll (AuthNet)'
2025-08-13 12:48:46.186 +05:30 [INF] Route matched with {action = "GetAll", controller = "TaxSettings"}. Executing controller action with signature System.Threading.Tasks.Task`1[Microsoft.AspNetCore.Mvc.IActionResult] GetAll() on controller AuthNet.Controllers.TaxSettingsController (AuthNet).
2025-08-13 12:48:46.192 +05:30 [INF] Executed DbCommand (4ms) [Parameters=[], CommandType='"Text"', CommandTimeout='30']
SELECT TOP(1) [t].[Id], [t].[CGST], [t].[IGST], [t].[SGST]
FROM [TaxSettings] AS [t]
2025-08-13 12:48:46.193 +05:30 [INF] Executing OkObjectResult, writing value of type 'AuthNet.Models.DTO.TaxSettingResponseDto'.
2025-08-13 12:48:46.193 +05:30 [INF] Executed action AuthNet.Controllers.TaxSettingsController.GetAll (AuthNet) in 6.5374ms
2025-08-13 12:48:46.193 +05:30 [INF] Executed endpoint 'AuthNet.Controllers.TaxSettingsController.GetAll (AuthNet)'
2025-08-13 12:48:46.193 +05:30 [INF] Request finished HTTP/1.1 GET https://localhost:7165/api/TaxSettings - 200 null application/json; charset=utf-8 7.7415ms
2025-08-13 12:50:52.222 +05:30 [INF] Request starting HTTP/1.1 GET https://localhost:7165/api/Sales/DailyProfit - null null
2025-08-13 12:50:52.222 +05:30 [INF] Executing endpoint 'AuthNet.Controllers.SalesController.GetDailyProfit (AuthNet)'
2025-08-13 12:50:52.222 +05:30 [INF] Route matched with {action = "GetDailyProfit", controller = "Sales"}. Executing controller action with signature System.Threading.Tasks.Task`1[Microsoft.AspNetCore.Mvc.IActionResult] GetDailyProfit() on controller AuthNet.Controllers.SalesController (AuthNet).
2025-08-13 12:50:52.253 +05:30 [INF] Executed DbCommand (26ms) [Parameters=[@__date_Date_0='?' (DbType = DateTime2)], CommandType='"Text"', CommandTimeout='30']
SELECT [s].[Id], [s].[ProductId], [s].[ProductName], [s].[Quantity], [s].[SaleId], [s].[TotalPrice], [s].[UnitPrice], [s0].[Id], [s0].[AfterTaxAmount], [s0].[CreatedAt], [s0].[DiscountedAmount], [s0].[InvoiceDate], [s0].[InvoiceNo], [s0].[PrincipalAmount], [s0].[Template], [s0].[TotalAmount]
FROM [SaleItems] AS [s]
INNER JOIN [Sales] AS [s0] ON [s].[SaleId] = [s0].[Id]
WHERE CONVERT(date, [s0].[InvoiceDate]) = @__date_Date_0
2025-08-13 12:50:52.266 +05:30 [INF] Executed DbCommand (12ms) [Parameters=[@__productIds_0='?' (Size = 4000)], CommandType='"Text"', CommandTimeout='30']
SELECT [p].[ProductId], [p].[CategoryId], [p].[CostPrice], [p].[Description], [p].[Name], [p].[ProductCode], [p].[ProductKey], [p].[SellPrice], [p].[SupplierId]
FROM [Products] AS [p]
WHERE [p].[ProductId] IN (
    SELECT [p0].[value]
    FROM OPENJSON(@__productIds_0) WITH ([value] int '$') AS [p0]
)
2025-08-13 12:50:52.266 +05:30 [INF] Executing OkObjectResult, writing value of type 'AuthNet.Models.DTO.DailyProfitDto'.
2025-08-13 12:50:52.267 +05:30 [INF] Executed action AuthNet.Controllers.SalesController.GetDailyProfit (AuthNet) in 44.3424ms
2025-08-13 12:50:52.267 +05:30 [INF] Executed endpoint 'AuthNet.Controllers.SalesController.GetDailyProfit (AuthNet)'
2025-08-13 12:50:52.267 +05:30 [INF] Request finished HTTP/1.1 GET https://localhost:7165/api/Sales/DailyProfit - 200 null application/json; charset=utf-8 46.7088ms
2025-08-13 12:50:52.303 +05:30 [INF] Request starting HTTP/1.1 GET https://localhost:7165/api/Sales/CurrentMonthProfit - null null
2025-08-13 12:50:52.303 +05:30 [INF] Executing endpoint 'AuthNet.Controllers.SalesController.GetCurrentMonthProfit (AuthNet)'
2025-08-13 12:50:52.303 +05:30 [INF] Route matched with {action = "GetCurrentMonthProfit", controller = "Sales"}. Executing controller action with signature System.Threading.Tasks.Task`1[Microsoft.AspNetCore.Mvc.IActionResult] GetCurrentMonthProfit() on controller AuthNet.Controllers.SalesController (AuthNet).
2025-08-13 12:50:52.348 +05:30 [INF] Executed DbCommand (42ms) [Parameters=[@__currentYear_0='?' (DbType = Int32), @__currentMonth_1='?' (DbType = Int32)], CommandType='"Text"', CommandTimeout='30']
SELECT [s].[Id], [s].[ProductId], [s].[ProductName], [s].[Quantity], [s].[SaleId], [s].[TotalPrice], [s].[UnitPrice], [s0].[Id], [s0].[AfterTaxAmount], [s0].[CreatedAt], [s0].[DiscountedAmount], [s0].[InvoiceDate], [s0].[InvoiceNo], [s0].[PrincipalAmount], [s0].[Template], [s0].[TotalAmount]
FROM [SaleItems] AS [s]
INNER JOIN [Sales] AS [s0] ON [s].[SaleId] = [s0].[Id]
WHERE DATEPART(year, [s0].[InvoiceDate]) = @__currentYear_0 AND DATEPART(month, [s0].[InvoiceDate]) = @__currentMonth_1
2025-08-13 12:50:52.351 +05:30 [INF] Executed DbCommand (1ms) [Parameters=[@__productIds_0='?' (Size = 4000)], CommandType='"Text"', CommandTimeout='30']
SELECT [p].[ProductId], [p].[CategoryId], [p].[CostPrice], [p].[Description], [p].[Name], [p].[ProductCode], [p].[ProductKey], [p].[SellPrice], [p].[SupplierId]
FROM [Products] AS [p]
WHERE [p].[ProductId] IN (
    SELECT [p0].[value]
    FROM OPENJSON(@__productIds_0) WITH ([value] int '$') AS [p0]
)
2025-08-13 12:50:52.351 +05:30 [INF] Executing OkObjectResult, writing value of type 'AuthNet.Models.DTO.MonthlyProfitDto'.
2025-08-13 12:50:52.351 +05:30 [INF] Executed action AuthNet.Controllers.SalesController.GetCurrentMonthProfit (AuthNet) in 47.7648ms
2025-08-13 12:50:52.351 +05:30 [INF] Executed endpoint 'AuthNet.Controllers.SalesController.GetCurrentMonthProfit (AuthNet)'
2025-08-13 12:50:52.352 +05:30 [INF] Request finished HTTP/1.1 GET https://localhost:7165/api/Sales/CurrentMonthProfit - 200 null application/json; charset=utf-8 48.5888ms
2025-08-13 12:50:52.377 +05:30 [INF] Request starting HTTP/1.1 GET https://localhost:7165/api/Sales/CurrentYearProfit - null null
2025-08-13 12:50:52.377 +05:30 [INF] Executing endpoint 'AuthNet.Controllers.SalesController.GetCurrentYearProfit (AuthNet)'
2025-08-13 12:50:52.379 +05:30 [INF] Route matched with {action = "GetCurrentYearProfit", controller = "Sales"}. Executing controller action with signature System.Threading.Tasks.Task`1[Microsoft.AspNetCore.Mvc.IActionResult] GetCurrentYearProfit() on controller AuthNet.Controllers.SalesController (AuthNet).
2025-08-13 12:50:52.391 +05:30 [INF] Executed DbCommand (10ms) [Parameters=[@__currentYear_0='?' (DbType = Int32)], CommandType='"Text"', CommandTimeout='30']
SELECT [s].[Id], [s].[ProductId], [s].[ProductName], [s].[Quantity], [s].[SaleId], [s].[TotalPrice], [s].[UnitPrice], [s0].[Id], [s0].[AfterTaxAmount], [s0].[CreatedAt], [s0].[DiscountedAmount], [s0].[InvoiceDate], [s0].[InvoiceNo], [s0].[PrincipalAmount], [s0].[Template], [s0].[TotalAmount]
FROM [SaleItems] AS [s]
INNER JOIN [Sales] AS [s0] ON [s].[SaleId] = [s0].[Id]
WHERE DATEPART(year, [s0].[InvoiceDate]) = @__currentYear_0
2025-08-13 12:50:52.396 +05:30 [INF] Executed DbCommand (3ms) [Parameters=[@__productIds_0='?' (Size = 4000)], CommandType='"Text"', CommandTimeout='30']
SELECT [p].[ProductId], [p].[CategoryId], [p].[CostPrice], [p].[Description], [p].[Name], [p].[ProductCode], [p].[ProductKey], [p].[SellPrice], [p].[SupplierId]
FROM [Products] AS [p]
WHERE [p].[ProductId] IN (
    SELECT [p0].[value]
    FROM OPENJSON(@__productIds_0) WITH ([value] int '$') AS [p0]
)
2025-08-13 12:50:52.397 +05:30 [INF] Executing OkObjectResult, writing value of type 'AuthNet.Models.DTO.YearlyProfitDto'.
2025-08-13 12:50:52.397 +05:30 [INF] Executed action AuthNet.Controllers.SalesController.GetCurrentYearProfit (AuthNet) in 17.5895ms
2025-08-13 12:50:52.397 +05:30 [INF] Executed endpoint 'AuthNet.Controllers.SalesController.GetCurrentYearProfit (AuthNet)'
2025-08-13 12:50:52.397 +05:30 [INF] Request finished HTTP/1.1 GET https://localhost:7165/api/Sales/CurrentYearProfit - 200 null application/json; charset=utf-8 20.7612ms
2025-08-13 12:50:52.445 +05:30 [INF] Request starting HTTP/1.1 GET https://localhost:7165/api/Products/count - null null
2025-08-13 12:50:52.445 +05:30 [INF] Executing endpoint 'AuthNet.Controllers.ProductsController.GetProductCount (AuthNet)'
2025-08-13 12:50:52.445 +05:30 [INF] Route matched with {action = "GetProductCount", controller = "Products"}. Executing controller action with signature System.Threading.Tasks.Task`1[Microsoft.AspNetCore.Mvc.IActionResult] GetProductCount() on controller AuthNet.Controllers.ProductsController (AuthNet).
2025-08-13 12:50:52.454 +05:30 [INF] Executed DbCommand (8ms) [Parameters=[], CommandType='"Text"', CommandTimeout='30']
SELECT COUNT(*)
FROM [Products] AS [p]
2025-08-13 12:50:52.455 +05:30 [INF] Executing OkObjectResult, writing value of type 'System.Int32'.
2025-08-13 12:50:52.455 +05:30 [INF] Executed action AuthNet.Controllers.ProductsController.GetProductCount (AuthNet) in 9.9196ms
2025-08-13 12:50:52.455 +05:30 [INF] Executed endpoint 'AuthNet.Controllers.ProductsController.GetProductCount (AuthNet)'
2025-08-13 12:50:52.455 +05:30 [INF] Request finished HTTP/1.1 GET https://localhost:7165/api/Products/count - 200 null application/json; charset=utf-8 10.6657ms
2025-08-13 12:50:52.492 +05:30 [INF] Request starting HTTP/1.1 GET https://localhost:7165/api/Suppliers/count - null null
2025-08-13 12:50:52.492 +05:30 [INF] Executing endpoint 'AuthNet.Controllers.SuppliersController.GetSupplierCount (AuthNet)'
2025-08-13 12:50:52.493 +05:30 [INF] Route matched with {action = "GetSupplierCount", controller = "Suppliers"}. Executing controller action with signature System.Threading.Tasks.Task`1[Microsoft.AspNetCore.Mvc.IActionResult] GetSupplierCount() on controller AuthNet.Controllers.SuppliersController (AuthNet).
2025-08-13 12:50:52.503 +05:30 [INF] Executed DbCommand (7ms) [Parameters=[], CommandType='"Text"', CommandTimeout='30']
SELECT COUNT(*)
FROM [Suppliers] AS [s]
2025-08-13 12:50:52.503 +05:30 [INF] Executing OkObjectResult, writing value of type 'System.Int32'.
2025-08-13 12:50:52.503 +05:30 [INF] Executed action AuthNet.Controllers.SuppliersController.GetSupplierCount (AuthNet) in 10.5825ms
2025-08-13 12:50:52.504 +05:30 [INF] Executed endpoint 'AuthNet.Controllers.SuppliersController.GetSupplierCount (AuthNet)'
2025-08-13 12:50:52.504 +05:30 [INF] Request finished HTTP/1.1 GET https://localhost:7165/api/Suppliers/count - 200 null application/json; charset=utf-8 11.7463ms
2025-08-13 12:50:52.570 +05:30 [INF] Request starting HTTP/1.1 GET https://localhost:7165/api/Categories/count - null null
2025-08-13 12:50:52.571 +05:30 [INF] Executing endpoint 'AuthNet.Controllers.CategoriesController.GetCategoryCount (AuthNet)'
2025-08-13 12:50:52.571 +05:30 [INF] Route matched with {action = "GetCategoryCount", controller = "Categories"}. Executing controller action with signature System.Threading.Tasks.Task`1[Microsoft.AspNetCore.Mvc.IActionResult] GetCategoryCount() on controller AuthNet.Controllers.CategoriesController (AuthNet).
2025-08-13 12:50:52.587 +05:30 [INF] Executed DbCommand (14ms) [Parameters=[], CommandType='"Text"', CommandTimeout='30']
SELECT COUNT(*)
FROM [Categories] AS [c]
2025-08-13 12:50:52.588 +05:30 [INF] Executing OkObjectResult, writing value of type 'System.Int32'.
2025-08-13 12:50:52.588 +05:30 [INF] Executed action AuthNet.Controllers.CategoriesController.GetCategoryCount (AuthNet) in 17.1004ms
2025-08-13 12:50:52.588 +05:30 [INF] Executed endpoint 'AuthNet.Controllers.CategoriesController.GetCategoryCount (AuthNet)'
2025-08-13 12:50:52.588 +05:30 [INF] Request finished HTTP/1.1 GET https://localhost:7165/api/Categories/count - 200 null application/json; charset=utf-8 18.0183ms
2025-08-13 12:50:52.614 +05:30 [INF] Request starting HTTP/1.1 GET https://localhost:7165/api/Orders/count - null null
2025-08-13 12:50:52.615 +05:30 [INF] Executing endpoint 'AuthNet.Controllers.OrdersController.GetOrderCount (AuthNet)'
2025-08-13 12:50:52.615 +05:30 [INF] Route matched with {action = "GetOrderCount", controller = "Orders"}. Executing controller action with signature System.Threading.Tasks.Task`1[Microsoft.AspNetCore.Mvc.IActionResult] GetOrderCount() on controller AuthNet.Controllers.OrdersController (AuthNet).
2025-08-13 12:50:52.621 +05:30 [INF] Executed DbCommand (4ms) [Parameters=[], CommandType='"Text"', CommandTimeout='30']
SELECT COUNT(*)
FROM [Orders] AS [o]
2025-08-13 12:50:52.621 +05:30 [INF] Executing OkObjectResult, writing value of type 'System.Int32'.
2025-08-13 12:50:52.622 +05:30 [INF] Executed action AuthNet.Controllers.OrdersController.GetOrderCount (AuthNet) in 6.5776ms
2025-08-13 12:50:52.622 +05:30 [INF] Executed endpoint 'AuthNet.Controllers.OrdersController.GetOrderCount (AuthNet)'
2025-08-13 12:50:52.622 +05:30 [INF] Request finished HTTP/1.1 GET https://localhost:7165/api/Orders/count - 200 null application/json; charset=utf-8 8.1362ms
2025-08-13 12:50:52.649 +05:30 [INF] Request starting HTTP/1.1 GET https://localhost:7165/api/Customers/count - null null
2025-08-13 12:50:52.649 +05:30 [INF] Executing endpoint 'AuthNet.Controllers.CustomersController.GetCustomerCount (AuthNet)'
2025-08-13 12:50:52.649 +05:30 [INF] Route matched with {action = "GetCustomerCount", controller = "Customers"}. Executing controller action with signature System.Threading.Tasks.Task`1[Microsoft.AspNetCore.Mvc.IActionResult] GetCustomerCount() on controller AuthNet.Controllers.CustomersController (AuthNet).
2025-08-13 12:50:52.658 +05:30 [INF] Executed DbCommand (6ms) [Parameters=[], CommandType='"Text"', CommandTimeout='30']
SELECT COUNT(*)
FROM [Customers] AS [c]
2025-08-13 12:50:52.658 +05:30 [INF] Executing OkObjectResult, writing value of type 'System.Int32'.
2025-08-13 12:50:52.658 +05:30 [INF] Executed action AuthNet.Controllers.CustomersController.GetCustomerCount (AuthNet) in 8.8676ms
2025-08-13 12:50:52.658 +05:30 [INF] Executed endpoint 'AuthNet.Controllers.CustomersController.GetCustomerCount (AuthNet)'
2025-08-13 12:50:52.659 +05:30 [INF] Request finished HTTP/1.1 GET https://localhost:7165/api/Customers/count - 200 null application/json; charset=utf-8 10.0663ms
2025-08-13 12:50:52.720 +05:30 [INF] Request starting HTTP/1.1 GET https://localhost:7165/api/Tasks - null null
2025-08-13 12:50:52.721 +05:30 [INF] Executing endpoint 'AuthNet.Controllers.TasksController.GetTasks (AuthNet)'
2025-08-13 12:50:52.721 +05:30 [INF] Route matched with {action = "GetTasks", controller = "Tasks"}. Executing controller action with signature Microsoft.AspNetCore.Mvc.IActionResult GetTasks() on controller AuthNet.Controllers.TasksController (AuthNet).
2025-08-13 12:50:52.727 +05:30 [INF] Executed DbCommand (5ms) [Parameters=[], CommandType='"Text"', CommandTimeout='30']
SELECT [t].[Id], [t].[Title], [t].[DueDate]
FROM [Tasks] AS [t]
2025-08-13 12:50:52.727 +05:30 [INF] Executing OkObjectResult, writing value of type 'System.Collections.Generic.List`1[[AuthNet.Models.DTO.TaskItemDto, AuthNet, Version=1.0.0.0, Culture=neutral, PublicKeyToken=null]]'.
2025-08-13 12:50:52.728 +05:30 [INF] Executed action AuthNet.Controllers.TasksController.GetTasks (AuthNet) in 6.5393ms
2025-08-13 12:50:52.728 +05:30 [INF] Executed endpoint 'AuthNet.Controllers.TasksController.GetTasks (AuthNet)'
2025-08-13 12:50:52.728 +05:30 [INF] Request finished HTTP/1.1 GET https://localhost:7165/api/Tasks - 200 null application/json; charset=utf-8 7.7961ms
2025-08-13 12:50:52.762 +05:30 [INF] Request starting HTTP/1.1 GET https://localhost:7165/api/Settings/Get - null null
2025-08-13 12:50:52.762 +05:30 [INF] Executing endpoint 'AuthNet.Controllers.SettingsController.GetCompanyInfo (AuthNet)'
2025-08-13 12:50:52.762 +05:30 [INF] Route matched with {action = "GetCompanyInfo", controller = "Settings"}. Executing controller action with signature System.Threading.Tasks.Task`1[Microsoft.AspNetCore.Mvc.IActionResult] GetCompanyInfo() on controller AuthNet.Controllers.SettingsController (AuthNet).
2025-08-13 12:50:52.789 +05:30 [INF] Executed DbCommand (25ms) [Parameters=[], CommandType='"Text"', CommandTimeout='30']
SELECT TOP(1) [c].[Id], [c].[Address], [c].[AlternateContactNumber], [c].[ContactNumber], [c].[Email], [c].[GSTIN], [c].[LogoFileExtension], [c].[LogoFilePath], [c].[LogoFileSizeInBytes], [c].[LogoName], [c].[Name], [c].[SignFileExtension], [c].[SignFilePath], [c].[SignFileSizeInBytes], [c].[SignName]
FROM [CompanyInfos] AS [c]
2025-08-13 12:50:52.790 +05:30 [INF] Executing OkObjectResult, writing value of type 'AuthNet.Models.DTO.CompanyInfoResponseDto'.
2025-08-13 12:50:52.790 +05:30 [INF] Executed action AuthNet.Controllers.SettingsController.GetCompanyInfo (AuthNet) in 27.6171ms
2025-08-13 12:50:52.790 +05:30 [INF] Executed endpoint 'AuthNet.Controllers.SettingsController.GetCompanyInfo (AuthNet)'
2025-08-13 12:50:52.790 +05:30 [INF] Request finished HTTP/1.1 GET https://localhost:7165/api/Settings/Get - 200 null application/json; charset=utf-8 28.2623ms
2025-08-13 12:50:52.950 +05:30 [INF] Request starting HTTP/2 GET https://localhost:7165/api/Products/CategoryWiseProductCount - null null
2025-08-13 12:50:52.950 +05:30 [INF] Request starting HTTP/2 GET https://localhost:7165/api/Sales/WeeklyProfit - null null
2025-08-13 12:50:52.953 +05:30 [INF] CORS policy execution successful.
2025-08-13 12:50:52.953 +05:30 [INF] CORS policy execution successful.
2025-08-13 12:50:52.953 +05:30 [INF] Executing endpoint 'AuthNet.Controllers.SalesController.GetWeeklyProfit (AuthNet)'
2025-08-13 12:50:52.953 +05:30 [INF] Executing endpoint 'AuthNet.Controllers.ProductsController.GetCategoryWiseProductCount (AuthNet)'
2025-08-13 12:50:52.953 +05:30 [INF] Route matched with {action = "GetWeeklyProfit", controller = "Sales"}. Executing controller action with signature System.Threading.Tasks.Task`1[Microsoft.AspNetCore.Mvc.IActionResult] GetWeeklyProfit() on controller AuthNet.Controllers.SalesController (AuthNet).
2025-08-13 12:50:52.953 +05:30 [INF] Route matched with {action = "GetCategoryWiseProductCount", controller = "Products"}. Executing controller action with signature System.Threading.Tasks.Task`1[Microsoft.AspNetCore.Mvc.IActionResult] GetCategoryWiseProductCount() on controller AuthNet.Controllers.ProductsController (AuthNet).
2025-08-13 12:50:52.974 +05:30 [INF] Executed DbCommand (16ms) [Parameters=[@__startDate_0='?' (DbType = DateTime2), @__endDate_1='?' (DbType = DateTime2)], CommandType='"Text"', CommandTimeout='30']
SELECT [s].[Id], [s].[ProductId], [s].[ProductName], [s].[Quantity], [s].[SaleId], [s].[TotalPrice], [s].[UnitPrice], [s0].[Id], [s0].[AfterTaxAmount], [s0].[CreatedAt], [s0].[DiscountedAmount], [s0].[InvoiceDate], [s0].[InvoiceNo], [s0].[PrincipalAmount], [s0].[Template], [s0].[TotalAmount]
FROM [SaleItems] AS [s]
INNER JOIN [Sales] AS [s0] ON [s].[SaleId] = [s0].[Id]
WHERE CONVERT(date, [s0].[InvoiceDate]) >= @__startDate_0 AND CONVERT(date, [s0].[InvoiceDate]) <= @__endDate_1
2025-08-13 12:50:53.035 +05:30 [INF] Executed DbCommand (49ms) [Parameters=[@__productIds_0='?' (Size = 4000)], CommandType='"Text"', CommandTimeout='30']
SELECT [p].[ProductId], [p].[CategoryId], [p].[CostPrice], [p].[Description], [p].[Name], [p].[ProductCode], [p].[ProductKey], [p].[SellPrice], [p].[SupplierId]
FROM [Products] AS [p]
WHERE [p].[ProductId] IN (
    SELECT [p0].[value]
    FROM OPENJSON(@__productIds_0) WITH ([value] int '$') AS [p0]
)
2025-08-13 12:50:53.036 +05:30 [INF] Executing OkObjectResult, writing value of type 'System.Collections.Generic.List`1[[AuthNet.Models.DTO.DailyProfitDto, AuthNet, Version=1.0.0.0, Culture=neutral, PublicKeyToken=null]]'.
2025-08-13 12:50:53.037 +05:30 [INF] Executed action AuthNet.Controllers.SalesController.GetWeeklyProfit (AuthNet) in 83.7336ms
2025-08-13 12:50:53.037 +05:30 [INF] Executed endpoint 'AuthNet.Controllers.SalesController.GetWeeklyProfit (AuthNet)'
2025-08-13 12:50:53.038 +05:30 [INF] Request finished HTTP/2 GET https://localhost:7165/api/Sales/WeeklyProfit - 200 null application/json; charset=utf-8 87.8858ms
2025-08-13 12:50:53.188 +05:30 [INF] Executed DbCommand (119ms) [Parameters=[], CommandType='"Text"', CommandTimeout='30']
SELECT [c].[Name] AS [CategoryName], COUNT(*) AS [ProductCount]
FROM [Products] AS [p]
LEFT JOIN [Categories] AS [c] ON [p].[CategoryId] = [c].[CategoryId]
WHERE [c].[CategoryId] IS NOT NULL
GROUP BY [c].[Name]
2025-08-13 12:50:53.189 +05:30 [INF] Executing OkObjectResult, writing value of type 'System.Collections.Generic.List`1[[AuthNet.Models.DTO.CategoryProductCountDto, AuthNet, Version=1.0.0.0, Culture=neutral, PublicKeyToken=null]]'.
2025-08-13 12:50:53.189 +05:30 [INF] Executed action AuthNet.Controllers.ProductsController.GetCategoryWiseProductCount (AuthNet) in 235.6027ms
2025-08-13 12:50:53.190 +05:30 [INF] Executed endpoint 'AuthNet.Controllers.ProductsController.GetCategoryWiseProductCount (AuthNet)'
2025-08-13 12:50:53.190 +05:30 [INF] Request finished HTTP/2 GET https://localhost:7165/api/Products/CategoryWiseProductCount - 200 null application/json; charset=utf-8 240.2793ms
2025-08-13 12:51:07.263 +05:30 [INF] Request starting HTTP/1.1 GET https://localhost:7165/api/Settings/Get - null null
2025-08-13 12:51:07.263 +05:30 [INF] Executing endpoint 'AuthNet.Controllers.SettingsController.GetCompanyInfo (AuthNet)'
2025-08-13 12:51:07.263 +05:30 [INF] Route matched with {action = "GetCompanyInfo", controller = "Settings"}. Executing controller action with signature System.Threading.Tasks.Task`1[Microsoft.AspNetCore.Mvc.IActionResult] GetCompanyInfo() on controller AuthNet.Controllers.SettingsController (AuthNet).
2025-08-13 12:51:07.268 +05:30 [INF] Executed DbCommand (4ms) [Parameters=[], CommandType='"Text"', CommandTimeout='30']
SELECT TOP(1) [c].[Id], [c].[Address], [c].[AlternateContactNumber], [c].[ContactNumber], [c].[Email], [c].[GSTIN], [c].[LogoFileExtension], [c].[LogoFilePath], [c].[LogoFileSizeInBytes], [c].[LogoName], [c].[Name], [c].[SignFileExtension], [c].[SignFilePath], [c].[SignFileSizeInBytes], [c].[SignName]
FROM [CompanyInfos] AS [c]
2025-08-13 12:51:07.269 +05:30 [INF] Executing OkObjectResult, writing value of type 'AuthNet.Models.DTO.CompanyInfoResponseDto'.
2025-08-13 12:51:07.269 +05:30 [INF] Executed action AuthNet.Controllers.SettingsController.GetCompanyInfo (AuthNet) in 5.4754ms
2025-08-13 12:51:07.269 +05:30 [INF] Executed endpoint 'AuthNet.Controllers.SettingsController.GetCompanyInfo (AuthNet)'
2025-08-13 12:51:07.269 +05:30 [INF] Request finished HTTP/1.1 GET https://localhost:7165/api/Settings/Get - 200 null application/json; charset=utf-8 6.7549ms
2025-08-13 12:51:23.364 +05:30 [INF] Request starting HTTP/1.1 GET https://localhost:7165/api/Products - null null
2025-08-13 12:51:23.364 +05:30 [INF] Executing endpoint 'AuthNet.Controllers.ProductsController.GetAll (AuthNet)'
2025-08-13 12:51:23.364 +05:30 [INF] Route matched with {action = "GetAll", controller = "Products"}. Executing controller action with signature System.Threading.Tasks.Task`1[Microsoft.AspNetCore.Mvc.IActionResult] GetAll() on controller AuthNet.Controllers.ProductsController (AuthNet).
2025-08-13 12:51:23.395 +05:30 [INF] Executed DbCommand (30ms) [Parameters=[], CommandType='"Text"', CommandTimeout='30']
SELECT [p].[ProductId], [p].[CategoryId], [p].[CostPrice], [p].[Description], [p].[Name], [p].[ProductCode], [p].[ProductKey], [p].[SellPrice], [p].[SupplierId]
FROM [Products] AS [p]
2025-08-13 12:51:23.395 +05:30 [INF] Executing OkObjectResult, writing value of type 'System.Collections.Generic.List`1[[AuthNet.Models.Domain.Product, AuthNet, Version=1.0.0.0, Culture=neutral, PublicKeyToken=null]]'.
2025-08-13 12:51:23.396 +05:30 [INF] Executed action AuthNet.Controllers.ProductsController.GetAll (AuthNet) in 31.5692ms
2025-08-13 12:51:23.396 +05:30 [INF] Executed endpoint 'AuthNet.Controllers.ProductsController.GetAll (AuthNet)'
2025-08-13 12:51:23.396 +05:30 [INF] Request finished HTTP/1.1 GET https://localhost:7165/api/Products - 200 null application/json; charset=utf-8 32.2217ms
2025-08-13 12:51:23.418 +05:30 [INF] Request starting HTTP/1.1 GET https://localhost:7165/api/InvoiceTemplates - null null
2025-08-13 12:51:23.419 +05:30 [INF] Executing endpoint 'AuthNet.Controllers.InvoiceTemplatesController.GetAll (AuthNet)'
2025-08-13 12:51:23.419 +05:30 [INF] Route matched with {action = "GetAll", controller = "InvoiceTemplates"}. Executing controller action with signature System.Threading.Tasks.Task`1[Microsoft.AspNetCore.Mvc.IActionResult] GetAll() on controller AuthNet.Controllers.InvoiceTemplatesController (AuthNet).
2025-08-13 12:51:23.426 +05:30 [INF] Executed DbCommand (5ms) [Parameters=[], CommandType='"Text"', CommandTimeout='30']
SELECT [i].[Id], [i].[Layout], [i].[Notes], [i].[TermsAndConditions]
FROM [InvoiceTemplates] AS [i]
2025-08-13 12:51:23.426 +05:30 [INF] Executing OkObjectResult, writing value of type 'System.Collections.Generic.List`1[[AuthNet.Models.Domain.InvoiceTemplate, AuthNet, Version=1.0.0.0, Culture=neutral, PublicKeyToken=null]]'.
2025-08-13 12:51:23.427 +05:30 [INF] Executed action AuthNet.Controllers.InvoiceTemplatesController.GetAll (AuthNet) in 7.745ms
2025-08-13 12:51:23.428 +05:30 [INF] Executed endpoint 'AuthNet.Controllers.InvoiceTemplatesController.GetAll (AuthNet)'
2025-08-13 12:51:23.428 +05:30 [INF] Request finished HTTP/1.1 GET https://localhost:7165/api/InvoiceTemplates - 200 null application/json; charset=utf-8 10.1608ms
2025-08-13 12:51:23.458 +05:30 [INF] Request starting HTTP/1.1 GET https://localhost:7165/api/categories - null null
2025-08-13 12:51:23.459 +05:30 [INF] Executing endpoint 'AuthNet.Controllers.CategoriesController.GetAll (AuthNet)'
2025-08-13 12:51:23.459 +05:30 [INF] Route matched with {action = "GetAll", controller = "Categories"}. Executing controller action with signature System.Threading.Tasks.Task`1[Microsoft.AspNetCore.Mvc.IActionResult] GetAll() on controller AuthNet.Controllers.CategoriesController (AuthNet).
2025-08-13 12:51:23.483 +05:30 [INF] Executed DbCommand (23ms) [Parameters=[], CommandType='"Text"', CommandTimeout='30']
SELECT [c].[CategoryId], [c].[Description], [c].[Name]
FROM [Categories] AS [c]
2025-08-13 12:51:23.484 +05:30 [INF] Executing OkObjectResult, writing value of type 'System.Collections.Generic.List`1[[AuthNet.Models.Domain.Category, AuthNet, Version=1.0.0.0, Culture=neutral, PublicKeyToken=null]]'.
2025-08-13 12:51:23.484 +05:30 [INF] Executed action AuthNet.Controllers.CategoriesController.GetAll (AuthNet) in 24.7968ms
2025-08-13 12:51:23.484 +05:30 [INF] Executed endpoint 'AuthNet.Controllers.CategoriesController.GetAll (AuthNet)'
2025-08-13 12:51:23.485 +05:30 [INF] Request finished HTTP/1.1 GET https://localhost:7165/api/categories - 200 null application/json; charset=utf-8 26.3803ms
2025-08-13 12:51:23.554 +05:30 [INF] Request starting HTTP/1.1 GET https://localhost:7165/api/Settings/Get - null null
2025-08-13 12:51:23.555 +05:30 [INF] Executing endpoint 'AuthNet.Controllers.SettingsController.GetCompanyInfo (AuthNet)'
2025-08-13 12:51:23.555 +05:30 [INF] Route matched with {action = "GetCompanyInfo", controller = "Settings"}. Executing controller action with signature System.Threading.Tasks.Task`1[Microsoft.AspNetCore.Mvc.IActionResult] GetCompanyInfo() on controller AuthNet.Controllers.SettingsController (AuthNet).
2025-08-13 12:51:23.580 +05:30 [INF] Executed DbCommand (23ms) [Parameters=[], CommandType='"Text"', CommandTimeout='30']
SELECT TOP(1) [c].[Id], [c].[Address], [c].[AlternateContactNumber], [c].[ContactNumber], [c].[Email], [c].[GSTIN], [c].[LogoFileExtension], [c].[LogoFilePath], [c].[LogoFileSizeInBytes], [c].[LogoName], [c].[Name], [c].[SignFileExtension], [c].[SignFilePath], [c].[SignFileSizeInBytes], [c].[SignName]
FROM [CompanyInfos] AS [c]
2025-08-13 12:51:23.580 +05:30 [INF] Executing OkObjectResult, writing value of type 'AuthNet.Models.DTO.CompanyInfoResponseDto'.
2025-08-13 12:51:23.580 +05:30 [INF] Executed action AuthNet.Controllers.SettingsController.GetCompanyInfo (AuthNet) in 25.4852ms
2025-08-13 12:51:23.580 +05:30 [INF] Executed endpoint 'AuthNet.Controllers.SettingsController.GetCompanyInfo (AuthNet)'
2025-08-13 12:51:23.580 +05:30 [INF] Request finished HTTP/1.1 GET https://localhost:7165/api/Settings/Get - 200 null application/json; charset=utf-8 26.653ms
2025-08-13 12:51:23.611 +05:30 [INF] Request starting HTTP/1.1 GET https://localhost:7165/api/TaxSettings - null null
2025-08-13 12:51:23.611 +05:30 [INF] Executing endpoint 'AuthNet.Controllers.TaxSettingsController.GetAll (AuthNet)'
2025-08-13 12:51:23.611 +05:30 [INF] Route matched with {action = "GetAll", controller = "TaxSettings"}. Executing controller action with signature System.Threading.Tasks.Task`1[Microsoft.AspNetCore.Mvc.IActionResult] GetAll() on controller AuthNet.Controllers.TaxSettingsController (AuthNet).
2025-08-13 12:51:23.623 +05:30 [INF] Executed DbCommand (10ms) [Parameters=[], CommandType='"Text"', CommandTimeout='30']
SELECT TOP(1) [t].[Id], [t].[CGST], [t].[IGST], [t].[SGST]
FROM [TaxSettings] AS [t]
2025-08-13 12:51:23.623 +05:30 [INF] Executing OkObjectResult, writing value of type 'AuthNet.Models.DTO.TaxSettingResponseDto'.
2025-08-13 12:51:23.624 +05:30 [INF] Executed action AuthNet.Controllers.TaxSettingsController.GetAll (AuthNet) in 12.1894ms
2025-08-13 12:51:23.624 +05:30 [INF] Executed endpoint 'AuthNet.Controllers.TaxSettingsController.GetAll (AuthNet)'
2025-08-13 12:51:23.624 +05:30 [INF] Request finished HTTP/1.1 GET https://localhost:7165/api/TaxSettings - 200 null application/json; charset=utf-8 12.9503ms
2025-08-13 12:52:13.832 +05:30 [INF] Request starting HTTP/1.1 GET https://localhost:7165/api/Sales/DailyProfit - null null
2025-08-13 12:52:13.832 +05:30 [INF] Executing endpoint 'AuthNet.Controllers.SalesController.GetDailyProfit (AuthNet)'
2025-08-13 12:52:13.832 +05:30 [INF] Route matched with {action = "GetDailyProfit", controller = "Sales"}. Executing controller action with signature System.Threading.Tasks.Task`1[Microsoft.AspNetCore.Mvc.IActionResult] GetDailyProfit() on controller AuthNet.Controllers.SalesController (AuthNet).
2025-08-13 12:52:13.874 +05:30 [INF] Executed DbCommand (40ms) [Parameters=[@__date_Date_0='?' (DbType = DateTime2)], CommandType='"Text"', CommandTimeout='30']
SELECT [s].[Id], [s].[ProductId], [s].[ProductName], [s].[Quantity], [s].[SaleId], [s].[TotalPrice], [s].[UnitPrice], [s0].[Id], [s0].[AfterTaxAmount], [s0].[CreatedAt], [s0].[DiscountedAmount], [s0].[InvoiceDate], [s0].[InvoiceNo], [s0].[PrincipalAmount], [s0].[Template], [s0].[TotalAmount]
FROM [SaleItems] AS [s]
INNER JOIN [Sales] AS [s0] ON [s].[SaleId] = [s0].[Id]
WHERE CONVERT(date, [s0].[InvoiceDate]) = @__date_Date_0
2025-08-13 12:52:13.904 +05:30 [INF] Executed DbCommand (21ms) [Parameters=[@__productIds_0='?' (Size = 4000)], CommandType='"Text"', CommandTimeout='30']
SELECT [p].[ProductId], [p].[CategoryId], [p].[CostPrice], [p].[Description], [p].[Name], [p].[ProductCode], [p].[ProductKey], [p].[SellPrice], [p].[SupplierId]
FROM [Products] AS [p]
WHERE [p].[ProductId] IN (
    SELECT [p0].[value]
    FROM OPENJSON(@__productIds_0) WITH ([value] int '$') AS [p0]
)
2025-08-13 12:52:13.904 +05:30 [INF] Executing OkObjectResult, writing value of type 'AuthNet.Models.DTO.DailyProfitDto'.
2025-08-13 12:52:13.904 +05:30 [INF] Executed action AuthNet.Controllers.SalesController.GetDailyProfit (AuthNet) in 71.6899ms
2025-08-13 12:52:13.904 +05:30 [INF] Executed endpoint 'AuthNet.Controllers.SalesController.GetDailyProfit (AuthNet)'
2025-08-13 12:52:13.905 +05:30 [INF] Request finished HTTP/1.1 GET https://localhost:7165/api/Sales/DailyProfit - 200 null application/json; charset=utf-8 72.9739ms
2025-08-13 12:52:13.965 +05:30 [INF] Request starting HTTP/1.1 GET https://localhost:7165/api/Sales/CurrentMonthProfit - null null
2025-08-13 12:52:13.965 +05:30 [INF] Executing endpoint 'AuthNet.Controllers.SalesController.GetCurrentMonthProfit (AuthNet)'
2025-08-13 12:52:13.965 +05:30 [INF] Route matched with {action = "GetCurrentMonthProfit", controller = "Sales"}. Executing controller action with signature System.Threading.Tasks.Task`1[Microsoft.AspNetCore.Mvc.IActionResult] GetCurrentMonthProfit() on controller AuthNet.Controllers.SalesController (AuthNet).
2025-08-13 12:52:13.979 +05:30 [INF] Executed DbCommand (12ms) [Parameters=[@__currentYear_0='?' (DbType = Int32), @__currentMonth_1='?' (DbType = Int32)], CommandType='"Text"', CommandTimeout='30']
SELECT [s].[Id], [s].[ProductId], [s].[ProductName], [s].[Quantity], [s].[SaleId], [s].[TotalPrice], [s].[UnitPrice], [s0].[Id], [s0].[AfterTaxAmount], [s0].[CreatedAt], [s0].[DiscountedAmount], [s0].[InvoiceDate], [s0].[InvoiceNo], [s0].[PrincipalAmount], [s0].[Template], [s0].[TotalAmount]
FROM [SaleItems] AS [s]
INNER JOIN [Sales] AS [s0] ON [s].[SaleId] = [s0].[Id]
WHERE DATEPART(year, [s0].[InvoiceDate]) = @__currentYear_0 AND DATEPART(month, [s0].[InvoiceDate]) = @__currentMonth_1
2025-08-13 12:52:13.982 +05:30 [INF] Executed DbCommand (2ms) [Parameters=[@__productIds_0='?' (Size = 4000)], CommandType='"Text"', CommandTimeout='30']
SELECT [p].[ProductId], [p].[CategoryId], [p].[CostPrice], [p].[Description], [p].[Name], [p].[ProductCode], [p].[ProductKey], [p].[SellPrice], [p].[SupplierId]
FROM [Products] AS [p]
WHERE [p].[ProductId] IN (
    SELECT [p0].[value]
    FROM OPENJSON(@__productIds_0) WITH ([value] int '$') AS [p0]
)
2025-08-13 12:52:13.983 +05:30 [INF] Executing OkObjectResult, writing value of type 'AuthNet.Models.DTO.MonthlyProfitDto'.
2025-08-13 12:52:13.983 +05:30 [INF] Executed action AuthNet.Controllers.SalesController.GetCurrentMonthProfit (AuthNet) in 17.5497ms
2025-08-13 12:52:13.983 +05:30 [INF] Executed endpoint 'AuthNet.Controllers.SalesController.GetCurrentMonthProfit (AuthNet)'
2025-08-13 12:52:13.984 +05:30 [INF] Request finished HTTP/1.1 GET https://localhost:7165/api/Sales/CurrentMonthProfit - 200 null application/json; charset=utf-8 18.6404ms
2025-08-13 12:52:14.007 +05:30 [INF] Request starting HTTP/1.1 GET https://localhost:7165/api/Sales/CurrentYearProfit - null null
2025-08-13 12:52:14.007 +05:30 [INF] Executing endpoint 'AuthNet.Controllers.SalesController.GetCurrentYearProfit (AuthNet)'
2025-08-13 12:52:14.007 +05:30 [INF] Route matched with {action = "GetCurrentYearProfit", controller = "Sales"}. Executing controller action with signature System.Threading.Tasks.Task`1[Microsoft.AspNetCore.Mvc.IActionResult] GetCurrentYearProfit() on controller AuthNet.Controllers.SalesController (AuthNet).
2025-08-13 12:52:14.019 +05:30 [INF] Executed DbCommand (10ms) [Parameters=[@__currentYear_0='?' (DbType = Int32)], CommandType='"Text"', CommandTimeout='30']
SELECT [s].[Id], [s].[ProductId], [s].[ProductName], [s].[Quantity], [s].[SaleId], [s].[TotalPrice], [s].[UnitPrice], [s0].[Id], [s0].[AfterTaxAmount], [s0].[CreatedAt], [s0].[DiscountedAmount], [s0].[InvoiceDate], [s0].[InvoiceNo], [s0].[PrincipalAmount], [s0].[Template], [s0].[TotalAmount]
FROM [SaleItems] AS [s]
INNER JOIN [Sales] AS [s0] ON [s].[SaleId] = [s0].[Id]
WHERE DATEPART(year, [s0].[InvoiceDate]) = @__currentYear_0
2025-08-13 12:52:14.023 +05:30 [INF] Executed DbCommand (2ms) [Parameters=[@__productIds_0='?' (Size = 4000)], CommandType='"Text"', CommandTimeout='30']
SELECT [p].[ProductId], [p].[CategoryId], [p].[CostPrice], [p].[Description], [p].[Name], [p].[ProductCode], [p].[ProductKey], [p].[SellPrice], [p].[SupplierId]
FROM [Products] AS [p]
WHERE [p].[ProductId] IN (
    SELECT [p0].[value]
    FROM OPENJSON(@__productIds_0) WITH ([value] int '$') AS [p0]
)
2025-08-13 12:52:14.025 +05:30 [INF] Executing OkObjectResult, writing value of type 'AuthNet.Models.DTO.YearlyProfitDto'.
2025-08-13 12:52:14.026 +05:30 [INF] Executed action AuthNet.Controllers.SalesController.GetCurrentYearProfit (AuthNet) in 18.2586ms
2025-08-13 12:52:14.026 +05:30 [INF] Executed endpoint 'AuthNet.Controllers.SalesController.GetCurrentYearProfit (AuthNet)'
2025-08-13 12:52:14.026 +05:30 [INF] Request finished HTTP/1.1 GET https://localhost:7165/api/Sales/CurrentYearProfit - 200 null application/json; charset=utf-8 19.6219ms
2025-08-13 12:52:14.055 +05:30 [INF] Request starting HTTP/1.1 GET https://localhost:7165/api/Products/count - null null
2025-08-13 12:52:14.055 +05:30 [INF] Executing endpoint 'AuthNet.Controllers.ProductsController.GetProductCount (AuthNet)'
2025-08-13 12:52:14.056 +05:30 [INF] Route matched with {action = "GetProductCount", controller = "Products"}. Executing controller action with signature System.Threading.Tasks.Task`1[Microsoft.AspNetCore.Mvc.IActionResult] GetProductCount() on controller AuthNet.Controllers.ProductsController (AuthNet).
2025-08-13 12:52:14.081 +05:30 [INF] Executed DbCommand (20ms) [Parameters=[], CommandType='"Text"', CommandTimeout='30']
SELECT COUNT(*)
FROM [Products] AS [p]
2025-08-13 12:52:14.081 +05:30 [INF] Executing OkObjectResult, writing value of type 'System.Int32'.
2025-08-13 12:52:14.081 +05:30 [INF] Executed action AuthNet.Controllers.ProductsController.GetProductCount (AuthNet) in 25.4855ms
2025-08-13 12:52:14.081 +05:30 [INF] Executed endpoint 'AuthNet.Controllers.ProductsController.GetProductCount (AuthNet)'
2025-08-13 12:52:14.082 +05:30 [INF] Request finished HTTP/1.1 GET https://localhost:7165/api/Products/count - 200 null application/json; charset=utf-8 26.9086ms
2025-08-13 12:52:14.120 +05:30 [INF] Request starting HTTP/1.1 GET https://localhost:7165/api/Suppliers/count - null null
2025-08-13 12:52:14.121 +05:30 [INF] Executing endpoint 'AuthNet.Controllers.SuppliersController.GetSupplierCount (AuthNet)'
2025-08-13 12:52:14.121 +05:30 [INF] Route matched with {action = "GetSupplierCount", controller = "Suppliers"}. Executing controller action with signature System.Threading.Tasks.Task`1[Microsoft.AspNetCore.Mvc.IActionResult] GetSupplierCount() on controller AuthNet.Controllers.SuppliersController (AuthNet).
2025-08-13 12:52:14.129 +05:30 [INF] Executed DbCommand (6ms) [Parameters=[], CommandType='"Text"', CommandTimeout='30']
SELECT COUNT(*)
FROM [Suppliers] AS [s]
2025-08-13 12:52:14.129 +05:30 [INF] Executing OkObjectResult, writing value of type 'System.Int32'.
2025-08-13 12:52:14.129 +05:30 [INF] Executed action AuthNet.Controllers.SuppliersController.GetSupplierCount (AuthNet) in 8.5114ms
2025-08-13 12:52:14.129 +05:30 [INF] Executed endpoint 'AuthNet.Controllers.SuppliersController.GetSupplierCount (AuthNet)'
2025-08-13 12:52:14.130 +05:30 [INF] Request finished HTTP/1.1 GET https://localhost:7165/api/Suppliers/count - 200 null application/json; charset=utf-8 9.3854ms
2025-08-13 12:52:14.147 +05:30 [INF] Request starting HTTP/1.1 GET https://localhost:7165/api/Categories/count - null null
2025-08-13 12:52:14.147 +05:30 [INF] Executing endpoint 'AuthNet.Controllers.CategoriesController.GetCategoryCount (AuthNet)'
2025-08-13 12:52:14.147 +05:30 [INF] Route matched with {action = "GetCategoryCount", controller = "Categories"}. Executing controller action with signature System.Threading.Tasks.Task`1[Microsoft.AspNetCore.Mvc.IActionResult] GetCategoryCount() on controller AuthNet.Controllers.CategoriesController (AuthNet).
2025-08-13 12:52:14.153 +05:30 [INF] Executed DbCommand (4ms) [Parameters=[], CommandType='"Text"', CommandTimeout='30']
SELECT COUNT(*)
FROM [Categories] AS [c]
2025-08-13 12:52:14.153 +05:30 [INF] Executing OkObjectResult, writing value of type 'System.Int32'.
2025-08-13 12:52:14.153 +05:30 [INF] Executed action AuthNet.Controllers.CategoriesController.GetCategoryCount (AuthNet) in 5.7815ms
2025-08-13 12:52:14.153 +05:30 [INF] Executed endpoint 'AuthNet.Controllers.CategoriesController.GetCategoryCount (AuthNet)'
2025-08-13 12:52:14.155 +05:30 [INF] Request finished HTTP/1.1 GET https://localhost:7165/api/Categories/count - 200 null application/json; charset=utf-8 7.7779ms
2025-08-13 12:52:14.182 +05:30 [INF] Request starting HTTP/1.1 GET https://localhost:7165/api/Orders/count - null null
2025-08-13 12:52:14.183 +05:30 [INF] Executing endpoint 'AuthNet.Controllers.OrdersController.GetOrderCount (AuthNet)'
2025-08-13 12:52:14.183 +05:30 [INF] Route matched with {action = "GetOrderCount", controller = "Orders"}. Executing controller action with signature System.Threading.Tasks.Task`1[Microsoft.AspNetCore.Mvc.IActionResult] GetOrderCount() on controller AuthNet.Controllers.OrdersController (AuthNet).
2025-08-13 12:52:14.190 +05:30 [INF] Executed DbCommand (5ms) [Parameters=[], CommandType='"Text"', CommandTimeout='30']
SELECT COUNT(*)
FROM [Orders] AS [o]
2025-08-13 12:52:14.192 +05:30 [INF] Executing OkObjectResult, writing value of type 'System.Int32'.
2025-08-13 12:52:14.192 +05:30 [INF] Executed action AuthNet.Controllers.OrdersController.GetOrderCount (AuthNet) in 9.0275ms
2025-08-13 12:52:14.192 +05:30 [INF] Executed endpoint 'AuthNet.Controllers.OrdersController.GetOrderCount (AuthNet)'
2025-08-13 12:52:14.192 +05:30 [INF] Request finished HTTP/1.1 GET https://localhost:7165/api/Orders/count - 200 null application/json; charset=utf-8 9.9554ms
2025-08-13 12:52:14.211 +05:30 [INF] Request starting HTTP/1.1 GET https://localhost:7165/api/Customers/count - null null
2025-08-13 12:52:14.211 +05:30 [INF] Executing endpoint 'AuthNet.Controllers.CustomersController.GetCustomerCount (AuthNet)'
2025-08-13 12:52:14.212 +05:30 [INF] Route matched with {action = "GetCustomerCount", controller = "Customers"}. Executing controller action with signature System.Threading.Tasks.Task`1[Microsoft.AspNetCore.Mvc.IActionResult] GetCustomerCount() on controller AuthNet.Controllers.CustomersController (AuthNet).
2025-08-13 12:52:14.218 +05:30 [INF] Executed DbCommand (5ms) [Parameters=[], CommandType='"Text"', CommandTimeout='30']
SELECT COUNT(*)
FROM [Customers] AS [c]
2025-08-13 12:52:14.218 +05:30 [INF] Executing OkObjectResult, writing value of type 'System.Int32'.
2025-08-13 12:52:14.218 +05:30 [INF] Executed action AuthNet.Controllers.CustomersController.GetCustomerCount (AuthNet) in 6.1367ms
2025-08-13 12:52:14.218 +05:30 [INF] Executed endpoint 'AuthNet.Controllers.CustomersController.GetCustomerCount (AuthNet)'
2025-08-13 12:52:14.218 +05:30 [INF] Request finished HTTP/1.1 GET https://localhost:7165/api/Customers/count - 200 null application/json; charset=utf-8 7.3675ms
2025-08-13 12:52:14.247 +05:30 [INF] Request starting HTTP/1.1 GET https://localhost:7165/api/Tasks - null null
2025-08-13 12:52:14.248 +05:30 [INF] Executing endpoint 'AuthNet.Controllers.TasksController.GetTasks (AuthNet)'
2025-08-13 12:52:14.248 +05:30 [INF] Route matched with {action = "GetTasks", controller = "Tasks"}. Executing controller action with signature Microsoft.AspNetCore.Mvc.IActionResult GetTasks() on controller AuthNet.Controllers.TasksController (AuthNet).
2025-08-13 12:52:14.255 +05:30 [INF] Executed DbCommand (4ms) [Parameters=[], CommandType='"Text"', CommandTimeout='30']
SELECT [t].[Id], [t].[Title], [t].[DueDate]
FROM [Tasks] AS [t]
2025-08-13 12:52:14.255 +05:30 [INF] Executing OkObjectResult, writing value of type 'System.Collections.Generic.List`1[[AuthNet.Models.DTO.TaskItemDto, AuthNet, Version=1.0.0.0, Culture=neutral, PublicKeyToken=null]]'.
2025-08-13 12:52:14.256 +05:30 [INF] Executed action AuthNet.Controllers.TasksController.GetTasks (AuthNet) in 7.3059ms
2025-08-13 12:52:14.256 +05:30 [INF] Executed endpoint 'AuthNet.Controllers.TasksController.GetTasks (AuthNet)'
2025-08-13 12:52:14.256 +05:30 [INF] Request finished HTTP/1.1 GET https://localhost:7165/api/Tasks - 200 null application/json; charset=utf-8 8.328ms
2025-08-13 12:52:14.298 +05:30 [INF] Request starting HTTP/1.1 GET https://localhost:7165/api/Settings/Get - null null
2025-08-13 12:52:14.299 +05:30 [INF] Executing endpoint 'AuthNet.Controllers.SettingsController.GetCompanyInfo (AuthNet)'
2025-08-13 12:52:14.299 +05:30 [INF] Route matched with {action = "GetCompanyInfo", controller = "Settings"}. Executing controller action with signature System.Threading.Tasks.Task`1[Microsoft.AspNetCore.Mvc.IActionResult] GetCompanyInfo() on controller AuthNet.Controllers.SettingsController (AuthNet).
2025-08-13 12:52:14.305 +05:30 [INF] Executed DbCommand (5ms) [Parameters=[], CommandType='"Text"', CommandTimeout='30']
SELECT TOP(1) [c].[Id], [c].[Address], [c].[AlternateContactNumber], [c].[ContactNumber], [c].[Email], [c].[GSTIN], [c].[LogoFileExtension], [c].[LogoFilePath], [c].[LogoFileSizeInBytes], [c].[LogoName], [c].[Name], [c].[SignFileExtension], [c].[SignFilePath], [c].[SignFileSizeInBytes], [c].[SignName]
FROM [CompanyInfos] AS [c]
2025-08-13 12:52:14.306 +05:30 [INF] Executing OkObjectResult, writing value of type 'AuthNet.Models.DTO.CompanyInfoResponseDto'.
2025-08-13 12:52:14.307 +05:30 [INF] Executed action AuthNet.Controllers.SettingsController.GetCompanyInfo (AuthNet) in 7.4741ms
2025-08-13 12:52:14.308 +05:30 [INF] Executed endpoint 'AuthNet.Controllers.SettingsController.GetCompanyInfo (AuthNet)'
2025-08-13 12:52:14.308 +05:30 [INF] Request finished HTTP/1.1 GET https://localhost:7165/api/Settings/Get - 200 null application/json; charset=utf-8 9.7899ms
2025-08-13 12:52:14.469 +05:30 [INF] Request starting HTTP/2 GET https://localhost:7165/api/Sales/WeeklyProfit - null null
2025-08-13 12:52:14.469 +05:30 [INF] CORS policy execution successful.
2025-08-13 12:52:14.469 +05:30 [INF] Executing endpoint 'AuthNet.Controllers.SalesController.GetWeeklyProfit (AuthNet)'
2025-08-13 12:52:14.469 +05:30 [INF] Request starting HTTP/2 GET https://localhost:7165/api/Products/CategoryWiseProductCount - null null
2025-08-13 12:52:14.470 +05:30 [INF] Route matched with {action = "GetWeeklyProfit", controller = "Sales"}. Executing controller action with signature System.Threading.Tasks.Task`1[Microsoft.AspNetCore.Mvc.IActionResult] GetWeeklyProfit() on controller AuthNet.Controllers.SalesController (AuthNet).
2025-08-13 12:52:14.470 +05:30 [INF] CORS policy execution successful.
2025-08-13 12:52:14.470 +05:30 [INF] Executing endpoint 'AuthNet.Controllers.ProductsController.GetCategoryWiseProductCount (AuthNet)'
2025-08-13 12:52:14.470 +05:30 [INF] Route matched with {action = "GetCategoryWiseProductCount", controller = "Products"}. Executing controller action with signature System.Threading.Tasks.Task`1[Microsoft.AspNetCore.Mvc.IActionResult] GetCategoryWiseProductCount() on controller AuthNet.Controllers.ProductsController (AuthNet).
2025-08-13 12:52:14.512 +05:30 [INF] Executed DbCommand (41ms) [Parameters=[], CommandType='"Text"', CommandTimeout='30']
SELECT [c].[Name] AS [CategoryName], COUNT(*) AS [ProductCount]
FROM [Products] AS [p]
LEFT JOIN [Categories] AS [c] ON [p].[CategoryId] = [c].[CategoryId]
WHERE [c].[CategoryId] IS NOT NULL
GROUP BY [c].[Name]
2025-08-13 12:52:14.606 +05:30 [INF] Executed DbCommand (93ms) [Parameters=[@__startDate_0='?' (DbType = DateTime2), @__endDate_1='?' (DbType = DateTime2)], CommandType='"Text"', CommandTimeout='30']
SELECT [s].[Id], [s].[ProductId], [s].[ProductName], [s].[Quantity], [s].[SaleId], [s].[TotalPrice], [s].[UnitPrice], [s0].[Id], [s0].[AfterTaxAmount], [s0].[CreatedAt], [s0].[DiscountedAmount], [s0].[InvoiceDate], [s0].[InvoiceNo], [s0].[PrincipalAmount], [s0].[Template], [s0].[TotalAmount]
FROM [SaleItems] AS [s]
INNER JOIN [Sales] AS [s0] ON [s].[SaleId] = [s0].[Id]
WHERE CONVERT(date, [s0].[InvoiceDate]) >= @__startDate_0 AND CONVERT(date, [s0].[InvoiceDate]) <= @__endDate_1
2025-08-13 12:52:14.609 +05:30 [INF] Executing OkObjectResult, writing value of type 'System.Collections.Generic.List`1[[AuthNet.Models.DTO.CategoryProductCountDto, AuthNet, Version=1.0.0.0, Culture=neutral, PublicKeyToken=null]]'.
2025-08-13 12:52:14.609 +05:30 [INF] Executed action AuthNet.Controllers.ProductsController.GetCategoryWiseProductCount (AuthNet) in 139.3578ms
2025-08-13 12:52:14.609 +05:30 [INF] Executed endpoint 'AuthNet.Controllers.ProductsController.GetCategoryWiseProductCount (AuthNet)'
2025-08-13 12:52:14.610 +05:30 [INF] Request finished HTTP/2 GET https://localhost:7165/api/Products/CategoryWiseProductCount - 200 null application/json; charset=utf-8 140.0646ms
2025-08-13 12:52:14.689 +05:30 [INF] Executed DbCommand (83ms) [Parameters=[@__productIds_0='?' (Size = 4000)], CommandType='"Text"', CommandTimeout='30']
SELECT [p].[ProductId], [p].[CategoryId], [p].[CostPrice], [p].[Description], [p].[Name], [p].[ProductCode], [p].[ProductKey], [p].[SellPrice], [p].[SupplierId]
FROM [Products] AS [p]
WHERE [p].[ProductId] IN (
    SELECT [p0].[value]
    FROM OPENJSON(@__productIds_0) WITH ([value] int '$') AS [p0]
)
2025-08-13 12:52:14.690 +05:30 [INF] Executing OkObjectResult, writing value of type 'System.Collections.Generic.List`1[[AuthNet.Models.DTO.DailyProfitDto, AuthNet, Version=1.0.0.0, Culture=neutral, PublicKeyToken=null]]'.
2025-08-13 12:52:14.701 +05:30 [INF] Executed action AuthNet.Controllers.SalesController.GetWeeklyProfit (AuthNet) in 231.4235ms
2025-08-13 12:52:14.701 +05:30 [INF] Executed endpoint 'AuthNet.Controllers.SalesController.GetWeeklyProfit (AuthNet)'
2025-08-13 12:52:14.701 +05:30 [INF] Request finished HTTP/2 GET https://localhost:7165/api/Sales/WeeklyProfit - 200 null application/json; charset=utf-8 232.4872ms
2025-08-13 12:52:17.722 +05:30 [INF] Request starting HTTP/1.1 GET https://localhost:7165/api/Settings/Get - null null
2025-08-13 12:52:17.723 +05:30 [INF] Executing endpoint 'AuthNet.Controllers.SettingsController.GetCompanyInfo (AuthNet)'
2025-08-13 12:52:17.723 +05:30 [INF] Route matched with {action = "GetCompanyInfo", controller = "Settings"}. Executing controller action with signature System.Threading.Tasks.Task`1[Microsoft.AspNetCore.Mvc.IActionResult] GetCompanyInfo() on controller AuthNet.Controllers.SettingsController (AuthNet).
2025-08-13 12:52:17.731 +05:30 [INF] Executed DbCommand (4ms) [Parameters=[], CommandType='"Text"', CommandTimeout='30']
SELECT TOP(1) [c].[Id], [c].[Address], [c].[AlternateContactNumber], [c].[ContactNumber], [c].[Email], [c].[GSTIN], [c].[LogoFileExtension], [c].[LogoFilePath], [c].[LogoFileSizeInBytes], [c].[LogoName], [c].[Name], [c].[SignFileExtension], [c].[SignFilePath], [c].[SignFileSizeInBytes], [c].[SignName]
FROM [CompanyInfos] AS [c]
2025-08-13 12:52:17.732 +05:30 [INF] Executing OkObjectResult, writing value of type 'AuthNet.Models.DTO.CompanyInfoResponseDto'.
2025-08-13 12:52:17.732 +05:30 [INF] Executed action AuthNet.Controllers.SettingsController.GetCompanyInfo (AuthNet) in 9.193ms
2025-08-13 12:52:17.732 +05:30 [INF] Executed endpoint 'AuthNet.Controllers.SettingsController.GetCompanyInfo (AuthNet)'
2025-08-13 12:52:17.733 +05:30 [INF] Request finished HTTP/1.1 GET https://localhost:7165/api/Settings/Get - 200 null application/json; charset=utf-8 10.2533ms
2025-08-13 12:54:10.110 +05:30 [INF] Request starting HTTP/1.1 GET https://localhost:7165/api/Products - null null
2025-08-13 12:54:10.110 +05:30 [INF] Executing endpoint 'AuthNet.Controllers.ProductsController.GetAll (AuthNet)'
2025-08-13 12:54:10.110 +05:30 [INF] Route matched with {action = "GetAll", controller = "Products"}. Executing controller action with signature System.Threading.Tasks.Task`1[Microsoft.AspNetCore.Mvc.IActionResult] GetAll() on controller AuthNet.Controllers.ProductsController (AuthNet).
2025-08-13 12:54:10.140 +05:30 [INF] Executed DbCommand (25ms) [Parameters=[], CommandType='"Text"', CommandTimeout='30']
SELECT [p].[ProductId], [p].[CategoryId], [p].[CostPrice], [p].[Description], [p].[Name], [p].[ProductCode], [p].[ProductKey], [p].[SellPrice], [p].[SupplierId]
FROM [Products] AS [p]
2025-08-13 12:54:10.144 +05:30 [INF] Executing OkObjectResult, writing value of type 'System.Collections.Generic.List`1[[AuthNet.Models.Domain.Product, AuthNet, Version=1.0.0.0, Culture=neutral, PublicKeyToken=null]]'.
2025-08-13 12:54:10.144 +05:30 [INF] Executed action AuthNet.Controllers.ProductsController.GetAll (AuthNet) in 34.1994ms
2025-08-13 12:54:10.145 +05:30 [INF] Executed endpoint 'AuthNet.Controllers.ProductsController.GetAll (AuthNet)'
2025-08-13 12:54:10.145 +05:30 [INF] Request finished HTTP/1.1 GET https://localhost:7165/api/Products - 200 null application/json; charset=utf-8 35.6241ms
2025-08-13 12:54:10.188 +05:30 [INF] Request starting HTTP/1.1 GET https://localhost:7165/api/categories - null null
2025-08-13 12:54:10.189 +05:30 [INF] Executing endpoint 'AuthNet.Controllers.CategoriesController.GetAll (AuthNet)'
2025-08-13 12:54:10.189 +05:30 [INF] Route matched with {action = "GetAll", controller = "Categories"}. Executing controller action with signature System.Threading.Tasks.Task`1[Microsoft.AspNetCore.Mvc.IActionResult] GetAll() on controller AuthNet.Controllers.CategoriesController (AuthNet).
2025-08-13 12:54:10.195 +05:30 [INF] Executed DbCommand (5ms) [Parameters=[], CommandType='"Text"', CommandTimeout='30']
SELECT [c].[CategoryId], [c].[Description], [c].[Name]
FROM [Categories] AS [c]
2025-08-13 12:54:10.195 +05:30 [INF] Executing OkObjectResult, writing value of type 'System.Collections.Generic.List`1[[AuthNet.Models.Domain.Category, AuthNet, Version=1.0.0.0, Culture=neutral, PublicKeyToken=null]]'.
2025-08-13 12:54:10.195 +05:30 [INF] Executed action AuthNet.Controllers.CategoriesController.GetAll (AuthNet) in 6.3865ms
2025-08-13 12:54:10.195 +05:30 [INF] Executed endpoint 'AuthNet.Controllers.CategoriesController.GetAll (AuthNet)'
2025-08-13 12:54:10.196 +05:30 [INF] Request finished HTTP/1.1 GET https://localhost:7165/api/categories - 200 null application/json; charset=utf-8 7.3167ms
2025-08-13 12:54:10.220 +05:30 [INF] Request starting HTTP/1.1 GET https://localhost:7165/api/suppliers - null null
2025-08-13 12:54:10.220 +05:30 [INF] Executing endpoint 'AuthNet.Controllers.SuppliersController.GetAll (AuthNet)'
2025-08-13 12:54:10.220 +05:30 [INF] Route matched with {action = "GetAll", controller = "Suppliers"}. Executing controller action with signature System.Threading.Tasks.Task`1[Microsoft.AspNetCore.Mvc.IActionResult] GetAll() on controller AuthNet.Controllers.SuppliersController (AuthNet).
2025-08-13 12:54:10.230 +05:30 [INF] Executed DbCommand (8ms) [Parameters=[], CommandType='"Text"', CommandTimeout='30']
SELECT [s].[SupplierId], [s].[CompanyName], [s].[ContactName], [s].[Phone], [s].[Address]
FROM [Suppliers] AS [s]
2025-08-13 12:54:10.230 +05:30 [INF] Executing OkObjectResult, writing value of type 'System.Collections.Generic.List`1[[AuthNet.Models.DTO.SupplierViewModel, AuthNet, Version=1.0.0.0, Culture=neutral, PublicKeyToken=null]]'.
2025-08-13 12:54:10.230 +05:30 [INF] Executed action AuthNet.Controllers.SuppliersController.GetAll (AuthNet) in 9.8125ms
2025-08-13 12:54:10.230 +05:30 [INF] Executed endpoint 'AuthNet.Controllers.SuppliersController.GetAll (AuthNet)'
2025-08-13 12:54:10.231 +05:30 [INF] Request finished HTTP/1.1 GET https://localhost:7165/api/suppliers - 200 null application/json; charset=utf-8 10.8715ms
2025-08-13 12:54:11.794 +05:30 [INF] Request starting HTTP/1.1 GET https://localhost:7165/api/Products - null null
2025-08-13 12:54:11.794 +05:30 [INF] Executing endpoint 'AuthNet.Controllers.ProductsController.GetAll (AuthNet)'
2025-08-13 12:54:11.794 +05:30 [INF] Route matched with {action = "GetAll", controller = "Products"}. Executing controller action with signature System.Threading.Tasks.Task`1[Microsoft.AspNetCore.Mvc.IActionResult] GetAll() on controller AuthNet.Controllers.ProductsController (AuthNet).
2025-08-13 12:54:11.805 +05:30 [INF] Executed DbCommand (9ms) [Parameters=[], CommandType='"Text"', CommandTimeout='30']
SELECT [p].[ProductId], [p].[CategoryId], [p].[CostPrice], [p].[Description], [p].[Name], [p].[ProductCode], [p].[ProductKey], [p].[SellPrice], [p].[SupplierId]
FROM [Products] AS [p]
2025-08-13 12:54:11.805 +05:30 [INF] Executing OkObjectResult, writing value of type 'System.Collections.Generic.List`1[[AuthNet.Models.Domain.Product, AuthNet, Version=1.0.0.0, Culture=neutral, PublicKeyToken=null]]'.
2025-08-13 12:54:11.806 +05:30 [INF] Executed action AuthNet.Controllers.ProductsController.GetAll (AuthNet) in 11.0276ms
2025-08-13 12:54:11.806 +05:30 [INF] Executed endpoint 'AuthNet.Controllers.ProductsController.GetAll (AuthNet)'
2025-08-13 12:54:11.806 +05:30 [INF] Request finished HTTP/1.1 GET https://localhost:7165/api/Products - 200 null application/json; charset=utf-8 12.1652ms
2025-08-13 12:54:11.838 +05:30 [INF] Request starting HTTP/1.1 GET https://localhost:7165/api/InvoiceTemplates - null null
2025-08-13 12:54:11.838 +05:30 [INF] Executing endpoint 'AuthNet.Controllers.InvoiceTemplatesController.GetAll (AuthNet)'
2025-08-13 12:54:11.839 +05:30 [INF] Route matched with {action = "GetAll", controller = "InvoiceTemplates"}. Executing controller action with signature System.Threading.Tasks.Task`1[Microsoft.AspNetCore.Mvc.IActionResult] GetAll() on controller AuthNet.Controllers.InvoiceTemplatesController (AuthNet).
2025-08-13 12:54:11.888 +05:30 [INF] Executed DbCommand (48ms) [Parameters=[], CommandType='"Text"', CommandTimeout='30']
SELECT [i].[Id], [i].[Layout], [i].[Notes], [i].[TermsAndConditions]
FROM [InvoiceTemplates] AS [i]
2025-08-13 12:54:11.889 +05:30 [INF] Executing OkObjectResult, writing value of type 'System.Collections.Generic.List`1[[AuthNet.Models.Domain.InvoiceTemplate, AuthNet, Version=1.0.0.0, Culture=neutral, PublicKeyToken=null]]'.
2025-08-13 12:54:11.889 +05:30 [INF] Executed action AuthNet.Controllers.InvoiceTemplatesController.GetAll (AuthNet) in 49.9986ms
2025-08-13 12:54:11.889 +05:30 [INF] Executed endpoint 'AuthNet.Controllers.InvoiceTemplatesController.GetAll (AuthNet)'
2025-08-13 12:54:11.889 +05:30 [INF] Request finished HTTP/1.1 GET https://localhost:7165/api/InvoiceTemplates - 200 null application/json; charset=utf-8 51.2103ms
2025-08-13 12:54:11.921 +05:30 [INF] Request starting HTTP/1.1 GET https://localhost:7165/api/categories - null null
2025-08-13 12:54:11.922 +05:30 [INF] Executing endpoint 'AuthNet.Controllers.CategoriesController.GetAll (AuthNet)'
2025-08-13 12:54:11.922 +05:30 [INF] Route matched with {action = "GetAll", controller = "Categories"}. Executing controller action with signature System.Threading.Tasks.Task`1[Microsoft.AspNetCore.Mvc.IActionResult] GetAll() on controller AuthNet.Controllers.CategoriesController (AuthNet).
2025-08-13 12:54:11.927 +05:30 [INF] Executed DbCommand (4ms) [Parameters=[], CommandType='"Text"', CommandTimeout='30']
SELECT [c].[CategoryId], [c].[Description], [c].[Name]
FROM [Categories] AS [c]
2025-08-13 12:54:11.928 +05:30 [INF] Executing OkObjectResult, writing value of type 'System.Collections.Generic.List`1[[AuthNet.Models.Domain.Category, AuthNet, Version=1.0.0.0, Culture=neutral, PublicKeyToken=null]]'.
2025-08-13 12:54:11.928 +05:30 [INF] Executed action AuthNet.Controllers.CategoriesController.GetAll (AuthNet) in 6.7501ms
2025-08-13 12:54:11.929 +05:30 [INF] Executed endpoint 'AuthNet.Controllers.CategoriesController.GetAll (AuthNet)'
2025-08-13 12:54:11.929 +05:30 [INF] Request finished HTTP/1.1 GET https://localhost:7165/api/categories - 200 null application/json; charset=utf-8 7.4999ms
2025-08-13 12:54:11.949 +05:30 [INF] Request starting HTTP/1.1 GET https://localhost:7165/api/Settings/Get - null null
2025-08-13 12:54:11.949 +05:30 [INF] Executing endpoint 'AuthNet.Controllers.SettingsController.GetCompanyInfo (AuthNet)'
2025-08-13 12:54:11.949 +05:30 [INF] Route matched with {action = "GetCompanyInfo", controller = "Settings"}. Executing controller action with signature System.Threading.Tasks.Task`1[Microsoft.AspNetCore.Mvc.IActionResult] GetCompanyInfo() on controller AuthNet.Controllers.SettingsController (AuthNet).
2025-08-13 12:54:11.962 +05:30 [INF] Executed DbCommand (12ms) [Parameters=[], CommandType='"Text"', CommandTimeout='30']
SELECT TOP(1) [c].[Id], [c].[Address], [c].[AlternateContactNumber], [c].[ContactNumber], [c].[Email], [c].[GSTIN], [c].[LogoFileExtension], [c].[LogoFilePath], [c].[LogoFileSizeInBytes], [c].[LogoName], [c].[Name], [c].[SignFileExtension], [c].[SignFilePath], [c].[SignFileSizeInBytes], [c].[SignName]
FROM [CompanyInfos] AS [c]
2025-08-13 12:54:11.963 +05:30 [INF] Executing OkObjectResult, writing value of type 'AuthNet.Models.DTO.CompanyInfoResponseDto'.
2025-08-13 12:54:11.963 +05:30 [INF] Executed action AuthNet.Controllers.SettingsController.GetCompanyInfo (AuthNet) in 13.4257ms
2025-08-13 12:54:11.963 +05:30 [INF] Executed endpoint 'AuthNet.Controllers.SettingsController.GetCompanyInfo (AuthNet)'
2025-08-13 12:54:11.963 +05:30 [INF] Request finished HTTP/1.1 GET https://localhost:7165/api/Settings/Get - 200 null application/json; charset=utf-8 14.6743ms
2025-08-13 12:54:11.990 +05:30 [INF] Request starting HTTP/1.1 GET https://localhost:7165/api/TaxSettings - null null
2025-08-13 12:54:11.991 +05:30 [INF] Executing endpoint 'AuthNet.Controllers.TaxSettingsController.GetAll (AuthNet)'
2025-08-13 12:54:11.991 +05:30 [INF] Route matched with {action = "GetAll", controller = "TaxSettings"}. Executing controller action with signature System.Threading.Tasks.Task`1[Microsoft.AspNetCore.Mvc.IActionResult] GetAll() on controller AuthNet.Controllers.TaxSettingsController (AuthNet).
2025-08-13 12:54:11.997 +05:30 [INF] Executed DbCommand (5ms) [Parameters=[], CommandType='"Text"', CommandTimeout='30']
SELECT TOP(1) [t].[Id], [t].[CGST], [t].[IGST], [t].[SGST]
FROM [TaxSettings] AS [t]
2025-08-13 12:54:11.998 +05:30 [INF] Executing OkObjectResult, writing value of type 'AuthNet.Models.DTO.TaxSettingResponseDto'.
2025-08-13 12:54:11.998 +05:30 [INF] Executed action AuthNet.Controllers.TaxSettingsController.GetAll (AuthNet) in 6.7037ms
2025-08-13 12:54:11.998 +05:30 [INF] Executed endpoint 'AuthNet.Controllers.TaxSettingsController.GetAll (AuthNet)'
2025-08-13 12:54:11.999 +05:30 [INF] Request finished HTTP/1.1 GET https://localhost:7165/api/TaxSettings - 200 null application/json; charset=utf-8 8.5947ms
2025-08-13 12:54:58.086 +05:30 [INF] Request starting HTTP/1.1 GET https://localhost:7165/api/Products - null null
2025-08-13 12:54:58.087 +05:30 [INF] Executing endpoint 'AuthNet.Controllers.ProductsController.GetAll (AuthNet)'
2025-08-13 12:54:58.087 +05:30 [INF] Route matched with {action = "GetAll", controller = "Products"}. Executing controller action with signature System.Threading.Tasks.Task`1[Microsoft.AspNetCore.Mvc.IActionResult] GetAll() on controller AuthNet.Controllers.ProductsController (AuthNet).
2025-08-13 12:54:58.108 +05:30 [INF] Executed DbCommand (19ms) [Parameters=[], CommandType='"Text"', CommandTimeout='30']
SELECT [p].[ProductId], [p].[CategoryId], [p].[CostPrice], [p].[Description], [p].[Name], [p].[ProductCode], [p].[ProductKey], [p].[SellPrice], [p].[SupplierId]
FROM [Products] AS [p]
2025-08-13 12:54:58.110 +05:30 [INF] Executing OkObjectResult, writing value of type 'System.Collections.Generic.List`1[[AuthNet.Models.Domain.Product, AuthNet, Version=1.0.0.0, Culture=neutral, PublicKeyToken=null]]'.
2025-08-13 12:54:58.121 +05:30 [INF] Executed action AuthNet.Controllers.ProductsController.GetAll (AuthNet) in 33.8759ms
2025-08-13 12:54:58.121 +05:30 [INF] Executed endpoint 'AuthNet.Controllers.ProductsController.GetAll (AuthNet)'
2025-08-13 12:54:58.125 +05:30 [INF] Request finished HTTP/1.1 GET https://localhost:7165/api/Products - 200 null application/json; charset=utf-8 39.3586ms
2025-08-13 12:54:58.184 +05:30 [INF] Request starting HTTP/1.1 GET https://localhost:7165/api/InvoiceTemplates - null null
2025-08-13 12:54:58.185 +05:30 [INF] Executing endpoint 'AuthNet.Controllers.InvoiceTemplatesController.GetAll (AuthNet)'
2025-08-13 12:54:58.185 +05:30 [INF] Route matched with {action = "GetAll", controller = "InvoiceTemplates"}. Executing controller action with signature System.Threading.Tasks.Task`1[Microsoft.AspNetCore.Mvc.IActionResult] GetAll() on controller AuthNet.Controllers.InvoiceTemplatesController (AuthNet).
2025-08-13 12:54:58.191 +05:30 [INF] Executed DbCommand (5ms) [Parameters=[], CommandType='"Text"', CommandTimeout='30']
SELECT [i].[Id], [i].[Layout], [i].[Notes], [i].[TermsAndConditions]
FROM [InvoiceTemplates] AS [i]
2025-08-13 12:54:58.192 +05:30 [INF] Executing OkObjectResult, writing value of type 'System.Collections.Generic.List`1[[AuthNet.Models.Domain.InvoiceTemplate, AuthNet, Version=1.0.0.0, Culture=neutral, PublicKeyToken=null]]'.
2025-08-13 12:54:58.192 +05:30 [INF] Executed action AuthNet.Controllers.InvoiceTemplatesController.GetAll (AuthNet) in 7.145ms
2025-08-13 12:54:58.192 +05:30 [INF] Executed endpoint 'AuthNet.Controllers.InvoiceTemplatesController.GetAll (AuthNet)'
2025-08-13 12:54:58.192 +05:30 [INF] Request finished HTTP/1.1 GET https://localhost:7165/api/InvoiceTemplates - 200 null application/json; charset=utf-8 8.5285ms
2025-08-13 12:54:58.210 +05:30 [INF] Request starting HTTP/1.1 GET https://localhost:7165/api/categories - null null
2025-08-13 12:54:58.211 +05:30 [INF] Executing endpoint 'AuthNet.Controllers.CategoriesController.GetAll (AuthNet)'
2025-08-13 12:54:58.211 +05:30 [INF] Route matched with {action = "GetAll", controller = "Categories"}. Executing controller action with signature System.Threading.Tasks.Task`1[Microsoft.AspNetCore.Mvc.IActionResult] GetAll() on controller AuthNet.Controllers.CategoriesController (AuthNet).
2025-08-13 12:54:58.220 +05:30 [INF] Executed DbCommand (7ms) [Parameters=[], CommandType='"Text"', CommandTimeout='30']
SELECT [c].[CategoryId], [c].[Description], [c].[Name]
FROM [Categories] AS [c]
2025-08-13 12:54:58.220 +05:30 [INF] Executing OkObjectResult, writing value of type 'System.Collections.Generic.List`1[[AuthNet.Models.Domain.Category, AuthNet, Version=1.0.0.0, Culture=neutral, PublicKeyToken=null]]'.
2025-08-13 12:54:58.220 +05:30 [INF] Executed action AuthNet.Controllers.CategoriesController.GetAll (AuthNet) in 9.0953ms
2025-08-13 12:54:58.221 +05:30 [INF] Executed endpoint 'AuthNet.Controllers.CategoriesController.GetAll (AuthNet)'
2025-08-13 12:54:58.221 +05:30 [INF] Request finished HTTP/1.1 GET https://localhost:7165/api/categories - 200 null application/json; charset=utf-8 10.4037ms
2025-08-13 12:54:58.249 +05:30 [INF] Request starting HTTP/1.1 GET https://localhost:7165/api/Settings/Get - null null
2025-08-13 12:54:58.250 +05:30 [INF] Executing endpoint 'AuthNet.Controllers.SettingsController.GetCompanyInfo (AuthNet)'
2025-08-13 12:54:58.250 +05:30 [INF] Route matched with {action = "GetCompanyInfo", controller = "Settings"}. Executing controller action with signature System.Threading.Tasks.Task`1[Microsoft.AspNetCore.Mvc.IActionResult] GetCompanyInfo() on controller AuthNet.Controllers.SettingsController (AuthNet).
2025-08-13 12:54:58.269 +05:30 [INF] Executed DbCommand (17ms) [Parameters=[], CommandType='"Text"', CommandTimeout='30']
SELECT TOP(1) [c].[Id], [c].[Address], [c].[AlternateContactNumber], [c].[ContactNumber], [c].[Email], [c].[GSTIN], [c].[LogoFileExtension], [c].[LogoFilePath], [c].[LogoFileSizeInBytes], [c].[LogoName], [c].[Name], [c].[SignFileExtension], [c].[SignFilePath], [c].[SignFileSizeInBytes], [c].[SignName]
FROM [CompanyInfos] AS [c]
2025-08-13 12:54:58.270 +05:30 [INF] Executing OkObjectResult, writing value of type 'AuthNet.Models.DTO.CompanyInfoResponseDto'.
2025-08-13 12:54:58.270 +05:30 [INF] Executed action AuthNet.Controllers.SettingsController.GetCompanyInfo (AuthNet) in 19.9398ms
2025-08-13 12:54:58.270 +05:30 [INF] Executed endpoint 'AuthNet.Controllers.SettingsController.GetCompanyInfo (AuthNet)'
2025-08-13 12:54:58.270 +05:30 [INF] Request finished HTTP/1.1 GET https://localhost:7165/api/Settings/Get - 200 null application/json; charset=utf-8 20.695ms
2025-08-13 12:54:58.293 +05:30 [INF] Request starting HTTP/1.1 GET https://localhost:7165/api/TaxSettings - null null
2025-08-13 12:54:58.294 +05:30 [INF] Executing endpoint 'AuthNet.Controllers.TaxSettingsController.GetAll (AuthNet)'
2025-08-13 12:54:58.294 +05:30 [INF] Route matched with {action = "GetAll", controller = "TaxSettings"}. Executing controller action with signature System.Threading.Tasks.Task`1[Microsoft.AspNetCore.Mvc.IActionResult] GetAll() on controller AuthNet.Controllers.TaxSettingsController (AuthNet).
2025-08-13 12:54:58.305 +05:30 [INF] Executed DbCommand (10ms) [Parameters=[], CommandType='"Text"', CommandTimeout='30']
SELECT TOP(1) [t].[Id], [t].[CGST], [t].[IGST], [t].[SGST]
FROM [TaxSettings] AS [t]
2025-08-13 12:54:58.306 +05:30 [INF] Executing OkObjectResult, writing value of type 'AuthNet.Models.DTO.TaxSettingResponseDto'.
2025-08-13 12:54:58.306 +05:30 [INF] Executed action AuthNet.Controllers.TaxSettingsController.GetAll (AuthNet) in 12.2973ms
2025-08-13 12:54:58.307 +05:30 [INF] Executed endpoint 'AuthNet.Controllers.TaxSettingsController.GetAll (AuthNet)'
2025-08-13 12:54:58.307 +05:30 [INF] Request finished HTTP/1.1 GET https://localhost:7165/api/TaxSettings - 200 null application/json; charset=utf-8 13.6964ms
2025-08-13 12:55:00.843 +05:30 [INF] Request starting HTTP/1.1 GET https://localhost:7165/api/Sales/DailyProfit - null null
2025-08-13 12:55:00.844 +05:30 [INF] Executing endpoint 'AuthNet.Controllers.SalesController.GetDailyProfit (AuthNet)'
2025-08-13 12:55:00.844 +05:30 [INF] Route matched with {action = "GetDailyProfit", controller = "Sales"}. Executing controller action with signature System.Threading.Tasks.Task`1[Microsoft.AspNetCore.Mvc.IActionResult] GetDailyProfit() on controller AuthNet.Controllers.SalesController (AuthNet).
2025-08-13 12:55:00.863 +05:30 [INF] Executed DbCommand (17ms) [Parameters=[@__date_Date_0='?' (DbType = DateTime2)], CommandType='"Text"', CommandTimeout='30']
SELECT [s].[Id], [s].[ProductId], [s].[ProductName], [s].[Quantity], [s].[SaleId], [s].[TotalPrice], [s].[UnitPrice], [s0].[Id], [s0].[AfterTaxAmount], [s0].[CreatedAt], [s0].[DiscountedAmount], [s0].[InvoiceDate], [s0].[InvoiceNo], [s0].[PrincipalAmount], [s0].[Template], [s0].[TotalAmount]
FROM [SaleItems] AS [s]
INNER JOIN [Sales] AS [s0] ON [s].[SaleId] = [s0].[Id]
WHERE CONVERT(date, [s0].[InvoiceDate]) = @__date_Date_0
2025-08-13 12:55:00.872 +05:30 [INF] Executed DbCommand (8ms) [Parameters=[@__productIds_0='?' (Size = 4000)], CommandType='"Text"', CommandTimeout='30']
SELECT [p].[ProductId], [p].[CategoryId], [p].[CostPrice], [p].[Description], [p].[Name], [p].[ProductCode], [p].[ProductKey], [p].[SellPrice], [p].[SupplierId]
FROM [Products] AS [p]
WHERE [p].[ProductId] IN (
    SELECT [p0].[value]
    FROM OPENJSON(@__productIds_0) WITH ([value] int '$') AS [p0]
)
2025-08-13 12:55:00.873 +05:30 [INF] Executing OkObjectResult, writing value of type 'AuthNet.Models.DTO.DailyProfitDto'.
2025-08-13 12:55:00.873 +05:30 [INF] Executed action AuthNet.Controllers.SalesController.GetDailyProfit (AuthNet) in 28.9659ms
2025-08-13 12:55:00.873 +05:30 [INF] Executed endpoint 'AuthNet.Controllers.SalesController.GetDailyProfit (AuthNet)'
2025-08-13 12:55:00.874 +05:30 [INF] Request finished HTTP/1.1 GET https://localhost:7165/api/Sales/DailyProfit - 200 null application/json; charset=utf-8 30.328ms
2025-08-13 12:55:00.894 +05:30 [INF] Request starting HTTP/1.1 GET https://localhost:7165/api/Sales/CurrentMonthProfit - null null
2025-08-13 12:55:00.895 +05:30 [INF] Executing endpoint 'AuthNet.Controllers.SalesController.GetCurrentMonthProfit (AuthNet)'
2025-08-13 12:55:00.895 +05:30 [INF] Route matched with {action = "GetCurrentMonthProfit", controller = "Sales"}. Executing controller action with signature System.Threading.Tasks.Task`1[Microsoft.AspNetCore.Mvc.IActionResult] GetCurrentMonthProfit() on controller AuthNet.Controllers.SalesController (AuthNet).
2025-08-13 12:55:00.909 +05:30 [INF] Executed DbCommand (12ms) [Parameters=[@__currentYear_0='?' (DbType = Int32), @__currentMonth_1='?' (DbType = Int32)], CommandType='"Text"', CommandTimeout='30']
SELECT [s].[Id], [s].[ProductId], [s].[ProductName], [s].[Quantity], [s].[SaleId], [s].[TotalPrice], [s].[UnitPrice], [s0].[Id], [s0].[AfterTaxAmount], [s0].[CreatedAt], [s0].[DiscountedAmount], [s0].[InvoiceDate], [s0].[InvoiceNo], [s0].[PrincipalAmount], [s0].[Template], [s0].[TotalAmount]
FROM [SaleItems] AS [s]
INNER JOIN [Sales] AS [s0] ON [s].[SaleId] = [s0].[Id]
WHERE DATEPART(year, [s0].[InvoiceDate]) = @__currentYear_0 AND DATEPART(month, [s0].[InvoiceDate]) = @__currentMonth_1
2025-08-13 12:55:00.912 +05:30 [INF] Executed DbCommand (2ms) [Parameters=[@__productIds_0='?' (Size = 4000)], CommandType='"Text"', CommandTimeout='30']
SELECT [p].[ProductId], [p].[CategoryId], [p].[CostPrice], [p].[Description], [p].[Name], [p].[ProductCode], [p].[ProductKey], [p].[SellPrice], [p].[SupplierId]
FROM [Products] AS [p]
WHERE [p].[ProductId] IN (
    SELECT [p0].[value]
    FROM OPENJSON(@__productIds_0) WITH ([value] int '$') AS [p0]
)
2025-08-13 12:55:00.913 +05:30 [INF] Executing OkObjectResult, writing value of type 'AuthNet.Models.DTO.MonthlyProfitDto'.
2025-08-13 12:55:00.913 +05:30 [INF] Executed action AuthNet.Controllers.SalesController.GetCurrentMonthProfit (AuthNet) in 17.8531ms
2025-08-13 12:55:00.913 +05:30 [INF] Executed endpoint 'AuthNet.Controllers.SalesController.GetCurrentMonthProfit (AuthNet)'
2025-08-13 12:55:00.914 +05:30 [INF] Request finished HTTP/1.1 GET https://localhost:7165/api/Sales/CurrentMonthProfit - 200 null application/json; charset=utf-8 19.2646ms
2025-08-13 12:55:00.940 +05:30 [INF] Request starting HTTP/1.1 GET https://localhost:7165/api/Sales/CurrentYearProfit - null null
2025-08-13 12:55:00.943 +05:30 [INF] Executing endpoint 'AuthNet.Controllers.SalesController.GetCurrentYearProfit (AuthNet)'
2025-08-13 12:55:00.943 +05:30 [INF] Route matched with {action = "GetCurrentYearProfit", controller = "Sales"}. Executing controller action with signature System.Threading.Tasks.Task`1[Microsoft.AspNetCore.Mvc.IActionResult] GetCurrentYearProfit() on controller AuthNet.Controllers.SalesController (AuthNet).
2025-08-13 12:55:00.960 +05:30 [INF] Executed DbCommand (14ms) [Parameters=[@__currentYear_0='?' (DbType = Int32)], CommandType='"Text"', CommandTimeout='30']
SELECT [s].[Id], [s].[ProductId], [s].[ProductName], [s].[Quantity], [s].[SaleId], [s].[TotalPrice], [s].[UnitPrice], [s0].[Id], [s0].[AfterTaxAmount], [s0].[CreatedAt], [s0].[DiscountedAmount], [s0].[InvoiceDate], [s0].[InvoiceNo], [s0].[PrincipalAmount], [s0].[Template], [s0].[TotalAmount]
FROM [SaleItems] AS [s]
INNER JOIN [Sales] AS [s0] ON [s].[SaleId] = [s0].[Id]
WHERE DATEPART(year, [s0].[InvoiceDate]) = @__currentYear_0
2025-08-13 12:55:00.968 +05:30 [INF] Executed DbCommand (6ms) [Parameters=[@__productIds_0='?' (Size = 4000)], CommandType='"Text"', CommandTimeout='30']
SELECT [p].[ProductId], [p].[CategoryId], [p].[CostPrice], [p].[Description], [p].[Name], [p].[ProductCode], [p].[ProductKey], [p].[SellPrice], [p].[SupplierId]
FROM [Products] AS [p]
WHERE [p].[ProductId] IN (
    SELECT [p0].[value]
    FROM OPENJSON(@__productIds_0) WITH ([value] int '$') AS [p0]
)
2025-08-13 12:55:00.969 +05:30 [INF] Executing OkObjectResult, writing value of type 'AuthNet.Models.DTO.YearlyProfitDto'.
2025-08-13 12:55:00.969 +05:30 [INF] Executed action AuthNet.Controllers.SalesController.GetCurrentYearProfit (AuthNet) in 26.6655ms
2025-08-13 12:55:00.970 +05:30 [INF] Executed endpoint 'AuthNet.Controllers.SalesController.GetCurrentYearProfit (AuthNet)'
2025-08-13 12:55:00.970 +05:30 [INF] Request finished HTTP/1.1 GET https://localhost:7165/api/Sales/CurrentYearProfit - 200 null application/json; charset=utf-8 30.8793ms
2025-08-13 12:55:01.009 +05:30 [INF] Request starting HTTP/1.1 GET https://localhost:7165/api/Products/count - null null
2025-08-13 12:55:01.009 +05:30 [INF] Executing endpoint 'AuthNet.Controllers.ProductsController.GetProductCount (AuthNet)'
2025-08-13 12:55:01.010 +05:30 [INF] Route matched with {action = "GetProductCount", controller = "Products"}. Executing controller action with signature System.Threading.Tasks.Task`1[Microsoft.AspNetCore.Mvc.IActionResult] GetProductCount() on controller AuthNet.Controllers.ProductsController (AuthNet).
2025-08-13 12:55:01.020 +05:30 [INF] Executed DbCommand (9ms) [Parameters=[], CommandType='"Text"', CommandTimeout='30']
SELECT COUNT(*)
FROM [Products] AS [p]
2025-08-13 12:55:01.021 +05:30 [INF] Executing OkObjectResult, writing value of type 'System.Int32'.
2025-08-13 12:55:01.021 +05:30 [INF] Executed action AuthNet.Controllers.ProductsController.GetProductCount (AuthNet) in 10.9136ms
2025-08-13 12:55:01.021 +05:30 [INF] Executed endpoint 'AuthNet.Controllers.ProductsController.GetProductCount (AuthNet)'
2025-08-13 12:55:01.021 +05:30 [INF] Request finished HTTP/1.1 GET https://localhost:7165/api/Products/count - 200 null application/json; charset=utf-8 12.2454ms
2025-08-13 12:55:01.048 +05:30 [INF] Request starting HTTP/1.1 GET https://localhost:7165/api/Suppliers/count - null null
2025-08-13 12:55:01.048 +05:30 [INF] Executing endpoint 'AuthNet.Controllers.SuppliersController.GetSupplierCount (AuthNet)'
2025-08-13 12:55:01.049 +05:30 [INF] Route matched with {action = "GetSupplierCount", controller = "Suppliers"}. Executing controller action with signature System.Threading.Tasks.Task`1[Microsoft.AspNetCore.Mvc.IActionResult] GetSupplierCount() on controller AuthNet.Controllers.SuppliersController (AuthNet).
2025-08-13 12:55:01.055 +05:30 [INF] Executed DbCommand (4ms) [Parameters=[], CommandType='"Text"', CommandTimeout='30']
SELECT COUNT(*)
FROM [Suppliers] AS [s]
2025-08-13 12:55:01.055 +05:30 [INF] Executing OkObjectResult, writing value of type 'System.Int32'.
2025-08-13 12:55:01.055 +05:30 [INF] Executed action AuthNet.Controllers.SuppliersController.GetSupplierCount (AuthNet) in 6.4035ms
2025-08-13 12:55:01.055 +05:30 [INF] Executed endpoint 'AuthNet.Controllers.SuppliersController.GetSupplierCount (AuthNet)'
2025-08-13 12:55:01.056 +05:30 [INF] Request finished HTTP/1.1 GET https://localhost:7165/api/Suppliers/count - 200 null application/json; charset=utf-8 7.8133ms
2025-08-13 12:55:01.087 +05:30 [INF] Request starting HTTP/1.1 GET https://localhost:7165/api/Categories/count - null null
2025-08-13 12:55:01.088 +05:30 [INF] Executing endpoint 'AuthNet.Controllers.CategoriesController.GetCategoryCount (AuthNet)'
2025-08-13 12:55:01.088 +05:30 [INF] Route matched with {action = "GetCategoryCount", controller = "Categories"}. Executing controller action with signature System.Threading.Tasks.Task`1[Microsoft.AspNetCore.Mvc.IActionResult] GetCategoryCount() on controller AuthNet.Controllers.CategoriesController (AuthNet).
2025-08-13 12:55:01.100 +05:30 [INF] Executed DbCommand (10ms) [Parameters=[], CommandType='"Text"', CommandTimeout='30']
SELECT COUNT(*)
FROM [Categories] AS [c]
2025-08-13 12:55:01.100 +05:30 [INF] Executing OkObjectResult, writing value of type 'System.Int32'.
2025-08-13 12:55:01.100 +05:30 [INF] Executed action AuthNet.Controllers.CategoriesController.GetCategoryCount (AuthNet) in 12.2588ms
2025-08-13 12:55:01.101 +05:30 [INF] Executed endpoint 'AuthNet.Controllers.CategoriesController.GetCategoryCount (AuthNet)'
2025-08-13 12:55:01.101 +05:30 [INF] Request finished HTTP/1.1 GET https://localhost:7165/api/Categories/count - 200 null application/json; charset=utf-8 13.4632ms
2025-08-13 12:55:01.121 +05:30 [INF] Request starting HTTP/1.1 GET https://localhost:7165/api/Orders/count - null null
2025-08-13 12:55:01.121 +05:30 [INF] Executing endpoint 'AuthNet.Controllers.OrdersController.GetOrderCount (AuthNet)'
2025-08-13 12:55:01.121 +05:30 [INF] Route matched with {action = "GetOrderCount", controller = "Orders"}. Executing controller action with signature System.Threading.Tasks.Task`1[Microsoft.AspNetCore.Mvc.IActionResult] GetOrderCount() on controller AuthNet.Controllers.OrdersController (AuthNet).
2025-08-13 12:55:01.127 +05:30 [INF] Executed DbCommand (4ms) [Parameters=[], CommandType='"Text"', CommandTimeout='30']
SELECT COUNT(*)
FROM [Orders] AS [o]
2025-08-13 12:55:01.128 +05:30 [INF] Executing OkObjectResult, writing value of type 'System.Int32'.
2025-08-13 12:55:01.128 +05:30 [INF] Executed action AuthNet.Controllers.OrdersController.GetOrderCount (AuthNet) in 6.5537ms
2025-08-13 12:55:01.128 +05:30 [INF] Executed endpoint 'AuthNet.Controllers.OrdersController.GetOrderCount (AuthNet)'
2025-08-13 12:55:01.128 +05:30 [INF] Request finished HTTP/1.1 GET https://localhost:7165/api/Orders/count - 200 null application/json; charset=utf-8 7.2853ms
2025-08-13 12:55:01.157 +05:30 [INF] Request starting HTTP/1.1 GET https://localhost:7165/api/Customers/count - null null
2025-08-13 12:55:01.157 +05:30 [INF] Executing endpoint 'AuthNet.Controllers.CustomersController.GetCustomerCount (AuthNet)'
2025-08-13 12:55:01.157 +05:30 [INF] Route matched with {action = "GetCustomerCount", controller = "Customers"}. Executing controller action with signature System.Threading.Tasks.Task`1[Microsoft.AspNetCore.Mvc.IActionResult] GetCustomerCount() on controller AuthNet.Controllers.CustomersController (AuthNet).
2025-08-13 12:55:01.173 +05:30 [INF] Executed DbCommand (13ms) [Parameters=[], CommandType='"Text"', CommandTimeout='30']
SELECT COUNT(*)
FROM [Customers] AS [c]
2025-08-13 12:55:01.173 +05:30 [INF] Executing OkObjectResult, writing value of type 'System.Int32'.
2025-08-13 12:55:01.173 +05:30 [INF] Executed action AuthNet.Controllers.CustomersController.GetCustomerCount (AuthNet) in 15.8201ms
2025-08-13 12:55:01.173 +05:30 [INF] Executed endpoint 'AuthNet.Controllers.CustomersController.GetCustomerCount (AuthNet)'
2025-08-13 12:55:01.173 +05:30 [INF] Request finished HTTP/1.1 GET https://localhost:7165/api/Customers/count - 200 null application/json; charset=utf-8 16.6958ms
2025-08-13 12:55:01.220 +05:30 [INF] Request starting HTTP/1.1 GET https://localhost:7165/api/Tasks - null null
2025-08-13 12:55:01.220 +05:30 [INF] Executing endpoint 'AuthNet.Controllers.TasksController.GetTasks (AuthNet)'
2025-08-13 12:55:01.220 +05:30 [INF] Route matched with {action = "GetTasks", controller = "Tasks"}. Executing controller action with signature Microsoft.AspNetCore.Mvc.IActionResult GetTasks() on controller AuthNet.Controllers.TasksController (AuthNet).
2025-08-13 12:55:01.224 +05:30 [INF] Executed DbCommand (2ms) [Parameters=[], CommandType='"Text"', CommandTimeout='30']
SELECT [t].[Id], [t].[Title], [t].[DueDate]
FROM [Tasks] AS [t]
2025-08-13 12:55:01.224 +05:30 [INF] Executing OkObjectResult, writing value of type 'System.Collections.Generic.List`1[[AuthNet.Models.DTO.TaskItemDto, AuthNet, Version=1.0.0.0, Culture=neutral, PublicKeyToken=null]]'.
2025-08-13 12:55:01.224 +05:30 [INF] Executed action AuthNet.Controllers.TasksController.GetTasks (AuthNet) in 3.8737ms
2025-08-13 12:55:01.224 +05:30 [INF] Executed endpoint 'AuthNet.Controllers.TasksController.GetTasks (AuthNet)'
2025-08-13 12:55:01.224 +05:30 [INF] Request finished HTTP/1.1 GET https://localhost:7165/api/Tasks - 200 null application/json; charset=utf-8 4.713ms
2025-08-13 12:55:01.243 +05:30 [INF] Request starting HTTP/1.1 GET https://localhost:7165/api/Settings/Get - null null
2025-08-13 12:55:01.243 +05:30 [INF] Executing endpoint 'AuthNet.Controllers.SettingsController.GetCompanyInfo (AuthNet)'
2025-08-13 12:55:01.243 +05:30 [INF] Route matched with {action = "GetCompanyInfo", controller = "Settings"}. Executing controller action with signature System.Threading.Tasks.Task`1[Microsoft.AspNetCore.Mvc.IActionResult] GetCompanyInfo() on controller AuthNet.Controllers.SettingsController (AuthNet).
2025-08-13 12:55:01.247 +05:30 [INF] Executed DbCommand (2ms) [Parameters=[], CommandType='"Text"', CommandTimeout='30']
SELECT TOP(1) [c].[Id], [c].[Address], [c].[AlternateContactNumber], [c].[ContactNumber], [c].[Email], [c].[GSTIN], [c].[LogoFileExtension], [c].[LogoFilePath], [c].[LogoFileSizeInBytes], [c].[LogoName], [c].[Name], [c].[SignFileExtension], [c].[SignFilePath], [c].[SignFileSizeInBytes], [c].[SignName]
FROM [CompanyInfos] AS [c]
2025-08-13 12:55:01.249 +05:30 [INF] Executing OkObjectResult, writing value of type 'AuthNet.Models.DTO.CompanyInfoResponseDto'.
2025-08-13 12:55:01.249 +05:30 [INF] Executed action AuthNet.Controllers.SettingsController.GetCompanyInfo (AuthNet) in 5.5396ms
2025-08-13 12:55:01.249 +05:30 [INF] Executed endpoint 'AuthNet.Controllers.SettingsController.GetCompanyInfo (AuthNet)'
2025-08-13 12:55:01.250 +05:30 [INF] Request finished HTTP/1.1 GET https://localhost:7165/api/Settings/Get - 200 null application/json; charset=utf-8 7.7779ms
2025-08-13 12:55:01.395 +05:30 [INF] Request starting HTTP/2 GET https://localhost:7165/api/Products/CategoryWiseProductCount - null null
2025-08-13 12:55:01.395 +05:30 [INF] Request starting HTTP/2 GET https://localhost:7165/api/Sales/WeeklyProfit - null null
2025-08-13 12:55:01.395 +05:30 [INF] CORS policy execution successful.
2025-08-13 12:55:01.395 +05:30 [INF] CORS policy execution successful.
2025-08-13 12:55:01.395 +05:30 [INF] Executing endpoint 'AuthNet.Controllers.SalesController.GetWeeklyProfit (AuthNet)'
2025-08-13 12:55:01.395 +05:30 [INF] Executing endpoint 'AuthNet.Controllers.ProductsController.GetCategoryWiseProductCount (AuthNet)'
2025-08-13 12:55:01.395 +05:30 [INF] Route matched with {action = "GetWeeklyProfit", controller = "Sales"}. Executing controller action with signature System.Threading.Tasks.Task`1[Microsoft.AspNetCore.Mvc.IActionResult] GetWeeklyProfit() on controller AuthNet.Controllers.SalesController (AuthNet).
2025-08-13 12:55:01.395 +05:30 [INF] Route matched with {action = "GetCategoryWiseProductCount", controller = "Products"}. Executing controller action with signature System.Threading.Tasks.Task`1[Microsoft.AspNetCore.Mvc.IActionResult] GetCategoryWiseProductCount() on controller AuthNet.Controllers.ProductsController (AuthNet).
2025-08-13 12:55:01.442 +05:30 [INF] Executed DbCommand (46ms) [Parameters=[@__startDate_0='?' (DbType = DateTime2), @__endDate_1='?' (DbType = DateTime2)], CommandType='"Text"', CommandTimeout='30']
SELECT [s].[Id], [s].[ProductId], [s].[ProductName], [s].[Quantity], [s].[SaleId], [s].[TotalPrice], [s].[UnitPrice], [s0].[Id], [s0].[AfterTaxAmount], [s0].[CreatedAt], [s0].[DiscountedAmount], [s0].[InvoiceDate], [s0].[InvoiceNo], [s0].[PrincipalAmount], [s0].[Template], [s0].[TotalAmount]
FROM [SaleItems] AS [s]
INNER JOIN [Sales] AS [s0] ON [s].[SaleId] = [s0].[Id]
WHERE CONVERT(date, [s0].[InvoiceDate]) >= @__startDate_0 AND CONVERT(date, [s0].[InvoiceDate]) <= @__endDate_1
2025-08-13 12:55:01.447 +05:30 [INF] Executed DbCommand (51ms) [Parameters=[], CommandType='"Text"', CommandTimeout='30']
SELECT [c].[Name] AS [CategoryName], COUNT(*) AS [ProductCount]
FROM [Products] AS [p]
LEFT JOIN [Categories] AS [c] ON [p].[CategoryId] = [c].[CategoryId]
WHERE [c].[CategoryId] IS NOT NULL
GROUP BY [c].[Name]
2025-08-13 12:55:01.447 +05:30 [INF] Executing OkObjectResult, writing value of type 'System.Collections.Generic.List`1[[AuthNet.Models.DTO.CategoryProductCountDto, AuthNet, Version=1.0.0.0, Culture=neutral, PublicKeyToken=null]]'.
2025-08-13 12:55:01.447 +05:30 [INF] Executed DbCommand (4ms) [Parameters=[@__productIds_0='?' (Size = 4000)], CommandType='"Text"', CommandTimeout='30']
SELECT [p].[ProductId], [p].[CategoryId], [p].[CostPrice], [p].[Description], [p].[Name], [p].[ProductCode], [p].[ProductKey], [p].[SellPrice], [p].[SupplierId]
FROM [Products] AS [p]
WHERE [p].[ProductId] IN (
    SELECT [p0].[value]
    FROM OPENJSON(@__productIds_0) WITH ([value] int '$') AS [p0]
)
2025-08-13 12:55:01.448 +05:30 [INF] Executed action AuthNet.Controllers.ProductsController.GetCategoryWiseProductCount (AuthNet) in 52.303ms
2025-08-13 12:55:01.448 +05:30 [INF] Executed endpoint 'AuthNet.Controllers.ProductsController.GetCategoryWiseProductCount (AuthNet)'
2025-08-13 12:55:01.448 +05:30 [INF] Request finished HTTP/2 GET https://localhost:7165/api/Products/CategoryWiseProductCount - 200 null application/json; charset=utf-8 53.0014ms
2025-08-13 12:55:01.448 +05:30 [INF] Executing OkObjectResult, writing value of type 'System.Collections.Generic.List`1[[AuthNet.Models.DTO.DailyProfitDto, AuthNet, Version=1.0.0.0, Culture=neutral, PublicKeyToken=null]]'.
2025-08-13 12:55:01.448 +05:30 [INF] Executed action AuthNet.Controllers.SalesController.GetWeeklyProfit (AuthNet) in 52.6878ms
2025-08-13 12:55:01.448 +05:30 [INF] Executed endpoint 'AuthNet.Controllers.SalesController.GetWeeklyProfit (AuthNet)'
2025-08-13 12:55:01.448 +05:30 [INF] Request finished HTTP/2 GET https://localhost:7165/api/Sales/WeeklyProfit - 200 null application/json; charset=utf-8 53.3012ms
2025-08-13 12:55:08.662 +05:30 [INF] Request starting HTTP/1.1 GET https://localhost:7165/api/Settings/Get - null null
2025-08-13 12:55:08.663 +05:30 [INF] Executing endpoint 'AuthNet.Controllers.SettingsController.GetCompanyInfo (AuthNet)'
2025-08-13 12:55:08.663 +05:30 [INF] Route matched with {action = "GetCompanyInfo", controller = "Settings"}. Executing controller action with signature System.Threading.Tasks.Task`1[Microsoft.AspNetCore.Mvc.IActionResult] GetCompanyInfo() on controller AuthNet.Controllers.SettingsController (AuthNet).
2025-08-13 12:55:08.671 +05:30 [INF] Executed DbCommand (3ms) [Parameters=[], CommandType='"Text"', CommandTimeout='30']
SELECT TOP(1) [c].[Id], [c].[Address], [c].[AlternateContactNumber], [c].[ContactNumber], [c].[Email], [c].[GSTIN], [c].[LogoFileExtension], [c].[LogoFilePath], [c].[LogoFileSizeInBytes], [c].[LogoName], [c].[Name], [c].[SignFileExtension], [c].[SignFilePath], [c].[SignFileSizeInBytes], [c].[SignName]
FROM [CompanyInfos] AS [c]
2025-08-13 12:55:08.673 +05:30 [INF] Executing OkObjectResult, writing value of type 'AuthNet.Models.DTO.CompanyInfoResponseDto'.
2025-08-13 12:55:08.674 +05:30 [INF] Executed action AuthNet.Controllers.SettingsController.GetCompanyInfo (AuthNet) in 10.5182ms
2025-08-13 12:55:08.674 +05:30 [INF] Executed endpoint 'AuthNet.Controllers.SettingsController.GetCompanyInfo (AuthNet)'
2025-08-13 12:55:08.674 +05:30 [INF] Request finished HTTP/1.1 GET https://localhost:7165/api/Settings/Get - 200 null application/json; charset=utf-8 11.9064ms
2025-08-13 13:03:46.168 +05:30 [INF] Request starting HTTP/1.1 GET https://localhost:7165/api/Settings/Get - null null
2025-08-13 13:03:46.168 +05:30 [INF] Executing endpoint 'AuthNet.Controllers.SettingsController.GetCompanyInfo (AuthNet)'
2025-08-13 13:03:46.169 +05:30 [INF] Route matched with {action = "GetCompanyInfo", controller = "Settings"}. Executing controller action with signature System.Threading.Tasks.Task`1[Microsoft.AspNetCore.Mvc.IActionResult] GetCompanyInfo() on controller AuthNet.Controllers.SettingsController (AuthNet).
2025-08-13 13:03:46.861 +05:30 [INF] Executed DbCommand (26ms) [Parameters=[], CommandType='"Text"', CommandTimeout='30']
SELECT TOP(1) [c].[Id], [c].[Address], [c].[AlternateContactNumber], [c].[ContactNumber], [c].[Email], [c].[GSTIN], [c].[LogoFileExtension], [c].[LogoFilePath], [c].[LogoFileSizeInBytes], [c].[LogoName], [c].[Name], [c].[SignFileExtension], [c].[SignFilePath], [c].[SignFileSizeInBytes], [c].[SignName]
FROM [CompanyInfos] AS [c]
2025-08-13 13:03:46.861 +05:30 [INF] Executing OkObjectResult, writing value of type 'AuthNet.Models.DTO.CompanyInfoResponseDto'.
2025-08-13 13:03:46.861 +05:30 [INF] Executed action AuthNet.Controllers.SettingsController.GetCompanyInfo (AuthNet) in 692.6658ms
2025-08-13 13:03:46.861 +05:30 [INF] Executed endpoint 'AuthNet.Controllers.SettingsController.GetCompanyInfo (AuthNet)'
2025-08-13 13:03:46.862 +05:30 [INF] Request finished HTTP/1.1 GET https://localhost:7165/api/Settings/Get - 200 null application/json; charset=utf-8 694.0842ms
2025-08-13 13:03:50.635 +05:30 [INF] Request starting HTTP/2 GET https://localhost:7165/swagger/index.html - null null
2025-08-13 13:03:50.705 +05:30 [INF] Request finished HTTP/2 GET https://localhost:7165/swagger/index.html - 200 null text/html;charset=utf-8 70.2197ms
2025-08-13 13:03:51.224 +05:30 [INF] Request starting HTTP/2 GET https://localhost:7165/_framework/aspnetcore-browser-refresh.js - null null
2025-08-13 13:03:51.438 +05:30 [INF] Request starting HTTP/2 GET https://localhost:7165/_vs/browserLink - null null
2025-08-13 13:03:51.445 +05:30 [INF] Request finished HTTP/2 GET https://localhost:7165/_framework/aspnetcore-browser-refresh.js - 200 16499 application/javascript; charset=utf-8 220.8698ms
2025-08-13 13:03:51.508 +05:30 [INF] Request finished HTTP/2 GET https://localhost:7165/_vs/browserLink - 200 null text/javascript; charset=UTF-8 69.0842ms
2025-08-13 13:03:52.128 +05:30 [INF] Request starting HTTP/1.1 GET https://localhost:7165/api/Settings/Get - null null
2025-08-13 13:03:52.129 +05:30 [INF] Executing endpoint 'AuthNet.Controllers.SettingsController.GetCompanyInfo (AuthNet)'
2025-08-13 13:03:52.137 +05:30 [INF] Route matched with {action = "GetCompanyInfo", controller = "Settings"}. Executing controller action with signature System.Threading.Tasks.Task`1[Microsoft.AspNetCore.Mvc.IActionResult] GetCompanyInfo() on controller AuthNet.Controllers.SettingsController (AuthNet).
2025-08-13 13:03:52.172 +05:30 [INF] Executed DbCommand (33ms) [Parameters=[], CommandType='"Text"', CommandTimeout='30']
SELECT TOP(1) [c].[Id], [c].[Address], [c].[AlternateContactNumber], [c].[ContactNumber], [c].[Email], [c].[GSTIN], [c].[LogoFileExtension], [c].[LogoFilePath], [c].[LogoFileSizeInBytes], [c].[LogoName], [c].[Name], [c].[SignFileExtension], [c].[SignFilePath], [c].[SignFileSizeInBytes], [c].[SignName]
FROM [CompanyInfos] AS [c]
2025-08-13 13:03:52.173 +05:30 [INF] Executing OkObjectResult, writing value of type 'AuthNet.Models.DTO.CompanyInfoResponseDto'.
2025-08-13 13:03:52.179 +05:30 [INF] Executed action AuthNet.Controllers.SettingsController.GetCompanyInfo (AuthNet) in 42.1643ms
2025-08-13 13:03:52.179 +05:30 [INF] Executed endpoint 'AuthNet.Controllers.SettingsController.GetCompanyInfo (AuthNet)'
2025-08-13 13:03:52.180 +05:30 [INF] Request finished HTTP/1.1 GET https://localhost:7165/api/Settings/Get - 200 null application/json; charset=utf-8 51.5199ms
2025-08-13 13:03:54.053 +05:30 [INF] Request starting HTTP/2 GET https://localhost:7165/swagger/v1/swagger.json - null null
2025-08-13 13:03:54.153 +05:30 [INF] Request finished HTTP/2 GET https://localhost:7165/swagger/v1/swagger.json - 200 null application/json;charset=utf-8 99.783ms
2025-08-13 13:05:43.609 +05:30 [INF] Request starting HTTP/2 GET https://localhost:7165/swagger/index.html - null null
2025-08-13 13:05:43.660 +05:30 [INF] Request finished HTTP/2 GET https://localhost:7165/swagger/index.html - 200 null text/html;charset=utf-8 51.5304ms
2025-08-13 13:05:43.962 +05:30 [INF] Request starting HTTP/1.1 GET https://localhost:7165/api/Settings/Get - null null
2025-08-13 13:05:43.963 +05:30 [INF] Executing endpoint 'AuthNet.Controllers.SettingsController.GetCompanyInfo (AuthNet)'
2025-08-13 13:05:43.969 +05:30 [INF] Route matched with {action = "GetCompanyInfo", controller = "Settings"}. Executing controller action with signature System.Threading.Tasks.Task`1[Microsoft.AspNetCore.Mvc.IActionResult] GetCompanyInfo() on controller AuthNet.Controllers.SettingsController (AuthNet).
2025-08-13 13:05:44.056 +05:30 [INF] Executed DbCommand (81ms) [Parameters=[], CommandType='"Text"', CommandTimeout='30']
SELECT TOP(1) [c].[Id], [c].[Address], [c].[AlternateContactNumber], [c].[ContactNumber], [c].[Email], [c].[GSTIN], [c].[LogoFileExtension], [c].[LogoFilePath], [c].[LogoFileSizeInBytes], [c].[LogoName], [c].[Name], [c].[SignFileExtension], [c].[SignFilePath], [c].[SignFileSizeInBytes], [c].[SignName]
FROM [CompanyInfos] AS [c]
2025-08-13 13:05:44.057 +05:30 [INF] Executing OkObjectResult, writing value of type 'AuthNet.Models.DTO.CompanyInfoResponseDto'.
2025-08-13 13:05:44.059 +05:30 [INF] Executed action AuthNet.Controllers.SettingsController.GetCompanyInfo (AuthNet) in 89.6774ms
2025-08-13 13:05:44.059 +05:30 [INF] Executed endpoint 'AuthNet.Controllers.SettingsController.GetCompanyInfo (AuthNet)'
2025-08-13 13:05:44.060 +05:30 [INF] Request finished HTTP/1.1 GET https://localhost:7165/api/Settings/Get - 200 null application/json; charset=utf-8 97.3416ms
2025-08-13 13:05:45.764 +05:30 [INF] Request starting HTTP/2 GET https://localhost:7165/_vs/browserLink - null null
2025-08-13 13:05:46.334 +05:30 [INF] Request finished HTTP/2 GET https://localhost:7165/_vs/browserLink - 200 null text/javascript; charset=UTF-8 569.4657ms
2025-08-13 13:05:46.548 +05:30 [INF] Request starting HTTP/2 GET https://localhost:7165/_framework/aspnetcore-browser-refresh.js - null null
2025-08-13 13:05:46.550 +05:30 [INF] Request finished HTTP/2 GET https://localhost:7165/_framework/aspnetcore-browser-refresh.js - 200 16499 application/javascript; charset=utf-8 1.9716ms
2025-08-13 13:05:46.816 +05:30 [INF] Request starting HTTP/2 GET https://localhost:7165/swagger/v1/swagger.json - null null
2025-08-13 13:05:46.897 +05:30 [INF] Request finished HTTP/2 GET https://localhost:7165/swagger/v1/swagger.json - 200 null application/json;charset=utf-8 81.4784ms
2025-08-13 13:08:03.838 +05:30 [INF] Request starting HTTP/2 GET https://localhost:7165/swagger/index.html - null null
2025-08-13 13:08:03.881 +05:30 [INF] Request finished HTTP/2 GET https://localhost:7165/swagger/index.html - 200 null text/html;charset=utf-8 43.2479ms
2025-08-13 13:08:04.020 +05:30 [INF] Request starting HTTP/1.1 GET https://localhost:7165/api/Settings/Get - null null
2025-08-13 13:08:04.021 +05:30 [INF] Executing endpoint 'AuthNet.Controllers.SettingsController.GetCompanyInfo (AuthNet)'
2025-08-13 13:08:04.028 +05:30 [INF] Route matched with {action = "GetCompanyInfo", controller = "Settings"}. Executing controller action with signature System.Threading.Tasks.Task`1[Microsoft.AspNetCore.Mvc.IActionResult] GetCompanyInfo() on controller AuthNet.Controllers.SettingsController (AuthNet).
2025-08-13 13:08:04.127 +05:30 [INF] Executed DbCommand (96ms) [Parameters=[], CommandType='"Text"', CommandTimeout='30']
SELECT TOP(1) [c].[Id], [c].[Address], [c].[AlternateContactNumber], [c].[ContactNumber], [c].[Email], [c].[GSTIN], [c].[LogoFileExtension], [c].[LogoFilePath], [c].[LogoFileSizeInBytes], [c].[LogoName], [c].[Name], [c].[SignFileExtension], [c].[SignFilePath], [c].[SignFileSizeInBytes], [c].[SignName]
FROM [CompanyInfos] AS [c]
2025-08-13 13:08:04.127 +05:30 [INF] Executing OkObjectResult, writing value of type 'AuthNet.Models.DTO.CompanyInfoResponseDto'.
2025-08-13 13:08:04.132 +05:30 [INF] Executed action AuthNet.Controllers.SettingsController.GetCompanyInfo (AuthNet) in 103.264ms
2025-08-13 13:08:04.132 +05:30 [INF] Executed endpoint 'AuthNet.Controllers.SettingsController.GetCompanyInfo (AuthNet)'
2025-08-13 13:08:04.132 +05:30 [INF] Request finished HTTP/1.1 GET https://localhost:7165/api/Settings/Get - 200 null application/json; charset=utf-8 112.1004ms
2025-08-13 13:08:04.723 +05:30 [INF] Request starting HTTP/2 GET https://localhost:7165/_vs/browserLink - null null
2025-08-13 13:08:04.748 +05:30 [INF] Request finished HTTP/2 GET https://localhost:7165/_vs/browserLink - 200 null text/javascript; charset=UTF-8 24.9313ms
2025-08-13 13:08:04.798 +05:30 [INF] Request starting HTTP/2 GET https://localhost:7165/_framework/aspnetcore-browser-refresh.js - null null
2025-08-13 13:08:04.799 +05:30 [INF] Request finished HTTP/2 GET https://localhost:7165/_framework/aspnetcore-browser-refresh.js - 200 16499 application/javascript; charset=utf-8 1.4123ms
2025-08-13 13:08:05.914 +05:30 [INF] Request starting HTTP/2 GET https://localhost:7165/swagger/v1/swagger.json - null null
2025-08-13 13:08:06.018 +05:30 [INF] Request finished HTTP/2 GET https://localhost:7165/swagger/v1/swagger.json - 200 null application/json;charset=utf-8 103.5772ms
2025-08-13 13:11:01.134 +05:30 [INF] Request starting HTTP/2 GET https://localhost:7165/swagger/index.html - null null
2025-08-13 13:11:01.174 +05:30 [INF] Request finished HTTP/2 GET https://localhost:7165/swagger/index.html - 200 null text/html;charset=utf-8 41.7011ms
2025-08-13 13:11:01.422 +05:30 [INF] Request starting HTTP/1.1 GET https://localhost:7165/api/Settings/Get - null null
2025-08-13 13:11:01.425 +05:30 [INF] Executing endpoint 'AuthNet.Controllers.SettingsController.GetCompanyInfo (AuthNet)'
2025-08-13 13:11:01.431 +05:30 [INF] Route matched with {action = "GetCompanyInfo", controller = "Settings"}. Executing controller action with signature System.Threading.Tasks.Task`1[Microsoft.AspNetCore.Mvc.IActionResult] GetCompanyInfo() on controller AuthNet.Controllers.SettingsController (AuthNet).
2025-08-13 13:11:01.472 +05:30 [INF] Executed DbCommand (39ms) [Parameters=[], CommandType='"Text"', CommandTimeout='30']
SELECT TOP(1) [c].[Id], [c].[Address], [c].[AlternateContactNumber], [c].[ContactNumber], [c].[Email], [c].[GSTIN], [c].[LogoFileExtension], [c].[LogoFilePath], [c].[LogoFileSizeInBytes], [c].[LogoName], [c].[Name], [c].[SignFileExtension], [c].[SignFilePath], [c].[SignFileSizeInBytes], [c].[SignName]
FROM [CompanyInfos] AS [c]
2025-08-13 13:11:01.473 +05:30 [INF] Executing OkObjectResult, writing value of type 'AuthNet.Models.DTO.CompanyInfoResponseDto'.
2025-08-13 13:11:01.476 +05:30 [INF] Executed action AuthNet.Controllers.SettingsController.GetCompanyInfo (AuthNet) in 44.3251ms
2025-08-13 13:11:01.476 +05:30 [INF] Executed endpoint 'AuthNet.Controllers.SettingsController.GetCompanyInfo (AuthNet)'
2025-08-13 13:11:01.476 +05:30 [INF] Request finished HTTP/1.1 GET https://localhost:7165/api/Settings/Get - 200 null application/json; charset=utf-8 54.325ms
2025-08-13 13:11:01.533 +05:30 [INF] Request starting HTTP/2 GET https://localhost:7165/_vs/browserLink - null null
2025-08-13 13:11:01.720 +05:30 [INF] Request starting HTTP/2 GET https://localhost:7165/_framework/aspnetcore-browser-refresh.js - null null
2025-08-13 13:11:01.720 +05:30 [INF] Request finished HTTP/2 GET https://localhost:7165/_vs/browserLink - 200 null text/javascript; charset=UTF-8 186.7764ms
2025-08-13 13:11:01.722 +05:30 [INF] Request finished HTTP/2 GET https://localhost:7165/_framework/aspnetcore-browser-refresh.js - 200 16499 application/javascript; charset=utf-8 2.8531ms
2025-08-13 13:11:02.365 +05:30 [INF] Request starting HTTP/2 GET https://localhost:7165/swagger/v1/swagger.json - null null
2025-08-13 13:11:02.413 +05:30 [INF] Request finished HTTP/2 GET https://localhost:7165/swagger/v1/swagger.json - 200 null application/json;charset=utf-8 48.5077ms
2025-08-13 13:11:20.977 +05:30 [INF] Request starting HTTP/2 GET https://localhost:7165/swagger/index.html - null null
2025-08-13 13:11:20.990 +05:30 [INF] Request finished HTTP/2 GET https://localhost:7165/swagger/index.html - 200 null text/html;charset=utf-8 12.3045ms
2025-08-13 13:11:21.040 +05:30 [INF] Request starting HTTP/2 GET https://localhost:7165/_vs/browserLink - null null
2025-08-13 13:11:21.065 +05:30 [INF] Request starting HTTP/2 GET https://localhost:7165/_framework/aspnetcore-browser-refresh.js - null null
2025-08-13 13:11:21.086 +05:30 [INF] Request finished HTTP/2 GET https://localhost:7165/_framework/aspnetcore-browser-refresh.js - 200 16499 application/javascript; charset=utf-8 20.7798ms
2025-08-13 13:11:21.133 +05:30 [INF] Request starting HTTP/1.1 GET https://localhost:7165/api/Settings/Get - null null
2025-08-13 13:11:21.135 +05:30 [INF] Executing endpoint 'AuthNet.Controllers.SettingsController.GetCompanyInfo (AuthNet)'
2025-08-13 13:11:21.150 +05:30 [INF] Request finished HTTP/2 GET https://localhost:7165/_vs/browserLink - 200 null text/javascript; charset=UTF-8 110.9719ms
2025-08-13 13:11:21.162 +05:30 [INF] Route matched with {action = "GetCompanyInfo", controller = "Settings"}. Executing controller action with signature System.Threading.Tasks.Task`1[Microsoft.AspNetCore.Mvc.IActionResult] GetCompanyInfo() on controller AuthNet.Controllers.SettingsController (AuthNet).
2025-08-13 13:11:21.207 +05:30 [INF] Executed DbCommand (45ms) [Parameters=[], CommandType='"Text"', CommandTimeout='30']
SELECT TOP(1) [c].[Id], [c].[Address], [c].[AlternateContactNumber], [c].[ContactNumber], [c].[Email], [c].[GSTIN], [c].[LogoFileExtension], [c].[LogoFilePath], [c].[LogoFileSizeInBytes], [c].[LogoName], [c].[Name], [c].[SignFileExtension], [c].[SignFilePath], [c].[SignFileSizeInBytes], [c].[SignName]
FROM [CompanyInfos] AS [c]
2025-08-13 13:11:21.208 +05:30 [INF] Executing OkObjectResult, writing value of type 'AuthNet.Models.DTO.CompanyInfoResponseDto'.
2025-08-13 13:11:21.211 +05:30 [INF] Executed action AuthNet.Controllers.SettingsController.GetCompanyInfo (AuthNet) in 49.7212ms
2025-08-13 13:11:21.212 +05:30 [INF] Executed endpoint 'AuthNet.Controllers.SettingsController.GetCompanyInfo (AuthNet)'
2025-08-13 13:11:21.214 +05:30 [INF] Request finished HTTP/1.1 GET https://localhost:7165/api/Settings/Get - 200 null application/json; charset=utf-8 97.6292ms
2025-08-13 13:11:21.799 +05:30 [INF] Request starting HTTP/2 GET https://localhost:7165/swagger/v1/swagger.json - null null
2025-08-13 13:11:21.867 +05:30 [INF] Request finished HTTP/2 GET https://localhost:7165/swagger/v1/swagger.json - 200 null application/json;charset=utf-8 68.2134ms
2025-08-13 13:16:12.020 +05:30 [INF] Request starting HTTP/2 GET https://localhost:7165/swagger/index.html - null null
2025-08-13 13:16:12.106 +05:30 [INF] Request finished HTTP/2 GET https://localhost:7165/swagger/index.html - 200 null text/html;charset=utf-8 85.781ms
2025-08-13 13:16:12.311 +05:30 [INF] Request starting HTTP/1.1 GET https://localhost:7165/api/Settings/Get - null null
2025-08-13 13:16:12.312 +05:30 [INF] Executing endpoint 'AuthNet.Controllers.SettingsController.GetCompanyInfo (AuthNet)'
2025-08-13 13:16:12.319 +05:30 [INF] Route matched with {action = "GetCompanyInfo", controller = "Settings"}. Executing controller action with signature System.Threading.Tasks.Task`1[Microsoft.AspNetCore.Mvc.IActionResult] GetCompanyInfo() on controller AuthNet.Controllers.SettingsController (AuthNet).
2025-08-13 13:16:12.324 +05:30 [INF] Request starting HTTP/2 GET https://localhost:7165/_vs/browserLink - null null
2025-08-13 13:16:12.337 +05:30 [INF] Request starting HTTP/2 GET https://localhost:7165/_framework/aspnetcore-browser-refresh.js - null null
2025-08-13 13:16:12.339 +05:30 [INF] Request finished HTTP/2 GET https://localhost:7165/_framework/aspnetcore-browser-refresh.js - 200 16499 application/javascript; charset=utf-8 2.1112ms
2025-08-13 13:16:12.358 +05:30 [INF] Request finished HTTP/2 GET https://localhost:7165/_vs/browserLink - 200 null text/javascript; charset=UTF-8 33.3513ms
2025-08-13 13:16:12.587 +05:30 [INF] Executed DbCommand (25ms) [Parameters=[], CommandType='"Text"', CommandTimeout='30']
SELECT TOP(1) [c].[Id], [c].[Address], [c].[AlternateContactNumber], [c].[ContactNumber], [c].[Email], [c].[GSTIN], [c].[LogoFileExtension], [c].[LogoFilePath], [c].[LogoFileSizeInBytes], [c].[LogoName], [c].[Name], [c].[SignFileExtension], [c].[SignFilePath], [c].[SignFileSizeInBytes], [c].[SignName]
FROM [CompanyInfos] AS [c]
2025-08-13 13:16:12.588 +05:30 [INF] Executing OkObjectResult, writing value of type 'AuthNet.Models.DTO.CompanyInfoResponseDto'.
2025-08-13 13:16:12.593 +05:30 [INF] Executed action AuthNet.Controllers.SettingsController.GetCompanyInfo (AuthNet) in 274.8171ms
2025-08-13 13:16:12.594 +05:30 [INF] Executed endpoint 'AuthNet.Controllers.SettingsController.GetCompanyInfo (AuthNet)'
2025-08-13 13:16:12.594 +05:30 [INF] Request finished HTTP/1.1 GET https://localhost:7165/api/Settings/Get - 200 null application/json; charset=utf-8 283.2402ms
2025-08-13 13:16:13.435 +05:30 [INF] Request starting HTTP/2 GET https://localhost:7165/swagger/v1/swagger.json - null null
2025-08-13 13:16:13.518 +05:30 [INF] Request finished HTTP/2 GET https://localhost:7165/swagger/v1/swagger.json - 200 null application/json;charset=utf-8 83.2012ms
2025-08-13 13:16:38.204 +05:30 [INF] Request starting HTTP/2 GET https://localhost:7165/swagger/index.html - null null
2025-08-13 13:16:38.216 +05:30 [INF] Request finished HTTP/2 GET https://localhost:7165/swagger/index.html - 200 null text/html;charset=utf-8 12.6815ms
2025-08-13 13:16:38.593 +05:30 [INF] Request starting HTTP/1.1 GET https://localhost:7165/api/Settings/Get - null null
2025-08-13 13:16:38.596 +05:30 [INF] Executing endpoint 'AuthNet.Controllers.SettingsController.GetCompanyInfo (AuthNet)'
2025-08-13 13:16:38.605 +05:30 [INF] Route matched with {action = "GetCompanyInfo", controller = "Settings"}. Executing controller action with signature System.Threading.Tasks.Task`1[Microsoft.AspNetCore.Mvc.IActionResult] GetCompanyInfo() on controller AuthNet.Controllers.SettingsController (AuthNet).
2025-08-13 13:16:38.621 +05:30 [INF] Executed DbCommand (10ms) [Parameters=[], CommandType='"Text"', CommandTimeout='30']
SELECT TOP(1) [c].[Id], [c].[Address], [c].[AlternateContactNumber], [c].[ContactNumber], [c].[Email], [c].[GSTIN], [c].[LogoFileExtension], [c].[LogoFilePath], [c].[LogoFileSizeInBytes], [c].[LogoName], [c].[Name], [c].[SignFileExtension], [c].[SignFilePath], [c].[SignFileSizeInBytes], [c].[SignName]
FROM [CompanyInfos] AS [c]
2025-08-13 13:16:38.621 +05:30 [INF] Executing OkObjectResult, writing value of type 'AuthNet.Models.DTO.CompanyInfoResponseDto'.
2025-08-13 13:16:38.625 +05:30 [INF] Executed action AuthNet.Controllers.SettingsController.GetCompanyInfo (AuthNet) in 20.5262ms
2025-08-13 13:16:38.625 +05:30 [INF] Executed endpoint 'AuthNet.Controllers.SettingsController.GetCompanyInfo (AuthNet)'
2025-08-13 13:16:38.626 +05:30 [INF] Request finished HTTP/1.1 GET https://localhost:7165/api/Settings/Get - 200 null application/json; charset=utf-8 32.8602ms
2025-08-13 13:16:39.411 +05:30 [INF] Request starting HTTP/2 GET https://localhost:7165/_vs/browserLink - null null
2025-08-13 13:16:39.430 +05:30 [INF] Request finished HTTP/2 GET https://localhost:7165/_vs/browserLink - 200 null text/javascript; charset=UTF-8 18.1843ms
2025-08-13 13:16:39.441 +05:30 [INF] Request starting HTTP/2 GET https://localhost:7165/_framework/aspnetcore-browser-refresh.js - null null
2025-08-13 13:16:39.442 +05:30 [INF] Request finished HTTP/2 GET https://localhost:7165/_framework/aspnetcore-browser-refresh.js - 200 16499 application/javascript; charset=utf-8 1.8441ms
2025-08-13 13:16:40.500 +05:30 [INF] Request starting HTTP/2 GET https://localhost:7165/swagger/v1/swagger.json - null null
2025-08-13 13:16:40.579 +05:30 [INF] Request finished HTTP/2 GET https://localhost:7165/swagger/v1/swagger.json - 200 null application/json;charset=utf-8 79.1924ms
2025-08-13 13:17:05.863 +05:30 [INF] Request starting HTTP/2 GET https://localhost:7165/swagger/index.html - null null
2025-08-13 13:17:05.984 +05:30 [INF] Request finished HTTP/2 GET https://localhost:7165/swagger/index.html - 200 null text/html;charset=utf-8 121.2212ms
2025-08-13 13:17:06.095 +05:30 [INF] Request starting HTTP/1.1 GET https://localhost:7165/api/Settings/Get - null null
2025-08-13 13:17:06.096 +05:30 [INF] Executing endpoint 'AuthNet.Controllers.SettingsController.GetCompanyInfo (AuthNet)'
2025-08-13 13:17:06.104 +05:30 [INF] Route matched with {action = "GetCompanyInfo", controller = "Settings"}. Executing controller action with signature System.Threading.Tasks.Task`1[Microsoft.AspNetCore.Mvc.IActionResult] GetCompanyInfo() on controller AuthNet.Controllers.SettingsController (AuthNet).
2025-08-13 13:17:06.134 +05:30 [INF] Executed DbCommand (26ms) [Parameters=[], CommandType='"Text"', CommandTimeout='30']
SELECT TOP(1) [c].[Id], [c].[Address], [c].[AlternateContactNumber], [c].[ContactNumber], [c].[Email], [c].[GSTIN], [c].[LogoFileExtension], [c].[LogoFilePath], [c].[LogoFileSizeInBytes], [c].[LogoName], [c].[Name], [c].[SignFileExtension], [c].[SignFilePath], [c].[SignFileSizeInBytes], [c].[SignName]
FROM [CompanyInfos] AS [c]
2025-08-13 13:17:06.134 +05:30 [INF] Executing OkObjectResult, writing value of type 'AuthNet.Models.DTO.CompanyInfoResponseDto'.
2025-08-13 13:17:06.136 +05:30 [INF] Executed action AuthNet.Controllers.SettingsController.GetCompanyInfo (AuthNet) in 32.562ms
2025-08-13 13:17:06.137 +05:30 [INF] Executed endpoint 'AuthNet.Controllers.SettingsController.GetCompanyInfo (AuthNet)'
2025-08-13 13:17:06.137 +05:30 [INF] Request finished HTTP/1.1 GET https://localhost:7165/api/Settings/Get - 200 null application/json; charset=utf-8 42.1884ms
2025-08-13 13:17:06.386 +05:30 [INF] Request starting HTTP/2 GET https://localhost:7165/_vs/browserLink - null null
2025-08-13 13:17:06.443 +05:30 [INF] Request finished HTTP/2 GET https://localhost:7165/_vs/browserLink - 200 null text/javascript; charset=UTF-8 57.5957ms
2025-08-13 13:17:06.470 +05:30 [INF] Request starting HTTP/2 GET https://localhost:7165/_framework/aspnetcore-browser-refresh.js - null null
2025-08-13 13:17:06.474 +05:30 [INF] Request finished HTTP/2 GET https://localhost:7165/_framework/aspnetcore-browser-refresh.js - 200 16499 application/javascript; charset=utf-8 3.9902ms
2025-08-13 13:17:06.690 +05:30 [INF] Request starting HTTP/2 GET https://localhost:7165/swagger/v1/swagger.json - null null
2025-08-13 13:17:06.743 +05:30 [INF] Request finished HTTP/2 GET https://localhost:7165/swagger/v1/swagger.json - 200 null application/json;charset=utf-8 52.9783ms
2025-08-13 13:17:40.580 +05:30 [INF] Request starting HTTP/2 GET https://localhost:7165/swagger/index.html - null null
2025-08-13 13:17:40.644 +05:30 [INF] Request finished HTTP/2 GET https://localhost:7165/swagger/index.html - 200 null text/html;charset=utf-8 63.1237ms
2025-08-13 13:17:40.785 +05:30 [INF] Request starting HTTP/1.1 GET https://localhost:7165/api/Settings/Get - null null
2025-08-13 13:17:40.793 +05:30 [INF] Executing endpoint 'AuthNet.Controllers.SettingsController.GetCompanyInfo (AuthNet)'
2025-08-13 13:17:40.799 +05:30 [INF] Route matched with {action = "GetCompanyInfo", controller = "Settings"}. Executing controller action with signature System.Threading.Tasks.Task`1[Microsoft.AspNetCore.Mvc.IActionResult] GetCompanyInfo() on controller AuthNet.Controllers.SettingsController (AuthNet).
2025-08-13 13:17:40.908 +05:30 [INF] Executed DbCommand (108ms) [Parameters=[], CommandType='"Text"', CommandTimeout='30']
SELECT TOP(1) [c].[Id], [c].[Address], [c].[AlternateContactNumber], [c].[ContactNumber], [c].[Email], [c].[GSTIN], [c].[LogoFileExtension], [c].[LogoFilePath], [c].[LogoFileSizeInBytes], [c].[LogoName], [c].[Name], [c].[SignFileExtension], [c].[SignFilePath], [c].[SignFileSizeInBytes], [c].[SignName]
FROM [CompanyInfos] AS [c]
2025-08-13 13:17:40.909 +05:30 [INF] Executing OkObjectResult, writing value of type 'AuthNet.Models.DTO.CompanyInfoResponseDto'.
2025-08-13 13:17:40.911 +05:30 [INF] Executed action AuthNet.Controllers.SettingsController.GetCompanyInfo (AuthNet) in 112.1839ms
2025-08-13 13:17:40.911 +05:30 [INF] Executed endpoint 'AuthNet.Controllers.SettingsController.GetCompanyInfo (AuthNet)'
2025-08-13 13:17:40.911 +05:30 [INF] Request finished HTTP/1.1 GET https://localhost:7165/api/Settings/Get - 200 null application/json; charset=utf-8 125.9578ms
2025-08-13 13:17:41.313 +05:30 [INF] Request starting HTTP/2 GET https://localhost:7165/_vs/browserLink - null null
2025-08-13 13:17:41.346 +05:30 [INF] Request finished HTTP/2 GET https://localhost:7165/_vs/browserLink - 200 null text/javascript; charset=UTF-8 32.7342ms
2025-08-13 13:17:41.362 +05:30 [INF] Request starting HTTP/2 GET https://localhost:7165/_framework/aspnetcore-browser-refresh.js - null null
2025-08-13 13:17:41.363 +05:30 [INF] Request finished HTTP/2 GET https://localhost:7165/_framework/aspnetcore-browser-refresh.js - 200 16499 application/javascript; charset=utf-8 1.1504ms
2025-08-13 13:17:41.630 +05:30 [INF] Request starting HTTP/2 GET https://localhost:7165/swagger/v1/swagger.json - null null
2025-08-13 13:17:41.679 +05:30 [INF] Request finished HTTP/2 GET https://localhost:7165/swagger/v1/swagger.json - 200 null application/json;charset=utf-8 48.3275ms
2025-08-13 13:20:30.139 +05:30 [INF] Request starting HTTP/2 GET https://localhost:7165/swagger/index.html - null null
2025-08-13 13:20:30.156 +05:30 [INF] Request finished HTTP/2 GET https://localhost:7165/swagger/index.html - 200 null text/html;charset=utf-8 16.6625ms
2025-08-13 13:20:30.375 +05:30 [INF] Request starting HTTP/1.1 GET https://localhost:7165/api/Settings/Get - null null
2025-08-13 13:20:30.377 +05:30 [INF] Executing endpoint 'AuthNet.Controllers.SettingsController.GetCompanyInfo (AuthNet)'
2025-08-13 13:20:30.386 +05:30 [INF] Route matched with {action = "GetCompanyInfo", controller = "Settings"}. Executing controller action with signature System.Threading.Tasks.Task`1[Microsoft.AspNetCore.Mvc.IActionResult] GetCompanyInfo() on controller AuthNet.Controllers.SettingsController (AuthNet).
2025-08-13 13:20:30.423 +05:30 [INF] Executed DbCommand (35ms) [Parameters=[], CommandType='"Text"', CommandTimeout='30']
SELECT TOP(1) [c].[Id], [c].[Address], [c].[AlternateContactNumber], [c].[ContactNumber], [c].[Email], [c].[GSTIN], [c].[LogoFileExtension], [c].[LogoFilePath], [c].[LogoFileSizeInBytes], [c].[LogoName], [c].[Name], [c].[SignFileExtension], [c].[SignFilePath], [c].[SignFileSizeInBytes], [c].[SignName]
FROM [CompanyInfos] AS [c]
2025-08-13 13:20:30.423 +05:30 [INF] Executing OkObjectResult, writing value of type 'AuthNet.Models.DTO.CompanyInfoResponseDto'.
2025-08-13 13:20:30.426 +05:30 [INF] Executed action AuthNet.Controllers.SettingsController.GetCompanyInfo (AuthNet) in 40.0155ms
2025-08-13 13:20:30.426 +05:30 [INF] Executed endpoint 'AuthNet.Controllers.SettingsController.GetCompanyInfo (AuthNet)'
2025-08-13 13:20:30.426 +05:30 [INF] Request finished HTTP/1.1 GET https://localhost:7165/api/Settings/Get - 200 null application/json; charset=utf-8 51.453ms
2025-08-13 13:20:31.189 +05:30 [INF] Request starting HTTP/2 GET https://localhost:7165/_vs/browserLink - null null
2025-08-13 13:20:31.256 +05:30 [INF] Request finished HTTP/2 GET https://localhost:7165/_vs/browserLink - 200 null text/javascript; charset=UTF-8 66.8622ms
2025-08-13 13:20:31.273 +05:30 [INF] Request starting HTTP/2 GET https://localhost:7165/_framework/aspnetcore-browser-refresh.js - null null
2025-08-13 13:20:31.275 +05:30 [INF] Request finished HTTP/2 GET https://localhost:7165/_framework/aspnetcore-browser-refresh.js - 200 16499 application/javascript; charset=utf-8 1.7439ms
2025-08-13 13:20:31.532 +05:30 [INF] Request starting HTTP/2 GET https://localhost:7165/swagger/v1/swagger.json - null null
2025-08-13 13:20:31.573 +05:30 [INF] Request finished HTTP/2 GET https://localhost:7165/swagger/v1/swagger.json - 200 null application/json;charset=utf-8 41.2423ms
2025-08-13 13:29:33.618 +05:30 [INF] Request starting HTTP/2 GET https://localhost:7165/swagger/index.html - null null
2025-08-13 13:29:33.642 +05:30 [INF] Request finished HTTP/2 GET https://localhost:7165/swagger/index.html - 200 null text/html;charset=utf-8 24.1277ms
2025-08-13 13:29:33.761 +05:30 [INF] Request starting HTTP/2 GET https://localhost:7165/_vs/browserLink - null null
2025-08-13 13:29:33.843 +05:30 [INF] Request starting HTTP/2 GET https://localhost:7165/_framework/aspnetcore-browser-refresh.js - null null
2025-08-13 13:29:33.853 +05:30 [INF] Request finished HTTP/2 GET https://localhost:7165/_framework/aspnetcore-browser-refresh.js - 200 16499 application/javascript; charset=utf-8 9.554ms
2025-08-13 13:29:33.866 +05:30 [INF] Request finished HTTP/2 GET https://localhost:7165/_vs/browserLink - 200 null text/javascript; charset=UTF-8 105.0428ms
2025-08-13 13:29:33.871 +05:30 [INF] Request starting HTTP/1.1 GET https://localhost:7165/api/Settings/Get - null null
2025-08-13 13:29:33.874 +05:30 [INF] Executing endpoint 'AuthNet.Controllers.SettingsController.GetCompanyInfo (AuthNet)'
2025-08-13 13:29:33.881 +05:30 [INF] Route matched with {action = "GetCompanyInfo", controller = "Settings"}. Executing controller action with signature System.Threading.Tasks.Task`1[Microsoft.AspNetCore.Mvc.IActionResult] GetCompanyInfo() on controller AuthNet.Controllers.SettingsController (AuthNet).
2025-08-13 13:29:34.083 +05:30 [INF] Executed DbCommand (40ms) [Parameters=[], CommandType='"Text"', CommandTimeout='30']
SELECT TOP(1) [c].[Id], [c].[Address], [c].[AlternateContactNumber], [c].[ContactNumber], [c].[Email], [c].[GSTIN], [c].[LogoFileExtension], [c].[LogoFilePath], [c].[LogoFileSizeInBytes], [c].[LogoName], [c].[Name], [c].[SignFileExtension], [c].[SignFilePath], [c].[SignFileSizeInBytes], [c].[SignName]
FROM [CompanyInfos] AS [c]
2025-08-13 13:29:34.084 +05:30 [INF] Executing OkObjectResult, writing value of type 'AuthNet.Models.DTO.CompanyInfoResponseDto'.
2025-08-13 13:29:34.091 +05:30 [INF] Executed action AuthNet.Controllers.SettingsController.GetCompanyInfo (AuthNet) in 210.7596ms
2025-08-13 13:29:34.092 +05:30 [INF] Executed endpoint 'AuthNet.Controllers.SettingsController.GetCompanyInfo (AuthNet)'
2025-08-13 13:29:34.092 +05:30 [INF] Request finished HTTP/1.1 GET https://localhost:7165/api/Settings/Get - 200 null application/json; charset=utf-8 221.1175ms
2025-08-13 13:29:35.244 +05:30 [INF] Request starting HTTP/2 GET https://localhost:7165/swagger/v1/swagger.json - null null
2025-08-13 13:29:35.290 +05:30 [INF] Request finished HTTP/2 GET https://localhost:7165/swagger/v1/swagger.json - 200 null application/json;charset=utf-8 46.5984ms
2025-08-13 13:30:40.924 +05:30 [INF] Request starting HTTP/2 GET https://localhost:7165/swagger/index.html - null null
2025-08-13 13:30:40.957 +05:30 [INF] Request finished HTTP/2 GET https://localhost:7165/swagger/index.html - 200 null text/html;charset=utf-8 35.7963ms
2025-08-13 13:30:41.078 +05:30 [INF] Request starting HTTP/1.1 GET https://localhost:7165/api/Settings/Get - null null
2025-08-13 13:30:41.081 +05:30 [INF] Executing endpoint 'AuthNet.Controllers.SettingsController.GetCompanyInfo (AuthNet)'
2025-08-13 13:30:41.092 +05:30 [INF] Route matched with {action = "GetCompanyInfo", controller = "Settings"}. Executing controller action with signature System.Threading.Tasks.Task`1[Microsoft.AspNetCore.Mvc.IActionResult] GetCompanyInfo() on controller AuthNet.Controllers.SettingsController (AuthNet).
2025-08-13 13:30:41.105 +05:30 [INF] Request starting HTTP/2 GET https://localhost:7165/_vs/browserLink - null null
2025-08-13 13:30:41.199 +05:30 [INF] Request finished HTTP/2 GET https://localhost:7165/_vs/browserLink - 200 null text/javascript; charset=UTF-8 93.6424ms
2025-08-13 13:30:41.206 +05:30 [INF] Executed DbCommand (112ms) [Parameters=[], CommandType='"Text"', CommandTimeout='30']
SELECT TOP(1) [c].[Id], [c].[Address], [c].[AlternateContactNumber], [c].[ContactNumber], [c].[Email], [c].[GSTIN], [c].[LogoFileExtension], [c].[LogoFilePath], [c].[LogoFileSizeInBytes], [c].[LogoName], [c].[Name], [c].[SignFileExtension], [c].[SignFilePath], [c].[SignFileSizeInBytes], [c].[SignName]
FROM [CompanyInfos] AS [c]
2025-08-13 13:30:41.207 +05:30 [INF] Executing OkObjectResult, writing value of type 'AuthNet.Models.DTO.CompanyInfoResponseDto'.
2025-08-13 13:30:41.210 +05:30 [INF] Executed action AuthNet.Controllers.SettingsController.GetCompanyInfo (AuthNet) in 117.409ms
2025-08-13 13:30:41.210 +05:30 [INF] Executed endpoint 'AuthNet.Controllers.SettingsController.GetCompanyInfo (AuthNet)'
2025-08-13 13:30:41.210 +05:30 [INF] Request finished HTTP/1.1 GET https://localhost:7165/api/Settings/Get - 200 null application/json; charset=utf-8 132.353ms
2025-08-13 13:30:41.478 +05:30 [INF] Request starting HTTP/2 GET https://localhost:7165/_framework/aspnetcore-browser-refresh.js - null null
2025-08-13 13:30:41.495 +05:30 [INF] Request finished HTTP/2 GET https://localhost:7165/_framework/aspnetcore-browser-refresh.js - 200 16499 application/javascript; charset=utf-8 17.243ms
2025-08-13 13:30:41.773 +05:30 [INF] Request starting HTTP/2 GET https://localhost:7165/swagger/v1/swagger.json - null null
2025-08-13 13:30:41.823 +05:30 [INF] Request finished HTTP/2 GET https://localhost:7165/swagger/v1/swagger.json - 200 null application/json;charset=utf-8 49.2107ms
2025-08-13 13:30:52.097 +05:30 [INF] Request starting HTTP/1.1 GET https://localhost:7165/api/TaxSettings - null null
2025-08-13 13:30:52.106 +05:30 [INF] Executing endpoint 'AuthNet.Controllers.TaxSettingsController.GetAll (AuthNet)'
2025-08-13 13:30:52.110 +05:30 [INF] Route matched with {action = "GetAll", controller = "TaxSettings"}. Executing controller action with signature System.Threading.Tasks.Task`1[Microsoft.AspNetCore.Mvc.IActionResult] GetAll() on controller AuthNet.Controllers.TaxSettingsController (AuthNet).
2025-08-13 13:30:52.122 +05:30 [INF] Executed DbCommand (10ms) [Parameters=[], CommandType='"Text"', CommandTimeout='30']
SELECT TOP(1) [t].[Id], [t].[CGST], [t].[IGST], [t].[SGST]
FROM [TaxSettings] AS [t]
2025-08-13 13:30:52.123 +05:30 [INF] Executing OkObjectResult, writing value of type 'AuthNet.Models.DTO.TaxSettingResponseDto'.
2025-08-13 13:30:52.125 +05:30 [INF] Executed action AuthNet.Controllers.TaxSettingsController.GetAll (AuthNet) in 15.0261ms
2025-08-13 13:30:52.125 +05:30 [INF] Executed endpoint 'AuthNet.Controllers.TaxSettingsController.GetAll (AuthNet)'
2025-08-13 13:30:52.126 +05:30 [INF] Request finished HTTP/1.1 GET https://localhost:7165/api/TaxSettings - 200 null application/json; charset=utf-8 29.0614ms
2025-08-13 13:31:07.503 +05:30 [INF] Request starting HTTP/1.1 GET https://localhost:7165/api/TaxSettings - null null
2025-08-13 13:31:07.504 +05:30 [INF] Executing endpoint 'AuthNet.Controllers.TaxSettingsController.GetAll (AuthNet)'
2025-08-13 13:31:07.504 +05:30 [INF] Route matched with {action = "GetAll", controller = "TaxSettings"}. Executing controller action with signature System.Threading.Tasks.Task`1[Microsoft.AspNetCore.Mvc.IActionResult] GetAll() on controller AuthNet.Controllers.TaxSettingsController (AuthNet).
2025-08-13 13:31:07.530 +05:30 [INF] Executed DbCommand (25ms) [Parameters=[], CommandType='"Text"', CommandTimeout='30']
SELECT TOP(1) [t].[Id], [t].[CGST], [t].[IGST], [t].[SGST]
FROM [TaxSettings] AS [t]
2025-08-13 13:31:07.530 +05:30 [INF] Executing OkObjectResult, writing value of type 'AuthNet.Models.DTO.TaxSettingResponseDto'.
2025-08-13 13:31:07.530 +05:30 [INF] Executed action AuthNet.Controllers.TaxSettingsController.GetAll (AuthNet) in 26.3137ms
2025-08-13 13:31:07.531 +05:30 [INF] Executed endpoint 'AuthNet.Controllers.TaxSettingsController.GetAll (AuthNet)'
2025-08-13 13:31:07.531 +05:30 [INF] Request finished HTTP/1.1 GET https://localhost:7165/api/TaxSettings - 200 null application/json; charset=utf-8 27.4338ms
2025-08-13 13:31:15.080 +05:30 [INF] Request starting HTTP/1.1 PUT https://localhost:7165/api/TaxSettings/1 - application/json; charset=utf-8 null
2025-08-13 13:31:15.087 +05:30 [INF] Executing endpoint 'AuthNet.Controllers.TaxSettingsController.Update (AuthNet)'
2025-08-13 13:31:15.108 +05:30 [INF] Route matched with {action = "Update", controller = "TaxSettings"}. Executing controller action with signature System.Threading.Tasks.Task`1[Microsoft.AspNetCore.Mvc.IActionResult] Update(Int32, AuthNet.Models.Domain.TaxSetting) on controller AuthNet.Controllers.TaxSettingsController (AuthNet).
2025-08-13 13:31:15.174 +05:30 [INF] Executed DbCommand (4ms) [Parameters=[@__p_0='?' (DbType = Int32)], CommandType='"Text"', CommandTimeout='30']
SELECT TOP(1) [t].[Id], [t].[CGST], [t].[IGST], [t].[SGST]
FROM [TaxSettings] AS [t]
WHERE [t].[Id] = @__p_0
2025-08-13 13:31:15.413 +05:30 [INF] Executed DbCommand (16ms) [Parameters=[@p3='?' (DbType = Int32), @p0='?' (Precision = 18) (Scale = 2) (DbType = Decimal), @p1='?' (Precision = 18) (Scale = 2) (DbType = Decimal), @p2='?' (Precision = 18) (Scale = 2) (DbType = Decimal)], CommandType='"Text"', CommandTimeout='30']
SET IMPLICIT_TRANSACTIONS OFF;
SET NOCOUNT ON;
UPDATE [TaxSettings] SET [CGST] = @p0, [IGST] = @p1, [SGST] = @p2
OUTPUT 1
WHERE [Id] = @p3;
2025-08-13 13:31:15.455 +05:30 [INF] Executing OkObjectResult, writing value of type '<>f__AnonymousType0`1[[System.String, System.Private.CoreLib, Version=8.0.0.0, Culture=neutral, PublicKeyToken=7cec85d7bea7798e]]'.
2025-08-13 13:31:15.463 +05:30 [INF] Executed action AuthNet.Controllers.TaxSettingsController.Update (AuthNet) in 354.8738ms
2025-08-13 13:31:15.463 +05:30 [INF] Executed endpoint 'AuthNet.Controllers.TaxSettingsController.Update (AuthNet)'
2025-08-13 13:31:15.463 +05:30 [INF] Request finished HTTP/1.1 PUT https://localhost:7165/api/TaxSettings/1 - 200 null application/json; charset=utf-8 383.2304ms
2025-08-13 13:31:15.498 +05:30 [INF] Request starting HTTP/1.1 GET https://localhost:7165/api/TaxSettings - null null
2025-08-13 13:31:15.498 +05:30 [INF] Executing endpoint 'AuthNet.Controllers.TaxSettingsController.GetAll (AuthNet)'
2025-08-13 13:31:15.498 +05:30 [INF] Route matched with {action = "GetAll", controller = "TaxSettings"}. Executing controller action with signature System.Threading.Tasks.Task`1[Microsoft.AspNetCore.Mvc.IActionResult] GetAll() on controller AuthNet.Controllers.TaxSettingsController (AuthNet).
2025-08-13 13:31:15.503 +05:30 [INF] Executed DbCommand (2ms) [Parameters=[], CommandType='"Text"', CommandTimeout='30']
SELECT TOP(1) [t].[Id], [t].[CGST], [t].[IGST], [t].[SGST]
FROM [TaxSettings] AS [t]
2025-08-13 13:31:15.504 +05:30 [INF] Executing OkObjectResult, writing value of type 'AuthNet.Models.DTO.TaxSettingResponseDto'.
2025-08-13 13:31:15.505 +05:30 [INF] Executed action AuthNet.Controllers.TaxSettingsController.GetAll (AuthNet) in 6.4163ms
2025-08-13 13:31:15.505 +05:30 [INF] Executed endpoint 'AuthNet.Controllers.TaxSettingsController.GetAll (AuthNet)'
2025-08-13 13:31:15.505 +05:30 [INF] Request finished HTTP/1.1 GET https://localhost:7165/api/TaxSettings - 200 null application/json; charset=utf-8 7.9413ms
2025-08-13 13:31:22.146 +05:30 [INF] Request starting HTTP/1.1 GET https://localhost:7165/api/Settings/Get - null null
2025-08-13 13:31:22.152 +05:30 [INF] Executing endpoint 'AuthNet.Controllers.SettingsController.GetCompanyInfo (AuthNet)'
2025-08-13 13:31:22.153 +05:30 [INF] Route matched with {action = "GetCompanyInfo", controller = "Settings"}. Executing controller action with signature System.Threading.Tasks.Task`1[Microsoft.AspNetCore.Mvc.IActionResult] GetCompanyInfo() on controller AuthNet.Controllers.SettingsController (AuthNet).
2025-08-13 13:31:22.162 +05:30 [INF] Executed DbCommand (9ms) [Parameters=[], CommandType='"Text"', CommandTimeout='30']
SELECT TOP(1) [c].[Id], [c].[Address], [c].[AlternateContactNumber], [c].[ContactNumber], [c].[Email], [c].[GSTIN], [c].[LogoFileExtension], [c].[LogoFilePath], [c].[LogoFileSizeInBytes], [c].[LogoName], [c].[Name], [c].[SignFileExtension], [c].[SignFilePath], [c].[SignFileSizeInBytes], [c].[SignName]
FROM [CompanyInfos] AS [c]
2025-08-13 13:31:22.163 +05:30 [INF] Executing OkObjectResult, writing value of type 'AuthNet.Models.DTO.CompanyInfoResponseDto'.
2025-08-13 13:31:22.163 +05:30 [INF] Executed action AuthNet.Controllers.SettingsController.GetCompanyInfo (AuthNet) in 10.3333ms
2025-08-13 13:31:22.163 +05:30 [INF] Executed endpoint 'AuthNet.Controllers.SettingsController.GetCompanyInfo (AuthNet)'
2025-08-13 13:31:22.163 +05:30 [INF] Request finished HTTP/1.1 GET https://localhost:7165/api/Settings/Get - 200 null application/json; charset=utf-8 16.9615ms
2025-08-13 13:31:25.917 +05:30 [INF] Request starting HTTP/1.1 GET https://localhost:7165/api/Inventory - null null
2025-08-13 13:31:25.918 +05:30 [INF] Executing endpoint 'AuthNet.Controllers.InventoryController.GetAll (AuthNet)'
2025-08-13 13:31:25.925 +05:30 [INF] Route matched with {action = "GetAll", controller = "Inventory"}. Executing controller action with signature System.Threading.Tasks.Task`1[Microsoft.AspNetCore.Mvc.IActionResult] GetAll() on controller AuthNet.Controllers.InventoryController (AuthNet).
2025-08-13 13:31:25.938 +05:30 [INF] Executed DbCommand (12ms) [Parameters=[], CommandType='"Text"', CommandTimeout='30']
SELECT [i].[InventoryId], [i].[LastUpdated], [i].[ProductId], [i].[QuantityInStock], [i].[ReorderLevel]
FROM [Inventories] AS [i]
2025-08-13 13:31:25.939 +05:30 [INF] Executing OkObjectResult, writing value of type 'System.Collections.Generic.List`1[[AuthNet.Models.Domain.Inventory, AuthNet, Version=1.0.0.0, Culture=neutral, PublicKeyToken=null]]'.
2025-08-13 13:31:25.943 +05:30 [INF] Executed action AuthNet.Controllers.InventoryController.GetAll (AuthNet) in 18.5668ms
2025-08-13 13:31:25.943 +05:30 [INF] Executed endpoint 'AuthNet.Controllers.InventoryController.GetAll (AuthNet)'
2025-08-13 13:31:25.943 +05:30 [INF] Request finished HTTP/1.1 GET https://localhost:7165/api/Inventory - 200 null application/json; charset=utf-8 26.4894ms
2025-08-13 13:31:25.964 +05:30 [INF] Request starting HTTP/1.1 GET https://localhost:7165/api/Products - null null
2025-08-13 13:31:25.965 +05:30 [INF] Executing endpoint 'AuthNet.Controllers.ProductsController.GetAll (AuthNet)'
2025-08-13 13:31:25.973 +05:30 [INF] Route matched with {action = "GetAll", controller = "Products"}. Executing controller action with signature System.Threading.Tasks.Task`1[Microsoft.AspNetCore.Mvc.IActionResult] GetAll() on controller AuthNet.Controllers.ProductsController (AuthNet).
2025-08-13 13:31:25.982 +05:30 [INF] Executed DbCommand (8ms) [Parameters=[], CommandType='"Text"', CommandTimeout='30']
SELECT [p].[ProductId], [p].[CategoryId], [p].[CostPrice], [p].[Description], [p].[Name], [p].[ProductCode], [p].[ProductKey], [p].[SellPrice], [p].[SupplierId]
FROM [Products] AS [p]
2025-08-13 13:31:25.983 +05:30 [INF] Executing OkObjectResult, writing value of type 'System.Collections.Generic.List`1[[AuthNet.Models.Domain.Product, AuthNet, Version=1.0.0.0, Culture=neutral, PublicKeyToken=null]]'.
2025-08-13 13:31:25.986 +05:30 [INF] Executed action AuthNet.Controllers.ProductsController.GetAll (AuthNet) in 12.9175ms
2025-08-13 13:31:25.986 +05:30 [INF] Executed endpoint 'AuthNet.Controllers.ProductsController.GetAll (AuthNet)'
2025-08-13 13:31:25.986 +05:30 [INF] Request finished HTTP/1.1 GET https://localhost:7165/api/Products - 200 null application/json; charset=utf-8 21.9903ms
2025-08-13 13:31:28.843 +05:30 [INF] Request starting HTTP/1.1 GET https://localhost:7165/api/Orders - null null
2025-08-13 13:31:28.844 +05:30 [INF] Executing endpoint 'AuthNet.Controllers.OrdersController.GetAll (AuthNet)'
2025-08-13 13:31:28.855 +05:30 [INF] Route matched with {action = "GetAll", controller = "Orders"}. Executing controller action with signature System.Threading.Tasks.Task`1[Microsoft.AspNetCore.Mvc.IActionResult] GetAll() on controller AuthNet.Controllers.OrdersController (AuthNet).
2025-08-13 13:31:28.867 +05:30 [INF] Executed DbCommand (10ms) [Parameters=[], CommandType='"Text"', CommandTimeout='30']
SELECT [o].[OrderId], [o].[CustomerId], [o].[UserId], [o].[OrderDate], [o].[TotalAmount]
FROM [Orders] AS [o]
2025-08-13 13:31:28.867 +05:30 [INF] Executing OkObjectResult, writing value of type 'System.Collections.Generic.List`1[[AuthNet.Models.DTO.OrderViewModel, AuthNet, Version=1.0.0.0, Culture=neutral, PublicKeyToken=null]]'.
2025-08-13 13:31:28.869 +05:30 [INF] Executed action AuthNet.Controllers.OrdersController.GetAll (AuthNet) in 14.0728ms
2025-08-13 13:31:28.869 +05:30 [INF] Executed endpoint 'AuthNet.Controllers.OrdersController.GetAll (AuthNet)'
2025-08-13 13:31:28.870 +05:30 [INF] Request finished HTTP/1.1 GET https://localhost:7165/api/Orders - 200 null application/json; charset=utf-8 26.5708ms
2025-08-13 13:31:28.894 +05:30 [INF] Request starting HTTP/1.1 GET https://localhost:7165/api/Users - null null
2025-08-13 13:31:28.895 +05:30 [INF] Executing endpoint 'AuthNet.Controllers.UsersController.GetAll (AuthNet)'
2025-08-13 13:31:28.905 +05:30 [INF] Route matched with {action = "GetAll", controller = "Users"}. Executing controller action with signature System.Threading.Tasks.Task`1[Microsoft.AspNetCore.Mvc.IActionResult] GetAll() on controller AuthNet.Controllers.UsersController (AuthNet).
2025-08-13 13:31:28.913 +05:30 [INF] Executed DbCommand (6ms) [Parameters=[], CommandType='"Text"', CommandTimeout='30']
SELECT [u].[UserId], [u].[Username], [u].[Firstname], [u].[Lastname], [u].[Email], [u].[Role], [u].[CreatedAt]
FROM [Users] AS [u]
2025-08-13 13:31:28.914 +05:30 [INF] Executing OkObjectResult, writing value of type 'System.Collections.Generic.List`1[[AuthNet.Models.DTO.UserViewModel, AuthNet, Version=1.0.0.0, Culture=neutral, PublicKeyToken=null]]'.
2025-08-13 13:31:28.918 +05:30 [INF] Executed action AuthNet.Controllers.UsersController.GetAll (AuthNet) in 12.951ms
2025-08-13 13:31:28.918 +05:30 [INF] Executed endpoint 'AuthNet.Controllers.UsersController.GetAll (AuthNet)'
2025-08-13 13:31:28.918 +05:30 [INF] Request finished HTTP/1.1 GET https://localhost:7165/api/Users - 200 null application/json; charset=utf-8 23.6768ms
2025-08-13 13:31:28.938 +05:30 [INF] Request starting HTTP/1.1 GET https://localhost:7165/api/Customers - null null
2025-08-13 13:31:28.939 +05:30 [INF] Executing endpoint 'AuthNet.Controllers.CustomersController.GetAll (AuthNet)'
2025-08-13 13:31:28.946 +05:30 [INF] Route matched with {action = "GetAll", controller = "Customers"}. Executing controller action with signature System.Threading.Tasks.Task`1[Microsoft.AspNetCore.Mvc.IActionResult] GetAll() on controller AuthNet.Controllers.CustomersController (AuthNet).
2025-08-13 13:31:28.953 +05:30 [INF] Executed DbCommand (6ms) [Parameters=[], CommandType='"Text"', CommandTimeout='30']
SELECT [c].[CustomerId], [c].[Name], [c].[Email], [c].[Phone], [c].[Address]
FROM [Customers] AS [c]
2025-08-13 13:31:28.955 +05:30 [INF] Executing OkObjectResult, writing value of type 'System.Collections.Generic.List`1[[AuthNet.Models.DTO.CustomerViewModel, AuthNet, Version=1.0.0.0, Culture=neutral, PublicKeyToken=null]]'.
2025-08-13 13:31:28.958 +05:30 [INF] Executed action AuthNet.Controllers.CustomersController.GetAll (AuthNet) in 11.8707ms
2025-08-13 13:31:28.958 +05:30 [INF] Executed endpoint 'AuthNet.Controllers.CustomersController.GetAll (AuthNet)'
2025-08-13 13:31:28.958 +05:30 [INF] Request finished HTTP/1.1 GET https://localhost:7165/api/Customers - 200 null application/json; charset=utf-8 20.1439ms
2025-08-13 13:32:07.851 +05:30 [INF] Request starting HTTP/1.1 GET https://localhost:7165/api/Settings/Get - null null
2025-08-13 13:32:07.851 +05:30 [INF] Executing endpoint 'AuthNet.Controllers.SettingsController.GetCompanyInfo (AuthNet)'
2025-08-13 13:32:07.851 +05:30 [INF] Route matched with {action = "GetCompanyInfo", controller = "Settings"}. Executing controller action with signature System.Threading.Tasks.Task`1[Microsoft.AspNetCore.Mvc.IActionResult] GetCompanyInfo() on controller AuthNet.Controllers.SettingsController (AuthNet).
2025-08-13 13:32:07.915 +05:30 [INF] Executed DbCommand (62ms) [Parameters=[], CommandType='"Text"', CommandTimeout='30']
SELECT TOP(1) [c].[Id], [c].[Address], [c].[AlternateContactNumber], [c].[ContactNumber], [c].[Email], [c].[GSTIN], [c].[LogoFileExtension], [c].[LogoFilePath], [c].[LogoFileSizeInBytes], [c].[LogoName], [c].[Name], [c].[SignFileExtension], [c].[SignFilePath], [c].[SignFileSizeInBytes], [c].[SignName]
FROM [CompanyInfos] AS [c]
2025-08-13 13:32:07.915 +05:30 [INF] Executing OkObjectResult, writing value of type 'AuthNet.Models.DTO.CompanyInfoResponseDto'.
2025-08-13 13:32:07.915 +05:30 [INF] Executed action AuthNet.Controllers.SettingsController.GetCompanyInfo (AuthNet) in 63.6111ms
2025-08-13 13:32:07.915 +05:30 [INF] Executed endpoint 'AuthNet.Controllers.SettingsController.GetCompanyInfo (AuthNet)'
2025-08-13 13:32:07.915 +05:30 [INF] Request finished HTTP/1.1 GET https://localhost:7165/api/Settings/Get - 200 null application/json; charset=utf-8 64.2308ms
2025-08-13 13:38:39.602 +05:30 [WRN] No store type was specified for the decimal property 'TotalAmount' on entity type 'Order'. This will cause values to be silently truncated if they do not fit in the default precision and scale. Explicitly specify the SQL server column type that can accommodate all the values in 'OnModelCreating' using 'HasColumnType', specify precision and scale using 'HasPrecision', or configure a value converter using 'HasConversion'.
2025-08-13 13:38:39.649 +05:30 [WRN] No store type was specified for the decimal property 'UnitPrice' on entity type 'OrderItem'. This will cause values to be silently truncated if they do not fit in the default precision and scale. Explicitly specify the SQL server column type that can accommodate all the values in 'OnModelCreating' using 'HasColumnType', specify precision and scale using 'HasPrecision', or configure a value converter using 'HasConversion'.
2025-08-13 13:38:39.649 +05:30 [WRN] No store type was specified for the decimal property 'CostPrice' on entity type 'Product'. This will cause values to be silently truncated if they do not fit in the default precision and scale. Explicitly specify the SQL server column type that can accommodate all the values in 'OnModelCreating' using 'HasColumnType', specify precision and scale using 'HasPrecision', or configure a value converter using 'HasConversion'.
2025-08-13 13:38:39.649 +05:30 [WRN] No store type was specified for the decimal property 'SellPrice' on entity type 'Product'. This will cause values to be silently truncated if they do not fit in the default precision and scale. Explicitly specify the SQL server column type that can accommodate all the values in 'OnModelCreating' using 'HasColumnType', specify precision and scale using 'HasPrecision', or configure a value converter using 'HasConversion'.
2025-08-13 13:38:39.649 +05:30 [WRN] No store type was specified for the decimal property 'TotalAmount' on entity type 'PurchaseOrder'. This will cause values to be silently truncated if they do not fit in the default precision and scale. Explicitly specify the SQL server column type that can accommodate all the values in 'OnModelCreating' using 'HasColumnType', specify precision and scale using 'HasPrecision', or configure a value converter using 'HasConversion'.
2025-08-13 13:38:39.649 +05:30 [WRN] No store type was specified for the decimal property 'UnitPrice' on entity type 'PurchaseOrderItems'. This will cause values to be silently truncated if they do not fit in the default precision and scale. Explicitly specify the SQL server column type that can accommodate all the values in 'OnModelCreating' using 'HasColumnType', specify precision and scale using 'HasPrecision', or configure a value converter using 'HasConversion'.
2025-08-13 13:38:39.649 +05:30 [WRN] No store type was specified for the decimal property 'AfterTaxAmount' on entity type 'Sale'. This will cause values to be silently truncated if they do not fit in the default precision and scale. Explicitly specify the SQL server column type that can accommodate all the values in 'OnModelCreating' using 'HasColumnType', specify precision and scale using 'HasPrecision', or configure a value converter using 'HasConversion'.
2025-08-13 13:38:39.650 +05:30 [WRN] No store type was specified for the decimal property 'DiscountedAmount' on entity type 'Sale'. This will cause values to be silently truncated if they do not fit in the default precision and scale. Explicitly specify the SQL server column type that can accommodate all the values in 'OnModelCreating' using 'HasColumnType', specify precision and scale using 'HasPrecision', or configure a value converter using 'HasConversion'.
2025-08-13 13:38:39.650 +05:30 [WRN] No store type was specified for the decimal property 'PrincipalAmount' on entity type 'Sale'. This will cause values to be silently truncated if they do not fit in the default precision and scale. Explicitly specify the SQL server column type that can accommodate all the values in 'OnModelCreating' using 'HasColumnType', specify precision and scale using 'HasPrecision', or configure a value converter using 'HasConversion'.
2025-08-13 13:38:39.650 +05:30 [WRN] No store type was specified for the decimal property 'TotalAmount' on entity type 'Sale'. This will cause values to be silently truncated if they do not fit in the default precision and scale. Explicitly specify the SQL server column type that can accommodate all the values in 'OnModelCreating' using 'HasColumnType', specify precision and scale using 'HasPrecision', or configure a value converter using 'HasConversion'.
2025-08-13 13:38:39.650 +05:30 [WRN] No store type was specified for the decimal property 'TotalPrice' on entity type 'SaleItem'. This will cause values to be silently truncated if they do not fit in the default precision and scale. Explicitly specify the SQL server column type that can accommodate all the values in 'OnModelCreating' using 'HasColumnType', specify precision and scale using 'HasPrecision', or configure a value converter using 'HasConversion'.
2025-08-13 13:38:39.650 +05:30 [WRN] No store type was specified for the decimal property 'UnitPrice' on entity type 'SaleItem'. This will cause values to be silently truncated if they do not fit in the default precision and scale. Explicitly specify the SQL server column type that can accommodate all the values in 'OnModelCreating' using 'HasColumnType', specify precision and scale using 'HasPrecision', or configure a value converter using 'HasConversion'.
2025-08-13 13:38:39.650 +05:30 [WRN] No store type was specified for the decimal property 'CGST' on entity type 'TaxSetting'. This will cause values to be silently truncated if they do not fit in the default precision and scale. Explicitly specify the SQL server column type that can accommodate all the values in 'OnModelCreating' using 'HasColumnType', specify precision and scale using 'HasPrecision', or configure a value converter using 'HasConversion'.
2025-08-13 13:38:39.650 +05:30 [WRN] No store type was specified for the decimal property 'IGST' on entity type 'TaxSetting'. This will cause values to be silently truncated if they do not fit in the default precision and scale. Explicitly specify the SQL server column type that can accommodate all the values in 'OnModelCreating' using 'HasColumnType', specify precision and scale using 'HasPrecision', or configure a value converter using 'HasConversion'.
2025-08-13 13:38:39.650 +05:30 [WRN] No store type was specified for the decimal property 'SGST' on entity type 'TaxSetting'. This will cause values to be silently truncated if they do not fit in the default precision and scale. Explicitly specify the SQL server column type that can accommodate all the values in 'OnModelCreating' using 'HasColumnType', specify precision and scale using 'HasPrecision', or configure a value converter using 'HasConversion'.
2025-08-13 13:38:39.947 +05:30 [WRN] No store type was specified for the decimal property 'TotalAmount' on entity type 'Order'. This will cause values to be silently truncated if they do not fit in the default precision and scale. Explicitly specify the SQL server column type that can accommodate all the values in 'OnModelCreating' using 'HasColumnType', specify precision and scale using 'HasPrecision', or configure a value converter using 'HasConversion'.
2025-08-13 13:38:39.948 +05:30 [WRN] No store type was specified for the decimal property 'UnitPrice' on entity type 'OrderItem'. This will cause values to be silently truncated if they do not fit in the default precision and scale. Explicitly specify the SQL server column type that can accommodate all the values in 'OnModelCreating' using 'HasColumnType', specify precision and scale using 'HasPrecision', or configure a value converter using 'HasConversion'.
2025-08-13 13:38:39.948 +05:30 [WRN] No store type was specified for the decimal property 'CostPrice' on entity type 'Product'. This will cause values to be silently truncated if they do not fit in the default precision and scale. Explicitly specify the SQL server column type that can accommodate all the values in 'OnModelCreating' using 'HasColumnType', specify precision and scale using 'HasPrecision', or configure a value converter using 'HasConversion'.
2025-08-13 13:38:39.948 +05:30 [WRN] No store type was specified for the decimal property 'SellPrice' on entity type 'Product'. This will cause values to be silently truncated if they do not fit in the default precision and scale. Explicitly specify the SQL server column type that can accommodate all the values in 'OnModelCreating' using 'HasColumnType', specify precision and scale using 'HasPrecision', or configure a value converter using 'HasConversion'.
2025-08-13 13:38:39.948 +05:30 [WRN] No store type was specified for the decimal property 'TotalAmount' on entity type 'PurchaseOrder'. This will cause values to be silently truncated if they do not fit in the default precision and scale. Explicitly specify the SQL server column type that can accommodate all the values in 'OnModelCreating' using 'HasColumnType', specify precision and scale using 'HasPrecision', or configure a value converter using 'HasConversion'.
2025-08-13 13:38:39.948 +05:30 [WRN] No store type was specified for the decimal property 'UnitPrice' on entity type 'PurchaseOrderItems'. This will cause values to be silently truncated if they do not fit in the default precision and scale. Explicitly specify the SQL server column type that can accommodate all the values in 'OnModelCreating' using 'HasColumnType', specify precision and scale using 'HasPrecision', or configure a value converter using 'HasConversion'.
2025-08-13 13:38:39.948 +05:30 [WRN] No store type was specified for the decimal property 'AfterTaxAmount' on entity type 'Sale'. This will cause values to be silently truncated if they do not fit in the default precision and scale. Explicitly specify the SQL server column type that can accommodate all the values in 'OnModelCreating' using 'HasColumnType', specify precision and scale using 'HasPrecision', or configure a value converter using 'HasConversion'.
2025-08-13 13:38:39.948 +05:30 [WRN] No store type was specified for the decimal property 'DiscountedAmount' on entity type 'Sale'. This will cause values to be silently truncated if they do not fit in the default precision and scale. Explicitly specify the SQL server column type that can accommodate all the values in 'OnModelCreating' using 'HasColumnType', specify precision and scale using 'HasPrecision', or configure a value converter using 'HasConversion'.
2025-08-13 13:38:39.948 +05:30 [WRN] No store type was specified for the decimal property 'PrincipalAmount' on entity type 'Sale'. This will cause values to be silently truncated if they do not fit in the default precision and scale. Explicitly specify the SQL server column type that can accommodate all the values in 'OnModelCreating' using 'HasColumnType', specify precision and scale using 'HasPrecision', or configure a value converter using 'HasConversion'.
2025-08-13 13:38:39.948 +05:30 [WRN] No store type was specified for the decimal property 'TotalAmount' on entity type 'Sale'. This will cause values to be silently truncated if they do not fit in the default precision and scale. Explicitly specify the SQL server column type that can accommodate all the values in 'OnModelCreating' using 'HasColumnType', specify precision and scale using 'HasPrecision', or configure a value converter using 'HasConversion'.
2025-08-13 13:38:39.948 +05:30 [WRN] No store type was specified for the decimal property 'TotalPrice' on entity type 'SaleItem'. This will cause values to be silently truncated if they do not fit in the default precision and scale. Explicitly specify the SQL server column type that can accommodate all the values in 'OnModelCreating' using 'HasColumnType', specify precision and scale using 'HasPrecision', or configure a value converter using 'HasConversion'.
2025-08-13 13:38:39.948 +05:30 [WRN] No store type was specified for the decimal property 'UnitPrice' on entity type 'SaleItem'. This will cause values to be silently truncated if they do not fit in the default precision and scale. Explicitly specify the SQL server column type that can accommodate all the values in 'OnModelCreating' using 'HasColumnType', specify precision and scale using 'HasPrecision', or configure a value converter using 'HasConversion'.
2025-08-13 13:38:39.948 +05:30 [WRN] No store type was specified for the decimal property 'CGST' on entity type 'TaxSetting'. This will cause values to be silently truncated if they do not fit in the default precision and scale. Explicitly specify the SQL server column type that can accommodate all the values in 'OnModelCreating' using 'HasColumnType', specify precision and scale using 'HasPrecision', or configure a value converter using 'HasConversion'.
2025-08-13 13:38:39.948 +05:30 [WRN] No store type was specified for the decimal property 'IGST' on entity type 'TaxSetting'. This will cause values to be silently truncated if they do not fit in the default precision and scale. Explicitly specify the SQL server column type that can accommodate all the values in 'OnModelCreating' using 'HasColumnType', specify precision and scale using 'HasPrecision', or configure a value converter using 'HasConversion'.
2025-08-13 13:38:39.948 +05:30 [WRN] No store type was specified for the decimal property 'SGST' on entity type 'TaxSetting'. This will cause values to be silently truncated if they do not fit in the default precision and scale. Explicitly specify the SQL server column type that can accommodate all the values in 'OnModelCreating' using 'HasColumnType', specify precision and scale using 'HasPrecision', or configure a value converter using 'HasConversion'.
2025-08-13 13:39:00.112 +05:30 [WRN] No store type was specified for the decimal property 'TotalAmount' on entity type 'Order'. This will cause values to be silently truncated if they do not fit in the default precision and scale. Explicitly specify the SQL server column type that can accommodate all the values in 'OnModelCreating' using 'HasColumnType', specify precision and scale using 'HasPrecision', or configure a value converter using 'HasConversion'.
2025-08-13 13:39:00.150 +05:30 [WRN] No store type was specified for the decimal property 'UnitPrice' on entity type 'OrderItem'. This will cause values to be silently truncated if they do not fit in the default precision and scale. Explicitly specify the SQL server column type that can accommodate all the values in 'OnModelCreating' using 'HasColumnType', specify precision and scale using 'HasPrecision', or configure a value converter using 'HasConversion'.
2025-08-13 13:39:00.150 +05:30 [WRN] No store type was specified for the decimal property 'CostPrice' on entity type 'Product'. This will cause values to be silently truncated if they do not fit in the default precision and scale. Explicitly specify the SQL server column type that can accommodate all the values in 'OnModelCreating' using 'HasColumnType', specify precision and scale using 'HasPrecision', or configure a value converter using 'HasConversion'.
2025-08-13 13:39:00.150 +05:30 [WRN] No store type was specified for the decimal property 'SellPrice' on entity type 'Product'. This will cause values to be silently truncated if they do not fit in the default precision and scale. Explicitly specify the SQL server column type that can accommodate all the values in 'OnModelCreating' using 'HasColumnType', specify precision and scale using 'HasPrecision', or configure a value converter using 'HasConversion'.
2025-08-13 13:39:00.150 +05:30 [WRN] No store type was specified for the decimal property 'TotalAmount' on entity type 'PurchaseOrder'. This will cause values to be silently truncated if they do not fit in the default precision and scale. Explicitly specify the SQL server column type that can accommodate all the values in 'OnModelCreating' using 'HasColumnType', specify precision and scale using 'HasPrecision', or configure a value converter using 'HasConversion'.
2025-08-13 13:39:00.150 +05:30 [WRN] No store type was specified for the decimal property 'UnitPrice' on entity type 'PurchaseOrderItems'. This will cause values to be silently truncated if they do not fit in the default precision and scale. Explicitly specify the SQL server column type that can accommodate all the values in 'OnModelCreating' using 'HasColumnType', specify precision and scale using 'HasPrecision', or configure a value converter using 'HasConversion'.
2025-08-13 13:39:00.150 +05:30 [WRN] No store type was specified for the decimal property 'AfterTaxAmount' on entity type 'Sale'. This will cause values to be silently truncated if they do not fit in the default precision and scale. Explicitly specify the SQL server column type that can accommodate all the values in 'OnModelCreating' using 'HasColumnType', specify precision and scale using 'HasPrecision', or configure a value converter using 'HasConversion'.
2025-08-13 13:39:00.150 +05:30 [WRN] No store type was specified for the decimal property 'DiscountedAmount' on entity type 'Sale'. This will cause values to be silently truncated if they do not fit in the default precision and scale. Explicitly specify the SQL server column type that can accommodate all the values in 'OnModelCreating' using 'HasColumnType', specify precision and scale using 'HasPrecision', or configure a value converter using 'HasConversion'.
2025-08-13 13:39:00.150 +05:30 [WRN] No store type was specified for the decimal property 'PrincipalAmount' on entity type 'Sale'. This will cause values to be silently truncated if they do not fit in the default precision and scale. Explicitly specify the SQL server column type that can accommodate all the values in 'OnModelCreating' using 'HasColumnType', specify precision and scale using 'HasPrecision', or configure a value converter using 'HasConversion'.
2025-08-13 13:39:00.150 +05:30 [WRN] No store type was specified for the decimal property 'TotalAmount' on entity type 'Sale'. This will cause values to be silently truncated if they do not fit in the default precision and scale. Explicitly specify the SQL server column type that can accommodate all the values in 'OnModelCreating' using 'HasColumnType', specify precision and scale using 'HasPrecision', or configure a value converter using 'HasConversion'.
2025-08-13 13:39:00.150 +05:30 [WRN] No store type was specified for the decimal property 'TotalPrice' on entity type 'SaleItem'. This will cause values to be silently truncated if they do not fit in the default precision and scale. Explicitly specify the SQL server column type that can accommodate all the values in 'OnModelCreating' using 'HasColumnType', specify precision and scale using 'HasPrecision', or configure a value converter using 'HasConversion'.
2025-08-13 13:39:00.150 +05:30 [WRN] No store type was specified for the decimal property 'UnitPrice' on entity type 'SaleItem'. This will cause values to be silently truncated if they do not fit in the default precision and scale. Explicitly specify the SQL server column type that can accommodate all the values in 'OnModelCreating' using 'HasColumnType', specify precision and scale using 'HasPrecision', or configure a value converter using 'HasConversion'.
2025-08-13 13:39:00.150 +05:30 [WRN] No store type was specified for the decimal property 'CGST' on entity type 'TaxSetting'. This will cause values to be silently truncated if they do not fit in the default precision and scale. Explicitly specify the SQL server column type that can accommodate all the values in 'OnModelCreating' using 'HasColumnType', specify precision and scale using 'HasPrecision', or configure a value converter using 'HasConversion'.
2025-08-13 13:39:00.150 +05:30 [WRN] No store type was specified for the decimal property 'IGST' on entity type 'TaxSetting'. This will cause values to be silently truncated if they do not fit in the default precision and scale. Explicitly specify the SQL server column type that can accommodate all the values in 'OnModelCreating' using 'HasColumnType', specify precision and scale using 'HasPrecision', or configure a value converter using 'HasConversion'.
2025-08-13 13:39:00.150 +05:30 [WRN] No store type was specified for the decimal property 'SGST' on entity type 'TaxSetting'. This will cause values to be silently truncated if they do not fit in the default precision and scale. Explicitly specify the SQL server column type that can accommodate all the values in 'OnModelCreating' using 'HasColumnType', specify precision and scale using 'HasPrecision', or configure a value converter using 'HasConversion'.
2025-08-13 13:39:00.841 +05:30 [INF] Executed DbCommand (37ms) [Parameters=[], CommandType='"Text"', CommandTimeout='30']
SELECT 1
2025-08-13 13:39:00.913 +05:30 [INF] Executed DbCommand (54ms) [Parameters=[], CommandType='"Text"', CommandTimeout='30']
SELECT OBJECT_ID(N'[__EFMigrationsHistory]');
2025-08-13 13:39:00.932 +05:30 [INF] Executed DbCommand (17ms) [Parameters=[], CommandType='"Text"', CommandTimeout='30']
SELECT 1
2025-08-13 13:39:00.934 +05:30 [INF] Executed DbCommand (2ms) [Parameters=[], CommandType='"Text"', CommandTimeout='30']
SELECT OBJECT_ID(N'[__EFMigrationsHistory]');
2025-08-13 13:39:00.987 +05:30 [INF] Executed DbCommand (25ms) [Parameters=[], CommandType='"Text"', CommandTimeout='30']
SELECT [MigrationId], [ProductVersion]
FROM [__EFMigrationsHistory]
ORDER BY [MigrationId];
2025-08-13 13:39:01.013 +05:30 [INF] Applying migration '20250813080840_AddGSTToggleButton'.
2025-08-13 13:39:01.203 +05:30 [INF] Executed DbCommand (49ms) [Parameters=[], CommandType='"Text"', CommandTimeout='30']
ALTER TABLE [CompanyInfos] ADD [IsGSTINActive] bit NOT NULL DEFAULT CAST(0 AS bit);
2025-08-13 13:39:01.222 +05:30 [INF] Executed DbCommand (18ms) [Parameters=[], CommandType='"Text"', CommandTimeout='30']
UPDATE [Users] SET [CreatedAt] = '2025-08-13T08:08:39.9047280Z'
WHERE [UserId] = 1;
SELECT @@ROWCOUNT;
2025-08-13 13:39:01.226 +05:30 [INF] Executed DbCommand (5ms) [Parameters=[], CommandType='"Text"', CommandTimeout='30']
INSERT INTO [__EFMigrationsHistory] ([MigrationId], [ProductVersion])
VALUES (N'20250813080840_AddGSTToggleButton', N'8.0.5');
2025-08-13 13:48:28.775 +05:30 [INF] User profile is available. Using 'C:\Users\Admin\AppData\Local\ASP.NET\DataProtection-Keys' as key repository and Windows DPAPI to encrypt keys at rest.
2025-08-13 13:48:30.168 +05:30 [INF] Now listening on: https://localhost:7165
2025-08-13 13:48:30.169 +05:30 [INF] Now listening on: http://localhost:5008
2025-08-13 13:48:32.470 +05:30 [INF] Application started. Press Ctrl+C to shut down.
2025-08-13 13:48:32.471 +05:30 [INF] Hosting environment: Development
2025-08-13 13:48:32.471 +05:30 [INF] Content root path: C:\Users\Admin\Source\Repos\AuthNet\AuthNet
2025-08-13 13:48:32.625 +05:30 [INF] Request starting HTTP/2 GET https://localhost:7165/swagger/index.html - null null
2025-08-13 13:48:33.981 +05:30 [INF] Request finished HTTP/2 GET https://localhost:7165/swagger/index.html - 200 null text/html;charset=utf-8 1399.124ms
2025-08-13 13:48:34.089 +05:30 [INF] Request starting HTTP/2 GET https://localhost:7165/_framework/aspnetcore-browser-refresh.js - null null
2025-08-13 13:48:34.212 +05:30 [INF] Request starting HTTP/2 GET https://localhost:7165/_vs/browserLink - null null
2025-08-13 13:48:34.284 +05:30 [INF] Request finished HTTP/2 GET https://localhost:7165/_framework/aspnetcore-browser-refresh.js - 200 16499 application/javascript; charset=utf-8 194.3303ms
2025-08-13 13:48:34.831 +05:30 [INF] Request finished HTTP/2 GET https://localhost:7165/_vs/browserLink - 200 null text/javascript; charset=UTF-8 619.0286ms
2025-08-13 13:48:35.191 +05:30 [INF] Request starting HTTP/2 GET https://localhost:7165/swagger/v1/swagger.json - null null
2025-08-13 13:48:35.199 +05:30 [INF] Request starting HTTP/1.1 GET https://localhost:7165/api/Sales/DailyProfit - null null
2025-08-13 13:48:35.709 +05:30 [INF] Request finished HTTP/2 GET https://localhost:7165/swagger/v1/swagger.json - 200 null application/json;charset=utf-8 518.0933ms
2025-08-13 13:48:36.320 +05:30 [INF] Executing endpoint 'AuthNet.Controllers.SalesController.GetDailyProfit (AuthNet)'
2025-08-13 13:48:36.390 +05:30 [INF] Route matched with {action = "GetDailyProfit", controller = "Sales"}. Executing controller action with signature System.Threading.Tasks.Task`1[Microsoft.AspNetCore.Mvc.IActionResult] GetDailyProfit() on controller AuthNet.Controllers.SalesController (AuthNet).
2025-08-13 13:48:39.546 +05:30 [WRN] No store type was specified for the decimal property 'TotalAmount' on entity type 'Order'. This will cause values to be silently truncated if they do not fit in the default precision and scale. Explicitly specify the SQL server column type that can accommodate all the values in 'OnModelCreating' using 'HasColumnType', specify precision and scale using 'HasPrecision', or configure a value converter using 'HasConversion'.
2025-08-13 13:48:39.547 +05:30 [WRN] No store type was specified for the decimal property 'UnitPrice' on entity type 'OrderItem'. This will cause values to be silently truncated if they do not fit in the default precision and scale. Explicitly specify the SQL server column type that can accommodate all the values in 'OnModelCreating' using 'HasColumnType', specify precision and scale using 'HasPrecision', or configure a value converter using 'HasConversion'.
2025-08-13 13:48:39.547 +05:30 [WRN] No store type was specified for the decimal property 'CostPrice' on entity type 'Product'. This will cause values to be silently truncated if they do not fit in the default precision and scale. Explicitly specify the SQL server column type that can accommodate all the values in 'OnModelCreating' using 'HasColumnType', specify precision and scale using 'HasPrecision', or configure a value converter using 'HasConversion'.
2025-08-13 13:48:39.547 +05:30 [WRN] No store type was specified for the decimal property 'SellPrice' on entity type 'Product'. This will cause values to be silently truncated if they do not fit in the default precision and scale. Explicitly specify the SQL server column type that can accommodate all the values in 'OnModelCreating' using 'HasColumnType', specify precision and scale using 'HasPrecision', or configure a value converter using 'HasConversion'.
2025-08-13 13:48:39.547 +05:30 [WRN] No store type was specified for the decimal property 'TotalAmount' on entity type 'PurchaseOrder'. This will cause values to be silently truncated if they do not fit in the default precision and scale. Explicitly specify the SQL server column type that can accommodate all the values in 'OnModelCreating' using 'HasColumnType', specify precision and scale using 'HasPrecision', or configure a value converter using 'HasConversion'.
2025-08-13 13:48:39.547 +05:30 [WRN] No store type was specified for the decimal property 'UnitPrice' on entity type 'PurchaseOrderItems'. This will cause values to be silently truncated if they do not fit in the default precision and scale. Explicitly specify the SQL server column type that can accommodate all the values in 'OnModelCreating' using 'HasColumnType', specify precision and scale using 'HasPrecision', or configure a value converter using 'HasConversion'.
2025-08-13 13:48:39.547 +05:30 [WRN] No store type was specified for the decimal property 'AfterTaxAmount' on entity type 'Sale'. This will cause values to be silently truncated if they do not fit in the default precision and scale. Explicitly specify the SQL server column type that can accommodate all the values in 'OnModelCreating' using 'HasColumnType', specify precision and scale using 'HasPrecision', or configure a value converter using 'HasConversion'.
2025-08-13 13:48:39.548 +05:30 [WRN] No store type was specified for the decimal property 'DiscountedAmount' on entity type 'Sale'. This will cause values to be silently truncated if they do not fit in the default precision and scale. Explicitly specify the SQL server column type that can accommodate all the values in 'OnModelCreating' using 'HasColumnType', specify precision and scale using 'HasPrecision', or configure a value converter using 'HasConversion'.
2025-08-13 13:48:39.548 +05:30 [WRN] No store type was specified for the decimal property 'PrincipalAmount' on entity type 'Sale'. This will cause values to be silently truncated if they do not fit in the default precision and scale. Explicitly specify the SQL server column type that can accommodate all the values in 'OnModelCreating' using 'HasColumnType', specify precision and scale using 'HasPrecision', or configure a value converter using 'HasConversion'.
2025-08-13 13:48:39.548 +05:30 [WRN] No store type was specified for the decimal property 'TotalAmount' on entity type 'Sale'. This will cause values to be silently truncated if they do not fit in the default precision and scale. Explicitly specify the SQL server column type that can accommodate all the values in 'OnModelCreating' using 'HasColumnType', specify precision and scale using 'HasPrecision', or configure a value converter using 'HasConversion'.
2025-08-13 13:48:39.548 +05:30 [WRN] No store type was specified for the decimal property 'TotalPrice' on entity type 'SaleItem'. This will cause values to be silently truncated if they do not fit in the default precision and scale. Explicitly specify the SQL server column type that can accommodate all the values in 'OnModelCreating' using 'HasColumnType', specify precision and scale using 'HasPrecision', or configure a value converter using 'HasConversion'.
2025-08-13 13:48:39.548 +05:30 [WRN] No store type was specified for the decimal property 'UnitPrice' on entity type 'SaleItem'. This will cause values to be silently truncated if they do not fit in the default precision and scale. Explicitly specify the SQL server column type that can accommodate all the values in 'OnModelCreating' using 'HasColumnType', specify precision and scale using 'HasPrecision', or configure a value converter using 'HasConversion'.
2025-08-13 13:48:39.548 +05:30 [WRN] No store type was specified for the decimal property 'CGST' on entity type 'TaxSetting'. This will cause values to be silently truncated if they do not fit in the default precision and scale. Explicitly specify the SQL server column type that can accommodate all the values in 'OnModelCreating' using 'HasColumnType', specify precision and scale using 'HasPrecision', or configure a value converter using 'HasConversion'.
2025-08-13 13:48:39.548 +05:30 [WRN] No store type was specified for the decimal property 'IGST' on entity type 'TaxSetting'. This will cause values to be silently truncated if they do not fit in the default precision and scale. Explicitly specify the SQL server column type that can accommodate all the values in 'OnModelCreating' using 'HasColumnType', specify precision and scale using 'HasPrecision', or configure a value converter using 'HasConversion'.
2025-08-13 13:48:39.548 +05:30 [WRN] No store type was specified for the decimal property 'SGST' on entity type 'TaxSetting'. This will cause values to be silently truncated if they do not fit in the default precision and scale. Explicitly specify the SQL server column type that can accommodate all the values in 'OnModelCreating' using 'HasColumnType', specify precision and scale using 'HasPrecision', or configure a value converter using 'HasConversion'.
2025-08-13 13:48:43.067 +05:30 [INF] Executed DbCommand (269ms) [Parameters=[@__date_Date_0='?' (DbType = DateTime2)], CommandType='"Text"', CommandTimeout='30']
SELECT [s].[Id], [s].[ProductId], [s].[ProductName], [s].[Quantity], [s].[SaleId], [s].[TotalPrice], [s].[UnitPrice], [s0].[Id], [s0].[AfterTaxAmount], [s0].[CreatedAt], [s0].[DiscountedAmount], [s0].[InvoiceDate], [s0].[InvoiceNo], [s0].[PrincipalAmount], [s0].[Template], [s0].[TotalAmount]
FROM [SaleItems] AS [s]
INNER JOIN [Sales] AS [s0] ON [s].[SaleId] = [s0].[Id]
WHERE CONVERT(date, [s0].[InvoiceDate]) = @__date_Date_0
2025-08-13 13:48:43.438 +05:30 [INF] Executed DbCommand (126ms) [Parameters=[@__productIds_0='?' (Size = 4000)], CommandType='"Text"', CommandTimeout='30']
SELECT [p].[ProductId], [p].[CategoryId], [p].[CostPrice], [p].[Description], [p].[Name], [p].[ProductCode], [p].[ProductKey], [p].[SellPrice], [p].[SupplierId]
FROM [Products] AS [p]
WHERE [p].[ProductId] IN (
    SELECT [p0].[value]
    FROM OPENJSON(@__productIds_0) WITH ([value] int '$') AS [p0]
)
2025-08-13 13:48:43.454 +05:30 [INF] Executing OkObjectResult, writing value of type 'AuthNet.Models.DTO.DailyProfitDto'.
2025-08-13 13:48:43.519 +05:30 [INF] Executed action AuthNet.Controllers.SalesController.GetDailyProfit (AuthNet) in 7121.9171ms
2025-08-13 13:48:43.520 +05:30 [INF] Executed endpoint 'AuthNet.Controllers.SalesController.GetDailyProfit (AuthNet)'
2025-08-13 13:48:43.577 +05:30 [INF] Request finished HTTP/1.1 GET https://localhost:7165/api/Sales/DailyProfit - 200 null application/json; charset=utf-8 8379.814ms
2025-08-13 13:48:43.756 +05:30 [INF] Request starting HTTP/1.1 GET https://localhost:7165/api/Sales/CurrentMonthProfit - null null
2025-08-13 13:48:43.768 +05:30 [INF] Executing endpoint 'AuthNet.Controllers.SalesController.GetCurrentMonthProfit (AuthNet)'
2025-08-13 13:48:43.776 +05:30 [INF] Route matched with {action = "GetCurrentMonthProfit", controller = "Sales"}. Executing controller action with signature System.Threading.Tasks.Task`1[Microsoft.AspNetCore.Mvc.IActionResult] GetCurrentMonthProfit() on controller AuthNet.Controllers.SalesController (AuthNet).
2025-08-13 13:48:43.954 +05:30 [INF] Executed DbCommand (71ms) [Parameters=[@__currentYear_0='?' (DbType = Int32), @__currentMonth_1='?' (DbType = Int32)], CommandType='"Text"', CommandTimeout='30']
SELECT [s].[Id], [s].[ProductId], [s].[ProductName], [s].[Quantity], [s].[SaleId], [s].[TotalPrice], [s].[UnitPrice], [s0].[Id], [s0].[AfterTaxAmount], [s0].[CreatedAt], [s0].[DiscountedAmount], [s0].[InvoiceDate], [s0].[InvoiceNo], [s0].[PrincipalAmount], [s0].[Template], [s0].[TotalAmount]
FROM [SaleItems] AS [s]
INNER JOIN [Sales] AS [s0] ON [s].[SaleId] = [s0].[Id]
WHERE DATEPART(year, [s0].[InvoiceDate]) = @__currentYear_0 AND DATEPART(month, [s0].[InvoiceDate]) = @__currentMonth_1
2025-08-13 13:48:44.250 +05:30 [INF] Executed DbCommand (41ms) [Parameters=[@__productIds_0='?' (Size = 4000)], CommandType='"Text"', CommandTimeout='30']
SELECT [p].[ProductId], [p].[CategoryId], [p].[CostPrice], [p].[Description], [p].[Name], [p].[ProductCode], [p].[ProductKey], [p].[SellPrice], [p].[SupplierId]
FROM [Products] AS [p]
WHERE [p].[ProductId] IN (
    SELECT [p0].[value]
    FROM OPENJSON(@__productIds_0) WITH ([value] int '$') AS [p0]
)
2025-08-13 13:48:44.348 +05:30 [INF] Executing OkObjectResult, writing value of type 'AuthNet.Models.DTO.MonthlyProfitDto'.
2025-08-13 13:48:44.353 +05:30 [INF] Executed action AuthNet.Controllers.SalesController.GetCurrentMonthProfit (AuthNet) in 577.4373ms
2025-08-13 13:48:44.354 +05:30 [INF] Executed endpoint 'AuthNet.Controllers.SalesController.GetCurrentMonthProfit (AuthNet)'
2025-08-13 13:48:44.354 +05:30 [INF] Request finished HTTP/1.1 GET https://localhost:7165/api/Sales/CurrentMonthProfit - 200 null application/json; charset=utf-8 598.3983ms
2025-08-13 13:48:44.418 +05:30 [INF] Request starting HTTP/1.1 GET https://localhost:7165/api/Sales/CurrentYearProfit - null null
2025-08-13 13:48:44.426 +05:30 [INF] Executing endpoint 'AuthNet.Controllers.SalesController.GetCurrentYearProfit (AuthNet)'
2025-08-13 13:48:44.435 +05:30 [INF] Route matched with {action = "GetCurrentYearProfit", controller = "Sales"}. Executing controller action with signature System.Threading.Tasks.Task`1[Microsoft.AspNetCore.Mvc.IActionResult] GetCurrentYearProfit() on controller AuthNet.Controllers.SalesController (AuthNet).
2025-08-13 13:48:44.724 +05:30 [INF] Executed DbCommand (36ms) [Parameters=[@__currentYear_0='?' (DbType = Int32)], CommandType='"Text"', CommandTimeout='30']
SELECT [s].[Id], [s].[ProductId], [s].[ProductName], [s].[Quantity], [s].[SaleId], [s].[TotalPrice], [s].[UnitPrice], [s0].[Id], [s0].[AfterTaxAmount], [s0].[CreatedAt], [s0].[DiscountedAmount], [s0].[InvoiceDate], [s0].[InvoiceNo], [s0].[PrincipalAmount], [s0].[Template], [s0].[TotalAmount]
FROM [SaleItems] AS [s]
INNER JOIN [Sales] AS [s0] ON [s].[SaleId] = [s0].[Id]
WHERE DATEPART(year, [s0].[InvoiceDate]) = @__currentYear_0
2025-08-13 13:48:44.745 +05:30 [INF] Executed DbCommand (16ms) [Parameters=[@__productIds_0='?' (Size = 4000)], CommandType='"Text"', CommandTimeout='30']
SELECT [p].[ProductId], [p].[CategoryId], [p].[CostPrice], [p].[Description], [p].[Name], [p].[ProductCode], [p].[ProductKey], [p].[SellPrice], [p].[SupplierId]
FROM [Products] AS [p]
WHERE [p].[ProductId] IN (
    SELECT [p0].[value]
    FROM OPENJSON(@__productIds_0) WITH ([value] int '$') AS [p0]
)
2025-08-13 13:48:44.746 +05:30 [INF] Executing OkObjectResult, writing value of type 'AuthNet.Models.DTO.YearlyProfitDto'.
2025-08-13 13:48:44.748 +05:30 [INF] Executed action AuthNet.Controllers.SalesController.GetCurrentYearProfit (AuthNet) in 312.8201ms
2025-08-13 13:48:44.749 +05:30 [INF] Executed endpoint 'AuthNet.Controllers.SalesController.GetCurrentYearProfit (AuthNet)'
2025-08-13 13:48:44.750 +05:30 [INF] Request finished HTTP/1.1 GET https://localhost:7165/api/Sales/CurrentYearProfit - 200 null application/json; charset=utf-8 331.091ms
2025-08-13 13:48:44.771 +05:30 [INF] Request starting HTTP/1.1 GET https://localhost:7165/api/Products/count - null null
2025-08-13 13:48:44.773 +05:30 [INF] Executing endpoint 'AuthNet.Controllers.ProductsController.GetProductCount (AuthNet)'
2025-08-13 13:48:44.780 +05:30 [INF] Route matched with {action = "GetProductCount", controller = "Products"}. Executing controller action with signature System.Threading.Tasks.Task`1[Microsoft.AspNetCore.Mvc.IActionResult] GetProductCount() on controller AuthNet.Controllers.ProductsController (AuthNet).
2025-08-13 13:48:44.879 +05:30 [INF] Executed DbCommand (42ms) [Parameters=[], CommandType='"Text"', CommandTimeout='30']
SELECT COUNT(*)
FROM [Products] AS [p]
2025-08-13 13:48:44.909 +05:30 [INF] Executing OkObjectResult, writing value of type 'System.Int32'.
2025-08-13 13:48:44.914 +05:30 [INF] Executed action AuthNet.Controllers.ProductsController.GetProductCount (AuthNet) in 133.7378ms
2025-08-13 13:48:44.914 +05:30 [INF] Executed endpoint 'AuthNet.Controllers.ProductsController.GetProductCount (AuthNet)'
2025-08-13 13:48:44.915 +05:30 [INF] Request finished HTTP/1.1 GET https://localhost:7165/api/Products/count - 200 null application/json; charset=utf-8 143.6727ms
2025-08-13 13:48:44.976 +05:30 [INF] Request starting HTTP/1.1 GET https://localhost:7165/api/Suppliers/count - null null
2025-08-13 13:48:44.976 +05:30 [INF] Executing endpoint 'AuthNet.Controllers.SuppliersController.GetSupplierCount (AuthNet)'
2025-08-13 13:48:44.991 +05:30 [INF] Route matched with {action = "GetSupplierCount", controller = "Suppliers"}. Executing controller action with signature System.Threading.Tasks.Task`1[Microsoft.AspNetCore.Mvc.IActionResult] GetSupplierCount() on controller AuthNet.Controllers.SuppliersController (AuthNet).
2025-08-13 13:48:45.040 +05:30 [INF] Executed DbCommand (31ms) [Parameters=[], CommandType='"Text"', CommandTimeout='30']
SELECT COUNT(*)
FROM [Suppliers] AS [s]
2025-08-13 13:48:45.042 +05:30 [INF] Executing OkObjectResult, writing value of type 'System.Int32'.
2025-08-13 13:48:45.042 +05:30 [INF] Executed action AuthNet.Controllers.SuppliersController.GetSupplierCount (AuthNet) in 51.2069ms
2025-08-13 13:48:45.042 +05:30 [INF] Executed endpoint 'AuthNet.Controllers.SuppliersController.GetSupplierCount (AuthNet)'
2025-08-13 13:48:45.043 +05:30 [INF] Request finished HTTP/1.1 GET https://localhost:7165/api/Suppliers/count - 200 null application/json; charset=utf-8 67.4851ms
2025-08-13 13:48:45.132 +05:30 [INF] Request starting HTTP/1.1 GET https://localhost:7165/api/Categories/count - null null
2025-08-13 13:48:45.134 +05:30 [INF] Executing endpoint 'AuthNet.Controllers.CategoriesController.GetCategoryCount (AuthNet)'
2025-08-13 13:48:45.147 +05:30 [INF] Route matched with {action = "GetCategoryCount", controller = "Categories"}. Executing controller action with signature System.Threading.Tasks.Task`1[Microsoft.AspNetCore.Mvc.IActionResult] GetCategoryCount() on controller AuthNet.Controllers.CategoriesController (AuthNet).
2025-08-13 13:48:45.227 +05:30 [INF] Executed DbCommand (64ms) [Parameters=[], CommandType='"Text"', CommandTimeout='30']
SELECT COUNT(*)
FROM [Categories] AS [c]
2025-08-13 13:48:45.228 +05:30 [INF] Executing OkObjectResult, writing value of type 'System.Int32'.
2025-08-13 13:48:45.229 +05:30 [INF] Executed action AuthNet.Controllers.CategoriesController.GetCategoryCount (AuthNet) in 81.2626ms
2025-08-13 13:48:45.229 +05:30 [INF] Executed endpoint 'AuthNet.Controllers.CategoriesController.GetCategoryCount (AuthNet)'
2025-08-13 13:48:45.229 +05:30 [INF] Request finished HTTP/1.1 GET https://localhost:7165/api/Categories/count - 200 null application/json; charset=utf-8 97.2647ms
2025-08-13 13:48:45.269 +05:30 [INF] Request starting HTTP/1.1 GET https://localhost:7165/api/Orders/count - null null
2025-08-13 13:48:45.269 +05:30 [INF] Executing endpoint 'AuthNet.Controllers.OrdersController.GetOrderCount (AuthNet)'
2025-08-13 13:48:45.276 +05:30 [INF] Route matched with {action = "GetOrderCount", controller = "Orders"}. Executing controller action with signature System.Threading.Tasks.Task`1[Microsoft.AspNetCore.Mvc.IActionResult] GetOrderCount() on controller AuthNet.Controllers.OrdersController (AuthNet).
2025-08-13 13:48:45.297 +05:30 [INF] Executed DbCommand (10ms) [Parameters=[], CommandType='"Text"', CommandTimeout='30']
SELECT COUNT(*)
FROM [Orders] AS [o]
2025-08-13 13:48:45.298 +05:30 [INF] Executing OkObjectResult, writing value of type 'System.Int32'.
2025-08-13 13:48:45.298 +05:30 [INF] Executed action AuthNet.Controllers.OrdersController.GetOrderCount (AuthNet) in 22.2249ms
2025-08-13 13:48:45.299 +05:30 [INF] Executed endpoint 'AuthNet.Controllers.OrdersController.GetOrderCount (AuthNet)'
2025-08-13 13:48:45.304 +05:30 [INF] Request finished HTTP/1.1 GET https://localhost:7165/api/Orders/count - 200 null application/json; charset=utf-8 30.6886ms
2025-08-13 13:48:45.372 +05:30 [INF] Request starting HTTP/1.1 GET https://localhost:7165/api/Customers/count - null null
2025-08-13 13:48:45.373 +05:30 [INF] Executing endpoint 'AuthNet.Controllers.CustomersController.GetCustomerCount (AuthNet)'
2025-08-13 13:48:45.380 +05:30 [INF] Route matched with {action = "GetCustomerCount", controller = "Customers"}. Executing controller action with signature System.Threading.Tasks.Task`1[Microsoft.AspNetCore.Mvc.IActionResult] GetCustomerCount() on controller AuthNet.Controllers.CustomersController (AuthNet).
2025-08-13 13:48:45.444 +05:30 [INF] Executed DbCommand (50ms) [Parameters=[], CommandType='"Text"', CommandTimeout='30']
SELECT COUNT(*)
FROM [Customers] AS [c]
2025-08-13 13:48:45.445 +05:30 [INF] Executing OkObjectResult, writing value of type 'System.Int32'.
2025-08-13 13:48:45.445 +05:30 [INF] Executed action AuthNet.Controllers.CustomersController.GetCustomerCount (AuthNet) in 65.1075ms
2025-08-13 13:48:45.445 +05:30 [INF] Executed endpoint 'AuthNet.Controllers.CustomersController.GetCustomerCount (AuthNet)'
2025-08-13 13:48:45.446 +05:30 [INF] Request finished HTTP/1.1 GET https://localhost:7165/api/Customers/count - 200 null application/json; charset=utf-8 73.8149ms
2025-08-13 13:48:45.509 +05:30 [INF] Request starting HTTP/1.1 GET https://localhost:7165/api/Tasks - null null
2025-08-13 13:48:45.509 +05:30 [INF] Executing endpoint 'AuthNet.Controllers.TasksController.GetTasks (AuthNet)'
2025-08-13 13:48:45.511 +05:30 [INF] Route matched with {action = "GetTasks", controller = "Tasks"}. Executing controller action with signature Microsoft.AspNetCore.Mvc.IActionResult GetTasks() on controller AuthNet.Controllers.TasksController (AuthNet).
2025-08-13 13:48:45.642 +05:30 [INF] Executed DbCommand (100ms) [Parameters=[], CommandType='"Text"', CommandTimeout='30']
SELECT [t].[Id], [t].[Title], [t].[DueDate]
FROM [Tasks] AS [t]
2025-08-13 13:48:45.652 +05:30 [INF] Executing OkObjectResult, writing value of type 'System.Collections.Generic.List`1[[AuthNet.Models.DTO.TaskItemDto, AuthNet, Version=1.0.0.0, Culture=neutral, PublicKeyToken=null]]'.
2025-08-13 13:48:45.663 +05:30 [INF] Executed action AuthNet.Controllers.TasksController.GetTasks (AuthNet) in 151.1382ms
2025-08-13 13:48:45.663 +05:30 [INF] Executed endpoint 'AuthNet.Controllers.TasksController.GetTasks (AuthNet)'
2025-08-13 13:48:45.663 +05:30 [INF] Request finished HTTP/1.1 GET https://localhost:7165/api/Tasks - 200 null application/json; charset=utf-8 154.7862ms
2025-08-13 13:48:46.027 +05:30 [INF] Request starting HTTP/1.1 GET https://localhost:7165/api/Settings/Get - null null
2025-08-13 13:48:46.028 +05:30 [INF] Executing endpoint 'AuthNet.Controllers.SettingsController.GetCompanyInfo (AuthNet)'
2025-08-13 13:48:46.038 +05:30 [INF] Route matched with {action = "GetCompanyInfo", controller = "Settings"}. Executing controller action with signature System.Threading.Tasks.Task`1[Microsoft.AspNetCore.Mvc.IActionResult] GetCompanyInfo() on controller AuthNet.Controllers.SettingsController (AuthNet).
2025-08-13 13:48:46.076 +05:30 [WRN] The query uses the 'First'/'FirstOrDefault' operator without 'OrderBy' and filter operators. This may lead to unpredictable results.
2025-08-13 13:48:47.113 +05:30 [INF] Executed DbCommand (1,002ms) [Parameters=[], CommandType='"Text"', CommandTimeout='30']
SELECT TOP(1) [c].[Id], [c].[Address], [c].[AlternateContactNumber], [c].[ContactNumber], [c].[Email], [c].[GSTIN], [c].[IsGSTINActive], [c].[LogoFileExtension], [c].[LogoFilePath], [c].[LogoFileSizeInBytes], [c].[LogoName], [c].[Name], [c].[SignFileExtension], [c].[SignFilePath], [c].[SignFileSizeInBytes], [c].[SignName]
FROM [CompanyInfos] AS [c]
2025-08-13 13:48:47.202 +05:30 [INF] Executing OkObjectResult, writing value of type 'AuthNet.Models.DTO.CompanyInfoResponseDto'.
2025-08-13 13:48:47.207 +05:30 [INF] Executed action AuthNet.Controllers.SettingsController.GetCompanyInfo (AuthNet) in 1168.2886ms
2025-08-13 13:48:47.207 +05:30 [INF] Executed endpoint 'AuthNet.Controllers.SettingsController.GetCompanyInfo (AuthNet)'
2025-08-13 13:48:47.207 +05:30 [INF] Request finished HTTP/1.1 GET https://localhost:7165/api/Settings/Get - 200 null application/json; charset=utf-8 1180.6994ms
2025-08-13 13:48:50.291 +05:30 [INF] Request starting HTTP/2 GET https://localhost:7165/api/Sales/WeeklyProfit - null null
2025-08-13 13:48:50.294 +05:30 [INF] CORS policy execution successful.
2025-08-13 13:48:50.296 +05:30 [INF] Executing endpoint 'AuthNet.Controllers.SalesController.GetWeeklyProfit (AuthNet)'
2025-08-13 13:48:50.305 +05:30 [INF] Request starting HTTP/2 GET https://localhost:7165/api/Products/CategoryWiseProductCount - null null
2025-08-13 13:48:50.307 +05:30 [INF] Route matched with {action = "GetWeeklyProfit", controller = "Sales"}. Executing controller action with signature System.Threading.Tasks.Task`1[Microsoft.AspNetCore.Mvc.IActionResult] GetWeeklyProfit() on controller AuthNet.Controllers.SalesController (AuthNet).
2025-08-13 13:48:50.307 +05:30 [INF] CORS policy execution successful.
2025-08-13 13:48:50.307 +05:30 [INF] Executing endpoint 'AuthNet.Controllers.ProductsController.GetCategoryWiseProductCount (AuthNet)'
2025-08-13 13:48:50.313 +05:30 [INF] Route matched with {action = "GetCategoryWiseProductCount", controller = "Products"}. Executing controller action with signature System.Threading.Tasks.Task`1[Microsoft.AspNetCore.Mvc.IActionResult] GetCategoryWiseProductCount() on controller AuthNet.Controllers.ProductsController (AuthNet).
2025-08-13 13:48:50.496 +05:30 [INF] Executed DbCommand (57ms) [Parameters=[@__startDate_0='?' (DbType = DateTime2), @__endDate_1='?' (DbType = DateTime2)], CommandType='"Text"', CommandTimeout='30']
SELECT [s].[Id], [s].[ProductId], [s].[ProductName], [s].[Quantity], [s].[SaleId], [s].[TotalPrice], [s].[UnitPrice], [s0].[Id], [s0].[AfterTaxAmount], [s0].[CreatedAt], [s0].[DiscountedAmount], [s0].[InvoiceDate], [s0].[InvoiceNo], [s0].[PrincipalAmount], [s0].[Template], [s0].[TotalAmount]
FROM [SaleItems] AS [s]
INNER JOIN [Sales] AS [s0] ON [s].[SaleId] = [s0].[Id]
WHERE CONVERT(date, [s0].[InvoiceDate]) >= @__startDate_0 AND CONVERT(date, [s0].[InvoiceDate]) <= @__endDate_1
2025-08-13 13:48:50.604 +05:30 [INF] Executed DbCommand (104ms) [Parameters=[@__productIds_0='?' (Size = 4000)], CommandType='"Text"', CommandTimeout='30']
SELECT [p].[ProductId], [p].[CategoryId], [p].[CostPrice], [p].[Description], [p].[Name], [p].[ProductCode], [p].[ProductKey], [p].[SellPrice], [p].[SupplierId]
FROM [Products] AS [p]
WHERE [p].[ProductId] IN (
    SELECT [p0].[value]
    FROM OPENJSON(@__productIds_0) WITH ([value] int '$') AS [p0]
)
2025-08-13 13:48:50.626 +05:30 [INF] Executing OkObjectResult, writing value of type 'System.Collections.Generic.List`1[[AuthNet.Models.DTO.DailyProfitDto, AuthNet, Version=1.0.0.0, Culture=neutral, PublicKeyToken=null]]'.
2025-08-13 13:48:50.629 +05:30 [INF] Executed action AuthNet.Controllers.SalesController.GetWeeklyProfit (AuthNet) in 321.9299ms
2025-08-13 13:48:50.629 +05:30 [INF] Executed endpoint 'AuthNet.Controllers.SalesController.GetWeeklyProfit (AuthNet)'
2025-08-13 13:48:50.629 +05:30 [INF] Request finished HTTP/2 GET https://localhost:7165/api/Sales/WeeklyProfit - 200 null application/json; charset=utf-8 338.7592ms
2025-08-13 13:48:51.024 +05:30 [INF] Executed DbCommand (372ms) [Parameters=[], CommandType='"Text"', CommandTimeout='30']
SELECT [c].[Name] AS [CategoryName], COUNT(*) AS [ProductCount]
FROM [Products] AS [p]
LEFT JOIN [Categories] AS [c] ON [p].[CategoryId] = [c].[CategoryId]
WHERE [c].[CategoryId] IS NOT NULL
GROUP BY [c].[Name]
2025-08-13 13:48:51.026 +05:30 [INF] Executing OkObjectResult, writing value of type 'System.Collections.Generic.List`1[[AuthNet.Models.DTO.CategoryProductCountDto, AuthNet, Version=1.0.0.0, Culture=neutral, PublicKeyToken=null]]'.
2025-08-13 13:48:51.029 +05:30 [INF] Executed action AuthNet.Controllers.ProductsController.GetCategoryWiseProductCount (AuthNet) in 715.4831ms
2025-08-13 13:48:51.029 +05:30 [INF] Executed endpoint 'AuthNet.Controllers.ProductsController.GetCategoryWiseProductCount (AuthNet)'
2025-08-13 13:48:51.030 +05:30 [INF] Request finished HTTP/2 GET https://localhost:7165/api/Products/CategoryWiseProductCount - 200 null application/json; charset=utf-8 724.7509ms
2025-08-13 13:48:54.422 +05:30 [INF] Request starting HTTP/1.1 POST https://localhost:7165/api/Auth/login - application/json; charset=utf-8 null
2025-08-13 13:48:54.428 +05:30 [INF] Executing endpoint 'AuthNet.Controllers.AuthController.Login (AuthNet)'
2025-08-13 13:48:54.452 +05:30 [INF] Route matched with {action = "Login", controller = "Auth"}. Executing controller action with signature System.Threading.Tasks.Task`1[Microsoft.AspNetCore.Mvc.IActionResult] Login(AuthNet.Models.DTO.LoginDto) on controller AuthNet.Controllers.AuthController (AuthNet).
2025-08-13 13:48:54.771 +05:30 [INF] Executed DbCommand (19ms) [Parameters=[@__username_0='?' (Size = 100)], CommandType='"Text"', CommandTimeout='30']
SELECT TOP(1) [u].[UserId], [u].[CreatedAt], [u].[Email], [u].[Firstname], [u].[Lastname], [u].[PasswordHash], [u].[Role], [u].[Username]
FROM [Users] AS [u]
WHERE [u].[Username] = @__username_0
2025-08-13 13:48:56.313 +05:30 [INF] Executing OkObjectResult, writing value of type 'AuthNet.Models.DTO.ServiceResponse`1[[AuthNet.Models.DTO.LoginResponseDto, AuthNet, Version=1.0.0.0, Culture=neutral, PublicKeyToken=null]]'.
2025-08-13 13:48:56.320 +05:30 [INF] Executed action AuthNet.Controllers.AuthController.Login (AuthNet) in 1867.2756ms
2025-08-13 13:48:56.320 +05:30 [INF] Executed endpoint 'AuthNet.Controllers.AuthController.Login (AuthNet)'
2025-08-13 13:48:56.321 +05:30 [INF] Request finished HTTP/1.1 POST https://localhost:7165/api/Auth/login - 200 null application/json; charset=utf-8 1898.3963ms
2025-08-13 13:48:56.379 +05:30 [INF] Request starting HTTP/1.1 GET https://localhost:7165/api/Sales/DailyProfit - null null
2025-08-13 13:48:56.380 +05:30 [INF] Executing endpoint 'AuthNet.Controllers.SalesController.GetDailyProfit (AuthNet)'
2025-08-13 13:48:56.380 +05:30 [INF] Route matched with {action = "GetDailyProfit", controller = "Sales"}. Executing controller action with signature System.Threading.Tasks.Task`1[Microsoft.AspNetCore.Mvc.IActionResult] GetDailyProfit() on controller AuthNet.Controllers.SalesController (AuthNet).
2025-08-13 13:48:56.442 +05:30 [INF] Executed DbCommand (57ms) [Parameters=[@__date_Date_0='?' (DbType = DateTime2)], CommandType='"Text"', CommandTimeout='30']
SELECT [s].[Id], [s].[ProductId], [s].[ProductName], [s].[Quantity], [s].[SaleId], [s].[TotalPrice], [s].[UnitPrice], [s0].[Id], [s0].[AfterTaxAmount], [s0].[CreatedAt], [s0].[DiscountedAmount], [s0].[InvoiceDate], [s0].[InvoiceNo], [s0].[PrincipalAmount], [s0].[Template], [s0].[TotalAmount]
FROM [SaleItems] AS [s]
INNER JOIN [Sales] AS [s0] ON [s].[SaleId] = [s0].[Id]
WHERE CONVERT(date, [s0].[InvoiceDate]) = @__date_Date_0
2025-08-13 13:48:56.460 +05:30 [INF] Executed DbCommand (17ms) [Parameters=[@__productIds_0='?' (Size = 4000)], CommandType='"Text"', CommandTimeout='30']
SELECT [p].[ProductId], [p].[CategoryId], [p].[CostPrice], [p].[Description], [p].[Name], [p].[ProductCode], [p].[ProductKey], [p].[SellPrice], [p].[SupplierId]
FROM [Products] AS [p]
WHERE [p].[ProductId] IN (
    SELECT [p0].[value]
    FROM OPENJSON(@__productIds_0) WITH ([value] int '$') AS [p0]
)
2025-08-13 13:48:56.461 +05:30 [INF] Executing OkObjectResult, writing value of type 'AuthNet.Models.DTO.DailyProfitDto'.
2025-08-13 13:48:56.461 +05:30 [INF] Executed action AuthNet.Controllers.SalesController.GetDailyProfit (AuthNet) in 81.2455ms
2025-08-13 13:48:56.462 +05:30 [INF] Executed endpoint 'AuthNet.Controllers.SalesController.GetDailyProfit (AuthNet)'
2025-08-13 13:48:56.462 +05:30 [INF] Request finished HTTP/1.1 GET https://localhost:7165/api/Sales/DailyProfit - 200 null application/json; charset=utf-8 83.1956ms
2025-08-13 13:48:56.535 +05:30 [INF] Request starting HTTP/1.1 GET https://localhost:7165/api/Sales/CurrentMonthProfit - null null
2025-08-13 13:48:56.536 +05:30 [INF] Executing endpoint 'AuthNet.Controllers.SalesController.GetCurrentMonthProfit (AuthNet)'
2025-08-13 13:48:56.536 +05:30 [INF] Route matched with {action = "GetCurrentMonthProfit", controller = "Sales"}. Executing controller action with signature System.Threading.Tasks.Task`1[Microsoft.AspNetCore.Mvc.IActionResult] GetCurrentMonthProfit() on controller AuthNet.Controllers.SalesController (AuthNet).
2025-08-13 13:48:56.562 +05:30 [INF] Executed DbCommand (22ms) [Parameters=[@__currentYear_0='?' (DbType = Int32), @__currentMonth_1='?' (DbType = Int32)], CommandType='"Text"', CommandTimeout='30']
SELECT [s].[Id], [s].[ProductId], [s].[ProductName], [s].[Quantity], [s].[SaleId], [s].[TotalPrice], [s].[UnitPrice], [s0].[Id], [s0].[AfterTaxAmount], [s0].[CreatedAt], [s0].[DiscountedAmount], [s0].[InvoiceDate], [s0].[InvoiceNo], [s0].[PrincipalAmount], [s0].[Template], [s0].[TotalAmount]
FROM [SaleItems] AS [s]
INNER JOIN [Sales] AS [s0] ON [s].[SaleId] = [s0].[Id]
WHERE DATEPART(year, [s0].[InvoiceDate]) = @__currentYear_0 AND DATEPART(month, [s0].[InvoiceDate]) = @__currentMonth_1
2025-08-13 13:48:56.584 +05:30 [INF] Executed DbCommand (19ms) [Parameters=[@__productIds_0='?' (Size = 4000)], CommandType='"Text"', CommandTimeout='30']
SELECT [p].[ProductId], [p].[CategoryId], [p].[CostPrice], [p].[Description], [p].[Name], [p].[ProductCode], [p].[ProductKey], [p].[SellPrice], [p].[SupplierId]
FROM [Products] AS [p]
WHERE [p].[ProductId] IN (
    SELECT [p0].[value]
    FROM OPENJSON(@__productIds_0) WITH ([value] int '$') AS [p0]
)
2025-08-13 13:48:56.585 +05:30 [INF] Executing OkObjectResult, writing value of type 'AuthNet.Models.DTO.MonthlyProfitDto'.
2025-08-13 13:48:56.585 +05:30 [INF] Executed action AuthNet.Controllers.SalesController.GetCurrentMonthProfit (AuthNet) in 49.1035ms
2025-08-13 13:48:56.585 +05:30 [INF] Executed endpoint 'AuthNet.Controllers.SalesController.GetCurrentMonthProfit (AuthNet)'
2025-08-13 13:48:56.586 +05:30 [INF] Request finished HTTP/1.1 GET https://localhost:7165/api/Sales/CurrentMonthProfit - 200 null application/json; charset=utf-8 50.4861ms
2025-08-13 13:48:56.622 +05:30 [INF] Request starting HTTP/1.1 GET https://localhost:7165/api/Sales/CurrentYearProfit - null null
2025-08-13 13:48:56.623 +05:30 [INF] Executing endpoint 'AuthNet.Controllers.SalesController.GetCurrentYearProfit (AuthNet)'
2025-08-13 13:48:56.623 +05:30 [INF] Route matched with {action = "GetCurrentYearProfit", controller = "Sales"}. Executing controller action with signature System.Threading.Tasks.Task`1[Microsoft.AspNetCore.Mvc.IActionResult] GetCurrentYearProfit() on controller AuthNet.Controllers.SalesController (AuthNet).
2025-08-13 13:48:56.635 +05:30 [INF] Executed DbCommand (9ms) [Parameters=[@__currentYear_0='?' (DbType = Int32)], CommandType='"Text"', CommandTimeout='30']
SELECT [s].[Id], [s].[ProductId], [s].[ProductName], [s].[Quantity], [s].[SaleId], [s].[TotalPrice], [s].[UnitPrice], [s0].[Id], [s0].[AfterTaxAmount], [s0].[CreatedAt], [s0].[DiscountedAmount], [s0].[InvoiceDate], [s0].[InvoiceNo], [s0].[PrincipalAmount], [s0].[Template], [s0].[TotalAmount]
FROM [SaleItems] AS [s]
INNER JOIN [Sales] AS [s0] ON [s].[SaleId] = [s0].[Id]
WHERE DATEPART(year, [s0].[InvoiceDate]) = @__currentYear_0
2025-08-13 13:48:56.657 +05:30 [INF] Executed DbCommand (16ms) [Parameters=[@__productIds_0='?' (Size = 4000)], CommandType='"Text"', CommandTimeout='30']
SELECT [p].[ProductId], [p].[CategoryId], [p].[CostPrice], [p].[Description], [p].[Name], [p].[ProductCode], [p].[ProductKey], [p].[SellPrice], [p].[SupplierId]
FROM [Products] AS [p]
WHERE [p].[ProductId] IN (
    SELECT [p0].[value]
    FROM OPENJSON(@__productIds_0) WITH ([value] int '$') AS [p0]
)
2025-08-13 13:48:56.659 +05:30 [INF] Executing OkObjectResult, writing value of type 'AuthNet.Models.DTO.YearlyProfitDto'.
2025-08-13 13:48:56.660 +05:30 [INF] Executed action AuthNet.Controllers.SalesController.GetCurrentYearProfit (AuthNet) in 36.9858ms
2025-08-13 13:48:56.661 +05:30 [INF] Executed endpoint 'AuthNet.Controllers.SalesController.GetCurrentYearProfit (AuthNet)'
2025-08-13 13:48:56.661 +05:30 [INF] Request finished HTTP/1.1 GET https://localhost:7165/api/Sales/CurrentYearProfit - 200 null application/json; charset=utf-8 38.9244ms
2025-08-13 13:48:56.842 +05:30 [INF] Request starting HTTP/1.1 GET https://localhost:7165/api/Products/count - null null
2025-08-13 13:48:56.843 +05:30 [INF] Executing endpoint 'AuthNet.Controllers.ProductsController.GetProductCount (AuthNet)'
2025-08-13 13:48:56.843 +05:30 [INF] Route matched with {action = "GetProductCount", controller = "Products"}. Executing controller action with signature System.Threading.Tasks.Task`1[Microsoft.AspNetCore.Mvc.IActionResult] GetProductCount() on controller AuthNet.Controllers.ProductsController (AuthNet).
2025-08-13 13:48:56.866 +05:30 [INF] Executed DbCommand (17ms) [Parameters=[], CommandType='"Text"', CommandTimeout='30']
SELECT COUNT(*)
FROM [Products] AS [p]
2025-08-13 13:48:56.867 +05:30 [INF] Executing OkObjectResult, writing value of type 'System.Int32'.
2025-08-13 13:48:56.869 +05:30 [INF] Executed action AuthNet.Controllers.ProductsController.GetProductCount (AuthNet) in 25.7724ms
2025-08-13 13:48:56.869 +05:30 [INF] Executed endpoint 'AuthNet.Controllers.ProductsController.GetProductCount (AuthNet)'
2025-08-13 13:48:56.870 +05:30 [INF] Request finished HTTP/1.1 GET https://localhost:7165/api/Products/count - 200 null application/json; charset=utf-8 27.7328ms
2025-08-13 13:48:57.103 +05:30 [INF] Request starting HTTP/1.1 GET https://localhost:7165/api/Suppliers/count - null null
2025-08-13 13:48:57.104 +05:30 [INF] Executing endpoint 'AuthNet.Controllers.SuppliersController.GetSupplierCount (AuthNet)'
2025-08-13 13:48:57.104 +05:30 [INF] Route matched with {action = "GetSupplierCount", controller = "Suppliers"}. Executing controller action with signature System.Threading.Tasks.Task`1[Microsoft.AspNetCore.Mvc.IActionResult] GetSupplierCount() on controller AuthNet.Controllers.SuppliersController (AuthNet).
2025-08-13 13:48:57.113 +05:30 [INF] Executed DbCommand (6ms) [Parameters=[], CommandType='"Text"', CommandTimeout='30']
SELECT COUNT(*)
FROM [Suppliers] AS [s]
2025-08-13 13:48:57.114 +05:30 [INF] Executing OkObjectResult, writing value of type 'System.Int32'.
2025-08-13 13:48:57.114 +05:30 [INF] Executed action AuthNet.Controllers.SuppliersController.GetSupplierCount (AuthNet) in 9.9645ms
2025-08-13 13:48:57.114 +05:30 [INF] Executed endpoint 'AuthNet.Controllers.SuppliersController.GetSupplierCount (AuthNet)'
2025-08-13 13:48:57.115 +05:30 [INF] Request finished HTTP/1.1 GET https://localhost:7165/api/Suppliers/count - 200 null application/json; charset=utf-8 11.2981ms
2025-08-13 13:48:57.268 +05:30 [INF] Request starting HTTP/1.1 GET https://localhost:7165/api/Categories/count - null null
2025-08-13 13:48:57.269 +05:30 [INF] Executing endpoint 'AuthNet.Controllers.CategoriesController.GetCategoryCount (AuthNet)'
2025-08-13 13:48:57.269 +05:30 [INF] Route matched with {action = "GetCategoryCount", controller = "Categories"}. Executing controller action with signature System.Threading.Tasks.Task`1[Microsoft.AspNetCore.Mvc.IActionResult] GetCategoryCount() on controller AuthNet.Controllers.CategoriesController (AuthNet).
2025-08-13 13:48:57.327 +05:30 [INF] Executed DbCommand (54ms) [Parameters=[], CommandType='"Text"', CommandTimeout='30']
SELECT COUNT(*)
FROM [Categories] AS [c]
2025-08-13 13:48:57.327 +05:30 [INF] Executing OkObjectResult, writing value of type 'System.Int32'.
2025-08-13 13:48:57.328 +05:30 [INF] Executed action AuthNet.Controllers.CategoriesController.GetCategoryCount (AuthNet) in 58.357ms
2025-08-13 13:48:57.328 +05:30 [INF] Executed endpoint 'AuthNet.Controllers.CategoriesController.GetCategoryCount (AuthNet)'
2025-08-13 13:48:57.328 +05:30 [INF] Request finished HTTP/1.1 GET https://localhost:7165/api/Categories/count - 200 null application/json; charset=utf-8 60.0316ms
2025-08-13 13:48:57.414 +05:30 [INF] Request starting HTTP/1.1 GET https://localhost:7165/api/Orders/count - null null
2025-08-13 13:48:57.415 +05:30 [INF] Executing endpoint 'AuthNet.Controllers.OrdersController.GetOrderCount (AuthNet)'
2025-08-13 13:48:57.415 +05:30 [INF] Route matched with {action = "GetOrderCount", controller = "Orders"}. Executing controller action with signature System.Threading.Tasks.Task`1[Microsoft.AspNetCore.Mvc.IActionResult] GetOrderCount() on controller AuthNet.Controllers.OrdersController (AuthNet).
2025-08-13 13:48:57.572 +05:30 [INF] Executed DbCommand (153ms) [Parameters=[], CommandType='"Text"', CommandTimeout='30']
SELECT COUNT(*)
FROM [Orders] AS [o]
2025-08-13 13:48:57.573 +05:30 [INF] Executing OkObjectResult, writing value of type 'System.Int32'.
2025-08-13 13:48:57.573 +05:30 [INF] Executed action AuthNet.Controllers.OrdersController.GetOrderCount (AuthNet) in 158.3484ms
2025-08-13 13:48:57.573 +05:30 [INF] Executed endpoint 'AuthNet.Controllers.OrdersController.GetOrderCount (AuthNet)'
2025-08-13 13:48:57.574 +05:30 [INF] Request finished HTTP/1.1 GET https://localhost:7165/api/Orders/count - 200 null application/json; charset=utf-8 159.5808ms
2025-08-13 13:48:57.769 +05:30 [INF] Request starting HTTP/1.1 GET https://localhost:7165/api/Customers/count - null null
2025-08-13 13:48:57.770 +05:30 [INF] Executing endpoint 'AuthNet.Controllers.CustomersController.GetCustomerCount (AuthNet)'
2025-08-13 13:48:57.770 +05:30 [INF] Route matched with {action = "GetCustomerCount", controller = "Customers"}. Executing controller action with signature System.Threading.Tasks.Task`1[Microsoft.AspNetCore.Mvc.IActionResult] GetCustomerCount() on controller AuthNet.Controllers.CustomersController (AuthNet).
2025-08-13 13:48:57.834 +05:30 [INF] Executed DbCommand (60ms) [Parameters=[], CommandType='"Text"', CommandTimeout='30']
SELECT COUNT(*)
FROM [Customers] AS [c]
2025-08-13 13:48:57.835 +05:30 [INF] Executing OkObjectResult, writing value of type 'System.Int32'.
2025-08-13 13:48:57.838 +05:30 [INF] Executed action AuthNet.Controllers.CustomersController.GetCustomerCount (AuthNet) in 67.2312ms
2025-08-13 13:48:57.838 +05:30 [INF] Executed endpoint 'AuthNet.Controllers.CustomersController.GetCustomerCount (AuthNet)'
2025-08-13 13:48:57.838 +05:30 [INF] Request finished HTTP/1.1 GET https://localhost:7165/api/Customers/count - 200 null application/json; charset=utf-8 69.2665ms
2025-08-13 13:48:57.871 +05:30 [INF] Request starting HTTP/1.1 GET https://localhost:7165/api/Tasks - null null
2025-08-13 13:48:57.872 +05:30 [INF] Executing endpoint 'AuthNet.Controllers.TasksController.GetTasks (AuthNet)'
2025-08-13 13:48:57.872 +05:30 [INF] Route matched with {action = "GetTasks", controller = "Tasks"}. Executing controller action with signature Microsoft.AspNetCore.Mvc.IActionResult GetTasks() on controller AuthNet.Controllers.TasksController (AuthNet).
2025-08-13 13:48:57.880 +05:30 [INF] Executed DbCommand (3ms) [Parameters=[], CommandType='"Text"', CommandTimeout='30']
SELECT [t].[Id], [t].[Title], [t].[DueDate]
FROM [Tasks] AS [t]
2025-08-13 13:48:57.881 +05:30 [INF] Executing OkObjectResult, writing value of type 'System.Collections.Generic.List`1[[AuthNet.Models.DTO.TaskItemDto, AuthNet, Version=1.0.0.0, Culture=neutral, PublicKeyToken=null]]'.
2025-08-13 13:48:57.881 +05:30 [INF] Executed action AuthNet.Controllers.TasksController.GetTasks (AuthNet) in 9.0118ms
2025-08-13 13:48:57.882 +05:30 [INF] Executed endpoint 'AuthNet.Controllers.TasksController.GetTasks (AuthNet)'
2025-08-13 13:48:57.882 +05:30 [INF] Request finished HTTP/1.1 GET https://localhost:7165/api/Tasks - 200 null application/json; charset=utf-8 11.0407ms
2025-08-13 13:48:57.904 +05:30 [INF] Request starting HTTP/1.1 GET https://localhost:7165/api/Settings/Get - null null
2025-08-13 13:48:57.912 +05:30 [INF] Executing endpoint 'AuthNet.Controllers.SettingsController.GetCompanyInfo (AuthNet)'
2025-08-13 13:48:57.912 +05:30 [INF] Route matched with {action = "GetCompanyInfo", controller = "Settings"}. Executing controller action with signature System.Threading.Tasks.Task`1[Microsoft.AspNetCore.Mvc.IActionResult] GetCompanyInfo() on controller AuthNet.Controllers.SettingsController (AuthNet).
2025-08-13 13:48:58.096 +05:30 [INF] Executed DbCommand (179ms) [Parameters=[], CommandType='"Text"', CommandTimeout='30']
SELECT TOP(1) [c].[Id], [c].[Address], [c].[AlternateContactNumber], [c].[ContactNumber], [c].[Email], [c].[GSTIN], [c].[IsGSTINActive], [c].[LogoFileExtension], [c].[LogoFilePath], [c].[LogoFileSizeInBytes], [c].[LogoName], [c].[Name], [c].[SignFileExtension], [c].[SignFilePath], [c].[SignFileSizeInBytes], [c].[SignName]
FROM [CompanyInfos] AS [c]
2025-08-13 13:48:58.097 +05:30 [INF] Executing OkObjectResult, writing value of type 'AuthNet.Models.DTO.CompanyInfoResponseDto'.
2025-08-13 13:48:58.097 +05:30 [INF] Executed action AuthNet.Controllers.SettingsController.GetCompanyInfo (AuthNet) in 185.0072ms
2025-08-13 13:48:58.098 +05:30 [INF] Executed endpoint 'AuthNet.Controllers.SettingsController.GetCompanyInfo (AuthNet)'
2025-08-13 13:48:58.098 +05:30 [INF] Request finished HTTP/1.1 GET https://localhost:7165/api/Settings/Get - 200 null application/json; charset=utf-8 195.3874ms
2025-08-13 13:48:59.278 +05:30 [INF] Request starting HTTP/2 GET https://localhost:7165/api/Sales/WeeklyProfit - null null
2025-08-13 13:48:59.278 +05:30 [INF] CORS policy execution successful.
2025-08-13 13:48:59.279 +05:30 [INF] Executing endpoint 'AuthNet.Controllers.SalesController.GetWeeklyProfit (AuthNet)'
2025-08-13 13:48:59.279 +05:30 [INF] Route matched with {action = "GetWeeklyProfit", controller = "Sales"}. Executing controller action with signature System.Threading.Tasks.Task`1[Microsoft.AspNetCore.Mvc.IActionResult] GetWeeklyProfit() on controller AuthNet.Controllers.SalesController (AuthNet).
2025-08-13 13:48:59.330 +05:30 [INF] Request starting HTTP/2 GET https://localhost:7165/api/Products/CategoryWiseProductCount - null null
2025-08-13 13:48:59.331 +05:30 [INF] Executed DbCommand (48ms) [Parameters=[@__startDate_0='?' (DbType = DateTime2), @__endDate_1='?' (DbType = DateTime2)], CommandType='"Text"', CommandTimeout='30']
SELECT [s].[Id], [s].[ProductId], [s].[ProductName], [s].[Quantity], [s].[SaleId], [s].[TotalPrice], [s].[UnitPrice], [s0].[Id], [s0].[AfterTaxAmount], [s0].[CreatedAt], [s0].[DiscountedAmount], [s0].[InvoiceDate], [s0].[InvoiceNo], [s0].[PrincipalAmount], [s0].[Template], [s0].[TotalAmount]
FROM [SaleItems] AS [s]
INNER JOIN [Sales] AS [s0] ON [s].[SaleId] = [s0].[Id]
WHERE CONVERT(date, [s0].[InvoiceDate]) >= @__startDate_0 AND CONVERT(date, [s0].[InvoiceDate]) <= @__endDate_1
2025-08-13 13:48:59.331 +05:30 [INF] CORS policy execution successful.
2025-08-13 13:48:59.331 +05:30 [INF] Executing endpoint 'AuthNet.Controllers.ProductsController.GetCategoryWiseProductCount (AuthNet)'
2025-08-13 13:48:59.331 +05:30 [INF] Route matched with {action = "GetCategoryWiseProductCount", controller = "Products"}. Executing controller action with signature System.Threading.Tasks.Task`1[Microsoft.AspNetCore.Mvc.IActionResult] GetCategoryWiseProductCount() on controller AuthNet.Controllers.ProductsController (AuthNet).
2025-08-13 13:48:59.359 +05:30 [INF] Executed DbCommand (27ms) [Parameters=[@__productIds_0='?' (Size = 4000)], CommandType='"Text"', CommandTimeout='30']
SELECT [p].[ProductId], [p].[CategoryId], [p].[CostPrice], [p].[Description], [p].[Name], [p].[ProductCode], [p].[ProductKey], [p].[SellPrice], [p].[SupplierId]
FROM [Products] AS [p]
WHERE [p].[ProductId] IN (
    SELECT [p0].[value]
    FROM OPENJSON(@__productIds_0) WITH ([value] int '$') AS [p0]
)
2025-08-13 13:48:59.361 +05:30 [INF] Executing OkObjectResult, writing value of type 'System.Collections.Generic.List`1[[AuthNet.Models.DTO.DailyProfitDto, AuthNet, Version=1.0.0.0, Culture=neutral, PublicKeyToken=null]]'.
2025-08-13 13:48:59.362 +05:30 [INF] Executed action AuthNet.Controllers.SalesController.GetWeeklyProfit (AuthNet) in 82.8402ms
2025-08-13 13:48:59.362 +05:30 [INF] Executed endpoint 'AuthNet.Controllers.SalesController.GetWeeklyProfit (AuthNet)'
2025-08-13 13:48:59.362 +05:30 [INF] Request finished HTTP/2 GET https://localhost:7165/api/Sales/WeeklyProfit - 200 null application/json; charset=utf-8 84.2041ms
2025-08-13 13:48:59.705 +05:30 [INF] Executed DbCommand (342ms) [Parameters=[], CommandType='"Text"', CommandTimeout='30']
SELECT [c].[Name] AS [CategoryName], COUNT(*) AS [ProductCount]
FROM [Products] AS [p]
LEFT JOIN [Categories] AS [c] ON [p].[CategoryId] = [c].[CategoryId]
WHERE [c].[CategoryId] IS NOT NULL
GROUP BY [c].[Name]
2025-08-13 13:48:59.705 +05:30 [INF] Executing OkObjectResult, writing value of type 'System.Collections.Generic.List`1[[AuthNet.Models.DTO.CategoryProductCountDto, AuthNet, Version=1.0.0.0, Culture=neutral, PublicKeyToken=null]]'.
2025-08-13 13:48:59.706 +05:30 [INF] Executed action AuthNet.Controllers.ProductsController.GetCategoryWiseProductCount (AuthNet) in 374.6288ms
2025-08-13 13:48:59.706 +05:30 [INF] Executed endpoint 'AuthNet.Controllers.ProductsController.GetCategoryWiseProductCount (AuthNet)'
2025-08-13 13:48:59.706 +05:30 [INF] Request finished HTTP/2 GET https://localhost:7165/api/Products/CategoryWiseProductCount - 200 null application/json; charset=utf-8 376.0912ms
2025-08-13 13:49:05.776 +05:30 [INF] Request starting HTTP/1.1 GET https://localhost:7165/api/Settings/Get - null null
2025-08-13 13:49:05.777 +05:30 [INF] Executing endpoint 'AuthNet.Controllers.SettingsController.GetCompanyInfo (AuthNet)'
2025-08-13 13:49:05.777 +05:30 [INF] Route matched with {action = "GetCompanyInfo", controller = "Settings"}. Executing controller action with signature System.Threading.Tasks.Task`1[Microsoft.AspNetCore.Mvc.IActionResult] GetCompanyInfo() on controller AuthNet.Controllers.SettingsController (AuthNet).
2025-08-13 13:49:05.791 +05:30 [INF] Executed DbCommand (8ms) [Parameters=[], CommandType='"Text"', CommandTimeout='30']
SELECT TOP(1) [c].[Id], [c].[Address], [c].[AlternateContactNumber], [c].[ContactNumber], [c].[Email], [c].[GSTIN], [c].[IsGSTINActive], [c].[LogoFileExtension], [c].[LogoFilePath], [c].[LogoFileSizeInBytes], [c].[LogoName], [c].[Name], [c].[SignFileExtension], [c].[SignFilePath], [c].[SignFileSizeInBytes], [c].[SignName]
FROM [CompanyInfos] AS [c]
2025-08-13 13:49:05.792 +05:30 [INF] Executing OkObjectResult, writing value of type 'AuthNet.Models.DTO.CompanyInfoResponseDto'.
2025-08-13 13:49:05.793 +05:30 [INF] Executed action AuthNet.Controllers.SettingsController.GetCompanyInfo (AuthNet) in 15.3503ms
2025-08-13 13:49:05.793 +05:30 [INF] Executed endpoint 'AuthNet.Controllers.SettingsController.GetCompanyInfo (AuthNet)'
2025-08-13 13:49:05.793 +05:30 [INF] Request finished HTTP/1.1 GET https://localhost:7165/api/Settings/Get - 200 null application/json; charset=utf-8 17.5302ms
2025-08-13 13:50:00.158 +05:30 [INF] Request starting HTTP/1.1 GET https://localhost:7165/api/Settings/Get - null null
2025-08-13 13:50:00.161 +05:30 [INF] Executing endpoint 'AuthNet.Controllers.SettingsController.GetCompanyInfo (AuthNet)'
2025-08-13 13:50:00.161 +05:30 [INF] Route matched with {action = "GetCompanyInfo", controller = "Settings"}. Executing controller action with signature System.Threading.Tasks.Task`1[Microsoft.AspNetCore.Mvc.IActionResult] GetCompanyInfo() on controller AuthNet.Controllers.SettingsController (AuthNet).
2025-08-13 13:50:00.234 +05:30 [INF] Executed DbCommand (68ms) [Parameters=[], CommandType='"Text"', CommandTimeout='30']
SELECT TOP(1) [c].[Id], [c].[Address], [c].[AlternateContactNumber], [c].[ContactNumber], [c].[Email], [c].[GSTIN], [c].[IsGSTINActive], [c].[LogoFileExtension], [c].[LogoFilePath], [c].[LogoFileSizeInBytes], [c].[LogoName], [c].[Name], [c].[SignFileExtension], [c].[SignFilePath], [c].[SignFileSizeInBytes], [c].[SignName]
FROM [CompanyInfos] AS [c]
2025-08-13 13:50:00.235 +05:30 [INF] Executing OkObjectResult, writing value of type 'AuthNet.Models.DTO.CompanyInfoResponseDto'.
2025-08-13 13:50:00.235 +05:30 [INF] Executed action AuthNet.Controllers.SettingsController.GetCompanyInfo (AuthNet) in 74.0389ms
2025-08-13 13:50:00.236 +05:30 [INF] Executed endpoint 'AuthNet.Controllers.SettingsController.GetCompanyInfo (AuthNet)'
2025-08-13 13:50:00.236 +05:30 [INF] Request finished HTTP/1.1 GET https://localhost:7165/api/Settings/Get - 200 null application/json; charset=utf-8 78.3684ms
2025-08-13 13:52:35.479 +05:30 [INF] Request starting HTTP/2 GET https://localhost:7165/swagger/index.html - null null
2025-08-13 13:52:35.500 +05:30 [INF] Request finished HTTP/2 GET https://localhost:7165/swagger/index.html - 200 null text/html;charset=utf-8 21.6653ms
2025-08-13 13:52:35.556 +05:30 [INF] Request starting HTTP/2 GET https://localhost:7165/_vs/browserLink - null null
2025-08-13 13:52:35.734 +05:30 [INF] Request finished HTTP/2 GET https://localhost:7165/_vs/browserLink - 200 null text/javascript; charset=UTF-8 177.4241ms
2025-08-13 13:52:35.748 +05:30 [INF] Request starting HTTP/2 GET https://localhost:7165/_framework/aspnetcore-browser-refresh.js - null null
2025-08-13 13:52:35.758 +05:30 [INF] Request finished HTTP/2 GET https://localhost:7165/_framework/aspnetcore-browser-refresh.js - 200 16499 application/javascript; charset=utf-8 10.1758ms
2025-08-13 13:52:36.812 +05:30 [INF] Request starting HTTP/1.1 GET https://localhost:7165/api/Settings/Get - null null
2025-08-13 13:52:36.812 +05:30 [INF] Executing endpoint 'AuthNet.Controllers.SettingsController.GetCompanyInfo (AuthNet)'
2025-08-13 13:52:36.819 +05:30 [INF] Route matched with {action = "GetCompanyInfo", controller = "Settings"}. Executing controller action with signature System.Threading.Tasks.Task`1[Microsoft.AspNetCore.Mvc.IActionResult] GetCompanyInfo() on controller AuthNet.Controllers.SettingsController (AuthNet).
2025-08-13 13:52:36.858 +05:30 [INF] Executed DbCommand (38ms) [Parameters=[], CommandType='"Text"', CommandTimeout='30']
SELECT TOP(1) [c].[Id], [c].[Address], [c].[AlternateContactNumber], [c].[ContactNumber], [c].[Email], [c].[GSTIN], [c].[IsGSTINActive], [c].[LogoFileExtension], [c].[LogoFilePath], [c].[LogoFileSizeInBytes], [c].[LogoName], [c].[Name], [c].[SignFileExtension], [c].[SignFilePath], [c].[SignFileSizeInBytes], [c].[SignName]
FROM [CompanyInfos] AS [c]
2025-08-13 13:52:36.859 +05:30 [INF] Executing OkObjectResult, writing value of type 'AuthNet.Models.DTO.CompanyInfoResponseDto'.
2025-08-13 13:52:36.864 +05:30 [INF] Executed action AuthNet.Controllers.SettingsController.GetCompanyInfo (AuthNet) in 45.3741ms
2025-08-13 13:52:36.864 +05:30 [INF] Executed endpoint 'AuthNet.Controllers.SettingsController.GetCompanyInfo (AuthNet)'
2025-08-13 13:52:36.865 +05:30 [INF] Request finished HTTP/1.1 GET https://localhost:7165/api/Settings/Get - 200 null application/json; charset=utf-8 53.429ms
2025-08-13 13:52:39.193 +05:30 [INF] Request starting HTTP/2 GET https://localhost:7165/swagger/v1/swagger.json - null null
2025-08-13 13:52:39.300 +05:30 [INF] Request finished HTTP/2 GET https://localhost:7165/swagger/v1/swagger.json - 200 null application/json;charset=utf-8 107.5369ms
2025-08-13 13:55:23.200 +05:30 [INF] Request starting HTTP/2 GET https://localhost:7165/swagger/index.html - null null
2025-08-13 13:55:23.232 +05:30 [INF] Request finished HTTP/2 GET https://localhost:7165/swagger/index.html - 200 null text/html;charset=utf-8 31.5794ms
2025-08-13 13:55:23.291 +05:30 [INF] Request starting HTTP/2 GET https://localhost:7165/_vs/browserLink - null null
2025-08-13 13:55:23.309 +05:30 [INF] Request finished HTTP/2 GET https://localhost:7165/_vs/browserLink - 200 null text/javascript; charset=UTF-8 17.8211ms
2025-08-13 13:55:23.321 +05:30 [INF] Request starting HTTP/2 GET https://localhost:7165/_framework/aspnetcore-browser-refresh.js - null null
2025-08-13 13:55:23.324 +05:30 [INF] Request finished HTTP/2 GET https://localhost:7165/_framework/aspnetcore-browser-refresh.js - 200 16499 application/javascript; charset=utf-8 1.7288ms
2025-08-13 13:55:23.437 +05:30 [INF] Request starting HTTP/1.1 GET https://localhost:7165/api/Settings/Get - null null
2025-08-13 13:55:23.438 +05:30 [INF] Executing endpoint 'AuthNet.Controllers.SettingsController.GetCompanyInfo (AuthNet)'
2025-08-13 13:55:23.447 +05:30 [INF] Route matched with {action = "GetCompanyInfo", controller = "Settings"}. Executing controller action with signature System.Threading.Tasks.Task`1[Microsoft.AspNetCore.Mvc.IActionResult] GetCompanyInfo() on controller AuthNet.Controllers.SettingsController (AuthNet).
2025-08-13 13:55:23.462 +05:30 [INF] Executed DbCommand (11ms) [Parameters=[], CommandType='"Text"', CommandTimeout='30']
SELECT TOP(1) [c].[Id], [c].[Address], [c].[AlternateContactNumber], [c].[ContactNumber], [c].[Email], [c].[GSTIN], [c].[IsGSTINActive], [c].[LogoFileExtension], [c].[LogoFilePath], [c].[LogoFileSizeInBytes], [c].[LogoName], [c].[Name], [c].[SignFileExtension], [c].[SignFilePath], [c].[SignFileSizeInBytes], [c].[SignName]
FROM [CompanyInfos] AS [c]
2025-08-13 13:55:23.463 +05:30 [INF] Executing OkObjectResult, writing value of type 'AuthNet.Models.DTO.CompanyInfoResponseDto'.
2025-08-13 13:55:23.469 +05:30 [INF] Executed action AuthNet.Controllers.SettingsController.GetCompanyInfo (AuthNet) in 21.3727ms
2025-08-13 13:55:23.469 +05:30 [INF] Executed endpoint 'AuthNet.Controllers.SettingsController.GetCompanyInfo (AuthNet)'
2025-08-13 13:55:23.470 +05:30 [INF] Request finished HTTP/1.1 GET https://localhost:7165/api/Settings/Get - 200 null application/json; charset=utf-8 32.6803ms
2025-08-13 13:55:27.362 +05:30 [INF] Request starting HTTP/2 GET https://localhost:7165/swagger/v1/swagger.json - null null
2025-08-13 13:55:27.440 +05:30 [INF] Request finished HTTP/2 GET https://localhost:7165/swagger/v1/swagger.json - 200 null application/json;charset=utf-8 77.6569ms
2025-08-13 13:55:54.224 +05:30 [INF] Request starting HTTP/1.1 GET https://localhost:7165/api/Settings/Get - null null
2025-08-13 13:55:54.232 +05:30 [INF] Executing endpoint 'AuthNet.Controllers.SettingsController.GetCompanyInfo (AuthNet)'
2025-08-13 13:55:54.233 +05:30 [INF] Route matched with {action = "GetCompanyInfo", controller = "Settings"}. Executing controller action with signature System.Threading.Tasks.Task`1[Microsoft.AspNetCore.Mvc.IActionResult] GetCompanyInfo() on controller AuthNet.Controllers.SettingsController (AuthNet).
2025-08-13 13:55:54.241 +05:30 [INF] Executed DbCommand (6ms) [Parameters=[], CommandType='"Text"', CommandTimeout='30']
SELECT TOP(1) [c].[Id], [c].[Address], [c].[AlternateContactNumber], [c].[ContactNumber], [c].[Email], [c].[GSTIN], [c].[IsGSTINActive], [c].[LogoFileExtension], [c].[LogoFilePath], [c].[LogoFileSizeInBytes], [c].[LogoName], [c].[Name], [c].[SignFileExtension], [c].[SignFilePath], [c].[SignFileSizeInBytes], [c].[SignName]
FROM [CompanyInfos] AS [c]
2025-08-13 13:55:54.241 +05:30 [INF] Executing OkObjectResult, writing value of type 'AuthNet.Models.DTO.CompanyInfoResponseDto'.
2025-08-13 13:55:54.242 +05:30 [INF] Executed action AuthNet.Controllers.SettingsController.GetCompanyInfo (AuthNet) in 9.0437ms
2025-08-13 13:55:54.242 +05:30 [INF] Executed endpoint 'AuthNet.Controllers.SettingsController.GetCompanyInfo (AuthNet)'
2025-08-13 13:55:54.242 +05:30 [INF] Request finished HTTP/1.1 GET https://localhost:7165/api/Settings/Get - 200 null application/json; charset=utf-8 18.2642ms
2025-08-13 13:55:56.070 +05:30 [INF] Request starting HTTP/1.1 GET https://localhost:7165/api/Settings/Get - null null
2025-08-13 13:55:56.070 +05:30 [INF] Executing endpoint 'AuthNet.Controllers.SettingsController.GetCompanyInfo (AuthNet)'
2025-08-13 13:55:56.070 +05:30 [INF] Route matched with {action = "GetCompanyInfo", controller = "Settings"}. Executing controller action with signature System.Threading.Tasks.Task`1[Microsoft.AspNetCore.Mvc.IActionResult] GetCompanyInfo() on controller AuthNet.Controllers.SettingsController (AuthNet).
2025-08-13 13:55:56.079 +05:30 [INF] Executed DbCommand (5ms) [Parameters=[], CommandType='"Text"', CommandTimeout='30']
SELECT TOP(1) [c].[Id], [c].[Address], [c].[AlternateContactNumber], [c].[ContactNumber], [c].[Email], [c].[GSTIN], [c].[IsGSTINActive], [c].[LogoFileExtension], [c].[LogoFilePath], [c].[LogoFileSizeInBytes], [c].[LogoName], [c].[Name], [c].[SignFileExtension], [c].[SignFilePath], [c].[SignFileSizeInBytes], [c].[SignName]
FROM [CompanyInfos] AS [c]
2025-08-13 13:55:56.080 +05:30 [INF] Executing OkObjectResult, writing value of type 'AuthNet.Models.DTO.CompanyInfoResponseDto'.
2025-08-13 13:55:56.080 +05:30 [INF] Executed action AuthNet.Controllers.SettingsController.GetCompanyInfo (AuthNet) in 9.7156ms
2025-08-13 13:55:56.080 +05:30 [INF] Executed endpoint 'AuthNet.Controllers.SettingsController.GetCompanyInfo (AuthNet)'
2025-08-13 13:55:56.081 +05:30 [INF] Request finished HTTP/1.1 GET https://localhost:7165/api/Settings/Get - 200 null application/json; charset=utf-8 11.3536ms
2025-08-13 13:56:04.275 +05:30 [INF] Request starting HTTP/1.1 GET https://localhost:7165/api/Settings/Get - null null
2025-08-13 13:56:04.277 +05:30 [INF] Executing endpoint 'AuthNet.Controllers.SettingsController.GetCompanyInfo (AuthNet)'
2025-08-13 13:56:04.277 +05:30 [INF] Route matched with {action = "GetCompanyInfo", controller = "Settings"}. Executing controller action with signature System.Threading.Tasks.Task`1[Microsoft.AspNetCore.Mvc.IActionResult] GetCompanyInfo() on controller AuthNet.Controllers.SettingsController (AuthNet).
2025-08-13 13:56:04.290 +05:30 [INF] Executed DbCommand (8ms) [Parameters=[], CommandType='"Text"', CommandTimeout='30']
SELECT TOP(1) [c].[Id], [c].[Address], [c].[AlternateContactNumber], [c].[ContactNumber], [c].[Email], [c].[GSTIN], [c].[IsGSTINActive], [c].[LogoFileExtension], [c].[LogoFilePath], [c].[LogoFileSizeInBytes], [c].[LogoName], [c].[Name], [c].[SignFileExtension], [c].[SignFilePath], [c].[SignFileSizeInBytes], [c].[SignName]
FROM [CompanyInfos] AS [c]
2025-08-13 13:56:04.292 +05:30 [INF] Executing OkObjectResult, writing value of type 'AuthNet.Models.DTO.CompanyInfoResponseDto'.
2025-08-13 13:56:04.293 +05:30 [INF] Executed action AuthNet.Controllers.SettingsController.GetCompanyInfo (AuthNet) in 15.7358ms
2025-08-13 13:56:04.293 +05:30 [INF] Executed endpoint 'AuthNet.Controllers.SettingsController.GetCompanyInfo (AuthNet)'
2025-08-13 13:56:04.293 +05:30 [INF] Request finished HTTP/1.1 GET https://localhost:7165/api/Settings/Get - 200 null application/json; charset=utf-8 17.7067ms
2025-08-13 13:56:06.390 +05:30 [INF] Request starting HTTP/1.1 GET https://localhost:7165/api/Settings/Get - null null
2025-08-13 13:56:06.391 +05:30 [INF] Executing endpoint 'AuthNet.Controllers.SettingsController.GetCompanyInfo (AuthNet)'
2025-08-13 13:56:06.391 +05:30 [INF] Route matched with {action = "GetCompanyInfo", controller = "Settings"}. Executing controller action with signature System.Threading.Tasks.Task`1[Microsoft.AspNetCore.Mvc.IActionResult] GetCompanyInfo() on controller AuthNet.Controllers.SettingsController (AuthNet).
2025-08-13 13:56:06.416 +05:30 [INF] Executed DbCommand (20ms) [Parameters=[], CommandType='"Text"', CommandTimeout='30']
SELECT TOP(1) [c].[Id], [c].[Address], [c].[AlternateContactNumber], [c].[ContactNumber], [c].[Email], [c].[GSTIN], [c].[IsGSTINActive], [c].[LogoFileExtension], [c].[LogoFilePath], [c].[LogoFileSizeInBytes], [c].[LogoName], [c].[Name], [c].[SignFileExtension], [c].[SignFilePath], [c].[SignFileSizeInBytes], [c].[SignName]
FROM [CompanyInfos] AS [c]
2025-08-13 13:56:06.419 +05:30 [INF] Executing OkObjectResult, writing value of type 'AuthNet.Models.DTO.CompanyInfoResponseDto'.
2025-08-13 13:56:06.419 +05:30 [INF] Executed action AuthNet.Controllers.SettingsController.GetCompanyInfo (AuthNet) in 27.8285ms
2025-08-13 13:56:06.419 +05:30 [INF] Executed endpoint 'AuthNet.Controllers.SettingsController.GetCompanyInfo (AuthNet)'
2025-08-13 13:56:06.419 +05:30 [INF] Request finished HTTP/1.1 GET https://localhost:7165/api/Settings/Get - 200 null application/json; charset=utf-8 29.5507ms
2025-08-13 13:56:20.327 +05:30 [INF] Request starting HTTP/1.1 GET https://localhost:7165/api/Settings/Get - null null
2025-08-13 13:56:20.328 +05:30 [INF] Executing endpoint 'AuthNet.Controllers.SettingsController.GetCompanyInfo (AuthNet)'
2025-08-13 13:56:20.328 +05:30 [INF] Route matched with {action = "GetCompanyInfo", controller = "Settings"}. Executing controller action with signature System.Threading.Tasks.Task`1[Microsoft.AspNetCore.Mvc.IActionResult] GetCompanyInfo() on controller AuthNet.Controllers.SettingsController (AuthNet).
2025-08-13 13:56:20.337 +05:30 [INF] Executed DbCommand (5ms) [Parameters=[], CommandType='"Text"', CommandTimeout='30']
SELECT TOP(1) [c].[Id], [c].[Address], [c].[AlternateContactNumber], [c].[ContactNumber], [c].[Email], [c].[GSTIN], [c].[IsGSTINActive], [c].[LogoFileExtension], [c].[LogoFilePath], [c].[LogoFileSizeInBytes], [c].[LogoName], [c].[Name], [c].[SignFileExtension], [c].[SignFilePath], [c].[SignFileSizeInBytes], [c].[SignName]
FROM [CompanyInfos] AS [c]
2025-08-13 13:56:20.338 +05:30 [INF] Executing OkObjectResult, writing value of type 'AuthNet.Models.DTO.CompanyInfoResponseDto'.
2025-08-13 13:56:20.338 +05:30 [INF] Executed action AuthNet.Controllers.SettingsController.GetCompanyInfo (AuthNet) in 8.5813ms
2025-08-13 13:56:20.338 +05:30 [INF] Executed endpoint 'AuthNet.Controllers.SettingsController.GetCompanyInfo (AuthNet)'
2025-08-13 13:56:20.339 +05:30 [INF] Request finished HTTP/1.1 GET https://localhost:7165/api/Settings/Get - 200 null application/json; charset=utf-8 11.1694ms
2025-08-13 13:56:21.670 +05:30 [INF] Request starting HTTP/1.1 GET https://localhost:7165/api/Settings/Get - null null
2025-08-13 13:56:21.671 +05:30 [INF] Executing endpoint 'AuthNet.Controllers.SettingsController.GetCompanyInfo (AuthNet)'
2025-08-13 13:56:21.671 +05:30 [INF] Route matched with {action = "GetCompanyInfo", controller = "Settings"}. Executing controller action with signature System.Threading.Tasks.Task`1[Microsoft.AspNetCore.Mvc.IActionResult] GetCompanyInfo() on controller AuthNet.Controllers.SettingsController (AuthNet).
2025-08-13 13:56:21.691 +05:30 [INF] Executed DbCommand (17ms) [Parameters=[], CommandType='"Text"', CommandTimeout='30']
SELECT TOP(1) [c].[Id], [c].[Address], [c].[AlternateContactNumber], [c].[ContactNumber], [c].[Email], [c].[GSTIN], [c].[IsGSTINActive], [c].[LogoFileExtension], [c].[LogoFilePath], [c].[LogoFileSizeInBytes], [c].[LogoName], [c].[Name], [c].[SignFileExtension], [c].[SignFilePath], [c].[SignFileSizeInBytes], [c].[SignName]
FROM [CompanyInfos] AS [c]
2025-08-13 13:56:21.692 +05:30 [INF] Executing OkObjectResult, writing value of type 'AuthNet.Models.DTO.CompanyInfoResponseDto'.
2025-08-13 13:56:21.692 +05:30 [INF] Executed action AuthNet.Controllers.SettingsController.GetCompanyInfo (AuthNet) in 21.1004ms
2025-08-13 13:56:21.692 +05:30 [INF] Executed endpoint 'AuthNet.Controllers.SettingsController.GetCompanyInfo (AuthNet)'
2025-08-13 13:56:21.692 +05:30 [INF] Request finished HTTP/1.1 GET https://localhost:7165/api/Settings/Get - 200 null application/json; charset=utf-8 22.153ms
2025-08-13 13:56:22.185 +05:30 [INF] Request starting HTTP/1.1 GET https://localhost:7165/api/Settings/Get - null null
2025-08-13 13:56:22.186 +05:30 [INF] Executing endpoint 'AuthNet.Controllers.SettingsController.GetCompanyInfo (AuthNet)'
2025-08-13 13:56:22.186 +05:30 [INF] Route matched with {action = "GetCompanyInfo", controller = "Settings"}. Executing controller action with signature System.Threading.Tasks.Task`1[Microsoft.AspNetCore.Mvc.IActionResult] GetCompanyInfo() on controller AuthNet.Controllers.SettingsController (AuthNet).
2025-08-13 13:56:22.194 +05:30 [INF] Executed DbCommand (6ms) [Parameters=[], CommandType='"Text"', CommandTimeout='30']
SELECT TOP(1) [c].[Id], [c].[Address], [c].[AlternateContactNumber], [c].[ContactNumber], [c].[Email], [c].[GSTIN], [c].[IsGSTINActive], [c].[LogoFileExtension], [c].[LogoFilePath], [c].[LogoFileSizeInBytes], [c].[LogoName], [c].[Name], [c].[SignFileExtension], [c].[SignFilePath], [c].[SignFileSizeInBytes], [c].[SignName]
FROM [CompanyInfos] AS [c]
2025-08-13 13:56:22.194 +05:30 [INF] Executing OkObjectResult, writing value of type 'AuthNet.Models.DTO.CompanyInfoResponseDto'.
2025-08-13 13:56:22.194 +05:30 [INF] Executed action AuthNet.Controllers.SettingsController.GetCompanyInfo (AuthNet) in 8.551ms
2025-08-13 13:56:22.194 +05:30 [INF] Executed endpoint 'AuthNet.Controllers.SettingsController.GetCompanyInfo (AuthNet)'
2025-08-13 13:56:22.195 +05:30 [INF] Request finished HTTP/1.1 GET https://localhost:7165/api/Settings/Get - 200 null application/json; charset=utf-8 9.5154ms
2025-08-13 13:56:22.731 +05:30 [INF] Request starting HTTP/1.1 GET https://localhost:7165/api/Settings/Get - null null
2025-08-13 13:56:22.731 +05:30 [INF] Executing endpoint 'AuthNet.Controllers.SettingsController.GetCompanyInfo (AuthNet)'
2025-08-13 13:56:22.732 +05:30 [INF] Route matched with {action = "GetCompanyInfo", controller = "Settings"}. Executing controller action with signature System.Threading.Tasks.Task`1[Microsoft.AspNetCore.Mvc.IActionResult] GetCompanyInfo() on controller AuthNet.Controllers.SettingsController (AuthNet).
2025-08-13 13:56:22.738 +05:30 [INF] Executed DbCommand (5ms) [Parameters=[], CommandType='"Text"', CommandTimeout='30']
SELECT TOP(1) [c].[Id], [c].[Address], [c].[AlternateContactNumber], [c].[ContactNumber], [c].[Email], [c].[GSTIN], [c].[IsGSTINActive], [c].[LogoFileExtension], [c].[LogoFilePath], [c].[LogoFileSizeInBytes], [c].[LogoName], [c].[Name], [c].[SignFileExtension], [c].[SignFilePath], [c].[SignFileSizeInBytes], [c].[SignName]
FROM [CompanyInfos] AS [c]
2025-08-13 13:56:22.739 +05:30 [INF] Executing OkObjectResult, writing value of type 'AuthNet.Models.DTO.CompanyInfoResponseDto'.
2025-08-13 13:56:22.739 +05:30 [INF] Executed action AuthNet.Controllers.SettingsController.GetCompanyInfo (AuthNet) in 7.1818ms
2025-08-13 13:56:22.739 +05:30 [INF] Executed endpoint 'AuthNet.Controllers.SettingsController.GetCompanyInfo (AuthNet)'
2025-08-13 13:56:22.739 +05:30 [INF] Request finished HTTP/1.1 GET https://localhost:7165/api/Settings/Get - 200 null application/json; charset=utf-8 7.8816ms
2025-08-13 13:56:53.398 +05:30 [INF] Request starting HTTP/1.1 GET https://localhost:7165/api/Settings/Get - null null
2025-08-13 13:56:53.398 +05:30 [INF] Executing endpoint 'AuthNet.Controllers.SettingsController.GetCompanyInfo (AuthNet)'
2025-08-13 13:56:53.398 +05:30 [INF] Route matched with {action = "GetCompanyInfo", controller = "Settings"}. Executing controller action with signature System.Threading.Tasks.Task`1[Microsoft.AspNetCore.Mvc.IActionResult] GetCompanyInfo() on controller AuthNet.Controllers.SettingsController (AuthNet).
2025-08-13 13:56:53.435 +05:30 [INF] Executed DbCommand (36ms) [Parameters=[], CommandType='"Text"', CommandTimeout='30']
SELECT TOP(1) [c].[Id], [c].[Address], [c].[AlternateContactNumber], [c].[ContactNumber], [c].[Email], [c].[GSTIN], [c].[IsGSTINActive], [c].[LogoFileExtension], [c].[LogoFilePath], [c].[LogoFileSizeInBytes], [c].[LogoName], [c].[Name], [c].[SignFileExtension], [c].[SignFilePath], [c].[SignFileSizeInBytes], [c].[SignName]
FROM [CompanyInfos] AS [c]
2025-08-13 13:56:53.441 +05:30 [INF] Executing OkObjectResult, writing value of type 'AuthNet.Models.DTO.CompanyInfoResponseDto'.
2025-08-13 13:56:53.441 +05:30 [INF] Executed action AuthNet.Controllers.SettingsController.GetCompanyInfo (AuthNet) in 43.2269ms
2025-08-13 13:56:53.441 +05:30 [INF] Executed endpoint 'AuthNet.Controllers.SettingsController.GetCompanyInfo (AuthNet)'
2025-08-13 13:56:53.442 +05:30 [INF] Request finished HTTP/1.1 GET https://localhost:7165/api/Settings/Get - 200 null application/json; charset=utf-8 44.141ms
2025-08-13 13:57:10.887 +05:30 [INF] Request starting HTTP/1.1 GET https://localhost:7165/api/Settings/Get - null null
2025-08-13 13:57:10.887 +05:30 [INF] Executing endpoint 'AuthNet.Controllers.SettingsController.GetCompanyInfo (AuthNet)'
2025-08-13 13:57:10.887 +05:30 [INF] Route matched with {action = "GetCompanyInfo", controller = "Settings"}. Executing controller action with signature System.Threading.Tasks.Task`1[Microsoft.AspNetCore.Mvc.IActionResult] GetCompanyInfo() on controller AuthNet.Controllers.SettingsController (AuthNet).
2025-08-13 13:57:10.898 +05:30 [INF] Executed DbCommand (9ms) [Parameters=[], CommandType='"Text"', CommandTimeout='30']
SELECT TOP(1) [c].[Id], [c].[Address], [c].[AlternateContactNumber], [c].[ContactNumber], [c].[Email], [c].[GSTIN], [c].[IsGSTINActive], [c].[LogoFileExtension], [c].[LogoFilePath], [c].[LogoFileSizeInBytes], [c].[LogoName], [c].[Name], [c].[SignFileExtension], [c].[SignFilePath], [c].[SignFileSizeInBytes], [c].[SignName]
FROM [CompanyInfos] AS [c]
2025-08-13 13:57:10.899 +05:30 [INF] Executing OkObjectResult, writing value of type 'AuthNet.Models.DTO.CompanyInfoResponseDto'.
2025-08-13 13:57:10.899 +05:30 [INF] Executed action AuthNet.Controllers.SettingsController.GetCompanyInfo (AuthNet) in 11.9878ms
2025-08-13 13:57:10.899 +05:30 [INF] Executed endpoint 'AuthNet.Controllers.SettingsController.GetCompanyInfo (AuthNet)'
2025-08-13 13:57:10.900 +05:30 [INF] Request finished HTTP/1.1 GET https://localhost:7165/api/Settings/Get - 200 null application/json; charset=utf-8 13.515ms
2025-08-13 13:57:16.477 +05:30 [INF] Request starting HTTP/1.1 GET https://localhost:7165/api/Settings/Get - null null
2025-08-13 13:57:16.478 +05:30 [INF] Executing endpoint 'AuthNet.Controllers.SettingsController.GetCompanyInfo (AuthNet)'
2025-08-13 13:57:16.478 +05:30 [INF] Route matched with {action = "GetCompanyInfo", controller = "Settings"}. Executing controller action with signature System.Threading.Tasks.Task`1[Microsoft.AspNetCore.Mvc.IActionResult] GetCompanyInfo() on controller AuthNet.Controllers.SettingsController (AuthNet).
2025-08-13 13:57:16.488 +05:30 [INF] Executed DbCommand (6ms) [Parameters=[], CommandType='"Text"', CommandTimeout='30']
SELECT TOP(1) [c].[Id], [c].[Address], [c].[AlternateContactNumber], [c].[ContactNumber], [c].[Email], [c].[GSTIN], [c].[IsGSTINActive], [c].[LogoFileExtension], [c].[LogoFilePath], [c].[LogoFileSizeInBytes], [c].[LogoName], [c].[Name], [c].[SignFileExtension], [c].[SignFilePath], [c].[SignFileSizeInBytes], [c].[SignName]
FROM [CompanyInfos] AS [c]
2025-08-13 13:57:16.489 +05:30 [INF] Executing OkObjectResult, writing value of type 'AuthNet.Models.DTO.CompanyInfoResponseDto'.
2025-08-13 13:57:16.489 +05:30 [INF] Executed action AuthNet.Controllers.SettingsController.GetCompanyInfo (AuthNet) in 10.6334ms
2025-08-13 13:57:16.489 +05:30 [INF] Executed endpoint 'AuthNet.Controllers.SettingsController.GetCompanyInfo (AuthNet)'
2025-08-13 13:57:16.489 +05:30 [INF] Request finished HTTP/1.1 GET https://localhost:7165/api/Settings/Get - 200 null application/json; charset=utf-8 13.0552ms
2025-08-13 13:57:19.440 +05:30 [INF] Request starting HTTP/1.1 PUT https://localhost:7165/api/Settings/Update - multipart/form-data; boundary="b451ce8e-30db-4eb9-b263-6457b26ee91b" 1041
2025-08-13 13:57:19.440 +05:30 [INF] Executing endpoint 'AuthNet.Controllers.SettingsController.Update (AuthNet)'
2025-08-13 13:57:19.455 +05:30 [INF] Route matched with {action = "Update", controller = "Settings"}. Executing controller action with signature System.Threading.Tasks.Task`1[Microsoft.AspNetCore.Mvc.IActionResult] Update(AuthNet.Models.DTO.CompanyInfoDto) on controller AuthNet.Controllers.SettingsController (AuthNet).
2025-08-13 13:57:19.521 +05:30 [INF] Executed DbCommand (6ms) [Parameters=[], CommandType='"Text"', CommandTimeout='30']
SELECT TOP(1) [c].[Id], [c].[Address], [c].[AlternateContactNumber], [c].[ContactNumber], [c].[Email], [c].[GSTIN], [c].[IsGSTINActive], [c].[LogoFileExtension], [c].[LogoFilePath], [c].[LogoFileSizeInBytes], [c].[LogoName], [c].[Name], [c].[SignFileExtension], [c].[SignFilePath], [c].[SignFileSizeInBytes], [c].[SignName]
FROM [CompanyInfos] AS [c]
2025-08-13 13:57:19.916 +05:30 [INF] Executed DbCommand (50ms) [Parameters=[@p0='?' (Size = 4000), @p1='?' (Size = 4000), @p2='?' (DbType = DateTime2), @p3='?' (Size = 4000), @p4='?' (Size = 4000), @p5='?' (Size = 4000), @p6='?' (Size = 4000)], CommandType='"Text"', CommandTimeout='30']
SET IMPLICIT_TRANSACTIONS OFF;
SET NOCOUNT ON;
INSERT INTO [CompanyInfoHistories] ([Address], [AlternateContactNumber], [ArchivedAt], [ContactNumber], [Email], [GSTIN], [Name])
OUTPUT INSERTED.[Id]
VALUES (@p0, @p1, @p2, @p3, @p4, @p5, @p6);
2025-08-13 13:57:19.986 +05:30 [INF] Executing OkObjectResult, writing value of type 'AuthNet.Models.DTO.OperationResponse'.
2025-08-13 13:57:19.988 +05:30 [INF] Executed action AuthNet.Controllers.SettingsController.Update (AuthNet) in 533.0169ms
2025-08-13 13:57:19.988 +05:30 [INF] Executed endpoint 'AuthNet.Controllers.SettingsController.Update (AuthNet)'
2025-08-13 13:57:19.989 +05:30 [INF] Request finished HTTP/1.1 PUT https://localhost:7165/api/Settings/Update - 200 null application/json; charset=utf-8 548.7885ms
2025-08-13 13:57:20.015 +05:30 [INF] Request starting HTTP/1.1 GET https://localhost:7165/api/Settings/Get - null null
2025-08-13 13:57:20.015 +05:30 [INF] Executing endpoint 'AuthNet.Controllers.SettingsController.GetCompanyInfo (AuthNet)'
2025-08-13 13:57:20.015 +05:30 [INF] Route matched with {action = "GetCompanyInfo", controller = "Settings"}. Executing controller action with signature System.Threading.Tasks.Task`1[Microsoft.AspNetCore.Mvc.IActionResult] GetCompanyInfo() on controller AuthNet.Controllers.SettingsController (AuthNet).
2025-08-13 13:57:20.026 +05:30 [INF] Executed DbCommand (9ms) [Parameters=[], CommandType='"Text"', CommandTimeout='30']
SELECT TOP(1) [c].[Id], [c].[Address], [c].[AlternateContactNumber], [c].[ContactNumber], [c].[Email], [c].[GSTIN], [c].[IsGSTINActive], [c].[LogoFileExtension], [c].[LogoFilePath], [c].[LogoFileSizeInBytes], [c].[LogoName], [c].[Name], [c].[SignFileExtension], [c].[SignFilePath], [c].[SignFileSizeInBytes], [c].[SignName]
FROM [CompanyInfos] AS [c]
2025-08-13 13:57:20.026 +05:30 [INF] Executing OkObjectResult, writing value of type 'AuthNet.Models.DTO.CompanyInfoResponseDto'.
2025-08-13 13:57:20.028 +05:30 [INF] Executed action AuthNet.Controllers.SettingsController.GetCompanyInfo (AuthNet) in 12.0649ms
2025-08-13 13:57:20.028 +05:30 [INF] Executed endpoint 'AuthNet.Controllers.SettingsController.GetCompanyInfo (AuthNet)'
2025-08-13 13:57:20.028 +05:30 [INF] Request finished HTTP/1.1 GET https://localhost:7165/api/Settings/Get - 200 null application/json; charset=utf-8 13.1725ms
2025-08-13 13:57:45.081 +05:30 [INF] Request starting HTTP/1.1 GET https://localhost:7165/api/Settings/Get - null null
2025-08-13 13:57:45.085 +05:30 [INF] Executing endpoint 'AuthNet.Controllers.SettingsController.GetCompanyInfo (AuthNet)'
2025-08-13 13:57:45.085 +05:30 [INF] Route matched with {action = "GetCompanyInfo", controller = "Settings"}. Executing controller action with signature System.Threading.Tasks.Task`1[Microsoft.AspNetCore.Mvc.IActionResult] GetCompanyInfo() on controller AuthNet.Controllers.SettingsController (AuthNet).
2025-08-13 13:57:45.094 +05:30 [INF] Executed DbCommand (8ms) [Parameters=[], CommandType='"Text"', CommandTimeout='30']
SELECT TOP(1) [c].[Id], [c].[Address], [c].[AlternateContactNumber], [c].[ContactNumber], [c].[Email], [c].[GSTIN], [c].[IsGSTINActive], [c].[LogoFileExtension], [c].[LogoFilePath], [c].[LogoFileSizeInBytes], [c].[LogoName], [c].[Name], [c].[SignFileExtension], [c].[SignFilePath], [c].[SignFileSizeInBytes], [c].[SignName]
FROM [CompanyInfos] AS [c]
2025-08-13 13:57:45.095 +05:30 [INF] Executing OkObjectResult, writing value of type 'AuthNet.Models.DTO.CompanyInfoResponseDto'.
2025-08-13 13:57:45.095 +05:30 [INF] Executed action AuthNet.Controllers.SettingsController.GetCompanyInfo (AuthNet) in 10.124ms
2025-08-13 13:57:45.095 +05:30 [INF] Executed endpoint 'AuthNet.Controllers.SettingsController.GetCompanyInfo (AuthNet)'
2025-08-13 13:57:45.095 +05:30 [INF] Request finished HTTP/1.1 GET https://localhost:7165/api/Settings/Get - 200 null application/json; charset=utf-8 14.5772ms
2025-08-13 14:00:09.378 +05:30 [INF] Request starting HTTP/2 GET https://localhost:7165/swagger/index.html - null null
2025-08-13 14:00:09.440 +05:30 [INF] Request finished HTTP/2 GET https://localhost:7165/swagger/index.html - 200 null text/html;charset=utf-8 61.7365ms
2025-08-13 14:00:09.531 +05:30 [INF] Request starting HTTP/1.1 GET https://localhost:7165/api/Settings/Get - null null
2025-08-13 14:00:09.532 +05:30 [INF] Executing endpoint 'AuthNet.Controllers.SettingsController.GetCompanyInfo (AuthNet)'
2025-08-13 14:00:09.538 +05:30 [INF] Route matched with {action = "GetCompanyInfo", controller = "Settings"}. Executing controller action with signature System.Threading.Tasks.Task`1[Microsoft.AspNetCore.Mvc.IActionResult] GetCompanyInfo() on controller AuthNet.Controllers.SettingsController (AuthNet).
2025-08-13 14:00:09.544 +05:30 [INF] Executed DbCommand (5ms) [Parameters=[], CommandType='"Text"', CommandTimeout='30']
SELECT TOP(1) [c].[Id], [c].[Address], [c].[AlternateContactNumber], [c].[ContactNumber], [c].[Email], [c].[GSTIN], [c].[IsGSTINActive], [c].[LogoFileExtension], [c].[LogoFilePath], [c].[LogoFileSizeInBytes], [c].[LogoName], [c].[Name], [c].[SignFileExtension], [c].[SignFilePath], [c].[SignFileSizeInBytes], [c].[SignName]
FROM [CompanyInfos] AS [c]
2025-08-13 14:00:09.545 +05:30 [INF] Executing OkObjectResult, writing value of type 'AuthNet.Models.DTO.CompanyInfoResponseDto'.
2025-08-13 14:00:09.549 +05:30 [INF] Executed action AuthNet.Controllers.SettingsController.GetCompanyInfo (AuthNet) in 10.8016ms
2025-08-13 14:00:09.549 +05:30 [INF] Executed endpoint 'AuthNet.Controllers.SettingsController.GetCompanyInfo (AuthNet)'
2025-08-13 14:00:09.549 +05:30 [INF] Request finished HTTP/1.1 GET https://localhost:7165/api/Settings/Get - 200 null application/json; charset=utf-8 18.7699ms
2025-08-13 14:00:09.599 +05:30 [INF] Request starting HTTP/2 GET https://localhost:7165/_vs/browserLink - null null
2025-08-13 14:00:09.628 +05:30 [INF] Request finished HTTP/2 GET https://localhost:7165/_vs/browserLink - 200 null text/javascript; charset=UTF-8 29.6257ms
2025-08-13 14:00:09.643 +05:30 [INF] Request starting HTTP/2 GET https://localhost:7165/_framework/aspnetcore-browser-refresh.js - null null
2025-08-13 14:00:09.645 +05:30 [INF] Request finished HTTP/2 GET https://localhost:7165/_framework/aspnetcore-browser-refresh.js - 200 16499 application/javascript; charset=utf-8 1.3177ms
2025-08-13 14:00:11.910 +05:30 [INF] Request starting HTTP/2 GET https://localhost:7165/swagger/v1/swagger.json - null null
2025-08-13 14:00:11.958 +05:30 [INF] Request finished HTTP/2 GET https://localhost:7165/swagger/v1/swagger.json - 200 null application/json;charset=utf-8 47.9242ms
2025-08-13 14:00:55.167 +05:30 [INF] Request starting HTTP/2 GET https://localhost:7165/swagger/index.html - null null
2025-08-13 14:00:55.175 +05:30 [INF] Request finished HTTP/2 GET https://localhost:7165/swagger/index.html - 200 null text/html;charset=utf-8 9.1508ms
2025-08-13 14:00:55.219 +05:30 [INF] Request starting HTTP/2 GET https://localhost:7165/_vs/browserLink - null null
2025-08-13 14:00:55.246 +05:30 [INF] Request finished HTTP/2 GET https://localhost:7165/_vs/browserLink - 200 null text/javascript; charset=UTF-8 27.1461ms
2025-08-13 14:00:55.327 +05:30 [INF] Request starting HTTP/2 GET https://localhost:7165/_framework/aspnetcore-browser-refresh.js - null null
2025-08-13 14:00:55.330 +05:30 [INF] Request finished HTTP/2 GET https://localhost:7165/_framework/aspnetcore-browser-refresh.js - 200 16499 application/javascript; charset=utf-8 2.5347ms
2025-08-13 14:00:55.342 +05:30 [INF] Request starting HTTP/1.1 GET https://localhost:7165/api/Settings/Get - null null
2025-08-13 14:00:55.343 +05:30 [INF] Executing endpoint 'AuthNet.Controllers.SettingsController.GetCompanyInfo (AuthNet)'
2025-08-13 14:00:55.348 +05:30 [INF] Route matched with {action = "GetCompanyInfo", controller = "Settings"}. Executing controller action with signature System.Threading.Tasks.Task`1[Microsoft.AspNetCore.Mvc.IActionResult] GetCompanyInfo() on controller AuthNet.Controllers.SettingsController (AuthNet).
2025-08-13 14:00:55.357 +05:30 [INF] Executed DbCommand (6ms) [Parameters=[], CommandType='"Text"', CommandTimeout='30']
SELECT TOP(1) [c].[Id], [c].[Address], [c].[AlternateContactNumber], [c].[ContactNumber], [c].[Email], [c].[GSTIN], [c].[IsGSTINActive], [c].[LogoFileExtension], [c].[LogoFilePath], [c].[LogoFileSizeInBytes], [c].[LogoName], [c].[Name], [c].[SignFileExtension], [c].[SignFilePath], [c].[SignFileSizeInBytes], [c].[SignName]
FROM [CompanyInfos] AS [c]
2025-08-13 14:00:55.358 +05:30 [INF] Executing OkObjectResult, writing value of type 'AuthNet.Models.DTO.CompanyInfoResponseDto'.
2025-08-13 14:00:55.360 +05:30 [INF] Executed action AuthNet.Controllers.SettingsController.GetCompanyInfo (AuthNet) in 12.1165ms
2025-08-13 14:00:55.360 +05:30 [INF] Executed endpoint 'AuthNet.Controllers.SettingsController.GetCompanyInfo (AuthNet)'
2025-08-13 14:00:55.361 +05:30 [INF] Request finished HTTP/1.1 GET https://localhost:7165/api/Settings/Get - 200 null application/json; charset=utf-8 18.553ms
2025-08-13 14:00:56.743 +05:30 [INF] Request starting HTTP/2 GET https://localhost:7165/swagger/v1/swagger.json - null null
2025-08-13 14:00:56.795 +05:30 [INF] Request finished HTTP/2 GET https://localhost:7165/swagger/v1/swagger.json - 200 null application/json;charset=utf-8 52.7009ms
2025-08-13 14:01:12.002 +05:30 [INF] Request starting HTTP/2 GET https://localhost:7165/swagger/index.html - null null
2025-08-13 14:01:12.007 +05:30 [INF] Request finished HTTP/2 GET https://localhost:7165/swagger/index.html - 200 null text/html;charset=utf-8 5.9675ms
2025-08-13 14:01:12.206 +05:30 [INF] Request starting HTTP/1.1 GET https://localhost:7165/api/Settings/Get - null null
2025-08-13 14:01:12.207 +05:30 [INF] Executing endpoint 'AuthNet.Controllers.SettingsController.GetCompanyInfo (AuthNet)'
2025-08-13 14:01:12.212 +05:30 [INF] Route matched with {action = "GetCompanyInfo", controller = "Settings"}. Executing controller action with signature System.Threading.Tasks.Task`1[Microsoft.AspNetCore.Mvc.IActionResult] GetCompanyInfo() on controller AuthNet.Controllers.SettingsController (AuthNet).
2025-08-13 14:01:12.240 +05:30 [INF] Executed DbCommand (27ms) [Parameters=[], CommandType='"Text"', CommandTimeout='30']
SELECT TOP(1) [c].[Id], [c].[Address], [c].[AlternateContactNumber], [c].[ContactNumber], [c].[Email], [c].[GSTIN], [c].[IsGSTINActive], [c].[LogoFileExtension], [c].[LogoFilePath], [c].[LogoFileSizeInBytes], [c].[LogoName], [c].[Name], [c].[SignFileExtension], [c].[SignFilePath], [c].[SignFileSizeInBytes], [c].[SignName]
FROM [CompanyInfos] AS [c]
2025-08-13 14:01:12.240 +05:30 [INF] Executing OkObjectResult, writing value of type 'AuthNet.Models.DTO.CompanyInfoResponseDto'.
2025-08-13 14:01:12.243 +05:30 [INF] Executed action AuthNet.Controllers.SettingsController.GetCompanyInfo (AuthNet) in 30.8806ms
2025-08-13 14:01:12.243 +05:30 [INF] Executed endpoint 'AuthNet.Controllers.SettingsController.GetCompanyInfo (AuthNet)'
2025-08-13 14:01:12.243 +05:30 [INF] Request finished HTTP/1.1 GET https://localhost:7165/api/Settings/Get - 200 null application/json; charset=utf-8 37.2329ms
2025-08-13 14:01:12.307 +05:30 [INF] Request starting HTTP/2 GET https://localhost:7165/_vs/browserLink - null null
2025-08-13 14:01:12.327 +05:30 [INF] Request finished HTTP/2 GET https://localhost:7165/_vs/browserLink - 200 null text/javascript; charset=UTF-8 19.8842ms
2025-08-13 14:01:12.337 +05:30 [INF] Request starting HTTP/2 GET https://localhost:7165/_framework/aspnetcore-browser-refresh.js - null null
2025-08-13 14:01:12.338 +05:30 [INF] Request finished HTTP/2 GET https://localhost:7165/_framework/aspnetcore-browser-refresh.js - 200 16499 application/javascript; charset=utf-8 1.5354ms
2025-08-13 14:01:13.561 +05:30 [INF] Request starting HTTP/2 GET https://localhost:7165/swagger/v1/swagger.json - null null
2025-08-13 14:01:13.615 +05:30 [INF] Request finished HTTP/2 GET https://localhost:7165/swagger/v1/swagger.json - 200 null application/json;charset=utf-8 54.1664ms
2025-08-13 14:01:22.811 +05:30 [INF] Request starting HTTP/1.1 PUT https://localhost:7165/api/Settings/Update - multipart/form-data; boundary="fc9dddfd-559b-437c-9258-01ed8f0dddaa" 1041
2025-08-13 14:01:22.820 +05:30 [INF] Executing endpoint 'AuthNet.Controllers.SettingsController.Update (AuthNet)'
2025-08-13 14:01:22.835 +05:30 [INF] Route matched with {action = "Update", controller = "Settings"}. Executing controller action with signature System.Threading.Tasks.Task`1[Microsoft.AspNetCore.Mvc.IActionResult] Update(AuthNet.Models.DTO.CompanyInfoDto) on controller AuthNet.Controllers.SettingsController (AuthNet).
2025-08-13 14:01:22.847 +05:30 [INF] Executed DbCommand (6ms) [Parameters=[], CommandType='"Text"', CommandTimeout='30']
SELECT TOP(1) [c].[Id], [c].[Address], [c].[AlternateContactNumber], [c].[ContactNumber], [c].[Email], [c].[GSTIN], [c].[IsGSTINActive], [c].[LogoFileExtension], [c].[LogoFilePath], [c].[LogoFileSizeInBytes], [c].[LogoName], [c].[Name], [c].[SignFileExtension], [c].[SignFilePath], [c].[SignFileSizeInBytes], [c].[SignName]
FROM [CompanyInfos] AS [c]
2025-08-13 14:01:22.863 +05:30 [INF] Executed DbCommand (5ms) [Parameters=[@p0='?' (Size = 4000), @p1='?' (Size = 4000), @p2='?' (DbType = DateTime2), @p3='?' (Size = 4000), @p4='?' (Size = 4000), @p5='?' (Size = 4000), @p6='?' (Size = 4000)], CommandType='"Text"', CommandTimeout='30']
SET IMPLICIT_TRANSACTIONS OFF;
SET NOCOUNT ON;
INSERT INTO [CompanyInfoHistories] ([Address], [AlternateContactNumber], [ArchivedAt], [ContactNumber], [Email], [GSTIN], [Name])
OUTPUT INSERTED.[Id]
VALUES (@p0, @p1, @p2, @p3, @p4, @p5, @p6);
2025-08-13 14:01:22.863 +05:30 [INF] Executing OkObjectResult, writing value of type 'AuthNet.Models.DTO.OperationResponse'.
2025-08-13 14:01:22.868 +05:30 [INF] Executed action AuthNet.Controllers.SettingsController.Update (AuthNet) in 32.1219ms
2025-08-13 14:01:22.868 +05:30 [INF] Executed endpoint 'AuthNet.Controllers.SettingsController.Update (AuthNet)'
2025-08-13 14:01:22.868 +05:30 [INF] Request finished HTTP/1.1 PUT https://localhost:7165/api/Settings/Update - 200 null application/json; charset=utf-8 57.6448ms
2025-08-13 14:01:22.896 +05:30 [INF] Request starting HTTP/1.1 GET https://localhost:7165/api/Settings/Get - null null
2025-08-13 14:01:22.896 +05:30 [INF] Executing endpoint 'AuthNet.Controllers.SettingsController.GetCompanyInfo (AuthNet)'
2025-08-13 14:01:22.897 +05:30 [INF] Route matched with {action = "GetCompanyInfo", controller = "Settings"}. Executing controller action with signature System.Threading.Tasks.Task`1[Microsoft.AspNetCore.Mvc.IActionResult] GetCompanyInfo() on controller AuthNet.Controllers.SettingsController (AuthNet).
2025-08-13 14:01:22.908 +05:30 [INF] Executed DbCommand (9ms) [Parameters=[], CommandType='"Text"', CommandTimeout='30']
SELECT TOP(1) [c].[Id], [c].[Address], [c].[AlternateContactNumber], [c].[ContactNumber], [c].[Email], [c].[GSTIN], [c].[IsGSTINActive], [c].[LogoFileExtension], [c].[LogoFilePath], [c].[LogoFileSizeInBytes], [c].[LogoName], [c].[Name], [c].[SignFileExtension], [c].[SignFilePath], [c].[SignFileSizeInBytes], [c].[SignName]
FROM [CompanyInfos] AS [c]
2025-08-13 14:01:22.909 +05:30 [INF] Executing OkObjectResult, writing value of type 'AuthNet.Models.DTO.CompanyInfoResponseDto'.
2025-08-13 14:01:22.909 +05:30 [INF] Executed action AuthNet.Controllers.SettingsController.GetCompanyInfo (AuthNet) in 12.4992ms
2025-08-13 14:01:22.909 +05:30 [INF] Executed endpoint 'AuthNet.Controllers.SettingsController.GetCompanyInfo (AuthNet)'
2025-08-13 14:01:22.910 +05:30 [INF] Request finished HTTP/1.1 GET https://localhost:7165/api/Settings/Get - 200 null application/json; charset=utf-8 13.5266ms
2025-08-13 14:01:27.334 +05:30 [INF] Request starting HTTP/1.1 GET https://localhost:7165/api/Settings/Get - null null
2025-08-13 14:01:27.335 +05:30 [INF] Executing endpoint 'AuthNet.Controllers.SettingsController.GetCompanyInfo (AuthNet)'
2025-08-13 14:01:27.335 +05:30 [INF] Route matched with {action = "GetCompanyInfo", controller = "Settings"}. Executing controller action with signature System.Threading.Tasks.Task`1[Microsoft.AspNetCore.Mvc.IActionResult] GetCompanyInfo() on controller AuthNet.Controllers.SettingsController (AuthNet).
2025-08-13 14:01:27.345 +05:30 [INF] Executed DbCommand (8ms) [Parameters=[], CommandType='"Text"', CommandTimeout='30']
SELECT TOP(1) [c].[Id], [c].[Address], [c].[AlternateContactNumber], [c].[ContactNumber], [c].[Email], [c].[GSTIN], [c].[IsGSTINActive], [c].[LogoFileExtension], [c].[LogoFilePath], [c].[LogoFileSizeInBytes], [c].[LogoName], [c].[Name], [c].[SignFileExtension], [c].[SignFilePath], [c].[SignFileSizeInBytes], [c].[SignName]
FROM [CompanyInfos] AS [c]
2025-08-13 14:01:27.345 +05:30 [INF] Executing OkObjectResult, writing value of type 'AuthNet.Models.DTO.CompanyInfoResponseDto'.
2025-08-13 14:01:27.345 +05:30 [INF] Executed action AuthNet.Controllers.SettingsController.GetCompanyInfo (AuthNet) in 10.1342ms
2025-08-13 14:01:27.345 +05:30 [INF] Executed endpoint 'AuthNet.Controllers.SettingsController.GetCompanyInfo (AuthNet)'
2025-08-13 14:01:27.346 +05:30 [INF] Request finished HTTP/1.1 GET https://localhost:7165/api/Settings/Get - 200 null application/json; charset=utf-8 11.4026ms
2025-08-13 14:04:07.320 +05:30 [INF] Request starting HTTP/2 GET https://localhost:7165/swagger/index.html - null null
2025-08-13 14:04:07.330 +05:30 [INF] Request finished HTTP/2 GET https://localhost:7165/swagger/index.html - 200 null text/html;charset=utf-8 10.9944ms
2025-08-13 14:04:07.410 +05:30 [INF] Request starting HTTP/2 GET https://localhost:7165/_vs/browserLink - null null
2025-08-13 14:04:07.411 +05:30 [INF] Request starting HTTP/2 GET https://localhost:7165/_framework/aspnetcore-browser-refresh.js - null null
2025-08-13 14:04:07.412 +05:30 [INF] Request finished HTTP/2 GET https://localhost:7165/_framework/aspnetcore-browser-refresh.js - 200 16499 application/javascript; charset=utf-8 0.9324ms
2025-08-13 14:04:07.602 +05:30 [INF] Request starting HTTP/1.1 GET https://localhost:7165/api/Settings/Get - null null
2025-08-13 14:04:07.603 +05:30 [INF] Executing endpoint 'AuthNet.Controllers.SettingsController.GetCompanyInfo (AuthNet)'
2025-08-13 14:04:07.603 +05:30 [INF] Request finished HTTP/2 GET https://localhost:7165/_vs/browserLink - 200 null text/javascript; charset=UTF-8 194.1903ms
2025-08-13 14:04:07.610 +05:30 [INF] Route matched with {action = "GetCompanyInfo", controller = "Settings"}. Executing controller action with signature System.Threading.Tasks.Task`1[Microsoft.AspNetCore.Mvc.IActionResult] GetCompanyInfo() on controller AuthNet.Controllers.SettingsController (AuthNet).
2025-08-13 14:04:07.632 +05:30 [INF] Executed DbCommand (21ms) [Parameters=[], CommandType='"Text"', CommandTimeout='30']
SELECT TOP(1) [c].[Id], [c].[Address], [c].[AlternateContactNumber], [c].[ContactNumber], [c].[Email], [c].[GSTIN], [c].[IsGSTINActive], [c].[LogoFileExtension], [c].[LogoFilePath], [c].[LogoFileSizeInBytes], [c].[LogoName], [c].[Name], [c].[SignFileExtension], [c].[SignFilePath], [c].[SignFileSizeInBytes], [c].[SignName]
FROM [CompanyInfos] AS [c]
2025-08-13 14:04:07.633 +05:30 [INF] Executing OkObjectResult, writing value of type 'AuthNet.Models.DTO.CompanyInfoResponseDto'.
2025-08-13 14:04:07.637 +05:30 [INF] Executed action AuthNet.Controllers.SettingsController.GetCompanyInfo (AuthNet) in 27.416ms
2025-08-13 14:04:07.638 +05:30 [INF] Executed endpoint 'AuthNet.Controllers.SettingsController.GetCompanyInfo (AuthNet)'
2025-08-13 14:04:07.638 +05:30 [INF] Request finished HTTP/1.1 GET https://localhost:7165/api/Settings/Get - 200 null application/json; charset=utf-8 39.3758ms
2025-08-13 14:04:08.726 +05:30 [INF] Request starting HTTP/2 GET https://localhost:7165/swagger/v1/swagger.json - null null
2025-08-13 14:04:08.772 +05:30 [INF] Request finished HTTP/2 GET https://localhost:7165/swagger/v1/swagger.json - 200 null application/json;charset=utf-8 46.0636ms
2025-08-13 14:04:54.802 +05:30 [INF] Request starting HTTP/2 GET https://localhost:7165/swagger/index.html - null null
2025-08-13 14:04:54.809 +05:30 [INF] Request finished HTTP/2 GET https://localhost:7165/swagger/index.html - 200 null text/html;charset=utf-8 6.1371ms
2025-08-13 14:04:54.864 +05:30 [INF] Request starting HTTP/2 GET https://localhost:7165/_vs/browserLink - null null
2025-08-13 14:04:54.882 +05:30 [INF] Request finished HTTP/2 GET https://localhost:7165/_vs/browserLink - 200 null text/javascript; charset=UTF-8 18.9031ms
2025-08-13 14:04:54.899 +05:30 [INF] Request starting HTTP/2 GET https://localhost:7165/_framework/aspnetcore-browser-refresh.js - null null
2025-08-13 14:04:54.901 +05:30 [INF] Request finished HTTP/2 GET https://localhost:7165/_framework/aspnetcore-browser-refresh.js - 200 16499 application/javascript; charset=utf-8 1.7814ms
2025-08-13 14:04:55.082 +05:30 [INF] Request starting HTTP/1.1 GET https://localhost:7165/api/Settings/Get - null null
2025-08-13 14:04:55.083 +05:30 [INF] Executing endpoint 'AuthNet.Controllers.SettingsController.GetCompanyInfo (AuthNet)'
2025-08-13 14:04:55.091 +05:30 [INF] Route matched with {action = "GetCompanyInfo", controller = "Settings"}. Executing controller action with signature System.Threading.Tasks.Task`1[Microsoft.AspNetCore.Mvc.IActionResult] GetCompanyInfo() on controller AuthNet.Controllers.SettingsController (AuthNet).
2025-08-13 14:04:55.134 +05:30 [INF] Executed DbCommand (42ms) [Parameters=[], CommandType='"Text"', CommandTimeout='30']
SELECT TOP(1) [c].[Id], [c].[Address], [c].[AlternateContactNumber], [c].[ContactNumber], [c].[Email], [c].[GSTIN], [c].[IsGSTINActive], [c].[LogoFileExtension], [c].[LogoFilePath], [c].[LogoFileSizeInBytes], [c].[LogoName], [c].[Name], [c].[SignFileExtension], [c].[SignFilePath], [c].[SignFileSizeInBytes], [c].[SignName]
FROM [CompanyInfos] AS [c]
2025-08-13 14:04:55.135 +05:30 [INF] Executing OkObjectResult, writing value of type 'AuthNet.Models.DTO.CompanyInfoResponseDto'.
2025-08-13 14:04:55.142 +05:30 [INF] Executed action AuthNet.Controllers.SettingsController.GetCompanyInfo (AuthNet) in 51.5566ms
2025-08-13 14:04:55.142 +05:30 [INF] Executed endpoint 'AuthNet.Controllers.SettingsController.GetCompanyInfo (AuthNet)'
2025-08-13 14:04:55.143 +05:30 [INF] Request finished HTTP/1.1 GET https://localhost:7165/api/Settings/Get - 200 null application/json; charset=utf-8 60.6616ms
2025-08-13 14:04:56.100 +05:30 [INF] Request starting HTTP/2 GET https://localhost:7165/swagger/v1/swagger.json - null null
2025-08-13 14:04:56.163 +05:30 [INF] Request finished HTTP/2 GET https://localhost:7165/swagger/v1/swagger.json - 200 null application/json;charset=utf-8 62.4737ms
2025-08-13 14:07:25.616 +05:30 [INF] Request starting HTTP/2 GET https://localhost:7165/swagger/index.html - null null
2025-08-13 14:07:25.635 +05:30 [INF] Request finished HTTP/2 GET https://localhost:7165/swagger/index.html - 200 null text/html;charset=utf-8 18.7144ms
2025-08-13 14:07:25.789 +05:30 [INF] Request starting HTTP/2 GET https://localhost:7165/_vs/browserLink - null null
2025-08-13 14:07:25.812 +05:30 [INF] Request finished HTTP/2 GET https://localhost:7165/_vs/browserLink - 200 null text/javascript; charset=UTF-8 23.9807ms
2025-08-13 14:07:25.824 +05:30 [INF] Request starting HTTP/1.1 GET https://localhost:7165/api/Settings/Get - null null
2025-08-13 14:07:25.825 +05:30 [INF] Executing endpoint 'AuthNet.Controllers.SettingsController.GetCompanyInfo (AuthNet)'
2025-08-13 14:07:25.830 +05:30 [INF] Route matched with {action = "GetCompanyInfo", controller = "Settings"}. Executing controller action with signature System.Threading.Tasks.Task`1[Microsoft.AspNetCore.Mvc.IActionResult] GetCompanyInfo() on controller AuthNet.Controllers.SettingsController (AuthNet).
2025-08-13 14:07:25.842 +05:30 [INF] Request starting HTTP/2 GET https://localhost:7165/_framework/aspnetcore-browser-refresh.js - null null
2025-08-13 14:07:25.843 +05:30 [INF] Request finished HTTP/2 GET https://localhost:7165/_framework/aspnetcore-browser-refresh.js - 200 16499 application/javascript; charset=utf-8 1.5155ms
2025-08-13 14:07:25.991 +05:30 [INF] Executed DbCommand (158ms) [Parameters=[], CommandType='"Text"', CommandTimeout='30']
SELECT TOP(1) [c].[Id], [c].[Address], [c].[AlternateContactNumber], [c].[ContactNumber], [c].[Email], [c].[GSTIN], [c].[IsGSTINActive], [c].[LogoFileExtension], [c].[LogoFilePath], [c].[LogoFileSizeInBytes], [c].[LogoName], [c].[Name], [c].[SignFileExtension], [c].[SignFilePath], [c].[SignFileSizeInBytes], [c].[SignName]
FROM [CompanyInfos] AS [c]
2025-08-13 14:07:25.991 +05:30 [INF] Executing OkObjectResult, writing value of type 'AuthNet.Models.DTO.CompanyInfoResponseDto'.
2025-08-13 14:07:25.995 +05:30 [INF] Executed action AuthNet.Controllers.SettingsController.GetCompanyInfo (AuthNet) in 165.1144ms
2025-08-13 14:07:25.995 +05:30 [INF] Executed endpoint 'AuthNet.Controllers.SettingsController.GetCompanyInfo (AuthNet)'
2025-08-13 14:07:25.996 +05:30 [INF] Request finished HTTP/1.1 GET https://localhost:7165/api/Settings/Get - 200 null application/json; charset=utf-8 172.0992ms
2025-08-13 14:07:26.915 +05:30 [INF] Request starting HTTP/2 GET https://localhost:7165/swagger/v1/swagger.json - null null
2025-08-13 14:07:26.986 +05:30 [INF] Request finished HTTP/2 GET https://localhost:7165/swagger/v1/swagger.json - 200 null application/json;charset=utf-8 71.2382ms
2025-08-13 14:08:28.291 +05:30 [INF] Request starting HTTP/1.1 GET https://localhost:7165/api/Settings/Get - null null
2025-08-13 14:08:28.293 +05:30 [INF] Executing endpoint 'AuthNet.Controllers.SettingsController.GetCompanyInfo (AuthNet)'
2025-08-13 14:08:28.299 +05:30 [INF] Route matched with {action = "GetCompanyInfo", controller = "Settings"}. Executing controller action with signature System.Threading.Tasks.Task`1[Microsoft.AspNetCore.Mvc.IActionResult] GetCompanyInfo() on controller AuthNet.Controllers.SettingsController (AuthNet).
2025-08-13 14:08:28.363 +05:30 [INF] Request starting HTTP/2 GET https://localhost:7165/swagger/index.html - null null
2025-08-13 14:08:28.526 +05:30 [INF] Executed DbCommand (225ms) [Parameters=[], CommandType='"Text"', CommandTimeout='30']
SELECT TOP(1) [c].[Id], [c].[Address], [c].[AlternateContactNumber], [c].[ContactNumber], [c].[Email], [c].[GSTIN], [c].[IsGSTINActive], [c].[LogoFileExtension], [c].[LogoFilePath], [c].[LogoFileSizeInBytes], [c].[LogoName], [c].[Name], [c].[SignFileExtension], [c].[SignFilePath], [c].[SignFileSizeInBytes], [c].[SignName]
FROM [CompanyInfos] AS [c]
2025-08-13 14:08:28.526 +05:30 [INF] Request finished HTTP/2 GET https://localhost:7165/swagger/index.html - 200 null text/html;charset=utf-8 163.055ms
2025-08-13 14:08:28.527 +05:30 [INF] Executing OkObjectResult, writing value of type 'AuthNet.Models.DTO.CompanyInfoResponseDto'.
2025-08-13 14:08:28.532 +05:30 [INF] Executed action AuthNet.Controllers.SettingsController.GetCompanyInfo (AuthNet) in 233.1619ms
2025-08-13 14:08:28.532 +05:30 [INF] Executed endpoint 'AuthNet.Controllers.SettingsController.GetCompanyInfo (AuthNet)'
2025-08-13 14:08:28.533 +05:30 [INF] Request finished HTTP/1.1 GET https://localhost:7165/api/Settings/Get - 200 null application/json; charset=utf-8 241.5687ms
2025-08-13 14:08:29.103 +05:30 [INF] Request starting HTTP/2 GET https://localhost:7165/_vs/browserLink - null null
2025-08-13 14:08:29.202 +05:30 [INF] Request finished HTTP/2 GET https://localhost:7165/_vs/browserLink - 200 null text/javascript; charset=UTF-8 99.1093ms
2025-08-13 14:08:29.270 +05:30 [INF] Request starting HTTP/2 GET https://localhost:7165/_framework/aspnetcore-browser-refresh.js - null null
2025-08-13 14:08:29.271 +05:30 [INF] Request finished HTTP/2 GET https://localhost:7165/_framework/aspnetcore-browser-refresh.js - 200 16499 application/javascript; charset=utf-8 1.4384ms
2025-08-13 14:08:29.560 +05:30 [INF] Request starting HTTP/2 GET https://localhost:7165/swagger/v1/swagger.json - null null
2025-08-13 14:08:29.610 +05:30 [INF] Request finished HTTP/2 GET https://localhost:7165/swagger/v1/swagger.json - 200 null application/json;charset=utf-8 50.0501ms
2025-08-13 14:08:50.869 +05:30 [INF] Request starting HTTP/2 GET https://localhost:7165/swagger/index.html - null null
2025-08-13 14:08:50.899 +05:30 [INF] Request finished HTTP/2 GET https://localhost:7165/swagger/index.html - 200 null text/html;charset=utf-8 29.5343ms
2025-08-13 14:08:50.999 +05:30 [INF] Request starting HTTP/1.1 GET https://localhost:7165/api/Settings/Get - null null
2025-08-13 14:08:51.000 +05:30 [INF] Executing endpoint 'AuthNet.Controllers.SettingsController.GetCompanyInfo (AuthNet)'
2025-08-13 14:08:51.010 +05:30 [INF] Route matched with {action = "GetCompanyInfo", controller = "Settings"}. Executing controller action with signature System.Threading.Tasks.Task`1[Microsoft.AspNetCore.Mvc.IActionResult] GetCompanyInfo() on controller AuthNet.Controllers.SettingsController (AuthNet).
2025-08-13 14:08:51.021 +05:30 [INF] Executed DbCommand (7ms) [Parameters=[], CommandType='"Text"', CommandTimeout='30']
SELECT TOP(1) [c].[Id], [c].[Address], [c].[AlternateContactNumber], [c].[ContactNumber], [c].[Email], [c].[GSTIN], [c].[IsGSTINActive], [c].[LogoFileExtension], [c].[LogoFilePath], [c].[LogoFileSizeInBytes], [c].[LogoName], [c].[Name], [c].[SignFileExtension], [c].[SignFilePath], [c].[SignFileSizeInBytes], [c].[SignName]
FROM [CompanyInfos] AS [c]
2025-08-13 14:08:51.021 +05:30 [INF] Executing OkObjectResult, writing value of type 'AuthNet.Models.DTO.CompanyInfoResponseDto'.
2025-08-13 14:08:51.024 +05:30 [INF] Executed action AuthNet.Controllers.SettingsController.GetCompanyInfo (AuthNet) in 14.6272ms
2025-08-13 14:08:51.025 +05:30 [INF] Executed endpoint 'AuthNet.Controllers.SettingsController.GetCompanyInfo (AuthNet)'
2025-08-13 14:08:51.025 +05:30 [INF] Request finished HTTP/1.1 GET https://localhost:7165/api/Settings/Get - 200 null application/json; charset=utf-8 25.9748ms
2025-08-13 14:08:53.032 +05:30 [INF] Request starting HTTP/2 GET https://localhost:7165/_vs/browserLink - null null
2025-08-13 14:08:53.115 +05:30 [INF] Request finished HTTP/2 GET https://localhost:7165/_vs/browserLink - 200 null text/javascript; charset=UTF-8 83.0525ms
2025-08-13 14:08:53.139 +05:30 [INF] Request starting HTTP/2 GET https://localhost:7165/_framework/aspnetcore-browser-refresh.js - null null
2025-08-13 14:08:53.140 +05:30 [INF] Request finished HTTP/2 GET https://localhost:7165/_framework/aspnetcore-browser-refresh.js - 200 16499 application/javascript; charset=utf-8 2.4387ms
2025-08-13 14:08:53.808 +05:30 [INF] Request starting HTTP/2 GET https://localhost:7165/swagger/v1/swagger.json - null null
2025-08-13 14:08:53.887 +05:30 [INF] Request finished HTTP/2 GET https://localhost:7165/swagger/v1/swagger.json - 200 null application/json;charset=utf-8 79.0792ms
2025-08-13 14:11:18.031 +05:30 [INF] Request starting HTTP/1.1 PUT https://localhost:7165/api/Settings/Update - multipart/form-data; boundary="1fd16979-ccd8-4b29-b87e-912b1c32eca3" 1041
2025-08-13 14:11:18.046 +05:30 [INF] Executing endpoint 'AuthNet.Controllers.SettingsController.Update (AuthNet)'
2025-08-13 14:11:18.057 +05:30 [INF] Route matched with {action = "Update", controller = "Settings"}. Executing controller action with signature System.Threading.Tasks.Task`1[Microsoft.AspNetCore.Mvc.IActionResult] Update(AuthNet.Models.DTO.CompanyInfoDto) on controller AuthNet.Controllers.SettingsController (AuthNet).
2025-08-13 14:11:18.750 +05:30 [INF] Executed DbCommand (670ms) [Parameters=[], CommandType='"Text"', CommandTimeout='30']
SELECT TOP(1) [c].[Id], [c].[Address], [c].[AlternateContactNumber], [c].[ContactNumber], [c].[Email], [c].[GSTIN], [c].[IsGSTINActive], [c].[LogoFileExtension], [c].[LogoFilePath], [c].[LogoFileSizeInBytes], [c].[LogoName], [c].[Name], [c].[SignFileExtension], [c].[SignFilePath], [c].[SignFileSizeInBytes], [c].[SignName]
FROM [CompanyInfos] AS [c]
2025-08-13 14:11:18.776 +05:30 [INF] Executed DbCommand (25ms) [Parameters=[@p0='?' (Size = 4000), @p1='?' (Size = 4000), @p2='?' (DbType = DateTime2), @p3='?' (Size = 4000), @p4='?' (Size = 4000), @p5='?' (Size = 4000), @p6='?' (Size = 4000)], CommandType='"Text"', CommandTimeout='30']
SET IMPLICIT_TRANSACTIONS OFF;
SET NOCOUNT ON;
INSERT INTO [CompanyInfoHistories] ([Address], [AlternateContactNumber], [ArchivedAt], [ContactNumber], [Email], [GSTIN], [Name])
OUTPUT INSERTED.[Id]
VALUES (@p0, @p1, @p2, @p3, @p4, @p5, @p6);
2025-08-13 14:11:18.777 +05:30 [INF] Executing OkObjectResult, writing value of type 'AuthNet.Models.DTO.OperationResponse'.
2025-08-13 14:11:18.780 +05:30 [INF] Executed action AuthNet.Controllers.SettingsController.Update (AuthNet) in 722.757ms
2025-08-13 14:11:18.780 +05:30 [INF] Executed endpoint 'AuthNet.Controllers.SettingsController.Update (AuthNet)'
2025-08-13 14:11:18.780 +05:30 [INF] Request finished HTTP/1.1 PUT https://localhost:7165/api/Settings/Update - 200 null application/json; charset=utf-8 749.0415ms
2025-08-13 14:11:18.998 +05:30 [INF] Request starting HTTP/1.1 GET https://localhost:7165/api/Settings/Get - null null
2025-08-13 14:11:18.998 +05:30 [INF] Executing endpoint 'AuthNet.Controllers.SettingsController.GetCompanyInfo (AuthNet)'
2025-08-13 14:11:18.998 +05:30 [INF] Route matched with {action = "GetCompanyInfo", controller = "Settings"}. Executing controller action with signature System.Threading.Tasks.Task`1[Microsoft.AspNetCore.Mvc.IActionResult] GetCompanyInfo() on controller AuthNet.Controllers.SettingsController (AuthNet).
2025-08-13 14:11:19.080 +05:30 [INF] Executed DbCommand (80ms) [Parameters=[], CommandType='"Text"', CommandTimeout='30']
SELECT TOP(1) [c].[Id], [c].[Address], [c].[AlternateContactNumber], [c].[ContactNumber], [c].[Email], [c].[GSTIN], [c].[IsGSTINActive], [c].[LogoFileExtension], [c].[LogoFilePath], [c].[LogoFileSizeInBytes], [c].[LogoName], [c].[Name], [c].[SignFileExtension], [c].[SignFilePath], [c].[SignFileSizeInBytes], [c].[SignName]
FROM [CompanyInfos] AS [c]
2025-08-13 14:11:19.081 +05:30 [INF] Executing OkObjectResult, writing value of type 'AuthNet.Models.DTO.CompanyInfoResponseDto'.
2025-08-13 14:11:19.081 +05:30 [INF] Executed action AuthNet.Controllers.SettingsController.GetCompanyInfo (AuthNet) in 82.4935ms
2025-08-13 14:11:19.081 +05:30 [INF] Executed endpoint 'AuthNet.Controllers.SettingsController.GetCompanyInfo (AuthNet)'
2025-08-13 14:11:19.081 +05:30 [INF] Request finished HTTP/1.1 GET https://localhost:7165/api/Settings/Get - 200 null application/json; charset=utf-8 83.1014ms
2025-08-13 14:11:24.109 +05:30 [INF] Request starting HTTP/1.1 GET https://localhost:7165/api/Settings/Get - null null
2025-08-13 14:11:24.110 +05:30 [INF] Executing endpoint 'AuthNet.Controllers.SettingsController.GetCompanyInfo (AuthNet)'
2025-08-13 14:11:24.110 +05:30 [INF] Route matched with {action = "GetCompanyInfo", controller = "Settings"}. Executing controller action with signature System.Threading.Tasks.Task`1[Microsoft.AspNetCore.Mvc.IActionResult] GetCompanyInfo() on controller AuthNet.Controllers.SettingsController (AuthNet).
2025-08-13 14:11:24.125 +05:30 [INF] Executed DbCommand (14ms) [Parameters=[], CommandType='"Text"', CommandTimeout='30']
SELECT TOP(1) [c].[Id], [c].[Address], [c].[AlternateContactNumber], [c].[ContactNumber], [c].[Email], [c].[GSTIN], [c].[IsGSTINActive], [c].[LogoFileExtension], [c].[LogoFilePath], [c].[LogoFileSizeInBytes], [c].[LogoName], [c].[Name], [c].[SignFileExtension], [c].[SignFilePath], [c].[SignFileSizeInBytes], [c].[SignName]
FROM [CompanyInfos] AS [c]
2025-08-13 14:11:24.126 +05:30 [INF] Executing OkObjectResult, writing value of type 'AuthNet.Models.DTO.CompanyInfoResponseDto'.
2025-08-13 14:11:24.126 +05:30 [INF] Executed action AuthNet.Controllers.SettingsController.GetCompanyInfo (AuthNet) in 16.1546ms
2025-08-13 14:11:24.126 +05:30 [INF] Executed endpoint 'AuthNet.Controllers.SettingsController.GetCompanyInfo (AuthNet)'
2025-08-13 14:11:24.126 +05:30 [INF] Request finished HTTP/1.1 GET https://localhost:7165/api/Settings/Get - 200 null application/json; charset=utf-8 17.1068ms
2025-08-13 14:16:25.946 +05:30 [INF] Request starting HTTP/1.1 GET https://localhost:7165/api/Settings/Get - null null
2025-08-13 14:16:25.946 +05:30 [INF] Executing endpoint 'AuthNet.Controllers.SettingsController.GetCompanyInfo (AuthNet)'
2025-08-13 14:16:25.947 +05:30 [INF] Route matched with {action = "GetCompanyInfo", controller = "Settings"}. Executing controller action with signature System.Threading.Tasks.Task`1[Microsoft.AspNetCore.Mvc.IActionResult] GetCompanyInfo() on controller AuthNet.Controllers.SettingsController (AuthNet).
2025-08-13 14:16:25.962 +05:30 [INF] Executed DbCommand (14ms) [Parameters=[], CommandType='"Text"', CommandTimeout='30']
SELECT TOP(1) [c].[Id], [c].[Address], [c].[AlternateContactNumber], [c].[ContactNumber], [c].[Email], [c].[GSTIN], [c].[IsGSTINActive], [c].[LogoFileExtension], [c].[LogoFilePath], [c].[LogoFileSizeInBytes], [c].[LogoName], [c].[Name], [c].[SignFileExtension], [c].[SignFilePath], [c].[SignFileSizeInBytes], [c].[SignName]
FROM [CompanyInfos] AS [c]
2025-08-13 14:16:25.963 +05:30 [INF] Executing OkObjectResult, writing value of type 'AuthNet.Models.DTO.CompanyInfoResponseDto'.
2025-08-13 14:16:25.963 +05:30 [INF] Executed action AuthNet.Controllers.SettingsController.GetCompanyInfo (AuthNet) in 16.608ms
2025-08-13 14:16:25.963 +05:30 [INF] Executed endpoint 'AuthNet.Controllers.SettingsController.GetCompanyInfo (AuthNet)'
2025-08-13 14:16:25.964 +05:30 [INF] Request finished HTTP/1.1 GET https://localhost:7165/api/Settings/Get - 200 null application/json; charset=utf-8 17.7111ms
2025-08-13 14:16:27.169 +05:30 [INF] Request starting HTTP/1.1 GET https://localhost:7165/api/Settings/Get - null null
2025-08-13 14:16:27.169 +05:30 [INF] Executing endpoint 'AuthNet.Controllers.SettingsController.GetCompanyInfo (AuthNet)'
2025-08-13 14:16:27.169 +05:30 [INF] Route matched with {action = "GetCompanyInfo", controller = "Settings"}. Executing controller action with signature System.Threading.Tasks.Task`1[Microsoft.AspNetCore.Mvc.IActionResult] GetCompanyInfo() on controller AuthNet.Controllers.SettingsController (AuthNet).
2025-08-13 14:16:27.183 +05:30 [INF] Executed DbCommand (12ms) [Parameters=[], CommandType='"Text"', CommandTimeout='30']
SELECT TOP(1) [c].[Id], [c].[Address], [c].[AlternateContactNumber], [c].[ContactNumber], [c].[Email], [c].[GSTIN], [c].[IsGSTINActive], [c].[LogoFileExtension], [c].[LogoFilePath], [c].[LogoFileSizeInBytes], [c].[LogoName], [c].[Name], [c].[SignFileExtension], [c].[SignFilePath], [c].[SignFileSizeInBytes], [c].[SignName]
FROM [CompanyInfos] AS [c]
2025-08-13 14:16:27.183 +05:30 [INF] Executing OkObjectResult, writing value of type 'AuthNet.Models.DTO.CompanyInfoResponseDto'.
2025-08-13 14:16:27.184 +05:30 [INF] Executed action AuthNet.Controllers.SettingsController.GetCompanyInfo (AuthNet) in 14.4295ms
2025-08-13 14:16:27.184 +05:30 [INF] Executed endpoint 'AuthNet.Controllers.SettingsController.GetCompanyInfo (AuthNet)'
2025-08-13 14:16:27.184 +05:30 [INF] Request finished HTTP/1.1 GET https://localhost:7165/api/Settings/Get - 200 null application/json; charset=utf-8 15.2653ms
2025-08-13 14:16:31.788 +05:30 [INF] Request starting HTTP/1.1 GET https://localhost:7165/api/Settings/Get - null null
2025-08-13 14:16:31.798 +05:30 [INF] Executing endpoint 'AuthNet.Controllers.SettingsController.GetCompanyInfo (AuthNet)'
2025-08-13 14:16:31.798 +05:30 [INF] Route matched with {action = "GetCompanyInfo", controller = "Settings"}. Executing controller action with signature System.Threading.Tasks.Task`1[Microsoft.AspNetCore.Mvc.IActionResult] GetCompanyInfo() on controller AuthNet.Controllers.SettingsController (AuthNet).
2025-08-13 14:16:31.806 +05:30 [INF] Executed DbCommand (6ms) [Parameters=[], CommandType='"Text"', CommandTimeout='30']
SELECT TOP(1) [c].[Id], [c].[Address], [c].[AlternateContactNumber], [c].[ContactNumber], [c].[Email], [c].[GSTIN], [c].[IsGSTINActive], [c].[LogoFileExtension], [c].[LogoFilePath], [c].[LogoFileSizeInBytes], [c].[LogoName], [c].[Name], [c].[SignFileExtension], [c].[SignFilePath], [c].[SignFileSizeInBytes], [c].[SignName]
FROM [CompanyInfos] AS [c]
2025-08-13 14:16:31.809 +05:30 [INF] Executing OkObjectResult, writing value of type 'AuthNet.Models.DTO.CompanyInfoResponseDto'.
2025-08-13 14:16:31.811 +05:30 [INF] Executed action AuthNet.Controllers.SettingsController.GetCompanyInfo (AuthNet) in 12.097ms
2025-08-13 14:16:31.811 +05:30 [INF] Executed endpoint 'AuthNet.Controllers.SettingsController.GetCompanyInfo (AuthNet)'
2025-08-13 14:16:31.811 +05:30 [INF] Request finished HTTP/1.1 GET https://localhost:7165/api/Settings/Get - 200 null application/json; charset=utf-8 22.5538ms
2025-08-13 14:16:48.119 +05:30 [INF] Request starting HTTP/1.1 GET https://localhost:7165/api/Settings/Get - null null
2025-08-13 14:16:48.129 +05:30 [INF] Executing endpoint 'AuthNet.Controllers.SettingsController.GetCompanyInfo (AuthNet)'
2025-08-13 14:16:48.129 +05:30 [INF] Route matched with {action = "GetCompanyInfo", controller = "Settings"}. Executing controller action with signature System.Threading.Tasks.Task`1[Microsoft.AspNetCore.Mvc.IActionResult] GetCompanyInfo() on controller AuthNet.Controllers.SettingsController (AuthNet).
2025-08-13 14:16:48.151 +05:30 [INF] Executed DbCommand (16ms) [Parameters=[], CommandType='"Text"', CommandTimeout='30']
SELECT TOP(1) [c].[Id], [c].[Address], [c].[AlternateContactNumber], [c].[ContactNumber], [c].[Email], [c].[GSTIN], [c].[IsGSTINActive], [c].[LogoFileExtension], [c].[LogoFilePath], [c].[LogoFileSizeInBytes], [c].[LogoName], [c].[Name], [c].[SignFileExtension], [c].[SignFilePath], [c].[SignFileSizeInBytes], [c].[SignName]
FROM [CompanyInfos] AS [c]
2025-08-13 14:16:48.151 +05:30 [INF] Executing OkObjectResult, writing value of type 'AuthNet.Models.DTO.CompanyInfoResponseDto'.
2025-08-13 14:16:48.153 +05:30 [INF] Executed action AuthNet.Controllers.SettingsController.GetCompanyInfo (AuthNet) in 23.5776ms
2025-08-13 14:16:48.153 +05:30 [INF] Executed endpoint 'AuthNet.Controllers.SettingsController.GetCompanyInfo (AuthNet)'
2025-08-13 14:16:48.153 +05:30 [INF] Request finished HTTP/1.1 GET https://localhost:7165/api/Settings/Get - 200 null application/json; charset=utf-8 33.9621ms
2025-08-13 14:16:51.426 +05:30 [INF] Request starting HTTP/1.1 GET https://localhost:7165/api/Settings/Get - null null
2025-08-13 14:16:51.426 +05:30 [INF] Executing endpoint 'AuthNet.Controllers.SettingsController.GetCompanyInfo (AuthNet)'
2025-08-13 14:16:51.426 +05:30 [INF] Route matched with {action = "GetCompanyInfo", controller = "Settings"}. Executing controller action with signature System.Threading.Tasks.Task`1[Microsoft.AspNetCore.Mvc.IActionResult] GetCompanyInfo() on controller AuthNet.Controllers.SettingsController (AuthNet).
2025-08-13 14:16:51.442 +05:30 [INF] Executed DbCommand (9ms) [Parameters=[], CommandType='"Text"', CommandTimeout='30']
SELECT TOP(1) [c].[Id], [c].[Address], [c].[AlternateContactNumber], [c].[ContactNumber], [c].[Email], [c].[GSTIN], [c].[IsGSTINActive], [c].[LogoFileExtension], [c].[LogoFilePath], [c].[LogoFileSizeInBytes], [c].[LogoName], [c].[Name], [c].[SignFileExtension], [c].[SignFilePath], [c].[SignFileSizeInBytes], [c].[SignName]
FROM [CompanyInfos] AS [c]
2025-08-13 14:16:51.443 +05:30 [INF] Executing OkObjectResult, writing value of type 'AuthNet.Models.DTO.CompanyInfoResponseDto'.
2025-08-13 14:16:51.444 +05:30 [INF] Executed action AuthNet.Controllers.SettingsController.GetCompanyInfo (AuthNet) in 17.1139ms
2025-08-13 14:16:51.444 +05:30 [INF] Executed endpoint 'AuthNet.Controllers.SettingsController.GetCompanyInfo (AuthNet)'
2025-08-13 14:16:51.444 +05:30 [INF] Request finished HTTP/1.1 GET https://localhost:7165/api/Settings/Get - 200 null application/json; charset=utf-8 18.1098ms
2025-08-13 14:19:03.239 +05:30 [INF] Request starting HTTP/2 GET https://localhost:7165/swagger/index.html - null null
2025-08-13 14:19:03.359 +05:30 [INF] Request finished HTTP/2 GET https://localhost:7165/swagger/index.html - 200 null text/html;charset=utf-8 120.6661ms
2025-08-13 14:19:03.409 +05:30 [INF] Request starting HTTP/1.1 GET https://localhost:7165/api/Settings/Get - null null
2025-08-13 14:19:03.410 +05:30 [INF] Executing endpoint 'AuthNet.Controllers.SettingsController.GetCompanyInfo (AuthNet)'
2025-08-13 14:19:03.419 +05:30 [INF] Route matched with {action = "GetCompanyInfo", controller = "Settings"}. Executing controller action with signature System.Threading.Tasks.Task`1[Microsoft.AspNetCore.Mvc.IActionResult] GetCompanyInfo() on controller AuthNet.Controllers.SettingsController (AuthNet).
2025-08-13 14:19:03.492 +05:30 [INF] Executed DbCommand (72ms) [Parameters=[], CommandType='"Text"', CommandTimeout='30']
SELECT TOP(1) [c].[Id], [c].[Address], [c].[AlternateContactNumber], [c].[ContactNumber], [c].[Email], [c].[GSTIN], [c].[IsGSTINActive], [c].[LogoFileExtension], [c].[LogoFilePath], [c].[LogoFileSizeInBytes], [c].[LogoName], [c].[Name], [c].[SignFileExtension], [c].[SignFilePath], [c].[SignFileSizeInBytes], [c].[SignName]
FROM [CompanyInfos] AS [c]
2025-08-13 14:19:03.500 +05:30 [INF] Executing OkObjectResult, writing value of type 'AuthNet.Models.DTO.CompanyInfoResponseDto'.
2025-08-13 14:19:03.507 +05:30 [INF] Executed action AuthNet.Controllers.SettingsController.GetCompanyInfo (AuthNet) in 87.9905ms
2025-08-13 14:19:03.507 +05:30 [INF] Executed endpoint 'AuthNet.Controllers.SettingsController.GetCompanyInfo (AuthNet)'
2025-08-13 14:19:03.509 +05:30 [INF] Request finished HTTP/1.1 GET https://localhost:7165/api/Settings/Get - 200 null application/json; charset=utf-8 99.6852ms
2025-08-13 14:19:03.664 +05:30 [INF] Request starting HTTP/2 GET https://localhost:7165/_vs/browserLink - null null
2025-08-13 14:19:03.746 +05:30 [INF] Request finished HTTP/2 GET https://localhost:7165/_vs/browserLink - 200 null text/javascript; charset=UTF-8 82.3692ms
2025-08-13 14:19:03.912 +05:30 [INF] Request starting HTTP/2 GET https://localhost:7165/_framework/aspnetcore-browser-refresh.js - null null
2025-08-13 14:19:03.915 +05:30 [INF] Request finished HTTP/2 GET https://localhost:7165/_framework/aspnetcore-browser-refresh.js - 200 16499 application/javascript; charset=utf-8 3.2567ms
2025-08-13 14:19:04.468 +05:30 [INF] Request starting HTTP/2 GET https://localhost:7165/swagger/v1/swagger.json - null null
2025-08-13 14:19:04.558 +05:30 [INF] Request finished HTTP/2 GET https://localhost:7165/swagger/v1/swagger.json - 200 null application/json;charset=utf-8 90.2656ms
2025-08-13 14:19:12.934 +05:30 [INF] Request starting HTTP/1.1 GET https://localhost:7165/api/Settings/Get - null null
2025-08-13 14:19:12.940 +05:30 [INF] Executing endpoint 'AuthNet.Controllers.SettingsController.GetCompanyInfo (AuthNet)'
2025-08-13 14:19:12.940 +05:30 [INF] Route matched with {action = "GetCompanyInfo", controller = "Settings"}. Executing controller action with signature System.Threading.Tasks.Task`1[Microsoft.AspNetCore.Mvc.IActionResult] GetCompanyInfo() on controller AuthNet.Controllers.SettingsController (AuthNet).
2025-08-13 14:19:12.961 +05:30 [INF] Executed DbCommand (19ms) [Parameters=[], CommandType='"Text"', CommandTimeout='30']
SELECT TOP(1) [c].[Id], [c].[Address], [c].[AlternateContactNumber], [c].[ContactNumber], [c].[Email], [c].[GSTIN], [c].[IsGSTINActive], [c].[LogoFileExtension], [c].[LogoFilePath], [c].[LogoFileSizeInBytes], [c].[LogoName], [c].[Name], [c].[SignFileExtension], [c].[SignFilePath], [c].[SignFileSizeInBytes], [c].[SignName]
FROM [CompanyInfos] AS [c]
2025-08-13 14:19:12.961 +05:30 [INF] Executing OkObjectResult, writing value of type 'AuthNet.Models.DTO.CompanyInfoResponseDto'.
2025-08-13 14:19:12.961 +05:30 [INF] Executed action AuthNet.Controllers.SettingsController.GetCompanyInfo (AuthNet) in 20.925ms
2025-08-13 14:19:12.961 +05:30 [INF] Executed endpoint 'AuthNet.Controllers.SettingsController.GetCompanyInfo (AuthNet)'
2025-08-13 14:19:12.961 +05:30 [INF] Request finished HTTP/1.1 GET https://localhost:7165/api/Settings/Get - 200 null application/json; charset=utf-8 27.9651ms
2025-08-13 14:19:16.896 +05:30 [INF] Request starting HTTP/1.1 GET https://localhost:7165/api/Settings/Get - null null
2025-08-13 14:19:16.896 +05:30 [INF] Executing endpoint 'AuthNet.Controllers.SettingsController.GetCompanyInfo (AuthNet)'
2025-08-13 14:19:16.896 +05:30 [INF] Route matched with {action = "GetCompanyInfo", controller = "Settings"}. Executing controller action with signature System.Threading.Tasks.Task`1[Microsoft.AspNetCore.Mvc.IActionResult] GetCompanyInfo() on controller AuthNet.Controllers.SettingsController (AuthNet).
2025-08-13 14:19:16.911 +05:30 [INF] Executed DbCommand (13ms) [Parameters=[], CommandType='"Text"', CommandTimeout='30']
SELECT TOP(1) [c].[Id], [c].[Address], [c].[AlternateContactNumber], [c].[ContactNumber], [c].[Email], [c].[GSTIN], [c].[IsGSTINActive], [c].[LogoFileExtension], [c].[LogoFilePath], [c].[LogoFileSizeInBytes], [c].[LogoName], [c].[Name], [c].[SignFileExtension], [c].[SignFilePath], [c].[SignFileSizeInBytes], [c].[SignName]
FROM [CompanyInfos] AS [c]
2025-08-13 14:19:16.911 +05:30 [INF] Executing OkObjectResult, writing value of type 'AuthNet.Models.DTO.CompanyInfoResponseDto'.
2025-08-13 14:19:16.911 +05:30 [INF] Executed action AuthNet.Controllers.SettingsController.GetCompanyInfo (AuthNet) in 15.3964ms
2025-08-13 14:19:16.911 +05:30 [INF] Executed endpoint 'AuthNet.Controllers.SettingsController.GetCompanyInfo (AuthNet)'
2025-08-13 14:19:16.911 +05:30 [INF] Request finished HTTP/1.1 GET https://localhost:7165/api/Settings/Get - 200 null application/json; charset=utf-8 15.9763ms
2025-08-13 14:19:19.925 +05:30 [INF] Request starting HTTP/1.1 GET https://localhost:7165/api/Settings/Get - null null
2025-08-13 14:19:19.926 +05:30 [INF] Executing endpoint 'AuthNet.Controllers.SettingsController.GetCompanyInfo (AuthNet)'
2025-08-13 14:19:19.926 +05:30 [INF] Route matched with {action = "GetCompanyInfo", controller = "Settings"}. Executing controller action with signature System.Threading.Tasks.Task`1[Microsoft.AspNetCore.Mvc.IActionResult] GetCompanyInfo() on controller AuthNet.Controllers.SettingsController (AuthNet).
2025-08-13 14:19:19.936 +05:30 [INF] Executed DbCommand (9ms) [Parameters=[], CommandType='"Text"', CommandTimeout='30']
SELECT TOP(1) [c].[Id], [c].[Address], [c].[AlternateContactNumber], [c].[ContactNumber], [c].[Email], [c].[GSTIN], [c].[IsGSTINActive], [c].[LogoFileExtension], [c].[LogoFilePath], [c].[LogoFileSizeInBytes], [c].[LogoName], [c].[Name], [c].[SignFileExtension], [c].[SignFilePath], [c].[SignFileSizeInBytes], [c].[SignName]
FROM [CompanyInfos] AS [c]
2025-08-13 14:19:19.936 +05:30 [INF] Executing OkObjectResult, writing value of type 'AuthNet.Models.DTO.CompanyInfoResponseDto'.
2025-08-13 14:19:19.936 +05:30 [INF] Executed action AuthNet.Controllers.SettingsController.GetCompanyInfo (AuthNet) in 10.7425ms
2025-08-13 14:19:19.937 +05:30 [INF] Executed endpoint 'AuthNet.Controllers.SettingsController.GetCompanyInfo (AuthNet)'
2025-08-13 14:19:19.937 +05:30 [INF] Request finished HTTP/1.1 GET https://localhost:7165/api/Settings/Get - 200 null application/json; charset=utf-8 11.6778ms
2025-08-13 14:19:28.456 +05:30 [INF] Request starting HTTP/1.1 PUT https://localhost:7165/api/Settings/Update - multipart/form-data; boundary="c08379c3-f1d1-478c-9c83-ec9640511d86" 1041
2025-08-13 14:19:28.456 +05:30 [INF] Executing endpoint 'AuthNet.Controllers.SettingsController.Update (AuthNet)'
2025-08-13 14:19:28.470 +05:30 [INF] Route matched with {action = "Update", controller = "Settings"}. Executing controller action with signature System.Threading.Tasks.Task`1[Microsoft.AspNetCore.Mvc.IActionResult] Update(AuthNet.Models.DTO.CompanyInfoDto) on controller AuthNet.Controllers.SettingsController (AuthNet).
2025-08-13 14:19:28.506 +05:30 [INF] Executed DbCommand (25ms) [Parameters=[], CommandType='"Text"', CommandTimeout='30']
SELECT TOP(1) [c].[Id], [c].[Address], [c].[AlternateContactNumber], [c].[ContactNumber], [c].[Email], [c].[GSTIN], [c].[IsGSTINActive], [c].[LogoFileExtension], [c].[LogoFilePath], [c].[LogoFileSizeInBytes], [c].[LogoName], [c].[Name], [c].[SignFileExtension], [c].[SignFilePath], [c].[SignFileSizeInBytes], [c].[SignName]
FROM [CompanyInfos] AS [c]
2025-08-13 14:19:28.525 +05:30 [INF] Executed DbCommand (16ms) [Parameters=[@p0='?' (Size = 4000), @p1='?' (Size = 4000), @p2='?' (DbType = DateTime2), @p3='?' (Size = 4000), @p4='?' (Size = 4000), @p5='?' (Size = 4000), @p6='?' (Size = 4000)], CommandType='"Text"', CommandTimeout='30']
SET IMPLICIT_TRANSACTIONS OFF;
SET NOCOUNT ON;
INSERT INTO [CompanyInfoHistories] ([Address], [AlternateContactNumber], [ArchivedAt], [ContactNumber], [Email], [GSTIN], [Name])
OUTPUT INSERTED.[Id]
VALUES (@p0, @p1, @p2, @p3, @p4, @p5, @p6);
2025-08-13 14:19:28.525 +05:30 [INF] Executing OkObjectResult, writing value of type 'AuthNet.Models.DTO.OperationResponse'.
2025-08-13 14:19:28.526 +05:30 [INF] Executed action AuthNet.Controllers.SettingsController.Update (AuthNet) in 55.8262ms
2025-08-13 14:19:28.526 +05:30 [INF] Executed endpoint 'AuthNet.Controllers.SettingsController.Update (AuthNet)'
2025-08-13 14:19:28.527 +05:30 [INF] Request finished HTTP/1.1 PUT https://localhost:7165/api/Settings/Update - 200 null application/json; charset=utf-8 70.6244ms
2025-08-13 14:19:28.593 +05:30 [INF] Request starting HTTP/1.1 GET https://localhost:7165/api/Settings/Get - null null
2025-08-13 14:19:28.594 +05:30 [INF] Executing endpoint 'AuthNet.Controllers.SettingsController.GetCompanyInfo (AuthNet)'
2025-08-13 14:19:28.594 +05:30 [INF] Route matched with {action = "GetCompanyInfo", controller = "Settings"}. Executing controller action with signature System.Threading.Tasks.Task`1[Microsoft.AspNetCore.Mvc.IActionResult] GetCompanyInfo() on controller AuthNet.Controllers.SettingsController (AuthNet).
2025-08-13 14:19:28.610 +05:30 [INF] Executed DbCommand (15ms) [Parameters=[], CommandType='"Text"', CommandTimeout='30']
SELECT TOP(1) [c].[Id], [c].[Address], [c].[AlternateContactNumber], [c].[ContactNumber], [c].[Email], [c].[GSTIN], [c].[IsGSTINActive], [c].[LogoFileExtension], [c].[LogoFilePath], [c].[LogoFileSizeInBytes], [c].[LogoName], [c].[Name], [c].[SignFileExtension], [c].[SignFilePath], [c].[SignFileSizeInBytes], [c].[SignName]
FROM [CompanyInfos] AS [c]
2025-08-13 14:19:28.611 +05:30 [INF] Executing OkObjectResult, writing value of type 'AuthNet.Models.DTO.CompanyInfoResponseDto'.
2025-08-13 14:19:28.611 +05:30 [INF] Executed action AuthNet.Controllers.SettingsController.GetCompanyInfo (AuthNet) in 16.9571ms
2025-08-13 14:19:28.611 +05:30 [INF] Executed endpoint 'AuthNet.Controllers.SettingsController.GetCompanyInfo (AuthNet)'
2025-08-13 14:19:28.611 +05:30 [INF] Request finished HTTP/1.1 GET https://localhost:7165/api/Settings/Get - 200 null application/json; charset=utf-8 17.5282ms
2025-08-13 14:19:32.175 +05:30 [INF] Request starting HTTP/1.1 GET https://localhost:7165/api/Settings/Get - null null
2025-08-13 14:19:32.175 +05:30 [INF] Executing endpoint 'AuthNet.Controllers.SettingsController.GetCompanyInfo (AuthNet)'
2025-08-13 14:19:32.175 +05:30 [INF] Route matched with {action = "GetCompanyInfo", controller = "Settings"}. Executing controller action with signature System.Threading.Tasks.Task`1[Microsoft.AspNetCore.Mvc.IActionResult] GetCompanyInfo() on controller AuthNet.Controllers.SettingsController (AuthNet).
2025-08-13 14:19:32.186 +05:30 [INF] Executed DbCommand (10ms) [Parameters=[], CommandType='"Text"', CommandTimeout='30']
SELECT TOP(1) [c].[Id], [c].[Address], [c].[AlternateContactNumber], [c].[ContactNumber], [c].[Email], [c].[GSTIN], [c].[IsGSTINActive], [c].[LogoFileExtension], [c].[LogoFilePath], [c].[LogoFileSizeInBytes], [c].[LogoName], [c].[Name], [c].[SignFileExtension], [c].[SignFilePath], [c].[SignFileSizeInBytes], [c].[SignName]
FROM [CompanyInfos] AS [c]
2025-08-13 14:19:32.187 +05:30 [INF] Executing OkObjectResult, writing value of type 'AuthNet.Models.DTO.CompanyInfoResponseDto'.
2025-08-13 14:19:32.187 +05:30 [INF] Executed action AuthNet.Controllers.SettingsController.GetCompanyInfo (AuthNet) in 11.6151ms
2025-08-13 14:19:32.187 +05:30 [INF] Executed endpoint 'AuthNet.Controllers.SettingsController.GetCompanyInfo (AuthNet)'
2025-08-13 14:19:32.187 +05:30 [INF] Request finished HTTP/1.1 GET https://localhost:7165/api/Settings/Get - 200 null application/json; charset=utf-8 12.2052ms
2025-08-13 14:24:11.125 +05:30 [INF] Request starting HTTP/2 GET https://localhost:7165/swagger/index.html - null null
2025-08-13 14:24:11.133 +05:30 [INF] Request finished HTTP/2 GET https://localhost:7165/swagger/index.html - 200 null text/html;charset=utf-8 8.8135ms
2025-08-13 14:24:11.292 +05:30 [INF] Request starting HTTP/1.1 GET https://localhost:7165/api/Settings/Get - null null
2025-08-13 14:24:11.293 +05:30 [INF] Executing endpoint 'AuthNet.Controllers.SettingsController.GetCompanyInfo (AuthNet)'
2025-08-13 14:24:11.298 +05:30 [INF] Route matched with {action = "GetCompanyInfo", controller = "Settings"}. Executing controller action with signature System.Threading.Tasks.Task`1[Microsoft.AspNetCore.Mvc.IActionResult] GetCompanyInfo() on controller AuthNet.Controllers.SettingsController (AuthNet).
2025-08-13 14:24:11.544 +05:30 [INF] Executed DbCommand (165ms) [Parameters=[], CommandType='"Text"', CommandTimeout='30']
SELECT TOP(1) [c].[Id], [c].[Address], [c].[AlternateContactNumber], [c].[ContactNumber], [c].[Email], [c].[GSTIN], [c].[IsGSTINActive], [c].[LogoFileExtension], [c].[LogoFilePath], [c].[LogoFileSizeInBytes], [c].[LogoName], [c].[Name], [c].[SignFileExtension], [c].[SignFilePath], [c].[SignFileSizeInBytes], [c].[SignName]
FROM [CompanyInfos] AS [c]
2025-08-13 14:24:11.544 +05:30 [INF] Executing OkObjectResult, writing value of type 'AuthNet.Models.DTO.CompanyInfoResponseDto'.
2025-08-13 14:24:11.551 +05:30 [INF] Executed action AuthNet.Controllers.SettingsController.GetCompanyInfo (AuthNet) in 252.3539ms
2025-08-13 14:24:11.554 +05:30 [INF] Executed endpoint 'AuthNet.Controllers.SettingsController.GetCompanyInfo (AuthNet)'
2025-08-13 14:24:11.555 +05:30 [INF] Request finished HTTP/1.1 GET https://localhost:7165/api/Settings/Get - 200 null application/json; charset=utf-8 262.8467ms
2025-08-13 14:24:12.280 +05:30 [INF] Request starting HTTP/2 GET https://localhost:7165/_vs/browserLink - null null
2025-08-13 14:24:12.299 +05:30 [INF] Request finished HTTP/2 GET https://localhost:7165/_vs/browserLink - 200 null text/javascript; charset=UTF-8 19.763ms
2025-08-13 14:24:12.308 +05:30 [INF] Request starting HTTP/2 GET https://localhost:7165/_framework/aspnetcore-browser-refresh.js - null null
2025-08-13 14:24:12.310 +05:30 [INF] Request finished HTTP/2 GET https://localhost:7165/_framework/aspnetcore-browser-refresh.js - 200 16499 application/javascript; charset=utf-8 1.3143ms
2025-08-13 14:24:12.422 +05:30 [INF] Request starting HTTP/2 GET https://localhost:7165/swagger/v1/swagger.json - null null
2025-08-13 14:24:12.464 +05:30 [INF] Request finished HTTP/2 GET https://localhost:7165/swagger/v1/swagger.json - 200 null application/json;charset=utf-8 42.6787ms
2025-08-13 14:24:26.981 +05:30 [INF] Request starting HTTP/1.1 PUT https://localhost:7165/api/Settings/Update - multipart/form-data; boundary="a5cf3621-9717-4b53-b2b1-79265a3cb702" 1041
2025-08-13 14:24:26.994 +05:30 [INF] Executing endpoint 'AuthNet.Controllers.SettingsController.Update (AuthNet)'
2025-08-13 14:24:26.999 +05:30 [INF] Route matched with {action = "Update", controller = "Settings"}. Executing controller action with signature System.Threading.Tasks.Task`1[Microsoft.AspNetCore.Mvc.IActionResult] Update(AuthNet.Models.DTO.CompanyInfoDto) on controller AuthNet.Controllers.SettingsController (AuthNet).
2025-08-13 14:24:27.027 +05:30 [INF] Executed DbCommand (18ms) [Parameters=[], CommandType='"Text"', CommandTimeout='30']
SELECT TOP(1) [c].[Id], [c].[Address], [c].[AlternateContactNumber], [c].[ContactNumber], [c].[Email], [c].[GSTIN], [c].[IsGSTINActive], [c].[LogoFileExtension], [c].[LogoFilePath], [c].[LogoFileSizeInBytes], [c].[LogoName], [c].[Name], [c].[SignFileExtension], [c].[SignFilePath], [c].[SignFileSizeInBytes], [c].[SignName]
FROM [CompanyInfos] AS [c]
2025-08-13 14:24:27.039 +05:30 [INF] Executed DbCommand (10ms) [Parameters=[@p0='?' (Size = 4000), @p1='?' (Size = 4000), @p2='?' (DbType = DateTime2), @p3='?' (Size = 4000), @p4='?' (Size = 4000), @p5='?' (Size = 4000), @p6='?' (Size = 4000)], CommandType='"Text"', CommandTimeout='30']
SET IMPLICIT_TRANSACTIONS OFF;
SET NOCOUNT ON;
INSERT INTO [CompanyInfoHistories] ([Address], [AlternateContactNumber], [ArchivedAt], [ContactNumber], [Email], [GSTIN], [Name])
OUTPUT INSERTED.[Id]
VALUES (@p0, @p1, @p2, @p3, @p4, @p5, @p6);
2025-08-13 14:24:27.039 +05:30 [INF] Executing OkObjectResult, writing value of type 'AuthNet.Models.DTO.OperationResponse'.
2025-08-13 14:24:27.040 +05:30 [INF] Executed action AuthNet.Controllers.SettingsController.Update (AuthNet) in 40.7437ms
2025-08-13 14:24:27.040 +05:30 [INF] Executed endpoint 'AuthNet.Controllers.SettingsController.Update (AuthNet)'
2025-08-13 14:24:27.041 +05:30 [INF] Request finished HTTP/1.1 PUT https://localhost:7165/api/Settings/Update - 200 null application/json; charset=utf-8 59.6916ms
2025-08-13 14:24:27.079 +05:30 [INF] Request starting HTTP/1.1 GET https://localhost:7165/api/Settings/Get - null null
2025-08-13 14:24:27.079 +05:30 [INF] Executing endpoint 'AuthNet.Controllers.SettingsController.GetCompanyInfo (AuthNet)'
2025-08-13 14:24:27.079 +05:30 [INF] Route matched with {action = "GetCompanyInfo", controller = "Settings"}. Executing controller action with signature System.Threading.Tasks.Task`1[Microsoft.AspNetCore.Mvc.IActionResult] GetCompanyInfo() on controller AuthNet.Controllers.SettingsController (AuthNet).
2025-08-13 14:24:27.083 +05:30 [INF] Executed DbCommand (3ms) [Parameters=[], CommandType='"Text"', CommandTimeout='30']
SELECT TOP(1) [c].[Id], [c].[Address], [c].[AlternateContactNumber], [c].[ContactNumber], [c].[Email], [c].[GSTIN], [c].[IsGSTINActive], [c].[LogoFileExtension], [c].[LogoFilePath], [c].[LogoFileSizeInBytes], [c].[LogoName], [c].[Name], [c].[SignFileExtension], [c].[SignFilePath], [c].[SignFileSizeInBytes], [c].[SignName]
FROM [CompanyInfos] AS [c]
2025-08-13 14:24:27.090 +05:30 [INF] Executing OkObjectResult, writing value of type 'AuthNet.Models.DTO.CompanyInfoResponseDto'.
2025-08-13 14:24:27.091 +05:30 [INF] Executed action AuthNet.Controllers.SettingsController.GetCompanyInfo (AuthNet) in 11.6461ms
2025-08-13 14:24:27.091 +05:30 [INF] Executed endpoint 'AuthNet.Controllers.SettingsController.GetCompanyInfo (AuthNet)'
2025-08-13 14:24:27.091 +05:30 [INF] Request finished HTTP/1.1 GET https://localhost:7165/api/Settings/Get - 200 null application/json; charset=utf-8 12.3764ms
2025-08-13 14:25:57.410 +05:30 [INF] Request starting HTTP/2 GET https://localhost:7165/swagger/index.html - null null
2025-08-13 14:25:57.442 +05:30 [INF] Request finished HTTP/2 GET https://localhost:7165/swagger/index.html - 200 null text/html;charset=utf-8 32.2601ms
2025-08-13 14:25:57.509 +05:30 [INF] Request starting HTTP/2 GET https://localhost:7165/_vs/browserLink - null null
2025-08-13 14:25:57.528 +05:30 [INF] Request finished HTTP/2 GET https://localhost:7165/_vs/browserLink - 200 null text/javascript; charset=UTF-8 19.7195ms
2025-08-13 14:25:57.536 +05:30 [INF] Request starting HTTP/2 GET https://localhost:7165/_framework/aspnetcore-browser-refresh.js - null null
2025-08-13 14:25:57.541 +05:30 [INF] Request finished HTTP/2 GET https://localhost:7165/_framework/aspnetcore-browser-refresh.js - 200 16499 application/javascript; charset=utf-8 4.8618ms
2025-08-13 14:25:57.937 +05:30 [INF] Request starting HTTP/2 GET https://localhost:7165/swagger/v1/swagger.json - null null
2025-08-13 14:25:57.987 +05:30 [INF] Request finished HTTP/2 GET https://localhost:7165/swagger/v1/swagger.json - 200 null application/json;charset=utf-8 50.6133ms
2025-08-13 14:25:58.434 +05:30 [INF] Request starting HTTP/1.1 GET https://localhost:7165/api/Settings/Get - null null
2025-08-13 14:25:58.434 +05:30 [INF] Executing endpoint 'AuthNet.Controllers.SettingsController.GetCompanyInfo (AuthNet)'
2025-08-13 14:25:58.440 +05:30 [INF] Route matched with {action = "GetCompanyInfo", controller = "Settings"}. Executing controller action with signature System.Threading.Tasks.Task`1[Microsoft.AspNetCore.Mvc.IActionResult] GetCompanyInfo() on controller AuthNet.Controllers.SettingsController (AuthNet).
2025-08-13 14:25:58.454 +05:30 [INF] Executed DbCommand (13ms) [Parameters=[], CommandType='"Text"', CommandTimeout='30']
SELECT TOP(1) [c].[Id], [c].[Address], [c].[AlternateContactNumber], [c].[ContactNumber], [c].[Email], [c].[GSTIN], [c].[IsGSTINActive], [c].[LogoFileExtension], [c].[LogoFilePath], [c].[LogoFileSizeInBytes], [c].[LogoName], [c].[Name], [c].[SignFileExtension], [c].[SignFilePath], [c].[SignFileSizeInBytes], [c].[SignName]
FROM [CompanyInfos] AS [c]
2025-08-13 14:25:58.454 +05:30 [INF] Executing OkObjectResult, writing value of type 'AuthNet.Models.DTO.CompanyInfoResponseDto'.
2025-08-13 14:25:58.458 +05:30 [INF] Executed action AuthNet.Controllers.SettingsController.GetCompanyInfo (AuthNet) in 17.6016ms
2025-08-13 14:25:58.458 +05:30 [INF] Executed endpoint 'AuthNet.Controllers.SettingsController.GetCompanyInfo (AuthNet)'
2025-08-13 14:25:58.458 +05:30 [INF] Request finished HTTP/1.1 GET https://localhost:7165/api/Settings/Get - 200 null application/json; charset=utf-8 24.5267ms
2025-08-13 14:28:26.926 +05:30 [INF] User profile is available. Using 'C:\Users\Admin\AppData\Local\ASP.NET\DataProtection-Keys' as key repository and Windows DPAPI to encrypt keys at rest.
2025-08-13 14:28:27.727 +05:30 [INF] Now listening on: https://localhost:7165
2025-08-13 14:28:27.728 +05:30 [INF] Now listening on: http://localhost:5008
2025-08-13 14:28:28.509 +05:30 [INF] Application started. Press Ctrl+C to shut down.
2025-08-13 14:28:28.510 +05:30 [INF] Hosting environment: Development
2025-08-13 14:28:28.510 +05:30 [INF] Content root path: C:\Users\Admin\Source\Repos\AuthNet\AuthNet
2025-08-13 14:28:30.804 +05:30 [INF] Request starting HTTP/2 GET https://localhost:7165/swagger/index.html - null null
2025-08-13 14:28:32.124 +05:30 [INF] Request finished HTTP/2 GET https://localhost:7165/swagger/index.html - 200 null text/html;charset=utf-8 1334.884ms
2025-08-13 14:28:32.229 +05:30 [INF] Request starting HTTP/2 GET https://localhost:7165/_framework/aspnetcore-browser-refresh.js - null null
2025-08-13 14:28:32.370 +05:30 [INF] Request starting HTTP/2 GET https://localhost:7165/_vs/browserLink - null null
2025-08-13 14:28:32.470 +05:30 [INF] Request finished HTTP/2 GET https://localhost:7165/_framework/aspnetcore-browser-refresh.js - 200 16499 application/javascript; charset=utf-8 240.3235ms
2025-08-13 14:28:32.595 +05:30 [INF] Request finished HTTP/2 GET https://localhost:7165/_vs/browserLink - 200 null text/javascript; charset=UTF-8 225.0548ms
2025-08-13 14:28:32.810 +05:30 [INF] Request starting HTTP/2 GET https://localhost:7165/swagger/v1/swagger.json - null null
2025-08-13 14:28:32.981 +05:30 [INF] Request finished HTTP/2 GET https://localhost:7165/swagger/v1/swagger.json - 200 null application/json;charset=utf-8 171.384ms
2025-08-13 14:28:35.193 +05:30 [INF] Request starting HTTP/1.1 GET https://localhost:7165/api/Sales/DailyProfit - null null
2025-08-13 14:28:35.366 +05:30 [INF] Executing endpoint 'AuthNet.Controllers.SalesController.GetDailyProfit (AuthNet)'
2025-08-13 14:28:35.417 +05:30 [INF] Route matched with {action = "GetDailyProfit", controller = "Sales"}. Executing controller action with signature System.Threading.Tasks.Task`1[Microsoft.AspNetCore.Mvc.IActionResult] GetDailyProfit() on controller AuthNet.Controllers.SalesController (AuthNet).
2025-08-13 14:28:38.609 +05:30 [WRN] No store type was specified for the decimal property 'TotalAmount' on entity type 'Order'. This will cause values to be silently truncated if they do not fit in the default precision and scale. Explicitly specify the SQL server column type that can accommodate all the values in 'OnModelCreating' using 'HasColumnType', specify precision and scale using 'HasPrecision', or configure a value converter using 'HasConversion'.
2025-08-13 14:28:38.610 +05:30 [WRN] No store type was specified for the decimal property 'UnitPrice' on entity type 'OrderItem'. This will cause values to be silently truncated if they do not fit in the default precision and scale. Explicitly specify the SQL server column type that can accommodate all the values in 'OnModelCreating' using 'HasColumnType', specify precision and scale using 'HasPrecision', or configure a value converter using 'HasConversion'.
2025-08-13 14:28:38.610 +05:30 [WRN] No store type was specified for the decimal property 'CostPrice' on entity type 'Product'. This will cause values to be silently truncated if they do not fit in the default precision and scale. Explicitly specify the SQL server column type that can accommodate all the values in 'OnModelCreating' using 'HasColumnType', specify precision and scale using 'HasPrecision', or configure a value converter using 'HasConversion'.
2025-08-13 14:28:38.610 +05:30 [WRN] No store type was specified for the decimal property 'SellPrice' on entity type 'Product'. This will cause values to be silently truncated if they do not fit in the default precision and scale. Explicitly specify the SQL server column type that can accommodate all the values in 'OnModelCreating' using 'HasColumnType', specify precision and scale using 'HasPrecision', or configure a value converter using 'HasConversion'.
2025-08-13 14:28:38.610 +05:30 [WRN] No store type was specified for the decimal property 'TotalAmount' on entity type 'PurchaseOrder'. This will cause values to be silently truncated if they do not fit in the default precision and scale. Explicitly specify the SQL server column type that can accommodate all the values in 'OnModelCreating' using 'HasColumnType', specify precision and scale using 'HasPrecision', or configure a value converter using 'HasConversion'.
2025-08-13 14:28:38.610 +05:30 [WRN] No store type was specified for the decimal property 'UnitPrice' on entity type 'PurchaseOrderItems'. This will cause values to be silently truncated if they do not fit in the default precision and scale. Explicitly specify the SQL server column type that can accommodate all the values in 'OnModelCreating' using 'HasColumnType', specify precision and scale using 'HasPrecision', or configure a value converter using 'HasConversion'.
2025-08-13 14:28:38.610 +05:30 [WRN] No store type was specified for the decimal property 'AfterTaxAmount' on entity type 'Sale'. This will cause values to be silently truncated if they do not fit in the default precision and scale. Explicitly specify the SQL server column type that can accommodate all the values in 'OnModelCreating' using 'HasColumnType', specify precision and scale using 'HasPrecision', or configure a value converter using 'HasConversion'.
2025-08-13 14:28:38.611 +05:30 [WRN] No store type was specified for the decimal property 'DiscountedAmount' on entity type 'Sale'. This will cause values to be silently truncated if they do not fit in the default precision and scale. Explicitly specify the SQL server column type that can accommodate all the values in 'OnModelCreating' using 'HasColumnType', specify precision and scale using 'HasPrecision', or configure a value converter using 'HasConversion'.
2025-08-13 14:28:38.611 +05:30 [WRN] No store type was specified for the decimal property 'PrincipalAmount' on entity type 'Sale'. This will cause values to be silently truncated if they do not fit in the default precision and scale. Explicitly specify the SQL server column type that can accommodate all the values in 'OnModelCreating' using 'HasColumnType', specify precision and scale using 'HasPrecision', or configure a value converter using 'HasConversion'.
2025-08-13 14:28:38.611 +05:30 [WRN] No store type was specified for the decimal property 'TotalAmount' on entity type 'Sale'. This will cause values to be silently truncated if they do not fit in the default precision and scale. Explicitly specify the SQL server column type that can accommodate all the values in 'OnModelCreating' using 'HasColumnType', specify precision and scale using 'HasPrecision', or configure a value converter using 'HasConversion'.
2025-08-13 14:28:38.611 +05:30 [WRN] No store type was specified for the decimal property 'TotalPrice' on entity type 'SaleItem'. This will cause values to be silently truncated if they do not fit in the default precision and scale. Explicitly specify the SQL server column type that can accommodate all the values in 'OnModelCreating' using 'HasColumnType', specify precision and scale using 'HasPrecision', or configure a value converter using 'HasConversion'.
2025-08-13 14:28:38.611 +05:30 [WRN] No store type was specified for the decimal property 'UnitPrice' on entity type 'SaleItem'. This will cause values to be silently truncated if they do not fit in the default precision and scale. Explicitly specify the SQL server column type that can accommodate all the values in 'OnModelCreating' using 'HasColumnType', specify precision and scale using 'HasPrecision', or configure a value converter using 'HasConversion'.
2025-08-13 14:28:38.611 +05:30 [WRN] No store type was specified for the decimal property 'CGST' on entity type 'TaxSetting'. This will cause values to be silently truncated if they do not fit in the default precision and scale. Explicitly specify the SQL server column type that can accommodate all the values in 'OnModelCreating' using 'HasColumnType', specify precision and scale using 'HasPrecision', or configure a value converter using 'HasConversion'.
2025-08-13 14:28:38.611 +05:30 [WRN] No store type was specified for the decimal property 'IGST' on entity type 'TaxSetting'. This will cause values to be silently truncated if they do not fit in the default precision and scale. Explicitly specify the SQL server column type that can accommodate all the values in 'OnModelCreating' using 'HasColumnType', specify precision and scale using 'HasPrecision', or configure a value converter using 'HasConversion'.
2025-08-13 14:28:38.611 +05:30 [WRN] No store type was specified for the decimal property 'SGST' on entity type 'TaxSetting'. This will cause values to be silently truncated if they do not fit in the default precision and scale. Explicitly specify the SQL server column type that can accommodate all the values in 'OnModelCreating' using 'HasColumnType', specify precision and scale using 'HasPrecision', or configure a value converter using 'HasConversion'.
2025-08-13 14:28:41.471 +05:30 [INF] Executed DbCommand (632ms) [Parameters=[@__date_Date_0='?' (DbType = DateTime2)], CommandType='"Text"', CommandTimeout='30']
SELECT [s].[Id], [s].[ProductId], [s].[ProductName], [s].[Quantity], [s].[SaleId], [s].[TotalPrice], [s].[UnitPrice], [s0].[Id], [s0].[AfterTaxAmount], [s0].[CreatedAt], [s0].[DiscountedAmount], [s0].[InvoiceDate], [s0].[InvoiceNo], [s0].[PrincipalAmount], [s0].[Template], [s0].[TotalAmount]
FROM [SaleItems] AS [s]
INNER JOIN [Sales] AS [s0] ON [s].[SaleId] = [s0].[Id]
WHERE CONVERT(date, [s0].[InvoiceDate]) = @__date_Date_0
2025-08-13 14:28:41.914 +05:30 [INF] Executed DbCommand (137ms) [Parameters=[@__productIds_0='?' (Size = 4000)], CommandType='"Text"', CommandTimeout='30']
SELECT [p].[ProductId], [p].[CategoryId], [p].[CostPrice], [p].[Description], [p].[Name], [p].[ProductCode], [p].[ProductKey], [p].[SellPrice], [p].[SupplierId]
FROM [Products] AS [p]
WHERE [p].[ProductId] IN (
    SELECT [p0].[value]
    FROM OPENJSON(@__productIds_0) WITH ([value] int '$') AS [p0]
)
2025-08-13 14:28:41.930 +05:30 [INF] Executing OkObjectResult, writing value of type 'AuthNet.Models.DTO.DailyProfitDto'.
2025-08-13 14:28:42.064 +05:30 [INF] Executed action AuthNet.Controllers.SalesController.GetDailyProfit (AuthNet) in 6641.8223ms
2025-08-13 14:28:42.065 +05:30 [INF] Executed endpoint 'AuthNet.Controllers.SalesController.GetDailyProfit (AuthNet)'
2025-08-13 14:28:42.080 +05:30 [INF] Request finished HTTP/1.1 GET https://localhost:7165/api/Sales/DailyProfit - 200 null application/json; charset=utf-8 6890.1684ms
2025-08-13 14:28:42.159 +05:30 [INF] Request starting HTTP/1.1 GET https://localhost:7165/api/Sales/CurrentMonthProfit - null null
2025-08-13 14:28:42.175 +05:30 [INF] Executing endpoint 'AuthNet.Controllers.SalesController.GetCurrentMonthProfit (AuthNet)'
2025-08-13 14:28:42.184 +05:30 [INF] Route matched with {action = "GetCurrentMonthProfit", controller = "Sales"}. Executing controller action with signature System.Threading.Tasks.Task`1[Microsoft.AspNetCore.Mvc.IActionResult] GetCurrentMonthProfit() on controller AuthNet.Controllers.SalesController (AuthNet).
2025-08-13 14:28:42.293 +05:30 [INF] Executed DbCommand (43ms) [Parameters=[@__currentYear_0='?' (DbType = Int32), @__currentMonth_1='?' (DbType = Int32)], CommandType='"Text"', CommandTimeout='30']
SELECT [s].[Id], [s].[ProductId], [s].[ProductName], [s].[Quantity], [s].[SaleId], [s].[TotalPrice], [s].[UnitPrice], [s0].[Id], [s0].[AfterTaxAmount], [s0].[CreatedAt], [s0].[DiscountedAmount], [s0].[InvoiceDate], [s0].[InvoiceNo], [s0].[PrincipalAmount], [s0].[Template], [s0].[TotalAmount]
FROM [SaleItems] AS [s]
INNER JOIN [Sales] AS [s0] ON [s].[SaleId] = [s0].[Id]
WHERE DATEPART(year, [s0].[InvoiceDate]) = @__currentYear_0 AND DATEPART(month, [s0].[InvoiceDate]) = @__currentMonth_1
2025-08-13 14:28:42.527 +05:30 [INF] Executed DbCommand (32ms) [Parameters=[@__productIds_0='?' (Size = 4000)], CommandType='"Text"', CommandTimeout='30']
SELECT [p].[ProductId], [p].[CategoryId], [p].[CostPrice], [p].[Description], [p].[Name], [p].[ProductCode], [p].[ProductKey], [p].[SellPrice], [p].[SupplierId]
FROM [Products] AS [p]
WHERE [p].[ProductId] IN (
    SELECT [p0].[value]
    FROM OPENJSON(@__productIds_0) WITH ([value] int '$') AS [p0]
)
2025-08-13 14:28:42.583 +05:30 [INF] Executing OkObjectResult, writing value of type 'AuthNet.Models.DTO.MonthlyProfitDto'.
2025-08-13 14:28:42.585 +05:30 [INF] Executed action AuthNet.Controllers.SalesController.GetCurrentMonthProfit (AuthNet) in 401.3797ms
2025-08-13 14:28:42.585 +05:30 [INF] Executed endpoint 'AuthNet.Controllers.SalesController.GetCurrentMonthProfit (AuthNet)'
2025-08-13 14:28:42.586 +05:30 [INF] Request finished HTTP/1.1 GET https://localhost:7165/api/Sales/CurrentMonthProfit - 200 null application/json; charset=utf-8 426.978ms
2025-08-13 14:28:42.661 +05:30 [INF] Request starting HTTP/1.1 GET https://localhost:7165/api/Sales/CurrentYearProfit - null null
2025-08-13 14:28:42.665 +05:30 [INF] Executing endpoint 'AuthNet.Controllers.SalesController.GetCurrentYearProfit (AuthNet)'
2025-08-13 14:28:42.671 +05:30 [INF] Route matched with {action = "GetCurrentYearProfit", controller = "Sales"}. Executing controller action with signature System.Threading.Tasks.Task`1[Microsoft.AspNetCore.Mvc.IActionResult] GetCurrentYearProfit() on controller AuthNet.Controllers.SalesController (AuthNet).
2025-08-13 14:28:42.921 +05:30 [INF] Executed DbCommand (60ms) [Parameters=[@__currentYear_0='?' (DbType = Int32)], CommandType='"Text"', CommandTimeout='30']
SELECT [s].[Id], [s].[ProductId], [s].[ProductName], [s].[Quantity], [s].[SaleId], [s].[TotalPrice], [s].[UnitPrice], [s0].[Id], [s0].[AfterTaxAmount], [s0].[CreatedAt], [s0].[DiscountedAmount], [s0].[InvoiceDate], [s0].[InvoiceNo], [s0].[PrincipalAmount], [s0].[Template], [s0].[TotalAmount]
FROM [SaleItems] AS [s]
INNER JOIN [Sales] AS [s0] ON [s].[SaleId] = [s0].[Id]
WHERE DATEPART(year, [s0].[InvoiceDate]) = @__currentYear_0
2025-08-13 14:28:42.987 +05:30 [INF] Executed DbCommand (58ms) [Parameters=[@__productIds_0='?' (Size = 4000)], CommandType='"Text"', CommandTimeout='30']
SELECT [p].[ProductId], [p].[CategoryId], [p].[CostPrice], [p].[Description], [p].[Name], [p].[ProductCode], [p].[ProductKey], [p].[SellPrice], [p].[SupplierId]
FROM [Products] AS [p]
WHERE [p].[ProductId] IN (
    SELECT [p0].[value]
    FROM OPENJSON(@__productIds_0) WITH ([value] int '$') AS [p0]
)
2025-08-13 14:28:42.989 +05:30 [INF] Executing OkObjectResult, writing value of type 'AuthNet.Models.DTO.YearlyProfitDto'.
2025-08-13 14:28:42.992 +05:30 [INF] Executed action AuthNet.Controllers.SalesController.GetCurrentYearProfit (AuthNet) in 320.8859ms
2025-08-13 14:28:42.992 +05:30 [INF] Executed endpoint 'AuthNet.Controllers.SalesController.GetCurrentYearProfit (AuthNet)'
2025-08-13 14:28:42.992 +05:30 [INF] Request finished HTTP/1.1 GET https://localhost:7165/api/Sales/CurrentYearProfit - 200 null application/json; charset=utf-8 331.3569ms
2025-08-13 14:28:43.011 +05:30 [INF] Request starting HTTP/1.1 GET https://localhost:7165/api/Products/count - null null
2025-08-13 14:28:43.012 +05:30 [INF] Executing endpoint 'AuthNet.Controllers.ProductsController.GetProductCount (AuthNet)'
2025-08-13 14:28:43.018 +05:30 [INF] Route matched with {action = "GetProductCount", controller = "Products"}. Executing controller action with signature System.Threading.Tasks.Task`1[Microsoft.AspNetCore.Mvc.IActionResult] GetProductCount() on controller AuthNet.Controllers.ProductsController (AuthNet).
2025-08-13 14:28:43.052 +05:30 [INF] Executed DbCommand (5ms) [Parameters=[], CommandType='"Text"', CommandTimeout='30']
SELECT COUNT(*)
FROM [Products] AS [p]
2025-08-13 14:28:43.060 +05:30 [INF] Executing OkObjectResult, writing value of type 'System.Int32'.
2025-08-13 14:28:43.064 +05:30 [INF] Executed action AuthNet.Controllers.ProductsController.GetProductCount (AuthNet) in 46.3025ms
2025-08-13 14:28:43.064 +05:30 [INF] Executed endpoint 'AuthNet.Controllers.ProductsController.GetProductCount (AuthNet)'
2025-08-13 14:28:43.065 +05:30 [INF] Request finished HTTP/1.1 GET https://localhost:7165/api/Products/count - 200 null application/json; charset=utf-8 53.3111ms
2025-08-13 14:28:43.085 +05:30 [INF] Request starting HTTP/1.1 GET https://localhost:7165/api/Suppliers/count - null null
2025-08-13 14:28:43.086 +05:30 [INF] Executing endpoint 'AuthNet.Controllers.SuppliersController.GetSupplierCount (AuthNet)'
2025-08-13 14:28:43.093 +05:30 [INF] Route matched with {action = "GetSupplierCount", controller = "Suppliers"}. Executing controller action with signature System.Threading.Tasks.Task`1[Microsoft.AspNetCore.Mvc.IActionResult] GetSupplierCount() on controller AuthNet.Controllers.SuppliersController (AuthNet).
2025-08-13 14:28:43.125 +05:30 [INF] Executed DbCommand (24ms) [Parameters=[], CommandType='"Text"', CommandTimeout='30']
SELECT COUNT(*)
FROM [Suppliers] AS [s]
2025-08-13 14:28:43.127 +05:30 [INF] Executing OkObjectResult, writing value of type 'System.Int32'.
2025-08-13 14:28:43.127 +05:30 [INF] Executed action AuthNet.Controllers.SuppliersController.GetSupplierCount (AuthNet) in 34.2138ms
2025-08-13 14:28:43.127 +05:30 [INF] Executed endpoint 'AuthNet.Controllers.SuppliersController.GetSupplierCount (AuthNet)'
2025-08-13 14:28:43.128 +05:30 [INF] Request finished HTTP/1.1 GET https://localhost:7165/api/Suppliers/count - 200 null application/json; charset=utf-8 42.6797ms
2025-08-13 14:28:43.146 +05:30 [INF] Request starting HTTP/1.1 GET https://localhost:7165/api/Categories/count - null null
2025-08-13 14:28:43.147 +05:30 [INF] Executing endpoint 'AuthNet.Controllers.CategoriesController.GetCategoryCount (AuthNet)'
2025-08-13 14:28:43.152 +05:30 [INF] Route matched with {action = "GetCategoryCount", controller = "Categories"}. Executing controller action with signature System.Threading.Tasks.Task`1[Microsoft.AspNetCore.Mvc.IActionResult] GetCategoryCount() on controller AuthNet.Controllers.CategoriesController (AuthNet).
2025-08-13 14:28:43.260 +05:30 [INF] Executed DbCommand (97ms) [Parameters=[], CommandType='"Text"', CommandTimeout='30']
SELECT COUNT(*)
FROM [Categories] AS [c]
2025-08-13 14:28:43.260 +05:30 [INF] Executing OkObjectResult, writing value of type 'System.Int32'.
2025-08-13 14:28:43.261 +05:30 [INF] Executed action AuthNet.Controllers.CategoriesController.GetCategoryCount (AuthNet) in 108.8512ms
2025-08-13 14:28:43.261 +05:30 [INF] Executed endpoint 'AuthNet.Controllers.CategoriesController.GetCategoryCount (AuthNet)'
2025-08-13 14:28:43.261 +05:30 [INF] Request finished HTTP/1.1 GET https://localhost:7165/api/Categories/count - 200 null application/json; charset=utf-8 114.8504ms
2025-08-13 14:28:43.281 +05:30 [INF] Request starting HTTP/1.1 GET https://localhost:7165/api/Orders/count - null null
2025-08-13 14:28:43.282 +05:30 [INF] Executing endpoint 'AuthNet.Controllers.OrdersController.GetOrderCount (AuthNet)'
2025-08-13 14:28:43.288 +05:30 [INF] Route matched with {action = "GetOrderCount", controller = "Orders"}. Executing controller action with signature System.Threading.Tasks.Task`1[Microsoft.AspNetCore.Mvc.IActionResult] GetOrderCount() on controller AuthNet.Controllers.OrdersController (AuthNet).
2025-08-13 14:28:43.310 +05:30 [INF] Executed DbCommand (13ms) [Parameters=[], CommandType='"Text"', CommandTimeout='30']
SELECT COUNT(*)
FROM [Orders] AS [o]
2025-08-13 14:28:43.311 +05:30 [INF] Executing OkObjectResult, writing value of type 'System.Int32'.
2025-08-13 14:28:43.311 +05:30 [INF] Executed action AuthNet.Controllers.OrdersController.GetOrderCount (AuthNet) in 23.4445ms
2025-08-13 14:28:43.311 +05:30 [INF] Executed endpoint 'AuthNet.Controllers.OrdersController.GetOrderCount (AuthNet)'
2025-08-13 14:28:43.312 +05:30 [INF] Request finished HTTP/1.1 GET https://localhost:7165/api/Orders/count - 200 null application/json; charset=utf-8 30.6621ms
2025-08-13 14:28:43.329 +05:30 [INF] Request starting HTTP/1.1 GET https://localhost:7165/api/Customers/count - null null
2025-08-13 14:28:43.330 +05:30 [INF] Executing endpoint 'AuthNet.Controllers.CustomersController.GetCustomerCount (AuthNet)'
2025-08-13 14:28:43.334 +05:30 [INF] Route matched with {action = "GetCustomerCount", controller = "Customers"}. Executing controller action with signature System.Threading.Tasks.Task`1[Microsoft.AspNetCore.Mvc.IActionResult] GetCustomerCount() on controller AuthNet.Controllers.CustomersController (AuthNet).
2025-08-13 14:28:43.512 +05:30 [INF] Executed DbCommand (169ms) [Parameters=[], CommandType='"Text"', CommandTimeout='30']
SELECT COUNT(*)
FROM [Customers] AS [c]
2025-08-13 14:28:43.512 +05:30 [INF] Executing OkObjectResult, writing value of type 'System.Int32'.
2025-08-13 14:28:43.513 +05:30 [INF] Executed action AuthNet.Controllers.CustomersController.GetCustomerCount (AuthNet) in 178.3358ms
2025-08-13 14:28:43.513 +05:30 [INF] Executed endpoint 'AuthNet.Controllers.CustomersController.GetCustomerCount (AuthNet)'
2025-08-13 14:28:43.513 +05:30 [INF] Request finished HTTP/1.1 GET https://localhost:7165/api/Customers/count - 200 null application/json; charset=utf-8 184.6464ms
2025-08-13 14:28:43.532 +05:30 [INF] Request starting HTTP/1.1 GET https://localhost:7165/api/Tasks - null null
2025-08-13 14:28:43.532 +05:30 [INF] Executing endpoint 'AuthNet.Controllers.TasksController.GetTasks (AuthNet)'
2025-08-13 14:28:43.534 +05:30 [INF] Route matched with {action = "GetTasks", controller = "Tasks"}. Executing controller action with signature Microsoft.AspNetCore.Mvc.IActionResult GetTasks() on controller AuthNet.Controllers.TasksController (AuthNet).
2025-08-13 14:28:43.583 +05:30 [INF] Executed DbCommand (32ms) [Parameters=[], CommandType='"Text"', CommandTimeout='30']
SELECT [t].[Id], [t].[Title], [t].[DueDate]
FROM [Tasks] AS [t]
2025-08-13 14:28:43.589 +05:30 [INF] Executing OkObjectResult, writing value of type 'System.Collections.Generic.List`1[[AuthNet.Models.DTO.TaskItemDto, AuthNet, Version=1.0.0.0, Culture=neutral, PublicKeyToken=null]]'.
2025-08-13 14:28:43.596 +05:30 [INF] Executed action AuthNet.Controllers.TasksController.GetTasks (AuthNet) in 62.2044ms
2025-08-13 14:28:43.596 +05:30 [INF] Executed endpoint 'AuthNet.Controllers.TasksController.GetTasks (AuthNet)'
2025-08-13 14:28:43.597 +05:30 [INF] Request finished HTTP/1.1 GET https://localhost:7165/api/Tasks - 200 null application/json; charset=utf-8 64.9386ms
2025-08-13 14:28:43.619 +05:30 [INF] Request starting HTTP/1.1 GET https://localhost:7165/api/Settings/Get - null null
2025-08-13 14:28:43.621 +05:30 [INF] Executing endpoint 'AuthNet.Controllers.SettingsController.GetCompanyInfo (AuthNet)'
2025-08-13 14:28:43.632 +05:30 [INF] Route matched with {action = "GetCompanyInfo", controller = "Settings"}. Executing controller action with signature System.Threading.Tasks.Task`1[Microsoft.AspNetCore.Mvc.IActionResult] GetCompanyInfo() on controller AuthNet.Controllers.SettingsController (AuthNet).
2025-08-13 14:28:43.648 +05:30 [WRN] The query uses the 'First'/'FirstOrDefault' operator without 'OrderBy' and filter operators. This may lead to unpredictable results.
2025-08-13 14:28:43.726 +05:30 [INF] Executed DbCommand (58ms) [Parameters=[], CommandType='"Text"', CommandTimeout='30']
SELECT TOP(1) [c].[Id], [c].[Address], [c].[AlternateContactNumber], [c].[ContactNumber], [c].[Email], [c].[GSTIN], [c].[IsGSTINActive], [c].[LogoFileExtension], [c].[LogoFilePath], [c].[LogoFileSizeInBytes], [c].[LogoName], [c].[Name], [c].[SignFileExtension], [c].[SignFilePath], [c].[SignFileSizeInBytes], [c].[SignName]
FROM [CompanyInfos] AS [c]
2025-08-13 14:28:43.807 +05:30 [INF] Executing OkObjectResult, writing value of type 'AuthNet.Models.DTO.CompanyInfoResponseDto'.
2025-08-13 14:28:43.811 +05:30 [INF] Executed action AuthNet.Controllers.SettingsController.GetCompanyInfo (AuthNet) in 179.0082ms
2025-08-13 14:28:43.811 +05:30 [INF] Executed endpoint 'AuthNet.Controllers.SettingsController.GetCompanyInfo (AuthNet)'
2025-08-13 14:28:43.812 +05:30 [INF] Request finished HTTP/1.1 GET https://localhost:7165/api/Settings/Get - 200 null application/json; charset=utf-8 192.1708ms
2025-08-13 14:28:45.387 +05:30 [INF] Request starting HTTP/2 GET https://localhost:7165/api/Products/CategoryWiseProductCount - null null
2025-08-13 14:28:45.390 +05:30 [INF] Request starting HTTP/2 GET https://localhost:7165/api/Sales/WeeklyProfit - null null
2025-08-13 14:28:45.391 +05:30 [INF] CORS policy execution successful.
2025-08-13 14:28:45.391 +05:30 [INF] CORS policy execution successful.
2025-08-13 14:28:45.392 +05:30 [INF] Executing endpoint 'AuthNet.Controllers.ProductsController.GetCategoryWiseProductCount (AuthNet)'
2025-08-13 14:28:45.392 +05:30 [INF] Executing endpoint 'AuthNet.Controllers.SalesController.GetWeeklyProfit (AuthNet)'
2025-08-13 14:28:45.399 +05:30 [INF] Route matched with {action = "GetCategoryWiseProductCount", controller = "Products"}. Executing controller action with signature System.Threading.Tasks.Task`1[Microsoft.AspNetCore.Mvc.IActionResult] GetCategoryWiseProductCount() on controller AuthNet.Controllers.ProductsController (AuthNet).
2025-08-13 14:28:45.427 +05:30 [INF] Route matched with {action = "GetWeeklyProfit", controller = "Sales"}. Executing controller action with signature System.Threading.Tasks.Task`1[Microsoft.AspNetCore.Mvc.IActionResult] GetWeeklyProfit() on controller AuthNet.Controllers.SalesController (AuthNet).
2025-08-13 14:28:45.574 +05:30 [INF] Executed DbCommand (127ms) [Parameters=[@__startDate_0='?' (DbType = DateTime2), @__endDate_1='?' (DbType = DateTime2)], CommandType='"Text"', CommandTimeout='30']
SELECT [s].[Id], [s].[ProductId], [s].[ProductName], [s].[Quantity], [s].[SaleId], [s].[TotalPrice], [s].[UnitPrice], [s0].[Id], [s0].[AfterTaxAmount], [s0].[CreatedAt], [s0].[DiscountedAmount], [s0].[InvoiceDate], [s0].[InvoiceNo], [s0].[PrincipalAmount], [s0].[Template], [s0].[TotalAmount]
FROM [SaleItems] AS [s]
INNER JOIN [Sales] AS [s0] ON [s].[SaleId] = [s0].[Id]
WHERE CONVERT(date, [s0].[InvoiceDate]) >= @__startDate_0 AND CONVERT(date, [s0].[InvoiceDate]) <= @__endDate_1
2025-08-13 14:28:45.609 +05:30 [INF] Executed DbCommand (21ms) [Parameters=[@__productIds_0='?' (Size = 4000)], CommandType='"Text"', CommandTimeout='30']
SELECT [p].[ProductId], [p].[CategoryId], [p].[CostPrice], [p].[Description], [p].[Name], [p].[ProductCode], [p].[ProductKey], [p].[SellPrice], [p].[SupplierId]
FROM [Products] AS [p]
WHERE [p].[ProductId] IN (
    SELECT [p0].[value]
    FROM OPENJSON(@__productIds_0) WITH ([value] int '$') AS [p0]
)
2025-08-13 14:28:45.630 +05:30 [INF] Executing OkObjectResult, writing value of type 'System.Collections.Generic.List`1[[AuthNet.Models.DTO.DailyProfitDto, AuthNet, Version=1.0.0.0, Culture=neutral, PublicKeyToken=null]]'.
2025-08-13 14:28:45.632 +05:30 [INF] Executed action AuthNet.Controllers.SalesController.GetWeeklyProfit (AuthNet) in 204.478ms
2025-08-13 14:28:45.632 +05:30 [INF] Executed endpoint 'AuthNet.Controllers.SalesController.GetWeeklyProfit (AuthNet)'
2025-08-13 14:28:45.632 +05:30 [INF] Request finished HTTP/2 GET https://localhost:7165/api/Sales/WeeklyProfit - 200 null application/json; charset=utf-8 241.5713ms
2025-08-13 14:28:45.919 +05:30 [INF] Executed DbCommand (86ms) [Parameters=[], CommandType='"Text"', CommandTimeout='30']
SELECT [c].[Name] AS [CategoryName], COUNT(*) AS [ProductCount]
FROM [Products] AS [p]
LEFT JOIN [Categories] AS [c] ON [p].[CategoryId] = [c].[CategoryId]
WHERE [c].[CategoryId] IS NOT NULL
GROUP BY [c].[Name]
2025-08-13 14:28:45.922 +05:30 [INF] Executing OkObjectResult, writing value of type 'System.Collections.Generic.List`1[[AuthNet.Models.DTO.CategoryProductCountDto, AuthNet, Version=1.0.0.0, Culture=neutral, PublicKeyToken=null]]'.
2025-08-13 14:28:45.925 +05:30 [INF] Executed action AuthNet.Controllers.ProductsController.GetCategoryWiseProductCount (AuthNet) in 526.1257ms
2025-08-13 14:28:45.925 +05:30 [INF] Executed endpoint 'AuthNet.Controllers.ProductsController.GetCategoryWiseProductCount (AuthNet)'
2025-08-13 14:28:45.926 +05:30 [INF] Request finished HTTP/2 GET https://localhost:7165/api/Products/CategoryWiseProductCount - 200 null application/json; charset=utf-8 538.5419ms
2025-08-13 14:28:49.502 +05:30 [INF] Request starting HTTP/1.1 POST https://localhost:7165/api/Auth/login - application/json; charset=utf-8 null
2025-08-13 14:28:49.507 +05:30 [INF] Executing endpoint 'AuthNet.Controllers.AuthController.Login (AuthNet)'
2025-08-13 14:28:49.526 +05:30 [INF] Route matched with {action = "Login", controller = "Auth"}. Executing controller action with signature System.Threading.Tasks.Task`1[Microsoft.AspNetCore.Mvc.IActionResult] Login(AuthNet.Models.DTO.LoginDto) on controller AuthNet.Controllers.AuthController (AuthNet).
2025-08-13 14:28:49.704 +05:30 [INF] Executed DbCommand (37ms) [Parameters=[@__username_0='?' (Size = 100)], CommandType='"Text"', CommandTimeout='30']
SELECT TOP(1) [u].[UserId], [u].[CreatedAt], [u].[Email], [u].[Firstname], [u].[Lastname], [u].[PasswordHash], [u].[Role], [u].[Username]
FROM [Users] AS [u]
WHERE [u].[Username] = @__username_0
2025-08-13 14:28:50.806 +05:30 [INF] Executing OkObjectResult, writing value of type 'AuthNet.Models.DTO.ServiceResponse`1[[AuthNet.Models.DTO.LoginResponseDto, AuthNet, Version=1.0.0.0, Culture=neutral, PublicKeyToken=null]]'.
2025-08-13 14:28:50.811 +05:30 [INF] Executed action AuthNet.Controllers.AuthController.Login (AuthNet) in 1284.9964ms
2025-08-13 14:28:50.811 +05:30 [INF] Executed endpoint 'AuthNet.Controllers.AuthController.Login (AuthNet)'
2025-08-13 14:28:50.812 +05:30 [INF] Request finished HTTP/1.1 POST https://localhost:7165/api/Auth/login - 200 null application/json; charset=utf-8 1309.8261ms
2025-08-13 14:28:50.845 +05:30 [INF] Request starting HTTP/1.1 GET https://localhost:7165/api/Sales/DailyProfit - null null
2025-08-13 14:28:50.846 +05:30 [INF] Executing endpoint 'AuthNet.Controllers.SalesController.GetDailyProfit (AuthNet)'
2025-08-13 14:28:50.846 +05:30 [INF] Route matched with {action = "GetDailyProfit", controller = "Sales"}. Executing controller action with signature System.Threading.Tasks.Task`1[Microsoft.AspNetCore.Mvc.IActionResult] GetDailyProfit() on controller AuthNet.Controllers.SalesController (AuthNet).
2025-08-13 14:28:50.867 +05:30 [INF] Executed DbCommand (17ms) [Parameters=[@__date_Date_0='?' (DbType = DateTime2)], CommandType='"Text"', CommandTimeout='30']
SELECT [s].[Id], [s].[ProductId], [s].[ProductName], [s].[Quantity], [s].[SaleId], [s].[TotalPrice], [s].[UnitPrice], [s0].[Id], [s0].[AfterTaxAmount], [s0].[CreatedAt], [s0].[DiscountedAmount], [s0].[InvoiceDate], [s0].[InvoiceNo], [s0].[PrincipalAmount], [s0].[Template], [s0].[TotalAmount]
FROM [SaleItems] AS [s]
INNER JOIN [Sales] AS [s0] ON [s].[SaleId] = [s0].[Id]
WHERE CONVERT(date, [s0].[InvoiceDate]) = @__date_Date_0
2025-08-13 14:28:50.878 +05:30 [INF] Executed DbCommand (10ms) [Parameters=[@__productIds_0='?' (Size = 4000)], CommandType='"Text"', CommandTimeout='30']
SELECT [p].[ProductId], [p].[CategoryId], [p].[CostPrice], [p].[Description], [p].[Name], [p].[ProductCode], [p].[ProductKey], [p].[SellPrice], [p].[SupplierId]
FROM [Products] AS [p]
WHERE [p].[ProductId] IN (
    SELECT [p0].[value]
    FROM OPENJSON(@__productIds_0) WITH ([value] int '$') AS [p0]
)
2025-08-13 14:28:50.878 +05:30 [INF] Executing OkObjectResult, writing value of type 'AuthNet.Models.DTO.DailyProfitDto'.
2025-08-13 14:28:50.879 +05:30 [INF] Executed action AuthNet.Controllers.SalesController.GetDailyProfit (AuthNet) in 32.4422ms
2025-08-13 14:28:50.879 +05:30 [INF] Executed endpoint 'AuthNet.Controllers.SalesController.GetDailyProfit (AuthNet)'
2025-08-13 14:28:50.879 +05:30 [INF] Request finished HTTP/1.1 GET https://localhost:7165/api/Sales/DailyProfit - 200 null application/json; charset=utf-8 34.3374ms
2025-08-13 14:28:50.902 +05:30 [INF] Request starting HTTP/1.1 GET https://localhost:7165/api/Sales/CurrentMonthProfit - null null
2025-08-13 14:28:50.902 +05:30 [INF] Executing endpoint 'AuthNet.Controllers.SalesController.GetCurrentMonthProfit (AuthNet)'
2025-08-13 14:28:50.903 +05:30 [INF] Route matched with {action = "GetCurrentMonthProfit", controller = "Sales"}. Executing controller action with signature System.Threading.Tasks.Task`1[Microsoft.AspNetCore.Mvc.IActionResult] GetCurrentMonthProfit() on controller AuthNet.Controllers.SalesController (AuthNet).
2025-08-13 14:28:50.916 +05:30 [INF] Executed DbCommand (11ms) [Parameters=[@__currentYear_0='?' (DbType = Int32), @__currentMonth_1='?' (DbType = Int32)], CommandType='"Text"', CommandTimeout='30']
SELECT [s].[Id], [s].[ProductId], [s].[ProductName], [s].[Quantity], [s].[SaleId], [s].[TotalPrice], [s].[UnitPrice], [s0].[Id], [s0].[AfterTaxAmount], [s0].[CreatedAt], [s0].[DiscountedAmount], [s0].[InvoiceDate], [s0].[InvoiceNo], [s0].[PrincipalAmount], [s0].[Template], [s0].[TotalAmount]
FROM [SaleItems] AS [s]
INNER JOIN [Sales] AS [s0] ON [s].[SaleId] = [s0].[Id]
WHERE DATEPART(year, [s0].[InvoiceDate]) = @__currentYear_0 AND DATEPART(month, [s0].[InvoiceDate]) = @__currentMonth_1
2025-08-13 14:28:50.933 +05:30 [INF] Executed DbCommand (15ms) [Parameters=[@__productIds_0='?' (Size = 4000)], CommandType='"Text"', CommandTimeout='30']
SELECT [p].[ProductId], [p].[CategoryId], [p].[CostPrice], [p].[Description], [p].[Name], [p].[ProductCode], [p].[ProductKey], [p].[SellPrice], [p].[SupplierId]
FROM [Products] AS [p]
WHERE [p].[ProductId] IN (
    SELECT [p0].[value]
    FROM OPENJSON(@__productIds_0) WITH ([value] int '$') AS [p0]
)
2025-08-13 14:28:50.934 +05:30 [INF] Executing OkObjectResult, writing value of type 'AuthNet.Models.DTO.MonthlyProfitDto'.
2025-08-13 14:28:50.934 +05:30 [INF] Executed action AuthNet.Controllers.SalesController.GetCurrentMonthProfit (AuthNet) in 31.4069ms
2025-08-13 14:28:50.934 +05:30 [INF] Executed endpoint 'AuthNet.Controllers.SalesController.GetCurrentMonthProfit (AuthNet)'
2025-08-13 14:28:50.935 +05:30 [INF] Request finished HTTP/1.1 GET https://localhost:7165/api/Sales/CurrentMonthProfit - 200 null application/json; charset=utf-8 32.98ms
2025-08-13 14:28:50.991 +05:30 [INF] Request starting HTTP/1.1 GET https://localhost:7165/api/Sales/CurrentYearProfit - null null
2025-08-13 14:28:50.992 +05:30 [INF] Executing endpoint 'AuthNet.Controllers.SalesController.GetCurrentYearProfit (AuthNet)'
2025-08-13 14:28:50.993 +05:30 [INF] Route matched with {action = "GetCurrentYearProfit", controller = "Sales"}. Executing controller action with signature System.Threading.Tasks.Task`1[Microsoft.AspNetCore.Mvc.IActionResult] GetCurrentYearProfit() on controller AuthNet.Controllers.SalesController (AuthNet).
2025-08-13 14:28:51.021 +05:30 [INF] Executed DbCommand (23ms) [Parameters=[@__currentYear_0='?' (DbType = Int32)], CommandType='"Text"', CommandTimeout='30']
SELECT [s].[Id], [s].[ProductId], [s].[ProductName], [s].[Quantity], [s].[SaleId], [s].[TotalPrice], [s].[UnitPrice], [s0].[Id], [s0].[AfterTaxAmount], [s0].[CreatedAt], [s0].[DiscountedAmount], [s0].[InvoiceDate], [s0].[InvoiceNo], [s0].[PrincipalAmount], [s0].[Template], [s0].[TotalAmount]
FROM [SaleItems] AS [s]
INNER JOIN [Sales] AS [s0] ON [s].[SaleId] = [s0].[Id]
WHERE DATEPART(year, [s0].[InvoiceDate]) = @__currentYear_0
2025-08-13 14:28:51.044 +05:30 [INF] Executed DbCommand (15ms) [Parameters=[@__productIds_0='?' (Size = 4000)], CommandType='"Text"', CommandTimeout='30']
SELECT [p].[ProductId], [p].[CategoryId], [p].[CostPrice], [p].[Description], [p].[Name], [p].[ProductCode], [p].[ProductKey], [p].[SellPrice], [p].[SupplierId]
FROM [Products] AS [p]
WHERE [p].[ProductId] IN (
    SELECT [p0].[value]
    FROM OPENJSON(@__productIds_0) WITH ([value] int '$') AS [p0]
)
2025-08-13 14:28:51.045 +05:30 [INF] Executing OkObjectResult, writing value of type 'AuthNet.Models.DTO.YearlyProfitDto'.
2025-08-13 14:28:51.045 +05:30 [INF] Executed action AuthNet.Controllers.SalesController.GetCurrentYearProfit (AuthNet) in 51.5199ms
2025-08-13 14:28:51.045 +05:30 [INF] Executed endpoint 'AuthNet.Controllers.SalesController.GetCurrentYearProfit (AuthNet)'
2025-08-13 14:28:51.046 +05:30 [INF] Request finished HTTP/1.1 GET https://localhost:7165/api/Sales/CurrentYearProfit - 200 null application/json; charset=utf-8 55.8964ms
2025-08-13 14:28:51.060 +05:30 [INF] Request starting HTTP/1.1 GET https://localhost:7165/api/Products/count - null null
2025-08-13 14:28:51.061 +05:30 [INF] Executing endpoint 'AuthNet.Controllers.ProductsController.GetProductCount (AuthNet)'
2025-08-13 14:28:51.061 +05:30 [INF] Route matched with {action = "GetProductCount", controller = "Products"}. Executing controller action with signature System.Threading.Tasks.Task`1[Microsoft.AspNetCore.Mvc.IActionResult] GetProductCount() on controller AuthNet.Controllers.ProductsController (AuthNet).
2025-08-13 14:28:51.068 +05:30 [INF] Executed DbCommand (4ms) [Parameters=[], CommandType='"Text"', CommandTimeout='30']
SELECT COUNT(*)
FROM [Products] AS [p]
2025-08-13 14:28:51.068 +05:30 [INF] Executing OkObjectResult, writing value of type 'System.Int32'.
2025-08-13 14:28:51.068 +05:30 [INF] Executed action AuthNet.Controllers.ProductsController.GetProductCount (AuthNet) in 6.9825ms
2025-08-13 14:28:51.068 +05:30 [INF] Executed endpoint 'AuthNet.Controllers.ProductsController.GetProductCount (AuthNet)'
2025-08-13 14:28:51.069 +05:30 [INF] Request finished HTTP/1.1 GET https://localhost:7165/api/Products/count - 200 null application/json; charset=utf-8 8.6044ms
2025-08-13 14:28:51.085 +05:30 [INF] Request starting HTTP/1.1 GET https://localhost:7165/api/Suppliers/count - null null
2025-08-13 14:28:51.086 +05:30 [INF] Executing endpoint 'AuthNet.Controllers.SuppliersController.GetSupplierCount (AuthNet)'
2025-08-13 14:28:51.086 +05:30 [INF] Route matched with {action = "GetSupplierCount", controller = "Suppliers"}. Executing controller action with signature System.Threading.Tasks.Task`1[Microsoft.AspNetCore.Mvc.IActionResult] GetSupplierCount() on controller AuthNet.Controllers.SuppliersController (AuthNet).
2025-08-13 14:28:51.095 +05:30 [INF] Executed DbCommand (4ms) [Parameters=[], CommandType='"Text"', CommandTimeout='30']
SELECT COUNT(*)
FROM [Suppliers] AS [s]
2025-08-13 14:28:51.095 +05:30 [INF] Executing OkObjectResult, writing value of type 'System.Int32'.
2025-08-13 14:28:51.095 +05:30 [INF] Executed action AuthNet.Controllers.SuppliersController.GetSupplierCount (AuthNet) in 9.4417ms
2025-08-13 14:28:51.095 +05:30 [INF] Executed endpoint 'AuthNet.Controllers.SuppliersController.GetSupplierCount (AuthNet)'
2025-08-13 14:28:51.096 +05:30 [INF] Request finished HTTP/1.1 GET https://localhost:7165/api/Suppliers/count - 200 null application/json; charset=utf-8 11.4032ms
2025-08-13 14:28:51.114 +05:30 [INF] Request starting HTTP/1.1 GET https://localhost:7165/api/Categories/count - null null
2025-08-13 14:28:51.115 +05:30 [INF] Executing endpoint 'AuthNet.Controllers.CategoriesController.GetCategoryCount (AuthNet)'
2025-08-13 14:28:51.115 +05:30 [INF] Route matched with {action = "GetCategoryCount", controller = "Categories"}. Executing controller action with signature System.Threading.Tasks.Task`1[Microsoft.AspNetCore.Mvc.IActionResult] GetCategoryCount() on controller AuthNet.Controllers.CategoriesController (AuthNet).
2025-08-13 14:28:51.126 +05:30 [INF] Executed DbCommand (9ms) [Parameters=[], CommandType='"Text"', CommandTimeout='30']
SELECT COUNT(*)
FROM [Categories] AS [c]
2025-08-13 14:28:51.126 +05:30 [INF] Executing OkObjectResult, writing value of type 'System.Int32'.
2025-08-13 14:28:51.127 +05:30 [INF] Executed action AuthNet.Controllers.CategoriesController.GetCategoryCount (AuthNet) in 11.6121ms
2025-08-13 14:28:51.127 +05:30 [INF] Executed endpoint 'AuthNet.Controllers.CategoriesController.GetCategoryCount (AuthNet)'
2025-08-13 14:28:51.127 +05:30 [INF] Request finished HTTP/1.1 GET https://localhost:7165/api/Categories/count - 200 null application/json; charset=utf-8 12.9379ms
2025-08-13 14:28:51.194 +05:30 [INF] Request starting HTTP/1.1 GET https://localhost:7165/api/Orders/count - null null
2025-08-13 14:28:51.195 +05:30 [INF] Executing endpoint 'AuthNet.Controllers.OrdersController.GetOrderCount (AuthNet)'
2025-08-13 14:28:51.195 +05:30 [INF] Route matched with {action = "GetOrderCount", controller = "Orders"}. Executing controller action with signature System.Threading.Tasks.Task`1[Microsoft.AspNetCore.Mvc.IActionResult] GetOrderCount() on controller AuthNet.Controllers.OrdersController (AuthNet).
2025-08-13 14:28:51.342 +05:30 [INF] Executed DbCommand (144ms) [Parameters=[], CommandType='"Text"', CommandTimeout='30']
SELECT COUNT(*)
FROM [Orders] AS [o]
2025-08-13 14:28:51.342 +05:30 [INF] Executing OkObjectResult, writing value of type 'System.Int32'.
2025-08-13 14:28:51.343 +05:30 [INF] Executed action AuthNet.Controllers.OrdersController.GetOrderCount (AuthNet) in 147.6036ms
2025-08-13 14:28:51.343 +05:30 [INF] Executed endpoint 'AuthNet.Controllers.OrdersController.GetOrderCount (AuthNet)'
2025-08-13 14:28:51.343 +05:30 [INF] Request finished HTTP/1.1 GET https://localhost:7165/api/Orders/count - 200 null application/json; charset=utf-8 148.9259ms
2025-08-13 14:28:51.399 +05:30 [INF] Request starting HTTP/1.1 GET https://localhost:7165/api/Customers/count - null null
2025-08-13 14:28:51.399 +05:30 [INF] Executing endpoint 'AuthNet.Controllers.CustomersController.GetCustomerCount (AuthNet)'
2025-08-13 14:28:51.399 +05:30 [INF] Route matched with {action = "GetCustomerCount", controller = "Customers"}. Executing controller action with signature System.Threading.Tasks.Task`1[Microsoft.AspNetCore.Mvc.IActionResult] GetCustomerCount() on controller AuthNet.Controllers.CustomersController (AuthNet).
2025-08-13 14:28:51.452 +05:30 [INF] Executed DbCommand (51ms) [Parameters=[], CommandType='"Text"', CommandTimeout='30']
SELECT COUNT(*)
FROM [Customers] AS [c]
2025-08-13 14:28:51.453 +05:30 [INF] Executing OkObjectResult, writing value of type 'System.Int32'.
2025-08-13 14:28:51.453 +05:30 [INF] Executed action AuthNet.Controllers.CustomersController.GetCustomerCount (AuthNet) in 53.7346ms
2025-08-13 14:28:51.453 +05:30 [INF] Executed endpoint 'AuthNet.Controllers.CustomersController.GetCustomerCount (AuthNet)'
2025-08-13 14:28:51.454 +05:30 [INF] Request finished HTTP/1.1 GET https://localhost:7165/api/Customers/count - 200 null application/json; charset=utf-8 54.9743ms
2025-08-13 14:28:51.563 +05:30 [INF] Request starting HTTP/1.1 GET https://localhost:7165/api/Tasks - null null
2025-08-13 14:28:51.564 +05:30 [INF] Executing endpoint 'AuthNet.Controllers.TasksController.GetTasks (AuthNet)'
2025-08-13 14:28:51.564 +05:30 [INF] Route matched with {action = "GetTasks", controller = "Tasks"}. Executing controller action with signature Microsoft.AspNetCore.Mvc.IActionResult GetTasks() on controller AuthNet.Controllers.TasksController (AuthNet).
2025-08-13 14:28:51.574 +05:30 [INF] Executed DbCommand (7ms) [Parameters=[], CommandType='"Text"', CommandTimeout='30']
SELECT [t].[Id], [t].[Title], [t].[DueDate]
FROM [Tasks] AS [t]
2025-08-13 14:28:51.575 +05:30 [INF] Executing OkObjectResult, writing value of type 'System.Collections.Generic.List`1[[AuthNet.Models.DTO.TaskItemDto, AuthNet, Version=1.0.0.0, Culture=neutral, PublicKeyToken=null]]'.
2025-08-13 14:28:51.575 +05:30 [INF] Executed action AuthNet.Controllers.TasksController.GetTasks (AuthNet) in 10.7455ms
2025-08-13 14:28:51.575 +05:30 [INF] Executed endpoint 'AuthNet.Controllers.TasksController.GetTasks (AuthNet)'
2025-08-13 14:28:51.575 +05:30 [INF] Request finished HTTP/1.1 GET https://localhost:7165/api/Tasks - 200 null application/json; charset=utf-8 12.0723ms
2025-08-13 14:28:51.597 +05:30 [INF] Request starting HTTP/1.1 GET https://localhost:7165/api/Settings/Get - null null
2025-08-13 14:28:51.599 +05:30 [INF] Executing endpoint 'AuthNet.Controllers.SettingsController.GetCompanyInfo (AuthNet)'
2025-08-13 14:28:51.599 +05:30 [INF] Route matched with {action = "GetCompanyInfo", controller = "Settings"}. Executing controller action with signature System.Threading.Tasks.Task`1[Microsoft.AspNetCore.Mvc.IActionResult] GetCompanyInfo() on controller AuthNet.Controllers.SettingsController (AuthNet).
2025-08-13 14:28:51.610 +05:30 [INF] Executed DbCommand (8ms) [Parameters=[], CommandType='"Text"', CommandTimeout='30']
SELECT TOP(1) [c].[Id], [c].[Address], [c].[AlternateContactNumber], [c].[ContactNumber], [c].[Email], [c].[GSTIN], [c].[IsGSTINActive], [c].[LogoFileExtension], [c].[LogoFilePath], [c].[LogoFileSizeInBytes], [c].[LogoName], [c].[Name], [c].[SignFileExtension], [c].[SignFilePath], [c].[SignFileSizeInBytes], [c].[SignName]
FROM [CompanyInfos] AS [c]
2025-08-13 14:28:51.610 +05:30 [INF] Executing OkObjectResult, writing value of type 'AuthNet.Models.DTO.CompanyInfoResponseDto'.
2025-08-13 14:28:51.611 +05:30 [INF] Executed action AuthNet.Controllers.SettingsController.GetCompanyInfo (AuthNet) in 11.0419ms
2025-08-13 14:28:51.611 +05:30 [INF] Executed endpoint 'AuthNet.Controllers.SettingsController.GetCompanyInfo (AuthNet)'
2025-08-13 14:28:51.611 +05:30 [INF] Request finished HTTP/1.1 GET https://localhost:7165/api/Settings/Get - 200 null application/json; charset=utf-8 14.2566ms
2025-08-13 14:28:51.867 +05:30 [INF] Request starting HTTP/2 GET https://localhost:7165/api/Sales/WeeklyProfit - null null
2025-08-13 14:28:51.868 +05:30 [INF] Request starting HTTP/2 GET https://localhost:7165/api/Products/CategoryWiseProductCount - null null
2025-08-13 14:28:51.868 +05:30 [INF] CORS policy execution successful.
2025-08-13 14:28:51.868 +05:30 [INF] Executing endpoint 'AuthNet.Controllers.SalesController.GetWeeklyProfit (AuthNet)'
2025-08-13 14:28:51.868 +05:30 [INF] CORS policy execution successful.
2025-08-13 14:28:51.869 +05:30 [INF] Route matched with {action = "GetWeeklyProfit", controller = "Sales"}. Executing controller action with signature System.Threading.Tasks.Task`1[Microsoft.AspNetCore.Mvc.IActionResult] GetWeeklyProfit() on controller AuthNet.Controllers.SalesController (AuthNet).
2025-08-13 14:28:51.869 +05:30 [INF] Executing endpoint 'AuthNet.Controllers.ProductsController.GetCategoryWiseProductCount (AuthNet)'
2025-08-13 14:28:51.869 +05:30 [INF] Route matched with {action = "GetCategoryWiseProductCount", controller = "Products"}. Executing controller action with signature System.Threading.Tasks.Task`1[Microsoft.AspNetCore.Mvc.IActionResult] GetCategoryWiseProductCount() on controller AuthNet.Controllers.ProductsController (AuthNet).
2025-08-13 14:28:51.892 +05:30 [INF] Executed DbCommand (20ms) [Parameters=[@__startDate_0='?' (DbType = DateTime2), @__endDate_1='?' (DbType = DateTime2)], CommandType='"Text"', CommandTimeout='30']
SELECT [s].[Id], [s].[ProductId], [s].[ProductName], [s].[Quantity], [s].[SaleId], [s].[TotalPrice], [s].[UnitPrice], [s0].[Id], [s0].[AfterTaxAmount], [s0].[CreatedAt], [s0].[DiscountedAmount], [s0].[InvoiceDate], [s0].[InvoiceNo], [s0].[PrincipalAmount], [s0].[Template], [s0].[TotalAmount]
FROM [SaleItems] AS [s]
INNER JOIN [Sales] AS [s0] ON [s].[SaleId] = [s0].[Id]
WHERE CONVERT(date, [s0].[InvoiceDate]) >= @__startDate_0 AND CONVERT(date, [s0].[InvoiceDate]) <= @__endDate_1
2025-08-13 14:28:51.951 +05:30 [INF] Executed DbCommand (72ms) [Parameters=[], CommandType='"Text"', CommandTimeout='30']
SELECT [c].[Name] AS [CategoryName], COUNT(*) AS [ProductCount]
FROM [Products] AS [p]
LEFT JOIN [Categories] AS [c] ON [p].[CategoryId] = [c].[CategoryId]
WHERE [c].[CategoryId] IS NOT NULL
GROUP BY [c].[Name]
2025-08-13 14:28:51.952 +05:30 [INF] Executing OkObjectResult, writing value of type 'System.Collections.Generic.List`1[[AuthNet.Models.DTO.CategoryProductCountDto, AuthNet, Version=1.0.0.0, Culture=neutral, PublicKeyToken=null]]'.
2025-08-13 14:28:51.953 +05:30 [INF] Executed action AuthNet.Controllers.ProductsController.GetCategoryWiseProductCount (AuthNet) in 84.0076ms
2025-08-13 14:28:51.959 +05:30 [INF] Executed endpoint 'AuthNet.Controllers.ProductsController.GetCategoryWiseProductCount (AuthNet)'
2025-08-13 14:28:51.961 +05:30 [INF] Request finished HTTP/2 GET https://localhost:7165/api/Products/CategoryWiseProductCount - 200 null application/json; charset=utf-8 93.3316ms
2025-08-13 14:28:52.045 +05:30 [INF] Executed DbCommand (151ms) [Parameters=[@__productIds_0='?' (Size = 4000)], CommandType='"Text"', CommandTimeout='30']
SELECT [p].[ProductId], [p].[CategoryId], [p].[CostPrice], [p].[Description], [p].[Name], [p].[ProductCode], [p].[ProductKey], [p].[SellPrice], [p].[SupplierId]
FROM [Products] AS [p]
WHERE [p].[ProductId] IN (
    SELECT [p0].[value]
    FROM OPENJSON(@__productIds_0) WITH ([value] int '$') AS [p0]
)
2025-08-13 14:28:52.046 +05:30 [INF] Executing OkObjectResult, writing value of type 'System.Collections.Generic.List`1[[AuthNet.Models.DTO.DailyProfitDto, AuthNet, Version=1.0.0.0, Culture=neutral, PublicKeyToken=null]]'.
2025-08-13 14:28:52.047 +05:30 [INF] Executed action AuthNet.Controllers.SalesController.GetWeeklyProfit (AuthNet) in 177.5679ms
2025-08-13 14:28:52.047 +05:30 [INF] Executed endpoint 'AuthNet.Controllers.SalesController.GetWeeklyProfit (AuthNet)'
2025-08-13 14:28:52.047 +05:30 [INF] Request finished HTTP/2 GET https://localhost:7165/api/Sales/WeeklyProfit - 200 null application/json; charset=utf-8 180.0252ms
2025-08-13 14:28:55.637 +05:30 [INF] Request starting HTTP/1.1 GET https://localhost:7165/api/Settings/Get - null null
2025-08-13 14:28:55.639 +05:30 [INF] Executing endpoint 'AuthNet.Controllers.SettingsController.GetCompanyInfo (AuthNet)'
2025-08-13 14:28:55.639 +05:30 [INF] Route matched with {action = "GetCompanyInfo", controller = "Settings"}. Executing controller action with signature System.Threading.Tasks.Task`1[Microsoft.AspNetCore.Mvc.IActionResult] GetCompanyInfo() on controller AuthNet.Controllers.SettingsController (AuthNet).
2025-08-13 14:28:55.651 +05:30 [INF] Executed DbCommand (8ms) [Parameters=[], CommandType='"Text"', CommandTimeout='30']
SELECT TOP(1) [c].[Id], [c].[Address], [c].[AlternateContactNumber], [c].[ContactNumber], [c].[Email], [c].[GSTIN], [c].[IsGSTINActive], [c].[LogoFileExtension], [c].[LogoFilePath], [c].[LogoFileSizeInBytes], [c].[LogoName], [c].[Name], [c].[SignFileExtension], [c].[SignFilePath], [c].[SignFileSizeInBytes], [c].[SignName]
FROM [CompanyInfos] AS [c]
2025-08-13 14:28:55.652 +05:30 [INF] Executing OkObjectResult, writing value of type 'AuthNet.Models.DTO.CompanyInfoResponseDto'.
2025-08-13 14:28:55.653 +05:30 [INF] Executed action AuthNet.Controllers.SettingsController.GetCompanyInfo (AuthNet) in 12.5591ms
2025-08-13 14:28:55.653 +05:30 [INF] Executed endpoint 'AuthNet.Controllers.SettingsController.GetCompanyInfo (AuthNet)'
2025-08-13 14:28:55.653 +05:30 [INF] Request finished HTTP/1.1 GET https://localhost:7165/api/Settings/Get - 200 null application/json; charset=utf-8 15.7358ms
2025-08-13 14:28:59.664 +05:30 [INF] Request starting HTTP/1.1 GET https://localhost:7165/api/Settings/Get - null null
2025-08-13 14:28:59.665 +05:30 [INF] Executing endpoint 'AuthNet.Controllers.SettingsController.GetCompanyInfo (AuthNet)'
2025-08-13 14:28:59.665 +05:30 [INF] Route matched with {action = "GetCompanyInfo", controller = "Settings"}. Executing controller action with signature System.Threading.Tasks.Task`1[Microsoft.AspNetCore.Mvc.IActionResult] GetCompanyInfo() on controller AuthNet.Controllers.SettingsController (AuthNet).
2025-08-13 14:28:59.676 +05:30 [INF] Executed DbCommand (9ms) [Parameters=[], CommandType='"Text"', CommandTimeout='30']
SELECT TOP(1) [c].[Id], [c].[Address], [c].[AlternateContactNumber], [c].[ContactNumber], [c].[Email], [c].[GSTIN], [c].[IsGSTINActive], [c].[LogoFileExtension], [c].[LogoFilePath], [c].[LogoFileSizeInBytes], [c].[LogoName], [c].[Name], [c].[SignFileExtension], [c].[SignFilePath], [c].[SignFileSizeInBytes], [c].[SignName]
FROM [CompanyInfos] AS [c]
2025-08-13 14:28:59.677 +05:30 [INF] Executing OkObjectResult, writing value of type 'AuthNet.Models.DTO.CompanyInfoResponseDto'.
2025-08-13 14:28:59.677 +05:30 [INF] Executed action AuthNet.Controllers.SettingsController.GetCompanyInfo (AuthNet) in 12.2763ms
2025-08-13 14:28:59.677 +05:30 [INF] Executed endpoint 'AuthNet.Controllers.SettingsController.GetCompanyInfo (AuthNet)'
2025-08-13 14:28:59.678 +05:30 [INF] Request finished HTTP/1.1 GET https://localhost:7165/api/Settings/Get - 200 null application/json; charset=utf-8 13.5735ms
2025-08-13 14:30:35.944 +05:30 [INF] Request starting HTTP/2 GET https://localhost:7165/swagger/index.html - null null
2025-08-13 14:30:35.975 +05:30 [INF] Request finished HTTP/2 GET https://localhost:7165/swagger/index.html - 200 null text/html;charset=utf-8 31.4276ms
2025-08-13 14:30:37.513 +05:30 [INF] Request starting HTTP/2 GET https://localhost:7165/_vs/browserLink - null null
2025-08-13 14:30:37.541 +05:30 [INF] Request finished HTTP/2 GET https://localhost:7165/_vs/browserLink - 200 null text/javascript; charset=UTF-8 28.0195ms
2025-08-13 14:30:37.548 +05:30 [INF] Request starting HTTP/2 GET https://localhost:7165/_framework/aspnetcore-browser-refresh.js - null null
2025-08-13 14:30:37.549 +05:30 [INF] Request finished HTTP/2 GET https://localhost:7165/_framework/aspnetcore-browser-refresh.js - 200 16499 application/javascript; charset=utf-8 1.8321ms
2025-08-13 14:30:39.424 +05:30 [INF] Request starting HTTP/2 GET https://localhost:7165/swagger/v1/swagger.json - null null
2025-08-13 14:30:39.529 +05:30 [INF] Request finished HTTP/2 GET https://localhost:7165/swagger/v1/swagger.json - 200 null application/json;charset=utf-8 104.2039ms
2025-08-13 14:30:41.289 +05:30 [INF] Request starting HTTP/1.1 GET https://localhost:7165/api/Settings/Get - null null
2025-08-13 14:30:41.292 +05:30 [INF] Executing endpoint 'AuthNet.Controllers.SettingsController.GetCompanyInfo (AuthNet)'
2025-08-13 14:30:41.298 +05:30 [INF] Route matched with {action = "GetCompanyInfo", controller = "Settings"}. Executing controller action with signature System.Threading.Tasks.Task`1[Microsoft.AspNetCore.Mvc.IActionResult] GetCompanyInfo() on controller AuthNet.Controllers.SettingsController (AuthNet).
2025-08-13 14:30:41.334 +05:30 [INF] Executed DbCommand (33ms) [Parameters=[], CommandType='"Text"', CommandTimeout='30']
SELECT TOP(1) [c].[Id], [c].[Address], [c].[AlternateContactNumber], [c].[ContactNumber], [c].[Email], [c].[GSTIN], [c].[IsGSTINActive], [c].[LogoFileExtension], [c].[LogoFilePath], [c].[LogoFileSizeInBytes], [c].[LogoName], [c].[Name], [c].[SignFileExtension], [c].[SignFilePath], [c].[SignFileSizeInBytes], [c].[SignName]
FROM [CompanyInfos] AS [c]
2025-08-13 14:30:41.335 +05:30 [INF] Executing OkObjectResult, writing value of type 'AuthNet.Models.DTO.CompanyInfoResponseDto'.
2025-08-13 14:30:41.338 +05:30 [INF] Executed action AuthNet.Controllers.SettingsController.GetCompanyInfo (AuthNet) in 40.4888ms
2025-08-13 14:30:41.338 +05:30 [INF] Executed endpoint 'AuthNet.Controllers.SettingsController.GetCompanyInfo (AuthNet)'
2025-08-13 14:30:41.339 +05:30 [INF] Request finished HTTP/1.1 GET https://localhost:7165/api/Settings/Get - 200 null application/json; charset=utf-8 49.7599ms
2025-08-13 14:31:29.647 +05:30 [INF] Request starting HTTP/2 GET https://localhost:7165/swagger/index.html - null null
2025-08-13 14:31:29.658 +05:30 [INF] Request finished HTTP/2 GET https://localhost:7165/swagger/index.html - 200 null text/html;charset=utf-8 11.3678ms
2025-08-13 14:31:30.659 +05:30 [INF] Request starting HTTP/2 GET https://localhost:7165/_framework/aspnetcore-browser-refresh.js - null null
2025-08-13 14:31:30.852 +05:30 [INF] Request finished HTTP/2 GET https://localhost:7165/_framework/aspnetcore-browser-refresh.js - 200 16499 application/javascript; charset=utf-8 192.4139ms
2025-08-13 14:31:30.934 +05:30 [INF] Request starting HTTP/2 GET https://localhost:7165/_vs/browserLink - null null
2025-08-13 14:31:31.005 +05:30 [INF] Request starting HTTP/1.1 GET https://localhost:7165/api/Settings/Get - null null
2025-08-13 14:31:31.008 +05:30 [INF] Executing endpoint 'AuthNet.Controllers.SettingsController.GetCompanyInfo (AuthNet)'
2025-08-13 14:31:31.026 +05:30 [INF] Route matched with {action = "GetCompanyInfo", controller = "Settings"}. Executing controller action with signature System.Threading.Tasks.Task`1[Microsoft.AspNetCore.Mvc.IActionResult] GetCompanyInfo() on controller AuthNet.Controllers.SettingsController (AuthNet).
2025-08-13 14:31:31.045 +05:30 [INF] Executed DbCommand (14ms) [Parameters=[], CommandType='"Text"', CommandTimeout='30']
SELECT TOP(1) [c].[Id], [c].[Address], [c].[AlternateContactNumber], [c].[ContactNumber], [c].[Email], [c].[GSTIN], [c].[IsGSTINActive], [c].[LogoFileExtension], [c].[LogoFilePath], [c].[LogoFileSizeInBytes], [c].[LogoName], [c].[Name], [c].[SignFileExtension], [c].[SignFilePath], [c].[SignFileSizeInBytes], [c].[SignName]
FROM [CompanyInfos] AS [c]
2025-08-13 14:31:31.046 +05:30 [INF] Request finished HTTP/2 GET https://localhost:7165/_vs/browserLink - 200 null text/javascript; charset=UTF-8 111.9832ms
2025-08-13 14:31:31.046 +05:30 [INF] Executing OkObjectResult, writing value of type 'AuthNet.Models.DTO.CompanyInfoResponseDto'.
2025-08-13 14:31:31.052 +05:30 [INF] Executed action AuthNet.Controllers.SettingsController.GetCompanyInfo (AuthNet) in 26.3056ms
2025-08-13 14:31:31.053 +05:30 [INF] Executed endpoint 'AuthNet.Controllers.SettingsController.GetCompanyInfo (AuthNet)'
2025-08-13 14:31:31.053 +05:30 [INF] Request finished HTTP/1.1 GET https://localhost:7165/api/Settings/Get - 200 null application/json; charset=utf-8 48.2378ms
2025-08-13 14:31:34.388 +05:30 [INF] Request starting HTTP/2 GET https://localhost:7165/swagger/v1/swagger.json - null null
2025-08-13 14:31:34.434 +05:30 [INF] Request finished HTTP/2 GET https://localhost:7165/swagger/v1/swagger.json - 200 null application/json;charset=utf-8 46.0079ms
2025-08-13 14:31:39.718 +05:30 [INF] Request starting HTTP/1.1 GET https://localhost:7165/api/Settings/Get - null null
2025-08-13 14:31:39.725 +05:30 [INF] Executing endpoint 'AuthNet.Controllers.SettingsController.GetCompanyInfo (AuthNet)'
2025-08-13 14:31:39.725 +05:30 [INF] Route matched with {action = "GetCompanyInfo", controller = "Settings"}. Executing controller action with signature System.Threading.Tasks.Task`1[Microsoft.AspNetCore.Mvc.IActionResult] GetCompanyInfo() on controller AuthNet.Controllers.SettingsController (AuthNet).
2025-08-13 14:31:39.741 +05:30 [INF] Executed DbCommand (14ms) [Parameters=[], CommandType='"Text"', CommandTimeout='30']
SELECT TOP(1) [c].[Id], [c].[Address], [c].[AlternateContactNumber], [c].[ContactNumber], [c].[Email], [c].[GSTIN], [c].[IsGSTINActive], [c].[LogoFileExtension], [c].[LogoFilePath], [c].[LogoFileSizeInBytes], [c].[LogoName], [c].[Name], [c].[SignFileExtension], [c].[SignFilePath], [c].[SignFileSizeInBytes], [c].[SignName]
FROM [CompanyInfos] AS [c]
2025-08-13 14:31:39.742 +05:30 [INF] Executing OkObjectResult, writing value of type 'AuthNet.Models.DTO.CompanyInfoResponseDto'.
2025-08-13 14:31:39.742 +05:30 [INF] Executed action AuthNet.Controllers.SettingsController.GetCompanyInfo (AuthNet) in 17.5419ms
2025-08-13 14:31:39.742 +05:30 [INF] Executed endpoint 'AuthNet.Controllers.SettingsController.GetCompanyInfo (AuthNet)'
2025-08-13 14:31:39.743 +05:30 [INF] Request finished HTTP/1.1 GET https://localhost:7165/api/Settings/Get - 200 null application/json; charset=utf-8 24.4912ms
2025-08-13 14:32:05.619 +05:30 [INF] User profile is available. Using 'C:\Users\Admin\AppData\Local\ASP.NET\DataProtection-Keys' as key repository and Windows DPAPI to encrypt keys at rest.
2025-08-13 14:32:06.758 +05:30 [INF] Now listening on: https://localhost:7165
2025-08-13 14:32:06.760 +05:30 [INF] Now listening on: http://localhost:5008
2025-08-13 14:32:09.513 +05:30 [INF] Application started. Press Ctrl+C to shut down.
2025-08-13 14:32:09.515 +05:30 [INF] Hosting environment: Development
2025-08-13 14:32:09.515 +05:30 [INF] Content root path: C:\Users\Admin\Source\Repos\AuthNet\AuthNet
2025-08-13 14:32:09.863 +05:30 [INF] Request starting HTTP/2 GET https://localhost:7165/swagger/index.html - null null
2025-08-13 14:32:11.840 +05:30 [INF] Request finished HTTP/2 GET https://localhost:7165/swagger/index.html - 200 null text/html;charset=utf-8 2004.1006ms
2025-08-13 14:32:12.823 +05:30 [INF] Request starting HTTP/1.1 GET https://localhost:7165/api/Sales/DailyProfit - null null
2025-08-13 14:32:12.983 +05:30 [INF] Executing endpoint 'AuthNet.Controllers.SalesController.GetDailyProfit (AuthNet)'
2025-08-13 14:32:13.057 +05:30 [INF] Route matched with {action = "GetDailyProfit", controller = "Sales"}. Executing controller action with signature System.Threading.Tasks.Task`1[Microsoft.AspNetCore.Mvc.IActionResult] GetDailyProfit() on controller AuthNet.Controllers.SalesController (AuthNet).
2025-08-13 14:32:14.896 +05:30 [WRN] No store type was specified for the decimal property 'TotalAmount' on entity type 'Order'. This will cause values to be silently truncated if they do not fit in the default precision and scale. Explicitly specify the SQL server column type that can accommodate all the values in 'OnModelCreating' using 'HasColumnType', specify precision and scale using 'HasPrecision', or configure a value converter using 'HasConversion'.
2025-08-13 14:32:14.896 +05:30 [WRN] No store type was specified for the decimal property 'UnitPrice' on entity type 'OrderItem'. This will cause values to be silently truncated if they do not fit in the default precision and scale. Explicitly specify the SQL server column type that can accommodate all the values in 'OnModelCreating' using 'HasColumnType', specify precision and scale using 'HasPrecision', or configure a value converter using 'HasConversion'.
2025-08-13 14:32:14.897 +05:30 [WRN] No store type was specified for the decimal property 'CostPrice' on entity type 'Product'. This will cause values to be silently truncated if they do not fit in the default precision and scale. Explicitly specify the SQL server column type that can accommodate all the values in 'OnModelCreating' using 'HasColumnType', specify precision and scale using 'HasPrecision', or configure a value converter using 'HasConversion'.
2025-08-13 14:32:14.897 +05:30 [WRN] No store type was specified for the decimal property 'SellPrice' on entity type 'Product'. This will cause values to be silently truncated if they do not fit in the default precision and scale. Explicitly specify the SQL server column type that can accommodate all the values in 'OnModelCreating' using 'HasColumnType', specify precision and scale using 'HasPrecision', or configure a value converter using 'HasConversion'.
2025-08-13 14:32:14.897 +05:30 [WRN] No store type was specified for the decimal property 'TotalAmount' on entity type 'PurchaseOrder'. This will cause values to be silently truncated if they do not fit in the default precision and scale. Explicitly specify the SQL server column type that can accommodate all the values in 'OnModelCreating' using 'HasColumnType', specify precision and scale using 'HasPrecision', or configure a value converter using 'HasConversion'.
2025-08-13 14:32:14.897 +05:30 [WRN] No store type was specified for the decimal property 'UnitPrice' on entity type 'PurchaseOrderItems'. This will cause values to be silently truncated if they do not fit in the default precision and scale. Explicitly specify the SQL server column type that can accommodate all the values in 'OnModelCreating' using 'HasColumnType', specify precision and scale using 'HasPrecision', or configure a value converter using 'HasConversion'.
2025-08-13 14:32:14.897 +05:30 [WRN] No store type was specified for the decimal property 'AfterTaxAmount' on entity type 'Sale'. This will cause values to be silently truncated if they do not fit in the default precision and scale. Explicitly specify the SQL server column type that can accommodate all the values in 'OnModelCreating' using 'HasColumnType', specify precision and scale using 'HasPrecision', or configure a value converter using 'HasConversion'.
2025-08-13 14:32:14.897 +05:30 [WRN] No store type was specified for the decimal property 'DiscountedAmount' on entity type 'Sale'. This will cause values to be silently truncated if they do not fit in the default precision and scale. Explicitly specify the SQL server column type that can accommodate all the values in 'OnModelCreating' using 'HasColumnType', specify precision and scale using 'HasPrecision', or configure a value converter using 'HasConversion'.
2025-08-13 14:32:14.897 +05:30 [WRN] No store type was specified for the decimal property 'PrincipalAmount' on entity type 'Sale'. This will cause values to be silently truncated if they do not fit in the default precision and scale. Explicitly specify the SQL server column type that can accommodate all the values in 'OnModelCreating' using 'HasColumnType', specify precision and scale using 'HasPrecision', or configure a value converter using 'HasConversion'.
2025-08-13 14:32:14.897 +05:30 [WRN] No store type was specified for the decimal property 'TotalAmount' on entity type 'Sale'. This will cause values to be silently truncated if they do not fit in the default precision and scale. Explicitly specify the SQL server column type that can accommodate all the values in 'OnModelCreating' using 'HasColumnType', specify precision and scale using 'HasPrecision', or configure a value converter using 'HasConversion'.
2025-08-13 14:32:14.897 +05:30 [WRN] No store type was specified for the decimal property 'TotalPrice' on entity type 'SaleItem'. This will cause values to be silently truncated if they do not fit in the default precision and scale. Explicitly specify the SQL server column type that can accommodate all the values in 'OnModelCreating' using 'HasColumnType', specify precision and scale using 'HasPrecision', or configure a value converter using 'HasConversion'.
2025-08-13 14:32:14.897 +05:30 [WRN] No store type was specified for the decimal property 'UnitPrice' on entity type 'SaleItem'. This will cause values to be silently truncated if they do not fit in the default precision and scale. Explicitly specify the SQL server column type that can accommodate all the values in 'OnModelCreating' using 'HasColumnType', specify precision and scale using 'HasPrecision', or configure a value converter using 'HasConversion'.
2025-08-13 14:32:14.897 +05:30 [WRN] No store type was specified for the decimal property 'CGST' on entity type 'TaxSetting'. This will cause values to be silently truncated if they do not fit in the default precision and scale. Explicitly specify the SQL server column type that can accommodate all the values in 'OnModelCreating' using 'HasColumnType', specify precision and scale using 'HasPrecision', or configure a value converter using 'HasConversion'.
2025-08-13 14:32:14.897 +05:30 [WRN] No store type was specified for the decimal property 'IGST' on entity type 'TaxSetting'. This will cause values to be silently truncated if they do not fit in the default precision and scale. Explicitly specify the SQL server column type that can accommodate all the values in 'OnModelCreating' using 'HasColumnType', specify precision and scale using 'HasPrecision', or configure a value converter using 'HasConversion'.
2025-08-13 14:32:14.898 +05:30 [WRN] No store type was specified for the decimal property 'SGST' on entity type 'TaxSetting'. This will cause values to be silently truncated if they do not fit in the default precision and scale. Explicitly specify the SQL server column type that can accommodate all the values in 'OnModelCreating' using 'HasColumnType', specify precision and scale using 'HasPrecision', or configure a value converter using 'HasConversion'.
2025-08-13 14:32:15.353 +05:30 [INF] Request starting HTTP/2 GET https://localhost:7165/_framework/aspnetcore-browser-refresh.js - null null
2025-08-13 14:32:15.360 +05:30 [INF] Request finished HTTP/2 GET https://localhost:7165/_framework/aspnetcore-browser-refresh.js - 200 16499 application/javascript; charset=utf-8 7.4677ms
2025-08-13 14:32:15.658 +05:30 [INF] Request starting HTTP/2 GET https://localhost:7165/_vs/browserLink - null null
2025-08-13 14:32:15.766 +05:30 [INF] Request finished HTTP/2 GET https://localhost:7165/_vs/browserLink - 200 null text/javascript; charset=UTF-8 108.2906ms
2025-08-13 14:32:16.860 +05:30 [INF] Executed DbCommand (118ms) [Parameters=[@__date_Date_0='?' (DbType = DateTime2)], CommandType='"Text"', CommandTimeout='30']
SELECT [s].[Id], [s].[ProductId], [s].[ProductName], [s].[Quantity], [s].[SaleId], [s].[TotalPrice], [s].[UnitPrice], [s0].[Id], [s0].[AfterTaxAmount], [s0].[CreatedAt], [s0].[DiscountedAmount], [s0].[InvoiceDate], [s0].[InvoiceNo], [s0].[PrincipalAmount], [s0].[Template], [s0].[TotalAmount]
FROM [SaleItems] AS [s]
INNER JOIN [Sales] AS [s0] ON [s].[SaleId] = [s0].[Id]
WHERE CONVERT(date, [s0].[InvoiceDate]) = @__date_Date_0
2025-08-13 14:32:17.071 +05:30 [INF] Executed DbCommand (17ms) [Parameters=[@__productIds_0='?' (Size = 4000)], CommandType='"Text"', CommandTimeout='30']
SELECT [p].[ProductId], [p].[CategoryId], [p].[CostPrice], [p].[Description], [p].[Name], [p].[ProductCode], [p].[ProductKey], [p].[SellPrice], [p].[SupplierId]
FROM [Products] AS [p]
WHERE [p].[ProductId] IN (
    SELECT [p0].[value]
    FROM OPENJSON(@__productIds_0) WITH ([value] int '$') AS [p0]
)
2025-08-13 14:32:17.086 +05:30 [INF] Executing OkObjectResult, writing value of type 'AuthNet.Models.DTO.DailyProfitDto'.
2025-08-13 14:32:17.142 +05:30 [INF] Executed action AuthNet.Controllers.SalesController.GetDailyProfit (AuthNet) in 4079.7488ms
2025-08-13 14:32:17.143 +05:30 [INF] Executed endpoint 'AuthNet.Controllers.SalesController.GetDailyProfit (AuthNet)'
2025-08-13 14:32:17.167 +05:30 [INF] Request finished HTTP/1.1 GET https://localhost:7165/api/Sales/DailyProfit - 200 null application/json; charset=utf-8 4345.6543ms
2025-08-13 14:32:17.238 +05:30 [INF] Request starting HTTP/1.1 GET https://localhost:7165/api/Sales/CurrentMonthProfit - null null
2025-08-13 14:32:17.252 +05:30 [INF] Executing endpoint 'AuthNet.Controllers.SalesController.GetCurrentMonthProfit (AuthNet)'
2025-08-13 14:32:17.260 +05:30 [INF] Route matched with {action = "GetCurrentMonthProfit", controller = "Sales"}. Executing controller action with signature System.Threading.Tasks.Task`1[Microsoft.AspNetCore.Mvc.IActionResult] GetCurrentMonthProfit() on controller AuthNet.Controllers.SalesController (AuthNet).
2025-08-13 14:32:17.275 +05:30 [INF] Request starting HTTP/2 GET https://localhost:7165/swagger/v1/swagger.json - null null
2025-08-13 14:32:17.456 +05:30 [INF] Executed DbCommand (68ms) [Parameters=[@__currentYear_0='?' (DbType = Int32), @__currentMonth_1='?' (DbType = Int32)], CommandType='"Text"', CommandTimeout='30']
SELECT [s].[Id], [s].[ProductId], [s].[ProductName], [s].[Quantity], [s].[SaleId], [s].[TotalPrice], [s].[UnitPrice], [s0].[Id], [s0].[AfterTaxAmount], [s0].[CreatedAt], [s0].[DiscountedAmount], [s0].[InvoiceDate], [s0].[InvoiceNo], [s0].[PrincipalAmount], [s0].[Template], [s0].[TotalAmount]
FROM [SaleItems] AS [s]
INNER JOIN [Sales] AS [s0] ON [s].[SaleId] = [s0].[Id]
WHERE DATEPART(year, [s0].[InvoiceDate]) = @__currentYear_0 AND DATEPART(month, [s0].[InvoiceDate]) = @__currentMonth_1
2025-08-13 14:32:17.492 +05:30 [INF] Request finished HTTP/2 GET https://localhost:7165/swagger/v1/swagger.json - 200 null application/json;charset=utf-8 216.8014ms
2025-08-13 14:32:17.659 +05:30 [INF] Executed DbCommand (15ms) [Parameters=[@__productIds_0='?' (Size = 4000)], CommandType='"Text"', CommandTimeout='30']
SELECT [p].[ProductId], [p].[CategoryId], [p].[CostPrice], [p].[Description], [p].[Name], [p].[ProductCode], [p].[ProductKey], [p].[SellPrice], [p].[SupplierId]
FROM [Products] AS [p]
WHERE [p].[ProductId] IN (
    SELECT [p0].[value]
    FROM OPENJSON(@__productIds_0) WITH ([value] int '$') AS [p0]
)
2025-08-13 14:32:17.726 +05:30 [INF] Executing OkObjectResult, writing value of type 'AuthNet.Models.DTO.MonthlyProfitDto'.
2025-08-13 14:32:17.730 +05:30 [INF] Executed action AuthNet.Controllers.SalesController.GetCurrentMonthProfit (AuthNet) in 469.9666ms
2025-08-13 14:32:17.730 +05:30 [INF] Executed endpoint 'AuthNet.Controllers.SalesController.GetCurrentMonthProfit (AuthNet)'
2025-08-13 14:32:17.731 +05:30 [INF] Request finished HTTP/1.1 GET https://localhost:7165/api/Sales/CurrentMonthProfit - 200 null application/json; charset=utf-8 492.7431ms
2025-08-13 14:32:17.755 +05:30 [INF] Request starting HTTP/1.1 GET https://localhost:7165/api/Sales/CurrentYearProfit - null null
2025-08-13 14:32:17.759 +05:30 [INF] Executing endpoint 'AuthNet.Controllers.SalesController.GetCurrentYearProfit (AuthNet)'
2025-08-13 14:32:17.768 +05:30 [INF] Route matched with {action = "GetCurrentYearProfit", controller = "Sales"}. Executing controller action with signature System.Threading.Tasks.Task`1[Microsoft.AspNetCore.Mvc.IActionResult] GetCurrentYearProfit() on controller AuthNet.Controllers.SalesController (AuthNet).
2025-08-13 14:32:17.951 +05:30 [INF] Executed DbCommand (17ms) [Parameters=[@__currentYear_0='?' (DbType = Int32)], CommandType='"Text"', CommandTimeout='30']
SELECT [s].[Id], [s].[ProductId], [s].[ProductName], [s].[Quantity], [s].[SaleId], [s].[TotalPrice], [s].[UnitPrice], [s0].[Id], [s0].[AfterTaxAmount], [s0].[CreatedAt], [s0].[DiscountedAmount], [s0].[InvoiceDate], [s0].[InvoiceNo], [s0].[PrincipalAmount], [s0].[Template], [s0].[TotalAmount]
FROM [SaleItems] AS [s]
INNER JOIN [Sales] AS [s0] ON [s].[SaleId] = [s0].[Id]
WHERE DATEPART(year, [s0].[InvoiceDate]) = @__currentYear_0
2025-08-13 14:32:17.992 +05:30 [INF] Executed DbCommand (38ms) [Parameters=[@__productIds_0='?' (Size = 4000)], CommandType='"Text"', CommandTimeout='30']
SELECT [p].[ProductId], [p].[CategoryId], [p].[CostPrice], [p].[Description], [p].[Name], [p].[ProductCode], [p].[ProductKey], [p].[SellPrice], [p].[SupplierId]
FROM [Products] AS [p]
WHERE [p].[ProductId] IN (
    SELECT [p0].[value]
    FROM OPENJSON(@__productIds_0) WITH ([value] int '$') AS [p0]
)
2025-08-13 14:32:17.998 +05:30 [INF] Executing OkObjectResult, writing value of type 'AuthNet.Models.DTO.YearlyProfitDto'.
2025-08-13 14:32:18.001 +05:30 [INF] Executed action AuthNet.Controllers.SalesController.GetCurrentYearProfit (AuthNet) in 233.1216ms
2025-08-13 14:32:18.001 +05:30 [INF] Executed endpoint 'AuthNet.Controllers.SalesController.GetCurrentYearProfit (AuthNet)'
2025-08-13 14:32:18.002 +05:30 [INF] Request finished HTTP/1.1 GET https://localhost:7165/api/Sales/CurrentYearProfit - 200 null application/json; charset=utf-8 246.7984ms
2025-08-13 14:32:18.066 +05:30 [INF] Request starting HTTP/1.1 GET https://localhost:7165/api/Products/count - null null
2025-08-13 14:32:18.068 +05:30 [INF] Executing endpoint 'AuthNet.Controllers.ProductsController.GetProductCount (AuthNet)'
2025-08-13 14:32:18.074 +05:30 [INF] Route matched with {action = "GetProductCount", controller = "Products"}. Executing controller action with signature System.Threading.Tasks.Task`1[Microsoft.AspNetCore.Mvc.IActionResult] GetProductCount() on controller AuthNet.Controllers.ProductsController (AuthNet).
2025-08-13 14:32:18.111 +05:30 [INF] Executed DbCommand (5ms) [Parameters=[], CommandType='"Text"', CommandTimeout='30']
SELECT COUNT(*)
FROM [Products] AS [p]
2025-08-13 14:32:18.122 +05:30 [INF] Executing OkObjectResult, writing value of type 'System.Int32'.
2025-08-13 14:32:18.127 +05:30 [INF] Executed action AuthNet.Controllers.ProductsController.GetProductCount (AuthNet) in 52.2247ms
2025-08-13 14:32:18.127 +05:30 [INF] Executed endpoint 'AuthNet.Controllers.ProductsController.GetProductCount (AuthNet)'
2025-08-13 14:32:18.127 +05:30 [INF] Request finished HTTP/1.1 GET https://localhost:7165/api/Products/count - 200 null application/json; charset=utf-8 60.7273ms
2025-08-13 14:32:18.158 +05:30 [INF] Request starting HTTP/1.1 GET https://localhost:7165/api/Suppliers/count - null null
2025-08-13 14:32:18.158 +05:30 [INF] Executing endpoint 'AuthNet.Controllers.SuppliersController.GetSupplierCount (AuthNet)'
2025-08-13 14:32:18.167 +05:30 [INF] Route matched with {action = "GetSupplierCount", controller = "Suppliers"}. Executing controller action with signature System.Threading.Tasks.Task`1[Microsoft.AspNetCore.Mvc.IActionResult] GetSupplierCount() on controller AuthNet.Controllers.SuppliersController (AuthNet).
2025-08-13 14:32:18.182 +05:30 [INF] Executed DbCommand (7ms) [Parameters=[], CommandType='"Text"', CommandTimeout='30']
SELECT COUNT(*)
FROM [Suppliers] AS [s]
2025-08-13 14:32:18.183 +05:30 [INF] Executing OkObjectResult, writing value of type 'System.Int32'.
2025-08-13 14:32:18.183 +05:30 [INF] Executed action AuthNet.Controllers.SuppliersController.GetSupplierCount (AuthNet) in 16.38ms
2025-08-13 14:32:18.183 +05:30 [INF] Executed endpoint 'AuthNet.Controllers.SuppliersController.GetSupplierCount (AuthNet)'
2025-08-13 14:32:18.184 +05:30 [INF] Request finished HTTP/1.1 GET https://localhost:7165/api/Suppliers/count - 200 null application/json; charset=utf-8 26.0757ms
2025-08-13 14:32:18.202 +05:30 [INF] Request starting HTTP/1.1 GET https://localhost:7165/api/Categories/count - null null
2025-08-13 14:32:18.203 +05:30 [INF] Executing endpoint 'AuthNet.Controllers.CategoriesController.GetCategoryCount (AuthNet)'
2025-08-13 14:32:18.208 +05:30 [INF] Route matched with {action = "GetCategoryCount", controller = "Categories"}. Executing controller action with signature System.Threading.Tasks.Task`1[Microsoft.AspNetCore.Mvc.IActionResult] GetCategoryCount() on controller AuthNet.Controllers.CategoriesController (AuthNet).
2025-08-13 14:32:18.223 +05:30 [INF] Executed DbCommand (6ms) [Parameters=[], CommandType='"Text"', CommandTimeout='30']
SELECT COUNT(*)
FROM [Categories] AS [c]
2025-08-13 14:32:18.224 +05:30 [INF] Executing OkObjectResult, writing value of type 'System.Int32'.
2025-08-13 14:32:18.224 +05:30 [INF] Executed action AuthNet.Controllers.CategoriesController.GetCategoryCount (AuthNet) in 15.888ms
2025-08-13 14:32:18.224 +05:30 [INF] Executed endpoint 'AuthNet.Controllers.CategoriesController.GetCategoryCount (AuthNet)'
2025-08-13 14:32:18.225 +05:30 [INF] Request finished HTTP/1.1 GET https://localhost:7165/api/Categories/count - 200 null application/json; charset=utf-8 22.4802ms
2025-08-13 14:32:18.248 +05:30 [INF] Request starting HTTP/1.1 GET https://localhost:7165/api/Orders/count - null null
2025-08-13 14:32:18.248 +05:30 [INF] Executing endpoint 'AuthNet.Controllers.OrdersController.GetOrderCount (AuthNet)'
2025-08-13 14:32:18.253 +05:30 [INF] Route matched with {action = "GetOrderCount", controller = "Orders"}. Executing controller action with signature System.Threading.Tasks.Task`1[Microsoft.AspNetCore.Mvc.IActionResult] GetOrderCount() on controller AuthNet.Controllers.OrdersController (AuthNet).
2025-08-13 14:32:18.267 +05:30 [INF] Executed DbCommand (5ms) [Parameters=[], CommandType='"Text"', CommandTimeout='30']
SELECT COUNT(*)
FROM [Orders] AS [o]
2025-08-13 14:32:18.268 +05:30 [INF] Executing OkObjectResult, writing value of type 'System.Int32'.
2025-08-13 14:32:18.268 +05:30 [INF] Executed action AuthNet.Controllers.OrdersController.GetOrderCount (AuthNet) in 15.1163ms
2025-08-13 14:32:18.269 +05:30 [INF] Executed endpoint 'AuthNet.Controllers.OrdersController.GetOrderCount (AuthNet)'
2025-08-13 14:32:18.269 +05:30 [INF] Request finished HTTP/1.1 GET https://localhost:7165/api/Orders/count - 200 null application/json; charset=utf-8 21.5325ms
2025-08-13 14:32:18.289 +05:30 [INF] Request starting HTTP/1.1 GET https://localhost:7165/api/Customers/count - null null
2025-08-13 14:32:18.290 +05:30 [INF] Executing endpoint 'AuthNet.Controllers.CustomersController.GetCustomerCount (AuthNet)'
2025-08-13 14:32:18.299 +05:30 [INF] Route matched with {action = "GetCustomerCount", controller = "Customers"}. Executing controller action with signature System.Threading.Tasks.Task`1[Microsoft.AspNetCore.Mvc.IActionResult] GetCustomerCount() on controller AuthNet.Controllers.CustomersController (AuthNet).
2025-08-13 14:32:18.315 +05:30 [INF] Executed DbCommand (8ms) [Parameters=[], CommandType='"Text"', CommandTimeout='30']
SELECT COUNT(*)
FROM [Customers] AS [c]
2025-08-13 14:32:18.316 +05:30 [INF] Executing OkObjectResult, writing value of type 'System.Int32'.
2025-08-13 14:32:18.316 +05:30 [INF] Executed action AuthNet.Controllers.CustomersController.GetCustomerCount (AuthNet) in 17.2038ms
2025-08-13 14:32:18.317 +05:30 [INF] Executed endpoint 'AuthNet.Controllers.CustomersController.GetCustomerCount (AuthNet)'
2025-08-13 14:32:18.317 +05:30 [INF] Request finished HTTP/1.1 GET https://localhost:7165/api/Customers/count - 200 null application/json; charset=utf-8 27.7682ms
2025-08-13 14:32:18.341 +05:30 [INF] Request starting HTTP/1.1 GET https://localhost:7165/api/Tasks - null null
2025-08-13 14:32:18.342 +05:30 [INF] Executing endpoint 'AuthNet.Controllers.TasksController.GetTasks (AuthNet)'
2025-08-13 14:32:18.344 +05:30 [INF] Route matched with {action = "GetTasks", controller = "Tasks"}. Executing controller action with signature Microsoft.AspNetCore.Mvc.IActionResult GetTasks() on controller AuthNet.Controllers.TasksController (AuthNet).
2025-08-13 14:32:18.383 +05:30 [INF] Executed DbCommand (9ms) [Parameters=[], CommandType='"Text"', CommandTimeout='30']
SELECT [t].[Id], [t].[Title], [t].[DueDate]
FROM [Tasks] AS [t]
2025-08-13 14:32:18.389 +05:30 [INF] Executing OkObjectResult, writing value of type 'System.Collections.Generic.List`1[[AuthNet.Models.DTO.TaskItemDto, AuthNet, Version=1.0.0.0, Culture=neutral, PublicKeyToken=null]]'.
2025-08-13 14:32:18.396 +05:30 [INF] Executed action AuthNet.Controllers.TasksController.GetTasks (AuthNet) in 51.4691ms
2025-08-13 14:32:18.396 +05:30 [INF] Executed endpoint 'AuthNet.Controllers.TasksController.GetTasks (AuthNet)'
2025-08-13 14:32:18.396 +05:30 [INF] Request finished HTTP/1.1 GET https://localhost:7165/api/Tasks - 200 null application/json; charset=utf-8 55.2201ms
2025-08-13 14:32:18.421 +05:30 [INF] Request starting HTTP/1.1 GET https://localhost:7165/api/Settings/Get - null null
2025-08-13 14:32:18.422 +05:30 [INF] Executing endpoint 'AuthNet.Controllers.SettingsController.GetCompanyInfo (AuthNet)'
2025-08-13 14:32:18.428 +05:30 [INF] Route matched with {action = "GetCompanyInfo", controller = "Settings"}. Executing controller action with signature System.Threading.Tasks.Task`1[Microsoft.AspNetCore.Mvc.IActionResult] GetCompanyInfo() on controller AuthNet.Controllers.SettingsController (AuthNet).
2025-08-13 14:32:18.443 +05:30 [WRN] The query uses the 'First'/'FirstOrDefault' operator without 'OrderBy' and filter operators. This may lead to unpredictable results.
2025-08-13 14:32:18.462 +05:30 [INF] Executed DbCommand (7ms) [Parameters=[], CommandType='"Text"', CommandTimeout='30']
SELECT TOP(1) [c].[Id], [c].[Address], [c].[AlternateContactNumber], [c].[ContactNumber], [c].[Email], [c].[GSTIN], [c].[IsGSTINActive], [c].[LogoFileExtension], [c].[LogoFilePath], [c].[LogoFileSizeInBytes], [c].[LogoName], [c].[Name], [c].[SignFileExtension], [c].[SignFilePath], [c].[SignFileSizeInBytes], [c].[SignName]
FROM [CompanyInfos] AS [c]
2025-08-13 14:32:18.538 +05:30 [INF] Executing OkObjectResult, writing value of type 'AuthNet.Models.DTO.CompanyInfoResponseDto'.
2025-08-13 14:32:18.553 +05:30 [INF] Executed action AuthNet.Controllers.SettingsController.GetCompanyInfo (AuthNet) in 124.9015ms
2025-08-13 14:32:18.553 +05:30 [INF] Executed endpoint 'AuthNet.Controllers.SettingsController.GetCompanyInfo (AuthNet)'
2025-08-13 14:32:18.554 +05:30 [INF] Request finished HTTP/1.1 GET https://localhost:7165/api/Settings/Get - 200 null application/json; charset=utf-8 132.4649ms
2025-08-13 14:32:20.615 +05:30 [INF] Request starting HTTP/2 GET https://localhost:7165/api/Sales/WeeklyProfit - null null
2025-08-13 14:32:20.616 +05:30 [INF] Request starting HTTP/2 GET https://localhost:7165/api/Products/CategoryWiseProductCount - null null
2025-08-13 14:32:20.619 +05:30 [INF] CORS policy execution successful.
2025-08-13 14:32:20.620 +05:30 [INF] CORS policy execution successful.
2025-08-13 14:32:20.621 +05:30 [INF] Executing endpoint 'AuthNet.Controllers.SalesController.GetWeeklyProfit (AuthNet)'
2025-08-13 14:32:20.621 +05:30 [INF] Executing endpoint 'AuthNet.Controllers.ProductsController.GetCategoryWiseProductCount (AuthNet)'
2025-08-13 14:32:20.627 +05:30 [INF] Route matched with {action = "GetWeeklyProfit", controller = "Sales"}. Executing controller action with signature System.Threading.Tasks.Task`1[Microsoft.AspNetCore.Mvc.IActionResult] GetWeeklyProfit() on controller AuthNet.Controllers.SalesController (AuthNet).
2025-08-13 14:32:20.627 +05:30 [INF] Route matched with {action = "GetCategoryWiseProductCount", controller = "Products"}. Executing controller action with signature System.Threading.Tasks.Task`1[Microsoft.AspNetCore.Mvc.IActionResult] GetCategoryWiseProductCount() on controller AuthNet.Controllers.ProductsController (AuthNet).
2025-08-13 14:32:20.704 +05:30 [INF] Executed DbCommand (55ms) [Parameters=[@__startDate_0='?' (DbType = DateTime2), @__endDate_1='?' (DbType = DateTime2)], CommandType='"Text"', CommandTimeout='30']
SELECT [s].[Id], [s].[ProductId], [s].[ProductName], [s].[Quantity], [s].[SaleId], [s].[TotalPrice], [s].[UnitPrice], [s0].[Id], [s0].[AfterTaxAmount], [s0].[CreatedAt], [s0].[DiscountedAmount], [s0].[InvoiceDate], [s0].[InvoiceNo], [s0].[PrincipalAmount], [s0].[Template], [s0].[TotalAmount]
FROM [SaleItems] AS [s]
INNER JOIN [Sales] AS [s0] ON [s].[SaleId] = [s0].[Id]
WHERE CONVERT(date, [s0].[InvoiceDate]) >= @__startDate_0 AND CONVERT(date, [s0].[InvoiceDate]) <= @__endDate_1
2025-08-13 14:32:20.719 +05:30 [INF] Executed DbCommand (13ms) [Parameters=[@__productIds_0='?' (Size = 4000)], CommandType='"Text"', CommandTimeout='30']
SELECT [p].[ProductId], [p].[CategoryId], [p].[CostPrice], [p].[Description], [p].[Name], [p].[ProductCode], [p].[ProductKey], [p].[SellPrice], [p].[SupplierId]
FROM [Products] AS [p]
WHERE [p].[ProductId] IN (
    SELECT [p0].[value]
    FROM OPENJSON(@__productIds_0) WITH ([value] int '$') AS [p0]
)
2025-08-13 14:32:20.733 +05:30 [INF] Executing OkObjectResult, writing value of type 'System.Collections.Generic.List`1[[AuthNet.Models.DTO.DailyProfitDto, AuthNet, Version=1.0.0.0, Culture=neutral, PublicKeyToken=null]]'.
2025-08-13 14:32:20.735 +05:30 [INF] Executed action AuthNet.Controllers.SalesController.GetWeeklyProfit (AuthNet) in 108.1148ms
2025-08-13 14:32:20.735 +05:30 [INF] Executed endpoint 'AuthNet.Controllers.SalesController.GetWeeklyProfit (AuthNet)'
2025-08-13 14:32:20.736 +05:30 [INF] Request finished HTTP/2 GET https://localhost:7165/api/Sales/WeeklyProfit - 200 null application/json; charset=utf-8 120.3993ms
2025-08-13 14:32:20.820 +05:30 [INF] Executed DbCommand (28ms) [Parameters=[], CommandType='"Text"', CommandTimeout='30']
SELECT [c].[Name] AS [CategoryName], COUNT(*) AS [ProductCount]
FROM [Products] AS [p]
LEFT JOIN [Categories] AS [c] ON [p].[CategoryId] = [c].[CategoryId]
WHERE [c].[CategoryId] IS NOT NULL
GROUP BY [c].[Name]
2025-08-13 14:32:20.822 +05:30 [INF] Executing OkObjectResult, writing value of type 'System.Collections.Generic.List`1[[AuthNet.Models.DTO.CategoryProductCountDto, AuthNet, Version=1.0.0.0, Culture=neutral, PublicKeyToken=null]]'.
2025-08-13 14:32:20.824 +05:30 [INF] Executed action AuthNet.Controllers.ProductsController.GetCategoryWiseProductCount (AuthNet) in 196.7071ms
2025-08-13 14:32:20.825 +05:30 [INF] Executed endpoint 'AuthNet.Controllers.ProductsController.GetCategoryWiseProductCount (AuthNet)'
2025-08-13 14:32:20.825 +05:30 [INF] Request finished HTTP/2 GET https://localhost:7165/api/Products/CategoryWiseProductCount - 200 null application/json; charset=utf-8 209.7373ms
2025-08-13 14:32:28.265 +05:30 [INF] Request starting HTTP/1.1 POST https://localhost:7165/api/Auth/login - application/json; charset=utf-8 null
2025-08-13 14:32:28.267 +05:30 [INF] Executing endpoint 'AuthNet.Controllers.AuthController.Login (AuthNet)'
2025-08-13 14:32:28.280 +05:30 [INF] Route matched with {action = "Login", controller = "Auth"}. Executing controller action with signature System.Threading.Tasks.Task`1[Microsoft.AspNetCore.Mvc.IActionResult] Login(AuthNet.Models.DTO.LoginDto) on controller AuthNet.Controllers.AuthController (AuthNet).
2025-08-13 14:32:28.372 +05:30 [INF] Executed DbCommand (9ms) [Parameters=[@__username_0='?' (Size = 100)], CommandType='"Text"', CommandTimeout='30']
SELECT TOP(1) [u].[UserId], [u].[CreatedAt], [u].[Email], [u].[Firstname], [u].[Lastname], [u].[PasswordHash], [u].[Role], [u].[Username]
FROM [Users] AS [u]
WHERE [u].[Username] = @__username_0
2025-08-13 14:32:29.233 +05:30 [INF] Executing OkObjectResult, writing value of type 'AuthNet.Models.DTO.ServiceResponse`1[[AuthNet.Models.DTO.LoginResponseDto, AuthNet, Version=1.0.0.0, Culture=neutral, PublicKeyToken=null]]'.
2025-08-13 14:32:29.237 +05:30 [INF] Executed action AuthNet.Controllers.AuthController.Login (AuthNet) in 955.9934ms
2025-08-13 14:32:29.237 +05:30 [INF] Executed endpoint 'AuthNet.Controllers.AuthController.Login (AuthNet)'
2025-08-13 14:32:29.237 +05:30 [INF] Request finished HTTP/1.1 POST https://localhost:7165/api/Auth/login - 200 null application/json; charset=utf-8 971.9044ms
2025-08-13 14:32:29.267 +05:30 [INF] Request starting HTTP/1.1 GET https://localhost:7165/api/Sales/DailyProfit - null null
2025-08-13 14:32:29.267 +05:30 [INF] Executing endpoint 'AuthNet.Controllers.SalesController.GetDailyProfit (AuthNet)'
2025-08-13 14:32:29.267 +05:30 [INF] Route matched with {action = "GetDailyProfit", controller = "Sales"}. Executing controller action with signature System.Threading.Tasks.Task`1[Microsoft.AspNetCore.Mvc.IActionResult] GetDailyProfit() on controller AuthNet.Controllers.SalesController (AuthNet).
2025-08-13 14:32:29.276 +05:30 [INF] Executed DbCommand (6ms) [Parameters=[@__date_Date_0='?' (DbType = DateTime2)], CommandType='"Text"', CommandTimeout='30']
SELECT [s].[Id], [s].[ProductId], [s].[ProductName], [s].[Quantity], [s].[SaleId], [s].[TotalPrice], [s].[UnitPrice], [s0].[Id], [s0].[AfterTaxAmount], [s0].[CreatedAt], [s0].[DiscountedAmount], [s0].[InvoiceDate], [s0].[InvoiceNo], [s0].[PrincipalAmount], [s0].[Template], [s0].[TotalAmount]
FROM [SaleItems] AS [s]
INNER JOIN [Sales] AS [s0] ON [s].[SaleId] = [s0].[Id]
WHERE CONVERT(date, [s0].[InvoiceDate]) = @__date_Date_0
2025-08-13 14:32:29.284 +05:30 [INF] Executed DbCommand (6ms) [Parameters=[@__productIds_0='?' (Size = 4000)], CommandType='"Text"', CommandTimeout='30']
SELECT [p].[ProductId], [p].[CategoryId], [p].[CostPrice], [p].[Description], [p].[Name], [p].[ProductCode], [p].[ProductKey], [p].[SellPrice], [p].[SupplierId]
FROM [Products] AS [p]
WHERE [p].[ProductId] IN (
    SELECT [p0].[value]
    FROM OPENJSON(@__productIds_0) WITH ([value] int '$') AS [p0]
)
2025-08-13 14:32:29.285 +05:30 [INF] Executing OkObjectResult, writing value of type 'AuthNet.Models.DTO.DailyProfitDto'.
2025-08-13 14:32:29.285 +05:30 [INF] Executed action AuthNet.Controllers.SalesController.GetDailyProfit (AuthNet) in 17.416ms
2025-08-13 14:32:29.285 +05:30 [INF] Executed endpoint 'AuthNet.Controllers.SalesController.GetDailyProfit (AuthNet)'
2025-08-13 14:32:29.285 +05:30 [INF] Request finished HTTP/1.1 GET https://localhost:7165/api/Sales/DailyProfit - 200 null application/json; charset=utf-8 18.8563ms
2025-08-13 14:32:29.299 +05:30 [INF] Request starting HTTP/1.1 GET https://localhost:7165/api/Sales/CurrentMonthProfit - null null
2025-08-13 14:32:29.300 +05:30 [INF] Executing endpoint 'AuthNet.Controllers.SalesController.GetCurrentMonthProfit (AuthNet)'
2025-08-13 14:32:29.300 +05:30 [INF] Route matched with {action = "GetCurrentMonthProfit", controller = "Sales"}. Executing controller action with signature System.Threading.Tasks.Task`1[Microsoft.AspNetCore.Mvc.IActionResult] GetCurrentMonthProfit() on controller AuthNet.Controllers.SalesController (AuthNet).
2025-08-13 14:32:29.310 +05:30 [INF] Executed DbCommand (7ms) [Parameters=[@__currentYear_0='?' (DbType = Int32), @__currentMonth_1='?' (DbType = Int32)], CommandType='"Text"', CommandTimeout='30']
SELECT [s].[Id], [s].[ProductId], [s].[ProductName], [s].[Quantity], [s].[SaleId], [s].[TotalPrice], [s].[UnitPrice], [s0].[Id], [s0].[AfterTaxAmount], [s0].[CreatedAt], [s0].[DiscountedAmount], [s0].[InvoiceDate], [s0].[InvoiceNo], [s0].[PrincipalAmount], [s0].[Template], [s0].[TotalAmount]
FROM [SaleItems] AS [s]
INNER JOIN [Sales] AS [s0] ON [s].[SaleId] = [s0].[Id]
WHERE DATEPART(year, [s0].[InvoiceDate]) = @__currentYear_0 AND DATEPART(month, [s0].[InvoiceDate]) = @__currentMonth_1
2025-08-13 14:32:29.323 +05:30 [INF] Executed DbCommand (9ms) [Parameters=[@__productIds_0='?' (Size = 4000)], CommandType='"Text"', CommandTimeout='30']
SELECT [p].[ProductId], [p].[CategoryId], [p].[CostPrice], [p].[Description], [p].[Name], [p].[ProductCode], [p].[ProductKey], [p].[SellPrice], [p].[SupplierId]
FROM [Products] AS [p]
WHERE [p].[ProductId] IN (
    SELECT [p0].[value]
    FROM OPENJSON(@__productIds_0) WITH ([value] int '$') AS [p0]
)
2025-08-13 14:32:29.324 +05:30 [INF] Executing OkObjectResult, writing value of type 'AuthNet.Models.DTO.MonthlyProfitDto'.
2025-08-13 14:32:29.324 +05:30 [INF] Executed action AuthNet.Controllers.SalesController.GetCurrentMonthProfit (AuthNet) in 23.9476ms
2025-08-13 14:32:29.324 +05:30 [INF] Executed endpoint 'AuthNet.Controllers.SalesController.GetCurrentMonthProfit (AuthNet)'
2025-08-13 14:32:29.325 +05:30 [INF] Request finished HTTP/1.1 GET https://localhost:7165/api/Sales/CurrentMonthProfit - 200 null application/json; charset=utf-8 25.5605ms
2025-08-13 14:32:29.356 +05:30 [INF] Request starting HTTP/1.1 GET https://localhost:7165/api/Sales/CurrentYearProfit - null null
2025-08-13 14:32:29.357 +05:30 [INF] Executing endpoint 'AuthNet.Controllers.SalesController.GetCurrentYearProfit (AuthNet)'
2025-08-13 14:32:29.357 +05:30 [INF] Route matched with {action = "GetCurrentYearProfit", controller = "Sales"}. Executing controller action with signature System.Threading.Tasks.Task`1[Microsoft.AspNetCore.Mvc.IActionResult] GetCurrentYearProfit() on controller AuthNet.Controllers.SalesController (AuthNet).
2025-08-13 14:32:29.369 +05:30 [INF] Executed DbCommand (9ms) [Parameters=[@__currentYear_0='?' (DbType = Int32)], CommandType='"Text"', CommandTimeout='30']
SELECT [s].[Id], [s].[ProductId], [s].[ProductName], [s].[Quantity], [s].[SaleId], [s].[TotalPrice], [s].[UnitPrice], [s0].[Id], [s0].[AfterTaxAmount], [s0].[CreatedAt], [s0].[DiscountedAmount], [s0].[InvoiceDate], [s0].[InvoiceNo], [s0].[PrincipalAmount], [s0].[Template], [s0].[TotalAmount]
FROM [SaleItems] AS [s]
INNER JOIN [Sales] AS [s0] ON [s].[SaleId] = [s0].[Id]
WHERE DATEPART(year, [s0].[InvoiceDate]) = @__currentYear_0
2025-08-13 14:32:29.382 +05:30 [INF] Executed DbCommand (9ms) [Parameters=[@__productIds_0='?' (Size = 4000)], CommandType='"Text"', CommandTimeout='30']
SELECT [p].[ProductId], [p].[CategoryId], [p].[CostPrice], [p].[Description], [p].[Name], [p].[ProductCode], [p].[ProductKey], [p].[SellPrice], [p].[SupplierId]
FROM [Products] AS [p]
WHERE [p].[ProductId] IN (
    SELECT [p0].[value]
    FROM OPENJSON(@__productIds_0) WITH ([value] int '$') AS [p0]
)
2025-08-13 14:32:29.383 +05:30 [INF] Executing OkObjectResult, writing value of type 'AuthNet.Models.DTO.YearlyProfitDto'.
2025-08-13 14:32:29.383 +05:30 [INF] Executed action AuthNet.Controllers.SalesController.GetCurrentYearProfit (AuthNet) in 25.6614ms
2025-08-13 14:32:29.383 +05:30 [INF] Executed endpoint 'AuthNet.Controllers.SalesController.GetCurrentYearProfit (AuthNet)'
2025-08-13 14:32:29.383 +05:30 [INF] Request finished HTTP/1.1 GET https://localhost:7165/api/Sales/CurrentYearProfit - 200 null application/json; charset=utf-8 27.3158ms
2025-08-13 14:32:29.404 +05:30 [INF] Request starting HTTP/1.1 GET https://localhost:7165/api/Products/count - null null
2025-08-13 14:32:29.404 +05:30 [INF] Executing endpoint 'AuthNet.Controllers.ProductsController.GetProductCount (AuthNet)'
2025-08-13 14:32:29.404 +05:30 [INF] Route matched with {action = "GetProductCount", controller = "Products"}. Executing controller action with signature System.Threading.Tasks.Task`1[Microsoft.AspNetCore.Mvc.IActionResult] GetProductCount() on controller AuthNet.Controllers.ProductsController (AuthNet).
2025-08-13 14:32:29.443 +05:30 [INF] Executed DbCommand (36ms) [Parameters=[], CommandType='"Text"', CommandTimeout='30']
SELECT COUNT(*)
FROM [Products] AS [p]
2025-08-13 14:32:29.444 +05:30 [INF] Executing OkObjectResult, writing value of type 'System.Int32'.
2025-08-13 14:32:29.445 +05:30 [INF] Executed action AuthNet.Controllers.ProductsController.GetProductCount (AuthNet) in 40.5616ms
2025-08-13 14:32:29.445 +05:30 [INF] Executed endpoint 'AuthNet.Controllers.ProductsController.GetProductCount (AuthNet)'
2025-08-13 14:32:29.445 +05:30 [INF] Request finished HTTP/1.1 GET https://localhost:7165/api/Products/count - 200 null application/json; charset=utf-8 41.9127ms
2025-08-13 14:32:29.468 +05:30 [INF] Request starting HTTP/1.1 GET https://localhost:7165/api/Suppliers/count - null null
2025-08-13 14:32:29.468 +05:30 [INF] Executing endpoint 'AuthNet.Controllers.SuppliersController.GetSupplierCount (AuthNet)'
2025-08-13 14:32:29.468 +05:30 [INF] Route matched with {action = "GetSupplierCount", controller = "Suppliers"}. Executing controller action with signature System.Threading.Tasks.Task`1[Microsoft.AspNetCore.Mvc.IActionResult] GetSupplierCount() on controller AuthNet.Controllers.SuppliersController (AuthNet).
2025-08-13 14:32:29.475 +05:30 [INF] Executed DbCommand (4ms) [Parameters=[], CommandType='"Text"', CommandTimeout='30']
SELECT COUNT(*)
FROM [Suppliers] AS [s]
2025-08-13 14:32:29.475 +05:30 [INF] Executing OkObjectResult, writing value of type 'System.Int32'.
2025-08-13 14:32:29.475 +05:30 [INF] Executed action AuthNet.Controllers.SuppliersController.GetSupplierCount (AuthNet) in 6.9997ms
2025-08-13 14:32:29.475 +05:30 [INF] Executed endpoint 'AuthNet.Controllers.SuppliersController.GetSupplierCount (AuthNet)'
2025-08-13 14:32:29.476 +05:30 [INF] Request finished HTTP/1.1 GET https://localhost:7165/api/Suppliers/count - 200 null application/json; charset=utf-8 8.4966ms
2025-08-13 14:32:29.500 +05:30 [INF] Request starting HTTP/1.1 GET https://localhost:7165/api/Categories/count - null null
2025-08-13 14:32:29.501 +05:30 [INF] Executing endpoint 'AuthNet.Controllers.CategoriesController.GetCategoryCount (AuthNet)'
2025-08-13 14:32:29.501 +05:30 [INF] Route matched with {action = "GetCategoryCount", controller = "Categories"}. Executing controller action with signature System.Threading.Tasks.Task`1[Microsoft.AspNetCore.Mvc.IActionResult] GetCategoryCount() on controller AuthNet.Controllers.CategoriesController (AuthNet).
2025-08-13 14:32:29.507 +05:30 [INF] Executed DbCommand (4ms) [Parameters=[], CommandType='"Text"', CommandTimeout='30']
SELECT COUNT(*)
FROM [Categories] AS [c]
2025-08-13 14:32:29.507 +05:30 [INF] Executing OkObjectResult, writing value of type 'System.Int32'.
2025-08-13 14:32:29.507 +05:30 [INF] Executed action AuthNet.Controllers.CategoriesController.GetCategoryCount (AuthNet) in 6.5405ms
2025-08-13 14:32:29.508 +05:30 [INF] Executed endpoint 'AuthNet.Controllers.CategoriesController.GetCategoryCount (AuthNet)'
2025-08-13 14:32:29.509 +05:30 [INF] Request finished HTTP/1.1 GET https://localhost:7165/api/Categories/count - 200 null application/json; charset=utf-8 8.7476ms
2025-08-13 14:32:29.522 +05:30 [INF] Request starting HTTP/1.1 GET https://localhost:7165/api/Orders/count - null null
2025-08-13 14:32:29.523 +05:30 [INF] Executing endpoint 'AuthNet.Controllers.OrdersController.GetOrderCount (AuthNet)'
2025-08-13 14:32:29.523 +05:30 [INF] Route matched with {action = "GetOrderCount", controller = "Orders"}. Executing controller action with signature System.Threading.Tasks.Task`1[Microsoft.AspNetCore.Mvc.IActionResult] GetOrderCount() on controller AuthNet.Controllers.OrdersController (AuthNet).
2025-08-13 14:32:29.532 +05:30 [INF] Executed DbCommand (7ms) [Parameters=[], CommandType='"Text"', CommandTimeout='30']
SELECT COUNT(*)
FROM [Orders] AS [o]
2025-08-13 14:32:29.533 +05:30 [INF] Executing OkObjectResult, writing value of type 'System.Int32'.
2025-08-13 14:32:29.533 +05:30 [INF] Executed action AuthNet.Controllers.OrdersController.GetOrderCount (AuthNet) in 9.6494ms
2025-08-13 14:32:29.533 +05:30 [INF] Executed endpoint 'AuthNet.Controllers.OrdersController.GetOrderCount (AuthNet)'
2025-08-13 14:32:29.534 +05:30 [INF] Request finished HTTP/1.1 GET https://localhost:7165/api/Orders/count - 200 null application/json; charset=utf-8 11.3676ms
2025-08-13 14:32:29.558 +05:30 [INF] Request starting HTTP/1.1 GET https://localhost:7165/api/Customers/count - null null
2025-08-13 14:32:29.558 +05:30 [INF] Executing endpoint 'AuthNet.Controllers.CustomersController.GetCustomerCount (AuthNet)'
2025-08-13 14:32:29.558 +05:30 [INF] Route matched with {action = "GetCustomerCount", controller = "Customers"}. Executing controller action with signature System.Threading.Tasks.Task`1[Microsoft.AspNetCore.Mvc.IActionResult] GetCustomerCount() on controller AuthNet.Controllers.CustomersController (AuthNet).
2025-08-13 14:32:29.574 +05:30 [INF] Executed DbCommand (12ms) [Parameters=[], CommandType='"Text"', CommandTimeout='30']
SELECT COUNT(*)
FROM [Customers] AS [c]
2025-08-13 14:32:29.574 +05:30 [INF] Executing OkObjectResult, writing value of type 'System.Int32'.
2025-08-13 14:32:29.574 +05:30 [INF] Executed action AuthNet.Controllers.CustomersController.GetCustomerCount (AuthNet) in 15.9131ms
2025-08-13 14:32:29.575 +05:30 [INF] Executed endpoint 'AuthNet.Controllers.CustomersController.GetCustomerCount (AuthNet)'
2025-08-13 14:32:29.575 +05:30 [INF] Request finished HTTP/1.1 GET https://localhost:7165/api/Customers/count - 200 null application/json; charset=utf-8 17.1285ms
2025-08-13 14:32:29.614 +05:30 [INF] Request starting HTTP/1.1 GET https://localhost:7165/api/Tasks - null null
2025-08-13 14:32:29.615 +05:30 [INF] Executing endpoint 'AuthNet.Controllers.TasksController.GetTasks (AuthNet)'
2025-08-13 14:32:29.615 +05:30 [INF] Route matched with {action = "GetTasks", controller = "Tasks"}. Executing controller action with signature Microsoft.AspNetCore.Mvc.IActionResult GetTasks() on controller AuthNet.Controllers.TasksController (AuthNet).
2025-08-13 14:32:29.626 +05:30 [INF] Executed DbCommand (7ms) [Parameters=[], CommandType='"Text"', CommandTimeout='30']
SELECT [t].[Id], [t].[Title], [t].[DueDate]
FROM [Tasks] AS [t]
2025-08-13 14:32:29.627 +05:30 [INF] Executing OkObjectResult, writing value of type 'System.Collections.Generic.List`1[[AuthNet.Models.DTO.TaskItemDto, AuthNet, Version=1.0.0.0, Culture=neutral, PublicKeyToken=null]]'.
2025-08-13 14:32:29.627 +05:30 [INF] Executed action AuthNet.Controllers.TasksController.GetTasks (AuthNet) in 11.7298ms
2025-08-13 14:32:29.627 +05:30 [INF] Executed endpoint 'AuthNet.Controllers.TasksController.GetTasks (AuthNet)'
2025-08-13 14:32:29.627 +05:30 [INF] Request finished HTTP/1.1 GET https://localhost:7165/api/Tasks - 200 null application/json; charset=utf-8 13.2018ms
2025-08-13 14:32:29.649 +05:30 [INF] Request starting HTTP/1.1 GET https://localhost:7165/api/Settings/Get - null null
2025-08-13 14:32:29.651 +05:30 [INF] Executing endpoint 'AuthNet.Controllers.SettingsController.GetCompanyInfo (AuthNet)'
2025-08-13 14:32:29.652 +05:30 [INF] Route matched with {action = "GetCompanyInfo", controller = "Settings"}. Executing controller action with signature System.Threading.Tasks.Task`1[Microsoft.AspNetCore.Mvc.IActionResult] GetCompanyInfo() on controller AuthNet.Controllers.SettingsController (AuthNet).
2025-08-13 14:32:29.676 +05:30 [INF] Executed DbCommand (22ms) [Parameters=[], CommandType='"Text"', CommandTimeout='30']
SELECT TOP(1) [c].[Id], [c].[Address], [c].[AlternateContactNumber], [c].[ContactNumber], [c].[Email], [c].[GSTIN], [c].[IsGSTINActive], [c].[LogoFileExtension], [c].[LogoFilePath], [c].[LogoFileSizeInBytes], [c].[LogoName], [c].[Name], [c].[SignFileExtension], [c].[SignFilePath], [c].[SignFileSizeInBytes], [c].[SignName]
FROM [CompanyInfos] AS [c]
2025-08-13 14:32:29.676 +05:30 [INF] Executing OkObjectResult, writing value of type 'AuthNet.Models.DTO.CompanyInfoResponseDto'.
2025-08-13 14:32:29.677 +05:30 [INF] Executed action AuthNet.Controllers.SettingsController.GetCompanyInfo (AuthNet) in 25.1073ms
2025-08-13 14:32:29.677 +05:30 [INF] Executed endpoint 'AuthNet.Controllers.SettingsController.GetCompanyInfo (AuthNet)'
2025-08-13 14:32:29.677 +05:30 [INF] Request finished HTTP/1.1 GET https://localhost:7165/api/Settings/Get - 200 null application/json; charset=utf-8 28.8148ms
2025-08-13 14:32:29.974 +05:30 [INF] Request starting HTTP/2 GET https://localhost:7165/api/Sales/WeeklyProfit - null null
2025-08-13 14:32:29.974 +05:30 [INF] Request starting HTTP/2 GET https://localhost:7165/api/Products/CategoryWiseProductCount - null null
2025-08-13 14:32:29.975 +05:30 [INF] CORS policy execution successful.
2025-08-13 14:32:29.975 +05:30 [INF] CORS policy execution successful.
2025-08-13 14:32:29.976 +05:30 [INF] Executing endpoint 'AuthNet.Controllers.ProductsController.GetCategoryWiseProductCount (AuthNet)'
2025-08-13 14:32:29.976 +05:30 [INF] Executing endpoint 'AuthNet.Controllers.SalesController.GetWeeklyProfit (AuthNet)'
2025-08-13 14:32:29.976 +05:30 [INF] Route matched with {action = "GetCategoryWiseProductCount", controller = "Products"}. Executing controller action with signature System.Threading.Tasks.Task`1[Microsoft.AspNetCore.Mvc.IActionResult] GetCategoryWiseProductCount() on controller AuthNet.Controllers.ProductsController (AuthNet).
2025-08-13 14:32:29.976 +05:30 [INF] Route matched with {action = "GetWeeklyProfit", controller = "Sales"}. Executing controller action with signature System.Threading.Tasks.Task`1[Microsoft.AspNetCore.Mvc.IActionResult] GetWeeklyProfit() on controller AuthNet.Controllers.SalesController (AuthNet).
2025-08-13 14:32:29.991 +05:30 [INF] Executed DbCommand (13ms) [Parameters=[@__startDate_0='?' (DbType = DateTime2), @__endDate_1='?' (DbType = DateTime2)], CommandType='"Text"', CommandTimeout='30']
SELECT [s].[Id], [s].[ProductId], [s].[ProductName], [s].[Quantity], [s].[SaleId], [s].[TotalPrice], [s].[UnitPrice], [s0].[Id], [s0].[AfterTaxAmount], [s0].[CreatedAt], [s0].[DiscountedAmount], [s0].[InvoiceDate], [s0].[InvoiceNo], [s0].[PrincipalAmount], [s0].[Template], [s0].[TotalAmount]
FROM [SaleItems] AS [s]
INNER JOIN [Sales] AS [s0] ON [s].[SaleId] = [s0].[Id]
WHERE CONVERT(date, [s0].[InvoiceDate]) >= @__startDate_0 AND CONVERT(date, [s0].[InvoiceDate]) <= @__endDate_1
2025-08-13 14:32:30.019 +05:30 [INF] Executed DbCommand (15ms) [Parameters=[@__productIds_0='?' (Size = 4000)], CommandType='"Text"', CommandTimeout='30']
SELECT [p].[ProductId], [p].[CategoryId], [p].[CostPrice], [p].[Description], [p].[Name], [p].[ProductCode], [p].[ProductKey], [p].[SellPrice], [p].[SupplierId]
FROM [Products] AS [p]
WHERE [p].[ProductId] IN (
    SELECT [p0].[value]
    FROM OPENJSON(@__productIds_0) WITH ([value] int '$') AS [p0]
)
2025-08-13 14:32:30.025 +05:30 [INF] Executing OkObjectResult, writing value of type 'System.Collections.Generic.List`1[[AuthNet.Models.DTO.DailyProfitDto, AuthNet, Version=1.0.0.0, Culture=neutral, PublicKeyToken=null]]'.
2025-08-13 14:32:30.025 +05:30 [INF] Executed action AuthNet.Controllers.SalesController.GetWeeklyProfit (AuthNet) in 49.4548ms
2025-08-13 14:32:30.026 +05:30 [INF] Executed endpoint 'AuthNet.Controllers.SalesController.GetWeeklyProfit (AuthNet)'
2025-08-13 14:32:30.026 +05:30 [INF] Request finished HTTP/2 GET https://localhost:7165/api/Sales/WeeklyProfit - 200 null application/json; charset=utf-8 51.6591ms
2025-08-13 14:32:30.135 +05:30 [INF] Executed DbCommand (15ms) [Parameters=[], CommandType='"Text"', CommandTimeout='30']
SELECT [c].[Name] AS [CategoryName], COUNT(*) AS [ProductCount]
FROM [Products] AS [p]
LEFT JOIN [Categories] AS [c] ON [p].[CategoryId] = [c].[CategoryId]
WHERE [c].[CategoryId] IS NOT NULL
GROUP BY [c].[Name]
2025-08-13 14:32:30.136 +05:30 [INF] Executing OkObjectResult, writing value of type 'System.Collections.Generic.List`1[[AuthNet.Models.DTO.CategoryProductCountDto, AuthNet, Version=1.0.0.0, Culture=neutral, PublicKeyToken=null]]'.
2025-08-13 14:32:30.136 +05:30 [INF] Executed action AuthNet.Controllers.ProductsController.GetCategoryWiseProductCount (AuthNet) in 160.0782ms
2025-08-13 14:32:30.136 +05:30 [INF] Executed endpoint 'AuthNet.Controllers.ProductsController.GetCategoryWiseProductCount (AuthNet)'
2025-08-13 14:32:30.136 +05:30 [INF] Request finished HTTP/2 GET https://localhost:7165/api/Products/CategoryWiseProductCount - 200 null application/json; charset=utf-8 162.0518ms
2025-08-13 14:32:33.356 +05:30 [INF] Request starting HTTP/1.1 GET https://localhost:7165/api/Settings/Get - null null
2025-08-13 14:32:33.357 +05:30 [INF] Executing endpoint 'AuthNet.Controllers.SettingsController.GetCompanyInfo (AuthNet)'
2025-08-13 14:32:33.357 +05:30 [INF] Route matched with {action = "GetCompanyInfo", controller = "Settings"}. Executing controller action with signature System.Threading.Tasks.Task`1[Microsoft.AspNetCore.Mvc.IActionResult] GetCompanyInfo() on controller AuthNet.Controllers.SettingsController (AuthNet).
2025-08-13 14:32:33.368 +05:30 [INF] Executed DbCommand (7ms) [Parameters=[], CommandType='"Text"', CommandTimeout='30']
SELECT TOP(1) [c].[Id], [c].[Address], [c].[AlternateContactNumber], [c].[ContactNumber], [c].[Email], [c].[GSTIN], [c].[IsGSTINActive], [c].[LogoFileExtension], [c].[LogoFilePath], [c].[LogoFileSizeInBytes], [c].[LogoName], [c].[Name], [c].[SignFileExtension], [c].[SignFilePath], [c].[SignFileSizeInBytes], [c].[SignName]
FROM [CompanyInfos] AS [c]
2025-08-13 14:32:33.368 +05:30 [INF] Executing OkObjectResult, writing value of type 'AuthNet.Models.DTO.CompanyInfoResponseDto'.
2025-08-13 14:32:33.369 +05:30 [INF] Executed action AuthNet.Controllers.SettingsController.GetCompanyInfo (AuthNet) in 10.7366ms
2025-08-13 14:32:33.369 +05:30 [INF] Executed endpoint 'AuthNet.Controllers.SettingsController.GetCompanyInfo (AuthNet)'
2025-08-13 14:32:33.369 +05:30 [INF] Request finished HTTP/1.1 GET https://localhost:7165/api/Settings/Get - 200 null application/json; charset=utf-8 13.0861ms
2025-08-13 14:32:36.499 +05:30 [INF] Request starting HTTP/1.1 GET https://localhost:7165/api/Settings/Get - null null
2025-08-13 14:32:36.499 +05:30 [INF] Executing endpoint 'AuthNet.Controllers.SettingsController.GetCompanyInfo (AuthNet)'
2025-08-13 14:32:36.499 +05:30 [INF] Route matched with {action = "GetCompanyInfo", controller = "Settings"}. Executing controller action with signature System.Threading.Tasks.Task`1[Microsoft.AspNetCore.Mvc.IActionResult] GetCompanyInfo() on controller AuthNet.Controllers.SettingsController (AuthNet).
2025-08-13 14:32:36.506 +05:30 [INF] Executed DbCommand (5ms) [Parameters=[], CommandType='"Text"', CommandTimeout='30']
SELECT TOP(1) [c].[Id], [c].[Address], [c].[AlternateContactNumber], [c].[ContactNumber], [c].[Email], [c].[GSTIN], [c].[IsGSTINActive], [c].[LogoFileExtension], [c].[LogoFilePath], [c].[LogoFileSizeInBytes], [c].[LogoName], [c].[Name], [c].[SignFileExtension], [c].[SignFilePath], [c].[SignFileSizeInBytes], [c].[SignName]
FROM [CompanyInfos] AS [c]
2025-08-13 14:32:36.506 +05:30 [INF] Executing OkObjectResult, writing value of type 'AuthNet.Models.DTO.CompanyInfoResponseDto'.
2025-08-13 14:32:36.506 +05:30 [INF] Executed action AuthNet.Controllers.SettingsController.GetCompanyInfo (AuthNet) in 7.0376ms
2025-08-13 14:32:36.506 +05:30 [INF] Executed endpoint 'AuthNet.Controllers.SettingsController.GetCompanyInfo (AuthNet)'
2025-08-13 14:32:36.507 +05:30 [INF] Request finished HTTP/1.1 GET https://localhost:7165/api/Settings/Get - 200 null application/json; charset=utf-8 7.9567ms
2025-08-13 14:36:42.604 +05:30 [INF] Request starting HTTP/1.1 GET https://localhost:7165/api/Settings/Get - null null
2025-08-13 14:36:42.606 +05:30 [INF] Executing endpoint 'AuthNet.Controllers.SettingsController.GetCompanyInfo (AuthNet)'
2025-08-13 14:36:42.612 +05:30 [INF] Route matched with {action = "GetCompanyInfo", controller = "Settings"}. Executing controller action with signature System.Threading.Tasks.Task`1[Microsoft.AspNetCore.Mvc.IActionResult] GetCompanyInfo() on controller AuthNet.Controllers.SettingsController (AuthNet).
2025-08-13 14:36:42.805 +05:30 [INF] Executed DbCommand (191ms) [Parameters=[], CommandType='"Text"', CommandTimeout='30']
SELECT TOP(1) [c].[Id], [c].[Address], [c].[AlternateContactNumber], [c].[ContactNumber], [c].[Email], [c].[GSTIN], [c].[IsGSTINActive], [c].[LogoFileExtension], [c].[LogoFilePath], [c].[LogoFileSizeInBytes], [c].[LogoName], [c].[Name], [c].[SignFileExtension], [c].[SignFilePath], [c].[SignFileSizeInBytes], [c].[SignName]
FROM [CompanyInfos] AS [c]
2025-08-13 14:36:42.806 +05:30 [INF] Executing OkObjectResult, writing value of type 'AuthNet.Models.DTO.CompanyInfoResponseDto'.
2025-08-13 14:36:42.811 +05:30 [INF] Executed action AuthNet.Controllers.SettingsController.GetCompanyInfo (AuthNet) in 199.1755ms
2025-08-13 14:36:42.811 +05:30 [INF] Executed endpoint 'AuthNet.Controllers.SettingsController.GetCompanyInfo (AuthNet)'
2025-08-13 14:36:42.812 +05:30 [INF] Request finished HTTP/1.1 GET https://localhost:7165/api/Settings/Get - 200 null application/json; charset=utf-8 208.0817ms
2025-08-13 14:36:44.264 +05:30 [INF] Request starting HTTP/2 GET https://localhost:7165/swagger/index.html - null null
2025-08-13 14:36:44.413 +05:30 [INF] Request finished HTTP/2 GET https://localhost:7165/swagger/index.html - 200 null text/html;charset=utf-8 148.7253ms
2025-08-13 14:36:44.968 +05:30 [INF] Request starting HTTP/2 GET https://localhost:7165/_framework/aspnetcore-browser-refresh.js - null null
2025-08-13 14:36:44.970 +05:30 [INF] Request finished HTTP/2 GET https://localhost:7165/_framework/aspnetcore-browser-refresh.js - 200 16499 application/javascript; charset=utf-8 1.8609ms
2025-08-13 14:36:45.158 +05:30 [INF] Request starting HTTP/2 GET https://localhost:7165/_vs/browserLink - null null
2025-08-13 14:36:45.190 +05:30 [INF] Request finished HTTP/2 GET https://localhost:7165/_vs/browserLink - 200 null text/javascript; charset=UTF-8 32.0733ms
2025-08-13 14:36:46.410 +05:30 [INF] Request starting HTTP/2 GET https://localhost:7165/swagger/v1/swagger.json - null null
2025-08-13 14:36:46.504 +05:30 [INF] Request finished HTTP/2 GET https://localhost:7165/swagger/v1/swagger.json - 200 null application/json;charset=utf-8 94.1633ms
2025-08-13 14:36:50.046 +05:30 [INF] Request starting HTTP/1.1 PUT https://localhost:7165/api/Settings/Update - multipart/form-data; boundary="daaf52fb-6c46-4f3a-acdb-969befd85806" 1041
2025-08-13 14:36:50.055 +05:30 [INF] Executing endpoint 'AuthNet.Controllers.SettingsController.Update (AuthNet)'
2025-08-13 14:36:50.069 +05:30 [INF] Route matched with {action = "Update", controller = "Settings"}. Executing controller action with signature System.Threading.Tasks.Task`1[Microsoft.AspNetCore.Mvc.IActionResult] Update(AuthNet.Models.DTO.CompanyInfoDto) on controller AuthNet.Controllers.SettingsController (AuthNet).
2025-08-13 14:36:50.137 +05:30 [INF] Executed DbCommand (17ms) [Parameters=[], CommandType='"Text"', CommandTimeout='30']
SELECT TOP(1) [c].[Id], [c].[Address], [c].[AlternateContactNumber], [c].[ContactNumber], [c].[Email], [c].[GSTIN], [c].[IsGSTINActive], [c].[LogoFileExtension], [c].[LogoFilePath], [c].[LogoFileSizeInBytes], [c].[LogoName], [c].[Name], [c].[SignFileExtension], [c].[SignFilePath], [c].[SignFileSizeInBytes], [c].[SignName]
FROM [CompanyInfos] AS [c]
2025-08-13 14:36:50.585 +05:30 [INF] Executed DbCommand (110ms) [Parameters=[@p0='?' (Size = 4000), @p1='?' (Size = 4000), @p2='?' (DbType = DateTime2), @p3='?' (Size = 4000), @p4='?' (Size = 4000), @p5='?' (Size = 4000), @p6='?' (Size = 4000)], CommandType='"Text"', CommandTimeout='30']
SET IMPLICIT_TRANSACTIONS OFF;
SET NOCOUNT ON;
INSERT INTO [CompanyInfoHistories] ([Address], [AlternateContactNumber], [ArchivedAt], [ContactNumber], [Email], [GSTIN], [Name])
OUTPUT INSERTED.[Id]
VALUES (@p0, @p1, @p2, @p3, @p4, @p5, @p6);
2025-08-13 14:36:50.631 +05:30 [INF] Executing OkObjectResult, writing value of type 'AuthNet.Models.DTO.OperationResponse'.
2025-08-13 14:36:50.641 +05:30 [INF] Executed action AuthNet.Controllers.SettingsController.Update (AuthNet) in 572.2804ms
2025-08-13 14:36:50.642 +05:30 [INF] Executed endpoint 'AuthNet.Controllers.SettingsController.Update (AuthNet)'
2025-08-13 14:36:50.642 +05:30 [INF] Request finished HTTP/1.1 PUT https://localhost:7165/api/Settings/Update - 200 null application/json; charset=utf-8 595.4633ms
2025-08-13 14:36:50.835 +05:30 [INF] Request starting HTTP/1.1 GET https://localhost:7165/api/Settings/Get - null null
2025-08-13 14:36:50.835 +05:30 [INF] Executing endpoint 'AuthNet.Controllers.SettingsController.GetCompanyInfo (AuthNet)'
2025-08-13 14:36:50.835 +05:30 [INF] Route matched with {action = "GetCompanyInfo", controller = "Settings"}. Executing controller action with signature System.Threading.Tasks.Task`1[Microsoft.AspNetCore.Mvc.IActionResult] GetCompanyInfo() on controller AuthNet.Controllers.SettingsController (AuthNet).
2025-08-13 14:36:51.054 +05:30 [INF] Executed DbCommand (217ms) [Parameters=[], CommandType='"Text"', CommandTimeout='30']
SELECT TOP(1) [c].[Id], [c].[Address], [c].[AlternateContactNumber], [c].[ContactNumber], [c].[Email], [c].[GSTIN], [c].[IsGSTINActive], [c].[LogoFileExtension], [c].[LogoFilePath], [c].[LogoFileSizeInBytes], [c].[LogoName], [c].[Name], [c].[SignFileExtension], [c].[SignFilePath], [c].[SignFileSizeInBytes], [c].[SignName]
FROM [CompanyInfos] AS [c]
2025-08-13 14:36:51.054 +05:30 [INF] Executing OkObjectResult, writing value of type 'AuthNet.Models.DTO.CompanyInfoResponseDto'.
2025-08-13 14:36:51.055 +05:30 [INF] Executed action AuthNet.Controllers.SettingsController.GetCompanyInfo (AuthNet) in 219.3767ms
2025-08-13 14:36:51.055 +05:30 [INF] Executed endpoint 'AuthNet.Controllers.SettingsController.GetCompanyInfo (AuthNet)'
2025-08-13 14:36:51.055 +05:30 [INF] Request finished HTTP/1.1 GET https://localhost:7165/api/Settings/Get - 200 null application/json; charset=utf-8 220.309ms
2025-08-13 14:36:54.561 +05:30 [INF] Request starting HTTP/1.1 GET https://localhost:7165/api/Settings/Get - null null
2025-08-13 14:36:54.562 +05:30 [INF] Executing endpoint 'AuthNet.Controllers.SettingsController.GetCompanyInfo (AuthNet)'
2025-08-13 14:36:54.562 +05:30 [INF] Route matched with {action = "GetCompanyInfo", controller = "Settings"}. Executing controller action with signature System.Threading.Tasks.Task`1[Microsoft.AspNetCore.Mvc.IActionResult] GetCompanyInfo() on controller AuthNet.Controllers.SettingsController (AuthNet).
2025-08-13 14:36:54.571 +05:30 [INF] Executed DbCommand (7ms) [Parameters=[], CommandType='"Text"', CommandTimeout='30']
SELECT TOP(1) [c].[Id], [c].[Address], [c].[AlternateContactNumber], [c].[ContactNumber], [c].[Email], [c].[GSTIN], [c].[IsGSTINActive], [c].[LogoFileExtension], [c].[LogoFilePath], [c].[LogoFileSizeInBytes], [c].[LogoName], [c].[Name], [c].[SignFileExtension], [c].[SignFilePath], [c].[SignFileSizeInBytes], [c].[SignName]
FROM [CompanyInfos] AS [c]
2025-08-13 14:36:54.572 +05:30 [INF] Executing OkObjectResult, writing value of type 'AuthNet.Models.DTO.CompanyInfoResponseDto'.
2025-08-13 14:36:54.572 +05:30 [INF] Executed action AuthNet.Controllers.SettingsController.GetCompanyInfo (AuthNet) in 9.7884ms
2025-08-13 14:36:54.572 +05:30 [INF] Executed endpoint 'AuthNet.Controllers.SettingsController.GetCompanyInfo (AuthNet)'
2025-08-13 14:36:54.572 +05:30 [INF] Request finished HTTP/1.1 GET https://localhost:7165/api/Settings/Get - 200 null application/json; charset=utf-8 11.1224ms
2025-08-13 14:38:43.793 +05:30 [INF] Request starting HTTP/2 GET https://localhost:7165/swagger/index.html - null null
2025-08-13 14:38:43.816 +05:30 [INF] Request finished HTTP/2 GET https://localhost:7165/swagger/index.html - 200 null text/html;charset=utf-8 23.6683ms
2025-08-13 14:38:44.157 +05:30 [INF] Request starting HTTP/1.1 GET https://localhost:7165/api/Settings/Get - null null
2025-08-13 14:38:44.158 +05:30 [INF] Executing endpoint 'AuthNet.Controllers.SettingsController.GetCompanyInfo (AuthNet)'
2025-08-13 14:38:44.164 +05:30 [INF] Route matched with {action = "GetCompanyInfo", controller = "Settings"}. Executing controller action with signature System.Threading.Tasks.Task`1[Microsoft.AspNetCore.Mvc.IActionResult] GetCompanyInfo() on controller AuthNet.Controllers.SettingsController (AuthNet).
2025-08-13 14:38:44.182 +05:30 [INF] Request starting HTTP/2 GET https://localhost:7165/_vs/browserLink - null null
2025-08-13 14:38:44.220 +05:30 [INF] Executed DbCommand (55ms) [Parameters=[], CommandType='"Text"', CommandTimeout='30']
SELECT TOP(1) [c].[Id], [c].[Address], [c].[AlternateContactNumber], [c].[ContactNumber], [c].[Email], [c].[GSTIN], [c].[IsGSTINActive], [c].[LogoFileExtension], [c].[LogoFilePath], [c].[LogoFileSizeInBytes], [c].[LogoName], [c].[Name], [c].[SignFileExtension], [c].[SignFilePath], [c].[SignFileSizeInBytes], [c].[SignName]
FROM [CompanyInfos] AS [c]
2025-08-13 14:38:44.226 +05:30 [INF] Executing OkObjectResult, writing value of type 'AuthNet.Models.DTO.CompanyInfoResponseDto'.
2025-08-13 14:38:44.226 +05:30 [INF] Request starting HTTP/2 GET https://localhost:7165/_framework/aspnetcore-browser-refresh.js - null null
2025-08-13 14:38:44.229 +05:30 [INF] Executed action AuthNet.Controllers.SettingsController.GetCompanyInfo (AuthNet) in 65.5501ms
2025-08-13 14:38:44.229 +05:30 [INF] Executed endpoint 'AuthNet.Controllers.SettingsController.GetCompanyInfo (AuthNet)'
2025-08-13 14:38:44.230 +05:30 [INF] Request finished HTTP/1.1 GET https://localhost:7165/api/Settings/Get - 200 null application/json; charset=utf-8 72.4811ms
2025-08-13 14:38:44.242 +05:30 [INF] Request finished HTTP/2 GET https://localhost:7165/_framework/aspnetcore-browser-refresh.js - 200 16499 application/javascript; charset=utf-8 15.4133ms
2025-08-13 14:38:44.281 +05:30 [INF] Request finished HTTP/2 GET https://localhost:7165/_vs/browserLink - 200 null text/javascript; charset=UTF-8 98.5347ms
2025-08-13 14:38:46.964 +05:30 [INF] Request starting HTTP/2 GET https://localhost:7165/swagger/v1/swagger.json - null null
2025-08-13 14:38:47.682 +05:30 [INF] Request finished HTTP/2 GET https://localhost:7165/swagger/v1/swagger.json - 200 null application/json;charset=utf-8 717.9875ms
2025-08-13 14:39:15.265 +05:30 [INF] Request starting HTTP/2 GET https://localhost:7165/api/Settings/Get - null null
2025-08-13 14:39:15.291 +05:30 [WRN] Error unprotecting the session cookie.
System.Security.Cryptography.CryptographicException: The payload was invalid. For more information go to https://aka.ms/aspnet/dataprotectionwarning
   at Microsoft.AspNetCore.DataProtection.Cng.CbcAuthenticatedEncryptor.DecryptImpl(Byte* pbCiphertext, UInt32 cbCiphertext, Byte* pbAdditionalAuthenticatedData, UInt32 cbAdditionalAuthenticatedData)
   at Microsoft.AspNetCore.DataProtection.Cng.Internal.CngAuthenticatedEncryptorBase.Decrypt(ArraySegment`1 ciphertext, ArraySegment`1 additionalAuthenticatedData)
   at Microsoft.AspNetCore.DataProtection.KeyManagement.KeyRingBasedDataProtector.UnprotectCore(Byte[] protectedData, Boolean allowOperationsOnRevokedKeys, UnprotectStatus& status)
   at Microsoft.AspNetCore.DataProtection.KeyManagement.KeyRingBasedDataProtector.Unprotect(Byte[] protectedData)
   at Microsoft.AspNetCore.Session.CookieProtection.Unprotect(IDataProtector protector, String protectedText, ILogger logger)
2025-08-13 14:39:15.360 +05:30 [INF] Executing endpoint 'AuthNet.Controllers.SettingsController.GetCompanyInfo (AuthNet)'
2025-08-13 14:39:15.361 +05:30 [INF] Route matched with {action = "GetCompanyInfo", controller = "Settings"}. Executing controller action with signature System.Threading.Tasks.Task`1[Microsoft.AspNetCore.Mvc.IActionResult] GetCompanyInfo() on controller AuthNet.Controllers.SettingsController (AuthNet).
2025-08-13 14:39:15.379 +05:30 [INF] Executed DbCommand (17ms) [Parameters=[], CommandType='"Text"', CommandTimeout='30']
SELECT TOP(1) [c].[Id], [c].[Address], [c].[AlternateContactNumber], [c].[ContactNumber], [c].[Email], [c].[GSTIN], [c].[IsGSTINActive], [c].[LogoFileExtension], [c].[LogoFilePath], [c].[LogoFileSizeInBytes], [c].[LogoName], [c].[Name], [c].[SignFileExtension], [c].[SignFilePath], [c].[SignFileSizeInBytes], [c].[SignName]
FROM [CompanyInfos] AS [c]
2025-08-13 14:39:15.380 +05:30 [INF] Executing OkObjectResult, writing value of type 'AuthNet.Models.DTO.CompanyInfoResponseDto'.
2025-08-13 14:39:15.380 +05:30 [INF] Executed action AuthNet.Controllers.SettingsController.GetCompanyInfo (AuthNet) in 19.4538ms
2025-08-13 14:39:15.380 +05:30 [INF] Executed endpoint 'AuthNet.Controllers.SettingsController.GetCompanyInfo (AuthNet)'
2025-08-13 14:39:15.381 +05:30 [INF] Request finished HTTP/2 GET https://localhost:7165/api/Settings/Get - 200 null application/json; charset=utf-8 115.7338ms
2025-08-13 14:41:34.415 +05:30 [INF] Request starting HTTP/1.1 GET https://localhost:7165/api/Settings/Get - null null
2025-08-13 14:41:34.416 +05:30 [INF] Executing endpoint 'AuthNet.Controllers.SettingsController.GetCompanyInfo (AuthNet)'
2025-08-13 14:41:34.424 +05:30 [INF] Route matched with {action = "GetCompanyInfo", controller = "Settings"}. Executing controller action with signature System.Threading.Tasks.Task`1[Microsoft.AspNetCore.Mvc.IActionResult] GetCompanyInfo() on controller AuthNet.Controllers.SettingsController (AuthNet).
2025-08-13 14:41:34.441 +05:30 [INF] Executed DbCommand (16ms) [Parameters=[], CommandType='"Text"', CommandTimeout='30']
SELECT TOP(1) [c].[Id], [c].[Address], [c].[AlternateContactNumber], [c].[ContactNumber], [c].[Email], [c].[GSTIN], [c].[IsGSTINActive], [c].[LogoFileExtension], [c].[LogoFilePath], [c].[LogoFileSizeInBytes], [c].[LogoName], [c].[Name], [c].[SignFileExtension], [c].[SignFilePath], [c].[SignFileSizeInBytes], [c].[SignName]
FROM [CompanyInfos] AS [c]
2025-08-13 14:41:34.442 +05:30 [INF] Executing OkObjectResult, writing value of type 'AuthNet.Models.DTO.CompanyInfoResponseDto'.
2025-08-13 14:41:34.444 +05:30 [INF] Executed action AuthNet.Controllers.SettingsController.GetCompanyInfo (AuthNet) in 20.1983ms
2025-08-13 14:41:34.444 +05:30 [INF] Executed endpoint 'AuthNet.Controllers.SettingsController.GetCompanyInfo (AuthNet)'
2025-08-13 14:41:34.444 +05:30 [INF] Request finished HTTP/1.1 GET https://localhost:7165/api/Settings/Get - 200 null application/json; charset=utf-8 29.0938ms
2025-08-13 14:41:35.494 +05:30 [INF] Request starting HTTP/2 GET https://localhost:7165/swagger/index.html - null null
2025-08-13 14:41:35.510 +05:30 [INF] Request finished HTTP/2 GET https://localhost:7165/swagger/index.html - 200 null text/html;charset=utf-8 16.8241ms
2025-08-13 14:41:35.813 +05:30 [INF] Request starting HTTP/2 GET https://localhost:7165/_vs/browserLink - null null
2025-08-13 14:41:35.829 +05:30 [INF] Request finished HTTP/2 GET https://localhost:7165/_vs/browserLink - 200 null text/javascript; charset=UTF-8 15.5834ms
2025-08-13 14:41:35.839 +05:30 [INF] Request starting HTTP/2 GET https://localhost:7165/_framework/aspnetcore-browser-refresh.js - null null
2025-08-13 14:41:35.840 +05:30 [INF] Request finished HTTP/2 GET https://localhost:7165/_framework/aspnetcore-browser-refresh.js - 200 16499 application/javascript; charset=utf-8 1.4574ms
2025-08-13 14:41:36.614 +05:30 [INF] Request starting HTTP/2 GET https://localhost:7165/swagger/v1/swagger.json - null null
2025-08-13 14:41:37.956 +05:30 [INF] Request finished HTTP/2 GET https://localhost:7165/swagger/v1/swagger.json - 200 null application/json;charset=utf-8 1342.8528ms
2025-08-13 14:41:48.001 +05:30 [INF] Request starting HTTP/2 GET https://localhost:7165/api/Settings/Get - null null
2025-08-13 14:41:48.009 +05:30 [WRN] Error unprotecting the session cookie.
System.Security.Cryptography.CryptographicException: The payload was invalid. For more information go to https://aka.ms/aspnet/dataprotectionwarning
   at Microsoft.AspNetCore.DataProtection.Cng.CbcAuthenticatedEncryptor.DecryptImpl(Byte* pbCiphertext, UInt32 cbCiphertext, Byte* pbAdditionalAuthenticatedData, UInt32 cbAdditionalAuthenticatedData)
   at Microsoft.AspNetCore.DataProtection.Cng.Internal.CngAuthenticatedEncryptorBase.Decrypt(ArraySegment`1 ciphertext, ArraySegment`1 additionalAuthenticatedData)
   at Microsoft.AspNetCore.DataProtection.KeyManagement.KeyRingBasedDataProtector.UnprotectCore(Byte[] protectedData, Boolean allowOperationsOnRevokedKeys, UnprotectStatus& status)
   at Microsoft.AspNetCore.DataProtection.KeyManagement.KeyRingBasedDataProtector.Unprotect(Byte[] protectedData)
   at Microsoft.AspNetCore.Session.CookieProtection.Unprotect(IDataProtector protector, String protectedText, ILogger logger)
2025-08-13 14:41:48.009 +05:30 [INF] Executing endpoint 'AuthNet.Controllers.SettingsController.GetCompanyInfo (AuthNet)'
2025-08-13 14:41:48.010 +05:30 [INF] Route matched with {action = "GetCompanyInfo", controller = "Settings"}. Executing controller action with signature System.Threading.Tasks.Task`1[Microsoft.AspNetCore.Mvc.IActionResult] GetCompanyInfo() on controller AuthNet.Controllers.SettingsController (AuthNet).
2025-08-13 14:41:48.045 +05:30 [INF] Executed DbCommand (35ms) [Parameters=[], CommandType='"Text"', CommandTimeout='30']
SELECT TOP(1) [c].[Id], [c].[Address], [c].[AlternateContactNumber], [c].[ContactNumber], [c].[Email], [c].[GSTIN], [c].[IsGSTINActive], [c].[LogoFileExtension], [c].[LogoFilePath], [c].[LogoFileSizeInBytes], [c].[LogoName], [c].[Name], [c].[SignFileExtension], [c].[SignFilePath], [c].[SignFileSizeInBytes], [c].[SignName]
FROM [CompanyInfos] AS [c]
2025-08-13 14:41:48.046 +05:30 [INF] Executing OkObjectResult, writing value of type 'AuthNet.Models.DTO.CompanyInfoResponseDto'.
2025-08-13 14:41:48.046 +05:30 [INF] Executed action AuthNet.Controllers.SettingsController.GetCompanyInfo (AuthNet) in 36.5812ms
2025-08-13 14:41:48.046 +05:30 [INF] Executed endpoint 'AuthNet.Controllers.SettingsController.GetCompanyInfo (AuthNet)'
2025-08-13 14:41:48.046 +05:30 [INF] Request finished HTTP/2 GET https://localhost:7165/api/Settings/Get - 200 null application/json; charset=utf-8 45.9465ms
2025-08-13 14:44:54.484 +05:30 [INF] Request starting HTTP/2 GET https://localhost:7165/swagger/index.html - null null
2025-08-13 14:44:54.508 +05:30 [INF] Request finished HTTP/2 GET https://localhost:7165/swagger/index.html - 200 null text/html;charset=utf-8 24.2881ms
2025-08-13 14:44:54.844 +05:30 [INF] Request starting HTTP/2 GET https://localhost:7165/_framework/aspnetcore-browser-refresh.js - null null
2025-08-13 14:44:54.869 +05:30 [INF] Request starting HTTP/2 GET https://localhost:7165/_vs/browserLink - null null
2025-08-13 14:44:54.891 +05:30 [INF] Request finished HTTP/2 GET https://localhost:7165/_framework/aspnetcore-browser-refresh.js - 200 16499 application/javascript; charset=utf-8 47.159ms
2025-08-13 14:44:54.943 +05:30 [INF] Request finished HTTP/2 GET https://localhost:7165/_vs/browserLink - 200 null text/javascript; charset=UTF-8 73.5096ms
2025-08-13 14:44:55.058 +05:30 [INF] Request starting HTTP/2 GET https://localhost:7165/swagger/v1/swagger.json - null null
2025-08-13 14:44:55.140 +05:30 [INF] Request finished HTTP/2 GET https://localhost:7165/swagger/v1/swagger.json - 200 null application/json;charset=utf-8 81.9069ms
2025-08-13 14:44:55.699 +05:30 [INF] Request starting HTTP/1.1 GET https://localhost:7165/api/Settings/Get - null null
2025-08-13 14:44:55.701 +05:30 [INF] Executing endpoint 'AuthNet.Controllers.SettingsController.GetCompanyInfo (AuthNet)'
2025-08-13 14:44:55.706 +05:30 [INF] Route matched with {action = "GetCompanyInfo", controller = "Settings"}. Executing controller action with signature System.Threading.Tasks.Task`1[Microsoft.AspNetCore.Mvc.IActionResult] GetCompanyInfo() on controller AuthNet.Controllers.SettingsController (AuthNet).
2025-08-13 14:44:55.732 +05:30 [INF] Executed DbCommand (24ms) [Parameters=[], CommandType='"Text"', CommandTimeout='30']
SELECT TOP(1) [c].[Id], [c].[Address], [c].[AlternateContactNumber], [c].[ContactNumber], [c].[Email], [c].[GSTIN], [c].[IsGSTINActive], [c].[LogoFileExtension], [c].[LogoFilePath], [c].[LogoFileSizeInBytes], [c].[LogoName], [c].[Name], [c].[SignFileExtension], [c].[SignFilePath], [c].[SignFileSizeInBytes], [c].[SignName]
FROM [CompanyInfos] AS [c]
2025-08-13 14:44:55.732 +05:30 [INF] Executing OkObjectResult, writing value of type 'AuthNet.Models.DTO.CompanyInfoResponseDto'.
2025-08-13 14:44:55.736 +05:30 [INF] Executed action AuthNet.Controllers.SettingsController.GetCompanyInfo (AuthNet) in 29.3216ms
2025-08-13 14:44:55.736 +05:30 [INF] Executed endpoint 'AuthNet.Controllers.SettingsController.GetCompanyInfo (AuthNet)'
2025-08-13 14:44:55.736 +05:30 [INF] Request finished HTTP/1.1 GET https://localhost:7165/api/Settings/Get - 200 null application/json; charset=utf-8 37.2529ms
2025-08-13 14:45:00.774 +05:30 [INF] Request starting HTTP/1.1 GET https://localhost:7165/api/Settings/Get - null null
2025-08-13 14:45:00.782 +05:30 [INF] Executing endpoint 'AuthNet.Controllers.SettingsController.GetCompanyInfo (AuthNet)'
2025-08-13 14:45:00.782 +05:30 [INF] Route matched with {action = "GetCompanyInfo", controller = "Settings"}. Executing controller action with signature System.Threading.Tasks.Task`1[Microsoft.AspNetCore.Mvc.IActionResult] GetCompanyInfo() on controller AuthNet.Controllers.SettingsController (AuthNet).
2025-08-13 14:45:00.802 +05:30 [INF] Executed DbCommand (19ms) [Parameters=[], CommandType='"Text"', CommandTimeout='30']
SELECT TOP(1) [c].[Id], [c].[Address], [c].[AlternateContactNumber], [c].[ContactNumber], [c].[Email], [c].[GSTIN], [c].[IsGSTINActive], [c].[LogoFileExtension], [c].[LogoFilePath], [c].[LogoFileSizeInBytes], [c].[LogoName], [c].[Name], [c].[SignFileExtension], [c].[SignFilePath], [c].[SignFileSizeInBytes], [c].[SignName]
FROM [CompanyInfos] AS [c]
2025-08-13 14:45:00.802 +05:30 [INF] Executing OkObjectResult, writing value of type 'AuthNet.Models.DTO.CompanyInfoResponseDto'.
2025-08-13 14:45:00.803 +05:30 [INF] Executed action AuthNet.Controllers.SettingsController.GetCompanyInfo (AuthNet) in 20.6682ms
2025-08-13 14:45:00.803 +05:30 [INF] Executed endpoint 'AuthNet.Controllers.SettingsController.GetCompanyInfo (AuthNet)'
2025-08-13 14:45:00.803 +05:30 [INF] Request finished HTTP/1.1 GET https://localhost:7165/api/Settings/Get - 200 null application/json; charset=utf-8 29.2677ms
2025-08-13 14:46:56.482 +05:30 [INF] Request starting HTTP/2 GET https://localhost:7165/swagger/index.html - null null
2025-08-13 14:46:56.513 +05:30 [INF] Request finished HTTP/2 GET https://localhost:7165/swagger/index.html - 200 null text/html;charset=utf-8 31.6982ms
2025-08-13 14:46:56.927 +05:30 [INF] Request starting HTTP/1.1 GET https://localhost:7165/api/Settings/Get - null null
2025-08-13 14:46:56.941 +05:30 [INF] Executing endpoint 'AuthNet.Controllers.SettingsController.GetCompanyInfo (AuthNet)'
2025-08-13 14:46:56.949 +05:30 [INF] Route matched with {action = "GetCompanyInfo", controller = "Settings"}. Executing controller action with signature System.Threading.Tasks.Task`1[Microsoft.AspNetCore.Mvc.IActionResult] GetCompanyInfo() on controller AuthNet.Controllers.SettingsController (AuthNet).
2025-08-13 14:46:56.974 +05:30 [INF] Executed DbCommand (23ms) [Parameters=[], CommandType='"Text"', CommandTimeout='30']
SELECT TOP(1) [c].[Id], [c].[Address], [c].[AlternateContactNumber], [c].[ContactNumber], [c].[Email], [c].[GSTIN], [c].[IsGSTINActive], [c].[LogoFileExtension], [c].[LogoFilePath], [c].[LogoFileSizeInBytes], [c].[LogoName], [c].[Name], [c].[SignFileExtension], [c].[SignFilePath], [c].[SignFileSizeInBytes], [c].[SignName]
FROM [CompanyInfos] AS [c]
2025-08-13 14:46:56.975 +05:30 [INF] Executing OkObjectResult, writing value of type 'AuthNet.Models.DTO.CompanyInfoResponseDto'.
2025-08-13 14:46:56.979 +05:30 [INF] Executed action AuthNet.Controllers.SettingsController.GetCompanyInfo (AuthNet) in 29.8467ms
2025-08-13 14:46:56.979 +05:30 [INF] Executed endpoint 'AuthNet.Controllers.SettingsController.GetCompanyInfo (AuthNet)'
2025-08-13 14:46:56.979 +05:30 [INF] Request finished HTTP/1.1 GET https://localhost:7165/api/Settings/Get - 200 null application/json; charset=utf-8 52.5128ms
2025-08-13 14:46:59.741 +05:30 [INF] Request starting HTTP/2 GET https://localhost:7165/_vs/browserLink - null null
2025-08-13 14:46:59.769 +05:30 [INF] Request finished HTTP/2 GET https://localhost:7165/_vs/browserLink - 200 null text/javascript; charset=UTF-8 28.6866ms
2025-08-13 14:46:59.781 +05:30 [INF] Request starting HTTP/2 GET https://localhost:7165/_framework/aspnetcore-browser-refresh.js - null null
2025-08-13 14:46:59.783 +05:30 [INF] Request finished HTTP/2 GET https://localhost:7165/_framework/aspnetcore-browser-refresh.js - 200 16499 application/javascript; charset=utf-8 1.7491ms
2025-08-13 14:47:00.143 +05:30 [INF] Request starting HTTP/2 GET https://localhost:7165/swagger/v1/swagger.json - null null
2025-08-13 14:47:00.210 +05:30 [INF] Request finished HTTP/2 GET https://localhost:7165/swagger/v1/swagger.json - 200 null application/json;charset=utf-8 67.1824ms
2025-08-13 14:47:58.494 +05:30 [INF] Request starting HTTP/1.1 GET https://localhost:7165/api/Settings/Get - null null
2025-08-13 14:47:58.500 +05:30 [INF] Executing endpoint 'AuthNet.Controllers.SettingsController.GetCompanyInfo (AuthNet)'
2025-08-13 14:47:58.500 +05:30 [INF] Route matched with {action = "GetCompanyInfo", controller = "Settings"}. Executing controller action with signature System.Threading.Tasks.Task`1[Microsoft.AspNetCore.Mvc.IActionResult] GetCompanyInfo() on controller AuthNet.Controllers.SettingsController (AuthNet).
2025-08-13 14:47:58.511 +05:30 [INF] Executed DbCommand (8ms) [Parameters=[], CommandType='"Text"', CommandTimeout='30']
SELECT TOP(1) [c].[Id], [c].[Address], [c].[AlternateContactNumber], [c].[ContactNumber], [c].[Email], [c].[GSTIN], [c].[IsGSTINActive], [c].[LogoFileExtension], [c].[LogoFilePath], [c].[LogoFileSizeInBytes], [c].[LogoName], [c].[Name], [c].[SignFileExtension], [c].[SignFilePath], [c].[SignFileSizeInBytes], [c].[SignName]
FROM [CompanyInfos] AS [c]
2025-08-13 14:47:58.511 +05:30 [INF] Executing OkObjectResult, writing value of type 'AuthNet.Models.DTO.CompanyInfoResponseDto'.
2025-08-13 14:47:58.511 +05:30 [INF] Executed action AuthNet.Controllers.SettingsController.GetCompanyInfo (AuthNet) in 11.0365ms
2025-08-13 14:47:58.512 +05:30 [INF] Executed endpoint 'AuthNet.Controllers.SettingsController.GetCompanyInfo (AuthNet)'
2025-08-13 14:47:58.512 +05:30 [INF] Request finished HTTP/1.1 GET https://localhost:7165/api/Settings/Get - 200 null application/json; charset=utf-8 18.3309ms
2025-08-13 14:48:13.278 +05:30 [INF] Request starting HTTP/1.1 GET https://localhost:7165/api/Settings/Get - null null
2025-08-13 14:48:13.278 +05:30 [INF] Executing endpoint 'AuthNet.Controllers.SettingsController.GetCompanyInfo (AuthNet)'
2025-08-13 14:48:13.279 +05:30 [INF] Route matched with {action = "GetCompanyInfo", controller = "Settings"}. Executing controller action with signature System.Threading.Tasks.Task`1[Microsoft.AspNetCore.Mvc.IActionResult] GetCompanyInfo() on controller AuthNet.Controllers.SettingsController (AuthNet).
2025-08-13 14:48:13.295 +05:30 [INF] Executed DbCommand (14ms) [Parameters=[], CommandType='"Text"', CommandTimeout='30']
SELECT TOP(1) [c].[Id], [c].[Address], [c].[AlternateContactNumber], [c].[ContactNumber], [c].[Email], [c].[GSTIN], [c].[IsGSTINActive], [c].[LogoFileExtension], [c].[LogoFilePath], [c].[LogoFileSizeInBytes], [c].[LogoName], [c].[Name], [c].[SignFileExtension], [c].[SignFilePath], [c].[SignFileSizeInBytes], [c].[SignName]
FROM [CompanyInfos] AS [c]
2025-08-13 14:48:13.295 +05:30 [INF] Executing OkObjectResult, writing value of type 'AuthNet.Models.DTO.CompanyInfoResponseDto'.
2025-08-13 14:48:13.295 +05:30 [INF] Executed action AuthNet.Controllers.SettingsController.GetCompanyInfo (AuthNet) in 16.5805ms
2025-08-13 14:48:13.295 +05:30 [INF] Executed endpoint 'AuthNet.Controllers.SettingsController.GetCompanyInfo (AuthNet)'
2025-08-13 14:48:13.296 +05:30 [INF] Request finished HTTP/1.1 GET https://localhost:7165/api/Settings/Get - 200 null application/json; charset=utf-8 17.8614ms
2025-08-13 14:49:22.085 +05:30 [INF] Request starting HTTP/1.1 GET https://localhost:7165/api/Settings/Get - null null
2025-08-13 14:49:22.091 +05:30 [INF] Executing endpoint 'AuthNet.Controllers.SettingsController.GetCompanyInfo (AuthNet)'
2025-08-13 14:49:22.091 +05:30 [INF] Route matched with {action = "GetCompanyInfo", controller = "Settings"}. Executing controller action with signature System.Threading.Tasks.Task`1[Microsoft.AspNetCore.Mvc.IActionResult] GetCompanyInfo() on controller AuthNet.Controllers.SettingsController (AuthNet).
2025-08-13 14:49:22.140 +05:30 [INF] Executed DbCommand (46ms) [Parameters=[], CommandType='"Text"', CommandTimeout='30']
SELECT TOP(1) [c].[Id], [c].[Address], [c].[AlternateContactNumber], [c].[ContactNumber], [c].[Email], [c].[GSTIN], [c].[IsGSTINActive], [c].[LogoFileExtension], [c].[LogoFilePath], [c].[LogoFileSizeInBytes], [c].[LogoName], [c].[Name], [c].[SignFileExtension], [c].[SignFilePath], [c].[SignFileSizeInBytes], [c].[SignName]
FROM [CompanyInfos] AS [c]
2025-08-13 14:49:22.140 +05:30 [INF] Executing OkObjectResult, writing value of type 'AuthNet.Models.DTO.CompanyInfoResponseDto'.
2025-08-13 14:49:22.140 +05:30 [INF] Executed action AuthNet.Controllers.SettingsController.GetCompanyInfo (AuthNet) in 48.7372ms
2025-08-13 14:49:22.140 +05:30 [INF] Executed endpoint 'AuthNet.Controllers.SettingsController.GetCompanyInfo (AuthNet)'
2025-08-13 14:49:22.141 +05:30 [INF] Request finished HTTP/1.1 GET https://localhost:7165/api/Settings/Get - 200 null application/json; charset=utf-8 55.6275ms
2025-08-13 14:49:43.245 +05:30 [INF] Request starting HTTP/1.1 GET https://localhost:7165/api/Settings/Get - null null
2025-08-13 14:49:43.245 +05:30 [INF] Executing endpoint 'AuthNet.Controllers.SettingsController.GetCompanyInfo (AuthNet)'
2025-08-13 14:49:43.245 +05:30 [INF] Route matched with {action = "GetCompanyInfo", controller = "Settings"}. Executing controller action with signature System.Threading.Tasks.Task`1[Microsoft.AspNetCore.Mvc.IActionResult] GetCompanyInfo() on controller AuthNet.Controllers.SettingsController (AuthNet).
2025-08-13 14:49:43.307 +05:30 [INF] Executed DbCommand (56ms) [Parameters=[], CommandType='"Text"', CommandTimeout='30']
SELECT TOP(1) [c].[Id], [c].[Address], [c].[AlternateContactNumber], [c].[ContactNumber], [c].[Email], [c].[GSTIN], [c].[IsGSTINActive], [c].[LogoFileExtension], [c].[LogoFilePath], [c].[LogoFileSizeInBytes], [c].[LogoName], [c].[Name], [c].[SignFileExtension], [c].[SignFilePath], [c].[SignFileSizeInBytes], [c].[SignName]
FROM [CompanyInfos] AS [c]
2025-08-13 14:49:43.307 +05:30 [INF] Executing OkObjectResult, writing value of type 'AuthNet.Models.DTO.CompanyInfoResponseDto'.
2025-08-13 14:49:43.308 +05:30 [INF] Executed action AuthNet.Controllers.SettingsController.GetCompanyInfo (AuthNet) in 63.1785ms
2025-08-13 14:49:43.308 +05:30 [INF] Executed endpoint 'AuthNet.Controllers.SettingsController.GetCompanyInfo (AuthNet)'
2025-08-13 14:49:43.308 +05:30 [INF] Request finished HTTP/1.1 GET https://localhost:7165/api/Settings/Get - 200 null application/json; charset=utf-8 64.1357ms
2025-08-13 14:50:55.008 +05:30 [INF] Request starting HTTP/2 GET https://localhost:7165/swagger/index.html - null null
2025-08-13 14:50:55.212 +05:30 [INF] Request finished HTTP/2 GET https://localhost:7165/swagger/index.html - 200 null text/html;charset=utf-8 203.6291ms
2025-08-13 14:50:56.824 +05:30 [INF] Request starting HTTP/2 GET https://localhost:7165/_framework/aspnetcore-browser-refresh.js - null null
2025-08-13 14:50:56.825 +05:30 [INF] Request starting HTTP/2 GET https://localhost:7165/_vs/browserLink - null null
2025-08-13 14:50:56.826 +05:30 [INF] Request finished HTTP/2 GET https://localhost:7165/_framework/aspnetcore-browser-refresh.js - 200 16499 application/javascript; charset=utf-8 2.2602ms
2025-08-13 14:50:56.869 +05:30 [INF] Request finished HTTP/2 GET https://localhost:7165/_vs/browserLink - 200 null text/javascript; charset=UTF-8 44.3675ms
2025-08-13 14:51:00.453 +05:30 [INF] Request starting HTTP/2 GET https://localhost:7165/swagger/v1/swagger.json - null null
2025-08-13 14:51:00.519 +05:30 [INF] Request starting HTTP/1.1 GET https://localhost:7165/api/Settings/Get - null null
2025-08-13 14:51:00.520 +05:30 [INF] Request finished HTTP/2 GET https://localhost:7165/swagger/v1/swagger.json - 200 null application/json;charset=utf-8 66.3138ms
2025-08-13 14:51:00.524 +05:30 [INF] Executing endpoint 'AuthNet.Controllers.SettingsController.GetCompanyInfo (AuthNet)'
2025-08-13 14:51:00.533 +05:30 [INF] Route matched with {action = "GetCompanyInfo", controller = "Settings"}. Executing controller action with signature System.Threading.Tasks.Task`1[Microsoft.AspNetCore.Mvc.IActionResult] GetCompanyInfo() on controller AuthNet.Controllers.SettingsController (AuthNet).
2025-08-13 14:51:00.693 +05:30 [INF] Executed DbCommand (158ms) [Parameters=[], CommandType='"Text"', CommandTimeout='30']
SELECT TOP(1) [c].[Id], [c].[Address], [c].[AlternateContactNumber], [c].[ContactNumber], [c].[Email], [c].[GSTIN], [c].[IsGSTINActive], [c].[LogoFileExtension], [c].[LogoFilePath], [c].[LogoFileSizeInBytes], [c].[LogoName], [c].[Name], [c].[SignFileExtension], [c].[SignFilePath], [c].[SignFileSizeInBytes], [c].[SignName]
FROM [CompanyInfos] AS [c]
2025-08-13 14:51:00.693 +05:30 [INF] Executing OkObjectResult, writing value of type 'AuthNet.Models.DTO.CompanyInfoResponseDto'.
2025-08-13 14:51:00.697 +05:30 [INF] Executed action AuthNet.Controllers.SettingsController.GetCompanyInfo (AuthNet) in 164.0809ms
2025-08-13 14:51:00.697 +05:30 [INF] Executed endpoint 'AuthNet.Controllers.SettingsController.GetCompanyInfo (AuthNet)'
2025-08-13 14:51:00.698 +05:30 [INF] Request finished HTTP/1.1 GET https://localhost:7165/api/Settings/Get - 200 null application/json; charset=utf-8 179.1096ms
2025-08-13 14:51:54.898 +05:30 [INF] User profile is available. Using 'C:\Users\Admin\AppData\Local\ASP.NET\DataProtection-Keys' as key repository and Windows DPAPI to encrypt keys at rest.
2025-08-13 14:51:58.111 +05:30 [INF] Now listening on: https://localhost:7165
2025-08-13 14:51:58.112 +05:30 [INF] Now listening on: http://localhost:5008
2025-08-13 14:51:59.072 +05:30 [INF] Application started. Press Ctrl+C to shut down.
2025-08-13 14:51:59.073 +05:30 [INF] Hosting environment: Development
2025-08-13 14:51:59.073 +05:30 [INF] Content root path: C:\Users\Admin\Source\Repos\AuthNet\AuthNet
2025-08-13 14:51:59.579 +05:30 [INF] Request starting HTTP/2 GET https://localhost:7165/swagger/index.html - null null
2025-08-13 14:52:00.914 +05:30 [INF] Request starting HTTP/1.1 GET https://localhost:7165/api/Sales/DailyProfit - null null
2025-08-13 14:52:01.186 +05:30 [INF] Request starting HTTP/2 GET https://localhost:7165/_framework/aspnetcore-browser-refresh.js - null null
2025-08-13 14:52:01.231 +05:30 [INF] Request starting HTTP/2 GET https://localhost:7165/_vs/browserLink - null null
2025-08-13 14:52:02.549 +05:30 [INF] Request finished HTTP/2 GET https://localhost:7165/swagger/index.html - 200 null text/html;charset=utf-8 2979.4391ms
2025-08-13 14:52:02.587 +05:30 [INF] Request finished HTTP/2 GET https://localhost:7165/_framework/aspnetcore-browser-refresh.js - 200 16499 application/javascript; charset=utf-8 1400.5572ms
2025-08-13 14:52:03.217 +05:30 [INF] Request finished HTTP/2 GET https://localhost:7165/_vs/browserLink - 200 null text/javascript; charset=UTF-8 1985.8633ms
2025-08-13 14:52:03.255 +05:30 [INF] Executing endpoint 'AuthNet.Controllers.SalesController.GetDailyProfit (AuthNet)'
2025-08-13 14:52:03.326 +05:30 [INF] Route matched with {action = "GetDailyProfit", controller = "Sales"}. Executing controller action with signature System.Threading.Tasks.Task`1[Microsoft.AspNetCore.Mvc.IActionResult] GetDailyProfit() on controller AuthNet.Controllers.SalesController (AuthNet).
2025-08-13 14:52:04.599 +05:30 [INF] Request starting HTTP/2 GET https://localhost:7165/swagger/v1/swagger.json - null null
2025-08-13 14:52:04.685 +05:30 [INF] Request finished HTTP/2 GET https://localhost:7165/swagger/v1/swagger.json - 200 null application/json;charset=utf-8 86.2609ms
2025-08-13 14:52:05.538 +05:30 [WRN] No store type was specified for the decimal property 'TotalAmount' on entity type 'Order'. This will cause values to be silently truncated if they do not fit in the default precision and scale. Explicitly specify the SQL server column type that can accommodate all the values in 'OnModelCreating' using 'HasColumnType', specify precision and scale using 'HasPrecision', or configure a value converter using 'HasConversion'.
2025-08-13 14:52:05.538 +05:30 [WRN] No store type was specified for the decimal property 'UnitPrice' on entity type 'OrderItem'. This will cause values to be silently truncated if they do not fit in the default precision and scale. Explicitly specify the SQL server column type that can accommodate all the values in 'OnModelCreating' using 'HasColumnType', specify precision and scale using 'HasPrecision', or configure a value converter using 'HasConversion'.
2025-08-13 14:52:05.539 +05:30 [WRN] No store type was specified for the decimal property 'CostPrice' on entity type 'Product'. This will cause values to be silently truncated if they do not fit in the default precision and scale. Explicitly specify the SQL server column type that can accommodate all the values in 'OnModelCreating' using 'HasColumnType', specify precision and scale using 'HasPrecision', or configure a value converter using 'HasConversion'.
2025-08-13 14:52:05.539 +05:30 [WRN] No store type was specified for the decimal property 'SellPrice' on entity type 'Product'. This will cause values to be silently truncated if they do not fit in the default precision and scale. Explicitly specify the SQL server column type that can accommodate all the values in 'OnModelCreating' using 'HasColumnType', specify precision and scale using 'HasPrecision', or configure a value converter using 'HasConversion'.
2025-08-13 14:52:05.539 +05:30 [WRN] No store type was specified for the decimal property 'TotalAmount' on entity type 'PurchaseOrder'. This will cause values to be silently truncated if they do not fit in the default precision and scale. Explicitly specify the SQL server column type that can accommodate all the values in 'OnModelCreating' using 'HasColumnType', specify precision and scale using 'HasPrecision', or configure a value converter using 'HasConversion'.
2025-08-13 14:52:05.539 +05:30 [WRN] No store type was specified for the decimal property 'UnitPrice' on entity type 'PurchaseOrderItems'. This will cause values to be silently truncated if they do not fit in the default precision and scale. Explicitly specify the SQL server column type that can accommodate all the values in 'OnModelCreating' using 'HasColumnType', specify precision and scale using 'HasPrecision', or configure a value converter using 'HasConversion'.
2025-08-13 14:52:05.539 +05:30 [WRN] No store type was specified for the decimal property 'AfterTaxAmount' on entity type 'Sale'. This will cause values to be silently truncated if they do not fit in the default precision and scale. Explicitly specify the SQL server column type that can accommodate all the values in 'OnModelCreating' using 'HasColumnType', specify precision and scale using 'HasPrecision', or configure a value converter using 'HasConversion'.
2025-08-13 14:52:05.539 +05:30 [WRN] No store type was specified for the decimal property 'DiscountedAmount' on entity type 'Sale'. This will cause values to be silently truncated if they do not fit in the default precision and scale. Explicitly specify the SQL server column type that can accommodate all the values in 'OnModelCreating' using 'HasColumnType', specify precision and scale using 'HasPrecision', or configure a value converter using 'HasConversion'.
2025-08-13 14:52:05.540 +05:30 [WRN] No store type was specified for the decimal property 'PrincipalAmount' on entity type 'Sale'. This will cause values to be silently truncated if they do not fit in the default precision and scale. Explicitly specify the SQL server column type that can accommodate all the values in 'OnModelCreating' using 'HasColumnType', specify precision and scale using 'HasPrecision', or configure a value converter using 'HasConversion'.
2025-08-13 14:52:05.540 +05:30 [WRN] No store type was specified for the decimal property 'TotalAmount' on entity type 'Sale'. This will cause values to be silently truncated if they do not fit in the default precision and scale. Explicitly specify the SQL server column type that can accommodate all the values in 'OnModelCreating' using 'HasColumnType', specify precision and scale using 'HasPrecision', or configure a value converter using 'HasConversion'.
2025-08-13 14:52:05.540 +05:30 [WRN] No store type was specified for the decimal property 'TotalPrice' on entity type 'SaleItem'. This will cause values to be silently truncated if they do not fit in the default precision and scale. Explicitly specify the SQL server column type that can accommodate all the values in 'OnModelCreating' using 'HasColumnType', specify precision and scale using 'HasPrecision', or configure a value converter using 'HasConversion'.
2025-08-13 14:52:05.540 +05:30 [WRN] No store type was specified for the decimal property 'UnitPrice' on entity type 'SaleItem'. This will cause values to be silently truncated if they do not fit in the default precision and scale. Explicitly specify the SQL server column type that can accommodate all the values in 'OnModelCreating' using 'HasColumnType', specify precision and scale using 'HasPrecision', or configure a value converter using 'HasConversion'.
2025-08-13 14:52:05.541 +05:30 [WRN] No store type was specified for the decimal property 'CGST' on entity type 'TaxSetting'. This will cause values to be silently truncated if they do not fit in the default precision and scale. Explicitly specify the SQL server column type that can accommodate all the values in 'OnModelCreating' using 'HasColumnType', specify precision and scale using 'HasPrecision', or configure a value converter using 'HasConversion'.
2025-08-13 14:52:05.542 +05:30 [WRN] No store type was specified for the decimal property 'IGST' on entity type 'TaxSetting'. This will cause values to be silently truncated if they do not fit in the default precision and scale. Explicitly specify the SQL server column type that can accommodate all the values in 'OnModelCreating' using 'HasColumnType', specify precision and scale using 'HasPrecision', or configure a value converter using 'HasConversion'.
2025-08-13 14:52:05.542 +05:30 [WRN] No store type was specified for the decimal property 'SGST' on entity type 'TaxSetting'. This will cause values to be silently truncated if they do not fit in the default precision and scale. Explicitly specify the SQL server column type that can accommodate all the values in 'OnModelCreating' using 'HasColumnType', specify precision and scale using 'HasPrecision', or configure a value converter using 'HasConversion'.
2025-08-13 14:52:08.033 +05:30 [INF] Executed DbCommand (197ms) [Parameters=[@__date_Date_0='?' (DbType = DateTime2)], CommandType='"Text"', CommandTimeout='30']
SELECT [s].[Id], [s].[ProductId], [s].[ProductName], [s].[Quantity], [s].[SaleId], [s].[TotalPrice], [s].[UnitPrice], [s0].[Id], [s0].[AfterTaxAmount], [s0].[CreatedAt], [s0].[DiscountedAmount], [s0].[InvoiceDate], [s0].[InvoiceNo], [s0].[PrincipalAmount], [s0].[Template], [s0].[TotalAmount]
FROM [SaleItems] AS [s]
INNER JOIN [Sales] AS [s0] ON [s].[SaleId] = [s0].[Id]
WHERE CONVERT(date, [s0].[InvoiceDate]) = @__date_Date_0
2025-08-13 14:52:08.253 +05:30 [INF] Executed DbCommand (22ms) [Parameters=[@__productIds_0='?' (Size = 4000)], CommandType='"Text"', CommandTimeout='30']
SELECT [p].[ProductId], [p].[CategoryId], [p].[CostPrice], [p].[Description], [p].[Name], [p].[ProductCode], [p].[ProductKey], [p].[SellPrice], [p].[SupplierId]
FROM [Products] AS [p]
WHERE [p].[ProductId] IN (
    SELECT [p0].[value]
    FROM OPENJSON(@__productIds_0) WITH ([value] int '$') AS [p0]
)
2025-08-13 14:52:08.267 +05:30 [INF] Executing OkObjectResult, writing value of type 'AuthNet.Models.DTO.DailyProfitDto'.
2025-08-13 14:52:08.330 +05:30 [INF] Executed action AuthNet.Controllers.SalesController.GetDailyProfit (AuthNet) in 4983.3164ms
2025-08-13 14:52:08.331 +05:30 [INF] Executed endpoint 'AuthNet.Controllers.SalesController.GetDailyProfit (AuthNet)'
2025-08-13 14:52:08.352 +05:30 [INF] Request finished HTTP/1.1 GET https://localhost:7165/api/Sales/DailyProfit - 200 null application/json; charset=utf-8 7440.5226ms
2025-08-13 14:52:08.414 +05:30 [INF] Request starting HTTP/1.1 GET https://localhost:7165/api/Sales/CurrentMonthProfit - null null
2025-08-13 14:52:08.428 +05:30 [INF] Executing endpoint 'AuthNet.Controllers.SalesController.GetCurrentMonthProfit (AuthNet)'
2025-08-13 14:52:08.436 +05:30 [INF] Route matched with {action = "GetCurrentMonthProfit", controller = "Sales"}. Executing controller action with signature System.Threading.Tasks.Task`1[Microsoft.AspNetCore.Mvc.IActionResult] GetCurrentMonthProfit() on controller AuthNet.Controllers.SalesController (AuthNet).
2025-08-13 14:52:08.505 +05:30 [INF] Executed DbCommand (10ms) [Parameters=[@__currentYear_0='?' (DbType = Int32), @__currentMonth_1='?' (DbType = Int32)], CommandType='"Text"', CommandTimeout='30']
SELECT [s].[Id], [s].[ProductId], [s].[ProductName], [s].[Quantity], [s].[SaleId], [s].[TotalPrice], [s].[UnitPrice], [s0].[Id], [s0].[AfterTaxAmount], [s0].[CreatedAt], [s0].[DiscountedAmount], [s0].[InvoiceDate], [s0].[InvoiceNo], [s0].[PrincipalAmount], [s0].[Template], [s0].[TotalAmount]
FROM [SaleItems] AS [s]
INNER JOIN [Sales] AS [s0] ON [s].[SaleId] = [s0].[Id]
WHERE DATEPART(year, [s0].[InvoiceDate]) = @__currentYear_0 AND DATEPART(month, [s0].[InvoiceDate]) = @__currentMonth_1
2025-08-13 14:52:08.815 +05:30 [INF] Executed DbCommand (19ms) [Parameters=[@__productIds_0='?' (Size = 4000)], CommandType='"Text"', CommandTimeout='30']
SELECT [p].[ProductId], [p].[CategoryId], [p].[CostPrice], [p].[Description], [p].[Name], [p].[ProductCode], [p].[ProductKey], [p].[SellPrice], [p].[SupplierId]
FROM [Products] AS [p]
WHERE [p].[ProductId] IN (
    SELECT [p0].[value]
    FROM OPENJSON(@__productIds_0) WITH ([value] int '$') AS [p0]
)
2025-08-13 14:52:08.870 +05:30 [INF] Executing OkObjectResult, writing value of type 'AuthNet.Models.DTO.MonthlyProfitDto'.
2025-08-13 14:52:08.875 +05:30 [INF] Executed action AuthNet.Controllers.SalesController.GetCurrentMonthProfit (AuthNet) in 438.573ms
2025-08-13 14:52:08.875 +05:30 [INF] Executed endpoint 'AuthNet.Controllers.SalesController.GetCurrentMonthProfit (AuthNet)'
2025-08-13 14:52:08.876 +05:30 [INF] Request finished HTTP/1.1 GET https://localhost:7165/api/Sales/CurrentMonthProfit - 200 null application/json; charset=utf-8 462.7086ms
2025-08-13 14:52:08.912 +05:30 [INF] Request starting HTTP/1.1 GET https://localhost:7165/api/Sales/CurrentYearProfit - null null
2025-08-13 14:52:08.916 +05:30 [INF] Executing endpoint 'AuthNet.Controllers.SalesController.GetCurrentYearProfit (AuthNet)'
2025-08-13 14:52:08.923 +05:30 [INF] Route matched with {action = "GetCurrentYearProfit", controller = "Sales"}. Executing controller action with signature System.Threading.Tasks.Task`1[Microsoft.AspNetCore.Mvc.IActionResult] GetCurrentYearProfit() on controller AuthNet.Controllers.SalesController (AuthNet).
2025-08-13 14:52:09.164 +05:30 [INF] Executed DbCommand (55ms) [Parameters=[@__currentYear_0='?' (DbType = Int32)], CommandType='"Text"', CommandTimeout='30']
SELECT [s].[Id], [s].[ProductId], [s].[ProductName], [s].[Quantity], [s].[SaleId], [s].[TotalPrice], [s].[UnitPrice], [s0].[Id], [s0].[AfterTaxAmount], [s0].[CreatedAt], [s0].[DiscountedAmount], [s0].[InvoiceDate], [s0].[InvoiceNo], [s0].[PrincipalAmount], [s0].[Template], [s0].[TotalAmount]
FROM [SaleItems] AS [s]
INNER JOIN [Sales] AS [s0] ON [s].[SaleId] = [s0].[Id]
WHERE DATEPART(year, [s0].[InvoiceDate]) = @__currentYear_0
2025-08-13 14:52:09.205 +05:30 [INF] Executed DbCommand (36ms) [Parameters=[@__productIds_0='?' (Size = 4000)], CommandType='"Text"', CommandTimeout='30']
SELECT [p].[ProductId], [p].[CategoryId], [p].[CostPrice], [p].[Description], [p].[Name], [p].[ProductCode], [p].[ProductKey], [p].[SellPrice], [p].[SupplierId]
FROM [Products] AS [p]
WHERE [p].[ProductId] IN (
    SELECT [p0].[value]
    FROM OPENJSON(@__productIds_0) WITH ([value] int '$') AS [p0]
)
2025-08-13 14:52:09.208 +05:30 [INF] Executing OkObjectResult, writing value of type 'AuthNet.Models.DTO.YearlyProfitDto'.
2025-08-13 14:52:09.210 +05:30 [INF] Executed action AuthNet.Controllers.SalesController.GetCurrentYearProfit (AuthNet) in 284.7834ms
2025-08-13 14:52:09.210 +05:30 [INF] Executed endpoint 'AuthNet.Controllers.SalesController.GetCurrentYearProfit (AuthNet)'
2025-08-13 14:52:09.210 +05:30 [INF] Request finished HTTP/1.1 GET https://localhost:7165/api/Sales/CurrentYearProfit - 200 null application/json; charset=utf-8 298.3116ms
2025-08-13 14:52:09.250 +05:30 [INF] Request starting HTTP/1.1 GET https://localhost:7165/api/Products/count - null null
2025-08-13 14:52:09.251 +05:30 [INF] Executing endpoint 'AuthNet.Controllers.ProductsController.GetProductCount (AuthNet)'
2025-08-13 14:52:09.258 +05:30 [INF] Route matched with {action = "GetProductCount", controller = "Products"}. Executing controller action with signature System.Threading.Tasks.Task`1[Microsoft.AspNetCore.Mvc.IActionResult] GetProductCount() on controller AuthNet.Controllers.ProductsController (AuthNet).
2025-08-13 14:52:09.302 +05:30 [INF] Executed DbCommand (10ms) [Parameters=[], CommandType='"Text"', CommandTimeout='30']
SELECT COUNT(*)
FROM [Products] AS [p]
2025-08-13 14:52:09.316 +05:30 [INF] Executing OkObjectResult, writing value of type 'System.Int32'.
2025-08-13 14:52:09.320 +05:30 [INF] Executed action AuthNet.Controllers.ProductsController.GetProductCount (AuthNet) in 61.4901ms
2025-08-13 14:52:09.320 +05:30 [INF] Executed endpoint 'AuthNet.Controllers.ProductsController.GetProductCount (AuthNet)'
2025-08-13 14:52:09.321 +05:30 [INF] Request finished HTTP/1.1 GET https://localhost:7165/api/Products/count - 200 null application/json; charset=utf-8 70.1514ms
2025-08-13 14:52:09.366 +05:30 [INF] Request starting HTTP/1.1 GET https://localhost:7165/api/Suppliers/count - null null
2025-08-13 14:52:09.367 +05:30 [INF] Executing endpoint 'AuthNet.Controllers.SuppliersController.GetSupplierCount (AuthNet)'
2025-08-13 14:52:09.373 +05:30 [INF] Route matched with {action = "GetSupplierCount", controller = "Suppliers"}. Executing controller action with signature System.Threading.Tasks.Task`1[Microsoft.AspNetCore.Mvc.IActionResult] GetSupplierCount() on controller AuthNet.Controllers.SuppliersController (AuthNet).
2025-08-13 14:52:09.392 +05:30 [INF] Executed DbCommand (8ms) [Parameters=[], CommandType='"Text"', CommandTimeout='30']
SELECT COUNT(*)
FROM [Suppliers] AS [s]
2025-08-13 14:52:09.393 +05:30 [INF] Executing OkObjectResult, writing value of type 'System.Int32'.
2025-08-13 14:52:09.393 +05:30 [INF] Executed action AuthNet.Controllers.SuppliersController.GetSupplierCount (AuthNet) in 20.4823ms
2025-08-13 14:52:09.393 +05:30 [INF] Executed endpoint 'AuthNet.Controllers.SuppliersController.GetSupplierCount (AuthNet)'
2025-08-13 14:52:09.394 +05:30 [INF] Request finished HTTP/1.1 GET https://localhost:7165/api/Suppliers/count - 200 null application/json; charset=utf-8 27.4369ms
2025-08-13 14:52:09.412 +05:30 [INF] Request starting HTTP/1.1 GET https://localhost:7165/api/Categories/count - null null
2025-08-13 14:52:09.413 +05:30 [INF] Executing endpoint 'AuthNet.Controllers.CategoriesController.GetCategoryCount (AuthNet)'
2025-08-13 14:52:09.418 +05:30 [INF] Route matched with {action = "GetCategoryCount", controller = "Categories"}. Executing controller action with signature System.Threading.Tasks.Task`1[Microsoft.AspNetCore.Mvc.IActionResult] GetCategoryCount() on controller AuthNet.Controllers.CategoriesController (AuthNet).
2025-08-13 14:52:09.434 +05:30 [INF] Executed DbCommand (6ms) [Parameters=[], CommandType='"Text"', CommandTimeout='30']
SELECT COUNT(*)
FROM [Categories] AS [c]
2025-08-13 14:52:09.434 +05:30 [INF] Executing OkObjectResult, writing value of type 'System.Int32'.
2025-08-13 14:52:09.435 +05:30 [INF] Executed action AuthNet.Controllers.CategoriesController.GetCategoryCount (AuthNet) in 16.7349ms
2025-08-13 14:52:09.435 +05:30 [INF] Executed endpoint 'AuthNet.Controllers.CategoriesController.GetCategoryCount (AuthNet)'
2025-08-13 14:52:09.435 +05:30 [INF] Request finished HTTP/1.1 GET https://localhost:7165/api/Categories/count - 200 null application/json; charset=utf-8 23.5773ms
2025-08-13 14:52:09.465 +05:30 [INF] Request starting HTTP/1.1 GET https://localhost:7165/api/Orders/count - null null
2025-08-13 14:52:09.466 +05:30 [INF] Executing endpoint 'AuthNet.Controllers.OrdersController.GetOrderCount (AuthNet)'
2025-08-13 14:52:09.471 +05:30 [INF] Route matched with {action = "GetOrderCount", controller = "Orders"}. Executing controller action with signature System.Threading.Tasks.Task`1[Microsoft.AspNetCore.Mvc.IActionResult] GetOrderCount() on controller AuthNet.Controllers.OrdersController (AuthNet).
2025-08-13 14:52:09.485 +05:30 [INF] Executed DbCommand (6ms) [Parameters=[], CommandType='"Text"', CommandTimeout='30']
SELECT COUNT(*)
FROM [Orders] AS [o]
2025-08-13 14:52:09.486 +05:30 [INF] Executing OkObjectResult, writing value of type 'System.Int32'.
2025-08-13 14:52:09.487 +05:30 [INF] Executed action AuthNet.Controllers.OrdersController.GetOrderCount (AuthNet) in 15.7358ms
2025-08-13 14:52:09.487 +05:30 [INF] Executed endpoint 'AuthNet.Controllers.OrdersController.GetOrderCount (AuthNet)'
2025-08-13 14:52:09.487 +05:30 [INF] Request finished HTTP/1.1 GET https://localhost:7165/api/Orders/count - 200 null application/json; charset=utf-8 21.9767ms
2025-08-13 14:52:09.510 +05:30 [INF] Request starting HTTP/1.1 GET https://localhost:7165/api/Customers/count - null null
2025-08-13 14:52:09.511 +05:30 [INF] Executing endpoint 'AuthNet.Controllers.CustomersController.GetCustomerCount (AuthNet)'
2025-08-13 14:52:09.516 +05:30 [INF] Route matched with {action = "GetCustomerCount", controller = "Customers"}. Executing controller action with signature System.Threading.Tasks.Task`1[Microsoft.AspNetCore.Mvc.IActionResult] GetCustomerCount() on controller AuthNet.Controllers.CustomersController (AuthNet).
2025-08-13 14:52:09.537 +05:30 [INF] Executed DbCommand (12ms) [Parameters=[], CommandType='"Text"', CommandTimeout='30']
SELECT COUNT(*)
FROM [Customers] AS [c]
2025-08-13 14:52:09.538 +05:30 [INF] Executing OkObjectResult, writing value of type 'System.Int32'.
2025-08-13 14:52:09.539 +05:30 [INF] Executed action AuthNet.Controllers.CustomersController.GetCustomerCount (AuthNet) in 22.0491ms
2025-08-13 14:52:09.539 +05:30 [INF] Executed endpoint 'AuthNet.Controllers.CustomersController.GetCustomerCount (AuthNet)'
2025-08-13 14:52:09.539 +05:30 [INF] Request finished HTTP/1.1 GET https://localhost:7165/api/Customers/count - 200 null application/json; charset=utf-8 29.7849ms
2025-08-13 14:52:09.569 +05:30 [INF] Request starting HTTP/1.1 GET https://localhost:7165/api/Tasks - null null
2025-08-13 14:52:09.569 +05:30 [INF] Executing endpoint 'AuthNet.Controllers.TasksController.GetTasks (AuthNet)'
2025-08-13 14:52:09.572 +05:30 [INF] Route matched with {action = "GetTasks", controller = "Tasks"}. Executing controller action with signature Microsoft.AspNetCore.Mvc.IActionResult GetTasks() on controller AuthNet.Controllers.TasksController (AuthNet).
2025-08-13 14:52:09.621 +05:30 [INF] Executed DbCommand (10ms) [Parameters=[], CommandType='"Text"', CommandTimeout='30']
SELECT [t].[Id], [t].[Title], [t].[DueDate]
FROM [Tasks] AS [t]
2025-08-13 14:52:09.629 +05:30 [INF] Executing OkObjectResult, writing value of type 'System.Collections.Generic.List`1[[AuthNet.Models.DTO.TaskItemDto, AuthNet, Version=1.0.0.0, Culture=neutral, PublicKeyToken=null]]'.
2025-08-13 14:52:09.635 +05:30 [INF] Executed action AuthNet.Controllers.TasksController.GetTasks (AuthNet) in 62.8512ms
2025-08-13 14:52:09.635 +05:30 [INF] Executed endpoint 'AuthNet.Controllers.TasksController.GetTasks (AuthNet)'
2025-08-13 14:52:09.636 +05:30 [INF] Request finished HTTP/1.1 GET https://localhost:7165/api/Tasks - 200 null application/json; charset=utf-8 66.8585ms
2025-08-13 14:52:09.681 +05:30 [INF] Request starting HTTP/1.1 GET https://localhost:7165/api/Settings/Get - null null
2025-08-13 14:52:09.682 +05:30 [INF] Executing endpoint 'AuthNet.Controllers.SettingsController.GetCompanyInfo (AuthNet)'
2025-08-13 14:52:09.688 +05:30 [INF] Route matched with {action = "GetCompanyInfo", controller = "Settings"}. Executing controller action with signature System.Threading.Tasks.Task`1[Microsoft.AspNetCore.Mvc.IActionResult] GetCompanyInfo() on controller AuthNet.Controllers.SettingsController (AuthNet).
2025-08-13 14:52:09.703 +05:30 [WRN] The query uses the 'First'/'FirstOrDefault' operator without 'OrderBy' and filter operators. This may lead to unpredictable results.
2025-08-13 14:52:09.722 +05:30 [INF] Executed DbCommand (5ms) [Parameters=[], CommandType='"Text"', CommandTimeout='30']
SELECT TOP(1) [c].[Id], [c].[Address], [c].[AlternateContactNumber], [c].[ContactNumber], [c].[Email], [c].[GSTIN], [c].[IsGSTINActive], [c].[LogoFileExtension], [c].[LogoFilePath], [c].[LogoFileSizeInBytes], [c].[LogoName], [c].[Name], [c].[SignFileExtension], [c].[SignFilePath], [c].[SignFileSizeInBytes], [c].[SignName]
FROM [CompanyInfos] AS [c]
2025-08-13 14:52:09.812 +05:30 [INF] Executing OkObjectResult, writing value of type 'AuthNet.Models.DTO.CompanyInfoResponseDto'.
2025-08-13 14:52:09.817 +05:30 [INF] Executed action AuthNet.Controllers.SettingsController.GetCompanyInfo (AuthNet) in 128.204ms
2025-08-13 14:52:09.817 +05:30 [INF] Executed endpoint 'AuthNet.Controllers.SettingsController.GetCompanyInfo (AuthNet)'
2025-08-13 14:52:09.818 +05:30 [INF] Request finished HTTP/1.1 GET https://localhost:7165/api/Settings/Get - 200 null application/json; charset=utf-8 137.759ms
2025-08-13 14:52:11.028 +05:30 [INF] Request starting HTTP/2 GET https://localhost:7165/api/Sales/WeeklyProfit - null null
2025-08-13 14:52:11.029 +05:30 [INF] Request starting HTTP/2 GET https://localhost:7165/api/Products/CategoryWiseProductCount - null null
2025-08-13 14:52:11.030 +05:30 [INF] CORS policy execution successful.
2025-08-13 14:52:11.034 +05:30 [INF] CORS policy execution successful.
2025-08-13 14:52:11.035 +05:30 [INF] Executing endpoint 'AuthNet.Controllers.ProductsController.GetCategoryWiseProductCount (AuthNet)'
2025-08-13 14:52:11.035 +05:30 [INF] Executing endpoint 'AuthNet.Controllers.SalesController.GetWeeklyProfit (AuthNet)'
2025-08-13 14:52:11.041 +05:30 [INF] Route matched with {action = "GetWeeklyProfit", controller = "Sales"}. Executing controller action with signature System.Threading.Tasks.Task`1[Microsoft.AspNetCore.Mvc.IActionResult] GetWeeklyProfit() on controller AuthNet.Controllers.SalesController (AuthNet).
2025-08-13 14:52:11.041 +05:30 [INF] Route matched with {action = "GetCategoryWiseProductCount", controller = "Products"}. Executing controller action with signature System.Threading.Tasks.Task`1[Microsoft.AspNetCore.Mvc.IActionResult] GetCategoryWiseProductCount() on controller AuthNet.Controllers.ProductsController (AuthNet).
2025-08-13 14:52:11.083 +05:30 [INF] Executed DbCommand (26ms) [Parameters=[@__startDate_0='?' (DbType = DateTime2), @__endDate_1='?' (DbType = DateTime2)], CommandType='"Text"', CommandTimeout='30']
SELECT [s].[Id], [s].[ProductId], [s].[ProductName], [s].[Quantity], [s].[SaleId], [s].[TotalPrice], [s].[UnitPrice], [s0].[Id], [s0].[AfterTaxAmount], [s0].[CreatedAt], [s0].[DiscountedAmount], [s0].[InvoiceDate], [s0].[InvoiceNo], [s0].[PrincipalAmount], [s0].[Template], [s0].[TotalAmount]
FROM [SaleItems] AS [s]
INNER JOIN [Sales] AS [s0] ON [s].[SaleId] = [s0].[Id]
WHERE CONVERT(date, [s0].[InvoiceDate]) >= @__startDate_0 AND CONVERT(date, [s0].[InvoiceDate]) <= @__endDate_1
2025-08-13 14:52:11.097 +05:30 [INF] Executed DbCommand (12ms) [Parameters=[@__productIds_0='?' (Size = 4000)], CommandType='"Text"', CommandTimeout='30']
SELECT [p].[ProductId], [p].[CategoryId], [p].[CostPrice], [p].[Description], [p].[Name], [p].[ProductCode], [p].[ProductKey], [p].[SellPrice], [p].[SupplierId]
FROM [Products] AS [p]
WHERE [p].[ProductId] IN (
    SELECT [p0].[value]
    FROM OPENJSON(@__productIds_0) WITH ([value] int '$') AS [p0]
)
2025-08-13 14:52:11.111 +05:30 [INF] Executing OkObjectResult, writing value of type 'System.Collections.Generic.List`1[[AuthNet.Models.DTO.DailyProfitDto, AuthNet, Version=1.0.0.0, Culture=neutral, PublicKeyToken=null]]'.
2025-08-13 14:52:11.114 +05:30 [INF] Executed action AuthNet.Controllers.SalesController.GetWeeklyProfit (AuthNet) in 72.5693ms
2025-08-13 14:52:11.114 +05:30 [INF] Executed endpoint 'AuthNet.Controllers.SalesController.GetWeeklyProfit (AuthNet)'
2025-08-13 14:52:11.114 +05:30 [INF] Request finished HTTP/2 GET https://localhost:7165/api/Sales/WeeklyProfit - 200 null application/json; charset=utf-8 86.5244ms
2025-08-13 14:52:11.172 +05:30 [INF] Executed DbCommand (28ms) [Parameters=[], CommandType='"Text"', CommandTimeout='30']
SELECT [c].[Name] AS [CategoryName], COUNT(*) AS [ProductCount]
FROM [Products] AS [p]
LEFT JOIN [Categories] AS [c] ON [p].[CategoryId] = [c].[CategoryId]
WHERE [c].[CategoryId] IS NOT NULL
GROUP BY [c].[Name]
2025-08-13 14:52:11.174 +05:30 [INF] Executing OkObjectResult, writing value of type 'System.Collections.Generic.List`1[[AuthNet.Models.DTO.CategoryProductCountDto, AuthNet, Version=1.0.0.0, Culture=neutral, PublicKeyToken=null]]'.
2025-08-13 14:52:11.178 +05:30 [INF] Executed action AuthNet.Controllers.ProductsController.GetCategoryWiseProductCount (AuthNet) in 136.5476ms
2025-08-13 14:52:11.178 +05:30 [INF] Executed endpoint 'AuthNet.Controllers.ProductsController.GetCategoryWiseProductCount (AuthNet)'
2025-08-13 14:52:11.178 +05:30 [INF] Request finished HTTP/2 GET https://localhost:7165/api/Products/CategoryWiseProductCount - 200 null application/json; charset=utf-8 149.71ms
2025-08-13 14:52:15.477 +05:30 [INF] Request starting HTTP/1.1 POST https://localhost:7165/api/Auth/login - application/json; charset=utf-8 null
2025-08-13 14:52:15.478 +05:30 [INF] Executing endpoint 'AuthNet.Controllers.AuthController.Login (AuthNet)'
2025-08-13 14:52:15.494 +05:30 [INF] Route matched with {action = "Login", controller = "Auth"}. Executing controller action with signature System.Threading.Tasks.Task`1[Microsoft.AspNetCore.Mvc.IActionResult] Login(AuthNet.Models.DTO.LoginDto) on controller AuthNet.Controllers.AuthController (AuthNet).
2025-08-13 14:52:15.685 +05:30 [INF] Executed DbCommand (36ms) [Parameters=[@__username_0='?' (Size = 100)], CommandType='"Text"', CommandTimeout='30']
SELECT TOP(1) [u].[UserId], [u].[CreatedAt], [u].[Email], [u].[Firstname], [u].[Lastname], [u].[PasswordHash], [u].[Role], [u].[Username]
FROM [Users] AS [u]
WHERE [u].[Username] = @__username_0
2025-08-13 14:52:16.590 +05:30 [INF] Executing OkObjectResult, writing value of type 'AuthNet.Models.DTO.ServiceResponse`1[[AuthNet.Models.DTO.LoginResponseDto, AuthNet, Version=1.0.0.0, Culture=neutral, PublicKeyToken=null]]'.
2025-08-13 14:52:16.596 +05:30 [INF] Executed action AuthNet.Controllers.AuthController.Login (AuthNet) in 1101.6748ms
2025-08-13 14:52:16.596 +05:30 [INF] Executed endpoint 'AuthNet.Controllers.AuthController.Login (AuthNet)'
2025-08-13 14:52:16.597 +05:30 [INF] Request finished HTTP/1.1 POST https://localhost:7165/api/Auth/login - 200 null application/json; charset=utf-8 1120.5095ms
2025-08-13 14:52:16.630 +05:30 [INF] Request starting HTTP/1.1 GET https://localhost:7165/api/Sales/DailyProfit - null null
2025-08-13 14:52:16.630 +05:30 [INF] Executing endpoint 'AuthNet.Controllers.SalesController.GetDailyProfit (AuthNet)'
2025-08-13 14:52:16.631 +05:30 [INF] Route matched with {action = "GetDailyProfit", controller = "Sales"}. Executing controller action with signature System.Threading.Tasks.Task`1[Microsoft.AspNetCore.Mvc.IActionResult] GetDailyProfit() on controller AuthNet.Controllers.SalesController (AuthNet).
2025-08-13 14:52:16.643 +05:30 [INF] Executed DbCommand (9ms) [Parameters=[@__date_Date_0='?' (DbType = DateTime2)], CommandType='"Text"', CommandTimeout='30']
SELECT [s].[Id], [s].[ProductId], [s].[ProductName], [s].[Quantity], [s].[SaleId], [s].[TotalPrice], [s].[UnitPrice], [s0].[Id], [s0].[AfterTaxAmount], [s0].[CreatedAt], [s0].[DiscountedAmount], [s0].[InvoiceDate], [s0].[InvoiceNo], [s0].[PrincipalAmount], [s0].[Template], [s0].[TotalAmount]
FROM [SaleItems] AS [s]
INNER JOIN [Sales] AS [s0] ON [s].[SaleId] = [s0].[Id]
WHERE CONVERT(date, [s0].[InvoiceDate]) = @__date_Date_0
2025-08-13 14:52:16.652 +05:30 [INF] Executed DbCommand (8ms) [Parameters=[@__productIds_0='?' (Size = 4000)], CommandType='"Text"', CommandTimeout='30']
SELECT [p].[ProductId], [p].[CategoryId], [p].[CostPrice], [p].[Description], [p].[Name], [p].[ProductCode], [p].[ProductKey], [p].[SellPrice], [p].[SupplierId]
FROM [Products] AS [p]
WHERE [p].[ProductId] IN (
    SELECT [p0].[value]
    FROM OPENJSON(@__productIds_0) WITH ([value] int '$') AS [p0]
)
2025-08-13 14:52:16.653 +05:30 [INF] Executing OkObjectResult, writing value of type 'AuthNet.Models.DTO.DailyProfitDto'.
2025-08-13 14:52:16.653 +05:30 [INF] Executed action AuthNet.Controllers.SalesController.GetDailyProfit (AuthNet) in 22.1819ms
2025-08-13 14:52:16.653 +05:30 [INF] Executed endpoint 'AuthNet.Controllers.SalesController.GetDailyProfit (AuthNet)'
2025-08-13 14:52:16.653 +05:30 [INF] Request finished HTTP/1.1 GET https://localhost:7165/api/Sales/DailyProfit - 200 null application/json; charset=utf-8 23.6853ms
2025-08-13 14:52:16.668 +05:30 [INF] Request starting HTTP/1.1 GET https://localhost:7165/api/Sales/CurrentMonthProfit - null null
2025-08-13 14:52:16.668 +05:30 [INF] Executing endpoint 'AuthNet.Controllers.SalesController.GetCurrentMonthProfit (AuthNet)'
2025-08-13 14:52:16.669 +05:30 [INF] Route matched with {action = "GetCurrentMonthProfit", controller = "Sales"}. Executing controller action with signature System.Threading.Tasks.Task`1[Microsoft.AspNetCore.Mvc.IActionResult] GetCurrentMonthProfit() on controller AuthNet.Controllers.SalesController (AuthNet).
2025-08-13 14:52:16.679 +05:30 [INF] Executed DbCommand (9ms) [Parameters=[@__currentYear_0='?' (DbType = Int32), @__currentMonth_1='?' (DbType = Int32)], CommandType='"Text"', CommandTimeout='30']
SELECT [s].[Id], [s].[ProductId], [s].[ProductName], [s].[Quantity], [s].[SaleId], [s].[TotalPrice], [s].[UnitPrice], [s0].[Id], [s0].[AfterTaxAmount], [s0].[CreatedAt], [s0].[DiscountedAmount], [s0].[InvoiceDate], [s0].[InvoiceNo], [s0].[PrincipalAmount], [s0].[Template], [s0].[TotalAmount]
FROM [SaleItems] AS [s]
INNER JOIN [Sales] AS [s0] ON [s].[SaleId] = [s0].[Id]
WHERE DATEPART(year, [s0].[InvoiceDate]) = @__currentYear_0 AND DATEPART(month, [s0].[InvoiceDate]) = @__currentMonth_1
2025-08-13 14:52:16.684 +05:30 [INF] Executed DbCommand (2ms) [Parameters=[@__productIds_0='?' (Size = 4000)], CommandType='"Text"', CommandTimeout='30']
SELECT [p].[ProductId], [p].[CategoryId], [p].[CostPrice], [p].[Description], [p].[Name], [p].[ProductCode], [p].[ProductKey], [p].[SellPrice], [p].[SupplierId]
FROM [Products] AS [p]
WHERE [p].[ProductId] IN (
    SELECT [p0].[value]
    FROM OPENJSON(@__productIds_0) WITH ([value] int '$') AS [p0]
)
2025-08-13 14:52:16.685 +05:30 [INF] Executing OkObjectResult, writing value of type 'AuthNet.Models.DTO.MonthlyProfitDto'.
2025-08-13 14:52:16.685 +05:30 [INF] Executed action AuthNet.Controllers.SalesController.GetCurrentMonthProfit (AuthNet) in 16.2368ms
2025-08-13 14:52:16.685 +05:30 [INF] Executed endpoint 'AuthNet.Controllers.SalesController.GetCurrentMonthProfit (AuthNet)'
2025-08-13 14:52:16.685 +05:30 [INF] Request finished HTTP/1.1 GET https://localhost:7165/api/Sales/CurrentMonthProfit - 200 null application/json; charset=utf-8 17.7531ms
2025-08-13 14:52:16.707 +05:30 [INF] Request starting HTTP/1.1 GET https://localhost:7165/api/Sales/CurrentYearProfit - null null
2025-08-13 14:52:16.708 +05:30 [INF] Executing endpoint 'AuthNet.Controllers.SalesController.GetCurrentYearProfit (AuthNet)'
2025-08-13 14:52:16.708 +05:30 [INF] Route matched with {action = "GetCurrentYearProfit", controller = "Sales"}. Executing controller action with signature System.Threading.Tasks.Task`1[Microsoft.AspNetCore.Mvc.IActionResult] GetCurrentYearProfit() on controller AuthNet.Controllers.SalesController (AuthNet).
2025-08-13 14:52:16.721 +05:30 [INF] Executed DbCommand (10ms) [Parameters=[@__currentYear_0='?' (DbType = Int32)], CommandType='"Text"', CommandTimeout='30']
SELECT [s].[Id], [s].[ProductId], [s].[ProductName], [s].[Quantity], [s].[SaleId], [s].[TotalPrice], [s].[UnitPrice], [s0].[Id], [s0].[AfterTaxAmount], [s0].[CreatedAt], [s0].[DiscountedAmount], [s0].[InvoiceDate], [s0].[InvoiceNo], [s0].[PrincipalAmount], [s0].[Template], [s0].[TotalAmount]
FROM [SaleItems] AS [s]
INNER JOIN [Sales] AS [s0] ON [s].[SaleId] = [s0].[Id]
WHERE DATEPART(year, [s0].[InvoiceDate]) = @__currentYear_0
2025-08-13 14:52:16.820 +05:30 [INF] Executed DbCommand (85ms) [Parameters=[@__productIds_0='?' (Size = 4000)], CommandType='"Text"', CommandTimeout='30']
SELECT [p].[ProductId], [p].[CategoryId], [p].[CostPrice], [p].[Description], [p].[Name], [p].[ProductCode], [p].[ProductKey], [p].[SellPrice], [p].[SupplierId]
FROM [Products] AS [p]
WHERE [p].[ProductId] IN (
    SELECT [p0].[value]
    FROM OPENJSON(@__productIds_0) WITH ([value] int '$') AS [p0]
)
2025-08-13 14:52:16.821 +05:30 [INF] Executing OkObjectResult, writing value of type 'AuthNet.Models.DTO.YearlyProfitDto'.
2025-08-13 14:52:16.822 +05:30 [INF] Executed action AuthNet.Controllers.SalesController.GetCurrentYearProfit (AuthNet) in 113.4409ms
2025-08-13 14:52:16.822 +05:30 [INF] Executed endpoint 'AuthNet.Controllers.SalesController.GetCurrentYearProfit (AuthNet)'
2025-08-13 14:52:16.822 +05:30 [INF] Request finished HTTP/1.1 GET https://localhost:7165/api/Sales/CurrentYearProfit - 200 null application/json; charset=utf-8 115.1819ms
2025-08-13 14:52:16.845 +05:30 [INF] Request starting HTTP/1.1 GET https://localhost:7165/api/Products/count - null null
2025-08-13 14:52:16.846 +05:30 [INF] Executing endpoint 'AuthNet.Controllers.ProductsController.GetProductCount (AuthNet)'
2025-08-13 14:52:16.846 +05:30 [INF] Route matched with {action = "GetProductCount", controller = "Products"}. Executing controller action with signature System.Threading.Tasks.Task`1[Microsoft.AspNetCore.Mvc.IActionResult] GetProductCount() on controller AuthNet.Controllers.ProductsController (AuthNet).
2025-08-13 14:52:16.897 +05:30 [INF] Executed DbCommand (47ms) [Parameters=[], CommandType='"Text"', CommandTimeout='30']
SELECT COUNT(*)
FROM [Products] AS [p]
2025-08-13 14:52:16.898 +05:30 [INF] Executing OkObjectResult, writing value of type 'System.Int32'.
2025-08-13 14:52:16.898 +05:30 [INF] Executed action AuthNet.Controllers.ProductsController.GetProductCount (AuthNet) in 52.1293ms
2025-08-13 14:52:16.898 +05:30 [INF] Executed endpoint 'AuthNet.Controllers.ProductsController.GetProductCount (AuthNet)'
2025-08-13 14:52:16.899 +05:30 [INF] Request finished HTTP/1.1 GET https://localhost:7165/api/Products/count - 200 null application/json; charset=utf-8 53.5978ms
2025-08-13 14:52:16.918 +05:30 [INF] Request starting HTTP/1.1 GET https://localhost:7165/api/Suppliers/count - null null
2025-08-13 14:52:16.919 +05:30 [INF] Executing endpoint 'AuthNet.Controllers.SuppliersController.GetSupplierCount (AuthNet)'
2025-08-13 14:52:16.919 +05:30 [INF] Route matched with {action = "GetSupplierCount", controller = "Suppliers"}. Executing controller action with signature System.Threading.Tasks.Task`1[Microsoft.AspNetCore.Mvc.IActionResult] GetSupplierCount() on controller AuthNet.Controllers.SuppliersController (AuthNet).
2025-08-13 14:52:16.962 +05:30 [INF] Executed DbCommand (41ms) [Parameters=[], CommandType='"Text"', CommandTimeout='30']
SELECT COUNT(*)
FROM [Suppliers] AS [s]
2025-08-13 14:52:16.963 +05:30 [INF] Executing OkObjectResult, writing value of type 'System.Int32'.
2025-08-13 14:52:16.963 +05:30 [INF] Executed action AuthNet.Controllers.SuppliersController.GetSupplierCount (AuthNet) in 43.8647ms
2025-08-13 14:52:16.963 +05:30 [INF] Executed endpoint 'AuthNet.Controllers.SuppliersController.GetSupplierCount (AuthNet)'
2025-08-13 14:52:16.964 +05:30 [INF] Request finished HTTP/1.1 GET https://localhost:7165/api/Suppliers/count - 200 null application/json; charset=utf-8 45.8442ms
2025-08-13 14:52:17.004 +05:30 [INF] Request starting HTTP/1.1 GET https://localhost:7165/api/Categories/count - null null
2025-08-13 14:52:17.004 +05:30 [INF] Executing endpoint 'AuthNet.Controllers.CategoriesController.GetCategoryCount (AuthNet)'
2025-08-13 14:52:17.004 +05:30 [INF] Route matched with {action = "GetCategoryCount", controller = "Categories"}. Executing controller action with signature System.Threading.Tasks.Task`1[Microsoft.AspNetCore.Mvc.IActionResult] GetCategoryCount() on controller AuthNet.Controllers.CategoriesController (AuthNet).
2025-08-13 14:52:17.029 +05:30 [INF] Executed DbCommand (21ms) [Parameters=[], CommandType='"Text"', CommandTimeout='30']
SELECT COUNT(*)
FROM [Categories] AS [c]
2025-08-13 14:52:17.030 +05:30 [INF] Executing OkObjectResult, writing value of type 'System.Int32'.
2025-08-13 14:52:17.030 +05:30 [INF] Executed action AuthNet.Controllers.CategoriesController.GetCategoryCount (AuthNet) in 25.5168ms
2025-08-13 14:52:17.030 +05:30 [INF] Executed endpoint 'AuthNet.Controllers.CategoriesController.GetCategoryCount (AuthNet)'
2025-08-13 14:52:17.030 +05:30 [INF] Request finished HTTP/1.1 GET https://localhost:7165/api/Categories/count - 200 null application/json; charset=utf-8 26.8253ms
2025-08-13 14:52:17.087 +05:30 [INF] Request starting HTTP/1.1 GET https://localhost:7165/api/Orders/count - null null
2025-08-13 14:52:17.087 +05:30 [INF] Executing endpoint 'AuthNet.Controllers.OrdersController.GetOrderCount (AuthNet)'
2025-08-13 14:52:17.088 +05:30 [INF] Route matched with {action = "GetOrderCount", controller = "Orders"}. Executing controller action with signature System.Threading.Tasks.Task`1[Microsoft.AspNetCore.Mvc.IActionResult] GetOrderCount() on controller AuthNet.Controllers.OrdersController (AuthNet).
2025-08-13 14:52:17.107 +05:30 [INF] Executed DbCommand (16ms) [Parameters=[], CommandType='"Text"', CommandTimeout='30']
SELECT COUNT(*)
FROM [Orders] AS [o]
2025-08-13 14:52:17.108 +05:30 [INF] Executing OkObjectResult, writing value of type 'System.Int32'.
2025-08-13 14:52:17.108 +05:30 [INF] Executed action AuthNet.Controllers.OrdersController.GetOrderCount (AuthNet) in 20.2753ms
2025-08-13 14:52:17.108 +05:30 [INF] Executed endpoint 'AuthNet.Controllers.OrdersController.GetOrderCount (AuthNet)'
2025-08-13 14:52:17.109 +05:30 [INF] Request finished HTTP/1.1 GET https://localhost:7165/api/Orders/count - 200 null application/json; charset=utf-8 21.7717ms
2025-08-13 14:52:17.150 +05:30 [INF] Request starting HTTP/1.1 GET https://localhost:7165/api/Customers/count - null null
2025-08-13 14:52:17.151 +05:30 [INF] Executing endpoint 'AuthNet.Controllers.CustomersController.GetCustomerCount (AuthNet)'
2025-08-13 14:52:17.151 +05:30 [INF] Route matched with {action = "GetCustomerCount", controller = "Customers"}. Executing controller action with signature System.Threading.Tasks.Task`1[Microsoft.AspNetCore.Mvc.IActionResult] GetCustomerCount() on controller AuthNet.Controllers.CustomersController (AuthNet).
2025-08-13 14:52:17.175 +05:30 [INF] Executed DbCommand (19ms) [Parameters=[], CommandType='"Text"', CommandTimeout='30']
SELECT COUNT(*)
FROM [Customers] AS [c]
2025-08-13 14:52:17.175 +05:30 [INF] Executing OkObjectResult, writing value of type 'System.Int32'.
2025-08-13 14:52:17.175 +05:30 [INF] Executed action AuthNet.Controllers.CustomersController.GetCustomerCount (AuthNet) in 23.9632ms
2025-08-13 14:52:17.176 +05:30 [INF] Executed endpoint 'AuthNet.Controllers.CustomersController.GetCustomerCount (AuthNet)'
2025-08-13 14:52:17.176 +05:30 [INF] Request finished HTTP/1.1 GET https://localhost:7165/api/Customers/count - 200 null application/json; charset=utf-8 25.8821ms
2025-08-13 14:52:17.192 +05:30 [INF] Request starting HTTP/1.1 GET https://localhost:7165/api/Tasks - null null
2025-08-13 14:52:17.192 +05:30 [INF] Executing endpoint 'AuthNet.Controllers.TasksController.GetTasks (AuthNet)'
2025-08-13 14:52:17.193 +05:30 [INF] Route matched with {action = "GetTasks", controller = "Tasks"}. Executing controller action with signature Microsoft.AspNetCore.Mvc.IActionResult GetTasks() on controller AuthNet.Controllers.TasksController (AuthNet).
2025-08-13 14:52:17.198 +05:30 [INF] Executed DbCommand (2ms) [Parameters=[], CommandType='"Text"', CommandTimeout='30']
SELECT [t].[Id], [t].[Title], [t].[DueDate]
FROM [Tasks] AS [t]
2025-08-13 14:52:17.198 +05:30 [INF] Executing OkObjectResult, writing value of type 'System.Collections.Generic.List`1[[AuthNet.Models.DTO.TaskItemDto, AuthNet, Version=1.0.0.0, Culture=neutral, PublicKeyToken=null]]'.
2025-08-13 14:52:17.199 +05:30 [INF] Executed action AuthNet.Controllers.TasksController.GetTasks (AuthNet) in 6.0472ms
2025-08-13 14:52:17.199 +05:30 [INF] Executed endpoint 'AuthNet.Controllers.TasksController.GetTasks (AuthNet)'
2025-08-13 14:52:17.199 +05:30 [INF] Request finished HTTP/1.1 GET https://localhost:7165/api/Tasks - 200 null application/json; charset=utf-8 7.2775ms
2025-08-13 14:52:17.216 +05:30 [INF] Request starting HTTP/1.1 GET https://localhost:7165/api/Settings/Get - null null
2025-08-13 14:52:17.219 +05:30 [INF] Executing endpoint 'AuthNet.Controllers.SettingsController.GetCompanyInfo (AuthNet)'
2025-08-13 14:52:17.219 +05:30 [INF] Route matched with {action = "GetCompanyInfo", controller = "Settings"}. Executing controller action with signature System.Threading.Tasks.Task`1[Microsoft.AspNetCore.Mvc.IActionResult] GetCompanyInfo() on controller AuthNet.Controllers.SettingsController (AuthNet).
2025-08-13 14:52:17.226 +05:30 [INF] Executed DbCommand (6ms) [Parameters=[], CommandType='"Text"', CommandTimeout='30']
SELECT TOP(1) [c].[Id], [c].[Address], [c].[AlternateContactNumber], [c].[ContactNumber], [c].[Email], [c].[GSTIN], [c].[IsGSTINActive], [c].[LogoFileExtension], [c].[LogoFilePath], [c].[LogoFileSizeInBytes], [c].[LogoName], [c].[Name], [c].[SignFileExtension], [c].[SignFilePath], [c].[SignFileSizeInBytes], [c].[SignName]
FROM [CompanyInfos] AS [c]
2025-08-13 14:52:17.227 +05:30 [INF] Executing OkObjectResult, writing value of type 'AuthNet.Models.DTO.CompanyInfoResponseDto'.
2025-08-13 14:52:17.227 +05:30 [INF] Executed action AuthNet.Controllers.SettingsController.GetCompanyInfo (AuthNet) in 8.4616ms
2025-08-13 14:52:17.228 +05:30 [INF] Executed endpoint 'AuthNet.Controllers.SettingsController.GetCompanyInfo (AuthNet)'
2025-08-13 14:52:17.228 +05:30 [INF] Request finished HTTP/1.1 GET https://localhost:7165/api/Settings/Get - 200 null application/json; charset=utf-8 12.4545ms
2025-08-13 14:52:17.613 +05:30 [INF] Request starting HTTP/2 GET https://localhost:7165/api/Sales/WeeklyProfit - null null
2025-08-13 14:52:17.614 +05:30 [INF] CORS policy execution successful.
2025-08-13 14:52:17.614 +05:30 [INF] Executing endpoint 'AuthNet.Controllers.SalesController.GetWeeklyProfit (AuthNet)'
2025-08-13 14:52:17.614 +05:30 [INF] Route matched with {action = "GetWeeklyProfit", controller = "Sales"}. Executing controller action with signature System.Threading.Tasks.Task`1[Microsoft.AspNetCore.Mvc.IActionResult] GetWeeklyProfit() on controller AuthNet.Controllers.SalesController (AuthNet).
2025-08-13 14:52:17.646 +05:30 [INF] Request starting HTTP/2 GET https://localhost:7165/api/Products/CategoryWiseProductCount - null null
2025-08-13 14:52:17.646 +05:30 [INF] CORS policy execution successful.
2025-08-13 14:52:17.646 +05:30 [INF] Executing endpoint 'AuthNet.Controllers.ProductsController.GetCategoryWiseProductCount (AuthNet)'
2025-08-13 14:52:17.647 +05:30 [INF] Route matched with {action = "GetCategoryWiseProductCount", controller = "Products"}. Executing controller action with signature System.Threading.Tasks.Task`1[Microsoft.AspNetCore.Mvc.IActionResult] GetCategoryWiseProductCount() on controller AuthNet.Controllers.ProductsController (AuthNet).
2025-08-13 14:52:17.647 +05:30 [INF] Executed DbCommand (31ms) [Parameters=[@__startDate_0='?' (DbType = DateTime2), @__endDate_1='?' (DbType = DateTime2)], CommandType='"Text"', CommandTimeout='30']
SELECT [s].[Id], [s].[ProductId], [s].[ProductName], [s].[Quantity], [s].[SaleId], [s].[TotalPrice], [s].[UnitPrice], [s0].[Id], [s0].[AfterTaxAmount], [s0].[CreatedAt], [s0].[DiscountedAmount], [s0].[InvoiceDate], [s0].[InvoiceNo], [s0].[PrincipalAmount], [s0].[Template], [s0].[TotalAmount]
FROM [SaleItems] AS [s]
INNER JOIN [Sales] AS [s0] ON [s].[SaleId] = [s0].[Id]
WHERE CONVERT(date, [s0].[InvoiceDate]) >= @__startDate_0 AND CONVERT(date, [s0].[InvoiceDate]) <= @__endDate_1
2025-08-13 14:52:17.666 +05:30 [INF] Executed DbCommand (17ms) [Parameters=[@__productIds_0='?' (Size = 4000)], CommandType='"Text"', CommandTimeout='30']
SELECT [p].[ProductId], [p].[CategoryId], [p].[CostPrice], [p].[Description], [p].[Name], [p].[ProductCode], [p].[ProductKey], [p].[SellPrice], [p].[SupplierId]
FROM [Products] AS [p]
WHERE [p].[ProductId] IN (
    SELECT [p0].[value]
    FROM OPENJSON(@__productIds_0) WITH ([value] int '$') AS [p0]
)
2025-08-13 14:52:17.675 +05:30 [INF] Executing OkObjectResult, writing value of type 'System.Collections.Generic.List`1[[AuthNet.Models.DTO.DailyProfitDto, AuthNet, Version=1.0.0.0, Culture=neutral, PublicKeyToken=null]]'.
2025-08-13 14:52:17.675 +05:30 [INF] Executed action AuthNet.Controllers.SalesController.GetWeeklyProfit (AuthNet) in 61.1825ms
2025-08-13 14:52:17.676 +05:30 [INF] Executed endpoint 'AuthNet.Controllers.SalesController.GetWeeklyProfit (AuthNet)'
2025-08-13 14:52:17.676 +05:30 [INF] Request finished HTTP/2 GET https://localhost:7165/api/Sales/WeeklyProfit - 200 null application/json; charset=utf-8 62.8268ms
2025-08-13 14:52:17.710 +05:30 [INF] Executed DbCommand (18ms) [Parameters=[], CommandType='"Text"', CommandTimeout='30']
SELECT [c].[Name] AS [CategoryName], COUNT(*) AS [ProductCount]
FROM [Products] AS [p]
LEFT JOIN [Categories] AS [c] ON [p].[CategoryId] = [c].[CategoryId]
WHERE [c].[CategoryId] IS NOT NULL
GROUP BY [c].[Name]
2025-08-13 14:52:17.711 +05:30 [INF] Executing OkObjectResult, writing value of type 'System.Collections.Generic.List`1[[AuthNet.Models.DTO.CategoryProductCountDto, AuthNet, Version=1.0.0.0, Culture=neutral, PublicKeyToken=null]]'.
2025-08-13 14:52:17.711 +05:30 [INF] Executed action AuthNet.Controllers.ProductsController.GetCategoryWiseProductCount (AuthNet) in 64.4845ms
2025-08-13 14:52:17.711 +05:30 [INF] Executed endpoint 'AuthNet.Controllers.ProductsController.GetCategoryWiseProductCount (AuthNet)'
2025-08-13 14:52:17.712 +05:30 [INF] Request finished HTTP/2 GET https://localhost:7165/api/Products/CategoryWiseProductCount - 200 null application/json; charset=utf-8 65.8696ms
2025-08-13 14:52:24.330 +05:30 [INF] Request starting HTTP/1.1 GET https://localhost:7165/api/Settings/Get - null null
2025-08-13 14:52:24.331 +05:30 [INF] Executing endpoint 'AuthNet.Controllers.SettingsController.GetCompanyInfo (AuthNet)'
2025-08-13 14:52:24.331 +05:30 [INF] Route matched with {action = "GetCompanyInfo", controller = "Settings"}. Executing controller action with signature System.Threading.Tasks.Task`1[Microsoft.AspNetCore.Mvc.IActionResult] GetCompanyInfo() on controller AuthNet.Controllers.SettingsController (AuthNet).
2025-08-13 14:52:24.441 +05:30 [INF] Executed DbCommand (106ms) [Parameters=[], CommandType='"Text"', CommandTimeout='30']
SELECT TOP(1) [c].[Id], [c].[Address], [c].[AlternateContactNumber], [c].[ContactNumber], [c].[Email], [c].[GSTIN], [c].[IsGSTINActive], [c].[LogoFileExtension], [c].[LogoFilePath], [c].[LogoFileSizeInBytes], [c].[LogoName], [c].[Name], [c].[SignFileExtension], [c].[SignFilePath], [c].[SignFileSizeInBytes], [c].[SignName]
FROM [CompanyInfos] AS [c]
2025-08-13 14:52:24.442 +05:30 [INF] Executing OkObjectResult, writing value of type 'AuthNet.Models.DTO.CompanyInfoResponseDto'.
2025-08-13 14:52:24.442 +05:30 [INF] Executed action AuthNet.Controllers.SettingsController.GetCompanyInfo (AuthNet) in 110.718ms
2025-08-13 14:52:24.442 +05:30 [INF] Executed endpoint 'AuthNet.Controllers.SettingsController.GetCompanyInfo (AuthNet)'
2025-08-13 14:52:24.443 +05:30 [INF] Request finished HTTP/1.1 GET https://localhost:7165/api/Settings/Get - 200 null application/json; charset=utf-8 112.8825ms
2025-08-13 14:52:39.847 +05:30 [INF] Request starting HTTP/1.1 GET https://localhost:7165/api/Settings/Get - null null
2025-08-13 14:52:39.847 +05:30 [INF] Executing endpoint 'AuthNet.Controllers.SettingsController.GetCompanyInfo (AuthNet)'
2025-08-13 14:52:39.847 +05:30 [INF] Route matched with {action = "GetCompanyInfo", controller = "Settings"}. Executing controller action with signature System.Threading.Tasks.Task`1[Microsoft.AspNetCore.Mvc.IActionResult] GetCompanyInfo() on controller AuthNet.Controllers.SettingsController (AuthNet).
2025-08-13 14:52:39.868 +05:30 [INF] Executed DbCommand (19ms) [Parameters=[], CommandType='"Text"', CommandTimeout='30']
SELECT TOP(1) [c].[Id], [c].[Address], [c].[AlternateContactNumber], [c].[ContactNumber], [c].[Email], [c].[GSTIN], [c].[IsGSTINActive], [c].[LogoFileExtension], [c].[LogoFilePath], [c].[LogoFileSizeInBytes], [c].[LogoName], [c].[Name], [c].[SignFileExtension], [c].[SignFilePath], [c].[SignFileSizeInBytes], [c].[SignName]
FROM [CompanyInfos] AS [c]
2025-08-13 14:52:39.869 +05:30 [INF] Executing OkObjectResult, writing value of type 'AuthNet.Models.DTO.CompanyInfoResponseDto'.
2025-08-13 14:52:39.869 +05:30 [INF] Executed action AuthNet.Controllers.SettingsController.GetCompanyInfo (AuthNet) in 22.069ms
2025-08-13 14:52:39.869 +05:30 [INF] Executed endpoint 'AuthNet.Controllers.SettingsController.GetCompanyInfo (AuthNet)'
2025-08-13 14:52:39.870 +05:30 [INF] Request finished HTTP/1.1 GET https://localhost:7165/api/Settings/Get - 200 null application/json; charset=utf-8 23.2155ms
2025-08-13 14:55:04.893 +05:30 [INF] User profile is available. Using 'C:\Users\Admin\AppData\Local\ASP.NET\DataProtection-Keys' as key repository and Windows DPAPI to encrypt keys at rest.
2025-08-13 14:55:07.535 +05:30 [INF] Now listening on: https://localhost:7165
2025-08-13 14:55:07.536 +05:30 [INF] Now listening on: http://localhost:5008
2025-08-13 14:55:09.623 +05:30 [INF] Application started. Press Ctrl+C to shut down.
2025-08-13 14:55:09.623 +05:30 [INF] Hosting environment: Development
2025-08-13 14:55:09.623 +05:30 [INF] Content root path: C:\Users\Admin\Source\Repos\AuthNet\AuthNet
2025-08-13 14:55:10.211 +05:30 [INF] Request starting HTTP/2 GET https://localhost:7165/swagger - null null
2025-08-13 14:55:10.921 +05:30 [INF] Request finished HTTP/2 GET https://localhost:7165/swagger - 301 0 null 724.536ms
2025-08-13 14:55:10.974 +05:30 [INF] Request starting HTTP/2 GET https://localhost:7165/swagger/index.html - null null
2025-08-13 14:55:11.327 +05:30 [INF] Request starting HTTP/2 GET https://localhost:7165/swagger/swagger-ui.css - null null
2025-08-13 14:55:11.331 +05:30 [INF] Request starting HTTP/2 GET https://localhost:7165/swagger/swagger-ui-bundle.js - null null
2025-08-13 14:55:11.338 +05:30 [INF] Request finished HTTP/2 GET https://localhost:7165/swagger/index.html - 200 null text/html;charset=utf-8 363.5743ms
2025-08-13 14:55:11.339 +05:30 [INF] Request starting HTTP/2 GET https://localhost:7165/swagger/swagger-ui-standalone-preset.js - null null
2025-08-13 14:55:11.376 +05:30 [INF] Request starting HTTP/1.1 GET https://localhost:7165/api/Sales/DailyProfit - null null
2025-08-13 14:55:12.212 +05:30 [INF] Request starting HTTP/2 GET https://localhost:7165/_framework/aspnetcore-browser-refresh.js - null null
2025-08-13 14:55:12.212 +05:30 [INF] Request starting HTTP/2 GET https://localhost:7165/_vs/browserLink - null null
2025-08-13 14:55:12.219 +05:30 [INF] Sending file. Request path: '/swagger-ui.css'. Physical path: 'N/A'
2025-08-13 14:55:12.220 +05:30 [INF] Sending file. Request path: '/swagger-ui-standalone-preset.js'. Physical path: 'N/A'
2025-08-13 14:55:12.220 +05:30 [INF] Request finished HTTP/2 GET https://localhost:7165/swagger/swagger-ui.css - 200 152034 text/css 892.4553ms
2025-08-13 14:55:12.220 +05:30 [INF] Request finished HTTP/2 GET https://localhost:7165/swagger/swagger-ui-standalone-preset.js - 200 230280 text/javascript 880.5179ms
2025-08-13 14:55:12.236 +05:30 [INF] Request finished HTTP/2 GET https://localhost:7165/_framework/aspnetcore-browser-refresh.js - 200 16499 application/javascript; charset=utf-8 23.8965ms
2025-08-13 14:55:12.504 +05:30 [INF] Sending file. Request path: '/swagger-ui-bundle.js'. Physical path: 'N/A'
2025-08-13 14:55:12.505 +05:30 [INF] Request finished HTTP/2 GET https://localhost:7165/swagger/swagger-ui-bundle.js - 200 1456926 text/javascript 1174.2185ms
2025-08-13 14:55:12.879 +05:30 [INF] Request finished HTTP/2 GET https://localhost:7165/_vs/browserLink - 200 null text/javascript; charset=UTF-8 666.5311ms
2025-08-13 14:55:12.921 +05:30 [INF] Request starting HTTP/2 GET https://localhost:7165/swagger/favicon-32x32.png - null null
2025-08-13 14:55:12.921 +05:30 [INF] Sending file. Request path: '/favicon-32x32.png'. Physical path: 'N/A'
2025-08-13 14:55:12.922 +05:30 [INF] Request finished HTTP/2 GET https://localhost:7165/swagger/favicon-32x32.png - 200 628 image/png 0.6816ms
2025-08-13 14:55:12.946 +05:30 [INF] Executing endpoint 'AuthNet.Controllers.SalesController.GetDailyProfit (AuthNet)'
2025-08-13 14:55:13.031 +05:30 [INF] Request starting HTTP/2 GET https://localhost:7165/swagger/v1/swagger.json - null null
2025-08-13 14:55:13.037 +05:30 [INF] Route matched with {action = "GetDailyProfit", controller = "Sales"}. Executing controller action with signature System.Threading.Tasks.Task`1[Microsoft.AspNetCore.Mvc.IActionResult] GetDailyProfit() on controller AuthNet.Controllers.SalesController (AuthNet).
2025-08-13 14:55:13.385 +05:30 [INF] Request finished HTTP/2 GET https://localhost:7165/swagger/v1/swagger.json - 200 null application/json;charset=utf-8 354.2491ms
2025-08-13 14:55:17.329 +05:30 [WRN] No store type was specified for the decimal property 'TotalAmount' on entity type 'Order'. This will cause values to be silently truncated if they do not fit in the default precision and scale. Explicitly specify the SQL server column type that can accommodate all the values in 'OnModelCreating' using 'HasColumnType', specify precision and scale using 'HasPrecision', or configure a value converter using 'HasConversion'.
2025-08-13 14:55:17.330 +05:30 [WRN] No store type was specified for the decimal property 'UnitPrice' on entity type 'OrderItem'. This will cause values to be silently truncated if they do not fit in the default precision and scale. Explicitly specify the SQL server column type that can accommodate all the values in 'OnModelCreating' using 'HasColumnType', specify precision and scale using 'HasPrecision', or configure a value converter using 'HasConversion'.
2025-08-13 14:55:17.330 +05:30 [WRN] No store type was specified for the decimal property 'CostPrice' on entity type 'Product'. This will cause values to be silently truncated if they do not fit in the default precision and scale. Explicitly specify the SQL server column type that can accommodate all the values in 'OnModelCreating' using 'HasColumnType', specify precision and scale using 'HasPrecision', or configure a value converter using 'HasConversion'.
2025-08-13 14:55:17.330 +05:30 [WRN] No store type was specified for the decimal property 'SellPrice' on entity type 'Product'. This will cause values to be silently truncated if they do not fit in the default precision and scale. Explicitly specify the SQL server column type that can accommodate all the values in 'OnModelCreating' using 'HasColumnType', specify precision and scale using 'HasPrecision', or configure a value converter using 'HasConversion'.
2025-08-13 14:55:17.330 +05:30 [WRN] No store type was specified for the decimal property 'TotalAmount' on entity type 'PurchaseOrder'. This will cause values to be silently truncated if they do not fit in the default precision and scale. Explicitly specify the SQL server column type that can accommodate all the values in 'OnModelCreating' using 'HasColumnType', specify precision and scale using 'HasPrecision', or configure a value converter using 'HasConversion'.
2025-08-13 14:55:17.330 +05:30 [WRN] No store type was specified for the decimal property 'UnitPrice' on entity type 'PurchaseOrderItems'. This will cause values to be silently truncated if they do not fit in the default precision and scale. Explicitly specify the SQL server column type that can accommodate all the values in 'OnModelCreating' using 'HasColumnType', specify precision and scale using 'HasPrecision', or configure a value converter using 'HasConversion'.
2025-08-13 14:55:17.330 +05:30 [WRN] No store type was specified for the decimal property 'AfterTaxAmount' on entity type 'Sale'. This will cause values to be silently truncated if they do not fit in the default precision and scale. Explicitly specify the SQL server column type that can accommodate all the values in 'OnModelCreating' using 'HasColumnType', specify precision and scale using 'HasPrecision', or configure a value converter using 'HasConversion'.
2025-08-13 14:55:17.330 +05:30 [WRN] No store type was specified for the decimal property 'DiscountedAmount' on entity type 'Sale'. This will cause values to be silently truncated if they do not fit in the default precision and scale. Explicitly specify the SQL server column type that can accommodate all the values in 'OnModelCreating' using 'HasColumnType', specify precision and scale using 'HasPrecision', or configure a value converter using 'HasConversion'.
2025-08-13 14:55:17.330 +05:30 [WRN] No store type was specified for the decimal property 'PrincipalAmount' on entity type 'Sale'. This will cause values to be silently truncated if they do not fit in the default precision and scale. Explicitly specify the SQL server column type that can accommodate all the values in 'OnModelCreating' using 'HasColumnType', specify precision and scale using 'HasPrecision', or configure a value converter using 'HasConversion'.
2025-08-13 14:55:17.330 +05:30 [WRN] No store type was specified for the decimal property 'TotalAmount' on entity type 'Sale'. This will cause values to be silently truncated if they do not fit in the default precision and scale. Explicitly specify the SQL server column type that can accommodate all the values in 'OnModelCreating' using 'HasColumnType', specify precision and scale using 'HasPrecision', or configure a value converter using 'HasConversion'.
2025-08-13 14:55:17.330 +05:30 [WRN] No store type was specified for the decimal property 'TotalPrice' on entity type 'SaleItem'. This will cause values to be silently truncated if they do not fit in the default precision and scale. Explicitly specify the SQL server column type that can accommodate all the values in 'OnModelCreating' using 'HasColumnType', specify precision and scale using 'HasPrecision', or configure a value converter using 'HasConversion'.
2025-08-13 14:55:17.331 +05:30 [WRN] No store type was specified for the decimal property 'UnitPrice' on entity type 'SaleItem'. This will cause values to be silently truncated if they do not fit in the default precision and scale. Explicitly specify the SQL server column type that can accommodate all the values in 'OnModelCreating' using 'HasColumnType', specify precision and scale using 'HasPrecision', or configure a value converter using 'HasConversion'.
2025-08-13 14:55:17.331 +05:30 [WRN] No store type was specified for the decimal property 'CGST' on entity type 'TaxSetting'. This will cause values to be silently truncated if they do not fit in the default precision and scale. Explicitly specify the SQL server column type that can accommodate all the values in 'OnModelCreating' using 'HasColumnType', specify precision and scale using 'HasPrecision', or configure a value converter using 'HasConversion'.
2025-08-13 14:55:17.331 +05:30 [WRN] No store type was specified for the decimal property 'IGST' on entity type 'TaxSetting'. This will cause values to be silently truncated if they do not fit in the default precision and scale. Explicitly specify the SQL server column type that can accommodate all the values in 'OnModelCreating' using 'HasColumnType', specify precision and scale using 'HasPrecision', or configure a value converter using 'HasConversion'.
2025-08-13 14:55:17.332 +05:30 [WRN] No store type was specified for the decimal property 'SGST' on entity type 'TaxSetting'. This will cause values to be silently truncated if they do not fit in the default precision and scale. Explicitly specify the SQL server column type that can accommodate all the values in 'OnModelCreating' using 'HasColumnType', specify precision and scale using 'HasPrecision', or configure a value converter using 'HasConversion'.
2025-08-13 14:55:19.905 +05:30 [INF] Executed DbCommand (185ms) [Parameters=[@__date_Date_0='?' (DbType = DateTime2)], CommandType='"Text"', CommandTimeout='30']
SELECT [s].[Id], [s].[ProductId], [s].[ProductName], [s].[Quantity], [s].[SaleId], [s].[TotalPrice], [s].[UnitPrice], [s0].[Id], [s0].[AfterTaxAmount], [s0].[CreatedAt], [s0].[DiscountedAmount], [s0].[InvoiceDate], [s0].[InvoiceNo], [s0].[PrincipalAmount], [s0].[Template], [s0].[TotalAmount]
FROM [SaleItems] AS [s]
INNER JOIN [Sales] AS [s0] ON [s].[SaleId] = [s0].[Id]
WHERE CONVERT(date, [s0].[InvoiceDate]) = @__date_Date_0
2025-08-13 14:55:20.759 +05:30 [INF] Executed DbCommand (100ms) [Parameters=[@__productIds_0='?' (Size = 4000)], CommandType='"Text"', CommandTimeout='30']
SELECT [p].[ProductId], [p].[CategoryId], [p].[CostPrice], [p].[Description], [p].[Name], [p].[ProductCode], [p].[ProductKey], [p].[SellPrice], [p].[SupplierId]
FROM [Products] AS [p]
WHERE [p].[ProductId] IN (
    SELECT [p0].[value]
    FROM OPENJSON(@__productIds_0) WITH ([value] int '$') AS [p0]
)
2025-08-13 14:55:20.778 +05:30 [INF] Executing OkObjectResult, writing value of type 'AuthNet.Models.DTO.DailyProfitDto'.
2025-08-13 14:55:20.889 +05:30 [INF] Executed action AuthNet.Controllers.SalesController.GetDailyProfit (AuthNet) in 7845.1594ms
2025-08-13 14:55:20.890 +05:30 [INF] Executed endpoint 'AuthNet.Controllers.SalesController.GetDailyProfit (AuthNet)'
2025-08-13 14:55:20.961 +05:30 [INF] Request finished HTTP/1.1 GET https://localhost:7165/api/Sales/DailyProfit - 200 null application/json; charset=utf-8 9573.456ms
2025-08-13 14:55:21.288 +05:30 [INF] Request starting HTTP/1.1 GET https://localhost:7165/api/Sales/CurrentMonthProfit - null null
2025-08-13 14:55:21.308 +05:30 [INF] Executing endpoint 'AuthNet.Controllers.SalesController.GetCurrentMonthProfit (AuthNet)'
2025-08-13 14:55:21.318 +05:30 [INF] Route matched with {action = "GetCurrentMonthProfit", controller = "Sales"}. Executing controller action with signature System.Threading.Tasks.Task`1[Microsoft.AspNetCore.Mvc.IActionResult] GetCurrentMonthProfit() on controller AuthNet.Controllers.SalesController (AuthNet).
2025-08-13 14:55:21.587 +05:30 [INF] Executed DbCommand (198ms) [Parameters=[@__currentYear_0='?' (DbType = Int32), @__currentMonth_1='?' (DbType = Int32)], CommandType='"Text"', CommandTimeout='30']
SELECT [s].[Id], [s].[ProductId], [s].[ProductName], [s].[Quantity], [s].[SaleId], [s].[TotalPrice], [s].[UnitPrice], [s0].[Id], [s0].[AfterTaxAmount], [s0].[CreatedAt], [s0].[DiscountedAmount], [s0].[InvoiceDate], [s0].[InvoiceNo], [s0].[PrincipalAmount], [s0].[Template], [s0].[TotalAmount]
FROM [SaleItems] AS [s]
INNER JOIN [Sales] AS [s0] ON [s].[SaleId] = [s0].[Id]
WHERE DATEPART(year, [s0].[InvoiceDate]) = @__currentYear_0 AND DATEPART(month, [s0].[InvoiceDate]) = @__currentMonth_1
2025-08-13 14:55:21.842 +05:30 [INF] Executed DbCommand (53ms) [Parameters=[@__productIds_0='?' (Size = 4000)], CommandType='"Text"', CommandTimeout='30']
SELECT [p].[ProductId], [p].[CategoryId], [p].[CostPrice], [p].[Description], [p].[Name], [p].[ProductCode], [p].[ProductKey], [p].[SellPrice], [p].[SupplierId]
FROM [Products] AS [p]
WHERE [p].[ProductId] IN (
    SELECT [p0].[value]
    FROM OPENJSON(@__productIds_0) WITH ([value] int '$') AS [p0]
)
2025-08-13 14:55:21.900 +05:30 [INF] Executing OkObjectResult, writing value of type 'AuthNet.Models.DTO.MonthlyProfitDto'.
2025-08-13 14:55:21.903 +05:30 [INF] Executed action AuthNet.Controllers.SalesController.GetCurrentMonthProfit (AuthNet) in 584.7198ms
2025-08-13 14:55:21.903 +05:30 [INF] Executed endpoint 'AuthNet.Controllers.SalesController.GetCurrentMonthProfit (AuthNet)'
2025-08-13 14:55:21.904 +05:30 [INF] Request finished HTTP/1.1 GET https://localhost:7165/api/Sales/CurrentMonthProfit - 200 null application/json; charset=utf-8 616.1021ms
2025-08-13 14:55:22.008 +05:30 [INF] Request starting HTTP/1.1 GET https://localhost:7165/api/Sales/CurrentYearProfit - null null
2025-08-13 14:55:22.012 +05:30 [INF] Executing endpoint 'AuthNet.Controllers.SalesController.GetCurrentYearProfit (AuthNet)'
2025-08-13 14:55:22.018 +05:30 [INF] Route matched with {action = "GetCurrentYearProfit", controller = "Sales"}. Executing controller action with signature System.Threading.Tasks.Task`1[Microsoft.AspNetCore.Mvc.IActionResult] GetCurrentYearProfit() on controller AuthNet.Controllers.SalesController (AuthNet).
2025-08-13 14:55:22.372 +05:30 [INF] Executed DbCommand (153ms) [Parameters=[@__currentYear_0='?' (DbType = Int32)], CommandType='"Text"', CommandTimeout='30']
SELECT [s].[Id], [s].[ProductId], [s].[ProductName], [s].[Quantity], [s].[SaleId], [s].[TotalPrice], [s].[UnitPrice], [s0].[Id], [s0].[AfterTaxAmount], [s0].[CreatedAt], [s0].[DiscountedAmount], [s0].[InvoiceDate], [s0].[InvoiceNo], [s0].[PrincipalAmount], [s0].[Template], [s0].[TotalAmount]
FROM [SaleItems] AS [s]
INNER JOIN [Sales] AS [s0] ON [s].[SaleId] = [s0].[Id]
WHERE DATEPART(year, [s0].[InvoiceDate]) = @__currentYear_0
2025-08-13 14:55:22.389 +05:30 [INF] Executed DbCommand (13ms) [Parameters=[@__productIds_0='?' (Size = 4000)], CommandType='"Text"', CommandTimeout='30']
SELECT [p].[ProductId], [p].[CategoryId], [p].[CostPrice], [p].[Description], [p].[Name], [p].[ProductCode], [p].[ProductKey], [p].[SellPrice], [p].[SupplierId]
FROM [Products] AS [p]
WHERE [p].[ProductId] IN (
    SELECT [p0].[value]
    FROM OPENJSON(@__productIds_0) WITH ([value] int '$') AS [p0]
)
2025-08-13 14:55:22.391 +05:30 [INF] Executing OkObjectResult, writing value of type 'AuthNet.Models.DTO.YearlyProfitDto'.
2025-08-13 14:55:22.392 +05:30 [INF] Executed action AuthNet.Controllers.SalesController.GetCurrentYearProfit (AuthNet) in 373.9465ms
2025-08-13 14:55:22.393 +05:30 [INF] Executed endpoint 'AuthNet.Controllers.SalesController.GetCurrentYearProfit (AuthNet)'
2025-08-13 14:55:22.393 +05:30 [INF] Request finished HTTP/1.1 GET https://localhost:7165/api/Sales/CurrentYearProfit - 200 null application/json; charset=utf-8 385.2434ms
2025-08-13 14:55:22.426 +05:30 [INF] Request starting HTTP/1.1 GET https://localhost:7165/api/Products/count - null null
2025-08-13 14:55:22.427 +05:30 [INF] Executing endpoint 'AuthNet.Controllers.ProductsController.GetProductCount (AuthNet)'
2025-08-13 14:55:22.434 +05:30 [INF] Route matched with {action = "GetProductCount", controller = "Products"}. Executing controller action with signature System.Threading.Tasks.Task`1[Microsoft.AspNetCore.Mvc.IActionResult] GetProductCount() on controller AuthNet.Controllers.ProductsController (AuthNet).
2025-08-13 14:55:22.495 +05:30 [INF] Executed DbCommand (26ms) [Parameters=[], CommandType='"Text"', CommandTimeout='30']
SELECT COUNT(*)
FROM [Products] AS [p]
2025-08-13 14:55:22.499 +05:30 [INF] Executing OkObjectResult, writing value of type 'System.Int32'.
2025-08-13 14:55:22.504 +05:30 [INF] Executed action AuthNet.Controllers.ProductsController.GetProductCount (AuthNet) in 69.776ms
2025-08-13 14:55:22.504 +05:30 [INF] Executed endpoint 'AuthNet.Controllers.ProductsController.GetProductCount (AuthNet)'
2025-08-13 14:55:22.505 +05:30 [INF] Request finished HTTP/1.1 GET https://localhost:7165/api/Products/count - 200 null application/json; charset=utf-8 78.9848ms
2025-08-13 14:55:22.558 +05:30 [INF] Request starting HTTP/1.1 GET https://localhost:7165/api/Suppliers/count - null null
2025-08-13 14:55:22.559 +05:30 [INF] Executing endpoint 'AuthNet.Controllers.SuppliersController.GetSupplierCount (AuthNet)'
2025-08-13 14:55:22.566 +05:30 [INF] Route matched with {action = "GetSupplierCount", controller = "Suppliers"}. Executing controller action with signature System.Threading.Tasks.Task`1[Microsoft.AspNetCore.Mvc.IActionResult] GetSupplierCount() on controller AuthNet.Controllers.SuppliersController (AuthNet).
2025-08-13 14:55:22.590 +05:30 [INF] Executed DbCommand (15ms) [Parameters=[], CommandType='"Text"', CommandTimeout='30']
SELECT COUNT(*)
FROM [Suppliers] AS [s]
2025-08-13 14:55:22.590 +05:30 [INF] Executing OkObjectResult, writing value of type 'System.Int32'.
2025-08-13 14:55:22.591 +05:30 [INF] Executed action AuthNet.Controllers.SuppliersController.GetSupplierCount (AuthNet) in 24.5771ms
2025-08-13 14:55:22.591 +05:30 [INF] Executed endpoint 'AuthNet.Controllers.SuppliersController.GetSupplierCount (AuthNet)'
2025-08-13 14:55:22.591 +05:30 [INF] Request finished HTTP/1.1 GET https://localhost:7165/api/Suppliers/count - 200 null application/json; charset=utf-8 32.9241ms
2025-08-13 14:55:22.605 +05:30 [INF] Request starting HTTP/1.1 GET https://localhost:7165/api/Categories/count - null null
2025-08-13 14:55:22.606 +05:30 [INF] Executing endpoint 'AuthNet.Controllers.CategoriesController.GetCategoryCount (AuthNet)'
2025-08-13 14:55:22.610 +05:30 [INF] Route matched with {action = "GetCategoryCount", controller = "Categories"}. Executing controller action with signature System.Threading.Tasks.Task`1[Microsoft.AspNetCore.Mvc.IActionResult] GetCategoryCount() on controller AuthNet.Controllers.CategoriesController (AuthNet).
2025-08-13 14:55:22.621 +05:30 [INF] Executed DbCommand (4ms) [Parameters=[], CommandType='"Text"', CommandTimeout='30']
SELECT COUNT(*)
FROM [Categories] AS [c]
2025-08-13 14:55:22.622 +05:30 [INF] Executing OkObjectResult, writing value of type 'System.Int32'.
2025-08-13 14:55:22.622 +05:30 [INF] Executed action AuthNet.Controllers.CategoriesController.GetCategoryCount (AuthNet) in 11.8117ms
2025-08-13 14:55:22.622 +05:30 [INF] Executed endpoint 'AuthNet.Controllers.CategoriesController.GetCategoryCount (AuthNet)'
2025-08-13 14:55:22.622 +05:30 [INF] Request finished HTTP/1.1 GET https://localhost:7165/api/Categories/count - 200 null application/json; charset=utf-8 16.9428ms
2025-08-13 14:55:22.637 +05:30 [INF] Request starting HTTP/1.1 GET https://localhost:7165/api/Orders/count - null null
2025-08-13 14:55:22.638 +05:30 [INF] Executing endpoint 'AuthNet.Controllers.OrdersController.GetOrderCount (AuthNet)'
2025-08-13 14:55:22.642 +05:30 [INF] Route matched with {action = "GetOrderCount", controller = "Orders"}. Executing controller action with signature System.Threading.Tasks.Task`1[Microsoft.AspNetCore.Mvc.IActionResult] GetOrderCount() on controller AuthNet.Controllers.OrdersController (AuthNet).
2025-08-13 14:55:22.655 +05:30 [INF] Executed DbCommand (7ms) [Parameters=[], CommandType='"Text"', CommandTimeout='30']
SELECT COUNT(*)
FROM [Orders] AS [o]
2025-08-13 14:55:22.656 +05:30 [INF] Executing OkObjectResult, writing value of type 'System.Int32'.
2025-08-13 14:55:22.656 +05:30 [INF] Executed action AuthNet.Controllers.OrdersController.GetOrderCount (AuthNet) in 14.3685ms
2025-08-13 14:55:22.656 +05:30 [INF] Executed endpoint 'AuthNet.Controllers.OrdersController.GetOrderCount (AuthNet)'
2025-08-13 14:55:22.657 +05:30 [INF] Request finished HTTP/1.1 GET https://localhost:7165/api/Orders/count - 200 null application/json; charset=utf-8 19.9867ms
2025-08-13 14:55:22.683 +05:30 [INF] Request starting HTTP/1.1 GET https://localhost:7165/api/Customers/count - null null
2025-08-13 14:55:22.684 +05:30 [INF] Executing endpoint 'AuthNet.Controllers.CustomersController.GetCustomerCount (AuthNet)'
2025-08-13 14:55:22.690 +05:30 [INF] Route matched with {action = "GetCustomerCount", controller = "Customers"}. Executing controller action with signature System.Threading.Tasks.Task`1[Microsoft.AspNetCore.Mvc.IActionResult] GetCustomerCount() on controller AuthNet.Controllers.CustomersController (AuthNet).
2025-08-13 14:55:22.711 +05:30 [INF] Executed DbCommand (14ms) [Parameters=[], CommandType='"Text"', CommandTimeout='30']
SELECT COUNT(*)
FROM [Customers] AS [c]
2025-08-13 14:55:22.712 +05:30 [INF] Executing OkObjectResult, writing value of type 'System.Int32'.
2025-08-13 14:55:22.712 +05:30 [INF] Executed action AuthNet.Controllers.CustomersController.GetCustomerCount (AuthNet) in 21.7403ms
2025-08-13 14:55:22.712 +05:30 [INF] Executed endpoint 'AuthNet.Controllers.CustomersController.GetCustomerCount (AuthNet)'
2025-08-13 14:55:22.713 +05:30 [INF] Request finished HTTP/1.1 GET https://localhost:7165/api/Customers/count - 200 null application/json; charset=utf-8 29.4101ms
2025-08-13 14:55:22.750 +05:30 [INF] Request starting HTTP/1.1 GET https://localhost:7165/api/Tasks - null null
2025-08-13 14:55:22.750 +05:30 [INF] Executing endpoint 'AuthNet.Controllers.TasksController.GetTasks (AuthNet)'
2025-08-13 14:55:22.752 +05:30 [INF] Route matched with {action = "GetTasks", controller = "Tasks"}. Executing controller action with signature Microsoft.AspNetCore.Mvc.IActionResult GetTasks() on controller AuthNet.Controllers.TasksController (AuthNet).
2025-08-13 14:55:22.879 +05:30 [INF] Executed DbCommand (88ms) [Parameters=[], CommandType='"Text"', CommandTimeout='30']
SELECT [t].[Id], [t].[Title], [t].[DueDate]
FROM [Tasks] AS [t]
2025-08-13 14:55:22.887 +05:30 [INF] Executing OkObjectResult, writing value of type 'System.Collections.Generic.List`1[[AuthNet.Models.DTO.TaskItemDto, AuthNet, Version=1.0.0.0, Culture=neutral, PublicKeyToken=null]]'.
2025-08-13 14:55:22.894 +05:30 [INF] Executed action AuthNet.Controllers.TasksController.GetTasks (AuthNet) in 142.1599ms
2025-08-13 14:55:22.894 +05:30 [INF] Executed endpoint 'AuthNet.Controllers.TasksController.GetTasks (AuthNet)'
2025-08-13 14:55:22.895 +05:30 [INF] Request finished HTTP/1.1 GET https://localhost:7165/api/Tasks - 200 null application/json; charset=utf-8 145.0762ms
2025-08-13 14:55:22.926 +05:30 [INF] Request starting HTTP/1.1 GET https://localhost:7165/api/Settings/Get - null null
2025-08-13 14:55:22.927 +05:30 [INF] Executing endpoint 'AuthNet.Controllers.SettingsController.GetCompanyInfo (AuthNet)'
2025-08-13 14:55:22.934 +05:30 [INF] Route matched with {action = "GetCompanyInfo", controller = "Settings"}. Executing controller action with signature System.Threading.Tasks.Task`1[Microsoft.AspNetCore.Mvc.IActionResult] GetCompanyInfo() on controller AuthNet.Controllers.SettingsController (AuthNet).
2025-08-13 14:55:22.948 +05:30 [WRN] The query uses the 'First'/'FirstOrDefault' operator without 'OrderBy' and filter operators. This may lead to unpredictable results.
2025-08-13 14:55:23.075 +05:30 [INF] Executed DbCommand (98ms) [Parameters=[], CommandType='"Text"', CommandTimeout='30']
SELECT TOP(1) [c].[Id], [c].[Address], [c].[AlternateContactNumber], [c].[ContactNumber], [c].[Email], [c].[GSTIN], [c].[IsGSTINActive], [c].[LogoFileExtension], [c].[LogoFilePath], [c].[LogoFileSizeInBytes], [c].[LogoName], [c].[Name], [c].[SignFileExtension], [c].[SignFilePath], [c].[SignFileSizeInBytes], [c].[SignName]
FROM [CompanyInfos] AS [c]
2025-08-13 14:55:23.134 +05:30 [INF] Executing OkObjectResult, writing value of type 'AuthNet.Models.DTO.CompanyInfoResponseDto'.
2025-08-13 14:55:23.137 +05:30 [INF] Executed action AuthNet.Controllers.SettingsController.GetCompanyInfo (AuthNet) in 202.6329ms
2025-08-13 14:55:23.137 +05:30 [INF] Executed endpoint 'AuthNet.Controllers.SettingsController.GetCompanyInfo (AuthNet)'
2025-08-13 14:55:23.138 +05:30 [INF] Request finished HTTP/1.1 GET https://localhost:7165/api/Settings/Get - 200 null application/json; charset=utf-8 211.3002ms
2025-08-13 14:55:26.504 +05:30 [INF] Request starting HTTP/2 GET https://localhost:7165/api/Sales/WeeklyProfit - null null
2025-08-13 14:55:26.505 +05:30 [INF] Request starting HTTP/2 GET https://localhost:7165/api/Products/CategoryWiseProductCount - null null
2025-08-13 14:55:26.507 +05:30 [INF] CORS policy execution successful.
2025-08-13 14:55:26.507 +05:30 [INF] CORS policy execution successful.
2025-08-13 14:55:26.509 +05:30 [INF] Executing endpoint 'AuthNet.Controllers.SalesController.GetWeeklyProfit (AuthNet)'
2025-08-13 14:55:26.509 +05:30 [INF] Executing endpoint 'AuthNet.Controllers.ProductsController.GetCategoryWiseProductCount (AuthNet)'
2025-08-13 14:55:26.521 +05:30 [INF] Route matched with {action = "GetCategoryWiseProductCount", controller = "Products"}. Executing controller action with signature System.Threading.Tasks.Task`1[Microsoft.AspNetCore.Mvc.IActionResult] GetCategoryWiseProductCount() on controller AuthNet.Controllers.ProductsController (AuthNet).
2025-08-13 14:55:26.524 +05:30 [INF] Route matched with {action = "GetWeeklyProfit", controller = "Sales"}. Executing controller action with signature System.Threading.Tasks.Task`1[Microsoft.AspNetCore.Mvc.IActionResult] GetWeeklyProfit() on controller AuthNet.Controllers.SalesController (AuthNet).
2025-08-13 14:55:26.722 +05:30 [INF] Executed DbCommand (168ms) [Parameters=[@__startDate_0='?' (DbType = DateTime2), @__endDate_1='?' (DbType = DateTime2)], CommandType='"Text"', CommandTimeout='30']
SELECT [s].[Id], [s].[ProductId], [s].[ProductName], [s].[Quantity], [s].[SaleId], [s].[TotalPrice], [s].[UnitPrice], [s0].[Id], [s0].[AfterTaxAmount], [s0].[CreatedAt], [s0].[DiscountedAmount], [s0].[InvoiceDate], [s0].[InvoiceNo], [s0].[PrincipalAmount], [s0].[Template], [s0].[TotalAmount]
FROM [SaleItems] AS [s]
INNER JOIN [Sales] AS [s0] ON [s].[SaleId] = [s0].[Id]
WHERE CONVERT(date, [s0].[InvoiceDate]) >= @__startDate_0 AND CONVERT(date, [s0].[InvoiceDate]) <= @__endDate_1
2025-08-13 14:55:26.738 +05:30 [INF] Executed DbCommand (14ms) [Parameters=[@__productIds_0='?' (Size = 4000)], CommandType='"Text"', CommandTimeout='30']
SELECT [p].[ProductId], [p].[CategoryId], [p].[CostPrice], [p].[Description], [p].[Name], [p].[ProductCode], [p].[ProductKey], [p].[SellPrice], [p].[SupplierId]
FROM [Products] AS [p]
WHERE [p].[ProductId] IN (
    SELECT [p0].[value]
    FROM OPENJSON(@__productIds_0) WITH ([value] int '$') AS [p0]
)
2025-08-13 14:55:26.755 +05:30 [INF] Executing OkObjectResult, writing value of type 'System.Collections.Generic.List`1[[AuthNet.Models.DTO.DailyProfitDto, AuthNet, Version=1.0.0.0, Culture=neutral, PublicKeyToken=null]]'.
2025-08-13 14:55:26.757 +05:30 [INF] Executed action AuthNet.Controllers.SalesController.GetWeeklyProfit (AuthNet) in 232.9154ms
2025-08-13 14:55:26.757 +05:30 [INF] Executed endpoint 'AuthNet.Controllers.SalesController.GetWeeklyProfit (AuthNet)'
2025-08-13 14:55:26.758 +05:30 [INF] Request finished HTTP/2 GET https://localhost:7165/api/Sales/WeeklyProfit - 200 null application/json; charset=utf-8 254.1129ms
2025-08-13 14:55:27.003 +05:30 [INF] Executed DbCommand (265ms) [Parameters=[], CommandType='"Text"', CommandTimeout='30']
SELECT [c].[Name] AS [CategoryName], COUNT(*) AS [ProductCount]
FROM [Products] AS [p]
LEFT JOIN [Categories] AS [c] ON [p].[CategoryId] = [c].[CategoryId]
WHERE [c].[CategoryId] IS NOT NULL
GROUP BY [c].[Name]
2025-08-13 14:55:27.005 +05:30 [INF] Executing OkObjectResult, writing value of type 'System.Collections.Generic.List`1[[AuthNet.Models.DTO.CategoryProductCountDto, AuthNet, Version=1.0.0.0, Culture=neutral, PublicKeyToken=null]]'.
2025-08-13 14:55:27.007 +05:30 [INF] Executed action AuthNet.Controllers.ProductsController.GetCategoryWiseProductCount (AuthNet) in 486.5689ms
2025-08-13 14:55:27.007 +05:30 [INF] Executed endpoint 'AuthNet.Controllers.ProductsController.GetCategoryWiseProductCount (AuthNet)'
2025-08-13 14:55:27.008 +05:30 [INF] Request finished HTTP/2 GET https://localhost:7165/api/Products/CategoryWiseProductCount - 200 null application/json; charset=utf-8 502.4721ms
2025-08-13 14:55:37.994 +05:30 [INF] Request starting HTTP/1.1 POST https://localhost:7165/api/Auth/login - application/json; charset=utf-8 null
2025-08-13 14:55:37.996 +05:30 [INF] Executing endpoint 'AuthNet.Controllers.AuthController.Login (AuthNet)'
2025-08-13 14:55:38.017 +05:30 [INF] Route matched with {action = "Login", controller = "Auth"}. Executing controller action with signature System.Threading.Tasks.Task`1[Microsoft.AspNetCore.Mvc.IActionResult] Login(AuthNet.Models.DTO.LoginDto) on controller AuthNet.Controllers.AuthController (AuthNet).
2025-08-13 14:55:38.111 +05:30 [INF] Executed DbCommand (8ms) [Parameters=[@__username_0='?' (Size = 100)], CommandType='"Text"', CommandTimeout='30']
SELECT TOP(1) [u].[UserId], [u].[CreatedAt], [u].[Email], [u].[Firstname], [u].[Lastname], [u].[PasswordHash], [u].[Role], [u].[Username]
FROM [Users] AS [u]
WHERE [u].[Username] = @__username_0
2025-08-13 14:55:39.203 +05:30 [INF] Executing OkObjectResult, writing value of type 'AuthNet.Models.DTO.ServiceResponse`1[[AuthNet.Models.DTO.LoginResponseDto, AuthNet, Version=1.0.0.0, Culture=neutral, PublicKeyToken=null]]'.
2025-08-13 14:55:39.208 +05:30 [INF] Executed action AuthNet.Controllers.AuthController.Login (AuthNet) in 1190.5434ms
2025-08-13 14:55:39.208 +05:30 [INF] Executed endpoint 'AuthNet.Controllers.AuthController.Login (AuthNet)'
2025-08-13 14:55:39.208 +05:30 [INF] Request finished HTTP/1.1 POST https://localhost:7165/api/Auth/login - 200 null application/json; charset=utf-8 1214.5371ms
2025-08-13 14:55:39.253 +05:30 [INF] Request starting HTTP/1.1 GET https://localhost:7165/api/Sales/DailyProfit - null null
2025-08-13 14:55:39.254 +05:30 [INF] Executing endpoint 'AuthNet.Controllers.SalesController.GetDailyProfit (AuthNet)'
2025-08-13 14:55:39.254 +05:30 [INF] Route matched with {action = "GetDailyProfit", controller = "Sales"}. Executing controller action with signature System.Threading.Tasks.Task`1[Microsoft.AspNetCore.Mvc.IActionResult] GetDailyProfit() on controller AuthNet.Controllers.SalesController (AuthNet).
2025-08-13 14:55:39.268 +05:30 [INF] Executed DbCommand (10ms) [Parameters=[@__date_Date_0='?' (DbType = DateTime2)], CommandType='"Text"', CommandTimeout='30']
SELECT [s].[Id], [s].[ProductId], [s].[ProductName], [s].[Quantity], [s].[SaleId], [s].[TotalPrice], [s].[UnitPrice], [s0].[Id], [s0].[AfterTaxAmount], [s0].[CreatedAt], [s0].[DiscountedAmount], [s0].[InvoiceDate], [s0].[InvoiceNo], [s0].[PrincipalAmount], [s0].[Template], [s0].[TotalAmount]
FROM [SaleItems] AS [s]
INNER JOIN [Sales] AS [s0] ON [s].[SaleId] = [s0].[Id]
WHERE CONVERT(date, [s0].[InvoiceDate]) = @__date_Date_0
2025-08-13 14:55:39.278 +05:30 [INF] Executed DbCommand (8ms) [Parameters=[@__productIds_0='?' (Size = 4000)], CommandType='"Text"', CommandTimeout='30']
SELECT [p].[ProductId], [p].[CategoryId], [p].[CostPrice], [p].[Description], [p].[Name], [p].[ProductCode], [p].[ProductKey], [p].[SellPrice], [p].[SupplierId]
FROM [Products] AS [p]
WHERE [p].[ProductId] IN (
    SELECT [p0].[value]
    FROM OPENJSON(@__productIds_0) WITH ([value] int '$') AS [p0]
)
2025-08-13 14:55:39.278 +05:30 [INF] Executing OkObjectResult, writing value of type 'AuthNet.Models.DTO.DailyProfitDto'.
2025-08-13 14:55:39.279 +05:30 [INF] Executed action AuthNet.Controllers.SalesController.GetDailyProfit (AuthNet) in 23.9998ms
2025-08-13 14:55:39.279 +05:30 [INF] Executed endpoint 'AuthNet.Controllers.SalesController.GetDailyProfit (AuthNet)'
2025-08-13 14:55:39.280 +05:30 [INF] Request finished HTTP/1.1 GET https://localhost:7165/api/Sales/DailyProfit - 200 null application/json; charset=utf-8 26.3189ms
2025-08-13 14:55:39.295 +05:30 [INF] Request starting HTTP/1.1 GET https://localhost:7165/api/Sales/CurrentMonthProfit - null null
2025-08-13 14:55:39.296 +05:30 [INF] Executing endpoint 'AuthNet.Controllers.SalesController.GetCurrentMonthProfit (AuthNet)'
2025-08-13 14:55:39.296 +05:30 [INF] Route matched with {action = "GetCurrentMonthProfit", controller = "Sales"}. Executing controller action with signature System.Threading.Tasks.Task`1[Microsoft.AspNetCore.Mvc.IActionResult] GetCurrentMonthProfit() on controller AuthNet.Controllers.SalesController (AuthNet).
2025-08-13 14:55:39.307 +05:30 [INF] Executed DbCommand (8ms) [Parameters=[@__currentYear_0='?' (DbType = Int32), @__currentMonth_1='?' (DbType = Int32)], CommandType='"Text"', CommandTimeout='30']
SELECT [s].[Id], [s].[ProductId], [s].[ProductName], [s].[Quantity], [s].[SaleId], [s].[TotalPrice], [s].[UnitPrice], [s0].[Id], [s0].[AfterTaxAmount], [s0].[CreatedAt], [s0].[DiscountedAmount], [s0].[InvoiceDate], [s0].[InvoiceNo], [s0].[PrincipalAmount], [s0].[Template], [s0].[TotalAmount]
FROM [SaleItems] AS [s]
INNER JOIN [Sales] AS [s0] ON [s].[SaleId] = [s0].[Id]
WHERE DATEPART(year, [s0].[InvoiceDate]) = @__currentYear_0 AND DATEPART(month, [s0].[InvoiceDate]) = @__currentMonth_1
2025-08-13 14:55:39.318 +05:30 [INF] Executed DbCommand (9ms) [Parameters=[@__productIds_0='?' (Size = 4000)], CommandType='"Text"', CommandTimeout='30']
SELECT [p].[ProductId], [p].[CategoryId], [p].[CostPrice], [p].[Description], [p].[Name], [p].[ProductCode], [p].[ProductKey], [p].[SellPrice], [p].[SupplierId]
FROM [Products] AS [p]
WHERE [p].[ProductId] IN (
    SELECT [p0].[value]
    FROM OPENJSON(@__productIds_0) WITH ([value] int '$') AS [p0]
)
2025-08-13 14:55:39.319 +05:30 [INF] Executing OkObjectResult, writing value of type 'AuthNet.Models.DTO.MonthlyProfitDto'.
2025-08-13 14:55:39.319 +05:30 [INF] Executed action AuthNet.Controllers.SalesController.GetCurrentMonthProfit (AuthNet) in 23.1355ms
2025-08-13 14:55:39.319 +05:30 [INF] Executed endpoint 'AuthNet.Controllers.SalesController.GetCurrentMonthProfit (AuthNet)'
2025-08-13 14:55:39.320 +05:30 [INF] Request finished HTTP/1.1 GET https://localhost:7165/api/Sales/CurrentMonthProfit - 200 null application/json; charset=utf-8 25.5913ms
2025-08-13 14:55:39.342 +05:30 [INF] Request starting HTTP/1.1 GET https://localhost:7165/api/Sales/CurrentYearProfit - null null
2025-08-13 14:55:39.342 +05:30 [INF] Executing endpoint 'AuthNet.Controllers.SalesController.GetCurrentYearProfit (AuthNet)'
2025-08-13 14:55:39.343 +05:30 [INF] Route matched with {action = "GetCurrentYearProfit", controller = "Sales"}. Executing controller action with signature System.Threading.Tasks.Task`1[Microsoft.AspNetCore.Mvc.IActionResult] GetCurrentYearProfit() on controller AuthNet.Controllers.SalesController (AuthNet).
2025-08-13 14:55:39.350 +05:30 [INF] Executed DbCommand (6ms) [Parameters=[@__currentYear_0='?' (DbType = Int32)], CommandType='"Text"', CommandTimeout='30']
SELECT [s].[Id], [s].[ProductId], [s].[ProductName], [s].[Quantity], [s].[SaleId], [s].[TotalPrice], [s].[UnitPrice], [s0].[Id], [s0].[AfterTaxAmount], [s0].[CreatedAt], [s0].[DiscountedAmount], [s0].[InvoiceDate], [s0].[InvoiceNo], [s0].[PrincipalAmount], [s0].[Template], [s0].[TotalAmount]
FROM [SaleItems] AS [s]
INNER JOIN [Sales] AS [s0] ON [s].[SaleId] = [s0].[Id]
WHERE DATEPART(year, [s0].[InvoiceDate]) = @__currentYear_0
2025-08-13 14:55:39.355 +05:30 [INF] Executed DbCommand (1ms) [Parameters=[@__productIds_0='?' (Size = 4000)], CommandType='"Text"', CommandTimeout='30']
SELECT [p].[ProductId], [p].[CategoryId], [p].[CostPrice], [p].[Description], [p].[Name], [p].[ProductCode], [p].[ProductKey], [p].[SellPrice], [p].[SupplierId]
FROM [Products] AS [p]
WHERE [p].[ProductId] IN (
    SELECT [p0].[value]
    FROM OPENJSON(@__productIds_0) WITH ([value] int '$') AS [p0]
)
2025-08-13 14:55:39.356 +05:30 [INF] Executing OkObjectResult, writing value of type 'AuthNet.Models.DTO.YearlyProfitDto'.
2025-08-13 14:55:39.356 +05:30 [INF] Executed action AuthNet.Controllers.SalesController.GetCurrentYearProfit (AuthNet) in 13.5094ms
2025-08-13 14:55:39.356 +05:30 [INF] Executed endpoint 'AuthNet.Controllers.SalesController.GetCurrentYearProfit (AuthNet)'
2025-08-13 14:55:39.357 +05:30 [INF] Request finished HTTP/1.1 GET https://localhost:7165/api/Sales/CurrentYearProfit - 200 null application/json; charset=utf-8 14.9894ms
2025-08-13 14:55:39.374 +05:30 [INF] Request starting HTTP/1.1 GET https://localhost:7165/api/Products/count - null null
2025-08-13 14:55:39.375 +05:30 [INF] Executing endpoint 'AuthNet.Controllers.ProductsController.GetProductCount (AuthNet)'
2025-08-13 14:55:39.375 +05:30 [INF] Route matched with {action = "GetProductCount", controller = "Products"}. Executing controller action with signature System.Threading.Tasks.Task`1[Microsoft.AspNetCore.Mvc.IActionResult] GetProductCount() on controller AuthNet.Controllers.ProductsController (AuthNet).
2025-08-13 14:55:39.399 +05:30 [INF] Executed DbCommand (20ms) [Parameters=[], CommandType='"Text"', CommandTimeout='30']
SELECT COUNT(*)
FROM [Products] AS [p]
2025-08-13 14:55:39.400 +05:30 [INF] Executing OkObjectResult, writing value of type 'System.Int32'.
2025-08-13 14:55:39.400 +05:30 [INF] Executed action AuthNet.Controllers.ProductsController.GetProductCount (AuthNet) in 25.2534ms
2025-08-13 14:55:39.401 +05:30 [INF] Executed endpoint 'AuthNet.Controllers.ProductsController.GetProductCount (AuthNet)'
2025-08-13 14:55:39.401 +05:30 [INF] Request finished HTTP/1.1 GET https://localhost:7165/api/Products/count - 200 null application/json; charset=utf-8 27.0772ms
2025-08-13 14:55:39.419 +05:30 [INF] Request starting HTTP/1.1 GET https://localhost:7165/api/Suppliers/count - null null
2025-08-13 14:55:39.420 +05:30 [INF] Executing endpoint 'AuthNet.Controllers.SuppliersController.GetSupplierCount (AuthNet)'
2025-08-13 14:55:39.420 +05:30 [INF] Route matched with {action = "GetSupplierCount", controller = "Suppliers"}. Executing controller action with signature System.Threading.Tasks.Task`1[Microsoft.AspNetCore.Mvc.IActionResult] GetSupplierCount() on controller AuthNet.Controllers.SuppliersController (AuthNet).
2025-08-13 14:55:39.440 +05:30 [INF] Executed DbCommand (18ms) [Parameters=[], CommandType='"Text"', CommandTimeout='30']
SELECT COUNT(*)
FROM [Suppliers] AS [s]
2025-08-13 14:55:39.441 +05:30 [INF] Executing OkObjectResult, writing value of type 'System.Int32'.
2025-08-13 14:55:39.441 +05:30 [INF] Executed action AuthNet.Controllers.SuppliersController.GetSupplierCount (AuthNet) in 20.8765ms
2025-08-13 14:55:39.441 +05:30 [INF] Executed endpoint 'AuthNet.Controllers.SuppliersController.GetSupplierCount (AuthNet)'
2025-08-13 14:55:39.441 +05:30 [INF] Request finished HTTP/1.1 GET https://localhost:7165/api/Suppliers/count - 200 null application/json; charset=utf-8 22.4366ms
2025-08-13 14:55:39.486 +05:30 [INF] Request starting HTTP/1.1 GET https://localhost:7165/api/Categories/count - null null
2025-08-13 14:55:39.487 +05:30 [INF] Executing endpoint 'AuthNet.Controllers.CategoriesController.GetCategoryCount (AuthNet)'
2025-08-13 14:55:39.487 +05:30 [INF] Route matched with {action = "GetCategoryCount", controller = "Categories"}. Executing controller action with signature System.Threading.Tasks.Task`1[Microsoft.AspNetCore.Mvc.IActionResult] GetCategoryCount() on controller AuthNet.Controllers.CategoriesController (AuthNet).
2025-08-13 14:55:39.512 +05:30 [INF] Executed DbCommand (23ms) [Parameters=[], CommandType='"Text"', CommandTimeout='30']
SELECT COUNT(*)
FROM [Categories] AS [c]
2025-08-13 14:55:39.517 +05:30 [INF] Executing OkObjectResult, writing value of type 'System.Int32'.
2025-08-13 14:55:39.518 +05:30 [INF] Executed action AuthNet.Controllers.CategoriesController.GetCategoryCount (AuthNet) in 30.661ms
2025-08-13 14:55:39.518 +05:30 [INF] Executed endpoint 'AuthNet.Controllers.CategoriesController.GetCategoryCount (AuthNet)'
2025-08-13 14:55:39.518 +05:30 [INF] Request finished HTTP/1.1 GET https://localhost:7165/api/Categories/count - 200 null application/json; charset=utf-8 32.0933ms
2025-08-13 14:55:39.549 +05:30 [INF] Request starting HTTP/1.1 GET https://localhost:7165/api/Orders/count - null null
2025-08-13 14:55:39.550 +05:30 [INF] Executing endpoint 'AuthNet.Controllers.OrdersController.GetOrderCount (AuthNet)'
2025-08-13 14:55:39.550 +05:30 [INF] Route matched with {action = "GetOrderCount", controller = "Orders"}. Executing controller action with signature System.Threading.Tasks.Task`1[Microsoft.AspNetCore.Mvc.IActionResult] GetOrderCount() on controller AuthNet.Controllers.OrdersController (AuthNet).
2025-08-13 14:55:39.557 +05:30 [INF] Executed DbCommand (5ms) [Parameters=[], CommandType='"Text"', CommandTimeout='30']
SELECT COUNT(*)
FROM [Orders] AS [o]
2025-08-13 14:55:39.558 +05:30 [INF] Executing OkObjectResult, writing value of type 'System.Int32'.
2025-08-13 14:55:39.558 +05:30 [INF] Executed action AuthNet.Controllers.OrdersController.GetOrderCount (AuthNet) in 7.6053ms
2025-08-13 14:55:39.558 +05:30 [INF] Executed endpoint 'AuthNet.Controllers.OrdersController.GetOrderCount (AuthNet)'
2025-08-13 14:55:39.559 +05:30 [INF] Request finished HTTP/1.1 GET https://localhost:7165/api/Orders/count - 200 null application/json; charset=utf-8 9.4421ms
2025-08-13 14:55:39.574 +05:30 [INF] Request starting HTTP/1.1 GET https://localhost:7165/api/Customers/count - null null
2025-08-13 14:55:39.575 +05:30 [INF] Executing endpoint 'AuthNet.Controllers.CustomersController.GetCustomerCount (AuthNet)'
2025-08-13 14:55:39.575 +05:30 [INF] Route matched with {action = "GetCustomerCount", controller = "Customers"}. Executing controller action with signature System.Threading.Tasks.Task`1[Microsoft.AspNetCore.Mvc.IActionResult] GetCustomerCount() on controller AuthNet.Controllers.CustomersController (AuthNet).
2025-08-13 14:55:39.600 +05:30 [INF] Executed DbCommand (19ms) [Parameters=[], CommandType='"Text"', CommandTimeout='30']
SELECT COUNT(*)
FROM [Customers] AS [c]
2025-08-13 14:55:39.601 +05:30 [INF] Executing OkObjectResult, writing value of type 'System.Int32'.
2025-08-13 14:55:39.601 +05:30 [INF] Executed action AuthNet.Controllers.CustomersController.GetCustomerCount (AuthNet) in 26.3994ms
2025-08-13 14:55:39.601 +05:30 [INF] Executed endpoint 'AuthNet.Controllers.CustomersController.GetCustomerCount (AuthNet)'
2025-08-13 14:55:39.602 +05:30 [INF] Request finished HTTP/1.1 GET https://localhost:7165/api/Customers/count - 200 null application/json; charset=utf-8 27.925ms
2025-08-13 14:55:39.630 +05:30 [INF] Request starting HTTP/1.1 GET https://localhost:7165/api/Tasks - null null
2025-08-13 14:55:39.631 +05:30 [INF] Executing endpoint 'AuthNet.Controllers.TasksController.GetTasks (AuthNet)'
2025-08-13 14:55:39.631 +05:30 [INF] Route matched with {action = "GetTasks", controller = "Tasks"}. Executing controller action with signature Microsoft.AspNetCore.Mvc.IActionResult GetTasks() on controller AuthNet.Controllers.TasksController (AuthNet).
2025-08-13 14:55:39.638 +05:30 [INF] Executed DbCommand (2ms) [Parameters=[], CommandType='"Text"', CommandTimeout='30']
SELECT [t].[Id], [t].[Title], [t].[DueDate]
FROM [Tasks] AS [t]
2025-08-13 14:55:39.638 +05:30 [INF] Executing OkObjectResult, writing value of type 'System.Collections.Generic.List`1[[AuthNet.Models.DTO.TaskItemDto, AuthNet, Version=1.0.0.0, Culture=neutral, PublicKeyToken=null]]'.
2025-08-13 14:55:39.639 +05:30 [INF] Executed action AuthNet.Controllers.TasksController.GetTasks (AuthNet) in 7.1898ms
2025-08-13 14:55:39.639 +05:30 [INF] Executed endpoint 'AuthNet.Controllers.TasksController.GetTasks (AuthNet)'
2025-08-13 14:55:39.639 +05:30 [INF] Request finished HTTP/1.1 GET https://localhost:7165/api/Tasks - 200 null application/json; charset=utf-8 9.0467ms
2025-08-13 14:55:39.659 +05:30 [INF] Request starting HTTP/1.1 GET https://localhost:7165/api/Settings/Get - null null
2025-08-13 14:55:39.661 +05:30 [INF] Executing endpoint 'AuthNet.Controllers.SettingsController.GetCompanyInfo (AuthNet)'
2025-08-13 14:55:39.661 +05:30 [INF] Route matched with {action = "GetCompanyInfo", controller = "Settings"}. Executing controller action with signature System.Threading.Tasks.Task`1[Microsoft.AspNetCore.Mvc.IActionResult] GetCompanyInfo() on controller AuthNet.Controllers.SettingsController (AuthNet).
2025-08-13 14:55:39.691 +05:30 [INF] Executed DbCommand (28ms) [Parameters=[], CommandType='"Text"', CommandTimeout='30']
SELECT TOP(1) [c].[Id], [c].[Address], [c].[AlternateContactNumber], [c].[ContactNumber], [c].[Email], [c].[GSTIN], [c].[IsGSTINActive], [c].[LogoFileExtension], [c].[LogoFilePath], [c].[LogoFileSizeInBytes], [c].[LogoName], [c].[Name], [c].[SignFileExtension], [c].[SignFilePath], [c].[SignFileSizeInBytes], [c].[SignName]
FROM [CompanyInfos] AS [c]
2025-08-13 14:55:39.692 +05:30 [INF] Executing OkObjectResult, writing value of type 'AuthNet.Models.DTO.CompanyInfoResponseDto'.
2025-08-13 14:55:39.692 +05:30 [INF] Executed action AuthNet.Controllers.SettingsController.GetCompanyInfo (AuthNet) in 30.6473ms
2025-08-13 14:55:39.692 +05:30 [INF] Executed endpoint 'AuthNet.Controllers.SettingsController.GetCompanyInfo (AuthNet)'
2025-08-13 14:55:39.692 +05:30 [INF] Request finished HTTP/1.1 GET https://localhost:7165/api/Settings/Get - 200 null application/json; charset=utf-8 33.7438ms
2025-08-13 14:55:40.496 +05:30 [INF] Request starting HTTP/2 GET https://localhost:7165/api/Sales/WeeklyProfit - null null
2025-08-13 14:55:40.497 +05:30 [INF] CORS policy execution successful.
2025-08-13 14:55:40.498 +05:30 [INF] Executing endpoint 'AuthNet.Controllers.SalesController.GetWeeklyProfit (AuthNet)'
2025-08-13 14:55:40.499 +05:30 [INF] Route matched with {action = "GetWeeklyProfit", controller = "Sales"}. Executing controller action with signature System.Threading.Tasks.Task`1[Microsoft.AspNetCore.Mvc.IActionResult] GetWeeklyProfit() on controller AuthNet.Controllers.SalesController (AuthNet).
2025-08-13 14:55:40.542 +05:30 [INF] Request starting HTTP/2 GET https://localhost:7165/api/Products/CategoryWiseProductCount - null null
2025-08-13 14:55:40.542 +05:30 [INF] CORS policy execution successful.
2025-08-13 14:55:40.542 +05:30 [INF] Executing endpoint 'AuthNet.Controllers.ProductsController.GetCategoryWiseProductCount (AuthNet)'
2025-08-13 14:55:40.543 +05:30 [INF] Route matched with {action = "GetCategoryWiseProductCount", controller = "Products"}. Executing controller action with signature System.Threading.Tasks.Task`1[Microsoft.AspNetCore.Mvc.IActionResult] GetCategoryWiseProductCount() on controller AuthNet.Controllers.ProductsController (AuthNet).
2025-08-13 14:55:40.543 +05:30 [INF] Executed DbCommand (42ms) [Parameters=[@__startDate_0='?' (DbType = DateTime2), @__endDate_1='?' (DbType = DateTime2)], CommandType='"Text"', CommandTimeout='30']
SELECT [s].[Id], [s].[ProductId], [s].[ProductName], [s].[Quantity], [s].[SaleId], [s].[TotalPrice], [s].[UnitPrice], [s0].[Id], [s0].[AfterTaxAmount], [s0].[CreatedAt], [s0].[DiscountedAmount], [s0].[InvoiceDate], [s0].[InvoiceNo], [s0].[PrincipalAmount], [s0].[Template], [s0].[TotalAmount]
FROM [SaleItems] AS [s]
INNER JOIN [Sales] AS [s0] ON [s].[SaleId] = [s0].[Id]
WHERE CONVERT(date, [s0].[InvoiceDate]) >= @__startDate_0 AND CONVERT(date, [s0].[InvoiceDate]) <= @__endDate_1
2025-08-13 14:55:40.602 +05:30 [INF] Executed DbCommand (57ms) [Parameters=[@__productIds_0='?' (Size = 4000)], CommandType='"Text"', CommandTimeout='30']
SELECT [p].[ProductId], [p].[CategoryId], [p].[CostPrice], [p].[Description], [p].[Name], [p].[ProductCode], [p].[ProductKey], [p].[SellPrice], [p].[SupplierId]
FROM [Products] AS [p]
WHERE [p].[ProductId] IN (
    SELECT [p0].[value]
    FROM OPENJSON(@__productIds_0) WITH ([value] int '$') AS [p0]
)
2025-08-13 14:55:40.603 +05:30 [INF] Executing OkObjectResult, writing value of type 'System.Collections.Generic.List`1[[AuthNet.Models.DTO.DailyProfitDto, AuthNet, Version=1.0.0.0, Culture=neutral, PublicKeyToken=null]]'.
2025-08-13 14:55:40.603 +05:30 [INF] Executed action AuthNet.Controllers.SalesController.GetWeeklyProfit (AuthNet) in 104.2173ms
2025-08-13 14:55:40.603 +05:30 [INF] Executed endpoint 'AuthNet.Controllers.SalesController.GetWeeklyProfit (AuthNet)'
2025-08-13 14:55:40.604 +05:30 [INF] Request finished HTTP/2 GET https://localhost:7165/api/Sales/WeeklyProfit - 200 null application/json; charset=utf-8 107.2929ms
2025-08-13 14:55:40.637 +05:30 [INF] Executed DbCommand (74ms) [Parameters=[], CommandType='"Text"', CommandTimeout='30']
SELECT [c].[Name] AS [CategoryName], COUNT(*) AS [ProductCount]
FROM [Products] AS [p]
LEFT JOIN [Categories] AS [c] ON [p].[CategoryId] = [c].[CategoryId]
WHERE [c].[CategoryId] IS NOT NULL
GROUP BY [c].[Name]
2025-08-13 14:55:40.638 +05:30 [INF] Executing OkObjectResult, writing value of type 'System.Collections.Generic.List`1[[AuthNet.Models.DTO.CategoryProductCountDto, AuthNet, Version=1.0.0.0, Culture=neutral, PublicKeyToken=null]]'.
2025-08-13 14:55:40.638 +05:30 [INF] Executed action AuthNet.Controllers.ProductsController.GetCategoryWiseProductCount (AuthNet) in 95.5084ms
2025-08-13 14:55:40.638 +05:30 [INF] Executed endpoint 'AuthNet.Controllers.ProductsController.GetCategoryWiseProductCount (AuthNet)'
2025-08-13 14:55:40.639 +05:30 [INF] Request finished HTTP/2 GET https://localhost:7165/api/Products/CategoryWiseProductCount - 200 null application/json; charset=utf-8 97.0055ms
2025-08-13 14:55:46.510 +05:30 [INF] Request starting HTTP/1.1 GET https://localhost:7165/api/Settings/Get - null null
2025-08-13 14:55:46.511 +05:30 [INF] Executing endpoint 'AuthNet.Controllers.SettingsController.GetCompanyInfo (AuthNet)'
2025-08-13 14:55:46.511 +05:30 [INF] Route matched with {action = "GetCompanyInfo", controller = "Settings"}. Executing controller action with signature System.Threading.Tasks.Task`1[Microsoft.AspNetCore.Mvc.IActionResult] GetCompanyInfo() on controller AuthNet.Controllers.SettingsController (AuthNet).
2025-08-13 14:55:46.550 +05:30 [INF] Executed DbCommand (33ms) [Parameters=[], CommandType='"Text"', CommandTimeout='30']
SELECT TOP(1) [c].[Id], [c].[Address], [c].[AlternateContactNumber], [c].[ContactNumber], [c].[Email], [c].[GSTIN], [c].[IsGSTINActive], [c].[LogoFileExtension], [c].[LogoFilePath], [c].[LogoFileSizeInBytes], [c].[LogoName], [c].[Name], [c].[SignFileExtension], [c].[SignFilePath], [c].[SignFileSizeInBytes], [c].[SignName]
FROM [CompanyInfos] AS [c]
2025-08-13 14:55:46.551 +05:30 [INF] Executing OkObjectResult, writing value of type 'AuthNet.Models.DTO.CompanyInfoResponseDto'.
2025-08-13 14:55:46.551 +05:30 [INF] Executed action AuthNet.Controllers.SettingsController.GetCompanyInfo (AuthNet) in 40.0083ms
2025-08-13 14:55:46.551 +05:30 [INF] Executed endpoint 'AuthNet.Controllers.SettingsController.GetCompanyInfo (AuthNet)'
2025-08-13 14:55:46.552 +05:30 [INF] Request finished HTTP/1.1 GET https://localhost:7165/api/Settings/Get - 200 null application/json; charset=utf-8 42.3004ms
2025-08-13 14:55:54.026 +05:30 [INF] Request starting HTTP/1.1 GET https://localhost:7165/api/Settings/Get - null null
2025-08-13 14:55:54.027 +05:30 [INF] Executing endpoint 'AuthNet.Controllers.SettingsController.GetCompanyInfo (AuthNet)'
2025-08-13 14:55:54.027 +05:30 [INF] Route matched with {action = "GetCompanyInfo", controller = "Settings"}. Executing controller action with signature System.Threading.Tasks.Task`1[Microsoft.AspNetCore.Mvc.IActionResult] GetCompanyInfo() on controller AuthNet.Controllers.SettingsController (AuthNet).
2025-08-13 14:55:54.037 +05:30 [INF] Executed DbCommand (9ms) [Parameters=[], CommandType='"Text"', CommandTimeout='30']
SELECT TOP(1) [c].[Id], [c].[Address], [c].[AlternateContactNumber], [c].[ContactNumber], [c].[Email], [c].[GSTIN], [c].[IsGSTINActive], [c].[LogoFileExtension], [c].[LogoFilePath], [c].[LogoFileSizeInBytes], [c].[LogoName], [c].[Name], [c].[SignFileExtension], [c].[SignFilePath], [c].[SignFileSizeInBytes], [c].[SignName]
FROM [CompanyInfos] AS [c]
2025-08-13 14:55:54.037 +05:30 [INF] Executing OkObjectResult, writing value of type 'AuthNet.Models.DTO.CompanyInfoResponseDto'.
2025-08-13 14:55:54.038 +05:30 [INF] Executed action AuthNet.Controllers.SettingsController.GetCompanyInfo (AuthNet) in 10.9279ms
2025-08-13 14:55:54.038 +05:30 [INF] Executed endpoint 'AuthNet.Controllers.SettingsController.GetCompanyInfo (AuthNet)'
2025-08-13 14:55:54.038 +05:30 [INF] Request finished HTTP/1.1 GET https://localhost:7165/api/Settings/Get - 200 null application/json; charset=utf-8 12.0336ms
2025-08-13 14:56:01.594 +05:30 [INF] Request starting HTTP/1.1 PUT https://localhost:7165/api/Settings/Update - multipart/form-data; boundary="5c37b11a-1956-485d-b2b6-88f30b3c4616" 1183
2025-08-13 14:56:01.594 +05:30 [INF] Executing endpoint 'AuthNet.Controllers.SettingsController.Update (AuthNet)'
2025-08-13 14:56:01.609 +05:30 [INF] Route matched with {action = "Update", controller = "Settings"}. Executing controller action with signature System.Threading.Tasks.Task`1[Microsoft.AspNetCore.Mvc.IActionResult] Update(AuthNet.Models.DTO.CompanyInfoDto) on controller AuthNet.Controllers.SettingsController (AuthNet).
2025-08-13 14:56:01.693 +05:30 [INF] Executed DbCommand (6ms) [Parameters=[], CommandType='"Text"', CommandTimeout='30']
SELECT TOP(1) [c].[Id], [c].[Address], [c].[AlternateContactNumber], [c].[ContactNumber], [c].[Email], [c].[GSTIN], [c].[IsGSTINActive], [c].[LogoFileExtension], [c].[LogoFilePath], [c].[LogoFileSizeInBytes], [c].[LogoName], [c].[Name], [c].[SignFileExtension], [c].[SignFilePath], [c].[SignFileSizeInBytes], [c].[SignName]
FROM [CompanyInfos] AS [c]
2025-08-13 14:56:02.403 +05:30 [INF] Executed DbCommand (179ms) [Parameters=[@p0='?' (Size = 4000), @p1='?' (Size = 4000), @p2='?' (DbType = DateTime2), @p3='?' (Size = 4000), @p4='?' (Size = 4000), @p5='?' (Size = 4000), @p6='?' (Size = 4000), @p8='?' (DbType = Int32), @p7='?' (DbType = Boolean)], CommandType='"Text"', CommandTimeout='30']
SET NOCOUNT ON;
INSERT INTO [CompanyInfoHistories] ([Address], [AlternateContactNumber], [ArchivedAt], [ContactNumber], [Email], [GSTIN], [Name])
OUTPUT INSERTED.[Id]
VALUES (@p0, @p1, @p2, @p3, @p4, @p5, @p6);
UPDATE [CompanyInfos] SET [IsGSTINActive] = @p7
OUTPUT 1
WHERE [Id] = @p8;
2025-08-13 14:56:02.473 +05:30 [INF] Executing OkObjectResult, writing value of type 'AuthNet.Models.DTO.OperationResponse'.
2025-08-13 14:56:02.475 +05:30 [INF] Executed action AuthNet.Controllers.SettingsController.Update (AuthNet) in 865.7799ms
2025-08-13 14:56:02.475 +05:30 [INF] Executed endpoint 'AuthNet.Controllers.SettingsController.Update (AuthNet)'
2025-08-13 14:56:02.475 +05:30 [INF] Request finished HTTP/1.1 PUT https://localhost:7165/api/Settings/Update - 200 null application/json; charset=utf-8 881.5194ms
2025-08-13 14:56:04.843 +05:30 [INF] Request starting HTTP/1.1 GET https://localhost:7165/api/Settings/Get - null null
2025-08-13 14:56:04.843 +05:30 [INF] Executing endpoint 'AuthNet.Controllers.SettingsController.GetCompanyInfo (AuthNet)'
2025-08-13 14:56:04.843 +05:30 [INF] Route matched with {action = "GetCompanyInfo", controller = "Settings"}. Executing controller action with signature System.Threading.Tasks.Task`1[Microsoft.AspNetCore.Mvc.IActionResult] GetCompanyInfo() on controller AuthNet.Controllers.SettingsController (AuthNet).
2025-08-13 14:56:04.870 +05:30 [INF] Executed DbCommand (26ms) [Parameters=[], CommandType='"Text"', CommandTimeout='30']
SELECT TOP(1) [c].[Id], [c].[Address], [c].[AlternateContactNumber], [c].[ContactNumber], [c].[Email], [c].[GSTIN], [c].[IsGSTINActive], [c].[LogoFileExtension], [c].[LogoFilePath], [c].[LogoFileSizeInBytes], [c].[LogoName], [c].[Name], [c].[SignFileExtension], [c].[SignFilePath], [c].[SignFileSizeInBytes], [c].[SignName]
FROM [CompanyInfos] AS [c]
2025-08-13 14:56:04.871 +05:30 [INF] Executing OkObjectResult, writing value of type 'AuthNet.Models.DTO.CompanyInfoResponseDto'.
2025-08-13 14:56:04.871 +05:30 [INF] Executed action AuthNet.Controllers.SettingsController.GetCompanyInfo (AuthNet) in 27.5104ms
2025-08-13 14:56:04.871 +05:30 [INF] Executed endpoint 'AuthNet.Controllers.SettingsController.GetCompanyInfo (AuthNet)'
2025-08-13 14:56:04.871 +05:30 [INF] Request finished HTTP/1.1 GET https://localhost:7165/api/Settings/Get - 200 null application/json; charset=utf-8 28.3301ms
2025-08-13 14:56:21.356 +05:30 [INF] Request starting HTTP/1.1 GET https://localhost:7165/api/Settings/Get - null null
2025-08-13 14:56:21.356 +05:30 [INF] Executing endpoint 'AuthNet.Controllers.SettingsController.GetCompanyInfo (AuthNet)'
2025-08-13 14:56:21.356 +05:30 [INF] Route matched with {action = "GetCompanyInfo", controller = "Settings"}. Executing controller action with signature System.Threading.Tasks.Task`1[Microsoft.AspNetCore.Mvc.IActionResult] GetCompanyInfo() on controller AuthNet.Controllers.SettingsController (AuthNet).
2025-08-13 14:56:21.366 +05:30 [INF] Executed DbCommand (8ms) [Parameters=[], CommandType='"Text"', CommandTimeout='30']
SELECT TOP(1) [c].[Id], [c].[Address], [c].[AlternateContactNumber], [c].[ContactNumber], [c].[Email], [c].[GSTIN], [c].[IsGSTINActive], [c].[LogoFileExtension], [c].[LogoFilePath], [c].[LogoFileSizeInBytes], [c].[LogoName], [c].[Name], [c].[SignFileExtension], [c].[SignFilePath], [c].[SignFileSizeInBytes], [c].[SignName]
FROM [CompanyInfos] AS [c]
2025-08-13 14:56:21.367 +05:30 [INF] Executing OkObjectResult, writing value of type 'AuthNet.Models.DTO.CompanyInfoResponseDto'.
2025-08-13 14:56:21.367 +05:30 [INF] Executed action AuthNet.Controllers.SettingsController.GetCompanyInfo (AuthNet) in 10.3637ms
2025-08-13 14:56:21.367 +05:30 [INF] Executed endpoint 'AuthNet.Controllers.SettingsController.GetCompanyInfo (AuthNet)'
2025-08-13 14:56:21.367 +05:30 [INF] Request finished HTTP/1.1 GET https://localhost:7165/api/Settings/Get - 200 null application/json; charset=utf-8 11.3153ms
2025-08-13 14:56:25.892 +05:30 [INF] Request starting HTTP/1.1 PUT https://localhost:7165/api/Settings/Update - multipart/form-data; boundary="e65d1da2-0ef6-478e-9593-2e1cefbf7854" 1182
2025-08-13 14:56:25.892 +05:30 [INF] Executing endpoint 'AuthNet.Controllers.SettingsController.Update (AuthNet)'
2025-08-13 14:56:25.892 +05:30 [INF] Route matched with {action = "Update", controller = "Settings"}. Executing controller action with signature System.Threading.Tasks.Task`1[Microsoft.AspNetCore.Mvc.IActionResult] Update(AuthNet.Models.DTO.CompanyInfoDto) on controller AuthNet.Controllers.SettingsController (AuthNet).
2025-08-13 14:56:25.905 +05:30 [INF] Executed DbCommand (4ms) [Parameters=[], CommandType='"Text"', CommandTimeout='30']
SELECT TOP(1) [c].[Id], [c].[Address], [c].[AlternateContactNumber], [c].[ContactNumber], [c].[Email], [c].[GSTIN], [c].[IsGSTINActive], [c].[LogoFileExtension], [c].[LogoFilePath], [c].[LogoFileSizeInBytes], [c].[LogoName], [c].[Name], [c].[SignFileExtension], [c].[SignFilePath], [c].[SignFileSizeInBytes], [c].[SignName]
FROM [CompanyInfos] AS [c]
2025-08-13 14:56:25.917 +05:30 [INF] Executed DbCommand (9ms) [Parameters=[@p0='?' (Size = 4000), @p1='?' (Size = 4000), @p2='?' (DbType = DateTime2), @p3='?' (Size = 4000), @p4='?' (Size = 4000), @p5='?' (Size = 4000), @p6='?' (Size = 4000), @p8='?' (DbType = Int32), @p7='?' (DbType = Boolean)], CommandType='"Text"', CommandTimeout='30']
SET NOCOUNT ON;
INSERT INTO [CompanyInfoHistories] ([Address], [AlternateContactNumber], [ArchivedAt], [ContactNumber], [Email], [GSTIN], [Name])
OUTPUT INSERTED.[Id]
VALUES (@p0, @p1, @p2, @p3, @p4, @p5, @p6);
UPDATE [CompanyInfos] SET [IsGSTINActive] = @p7
OUTPUT 1
WHERE [Id] = @p8;
2025-08-13 14:56:25.923 +05:30 [INF] Executing OkObjectResult, writing value of type 'AuthNet.Models.DTO.OperationResponse'.
2025-08-13 14:56:25.924 +05:30 [INF] Executed action AuthNet.Controllers.SettingsController.Update (AuthNet) in 31.1391ms
2025-08-13 14:56:25.924 +05:30 [INF] Executed endpoint 'AuthNet.Controllers.SettingsController.Update (AuthNet)'
2025-08-13 14:56:25.924 +05:30 [INF] Request finished HTTP/1.1 PUT https://localhost:7165/api/Settings/Update - 200 null application/json; charset=utf-8 32.345ms
2025-08-13 14:56:25.952 +05:30 [INF] Request starting HTTP/1.1 GET https://localhost:7165/api/Settings/Get - null null
2025-08-13 14:56:25.953 +05:30 [INF] Executing endpoint 'AuthNet.Controllers.SettingsController.GetCompanyInfo (AuthNet)'
2025-08-13 14:56:25.953 +05:30 [INF] Route matched with {action = "GetCompanyInfo", controller = "Settings"}. Executing controller action with signature System.Threading.Tasks.Task`1[Microsoft.AspNetCore.Mvc.IActionResult] GetCompanyInfo() on controller AuthNet.Controllers.SettingsController (AuthNet).
2025-08-13 14:56:25.956 +05:30 [INF] Executed DbCommand (1ms) [Parameters=[], CommandType='"Text"', CommandTimeout='30']
SELECT TOP(1) [c].[Id], [c].[Address], [c].[AlternateContactNumber], [c].[ContactNumber], [c].[Email], [c].[GSTIN], [c].[IsGSTINActive], [c].[LogoFileExtension], [c].[LogoFilePath], [c].[LogoFileSizeInBytes], [c].[LogoName], [c].[Name], [c].[SignFileExtension], [c].[SignFilePath], [c].[SignFileSizeInBytes], [c].[SignName]
FROM [CompanyInfos] AS [c]
2025-08-13 14:56:25.957 +05:30 [INF] Executing OkObjectResult, writing value of type 'AuthNet.Models.DTO.CompanyInfoResponseDto'.
2025-08-13 14:56:25.958 +05:30 [INF] Executed action AuthNet.Controllers.SettingsController.GetCompanyInfo (AuthNet) in 4.5783ms
2025-08-13 14:56:25.958 +05:30 [INF] Executed endpoint 'AuthNet.Controllers.SettingsController.GetCompanyInfo (AuthNet)'
2025-08-13 14:56:25.958 +05:30 [INF] Request finished HTTP/1.1 GET https://localhost:7165/api/Settings/Get - 200 null application/json; charset=utf-8 5.7311ms
2025-08-13 14:57:04.910 +05:30 [INF] Request starting HTTP/1.1 GET https://localhost:7165/api/Settings/Get - null null
2025-08-13 14:57:04.911 +05:30 [INF] Executing endpoint 'AuthNet.Controllers.SettingsController.GetCompanyInfo (AuthNet)'
2025-08-13 14:57:04.916 +05:30 [INF] Route matched with {action = "GetCompanyInfo", controller = "Settings"}. Executing controller action with signature System.Threading.Tasks.Task`1[Microsoft.AspNetCore.Mvc.IActionResult] GetCompanyInfo() on controller AuthNet.Controllers.SettingsController (AuthNet).
2025-08-13 14:57:04.923 +05:30 [INF] Executed DbCommand (5ms) [Parameters=[], CommandType='"Text"', CommandTimeout='30']
SELECT TOP(1) [c].[Id], [c].[Address], [c].[AlternateContactNumber], [c].[ContactNumber], [c].[Email], [c].[GSTIN], [c].[IsGSTINActive], [c].[LogoFileExtension], [c].[LogoFilePath], [c].[LogoFileSizeInBytes], [c].[LogoName], [c].[Name], [c].[SignFileExtension], [c].[SignFilePath], [c].[SignFileSizeInBytes], [c].[SignName]
FROM [CompanyInfos] AS [c]
2025-08-13 14:57:04.924 +05:30 [INF] Executing OkObjectResult, writing value of type 'AuthNet.Models.DTO.CompanyInfoResponseDto'.
2025-08-13 14:57:04.929 +05:30 [INF] Executed action AuthNet.Controllers.SettingsController.GetCompanyInfo (AuthNet) in 12.9604ms
2025-08-13 14:57:04.929 +05:30 [INF] Executed endpoint 'AuthNet.Controllers.SettingsController.GetCompanyInfo (AuthNet)'
2025-08-13 14:57:04.930 +05:30 [INF] Request finished HTTP/1.1 GET https://localhost:7165/api/Settings/Get - 200 null application/json; charset=utf-8 19.8304ms
2025-08-13 14:57:07.017 +05:30 [INF] Request starting HTTP/2 GET https://localhost:7165/swagger/index.html - null null
2025-08-13 14:57:07.114 +05:30 [INF] Request finished HTTP/2 GET https://localhost:7165/swagger/index.html - 200 null text/html;charset=utf-8 96.9727ms
2025-08-13 14:57:07.662 +05:30 [INF] Request starting HTTP/2 GET https://localhost:7165/_vs/browserLink - null null
2025-08-13 14:57:07.679 +05:30 [INF] Request starting HTTP/2 GET https://localhost:7165/_framework/aspnetcore-browser-refresh.js - null null
2025-08-13 14:57:07.687 +05:30 [INF] Request finished HTTP/2 GET https://localhost:7165/_framework/aspnetcore-browser-refresh.js - 200 16499 application/javascript; charset=utf-8 7.4891ms
2025-08-13 14:57:07.706 +05:30 [INF] Request finished HTTP/2 GET https://localhost:7165/_vs/browserLink - 200 null text/javascript; charset=UTF-8 44.8622ms
2025-08-13 14:57:08.940 +05:30 [INF] Request starting HTTP/2 GET https://localhost:7165/swagger/v1/swagger.json - null null
2025-08-13 14:57:09.048 +05:30 [INF] Request finished HTTP/2 GET https://localhost:7165/swagger/v1/swagger.json - 200 null application/json;charset=utf-8 108.6328ms
2025-08-13 14:57:11.400 +05:30 [INF] Request starting HTTP/1.1 GET https://localhost:7165/api/Settings/Get - null null
2025-08-13 14:57:11.406 +05:30 [INF] Executing endpoint 'AuthNet.Controllers.SettingsController.GetCompanyInfo (AuthNet)'
2025-08-13 14:57:11.406 +05:30 [INF] Route matched with {action = "GetCompanyInfo", controller = "Settings"}. Executing controller action with signature System.Threading.Tasks.Task`1[Microsoft.AspNetCore.Mvc.IActionResult] GetCompanyInfo() on controller AuthNet.Controllers.SettingsController (AuthNet).
2025-08-13 14:57:11.413 +05:30 [INF] Executed DbCommand (6ms) [Parameters=[], CommandType='"Text"', CommandTimeout='30']
SELECT TOP(1) [c].[Id], [c].[Address], [c].[AlternateContactNumber], [c].[ContactNumber], [c].[Email], [c].[GSTIN], [c].[IsGSTINActive], [c].[LogoFileExtension], [c].[LogoFilePath], [c].[LogoFileSizeInBytes], [c].[LogoName], [c].[Name], [c].[SignFileExtension], [c].[SignFilePath], [c].[SignFileSizeInBytes], [c].[SignName]
FROM [CompanyInfos] AS [c]
2025-08-13 14:57:11.414 +05:30 [INF] Executing OkObjectResult, writing value of type 'AuthNet.Models.DTO.CompanyInfoResponseDto'.
2025-08-13 14:57:11.414 +05:30 [INF] Executed action AuthNet.Controllers.SettingsController.GetCompanyInfo (AuthNet) in 8.1588ms
2025-08-13 14:57:11.414 +05:30 [INF] Executed endpoint 'AuthNet.Controllers.SettingsController.GetCompanyInfo (AuthNet)'
2025-08-13 14:57:11.414 +05:30 [INF] Request finished HTTP/1.1 GET https://localhost:7165/api/Settings/Get - 200 null application/json; charset=utf-8 13.7845ms
2025-08-13 14:57:16.337 +05:30 [INF] Request starting HTTP/1.1 PUT https://localhost:7165/api/Settings/Update - multipart/form-data; boundary="b57e0b00-5b9a-4a8b-a3d4-b79ac97612a1" 1183
2025-08-13 14:57:16.337 +05:30 [INF] Executing endpoint 'AuthNet.Controllers.SettingsController.Update (AuthNet)'
2025-08-13 14:57:16.347 +05:30 [INF] Route matched with {action = "Update", controller = "Settings"}. Executing controller action with signature System.Threading.Tasks.Task`1[Microsoft.AspNetCore.Mvc.IActionResult] Update(AuthNet.Models.DTO.CompanyInfoDto) on controller AuthNet.Controllers.SettingsController (AuthNet).
2025-08-13 14:57:16.355 +05:30 [INF] Executed DbCommand (4ms) [Parameters=[], CommandType='"Text"', CommandTimeout='30']
SELECT TOP(1) [c].[Id], [c].[Address], [c].[AlternateContactNumber], [c].[ContactNumber], [c].[Email], [c].[GSTIN], [c].[IsGSTINActive], [c].[LogoFileExtension], [c].[LogoFilePath], [c].[LogoFileSizeInBytes], [c].[LogoName], [c].[Name], [c].[SignFileExtension], [c].[SignFilePath], [c].[SignFileSizeInBytes], [c].[SignName]
FROM [CompanyInfos] AS [c]
2025-08-13 14:57:16.367 +05:30 [INF] Executed DbCommand (10ms) [Parameters=[@p0='?' (Size = 4000), @p1='?' (Size = 4000), @p2='?' (DbType = DateTime2), @p3='?' (Size = 4000), @p4='?' (Size = 4000), @p5='?' (Size = 4000), @p6='?' (Size = 4000), @p8='?' (DbType = Int32), @p7='?' (DbType = Boolean)], CommandType='"Text"', CommandTimeout='30']
SET NOCOUNT ON;
INSERT INTO [CompanyInfoHistories] ([Address], [AlternateContactNumber], [ArchivedAt], [ContactNumber], [Email], [GSTIN], [Name])
OUTPUT INSERTED.[Id]
VALUES (@p0, @p1, @p2, @p3, @p4, @p5, @p6);
UPDATE [CompanyInfos] SET [IsGSTINActive] = @p7
OUTPUT 1
WHERE [Id] = @p8;
2025-08-13 14:57:16.368 +05:30 [INF] Executing OkObjectResult, writing value of type 'AuthNet.Models.DTO.OperationResponse'.
2025-08-13 14:57:16.369 +05:30 [INF] Executed action AuthNet.Controllers.SettingsController.Update (AuthNet) in 21.7466ms
2025-08-13 14:57:16.369 +05:30 [INF] Executed endpoint 'AuthNet.Controllers.SettingsController.Update (AuthNet)'
2025-08-13 14:57:16.369 +05:30 [INF] Request finished HTTP/1.1 PUT https://localhost:7165/api/Settings/Update - 200 null application/json; charset=utf-8 32.4449ms
2025-08-13 14:57:16.397 +05:30 [INF] Request starting HTTP/1.1 GET https://localhost:7165/api/Settings/Get - null null
2025-08-13 14:57:16.397 +05:30 [INF] Executing endpoint 'AuthNet.Controllers.SettingsController.GetCompanyInfo (AuthNet)'
2025-08-13 14:57:16.397 +05:30 [INF] Route matched with {action = "GetCompanyInfo", controller = "Settings"}. Executing controller action with signature System.Threading.Tasks.Task`1[Microsoft.AspNetCore.Mvc.IActionResult] GetCompanyInfo() on controller AuthNet.Controllers.SettingsController (AuthNet).
2025-08-13 14:57:16.400 +05:30 [INF] Executed DbCommand (1ms) [Parameters=[], CommandType='"Text"', CommandTimeout='30']
SELECT TOP(1) [c].[Id], [c].[Address], [c].[AlternateContactNumber], [c].[ContactNumber], [c].[Email], [c].[GSTIN], [c].[IsGSTINActive], [c].[LogoFileExtension], [c].[LogoFilePath], [c].[LogoFileSizeInBytes], [c].[LogoName], [c].[Name], [c].[SignFileExtension], [c].[SignFilePath], [c].[SignFileSizeInBytes], [c].[SignName]
FROM [CompanyInfos] AS [c]
2025-08-13 14:57:16.402 +05:30 [INF] Executing OkObjectResult, writing value of type 'AuthNet.Models.DTO.CompanyInfoResponseDto'.
2025-08-13 14:57:16.402 +05:30 [INF] Executed action AuthNet.Controllers.SettingsController.GetCompanyInfo (AuthNet) in 4.4945ms
2025-08-13 14:57:16.402 +05:30 [INF] Executed endpoint 'AuthNet.Controllers.SettingsController.GetCompanyInfo (AuthNet)'
2025-08-13 14:57:16.402 +05:30 [INF] Request finished HTTP/1.1 GET https://localhost:7165/api/Settings/Get - 200 null application/json; charset=utf-8 5.481ms
2025-08-13 14:57:20.409 +05:30 [INF] Request starting HTTP/1.1 GET https://localhost:7165/api/Settings/Get - null null
2025-08-13 14:57:20.412 +05:30 [INF] Executing endpoint 'AuthNet.Controllers.SettingsController.GetCompanyInfo (AuthNet)'
2025-08-13 14:57:20.412 +05:30 [INF] Route matched with {action = "GetCompanyInfo", controller = "Settings"}. Executing controller action with signature System.Threading.Tasks.Task`1[Microsoft.AspNetCore.Mvc.IActionResult] GetCompanyInfo() on controller AuthNet.Controllers.SettingsController (AuthNet).
2025-08-13 14:57:20.485 +05:30 [INF] Executed DbCommand (71ms) [Parameters=[], CommandType='"Text"', CommandTimeout='30']
SELECT TOP(1) [c].[Id], [c].[Address], [c].[AlternateContactNumber], [c].[ContactNumber], [c].[Email], [c].[GSTIN], [c].[IsGSTINActive], [c].[LogoFileExtension], [c].[LogoFilePath], [c].[LogoFileSizeInBytes], [c].[LogoName], [c].[Name], [c].[SignFileExtension], [c].[SignFilePath], [c].[SignFileSizeInBytes], [c].[SignName]
FROM [CompanyInfos] AS [c]
2025-08-13 14:57:20.485 +05:30 [INF] Executing OkObjectResult, writing value of type 'AuthNet.Models.DTO.CompanyInfoResponseDto'.
2025-08-13 14:57:20.485 +05:30 [INF] Executed action AuthNet.Controllers.SettingsController.GetCompanyInfo (AuthNet) in 72.7772ms
2025-08-13 14:57:20.485 +05:30 [INF] Executed endpoint 'AuthNet.Controllers.SettingsController.GetCompanyInfo (AuthNet)'
2025-08-13 14:57:20.486 +05:30 [INF] Request finished HTTP/1.1 GET https://localhost:7165/api/Settings/Get - 200 null application/json; charset=utf-8 76.7198ms
2025-08-13 14:57:25.336 +05:30 [INF] Request starting HTTP/1.1 PUT https://localhost:7165/api/Settings/Update - multipart/form-data; boundary="22425070-46d0-4ffd-81da-8390d638d65a" 1182
2025-08-13 14:57:25.336 +05:30 [INF] Executing endpoint 'AuthNet.Controllers.SettingsController.Update (AuthNet)'
2025-08-13 14:57:25.336 +05:30 [INF] Route matched with {action = "Update", controller = "Settings"}. Executing controller action with signature System.Threading.Tasks.Task`1[Microsoft.AspNetCore.Mvc.IActionResult] Update(AuthNet.Models.DTO.CompanyInfoDto) on controller AuthNet.Controllers.SettingsController (AuthNet).
2025-08-13 14:57:25.349 +05:30 [INF] Executed DbCommand (9ms) [Parameters=[], CommandType='"Text"', CommandTimeout='30']
SELECT TOP(1) [c].[Id], [c].[Address], [c].[AlternateContactNumber], [c].[ContactNumber], [c].[Email], [c].[GSTIN], [c].[IsGSTINActive], [c].[LogoFileExtension], [c].[LogoFilePath], [c].[LogoFileSizeInBytes], [c].[LogoName], [c].[Name], [c].[SignFileExtension], [c].[SignFilePath], [c].[SignFileSizeInBytes], [c].[SignName]
FROM [CompanyInfos] AS [c]
2025-08-13 14:57:25.356 +05:30 [INF] Executed DbCommand (5ms) [Parameters=[@p0='?' (Size = 4000), @p1='?' (Size = 4000), @p2='?' (DbType = DateTime2), @p3='?' (Size = 4000), @p4='?' (Size = 4000), @p5='?' (Size = 4000), @p6='?' (Size = 4000), @p8='?' (DbType = Int32), @p7='?' (DbType = Boolean)], CommandType='"Text"', CommandTimeout='30']
SET NOCOUNT ON;
INSERT INTO [CompanyInfoHistories] ([Address], [AlternateContactNumber], [ArchivedAt], [ContactNumber], [Email], [GSTIN], [Name])
OUTPUT INSERTED.[Id]
VALUES (@p0, @p1, @p2, @p3, @p4, @p5, @p6);
UPDATE [CompanyInfos] SET [IsGSTINActive] = @p7
OUTPUT 1
WHERE [Id] = @p8;
2025-08-13 14:57:25.358 +05:30 [INF] Executing OkObjectResult, writing value of type 'AuthNet.Models.DTO.OperationResponse'.
2025-08-13 14:57:25.358 +05:30 [INF] Executed action AuthNet.Controllers.SettingsController.Update (AuthNet) in 21.477ms
2025-08-13 14:57:25.358 +05:30 [INF] Executed endpoint 'AuthNet.Controllers.SettingsController.Update (AuthNet)'
2025-08-13 14:57:25.359 +05:30 [INF] Request finished HTTP/1.1 PUT https://localhost:7165/api/Settings/Update - 200 null application/json; charset=utf-8 22.9587ms
2025-08-13 14:57:25.391 +05:30 [INF] Request starting HTTP/1.1 GET https://localhost:7165/api/Settings/Get - null null
2025-08-13 14:57:25.391 +05:30 [INF] Executing endpoint 'AuthNet.Controllers.SettingsController.GetCompanyInfo (AuthNet)'
2025-08-13 14:57:25.391 +05:30 [INF] Route matched with {action = "GetCompanyInfo", controller = "Settings"}. Executing controller action with signature System.Threading.Tasks.Task`1[Microsoft.AspNetCore.Mvc.IActionResult] GetCompanyInfo() on controller AuthNet.Controllers.SettingsController (AuthNet).
2025-08-13 14:57:25.402 +05:30 [INF] Executed DbCommand (6ms) [Parameters=[], CommandType='"Text"', CommandTimeout='30']
SELECT TOP(1) [c].[Id], [c].[Address], [c].[AlternateContactNumber], [c].[ContactNumber], [c].[Email], [c].[GSTIN], [c].[IsGSTINActive], [c].[LogoFileExtension], [c].[LogoFilePath], [c].[LogoFileSizeInBytes], [c].[LogoName], [c].[Name], [c].[SignFileExtension], [c].[SignFilePath], [c].[SignFileSizeInBytes], [c].[SignName]
FROM [CompanyInfos] AS [c]
2025-08-13 14:57:25.403 +05:30 [INF] Executing OkObjectResult, writing value of type 'AuthNet.Models.DTO.CompanyInfoResponseDto'.
2025-08-13 14:57:25.403 +05:30 [INF] Executed action AuthNet.Controllers.SettingsController.GetCompanyInfo (AuthNet) in 11.9287ms
2025-08-13 14:57:25.403 +05:30 [INF] Executed endpoint 'AuthNet.Controllers.SettingsController.GetCompanyInfo (AuthNet)'
2025-08-13 14:57:25.404 +05:30 [INF] Request finished HTTP/1.1 GET https://localhost:7165/api/Settings/Get - 200 null application/json; charset=utf-8 13.2051ms
2025-08-13 14:57:39.764 +05:30 [INF] Request starting HTTP/1.1 GET https://localhost:7165/api/Settings/Get - null null
2025-08-13 14:57:39.765 +05:30 [INF] Executing endpoint 'AuthNet.Controllers.SettingsController.GetCompanyInfo (AuthNet)'
2025-08-13 14:57:39.765 +05:30 [INF] Route matched with {action = "GetCompanyInfo", controller = "Settings"}. Executing controller action with signature System.Threading.Tasks.Task`1[Microsoft.AspNetCore.Mvc.IActionResult] GetCompanyInfo() on controller AuthNet.Controllers.SettingsController (AuthNet).
2025-08-13 14:57:39.770 +05:30 [INF] Executed DbCommand (4ms) [Parameters=[], CommandType='"Text"', CommandTimeout='30']
SELECT TOP(1) [c].[Id], [c].[Address], [c].[AlternateContactNumber], [c].[ContactNumber], [c].[Email], [c].[GSTIN], [c].[IsGSTINActive], [c].[LogoFileExtension], [c].[LogoFilePath], [c].[LogoFileSizeInBytes], [c].[LogoName], [c].[Name], [c].[SignFileExtension], [c].[SignFilePath], [c].[SignFileSizeInBytes], [c].[SignName]
FROM [CompanyInfos] AS [c]
2025-08-13 14:57:39.771 +05:30 [INF] Executing OkObjectResult, writing value of type 'AuthNet.Models.DTO.CompanyInfoResponseDto'.
2025-08-13 14:57:39.771 +05:30 [INF] Executed action AuthNet.Controllers.SettingsController.GetCompanyInfo (AuthNet) in 6.1508ms
2025-08-13 14:57:39.771 +05:30 [INF] Executed endpoint 'AuthNet.Controllers.SettingsController.GetCompanyInfo (AuthNet)'
2025-08-13 14:57:39.772 +05:30 [INF] Request finished HTTP/1.1 GET https://localhost:7165/api/Settings/Get - 200 null application/json; charset=utf-8 7.6781ms
2025-08-13 14:57:44.596 +05:30 [INF] Request starting HTTP/1.1 GET https://localhost:7165/api/Settings/Get - null null
2025-08-13 14:57:44.597 +05:30 [INF] Executing endpoint 'AuthNet.Controllers.SettingsController.GetCompanyInfo (AuthNet)'
2025-08-13 14:57:44.597 +05:30 [INF] Route matched with {action = "GetCompanyInfo", controller = "Settings"}. Executing controller action with signature System.Threading.Tasks.Task`1[Microsoft.AspNetCore.Mvc.IActionResult] GetCompanyInfo() on controller AuthNet.Controllers.SettingsController (AuthNet).
2025-08-13 14:57:44.603 +05:30 [INF] Executed DbCommand (4ms) [Parameters=[], CommandType='"Text"', CommandTimeout='30']
SELECT TOP(1) [c].[Id], [c].[Address], [c].[AlternateContactNumber], [c].[ContactNumber], [c].[Email], [c].[GSTIN], [c].[IsGSTINActive], [c].[LogoFileExtension], [c].[LogoFilePath], [c].[LogoFileSizeInBytes], [c].[LogoName], [c].[Name], [c].[SignFileExtension], [c].[SignFilePath], [c].[SignFileSizeInBytes], [c].[SignName]
FROM [CompanyInfos] AS [c]
2025-08-13 14:57:44.603 +05:30 [INF] Executing OkObjectResult, writing value of type 'AuthNet.Models.DTO.CompanyInfoResponseDto'.
2025-08-13 14:57:44.603 +05:30 [INF] Executed action AuthNet.Controllers.SettingsController.GetCompanyInfo (AuthNet) in 6.3812ms
2025-08-13 14:57:44.603 +05:30 [INF] Executed endpoint 'AuthNet.Controllers.SettingsController.GetCompanyInfo (AuthNet)'
2025-08-13 14:57:44.603 +05:30 [INF] Request finished HTTP/1.1 GET https://localhost:7165/api/Settings/Get - 200 null application/json; charset=utf-8 7.4544ms
2025-08-13 14:59:18.348 +05:30 [INF] Request starting HTTP/2 GET https://localhost:7165/swagger/index.html - null null
2025-08-13 14:59:18.451 +05:30 [INF] Request finished HTTP/2 GET https://localhost:7165/swagger/index.html - 200 null text/html;charset=utf-8 102.817ms
2025-08-13 14:59:18.827 +05:30 [INF] Request starting HTTP/2 GET https://localhost:7165/_framework/aspnetcore-browser-refresh.js - null null
2025-08-13 14:59:18.835 +05:30 [INF] Request starting HTTP/2 GET https://localhost:7165/_vs/browserLink - null null
2025-08-13 14:59:18.874 +05:30 [INF] Request finished HTTP/2 GET https://localhost:7165/_framework/aspnetcore-browser-refresh.js - 200 16499 application/javascript; charset=utf-8 47.1212ms
2025-08-13 14:59:19.376 +05:30 [INF] Request finished HTTP/2 GET https://localhost:7165/_vs/browserLink - 200 null text/javascript; charset=UTF-8 540.4459ms
2025-08-13 14:59:22.585 +05:30 [INF] Request starting HTTP/2 GET https://localhost:7165/swagger/v1/swagger.json - null null
2025-08-13 14:59:22.676 +05:30 [INF] Request finished HTTP/2 GET https://localhost:7165/swagger/v1/swagger.json - 200 null application/json;charset=utf-8 91.1306ms
2025-08-13 15:00:08.130 +05:30 [INF] Request starting HTTP/2 GET https://localhost:7165/swagger/index.html - null null
2025-08-13 15:00:08.148 +05:30 [INF] Request finished HTTP/2 GET https://localhost:7165/swagger/index.html - 200 null text/html;charset=utf-8 17.8542ms
2025-08-13 15:00:08.473 +05:30 [INF] Request starting HTTP/2 GET https://localhost:7165/_vs/browserLink - null null
2025-08-13 15:00:08.507 +05:30 [INF] Request finished HTTP/2 GET https://localhost:7165/_vs/browserLink - 200 null text/javascript; charset=UTF-8 33.8779ms
2025-08-13 15:00:08.627 +05:30 [INF] Request starting HTTP/2 GET https://localhost:7165/_framework/aspnetcore-browser-refresh.js - null null
2025-08-13 15:00:08.629 +05:30 [INF] Request finished HTTP/2 GET https://localhost:7165/_framework/aspnetcore-browser-refresh.js - 200 16499 application/javascript; charset=utf-8 2.0997ms
2025-08-13 15:00:11.279 +05:30 [INF] Request starting HTTP/2 GET https://localhost:7165/swagger/v1/swagger.json - null null
2025-08-13 15:00:11.525 +05:30 [INF] Request finished HTTP/2 GET https://localhost:7165/swagger/v1/swagger.json - 200 null application/json;charset=utf-8 246.3553ms
2025-08-13 15:01:34.062 +05:30 [INF] Request starting HTTP/1.1 POST https://localhost:7165/api/Settings/Save - multipart/form-data; boundary="156ed1c2-8881-4182-bbcd-f6058393f217" 87237
2025-08-13 15:01:34.063 +05:30 [INF] Executing endpoint 'AuthNet.Controllers.SettingsController.SaveCompanyInfo (AuthNet)'
2025-08-13 15:01:34.083 +05:30 [INF] Route matched with {action = "SaveCompanyInfo", controller = "Settings"}. Executing controller action with signature System.Threading.Tasks.Task`1[Microsoft.AspNetCore.Mvc.IActionResult] SaveCompanyInfo(AuthNet.Models.DTO.CompanyInfoDto) on controller AuthNet.Controllers.SettingsController (AuthNet).
2025-08-13 15:01:34.123 +05:30 [INF] Executed DbCommand (5ms) [Parameters=[], CommandType='"Text"', CommandTimeout='30']
SELECT CASE
    WHEN EXISTS (
        SELECT 1
        FROM [CompanyInfos] AS [c]) THEN CAST(1 AS bit)
    ELSE CAST(0 AS bit)
END
2025-08-13 15:01:34.173 +05:30 [INF] Executed DbCommand (21ms) [Parameters=[@p0='?' (Size = 4000), @p1='?' (Size = 4000), @p2='?' (Size = 4000), @p3='?' (Size = 4000), @p4='?' (Size = 4000), @p5='?' (DbType = Boolean), @p6='?' (Size = 4000), @p7='?' (Size = 4000), @p8='?' (DbType = Int64), @p9='?' (Size = 4000), @p10='?' (Size = 4000), @p11='?' (Size = 4000), @p12='?' (Size = 4000), @p13='?' (DbType = Int64), @p14='?' (Size = 4000)], CommandType='"Text"', CommandTimeout='30']
SET IMPLICIT_TRANSACTIONS OFF;
SET NOCOUNT ON;
INSERT INTO [CompanyInfos] ([Address], [AlternateContactNumber], [ContactNumber], [Email], [GSTIN], [IsGSTINActive], [LogoFileExtension], [LogoFilePath], [LogoFileSizeInBytes], [LogoName], [Name], [SignFileExtension], [SignFilePath], [SignFileSizeInBytes], [SignName])
OUTPUT INSERTED.[Id]
VALUES (@p0, @p1, @p2, @p3, @p4, @p5, @p6, @p7, @p8, @p9, @p10, @p11, @p12, @p13, @p14);
2025-08-13 15:01:34.175 +05:30 [INF] Executing OkObjectResult, writing value of type 'AuthNet.Models.DTO.OperationResponse'.
2025-08-13 15:01:34.176 +05:30 [INF] Executed action AuthNet.Controllers.SettingsController.SaveCompanyInfo (AuthNet) in 92.6199ms
2025-08-13 15:01:34.176 +05:30 [INF] Executed endpoint 'AuthNet.Controllers.SettingsController.SaveCompanyInfo (AuthNet)'
2025-08-13 15:01:34.177 +05:30 [INF] Request finished HTTP/1.1 POST https://localhost:7165/api/Settings/Save - 200 null application/json; charset=utf-8 115.3532ms
2025-08-13 15:01:34.245 +05:30 [INF] Request starting HTTP/1.1 GET https://localhost:7165/api/Settings/Get - null null
2025-08-13 15:01:34.252 +05:30 [INF] Executing endpoint 'AuthNet.Controllers.SettingsController.GetCompanyInfo (AuthNet)'
2025-08-13 15:01:34.258 +05:30 [INF] Route matched with {action = "GetCompanyInfo", controller = "Settings"}. Executing controller action with signature System.Threading.Tasks.Task`1[Microsoft.AspNetCore.Mvc.IActionResult] GetCompanyInfo() on controller AuthNet.Controllers.SettingsController (AuthNet).
2025-08-13 15:01:34.268 +05:30 [INF] Executed DbCommand (8ms) [Parameters=[], CommandType='"Text"', CommandTimeout='30']
SELECT TOP(1) [c].[Id], [c].[Address], [c].[AlternateContactNumber], [c].[ContactNumber], [c].[Email], [c].[GSTIN], [c].[IsGSTINActive], [c].[LogoFileExtension], [c].[LogoFilePath], [c].[LogoFileSizeInBytes], [c].[LogoName], [c].[Name], [c].[SignFileExtension], [c].[SignFilePath], [c].[SignFileSizeInBytes], [c].[SignName]
FROM [CompanyInfos] AS [c]
2025-08-13 15:01:34.268 +05:30 [INF] Executing OkObjectResult, writing value of type 'AuthNet.Models.DTO.CompanyInfoResponseDto'.
2025-08-13 15:01:34.270 +05:30 [INF] Executed action AuthNet.Controllers.SettingsController.GetCompanyInfo (AuthNet) in 12.2028ms
2025-08-13 15:01:34.270 +05:30 [INF] Executed endpoint 'AuthNet.Controllers.SettingsController.GetCompanyInfo (AuthNet)'
2025-08-13 15:01:34.270 +05:30 [INF] Request finished HTTP/1.1 GET https://localhost:7165/api/Settings/Get - 200 null application/json; charset=utf-8 25.2068ms
2025-08-13 15:01:40.446 +05:30 [INF] Request starting HTTP/1.1 GET https://localhost:7165/api/Settings/Get - null null
2025-08-13 15:01:40.446 +05:30 [INF] Executing endpoint 'AuthNet.Controllers.SettingsController.GetCompanyInfo (AuthNet)'
2025-08-13 15:01:40.449 +05:30 [INF] Route matched with {action = "GetCompanyInfo", controller = "Settings"}. Executing controller action with signature System.Threading.Tasks.Task`1[Microsoft.AspNetCore.Mvc.IActionResult] GetCompanyInfo() on controller AuthNet.Controllers.SettingsController (AuthNet).
2025-08-13 15:01:40.460 +05:30 [INF] Executed DbCommand (9ms) [Parameters=[], CommandType='"Text"', CommandTimeout='30']
SELECT TOP(1) [c].[Id], [c].[Address], [c].[AlternateContactNumber], [c].[ContactNumber], [c].[Email], [c].[GSTIN], [c].[IsGSTINActive], [c].[LogoFileExtension], [c].[LogoFilePath], [c].[LogoFileSizeInBytes], [c].[LogoName], [c].[Name], [c].[SignFileExtension], [c].[SignFilePath], [c].[SignFileSizeInBytes], [c].[SignName]
FROM [CompanyInfos] AS [c]
2025-08-13 15:01:40.461 +05:30 [INF] Executing OkObjectResult, writing value of type 'AuthNet.Models.DTO.CompanyInfoResponseDto'.
2025-08-13 15:01:40.461 +05:30 [INF] Executed action AuthNet.Controllers.SettingsController.GetCompanyInfo (AuthNet) in 11.7993ms
2025-08-13 15:01:40.461 +05:30 [INF] Executed endpoint 'AuthNet.Controllers.SettingsController.GetCompanyInfo (AuthNet)'
2025-08-13 15:01:40.461 +05:30 [INF] Request finished HTTP/1.1 GET https://localhost:7165/api/Settings/Get - 200 null application/json; charset=utf-8 15.0136ms
2025-08-13 15:01:44.922 +05:30 [INF] Request starting HTTP/1.1 PUT https://localhost:7165/api/Settings/Update - multipart/form-data; boundary="b4853161-c51f-4838-a89f-842280507533" 1158
2025-08-13 15:01:44.922 +05:30 [INF] Executing endpoint 'AuthNet.Controllers.SettingsController.Update (AuthNet)'
2025-08-13 15:01:44.928 +05:30 [INF] Route matched with {action = "Update", controller = "Settings"}. Executing controller action with signature System.Threading.Tasks.Task`1[Microsoft.AspNetCore.Mvc.IActionResult] Update(AuthNet.Models.DTO.CompanyInfoDto) on controller AuthNet.Controllers.SettingsController (AuthNet).
2025-08-13 15:01:44.938 +05:30 [INF] Executed DbCommand (4ms) [Parameters=[], CommandType='"Text"', CommandTimeout='30']
SELECT TOP(1) [c].[Id], [c].[Address], [c].[AlternateContactNumber], [c].[ContactNumber], [c].[Email], [c].[GSTIN], [c].[IsGSTINActive], [c].[LogoFileExtension], [c].[LogoFilePath], [c].[LogoFileSizeInBytes], [c].[LogoName], [c].[Name], [c].[SignFileExtension], [c].[SignFilePath], [c].[SignFileSizeInBytes], [c].[SignName]
FROM [CompanyInfos] AS [c]
2025-08-13 15:01:44.954 +05:30 [INF] Executed DbCommand (15ms) [Parameters=[@p0='?' (Size = 4000), @p1='?' (Size = 4000), @p2='?' (DbType = DateTime2), @p3='?' (Size = 4000), @p4='?' (Size = 4000), @p5='?' (Size = 4000), @p6='?' (Size = 4000), @p8='?' (DbType = Int32), @p7='?' (DbType = Boolean)], CommandType='"Text"', CommandTimeout='30']
SET NOCOUNT ON;
INSERT INTO [CompanyInfoHistories] ([Address], [AlternateContactNumber], [ArchivedAt], [ContactNumber], [Email], [GSTIN], [Name])
OUTPUT INSERTED.[Id]
VALUES (@p0, @p1, @p2, @p3, @p4, @p5, @p6);
UPDATE [CompanyInfos] SET [IsGSTINActive] = @p7
OUTPUT 1
WHERE [Id] = @p8;
2025-08-13 15:01:44.955 +05:30 [INF] Executing OkObjectResult, writing value of type 'AuthNet.Models.DTO.OperationResponse'.
2025-08-13 15:01:44.955 +05:30 [INF] Executed action AuthNet.Controllers.SettingsController.Update (AuthNet) in 27.21ms
2025-08-13 15:01:44.955 +05:30 [INF] Executed endpoint 'AuthNet.Controllers.SettingsController.Update (AuthNet)'
2025-08-13 15:01:44.955 +05:30 [INF] Request finished HTTP/1.1 PUT https://localhost:7165/api/Settings/Update - 200 null application/json; charset=utf-8 33.0467ms
2025-08-13 15:01:44.977 +05:30 [INF] Request starting HTTP/1.1 GET https://localhost:7165/api/Settings/Get - null null
2025-08-13 15:01:44.977 +05:30 [INF] Executing endpoint 'AuthNet.Controllers.SettingsController.GetCompanyInfo (AuthNet)'
2025-08-13 15:01:44.977 +05:30 [INF] Route matched with {action = "GetCompanyInfo", controller = "Settings"}. Executing controller action with signature System.Threading.Tasks.Task`1[Microsoft.AspNetCore.Mvc.IActionResult] GetCompanyInfo() on controller AuthNet.Controllers.SettingsController (AuthNet).
2025-08-13 15:01:44.986 +05:30 [INF] Executed DbCommand (6ms) [Parameters=[], CommandType='"Text"', CommandTimeout='30']
SELECT TOP(1) [c].[Id], [c].[Address], [c].[AlternateContactNumber], [c].[ContactNumber], [c].[Email], [c].[GSTIN], [c].[IsGSTINActive], [c].[LogoFileExtension], [c].[LogoFilePath], [c].[LogoFileSizeInBytes], [c].[LogoName], [c].[Name], [c].[SignFileExtension], [c].[SignFilePath], [c].[SignFileSizeInBytes], [c].[SignName]
FROM [CompanyInfos] AS [c]
2025-08-13 15:01:44.986 +05:30 [INF] Executing OkObjectResult, writing value of type 'AuthNet.Models.DTO.CompanyInfoResponseDto'.
2025-08-13 15:01:44.987 +05:30 [INF] Executed action AuthNet.Controllers.SettingsController.GetCompanyInfo (AuthNet) in 9.4027ms
2025-08-13 15:01:44.987 +05:30 [INF] Executed endpoint 'AuthNet.Controllers.SettingsController.GetCompanyInfo (AuthNet)'
2025-08-13 15:01:44.987 +05:30 [INF] Request finished HTTP/1.1 GET https://localhost:7165/api/Settings/Get - 200 null application/json; charset=utf-8 10.3579ms
2025-08-13 15:01:59.310 +05:30 [INF] Request starting HTTP/1.1 GET https://localhost:7165/api/Settings/Get - null null
2025-08-13 15:01:59.311 +05:30 [INF] Executing endpoint 'AuthNet.Controllers.SettingsController.GetCompanyInfo (AuthNet)'
2025-08-13 15:01:59.311 +05:30 [INF] Route matched with {action = "GetCompanyInfo", controller = "Settings"}. Executing controller action with signature System.Threading.Tasks.Task`1[Microsoft.AspNetCore.Mvc.IActionResult] GetCompanyInfo() on controller AuthNet.Controllers.SettingsController (AuthNet).
2025-08-13 15:01:59.321 +05:30 [INF] Executed DbCommand (6ms) [Parameters=[], CommandType='"Text"', CommandTimeout='30']
SELECT TOP(1) [c].[Id], [c].[Address], [c].[AlternateContactNumber], [c].[ContactNumber], [c].[Email], [c].[GSTIN], [c].[IsGSTINActive], [c].[LogoFileExtension], [c].[LogoFilePath], [c].[LogoFileSizeInBytes], [c].[LogoName], [c].[Name], [c].[SignFileExtension], [c].[SignFilePath], [c].[SignFileSizeInBytes], [c].[SignName]
FROM [CompanyInfos] AS [c]
2025-08-13 15:01:59.322 +05:30 [INF] Executing NotFoundObjectResult, writing value of type 'System.String'.
2025-08-13 15:01:59.323 +05:30 [INF] Executed action AuthNet.Controllers.SettingsController.GetCompanyInfo (AuthNet) in 11.8772ms
2025-08-13 15:01:59.323 +05:30 [INF] Executed endpoint 'AuthNet.Controllers.SettingsController.GetCompanyInfo (AuthNet)'
2025-08-13 15:01:59.323 +05:30 [INF] Request finished HTTP/1.1 GET https://localhost:7165/api/Settings/Get - 404 null text/plain; charset=utf-8 13.369ms
2025-08-13 15:02:42.501 +05:30 [INF] Request starting HTTP/1.1 POST https://localhost:7165/api/Settings/Save - multipart/form-data; boundary="b65f61c2-b3c3-4d2a-84b0-53144f3e73f4" 67975
2025-08-13 15:02:42.506 +05:30 [INF] Executing endpoint 'AuthNet.Controllers.SettingsController.SaveCompanyInfo (AuthNet)'
2025-08-13 15:02:42.506 +05:30 [INF] Route matched with {action = "SaveCompanyInfo", controller = "Settings"}. Executing controller action with signature System.Threading.Tasks.Task`1[Microsoft.AspNetCore.Mvc.IActionResult] SaveCompanyInfo(AuthNet.Models.DTO.CompanyInfoDto) on controller AuthNet.Controllers.SettingsController (AuthNet).
2025-08-13 15:02:42.522 +05:30 [INF] Executed DbCommand (9ms) [Parameters=[], CommandType='"Text"', CommandTimeout='30']
SELECT CASE
    WHEN EXISTS (
        SELECT 1
        FROM [CompanyInfos] AS [c]) THEN CAST(1 AS bit)
    ELSE CAST(0 AS bit)
END
2025-08-13 15:02:42.581 +05:30 [INF] Executed DbCommand (15ms) [Parameters=[@p0='?' (Size = 4000), @p1='?' (Size = 4000), @p2='?' (Size = 4000), @p3='?' (Size = 4000), @p4='?' (Size = 4000), @p5='?' (DbType = Boolean), @p6='?' (Size = 4000), @p7='?' (Size = 4000), @p8='?' (DbType = Int64), @p9='?' (Size = 4000), @p10='?' (Size = 4000), @p11='?' (Size = 4000), @p12='?' (Size = 4000), @p13='?' (DbType = Int64), @p14='?' (Size = 4000)], CommandType='"Text"', CommandTimeout='30']
SET IMPLICIT_TRANSACTIONS OFF;
SET NOCOUNT ON;
INSERT INTO [CompanyInfos] ([Address], [AlternateContactNumber], [ContactNumber], [Email], [GSTIN], [IsGSTINActive], [LogoFileExtension], [LogoFilePath], [LogoFileSizeInBytes], [LogoName], [Name], [SignFileExtension], [SignFilePath], [SignFileSizeInBytes], [SignName])
OUTPUT INSERTED.[Id]
VALUES (@p0, @p1, @p2, @p3, @p4, @p5, @p6, @p7, @p8, @p9, @p10, @p11, @p12, @p13, @p14);
2025-08-13 15:02:42.582 +05:30 [INF] Executing OkObjectResult, writing value of type 'AuthNet.Models.DTO.OperationResponse'.
2025-08-13 15:02:42.587 +05:30 [INF] Executed action AuthNet.Controllers.SettingsController.SaveCompanyInfo (AuthNet) in 81.1884ms
2025-08-13 15:02:42.587 +05:30 [INF] Executed endpoint 'AuthNet.Controllers.SettingsController.SaveCompanyInfo (AuthNet)'
2025-08-13 15:02:42.588 +05:30 [INF] Request finished HTTP/1.1 POST https://localhost:7165/api/Settings/Save - 200 null application/json; charset=utf-8 87.0351ms
2025-08-13 15:02:42.653 +05:30 [INF] Request starting HTTP/1.1 GET https://localhost:7165/api/Settings/Get - null null
2025-08-13 15:02:42.653 +05:30 [INF] Executing endpoint 'AuthNet.Controllers.SettingsController.GetCompanyInfo (AuthNet)'
2025-08-13 15:02:42.653 +05:30 [INF] Route matched with {action = "GetCompanyInfo", controller = "Settings"}. Executing controller action with signature System.Threading.Tasks.Task`1[Microsoft.AspNetCore.Mvc.IActionResult] GetCompanyInfo() on controller AuthNet.Controllers.SettingsController (AuthNet).
2025-08-13 15:02:42.658 +05:30 [INF] Executed DbCommand (3ms) [Parameters=[], CommandType='"Text"', CommandTimeout='30']
SELECT TOP(1) [c].[Id], [c].[Address], [c].[AlternateContactNumber], [c].[ContactNumber], [c].[Email], [c].[GSTIN], [c].[IsGSTINActive], [c].[LogoFileExtension], [c].[LogoFilePath], [c].[LogoFileSizeInBytes], [c].[LogoName], [c].[Name], [c].[SignFileExtension], [c].[SignFilePath], [c].[SignFileSizeInBytes], [c].[SignName]
FROM [CompanyInfos] AS [c]
2025-08-13 15:02:42.659 +05:30 [INF] Executing OkObjectResult, writing value of type 'AuthNet.Models.DTO.CompanyInfoResponseDto'.
2025-08-13 15:02:42.659 +05:30 [INF] Executed action AuthNet.Controllers.SettingsController.GetCompanyInfo (AuthNet) in 5.951ms
2025-08-13 15:02:42.659 +05:30 [INF] Executed endpoint 'AuthNet.Controllers.SettingsController.GetCompanyInfo (AuthNet)'
2025-08-13 15:02:42.659 +05:30 [INF] Request finished HTTP/1.1 GET https://localhost:7165/api/Settings/Get - 200 null application/json; charset=utf-8 6.7178ms
2025-08-13 15:02:50.074 +05:30 [INF] Request starting HTTP/1.1 GET https://localhost:7165/api/Settings/Get - null null
2025-08-13 15:02:50.074 +05:30 [INF] Executing endpoint 'AuthNet.Controllers.SettingsController.GetCompanyInfo (AuthNet)'
2025-08-13 15:02:50.075 +05:30 [INF] Route matched with {action = "GetCompanyInfo", controller = "Settings"}. Executing controller action with signature System.Threading.Tasks.Task`1[Microsoft.AspNetCore.Mvc.IActionResult] GetCompanyInfo() on controller AuthNet.Controllers.SettingsController (AuthNet).
2025-08-13 15:02:50.090 +05:30 [INF] Executed DbCommand (10ms) [Parameters=[], CommandType='"Text"', CommandTimeout='30']
SELECT TOP(1) [c].[Id], [c].[Address], [c].[AlternateContactNumber], [c].[ContactNumber], [c].[Email], [c].[GSTIN], [c].[IsGSTINActive], [c].[LogoFileExtension], [c].[LogoFilePath], [c].[LogoFileSizeInBytes], [c].[LogoName], [c].[Name], [c].[SignFileExtension], [c].[SignFilePath], [c].[SignFileSizeInBytes], [c].[SignName]
FROM [CompanyInfos] AS [c]
2025-08-13 15:02:50.090 +05:30 [INF] Executing OkObjectResult, writing value of type 'AuthNet.Models.DTO.CompanyInfoResponseDto'.
2025-08-13 15:02:50.091 +05:30 [INF] Executed action AuthNet.Controllers.SettingsController.GetCompanyInfo (AuthNet) in 15.9086ms
2025-08-13 15:02:50.091 +05:30 [INF] Executed endpoint 'AuthNet.Controllers.SettingsController.GetCompanyInfo (AuthNet)'
2025-08-13 15:02:50.091 +05:30 [INF] Request finished HTTP/1.1 GET https://localhost:7165/api/Settings/Get - 200 null application/json; charset=utf-8 16.7714ms
2025-08-13 15:02:53.980 +05:30 [INF] Request starting HTTP/1.1 PUT https://localhost:7165/api/Settings/Update - multipart/form-data; boundary="66d49bfe-9dbe-40a4-8f2e-7f3aca2f2a2a" 1152
2025-08-13 15:02:53.980 +05:30 [INF] Executing endpoint 'AuthNet.Controllers.SettingsController.Update (AuthNet)'
2025-08-13 15:02:53.980 +05:30 [INF] Route matched with {action = "Update", controller = "Settings"}. Executing controller action with signature System.Threading.Tasks.Task`1[Microsoft.AspNetCore.Mvc.IActionResult] Update(AuthNet.Models.DTO.CompanyInfoDto) on controller AuthNet.Controllers.SettingsController (AuthNet).
2025-08-13 15:02:53.988 +05:30 [INF] Executed DbCommand (5ms) [Parameters=[], CommandType='"Text"', CommandTimeout='30']
SELECT TOP(1) [c].[Id], [c].[Address], [c].[AlternateContactNumber], [c].[ContactNumber], [c].[Email], [c].[GSTIN], [c].[IsGSTINActive], [c].[LogoFileExtension], [c].[LogoFilePath], [c].[LogoFileSizeInBytes], [c].[LogoName], [c].[Name], [c].[SignFileExtension], [c].[SignFilePath], [c].[SignFileSizeInBytes], [c].[SignName]
FROM [CompanyInfos] AS [c]
2025-08-13 15:02:54.004 +05:30 [INF] Executed DbCommand (12ms) [Parameters=[@p0='?' (Size = 4000), @p1='?' (Size = 4000), @p2='?' (DbType = DateTime2), @p3='?' (Size = 4000), @p4='?' (Size = 4000), @p5='?' (Size = 4000), @p6='?' (Size = 4000), @p8='?' (DbType = Int32), @p7='?' (DbType = Boolean)], CommandType='"Text"', CommandTimeout='30']
SET NOCOUNT ON;
INSERT INTO [CompanyInfoHistories] ([Address], [AlternateContactNumber], [ArchivedAt], [ContactNumber], [Email], [GSTIN], [Name])
OUTPUT INSERTED.[Id]
VALUES (@p0, @p1, @p2, @p3, @p4, @p5, @p6);
UPDATE [CompanyInfos] SET [IsGSTINActive] = @p7
OUTPUT 1
WHERE [Id] = @p8;
2025-08-13 15:02:54.008 +05:30 [INF] Executing OkObjectResult, writing value of type 'AuthNet.Models.DTO.OperationResponse'.
2025-08-13 15:02:54.008 +05:30 [INF] Executed action AuthNet.Controllers.SettingsController.Update (AuthNet) in 27.8349ms
2025-08-13 15:02:54.008 +05:30 [INF] Executed endpoint 'AuthNet.Controllers.SettingsController.Update (AuthNet)'
2025-08-13 15:02:54.009 +05:30 [INF] Request finished HTTP/1.1 PUT https://localhost:7165/api/Settings/Update - 200 null application/json; charset=utf-8 28.8902ms
2025-08-13 15:02:54.042 +05:30 [INF] Request starting HTTP/1.1 GET https://localhost:7165/api/Settings/Get - null null
2025-08-13 15:02:54.042 +05:30 [INF] Executing endpoint 'AuthNet.Controllers.SettingsController.GetCompanyInfo (AuthNet)'
2025-08-13 15:02:54.042 +05:30 [INF] Route matched with {action = "GetCompanyInfo", controller = "Settings"}. Executing controller action with signature System.Threading.Tasks.Task`1[Microsoft.AspNetCore.Mvc.IActionResult] GetCompanyInfo() on controller AuthNet.Controllers.SettingsController (AuthNet).
2025-08-13 15:02:54.050 +05:30 [INF] Executed DbCommand (3ms) [Parameters=[], CommandType='"Text"', CommandTimeout='30']
SELECT TOP(1) [c].[Id], [c].[Address], [c].[AlternateContactNumber], [c].[ContactNumber], [c].[Email], [c].[GSTIN], [c].[IsGSTINActive], [c].[LogoFileExtension], [c].[LogoFilePath], [c].[LogoFileSizeInBytes], [c].[LogoName], [c].[Name], [c].[SignFileExtension], [c].[SignFilePath], [c].[SignFileSizeInBytes], [c].[SignName]
FROM [CompanyInfos] AS [c]
2025-08-13 15:02:54.051 +05:30 [INF] Executing OkObjectResult, writing value of type 'AuthNet.Models.DTO.CompanyInfoResponseDto'.
2025-08-13 15:02:54.051 +05:30 [INF] Executed action AuthNet.Controllers.SettingsController.GetCompanyInfo (AuthNet) in 9.0068ms
2025-08-13 15:02:54.051 +05:30 [INF] Executed endpoint 'AuthNet.Controllers.SettingsController.GetCompanyInfo (AuthNet)'
2025-08-13 15:02:54.052 +05:30 [INF] Request finished HTTP/1.1 GET https://localhost:7165/api/Settings/Get - 200 null application/json; charset=utf-8 10.0756ms
2025-08-13 15:03:04.321 +05:30 [INF] Request starting HTTP/1.1 GET https://localhost:7165/api/Settings/Get - null null
2025-08-13 15:03:04.321 +05:30 [INF] Executing endpoint 'AuthNet.Controllers.SettingsController.GetCompanyInfo (AuthNet)'
2025-08-13 15:03:04.321 +05:30 [INF] Route matched with {action = "GetCompanyInfo", controller = "Settings"}. Executing controller action with signature System.Threading.Tasks.Task`1[Microsoft.AspNetCore.Mvc.IActionResult] GetCompanyInfo() on controller AuthNet.Controllers.SettingsController (AuthNet).
2025-08-13 15:03:04.340 +05:30 [INF] Executed DbCommand (17ms) [Parameters=[], CommandType='"Text"', CommandTimeout='30']
SELECT TOP(1) [c].[Id], [c].[Address], [c].[AlternateContactNumber], [c].[ContactNumber], [c].[Email], [c].[GSTIN], [c].[IsGSTINActive], [c].[LogoFileExtension], [c].[LogoFilePath], [c].[LogoFileSizeInBytes], [c].[LogoName], [c].[Name], [c].[SignFileExtension], [c].[SignFilePath], [c].[SignFileSizeInBytes], [c].[SignName]
FROM [CompanyInfos] AS [c]
2025-08-13 15:03:04.340 +05:30 [INF] Executing OkObjectResult, writing value of type 'AuthNet.Models.DTO.CompanyInfoResponseDto'.
2025-08-13 15:03:04.340 +05:30 [INF] Executed action AuthNet.Controllers.SettingsController.GetCompanyInfo (AuthNet) in 18.6504ms
2025-08-13 15:03:04.340 +05:30 [INF] Executed endpoint 'AuthNet.Controllers.SettingsController.GetCompanyInfo (AuthNet)'
2025-08-13 15:03:04.340 +05:30 [INF] Request finished HTTP/1.1 GET https://localhost:7165/api/Settings/Get - 200 null application/json; charset=utf-8 19.8029ms
2025-08-13 15:03:32.174 +05:30 [INF] Request starting HTTP/1.1 PUT https://localhost:7165/api/Settings/Update - multipart/form-data; boundary="6e314f9f-43f6-44e9-8213-475f4a2381b2" 1175
2025-08-13 15:03:32.178 +05:30 [INF] Executing endpoint 'AuthNet.Controllers.SettingsController.Update (AuthNet)'
2025-08-13 15:03:32.178 +05:30 [INF] Route matched with {action = "Update", controller = "Settings"}. Executing controller action with signature System.Threading.Tasks.Task`1[Microsoft.AspNetCore.Mvc.IActionResult] Update(AuthNet.Models.DTO.CompanyInfoDto) on controller AuthNet.Controllers.SettingsController (AuthNet).
2025-08-13 15:03:32.189 +05:30 [INF] Executed DbCommand (5ms) [Parameters=[], CommandType='"Text"', CommandTimeout='30']
SELECT TOP(1) [c].[Id], [c].[Address], [c].[AlternateContactNumber], [c].[ContactNumber], [c].[Email], [c].[GSTIN], [c].[IsGSTINActive], [c].[LogoFileExtension], [c].[LogoFilePath], [c].[LogoFileSizeInBytes], [c].[LogoName], [c].[Name], [c].[SignFileExtension], [c].[SignFilePath], [c].[SignFileSizeInBytes], [c].[SignName]
FROM [CompanyInfos] AS [c]
2025-08-13 15:03:32.217 +05:30 [INF] Executed DbCommand (23ms) [Parameters=[@p0='?' (Size = 4000), @p1='?' (Size = 4000), @p2='?' (DbType = DateTime2), @p3='?' (Size = 4000), @p4='?' (Size = 4000), @p5='?' (Size = 4000), @p6='?' (Size = 4000), @p12='?' (DbType = Int32), @p7='?' (Size = 4000), @p8='?' (Size = 4000), @p9='?' (Size = 4000), @p10='?' (Size = 4000), @p11='?' (Size = 4000)], CommandType='"Text"', CommandTimeout='30']
SET NOCOUNT ON;
INSERT INTO [CompanyInfoHistories] ([Address], [AlternateContactNumber], [ArchivedAt], [ContactNumber], [Email], [GSTIN], [Name])
OUTPUT INSERTED.[Id]
VALUES (@p0, @p1, @p2, @p3, @p4, @p5, @p6);
UPDATE [CompanyInfos] SET [Address] = @p7, [AlternateContactNumber] = @p8, [ContactNumber] = @p9, [Email] = @p10, [GSTIN] = @p11
OUTPUT 1
WHERE [Id] = @p12;
2025-08-13 15:03:32.221 +05:30 [INF] Executing OkObjectResult, writing value of type 'AuthNet.Models.DTO.OperationResponse'.
2025-08-13 15:03:32.221 +05:30 [INF] Executed action AuthNet.Controllers.SettingsController.Update (AuthNet) in 42.7825ms
2025-08-13 15:03:32.221 +05:30 [INF] Executed endpoint 'AuthNet.Controllers.SettingsController.Update (AuthNet)'
2025-08-13 15:03:32.221 +05:30 [INF] Request finished HTTP/1.1 PUT https://localhost:7165/api/Settings/Update - 200 null application/json; charset=utf-8 47.1092ms
2025-08-13 15:03:32.262 +05:30 [INF] Request starting HTTP/1.1 GET https://localhost:7165/api/Settings/Get - null null
2025-08-13 15:03:32.262 +05:30 [INF] Executing endpoint 'AuthNet.Controllers.SettingsController.GetCompanyInfo (AuthNet)'
2025-08-13 15:03:32.262 +05:30 [INF] Route matched with {action = "GetCompanyInfo", controller = "Settings"}. Executing controller action with signature System.Threading.Tasks.Task`1[Microsoft.AspNetCore.Mvc.IActionResult] GetCompanyInfo() on controller AuthNet.Controllers.SettingsController (AuthNet).
2025-08-13 15:03:32.269 +05:30 [INF] Executed DbCommand (5ms) [Parameters=[], CommandType='"Text"', CommandTimeout='30']
SELECT TOP(1) [c].[Id], [c].[Address], [c].[AlternateContactNumber], [c].[ContactNumber], [c].[Email], [c].[GSTIN], [c].[IsGSTINActive], [c].[LogoFileExtension], [c].[LogoFilePath], [c].[LogoFileSizeInBytes], [c].[LogoName], [c].[Name], [c].[SignFileExtension], [c].[SignFilePath], [c].[SignFileSizeInBytes], [c].[SignName]
FROM [CompanyInfos] AS [c]
2025-08-13 15:03:32.278 +05:30 [INF] Executing OkObjectResult, writing value of type 'AuthNet.Models.DTO.CompanyInfoResponseDto'.
2025-08-13 15:03:32.278 +05:30 [INF] Executed action AuthNet.Controllers.SettingsController.GetCompanyInfo (AuthNet) in 15.699ms
2025-08-13 15:03:32.278 +05:30 [INF] Executed endpoint 'AuthNet.Controllers.SettingsController.GetCompanyInfo (AuthNet)'
2025-08-13 15:03:32.278 +05:30 [INF] Request finished HTTP/1.1 GET https://localhost:7165/api/Settings/Get - 200 null application/json; charset=utf-8 16.6168ms
2025-08-13 15:03:37.655 +05:30 [INF] Request starting HTTP/1.1 GET https://localhost:7165/api/Settings/Get - null null
2025-08-13 15:03:37.656 +05:30 [INF] Executing endpoint 'AuthNet.Controllers.SettingsController.GetCompanyInfo (AuthNet)'
2025-08-13 15:03:37.656 +05:30 [INF] Route matched with {action = "GetCompanyInfo", controller = "Settings"}. Executing controller action with signature System.Threading.Tasks.Task`1[Microsoft.AspNetCore.Mvc.IActionResult] GetCompanyInfo() on controller AuthNet.Controllers.SettingsController (AuthNet).
2025-08-13 15:03:37.695 +05:30 [INF] Executed DbCommand (38ms) [Parameters=[], CommandType='"Text"', CommandTimeout='30']
SELECT TOP(1) [c].[Id], [c].[Address], [c].[AlternateContactNumber], [c].[ContactNumber], [c].[Email], [c].[GSTIN], [c].[IsGSTINActive], [c].[LogoFileExtension], [c].[LogoFilePath], [c].[LogoFileSizeInBytes], [c].[LogoName], [c].[Name], [c].[SignFileExtension], [c].[SignFilePath], [c].[SignFileSizeInBytes], [c].[SignName]
FROM [CompanyInfos] AS [c]
2025-08-13 15:03:37.696 +05:30 [INF] Executing OkObjectResult, writing value of type 'AuthNet.Models.DTO.CompanyInfoResponseDto'.
2025-08-13 15:03:37.696 +05:30 [INF] Executed action AuthNet.Controllers.SettingsController.GetCompanyInfo (AuthNet) in 40.0034ms
2025-08-13 15:03:37.696 +05:30 [INF] Executed endpoint 'AuthNet.Controllers.SettingsController.GetCompanyInfo (AuthNet)'
2025-08-13 15:03:37.696 +05:30 [INF] Request finished HTTP/1.1 GET https://localhost:7165/api/Settings/Get - 200 null application/json; charset=utf-8 40.7734ms
2025-08-13 15:03:50.781 +05:30 [INF] Request starting HTTP/1.1 PUT https://localhost:7165/api/Settings/Update - multipart/form-data; boundary="bd12142f-6e16-47de-9721-a522bdcacfa8" 1183
2025-08-13 15:03:50.781 +05:30 [INF] Executing endpoint 'AuthNet.Controllers.SettingsController.Update (AuthNet)'
2025-08-13 15:03:50.782 +05:30 [INF] Route matched with {action = "Update", controller = "Settings"}. Executing controller action with signature System.Threading.Tasks.Task`1[Microsoft.AspNetCore.Mvc.IActionResult] Update(AuthNet.Models.DTO.CompanyInfoDto) on controller AuthNet.Controllers.SettingsController (AuthNet).
2025-08-13 15:03:50.814 +05:30 [INF] Executed DbCommand (28ms) [Parameters=[], CommandType='"Text"', CommandTimeout='30']
SELECT TOP(1) [c].[Id], [c].[Address], [c].[AlternateContactNumber], [c].[ContactNumber], [c].[Email], [c].[GSTIN], [c].[IsGSTINActive], [c].[LogoFileExtension], [c].[LogoFilePath], [c].[LogoFileSizeInBytes], [c].[LogoName], [c].[Name], [c].[SignFileExtension], [c].[SignFilePath], [c].[SignFileSizeInBytes], [c].[SignName]
FROM [CompanyInfos] AS [c]
2025-08-13 15:03:50.822 +05:30 [INF] Executed DbCommand (7ms) [Parameters=[@p0='?' (Size = 4000), @p1='?' (Size = 4000), @p2='?' (DbType = DateTime2), @p3='?' (Size = 4000), @p4='?' (Size = 4000), @p5='?' (Size = 4000), @p6='?' (Size = 4000), @p8='?' (DbType = Int32), @p7='?' (Size = 4000)], CommandType='"Text"', CommandTimeout='30']
SET NOCOUNT ON;
INSERT INTO [CompanyInfoHistories] ([Address], [AlternateContactNumber], [ArchivedAt], [ContactNumber], [Email], [GSTIN], [Name])
OUTPUT INSERTED.[Id]
VALUES (@p0, @p1, @p2, @p3, @p4, @p5, @p6);
UPDATE [CompanyInfos] SET [Name] = @p7
OUTPUT 1
WHERE [Id] = @p8;
2025-08-13 15:03:50.823 +05:30 [INF] Executing OkObjectResult, writing value of type 'AuthNet.Models.DTO.OperationResponse'.
2025-08-13 15:03:50.824 +05:30 [INF] Executed action AuthNet.Controllers.SettingsController.Update (AuthNet) in 42.1852ms
2025-08-13 15:03:50.824 +05:30 [INF] Executed endpoint 'AuthNet.Controllers.SettingsController.Update (AuthNet)'
2025-08-13 15:03:50.824 +05:30 [INF] Request finished HTTP/1.1 PUT https://localhost:7165/api/Settings/Update - 200 null application/json; charset=utf-8 43.1854ms
2025-08-13 15:03:50.863 +05:30 [INF] Request starting HTTP/1.1 GET https://localhost:7165/api/Settings/Get - null null
2025-08-13 15:03:50.863 +05:30 [INF] Executing endpoint 'AuthNet.Controllers.SettingsController.GetCompanyInfo (AuthNet)'
2025-08-13 15:03:50.864 +05:30 [INF] Route matched with {action = "GetCompanyInfo", controller = "Settings"}. Executing controller action with signature System.Threading.Tasks.Task`1[Microsoft.AspNetCore.Mvc.IActionResult] GetCompanyInfo() on controller AuthNet.Controllers.SettingsController (AuthNet).
2025-08-13 15:03:50.870 +05:30 [INF] Executed DbCommand (5ms) [Parameters=[], CommandType='"Text"', CommandTimeout='30']
SELECT TOP(1) [c].[Id], [c].[Address], [c].[AlternateContactNumber], [c].[ContactNumber], [c].[Email], [c].[GSTIN], [c].[IsGSTINActive], [c].[LogoFileExtension], [c].[LogoFilePath], [c].[LogoFileSizeInBytes], [c].[LogoName], [c].[Name], [c].[SignFileExtension], [c].[SignFilePath], [c].[SignFileSizeInBytes], [c].[SignName]
FROM [CompanyInfos] AS [c]
2025-08-13 15:03:50.870 +05:30 [INF] Executing OkObjectResult, writing value of type 'AuthNet.Models.DTO.CompanyInfoResponseDto'.
2025-08-13 15:03:50.870 +05:30 [INF] Executed action AuthNet.Controllers.SettingsController.GetCompanyInfo (AuthNet) in 6.8647ms
2025-08-13 15:03:50.871 +05:30 [INF] Executed endpoint 'AuthNet.Controllers.SettingsController.GetCompanyInfo (AuthNet)'
2025-08-13 15:03:50.871 +05:30 [INF] Request finished HTTP/1.1 GET https://localhost:7165/api/Settings/Get - 200 null application/json; charset=utf-8 7.9554ms
2025-08-13 15:03:58.430 +05:30 [INF] Request starting HTTP/1.1 GET https://localhost:7165/api/TaxSettings - null null
2025-08-13 15:03:58.431 +05:30 [INF] Executing endpoint 'AuthNet.Controllers.TaxSettingsController.GetAll (AuthNet)'
2025-08-13 15:03:58.436 +05:30 [INF] Route matched with {action = "GetAll", controller = "TaxSettings"}. Executing controller action with signature System.Threading.Tasks.Task`1[Microsoft.AspNetCore.Mvc.IActionResult] GetAll() on controller AuthNet.Controllers.TaxSettingsController (AuthNet).
2025-08-13 15:03:58.444 +05:30 [WRN] The query uses the 'First'/'FirstOrDefault' operator without 'OrderBy' and filter operators. This may lead to unpredictable results.
2025-08-13 15:03:58.460 +05:30 [INF] Executed DbCommand (11ms) [Parameters=[], CommandType='"Text"', CommandTimeout='30']
SELECT TOP(1) [t].[Id], [t].[CGST], [t].[IGST], [t].[SGST]
FROM [TaxSettings] AS [t]
2025-08-13 15:03:58.472 +05:30 [INF] Executing OkObjectResult, writing value of type 'AuthNet.Models.DTO.TaxSettingResponseDto'.
2025-08-13 15:03:58.478 +05:30 [INF] Executed action AuthNet.Controllers.TaxSettingsController.GetAll (AuthNet) in 41.2804ms
2025-08-13 15:03:58.478 +05:30 [INF] Executed endpoint 'AuthNet.Controllers.TaxSettingsController.GetAll (AuthNet)'
2025-08-13 15:03:58.478 +05:30 [INF] Request finished HTTP/1.1 GET https://localhost:7165/api/TaxSettings - 200 null application/json; charset=utf-8 48.104ms
2025-08-13 15:04:00.206 +05:30 [INF] Request starting HTTP/1.1 GET https://localhost:7165/api/Settings/Get - null null
2025-08-13 15:04:00.207 +05:30 [INF] Executing endpoint 'AuthNet.Controllers.SettingsController.GetCompanyInfo (AuthNet)'
2025-08-13 15:04:00.209 +05:30 [INF] Route matched with {action = "GetCompanyInfo", controller = "Settings"}. Executing controller action with signature System.Threading.Tasks.Task`1[Microsoft.AspNetCore.Mvc.IActionResult] GetCompanyInfo() on controller AuthNet.Controllers.SettingsController (AuthNet).
2025-08-13 15:04:00.216 +05:30 [INF] Executed DbCommand (5ms) [Parameters=[], CommandType='"Text"', CommandTimeout='30']
SELECT TOP(1) [c].[Id], [c].[Address], [c].[AlternateContactNumber], [c].[ContactNumber], [c].[Email], [c].[GSTIN], [c].[IsGSTINActive], [c].[LogoFileExtension], [c].[LogoFilePath], [c].[LogoFileSizeInBytes], [c].[LogoName], [c].[Name], [c].[SignFileExtension], [c].[SignFilePath], [c].[SignFileSizeInBytes], [c].[SignName]
FROM [CompanyInfos] AS [c]
2025-08-13 15:04:00.216 +05:30 [INF] Executing OkObjectResult, writing value of type 'AuthNet.Models.DTO.CompanyInfoResponseDto'.
2025-08-13 15:04:00.216 +05:30 [INF] Executed action AuthNet.Controllers.SettingsController.GetCompanyInfo (AuthNet) in 6.8968ms
2025-08-13 15:04:00.216 +05:30 [INF] Executed endpoint 'AuthNet.Controllers.SettingsController.GetCompanyInfo (AuthNet)'
2025-08-13 15:04:00.217 +05:30 [INF] Request finished HTTP/1.1 GET https://localhost:7165/api/Settings/Get - 200 null application/json; charset=utf-8 10.3752ms
2025-08-13 15:04:14.150 +05:30 [INF] Request starting HTTP/1.1 GET https://localhost:7165/api/Settings/Get - null null
2025-08-13 15:04:14.150 +05:30 [INF] Executing endpoint 'AuthNet.Controllers.SettingsController.GetCompanyInfo (AuthNet)'
2025-08-13 15:04:14.150 +05:30 [INF] Route matched with {action = "GetCompanyInfo", controller = "Settings"}. Executing controller action with signature System.Threading.Tasks.Task`1[Microsoft.AspNetCore.Mvc.IActionResult] GetCompanyInfo() on controller AuthNet.Controllers.SettingsController (AuthNet).
2025-08-13 15:04:14.162 +05:30 [INF] Executed DbCommand (11ms) [Parameters=[], CommandType='"Text"', CommandTimeout='30']
SELECT TOP(1) [c].[Id], [c].[Address], [c].[AlternateContactNumber], [c].[ContactNumber], [c].[Email], [c].[GSTIN], [c].[IsGSTINActive], [c].[LogoFileExtension], [c].[LogoFilePath], [c].[LogoFileSizeInBytes], [c].[LogoName], [c].[Name], [c].[SignFileExtension], [c].[SignFilePath], [c].[SignFileSizeInBytes], [c].[SignName]
FROM [CompanyInfos] AS [c]
2025-08-13 15:04:14.162 +05:30 [INF] Executing OkObjectResult, writing value of type 'AuthNet.Models.DTO.CompanyInfoResponseDto'.
2025-08-13 15:04:14.162 +05:30 [INF] Executed action AuthNet.Controllers.SettingsController.GetCompanyInfo (AuthNet) in 12.1925ms
2025-08-13 15:04:14.162 +05:30 [INF] Executed endpoint 'AuthNet.Controllers.SettingsController.GetCompanyInfo (AuthNet)'
2025-08-13 15:04:14.163 +05:30 [INF] Request finished HTTP/1.1 GET https://localhost:7165/api/Settings/Get - 200 null application/json; charset=utf-8 12.8824ms
2025-08-13 15:04:18.392 +05:30 [INF] Request starting HTTP/1.1 PUT https://localhost:7165/api/Settings/Update - multipart/form-data; boundary="642f473f-7a97-4d94-b186-2fe805dea666" 1182
2025-08-13 15:04:18.393 +05:30 [INF] Executing endpoint 'AuthNet.Controllers.SettingsController.Update (AuthNet)'
2025-08-13 15:04:18.393 +05:30 [INF] Route matched with {action = "Update", controller = "Settings"}. Executing controller action with signature System.Threading.Tasks.Task`1[Microsoft.AspNetCore.Mvc.IActionResult] Update(AuthNet.Models.DTO.CompanyInfoDto) on controller AuthNet.Controllers.SettingsController (AuthNet).
2025-08-13 15:04:18.413 +05:30 [INF] Executed DbCommand (18ms) [Parameters=[], CommandType='"Text"', CommandTimeout='30']
SELECT TOP(1) [c].[Id], [c].[Address], [c].[AlternateContactNumber], [c].[ContactNumber], [c].[Email], [c].[GSTIN], [c].[IsGSTINActive], [c].[LogoFileExtension], [c].[LogoFilePath], [c].[LogoFileSizeInBytes], [c].[LogoName], [c].[Name], [c].[SignFileExtension], [c].[SignFilePath], [c].[SignFileSizeInBytes], [c].[SignName]
FROM [CompanyInfos] AS [c]
2025-08-13 15:04:18.433 +05:30 [INF] Executed DbCommand (15ms) [Parameters=[@p0='?' (Size = 4000), @p1='?' (Size = 4000), @p2='?' (DbType = DateTime2), @p3='?' (Size = 4000), @p4='?' (Size = 4000), @p5='?' (Size = 4000), @p6='?' (Size = 4000), @p8='?' (DbType = Int32), @p7='?' (DbType = Boolean)], CommandType='"Text"', CommandTimeout='30']
SET NOCOUNT ON;
INSERT INTO [CompanyInfoHistories] ([Address], [AlternateContactNumber], [ArchivedAt], [ContactNumber], [Email], [GSTIN], [Name])
OUTPUT INSERTED.[Id]
VALUES (@p0, @p1, @p2, @p3, @p4, @p5, @p6);
UPDATE [CompanyInfos] SET [IsGSTINActive] = @p7
OUTPUT 1
WHERE [Id] = @p8;
2025-08-13 15:04:18.438 +05:30 [INF] Executing OkObjectResult, writing value of type 'AuthNet.Models.DTO.OperationResponse'.
2025-08-13 15:04:18.438 +05:30 [INF] Executed action AuthNet.Controllers.SettingsController.Update (AuthNet) in 44.7705ms
2025-08-13 15:04:18.438 +05:30 [INF] Executed endpoint 'AuthNet.Controllers.SettingsController.Update (AuthNet)'
2025-08-13 15:04:18.438 +05:30 [INF] Request finished HTTP/1.1 PUT https://localhost:7165/api/Settings/Update - 200 null application/json; charset=utf-8 46.6926ms
2025-08-13 15:04:18.512 +05:30 [INF] Request starting HTTP/1.1 GET https://localhost:7165/api/Settings/Get - null null
2025-08-13 15:04:18.512 +05:30 [INF] Executing endpoint 'AuthNet.Controllers.SettingsController.GetCompanyInfo (AuthNet)'
2025-08-13 15:04:18.512 +05:30 [INF] Route matched with {action = "GetCompanyInfo", controller = "Settings"}. Executing controller action with signature System.Threading.Tasks.Task`1[Microsoft.AspNetCore.Mvc.IActionResult] GetCompanyInfo() on controller AuthNet.Controllers.SettingsController (AuthNet).
2025-08-13 15:04:18.517 +05:30 [INF] Executed DbCommand (4ms) [Parameters=[], CommandType='"Text"', CommandTimeout='30']
SELECT TOP(1) [c].[Id], [c].[Address], [c].[AlternateContactNumber], [c].[ContactNumber], [c].[Email], [c].[GSTIN], [c].[IsGSTINActive], [c].[LogoFileExtension], [c].[LogoFilePath], [c].[LogoFileSizeInBytes], [c].[LogoName], [c].[Name], [c].[SignFileExtension], [c].[SignFilePath], [c].[SignFileSizeInBytes], [c].[SignName]
FROM [CompanyInfos] AS [c]
2025-08-13 15:04:18.544 +05:30 [INF] Executing OkObjectResult, writing value of type 'AuthNet.Models.DTO.CompanyInfoResponseDto'.
2025-08-13 15:04:18.544 +05:30 [INF] Executed action AuthNet.Controllers.SettingsController.GetCompanyInfo (AuthNet) in 32.1408ms
2025-08-13 15:04:18.545 +05:30 [INF] Executed endpoint 'AuthNet.Controllers.SettingsController.GetCompanyInfo (AuthNet)'
2025-08-13 15:04:18.545 +05:30 [INF] Request finished HTTP/1.1 GET https://localhost:7165/api/Settings/Get - 200 null application/json; charset=utf-8 32.869ms
